source_id,source_document,source_sha256_prefix,extraction_run,table_name,state_code,distt_code,tehsil_code,town_code,area_name,residence,religion,sex,value
census-india-2011,sources/census-2011/c-series/state-mdds/c01-21-odisha.xls,3cfc1100df768aa8,census-c01-extract-v1.1.0-20260528T003617Z,C0101,21,000,00000,000000,State - ODISHA,total,all,persons,41974218
census-india-2011,sources/census-2011/c-series/state-mdds/c01-21-odisha.xls,3cfc1100df768aa8,census-c01-extract-v1.1.0-20260528T003617Z,C0101,21,000,00000,000000,State - ODISHA,total,all,males,21212136
census-india-2011,sources/census-2011/c-series/state-mdds/c01-21-odisha.xls,3cfc1100df768aa8,census-c01-extract-v1.1.0-20260528T003617Z,C0101,21,000,00000,000000,State - ODISHA,total,all,females,20762082
census-india-2011,sources/census-2011/c-series/state-mdds/c01-21-odisha.xls,3cfc1100df768aa8,census-c01-extract-v1.1.0-20260528T003617Z,C0101,21,000,00000,000000,State - ODISHA,total,hindu,persons,39300341
census-india-2011,sources/census-2011/c-series/state-mdds/c01-21-odisha.xls,3cfc1100df768aa8,census-c01-extract-v1.1.0-20260528T003617Z,C0101,21,000,00000,000000,State - ODISHA,total,hindu,males,19877014
census-india-2011,sources/census-2011/c-series/state-mdds/c01-21-odisha.xls,3cfc1100df768aa8,census-c01-extract-v1.1.0-20260528T003617Z,C0101,21,000,00000,000000,State - ODISHA,total,hindu,females,19423327
census-india-2011,sources/census-2011/c-series/state-mdds/c01-21-odisha.xls,3cfc1100df768aa8,census-c01-extract-v1.1.0-20260528T003617Z,C0101,21,000,00000,000000,State - ODISHA,total,muslim,persons,911670
census-india-2011,sources/census-2011/c-series/state-mdds/c01-21-odisha.xls,3cfc1100df768aa8,census-c01-extract-v1.1.0-20260528T003617Z,C0101,21,000,00000,000000,State - ODISHA,total,muslim,males,465992
census-india-2011,sources/census-2011/c-series/state-mdds/c01-21-odisha.xls,3cfc1100df768aa8,census-c01-extract-v1.1.0-20260528T003617Z,C0101,21,000,00000,000000,State - ODISHA,total,muslim,females,445678
census-india-2011,sources/census-2011/c-series/state-mdds/c01-21-odisha.xls,3cfc1100df768aa8,census-c01-extract-v1.1.0-20260528T003617Z,C0101,21,000,00000,000000,State - ODISHA,total,christian,persons,1161708
census-india-2011,sources/census-2011/c-series/state-mdds/c01-21-odisha.xls,3cfc1100df768aa8,census-c01-extract-v1.1.0-20260528T003617Z,C0101,21,000,00000,000000,State - ODISHA,total,christian,males,570979
census-india-2011,sources/census-2011/c-series/state-mdds/c01-21-odisha.xls,3cfc1100df768aa8,census-c01-extract-v1.1.0-20260528T003617Z,C0101,21,000,00000,000000,State - ODISHA,total,christian,females,590729
census-india-2011,sources/census-2011/c-series/state-mdds/c01-21-odisha.xls,3cfc1100df768aa8,census-c01-extract-v1.1.0-20260528T003617Z,C0101,21,000,00000,000000,State - ODISHA,total,sikh,persons,21991
census-india-2011,sources/census-2011/c-series/state-mdds/c01-21-odisha.xls,3cfc1100df768aa8,census-c01-extract-v1.1.0-20260528T003617Z,C0101,21,000,00000,000000,State - ODISHA,total,sikh,males,11561
census-india-2011,sources/census-2011/c-series/state-mdds/c01-21-odisha.xls,3cfc1100df768aa8,census-c01-extract-v1.1.0-20260528T003617Z,C0101,21,000,00000,000000,State - ODISHA,total,sikh,females,10430
census-india-2011,sources/census-2011/c-series/state-mdds/c01-21-odisha.xls,3cfc1100df768aa8,census-c01-extract-v1.1.0-20260528T003617Z,C0101,21,000,00000,000000,State - ODISHA,total,buddhist,persons,13852
census-india-2011,sources/census-2011/c-series/state-mdds/c01-21-odisha.xls,3cfc1100df768aa8,census-c01-extract-v1.1.0-20260528T003617Z,C0101,21,000,00000,000000,State - ODISHA,total,buddhist,males,7216
census-india-2011,sources/census-2011/c-series/state-mdds/c01-21-odisha.xls,3cfc1100df768aa8,census-c01-extract-v1.1.0-20260528T003617Z,C0101,21,000,00000,000000,State - ODISHA,total,buddhist,females,6636
census-india-2011,sources/census-2011/c-series/state-mdds/c01-21-odisha.xls,3cfc1100df768aa8,census-c01-extract-v1.1.0-20260528T003617Z,C0101,21,000,00000,000000,State - ODISHA,total,jain,persons,9420
census-india-2011,sources/census-2011/c-series/state-mdds/c01-21-odisha.xls,3cfc1100df768aa8,census-c01-extract-v1.1.0-20260528T003617Z,C0101,21,000,00000,000000,State - ODISHA,total,jain,males,4885
census-india-2011,sources/census-2011/c-series/state-mdds/c01-21-odisha.xls,3cfc1100df768aa8,census-c01-extract-v1.1.0-20260528T003617Z,C0101,21,000,00000,000000,State - ODISHA,total,jain,females,4535
census-india-2011,sources/census-2011/c-series/state-mdds/c01-21-odisha.xls,3cfc1100df768aa8,census-c01-extract-v1.1.0-20260528T003617Z,C0101,21,000,00000,000000,State - ODISHA,total,other,persons,478317
census-india-2011,sources/census-2011/c-series/state-mdds/c01-21-odisha.xls,3cfc1100df768aa8,census-c01-extract-v1.1.0-20260528T003617Z,C0101,21,000,00000,000000,State - ODISHA,total,other,males,235607
census-india-2011,sources/census-2011/c-series/state-mdds/c01-21-odisha.xls,3cfc1100df768aa8,census-c01-extract-v1.1.0-20260528T003617Z,C0101,21,000,00000,000000,State - ODISHA,total,other,females,242710
census-india-2011,sources/census-2011/c-series/state-mdds/c01-21-odisha.xls,3cfc1100df768aa8,census-c01-extract-v1.1.0-20260528T003617Z,C0101,21,000,00000,000000,State - ODISHA,total,not_stated,persons,76919
census-india-2011,sources/census-2011/c-series/state-mdds/c01-21-odisha.xls,3cfc1100df768aa8,census-c01-extract-v1.1.0-20260528T003617Z,C0101,21,000,00000,000000,State - ODISHA,total,not_stated,males,38882
census-india-2011,sources/census-2011/c-series/state-mdds/c01-21-odisha.xls,3cfc1100df768aa8,census-c01-extract-v1.1.0-20260528T003617Z,C0101,21,000,00000,000000,State - ODISHA,total,not_stated,females,38037
census-india-2011,sources/census-2011/c-series/state-mdds/c01-21-odisha.xls,3cfc1100df768aa8,census-c01-extract-v1.1.0-20260528T003617Z,C0101,21,000,00000,000000,State - ODISHA,rural,all,persons,34970562
census-india-2011,sources/census-2011/c-series/state-mdds/c01-21-odisha.xls,3cfc1100df768aa8,census-c01-extract-v1.1.0-20260528T003617Z,C0101,21,000,00000,000000,State - ODISHA,rural,all,males,17586203
census-india-2011,sources/census-2011/c-series/state-mdds/c01-21-odisha.xls,3cfc1100df768aa8,census-c01-extract-v1.1.0-20260528T003617Z,C0101,21,000,00000,000000,State - ODISHA,rural,all,females,17384359
census-india-2011,sources/census-2011/c-series/state-mdds/c01-21-odisha.xls,3cfc1100df768aa8,census-c01-extract-v1.1.0-20260528T003617Z,C0101,21,000,00000,000000,State - ODISHA,rural,hindu,persons,32954796
census-india-2011,sources/census-2011/c-series/state-mdds/c01-21-odisha.xls,3cfc1100df768aa8,census-c01-extract-v1.1.0-20260528T003617Z,C0101,21,000,00000,000000,State - ODISHA,rural,hindu,males,16587340
census-india-2011,sources/census-2011/c-series/state-mdds/c01-21-odisha.xls,3cfc1100df768aa8,census-c01-extract-v1.1.0-20260528T003617Z,C0101,21,000,00000,000000,State - ODISHA,rural,hindu,females,16367456
census-india-2011,sources/census-2011/c-series/state-mdds/c01-21-odisha.xls,3cfc1100df768aa8,census-c01-extract-v1.1.0-20260528T003617Z,C0101,21,000,00000,000000,State - ODISHA,rural,muslim,persons,501056
census-india-2011,sources/census-2011/c-series/state-mdds/c01-21-odisha.xls,3cfc1100df768aa8,census-c01-extract-v1.1.0-20260528T003617Z,C0101,21,000,00000,000000,State - ODISHA,rural,muslim,males,252294
census-india-2011,sources/census-2011/c-series/state-mdds/c01-21-odisha.xls,3cfc1100df768aa8,census-c01-extract-v1.1.0-20260528T003617Z,C0101,21,000,00000,000000,State - ODISHA,rural,muslim,females,248762
census-india-2011,sources/census-2011/c-series/state-mdds/c01-21-odisha.xls,3cfc1100df768aa8,census-c01-extract-v1.1.0-20260528T003617Z,C0101,21,000,00000,000000,State - ODISHA,rural,christian,persons,975101
census-india-2011,sources/census-2011/c-series/state-mdds/c01-21-odisha.xls,3cfc1100df768aa8,census-c01-extract-v1.1.0-20260528T003617Z,C0101,21,000,00000,000000,State - ODISHA,rural,christian,males,479725
census-india-2011,sources/census-2011/c-series/state-mdds/c01-21-odisha.xls,3cfc1100df768aa8,census-c01-extract-v1.1.0-20260528T003617Z,C0101,21,000,00000,000000,State - ODISHA,rural,christian,females,495376
census-india-2011,sources/census-2011/c-series/state-mdds/c01-21-odisha.xls,3cfc1100df768aa8,census-c01-extract-v1.1.0-20260528T003617Z,C0101,21,000,00000,000000,State - ODISHA,rural,sikh,persons,5102
census-india-2011,sources/census-2011/c-series/state-mdds/c01-21-odisha.xls,3cfc1100df768aa8,census-c01-extract-v1.1.0-20260528T003617Z,C0101,21,000,00000,000000,State - ODISHA,rural,sikh,males,2671
census-india-2011,sources/census-2011/c-series/state-mdds/c01-21-odisha.xls,3cfc1100df768aa8,census-c01-extract-v1.1.0-20260528T003617Z,C0101,21,000,00000,000000,State - ODISHA,rural,sikh,females,2431
census-india-2011,sources/census-2011/c-series/state-mdds/c01-21-odisha.xls,3cfc1100df768aa8,census-c01-extract-v1.1.0-20260528T003617Z,C0101,21,000,00000,000000,State - ODISHA,rural,buddhist,persons,11726
census-india-2011,sources/census-2011/c-series/state-mdds/c01-21-odisha.xls,3cfc1100df768aa8,census-c01-extract-v1.1.0-20260528T003617Z,C0101,21,000,00000,000000,State - ODISHA,rural,buddhist,males,6119
census-india-2011,sources/census-2011/c-series/state-mdds/c01-21-odisha.xls,3cfc1100df768aa8,census-c01-extract-v1.1.0-20260528T003617Z,C0101,21,000,00000,000000,State - ODISHA,rural,buddhist,females,5607
census-india-2011,sources/census-2011/c-series/state-mdds/c01-21-odisha.xls,3cfc1100df768aa8,census-c01-extract-v1.1.0-20260528T003617Z,C0101,21,000,00000,000000,State - ODISHA,rural,jain,persons,3154
census-india-2011,sources/census-2011/c-series/state-mdds/c01-21-odisha.xls,3cfc1100df768aa8,census-c01-extract-v1.1.0-20260528T003617Z,C0101,21,000,00000,000000,State - ODISHA,rural,jain,males,1620
census-india-2011,sources/census-2011/c-series/state-mdds/c01-21-odisha.xls,3cfc1100df768aa8,census-c01-extract-v1.1.0-20260528T003617Z,C0101,21,000,00000,000000,State - ODISHA,rural,jain,females,1534
census-india-2011,sources/census-2011/c-series/state-mdds/c01-21-odisha.xls,3cfc1100df768aa8,census-c01-extract-v1.1.0-20260528T003617Z,C0101,21,000,00000,000000,State - ODISHA,rural,other,persons,461854
census-india-2011,sources/census-2011/c-series/state-mdds/c01-21-odisha.xls,3cfc1100df768aa8,census-c01-extract-v1.1.0-20260528T003617Z,C0101,21,000,00000,000000,State - ODISHA,rural,other,males,227641
census-india-2011,sources/census-2011/c-series/state-mdds/c01-21-odisha.xls,3cfc1100df768aa8,census-c01-extract-v1.1.0-20260528T003617Z,C0101,21,000,00000,000000,State - ODISHA,rural,other,females,234213
census-india-2011,sources/census-2011/c-series/state-mdds/c01-21-odisha.xls,3cfc1100df768aa8,census-c01-extract-v1.1.0-20260528T003617Z,C0101,21,000,00000,000000,State - ODISHA,rural,not_stated,persons,57773
census-india-2011,sources/census-2011/c-series/state-mdds/c01-21-odisha.xls,3cfc1100df768aa8,census-c01-extract-v1.1.0-20260528T003617Z,C0101,21,000,00000,000000,State - ODISHA,rural,not_stated,males,28793
census-india-2011,sources/census-2011/c-series/state-mdds/c01-21-odisha.xls,3cfc1100df768aa8,census-c01-extract-v1.1.0-20260528T003617Z,C0101,21,000,00000,000000,State - ODISHA,rural,not_stated,females,28980
census-india-2011,sources/census-2011/c-series/state-mdds/c01-21-odisha.xls,3cfc1100df768aa8,census-c01-extract-v1.1.0-20260528T003617Z,C0101,21,000,00000,000000,State - ODISHA,urban,all,persons,7003656
census-india-2011,sources/census-2011/c-series/state-mdds/c01-21-odisha.xls,3cfc1100df768aa8,census-c01-extract-v1.1.0-20260528T003617Z,C0101,21,000,00000,000000,State - ODISHA,urban,all,males,3625933
census-india-2011,sources/census-2011/c-series/state-mdds/c01-21-odisha.xls,3cfc1100df768aa8,census-c01-extract-v1.1.0-20260528T003617Z,C0101,21,000,00000,000000,State - ODISHA,urban,all,females,3377723
census-india-2011,sources/census-2011/c-series/state-mdds/c01-21-odisha.xls,3cfc1100df768aa8,census-c01-extract-v1.1.0-20260528T003617Z,C0101,21,000,00000,000000,State - ODISHA,urban,hindu,persons,6345545
census-india-2011,sources/census-2011/c-series/state-mdds/c01-21-odisha.xls,3cfc1100df768aa8,census-c01-extract-v1.1.0-20260528T003617Z,C0101,21,000,00000,000000,State - ODISHA,urban,hindu,males,3289674
census-india-2011,sources/census-2011/c-series/state-mdds/c01-21-odisha.xls,3cfc1100df768aa8,census-c01-extract-v1.1.0-20260528T003617Z,C0101,21,000,00000,000000,State - ODISHA,urban,hindu,females,3055871
census-india-2011,sources/census-2011/c-series/state-mdds/c01-21-odisha.xls,3cfc1100df768aa8,census-c01-extract-v1.1.0-20260528T003617Z,C0101,21,000,00000,000000,State - ODISHA,urban,muslim,persons,410614
census-india-2011,sources/census-2011/c-series/state-mdds/c01-21-odisha.xls,3cfc1100df768aa8,census-c01-extract-v1.1.0-20260528T003617Z,C0101,21,000,00000,000000,State - ODISHA,urban,muslim,males,213698
census-india-2011,sources/census-2011/c-series/state-mdds/c01-21-odisha.xls,3cfc1100df768aa8,census-c01-extract-v1.1.0-20260528T003617Z,C0101,21,000,00000,000000,State - ODISHA,urban,muslim,females,196916
census-india-2011,sources/census-2011/c-series/state-mdds/c01-21-odisha.xls,3cfc1100df768aa8,census-c01-extract-v1.1.0-20260528T003617Z,C0101,21,000,00000,000000,State - ODISHA,urban,christian,persons,186607
census-india-2011,sources/census-2011/c-series/state-mdds/c01-21-odisha.xls,3cfc1100df768aa8,census-c01-extract-v1.1.0-20260528T003617Z,C0101,21,000,00000,000000,State - ODISHA,urban,christian,males,91254
census-india-2011,sources/census-2011/c-series/state-mdds/c01-21-odisha.xls,3cfc1100df768aa8,census-c01-extract-v1.1.0-20260528T003617Z,C0101,21,000,00000,000000,State - ODISHA,urban,christian,females,95353
census-india-2011,sources/census-2011/c-series/state-mdds/c01-21-odisha.xls,3cfc1100df768aa8,census-c01-extract-v1.1.0-20260528T003617Z,C0101,21,000,00000,000000,State - ODISHA,urban,sikh,persons,16889
census-india-2011,sources/census-2011/c-series/state-mdds/c01-21-odisha.xls,3cfc1100df768aa8,census-c01-extract-v1.1.0-20260528T003617Z,C0101,21,000,00000,000000,State - ODISHA,urban,sikh,males,8890
census-india-2011,sources/census-2011/c-series/state-mdds/c01-21-odisha.xls,3cfc1100df768aa8,census-c01-extract-v1.1.0-20260528T003617Z,C0101,21,000,00000,000000,State - ODISHA,urban,sikh,females,7999
census-india-2011,sources/census-2011/c-series/state-mdds/c01-21-odisha.xls,3cfc1100df768aa8,census-c01-extract-v1.1.0-20260528T003617Z,C0101,21,000,00000,000000,State - ODISHA,urban,buddhist,persons,2126
census-india-2011,sources/census-2011/c-series/state-mdds/c01-21-odisha.xls,3cfc1100df768aa8,census-c01-extract-v1.1.0-20260528T003617Z,C0101,21,000,00000,000000,State - ODISHA,urban,buddhist,males,1097
census-india-2011,sources/census-2011/c-series/state-mdds/c01-21-odisha.xls,3cfc1100df768aa8,census-c01-extract-v1.1.0-20260528T003617Z,C0101,21,000,00000,000000,State - ODISHA,urban,buddhist,females,1029
census-india-2011,sources/census-2011/c-series/state-mdds/c01-21-odisha.xls,3cfc1100df768aa8,census-c01-extract-v1.1.0-20260528T003617Z,C0101,21,000,00000,000000,State - ODISHA,urban,jain,persons,6266
census-india-2011,sources/census-2011/c-series/state-mdds/c01-21-odisha.xls,3cfc1100df768aa8,census-c01-extract-v1.1.0-20260528T003617Z,C0101,21,000,00000,000000,State - ODISHA,urban,jain,males,3265
census-india-2011,sources/census-2011/c-series/state-mdds/c01-21-odisha.xls,3cfc1100df768aa8,census-c01-extract-v1.1.0-20260528T003617Z,C0101,21,000,00000,000000,State - ODISHA,urban,jain,females,3001
census-india-2011,sources/census-2011/c-series/state-mdds/c01-21-odisha.xls,3cfc1100df768aa8,census-c01-extract-v1.1.0-20260528T003617Z,C0101,21,000,00000,000000,State - ODISHA,urban,other,persons,16463
census-india-2011,sources/census-2011/c-series/state-mdds/c01-21-odisha.xls,3cfc1100df768aa8,census-c01-extract-v1.1.0-20260528T003617Z,C0101,21,000,00000,000000,State - ODISHA,urban,other,males,7966
census-india-2011,sources/census-2011/c-series/state-mdds/c01-21-odisha.xls,3cfc1100df768aa8,census-c01-extract-v1.1.0-20260528T003617Z,C0101,21,000,00000,000000,State - ODISHA,urban,other,females,8497
census-india-2011,sources/census-2011/c-series/state-mdds/c01-21-odisha.xls,3cfc1100df768aa8,census-c01-extract-v1.1.0-20260528T003617Z,C0101,21,000,00000,000000,State - ODISHA,urban,not_stated,persons,19146
census-india-2011,sources/census-2011/c-series/state-mdds/c01-21-odisha.xls,3cfc1100df768aa8,census-c01-extract-v1.1.0-20260528T003617Z,C0101,21,000,00000,000000,State - ODISHA,urban,not_stated,males,10089
census-india-2011,sources/census-2011/c-series/state-mdds/c01-21-odisha.xls,3cfc1100df768aa8,census-c01-extract-v1.1.0-20260528T003617Z,C0101,21,000,00000,000000,State - ODISHA,urban,not_stated,females,9057
census-india-2011,sources/census-2011/c-series/state-mdds/c01-21-odisha.xls,3cfc1100df768aa8,census-c01-extract-v1.1.0-20260528T003617Z,C0101,21,370,00000,000000,District - Bargarh,total,all,persons,1481255
census-india-2011,sources/census-2011/c-series/state-mdds/c01-21-odisha.xls,3cfc1100df768aa8,census-c01-extract-v1.1.0-20260528T003617Z,C0101,21,370,00000,000000,District - Bargarh,total,all,males,749161
census-india-2011,sources/census-2011/c-series/state-mdds/c01-21-odisha.xls,3cfc1100df768aa8,census-c01-extract-v1.1.0-20260528T003617Z,C0101,21,370,00000,000000,District - Bargarh,total,all,females,732094
census-india-2011,sources/census-2011/c-series/state-mdds/c01-21-odisha.xls,3cfc1100df768aa8,census-c01-extract-v1.1.0-20260528T003617Z,C0101,21,370,00000,000000,District - Bargarh,total,hindu,persons,1459065
census-india-2011,sources/census-2011/c-series/state-mdds/c01-21-odisha.xls,3cfc1100df768aa8,census-c01-extract-v1.1.0-20260528T003617Z,C0101,21,370,00000,000000,District - Bargarh,total,hindu,males,737917
census-india-2011,sources/census-2011/c-series/state-mdds/c01-21-odisha.xls,3cfc1100df768aa8,census-c01-extract-v1.1.0-20260528T003617Z,C0101,21,370,00000,000000,District - Bargarh,total,hindu,females,721148
census-india-2011,sources/census-2011/c-series/state-mdds/c01-21-odisha.xls,3cfc1100df768aa8,census-c01-extract-v1.1.0-20260528T003617Z,C0101,21,370,00000,000000,District - Bargarh,total,muslim,persons,7527
census-india-2011,sources/census-2011/c-series/state-mdds/c01-21-odisha.xls,3cfc1100df768aa8,census-c01-extract-v1.1.0-20260528T003617Z,C0101,21,370,00000,000000,District - Bargarh,total,muslim,males,3943
census-india-2011,sources/census-2011/c-series/state-mdds/c01-21-odisha.xls,3cfc1100df768aa8,census-c01-extract-v1.1.0-20260528T003617Z,C0101,21,370,00000,000000,District - Bargarh,total,muslim,females,3584
census-india-2011,sources/census-2011/c-series/state-mdds/c01-21-odisha.xls,3cfc1100df768aa8,census-c01-extract-v1.1.0-20260528T003617Z,C0101,21,370,00000,000000,District - Bargarh,total,christian,persons,11744
census-india-2011,sources/census-2011/c-series/state-mdds/c01-21-odisha.xls,3cfc1100df768aa8,census-c01-extract-v1.1.0-20260528T003617Z,C0101,21,370,00000,000000,District - Bargarh,total,christian,males,5824
census-india-2011,sources/census-2011/c-series/state-mdds/c01-21-odisha.xls,3cfc1100df768aa8,census-c01-extract-v1.1.0-20260528T003617Z,C0101,21,370,00000,000000,District - Bargarh,total,christian,females,5920
census-india-2011,sources/census-2011/c-series/state-mdds/c01-21-odisha.xls,3cfc1100df768aa8,census-c01-extract-v1.1.0-20260528T003617Z,C0101,21,370,00000,000000,District - Bargarh,total,sikh,persons,652
census-india-2011,sources/census-2011/c-series/state-mdds/c01-21-odisha.xls,3cfc1100df768aa8,census-c01-extract-v1.1.0-20260528T003617Z,C0101,21,370,00000,000000,District - Bargarh,total,sikh,males,346
census-india-2011,sources/census-2011/c-series/state-mdds/c01-21-odisha.xls,3cfc1100df768aa8,census-c01-extract-v1.1.0-20260528T003617Z,C0101,21,370,00000,000000,District - Bargarh,total,sikh,females,306
census-india-2011,sources/census-2011/c-series/state-mdds/c01-21-odisha.xls,3cfc1100df768aa8,census-c01-extract-v1.1.0-20260528T003617Z,C0101,21,370,00000,000000,District - Bargarh,total,buddhist,persons,161
census-india-2011,sources/census-2011/c-series/state-mdds/c01-21-odisha.xls,3cfc1100df768aa8,census-c01-extract-v1.1.0-20260528T003617Z,C0101,21,370,00000,000000,District - Bargarh,total,buddhist,males,78
census-india-2011,sources/census-2011/c-series/state-mdds/c01-21-odisha.xls,3cfc1100df768aa8,census-c01-extract-v1.1.0-20260528T003617Z,C0101,21,370,00000,000000,District - Bargarh,total,buddhist,females,83
census-india-2011,sources/census-2011/c-series/state-mdds/c01-21-odisha.xls,3cfc1100df768aa8,census-c01-extract-v1.1.0-20260528T003617Z,C0101,21,370,00000,000000,District - Bargarh,total,jain,persons,125
census-india-2011,sources/census-2011/c-series/state-mdds/c01-21-odisha.xls,3cfc1100df768aa8,census-c01-extract-v1.1.0-20260528T003617Z,C0101,21,370,00000,000000,District - Bargarh,total,jain,males,65
census-india-2011,sources/census-2011/c-series/state-mdds/c01-21-odisha.xls,3cfc1100df768aa8,census-c01-extract-v1.1.0-20260528T003617Z,C0101,21,370,00000,000000,District - Bargarh,total,jain,females,60
census-india-2011,sources/census-2011/c-series/state-mdds/c01-21-odisha.xls,3cfc1100df768aa8,census-c01-extract-v1.1.0-20260528T003617Z,C0101,21,370,00000,000000,District - Bargarh,total,other,persons,44
census-india-2011,sources/census-2011/c-series/state-mdds/c01-21-odisha.xls,3cfc1100df768aa8,census-c01-extract-v1.1.0-20260528T003617Z,C0101,21,370,00000,000000,District - Bargarh,total,other,males,24
census-india-2011,sources/census-2011/c-series/state-mdds/c01-21-odisha.xls,3cfc1100df768aa8,census-c01-extract-v1.1.0-20260528T003617Z,C0101,21,370,00000,000000,District - Bargarh,total,other,females,20
census-india-2011,sources/census-2011/c-series/state-mdds/c01-21-odisha.xls,3cfc1100df768aa8,census-c01-extract-v1.1.0-20260528T003617Z,C0101,21,370,00000,000000,District - Bargarh,total,not_stated,persons,1937
census-india-2011,sources/census-2011/c-series/state-mdds/c01-21-odisha.xls,3cfc1100df768aa8,census-c01-extract-v1.1.0-20260528T003617Z,C0101,21,370,00000,000000,District - Bargarh,total,not_stated,males,964
census-india-2011,sources/census-2011/c-series/state-mdds/c01-21-odisha.xls,3cfc1100df768aa8,census-c01-extract-v1.1.0-20260528T003617Z,C0101,21,370,00000,000000,District - Bargarh,total,not_stated,females,973
census-india-2011,sources/census-2011/c-series/state-mdds/c01-21-odisha.xls,3cfc1100df768aa8,census-c01-extract-v1.1.0-20260528T003617Z,C0101,21,370,00000,000000,District - Bargarh,rural,all,persons,1331145
census-india-2011,sources/census-2011/c-series/state-mdds/c01-21-odisha.xls,3cfc1100df768aa8,census-c01-extract-v1.1.0-20260528T003617Z,C0101,21,370,00000,000000,District - Bargarh,rural,all,males,672603
census-india-2011,sources/census-2011/c-series/state-mdds/c01-21-odisha.xls,3cfc1100df768aa8,census-c01-extract-v1.1.0-20260528T003617Z,C0101,21,370,00000,000000,District - Bargarh,rural,all,females,658542
census-india-2011,sources/census-2011/c-series/state-mdds/c01-21-odisha.xls,3cfc1100df768aa8,census-c01-extract-v1.1.0-20260528T003617Z,C0101,21,370,00000,000000,District - Bargarh,rural,hindu,persons,1316493
census-india-2011,sources/census-2011/c-series/state-mdds/c01-21-odisha.xls,3cfc1100df768aa8,census-c01-extract-v1.1.0-20260528T003617Z,C0101,21,370,00000,000000,District - Bargarh,rural,hindu,males,665239
census-india-2011,sources/census-2011/c-series/state-mdds/c01-21-odisha.xls,3cfc1100df768aa8,census-c01-extract-v1.1.0-20260528T003617Z,C0101,21,370,00000,000000,District - Bargarh,rural,hindu,females,651254
census-india-2011,sources/census-2011/c-series/state-mdds/c01-21-odisha.xls,3cfc1100df768aa8,census-c01-extract-v1.1.0-20260528T003617Z,C0101,21,370,00000,000000,District - Bargarh,rural,muslim,persons,3394
census-india-2011,sources/census-2011/c-series/state-mdds/c01-21-odisha.xls,3cfc1100df768aa8,census-c01-extract-v1.1.0-20260528T003617Z,C0101,21,370,00000,000000,District - Bargarh,rural,muslim,males,1763
census-india-2011,sources/census-2011/c-series/state-mdds/c01-21-odisha.xls,3cfc1100df768aa8,census-c01-extract-v1.1.0-20260528T003617Z,C0101,21,370,00000,000000,District - Bargarh,rural,muslim,females,1631
census-india-2011,sources/census-2011/c-series/state-mdds/c01-21-odisha.xls,3cfc1100df768aa8,census-c01-extract-v1.1.0-20260528T003617Z,C0101,21,370,00000,000000,District - Bargarh,rural,christian,persons,9155
census-india-2011,sources/census-2011/c-series/state-mdds/c01-21-odisha.xls,3cfc1100df768aa8,census-c01-extract-v1.1.0-20260528T003617Z,C0101,21,370,00000,000000,District - Bargarh,rural,christian,males,4537
census-india-2011,sources/census-2011/c-series/state-mdds/c01-21-odisha.xls,3cfc1100df768aa8,census-c01-extract-v1.1.0-20260528T003617Z,C0101,21,370,00000,000000,District - Bargarh,rural,christian,females,4618
census-india-2011,sources/census-2011/c-series/state-mdds/c01-21-odisha.xls,3cfc1100df768aa8,census-c01-extract-v1.1.0-20260528T003617Z,C0101,21,370,00000,000000,District - Bargarh,rural,sikh,persons,188
census-india-2011,sources/census-2011/c-series/state-mdds/c01-21-odisha.xls,3cfc1100df768aa8,census-c01-extract-v1.1.0-20260528T003617Z,C0101,21,370,00000,000000,District - Bargarh,rural,sikh,males,103
census-india-2011,sources/census-2011/c-series/state-mdds/c01-21-odisha.xls,3cfc1100df768aa8,census-c01-extract-v1.1.0-20260528T003617Z,C0101,21,370,00000,000000,District - Bargarh,rural,sikh,females,85
census-india-2011,sources/census-2011/c-series/state-mdds/c01-21-odisha.xls,3cfc1100df768aa8,census-c01-extract-v1.1.0-20260528T003617Z,C0101,21,370,00000,000000,District - Bargarh,rural,buddhist,persons,116
census-india-2011,sources/census-2011/c-series/state-mdds/c01-21-odisha.xls,3cfc1100df768aa8,census-c01-extract-v1.1.0-20260528T003617Z,C0101,21,370,00000,000000,District - Bargarh,rural,buddhist,males,57
census-india-2011,sources/census-2011/c-series/state-mdds/c01-21-odisha.xls,3cfc1100df768aa8,census-c01-extract-v1.1.0-20260528T003617Z,C0101,21,370,00000,000000,District - Bargarh,rural,buddhist,females,59
census-india-2011,sources/census-2011/c-series/state-mdds/c01-21-odisha.xls,3cfc1100df768aa8,census-c01-extract-v1.1.0-20260528T003617Z,C0101,21,370,00000,000000,District - Bargarh,rural,jain,persons,83
census-india-2011,sources/census-2011/c-series/state-mdds/c01-21-odisha.xls,3cfc1100df768aa8,census-c01-extract-v1.1.0-20260528T003617Z,C0101,21,370,00000,000000,District - Bargarh,rural,jain,males,44
census-india-2011,sources/census-2011/c-series/state-mdds/c01-21-odisha.xls,3cfc1100df768aa8,census-c01-extract-v1.1.0-20260528T003617Z,C0101,21,370,00000,000000,District - Bargarh,rural,jain,females,39
census-india-2011,sources/census-2011/c-series/state-mdds/c01-21-odisha.xls,3cfc1100df768aa8,census-c01-extract-v1.1.0-20260528T003617Z,C0101,21,370,00000,000000,District - Bargarh,rural,other,persons,27
census-india-2011,sources/census-2011/c-series/state-mdds/c01-21-odisha.xls,3cfc1100df768aa8,census-c01-extract-v1.1.0-20260528T003617Z,C0101,21,370,00000,000000,District - Bargarh,rural,other,males,14
census-india-2011,sources/census-2011/c-series/state-mdds/c01-21-odisha.xls,3cfc1100df768aa8,census-c01-extract-v1.1.0-20260528T003617Z,C0101,21,370,00000,000000,District - Bargarh,rural,other,females,13
census-india-2011,sources/census-2011/c-series/state-mdds/c01-21-odisha.xls,3cfc1100df768aa8,census-c01-extract-v1.1.0-20260528T003617Z,C0101,21,370,00000,000000,District - Bargarh,rural,not_stated,persons,1689
census-india-2011,sources/census-2011/c-series/state-mdds/c01-21-odisha.xls,3cfc1100df768aa8,census-c01-extract-v1.1.0-20260528T003617Z,C0101,21,370,00000,000000,District - Bargarh,rural,not_stated,males,846
census-india-2011,sources/census-2011/c-series/state-mdds/c01-21-odisha.xls,3cfc1100df768aa8,census-c01-extract-v1.1.0-20260528T003617Z,C0101,21,370,00000,000000,District - Bargarh,rural,not_stated,females,843
census-india-2011,sources/census-2011/c-series/state-mdds/c01-21-odisha.xls,3cfc1100df768aa8,census-c01-extract-v1.1.0-20260528T003617Z,C0101,21,370,00000,000000,District - Bargarh,urban,all,persons,150110
census-india-2011,sources/census-2011/c-series/state-mdds/c01-21-odisha.xls,3cfc1100df768aa8,census-c01-extract-v1.1.0-20260528T003617Z,C0101,21,370,00000,000000,District - Bargarh,urban,all,males,76558
census-india-2011,sources/census-2011/c-series/state-mdds/c01-21-odisha.xls,3cfc1100df768aa8,census-c01-extract-v1.1.0-20260528T003617Z,C0101,21,370,00000,000000,District - Bargarh,urban,all,females,73552
census-india-2011,sources/census-2011/c-series/state-mdds/c01-21-odisha.xls,3cfc1100df768aa8,census-c01-extract-v1.1.0-20260528T003617Z,C0101,21,370,00000,000000,District - Bargarh,urban,hindu,persons,142572
census-india-2011,sources/census-2011/c-series/state-mdds/c01-21-odisha.xls,3cfc1100df768aa8,census-c01-extract-v1.1.0-20260528T003617Z,C0101,21,370,00000,000000,District - Bargarh,urban,hindu,males,72678
census-india-2011,sources/census-2011/c-series/state-mdds/c01-21-odisha.xls,3cfc1100df768aa8,census-c01-extract-v1.1.0-20260528T003617Z,C0101,21,370,00000,000000,District - Bargarh,urban,hindu,females,69894
census-india-2011,sources/census-2011/c-series/state-mdds/c01-21-odisha.xls,3cfc1100df768aa8,census-c01-extract-v1.1.0-20260528T003617Z,C0101,21,370,00000,000000,District - Bargarh,urban,muslim,persons,4133
census-india-2011,sources/census-2011/c-series/state-mdds/c01-21-odisha.xls,3cfc1100df768aa8,census-c01-extract-v1.1.0-20260528T003617Z,C0101,21,370,00000,000000,District - Bargarh,urban,muslim,males,2180
census-india-2011,sources/census-2011/c-series/state-mdds/c01-21-odisha.xls,3cfc1100df768aa8,census-c01-extract-v1.1.0-20260528T003617Z,C0101,21,370,00000,000000,District - Bargarh,urban,muslim,females,1953
census-india-2011,sources/census-2011/c-series/state-mdds/c01-21-odisha.xls,3cfc1100df768aa8,census-c01-extract-v1.1.0-20260528T003617Z,C0101,21,370,00000,000000,District - Bargarh,urban,christian,persons,2589
census-india-2011,sources/census-2011/c-series/state-mdds/c01-21-odisha.xls,3cfc1100df768aa8,census-c01-extract-v1.1.0-20260528T003617Z,C0101,21,370,00000,000000,District - Bargarh,urban,christian,males,1287
census-india-2011,sources/census-2011/c-series/state-mdds/c01-21-odisha.xls,3cfc1100df768aa8,census-c01-extract-v1.1.0-20260528T003617Z,C0101,21,370,00000,000000,District - Bargarh,urban,christian,females,1302
census-india-2011,sources/census-2011/c-series/state-mdds/c01-21-odisha.xls,3cfc1100df768aa8,census-c01-extract-v1.1.0-20260528T003617Z,C0101,21,370,00000,000000,District - Bargarh,urban,sikh,persons,464
census-india-2011,sources/census-2011/c-series/state-mdds/c01-21-odisha.xls,3cfc1100df768aa8,census-c01-extract-v1.1.0-20260528T003617Z,C0101,21,370,00000,000000,District - Bargarh,urban,sikh,males,243
census-india-2011,sources/census-2011/c-series/state-mdds/c01-21-odisha.xls,3cfc1100df768aa8,census-c01-extract-v1.1.0-20260528T003617Z,C0101,21,370,00000,000000,District - Bargarh,urban,sikh,females,221
census-india-2011,sources/census-2011/c-series/state-mdds/c01-21-odisha.xls,3cfc1100df768aa8,census-c01-extract-v1.1.0-20260528T003617Z,C0101,21,370,00000,000000,District - Bargarh,urban,buddhist,persons,45
census-india-2011,sources/census-2011/c-series/state-mdds/c01-21-odisha.xls,3cfc1100df768aa8,census-c01-extract-v1.1.0-20260528T003617Z,C0101,21,370,00000,000000,District - Bargarh,urban,buddhist,males,21
census-india-2011,sources/census-2011/c-series/state-mdds/c01-21-odisha.xls,3cfc1100df768aa8,census-c01-extract-v1.1.0-20260528T003617Z,C0101,21,370,00000,000000,District - Bargarh,urban,buddhist,females,24
census-india-2011,sources/census-2011/c-series/state-mdds/c01-21-odisha.xls,3cfc1100df768aa8,census-c01-extract-v1.1.0-20260528T003617Z,C0101,21,370,00000,000000,District - Bargarh,urban,jain,persons,42
census-india-2011,sources/census-2011/c-series/state-mdds/c01-21-odisha.xls,3cfc1100df768aa8,census-c01-extract-v1.1.0-20260528T003617Z,C0101,21,370,00000,000000,District - Bargarh,urban,jain,males,21
census-india-2011,sources/census-2011/c-series/state-mdds/c01-21-odisha.xls,3cfc1100df768aa8,census-c01-extract-v1.1.0-20260528T003617Z,C0101,21,370,00000,000000,District - Bargarh,urban,jain,females,21
census-india-2011,sources/census-2011/c-series/state-mdds/c01-21-odisha.xls,3cfc1100df768aa8,census-c01-extract-v1.1.0-20260528T003617Z,C0101,21,370,00000,000000,District - Bargarh,urban,other,persons,17
census-india-2011,sources/census-2011/c-series/state-mdds/c01-21-odisha.xls,3cfc1100df768aa8,census-c01-extract-v1.1.0-20260528T003617Z,C0101,21,370,00000,000000,District - Bargarh,urban,other,males,10
census-india-2011,sources/census-2011/c-series/state-mdds/c01-21-odisha.xls,3cfc1100df768aa8,census-c01-extract-v1.1.0-20260528T003617Z,C0101,21,370,00000,000000,District - Bargarh,urban,other,females,7
census-india-2011,sources/census-2011/c-series/state-mdds/c01-21-odisha.xls,3cfc1100df768aa8,census-c01-extract-v1.1.0-20260528T003617Z,C0101,21,370,00000,000000,District - Bargarh,urban,not_stated,persons,248
census-india-2011,sources/census-2011/c-series/state-mdds/c01-21-odisha.xls,3cfc1100df768aa8,census-c01-extract-v1.1.0-20260528T003617Z,C0101,21,370,00000,000000,District - Bargarh,urban,not_stated,males,118
census-india-2011,sources/census-2011/c-series/state-mdds/c01-21-odisha.xls,3cfc1100df768aa8,census-c01-extract-v1.1.0-20260528T003617Z,C0101,21,370,00000,000000,District - Bargarh,urban,not_stated,females,130
census-india-2011,sources/census-2011/c-series/state-mdds/c01-21-odisha.xls,3cfc1100df768aa8,census-c01-extract-v1.1.0-20260528T003617Z,C0101,21,371,00000,000000,District - Jharsuguda,total,all,persons,579505
census-india-2011,sources/census-2011/c-series/state-mdds/c01-21-odisha.xls,3cfc1100df768aa8,census-c01-extract-v1.1.0-20260528T003617Z,C0101,21,371,00000,000000,District - Jharsuguda,total,all,males,296690
census-india-2011,sources/census-2011/c-series/state-mdds/c01-21-odisha.xls,3cfc1100df768aa8,census-c01-extract-v1.1.0-20260528T003617Z,C0101,21,371,00000,000000,District - Jharsuguda,total,all,females,282815
census-india-2011,sources/census-2011/c-series/state-mdds/c01-21-odisha.xls,3cfc1100df768aa8,census-c01-extract-v1.1.0-20260528T003617Z,C0101,21,371,00000,000000,District - Jharsuguda,total,hindu,persons,553587
census-india-2011,sources/census-2011/c-series/state-mdds/c01-21-odisha.xls,3cfc1100df768aa8,census-c01-extract-v1.1.0-20260528T003617Z,C0101,21,371,00000,000000,District - Jharsuguda,total,hindu,males,283460
census-india-2011,sources/census-2011/c-series/state-mdds/c01-21-odisha.xls,3cfc1100df768aa8,census-c01-extract-v1.1.0-20260528T003617Z,C0101,21,371,00000,000000,District - Jharsuguda,total,hindu,females,270127
census-india-2011,sources/census-2011/c-series/state-mdds/c01-21-odisha.xls,3cfc1100df768aa8,census-c01-extract-v1.1.0-20260528T003617Z,C0101,21,371,00000,000000,District - Jharsuguda,total,muslim,persons,12783
census-india-2011,sources/census-2011/c-series/state-mdds/c01-21-odisha.xls,3cfc1100df768aa8,census-c01-extract-v1.1.0-20260528T003617Z,C0101,21,371,00000,000000,District - Jharsuguda,total,muslim,males,6959
census-india-2011,sources/census-2011/c-series/state-mdds/c01-21-odisha.xls,3cfc1100df768aa8,census-c01-extract-v1.1.0-20260528T003617Z,C0101,21,371,00000,000000,District - Jharsuguda,total,muslim,females,5824
census-india-2011,sources/census-2011/c-series/state-mdds/c01-21-odisha.xls,3cfc1100df768aa8,census-c01-extract-v1.1.0-20260528T003617Z,C0101,21,371,00000,000000,District - Jharsuguda,total,christian,persons,10462
census-india-2011,sources/census-2011/c-series/state-mdds/c01-21-odisha.xls,3cfc1100df768aa8,census-c01-extract-v1.1.0-20260528T003617Z,C0101,21,371,00000,000000,District - Jharsuguda,total,christian,males,4874
census-india-2011,sources/census-2011/c-series/state-mdds/c01-21-odisha.xls,3cfc1100df768aa8,census-c01-extract-v1.1.0-20260528T003617Z,C0101,21,371,00000,000000,District - Jharsuguda,total,christian,females,5588
census-india-2011,sources/census-2011/c-series/state-mdds/c01-21-odisha.xls,3cfc1100df768aa8,census-c01-extract-v1.1.0-20260528T003617Z,C0101,21,371,00000,000000,District - Jharsuguda,total,sikh,persons,1441
census-india-2011,sources/census-2011/c-series/state-mdds/c01-21-odisha.xls,3cfc1100df768aa8,census-c01-extract-v1.1.0-20260528T003617Z,C0101,21,371,00000,000000,District - Jharsuguda,total,sikh,males,763
census-india-2011,sources/census-2011/c-series/state-mdds/c01-21-odisha.xls,3cfc1100df768aa8,census-c01-extract-v1.1.0-20260528T003617Z,C0101,21,371,00000,000000,District - Jharsuguda,total,sikh,females,678
census-india-2011,sources/census-2011/c-series/state-mdds/c01-21-odisha.xls,3cfc1100df768aa8,census-c01-extract-v1.1.0-20260528T003617Z,C0101,21,371,00000,000000,District - Jharsuguda,total,buddhist,persons,80
census-india-2011,sources/census-2011/c-series/state-mdds/c01-21-odisha.xls,3cfc1100df768aa8,census-c01-extract-v1.1.0-20260528T003617Z,C0101,21,371,00000,000000,District - Jharsuguda,total,buddhist,males,41
census-india-2011,sources/census-2011/c-series/state-mdds/c01-21-odisha.xls,3cfc1100df768aa8,census-c01-extract-v1.1.0-20260528T003617Z,C0101,21,371,00000,000000,District - Jharsuguda,total,buddhist,females,39
census-india-2011,sources/census-2011/c-series/state-mdds/c01-21-odisha.xls,3cfc1100df768aa8,census-c01-extract-v1.1.0-20260528T003617Z,C0101,21,371,00000,000000,District - Jharsuguda,total,jain,persons,70
census-india-2011,sources/census-2011/c-series/state-mdds/c01-21-odisha.xls,3cfc1100df768aa8,census-c01-extract-v1.1.0-20260528T003617Z,C0101,21,371,00000,000000,District - Jharsuguda,total,jain,males,39
census-india-2011,sources/census-2011/c-series/state-mdds/c01-21-odisha.xls,3cfc1100df768aa8,census-c01-extract-v1.1.0-20260528T003617Z,C0101,21,371,00000,000000,District - Jharsuguda,total,jain,females,31
census-india-2011,sources/census-2011/c-series/state-mdds/c01-21-odisha.xls,3cfc1100df768aa8,census-c01-extract-v1.1.0-20260528T003617Z,C0101,21,371,00000,000000,District - Jharsuguda,total,other,persons,67
census-india-2011,sources/census-2011/c-series/state-mdds/c01-21-odisha.xls,3cfc1100df768aa8,census-c01-extract-v1.1.0-20260528T003617Z,C0101,21,371,00000,000000,District - Jharsuguda,total,other,males,33
census-india-2011,sources/census-2011/c-series/state-mdds/c01-21-odisha.xls,3cfc1100df768aa8,census-c01-extract-v1.1.0-20260528T003617Z,C0101,21,371,00000,000000,District - Jharsuguda,total,other,females,34
census-india-2011,sources/census-2011/c-series/state-mdds/c01-21-odisha.xls,3cfc1100df768aa8,census-c01-extract-v1.1.0-20260528T003617Z,C0101,21,371,00000,000000,District - Jharsuguda,total,not_stated,persons,1015
census-india-2011,sources/census-2011/c-series/state-mdds/c01-21-odisha.xls,3cfc1100df768aa8,census-c01-extract-v1.1.0-20260528T003617Z,C0101,21,371,00000,000000,District - Jharsuguda,total,not_stated,males,521
census-india-2011,sources/census-2011/c-series/state-mdds/c01-21-odisha.xls,3cfc1100df768aa8,census-c01-extract-v1.1.0-20260528T003617Z,C0101,21,371,00000,000000,District - Jharsuguda,total,not_stated,females,494
census-india-2011,sources/census-2011/c-series/state-mdds/c01-21-odisha.xls,3cfc1100df768aa8,census-c01-extract-v1.1.0-20260528T003617Z,C0101,21,371,00000,000000,District - Jharsuguda,rural,all,persons,348340
census-india-2011,sources/census-2011/c-series/state-mdds/c01-21-odisha.xls,3cfc1100df768aa8,census-c01-extract-v1.1.0-20260528T003617Z,C0101,21,371,00000,000000,District - Jharsuguda,rural,all,males,176162
census-india-2011,sources/census-2011/c-series/state-mdds/c01-21-odisha.xls,3cfc1100df768aa8,census-c01-extract-v1.1.0-20260528T003617Z,C0101,21,371,00000,000000,District - Jharsuguda,rural,all,females,172178
census-india-2011,sources/census-2011/c-series/state-mdds/c01-21-odisha.xls,3cfc1100df768aa8,census-c01-extract-v1.1.0-20260528T003617Z,C0101,21,371,00000,000000,District - Jharsuguda,rural,hindu,persons,342886
census-india-2011,sources/census-2011/c-series/state-mdds/c01-21-odisha.xls,3cfc1100df768aa8,census-c01-extract-v1.1.0-20260528T003617Z,C0101,21,371,00000,000000,District - Jharsuguda,rural,hindu,males,173322
census-india-2011,sources/census-2011/c-series/state-mdds/c01-21-odisha.xls,3cfc1100df768aa8,census-c01-extract-v1.1.0-20260528T003617Z,C0101,21,371,00000,000000,District - Jharsuguda,rural,hindu,females,169564
census-india-2011,sources/census-2011/c-series/state-mdds/c01-21-odisha.xls,3cfc1100df768aa8,census-c01-extract-v1.1.0-20260528T003617Z,C0101,21,371,00000,000000,District - Jharsuguda,rural,muslim,persons,1506
census-india-2011,sources/census-2011/c-series/state-mdds/c01-21-odisha.xls,3cfc1100df768aa8,census-c01-extract-v1.1.0-20260528T003617Z,C0101,21,371,00000,000000,District - Jharsuguda,rural,muslim,males,880
census-india-2011,sources/census-2011/c-series/state-mdds/c01-21-odisha.xls,3cfc1100df768aa8,census-c01-extract-v1.1.0-20260528T003617Z,C0101,21,371,00000,000000,District - Jharsuguda,rural,muslim,females,626
census-india-2011,sources/census-2011/c-series/state-mdds/c01-21-odisha.xls,3cfc1100df768aa8,census-c01-extract-v1.1.0-20260528T003617Z,C0101,21,371,00000,000000,District - Jharsuguda,rural,christian,persons,3204
census-india-2011,sources/census-2011/c-series/state-mdds/c01-21-odisha.xls,3cfc1100df768aa8,census-c01-extract-v1.1.0-20260528T003617Z,C0101,21,371,00000,000000,District - Jharsuguda,rural,christian,males,1588
census-india-2011,sources/census-2011/c-series/state-mdds/c01-21-odisha.xls,3cfc1100df768aa8,census-c01-extract-v1.1.0-20260528T003617Z,C0101,21,371,00000,000000,District - Jharsuguda,rural,christian,females,1616
census-india-2011,sources/census-2011/c-series/state-mdds/c01-21-odisha.xls,3cfc1100df768aa8,census-c01-extract-v1.1.0-20260528T003617Z,C0101,21,371,00000,000000,District - Jharsuguda,rural,sikh,persons,102
census-india-2011,sources/census-2011/c-series/state-mdds/c01-21-odisha.xls,3cfc1100df768aa8,census-c01-extract-v1.1.0-20260528T003617Z,C0101,21,371,00000,000000,District - Jharsuguda,rural,sikh,males,58
census-india-2011,sources/census-2011/c-series/state-mdds/c01-21-odisha.xls,3cfc1100df768aa8,census-c01-extract-v1.1.0-20260528T003617Z,C0101,21,371,00000,000000,District - Jharsuguda,rural,sikh,females,44
census-india-2011,sources/census-2011/c-series/state-mdds/c01-21-odisha.xls,3cfc1100df768aa8,census-c01-extract-v1.1.0-20260528T003617Z,C0101,21,371,00000,000000,District - Jharsuguda,rural,buddhist,persons,23
census-india-2011,sources/census-2011/c-series/state-mdds/c01-21-odisha.xls,3cfc1100df768aa8,census-c01-extract-v1.1.0-20260528T003617Z,C0101,21,371,00000,000000,District - Jharsuguda,rural,buddhist,males,13
census-india-2011,sources/census-2011/c-series/state-mdds/c01-21-odisha.xls,3cfc1100df768aa8,census-c01-extract-v1.1.0-20260528T003617Z,C0101,21,371,00000,000000,District - Jharsuguda,rural,buddhist,females,10
census-india-2011,sources/census-2011/c-series/state-mdds/c01-21-odisha.xls,3cfc1100df768aa8,census-c01-extract-v1.1.0-20260528T003617Z,C0101,21,371,00000,000000,District - Jharsuguda,rural,jain,persons,17
census-india-2011,sources/census-2011/c-series/state-mdds/c01-21-odisha.xls,3cfc1100df768aa8,census-c01-extract-v1.1.0-20260528T003617Z,C0101,21,371,00000,000000,District - Jharsuguda,rural,jain,males,12
census-india-2011,sources/census-2011/c-series/state-mdds/c01-21-odisha.xls,3cfc1100df768aa8,census-c01-extract-v1.1.0-20260528T003617Z,C0101,21,371,00000,000000,District - Jharsuguda,rural,jain,females,5
census-india-2011,sources/census-2011/c-series/state-mdds/c01-21-odisha.xls,3cfc1100df768aa8,census-c01-extract-v1.1.0-20260528T003617Z,C0101,21,371,00000,000000,District - Jharsuguda,rural,other,persons,39
census-india-2011,sources/census-2011/c-series/state-mdds/c01-21-odisha.xls,3cfc1100df768aa8,census-c01-extract-v1.1.0-20260528T003617Z,C0101,21,371,00000,000000,District - Jharsuguda,rural,other,males,15
census-india-2011,sources/census-2011/c-series/state-mdds/c01-21-odisha.xls,3cfc1100df768aa8,census-c01-extract-v1.1.0-20260528T003617Z,C0101,21,371,00000,000000,District - Jharsuguda,rural,other,females,24
census-india-2011,sources/census-2011/c-series/state-mdds/c01-21-odisha.xls,3cfc1100df768aa8,census-c01-extract-v1.1.0-20260528T003617Z,C0101,21,371,00000,000000,District - Jharsuguda,rural,not_stated,persons,563
census-india-2011,sources/census-2011/c-series/state-mdds/c01-21-odisha.xls,3cfc1100df768aa8,census-c01-extract-v1.1.0-20260528T003617Z,C0101,21,371,00000,000000,District - Jharsuguda,rural,not_stated,males,274
census-india-2011,sources/census-2011/c-series/state-mdds/c01-21-odisha.xls,3cfc1100df768aa8,census-c01-extract-v1.1.0-20260528T003617Z,C0101,21,371,00000,000000,District - Jharsuguda,rural,not_stated,females,289
census-india-2011,sources/census-2011/c-series/state-mdds/c01-21-odisha.xls,3cfc1100df768aa8,census-c01-extract-v1.1.0-20260528T003617Z,C0101,21,371,00000,000000,District - Jharsuguda,urban,all,persons,231165
census-india-2011,sources/census-2011/c-series/state-mdds/c01-21-odisha.xls,3cfc1100df768aa8,census-c01-extract-v1.1.0-20260528T003617Z,C0101,21,371,00000,000000,District - Jharsuguda,urban,all,males,120528
census-india-2011,sources/census-2011/c-series/state-mdds/c01-21-odisha.xls,3cfc1100df768aa8,census-c01-extract-v1.1.0-20260528T003617Z,C0101,21,371,00000,000000,District - Jharsuguda,urban,all,females,110637
census-india-2011,sources/census-2011/c-series/state-mdds/c01-21-odisha.xls,3cfc1100df768aa8,census-c01-extract-v1.1.0-20260528T003617Z,C0101,21,371,00000,000000,District - Jharsuguda,urban,hindu,persons,210701
census-india-2011,sources/census-2011/c-series/state-mdds/c01-21-odisha.xls,3cfc1100df768aa8,census-c01-extract-v1.1.0-20260528T003617Z,C0101,21,371,00000,000000,District - Jharsuguda,urban,hindu,males,110138
census-india-2011,sources/census-2011/c-series/state-mdds/c01-21-odisha.xls,3cfc1100df768aa8,census-c01-extract-v1.1.0-20260528T003617Z,C0101,21,371,00000,000000,District - Jharsuguda,urban,hindu,females,100563
census-india-2011,sources/census-2011/c-series/state-mdds/c01-21-odisha.xls,3cfc1100df768aa8,census-c01-extract-v1.1.0-20260528T003617Z,C0101,21,371,00000,000000,District - Jharsuguda,urban,muslim,persons,11277
census-india-2011,sources/census-2011/c-series/state-mdds/c01-21-odisha.xls,3cfc1100df768aa8,census-c01-extract-v1.1.0-20260528T003617Z,C0101,21,371,00000,000000,District - Jharsuguda,urban,muslim,males,6079
census-india-2011,sources/census-2011/c-series/state-mdds/c01-21-odisha.xls,3cfc1100df768aa8,census-c01-extract-v1.1.0-20260528T003617Z,C0101,21,371,00000,000000,District - Jharsuguda,urban,muslim,females,5198
census-india-2011,sources/census-2011/c-series/state-mdds/c01-21-odisha.xls,3cfc1100df768aa8,census-c01-extract-v1.1.0-20260528T003617Z,C0101,21,371,00000,000000,District - Jharsuguda,urban,christian,persons,7258
census-india-2011,sources/census-2011/c-series/state-mdds/c01-21-odisha.xls,3cfc1100df768aa8,census-c01-extract-v1.1.0-20260528T003617Z,C0101,21,371,00000,000000,District - Jharsuguda,urban,christian,males,3286
census-india-2011,sources/census-2011/c-series/state-mdds/c01-21-odisha.xls,3cfc1100df768aa8,census-c01-extract-v1.1.0-20260528T003617Z,C0101,21,371,00000,000000,District - Jharsuguda,urban,christian,females,3972
census-india-2011,sources/census-2011/c-series/state-mdds/c01-21-odisha.xls,3cfc1100df768aa8,census-c01-extract-v1.1.0-20260528T003617Z,C0101,21,371,00000,000000,District - Jharsuguda,urban,sikh,persons,1339
census-india-2011,sources/census-2011/c-series/state-mdds/c01-21-odisha.xls,3cfc1100df768aa8,census-c01-extract-v1.1.0-20260528T003617Z,C0101,21,371,00000,000000,District - Jharsuguda,urban,sikh,males,705
census-india-2011,sources/census-2011/c-series/state-mdds/c01-21-odisha.xls,3cfc1100df768aa8,census-c01-extract-v1.1.0-20260528T003617Z,C0101,21,371,00000,000000,District - Jharsuguda,urban,sikh,females,634
census-india-2011,sources/census-2011/c-series/state-mdds/c01-21-odisha.xls,3cfc1100df768aa8,census-c01-extract-v1.1.0-20260528T003617Z,C0101,21,371,00000,000000,District - Jharsuguda,urban,buddhist,persons,57
census-india-2011,sources/census-2011/c-series/state-mdds/c01-21-odisha.xls,3cfc1100df768aa8,census-c01-extract-v1.1.0-20260528T003617Z,C0101,21,371,00000,000000,District - Jharsuguda,urban,buddhist,males,28
census-india-2011,sources/census-2011/c-series/state-mdds/c01-21-odisha.xls,3cfc1100df768aa8,census-c01-extract-v1.1.0-20260528T003617Z,C0101,21,371,00000,000000,District - Jharsuguda,urban,buddhist,females,29
census-india-2011,sources/census-2011/c-series/state-mdds/c01-21-odisha.xls,3cfc1100df768aa8,census-c01-extract-v1.1.0-20260528T003617Z,C0101,21,371,00000,000000,District - Jharsuguda,urban,jain,persons,53
census-india-2011,sources/census-2011/c-series/state-mdds/c01-21-odisha.xls,3cfc1100df768aa8,census-c01-extract-v1.1.0-20260528T003617Z,C0101,21,371,00000,000000,District - Jharsuguda,urban,jain,males,27
census-india-2011,sources/census-2011/c-series/state-mdds/c01-21-odisha.xls,3cfc1100df768aa8,census-c01-extract-v1.1.0-20260528T003617Z,C0101,21,371,00000,000000,District - Jharsuguda,urban,jain,females,26
census-india-2011,sources/census-2011/c-series/state-mdds/c01-21-odisha.xls,3cfc1100df768aa8,census-c01-extract-v1.1.0-20260528T003617Z,C0101,21,371,00000,000000,District - Jharsuguda,urban,other,persons,28
census-india-2011,sources/census-2011/c-series/state-mdds/c01-21-odisha.xls,3cfc1100df768aa8,census-c01-extract-v1.1.0-20260528T003617Z,C0101,21,371,00000,000000,District - Jharsuguda,urban,other,males,18
census-india-2011,sources/census-2011/c-series/state-mdds/c01-21-odisha.xls,3cfc1100df768aa8,census-c01-extract-v1.1.0-20260528T003617Z,C0101,21,371,00000,000000,District - Jharsuguda,urban,other,females,10
census-india-2011,sources/census-2011/c-series/state-mdds/c01-21-odisha.xls,3cfc1100df768aa8,census-c01-extract-v1.1.0-20260528T003617Z,C0101,21,371,00000,000000,District - Jharsuguda,urban,not_stated,persons,452
census-india-2011,sources/census-2011/c-series/state-mdds/c01-21-odisha.xls,3cfc1100df768aa8,census-c01-extract-v1.1.0-20260528T003617Z,C0101,21,371,00000,000000,District - Jharsuguda,urban,not_stated,males,247
census-india-2011,sources/census-2011/c-series/state-mdds/c01-21-odisha.xls,3cfc1100df768aa8,census-c01-extract-v1.1.0-20260528T003617Z,C0101,21,371,00000,000000,District - Jharsuguda,urban,not_stated,females,205
census-india-2011,sources/census-2011/c-series/state-mdds/c01-21-odisha.xls,3cfc1100df768aa8,census-c01-extract-v1.1.0-20260528T003617Z,C0101,21,372,00000,000000,District - Sambalpur,total,all,persons,1041099
census-india-2011,sources/census-2011/c-series/state-mdds/c01-21-odisha.xls,3cfc1100df768aa8,census-c01-extract-v1.1.0-20260528T003617Z,C0101,21,372,00000,000000,District - Sambalpur,total,all,males,526877
census-india-2011,sources/census-2011/c-series/state-mdds/c01-21-odisha.xls,3cfc1100df768aa8,census-c01-extract-v1.1.0-20260528T003617Z,C0101,21,372,00000,000000,District - Sambalpur,total,all,females,514222
census-india-2011,sources/census-2011/c-series/state-mdds/c01-21-odisha.xls,3cfc1100df768aa8,census-c01-extract-v1.1.0-20260528T003617Z,C0101,21,372,00000,000000,District - Sambalpur,total,hindu,persons,964188
census-india-2011,sources/census-2011/c-series/state-mdds/c01-21-odisha.xls,3cfc1100df768aa8,census-c01-extract-v1.1.0-20260528T003617Z,C0101,21,372,00000,000000,District - Sambalpur,total,hindu,males,487843
census-india-2011,sources/census-2011/c-series/state-mdds/c01-21-odisha.xls,3cfc1100df768aa8,census-c01-extract-v1.1.0-20260528T003617Z,C0101,21,372,00000,000000,District - Sambalpur,total,hindu,females,476345
census-india-2011,sources/census-2011/c-series/state-mdds/c01-21-odisha.xls,3cfc1100df768aa8,census-c01-extract-v1.1.0-20260528T003617Z,C0101,21,372,00000,000000,District - Sambalpur,total,muslim,persons,20120
census-india-2011,sources/census-2011/c-series/state-mdds/c01-21-odisha.xls,3cfc1100df768aa8,census-c01-extract-v1.1.0-20260528T003617Z,C0101,21,372,00000,000000,District - Sambalpur,total,muslim,males,10573
census-india-2011,sources/census-2011/c-series/state-mdds/c01-21-odisha.xls,3cfc1100df768aa8,census-c01-extract-v1.1.0-20260528T003617Z,C0101,21,372,00000,000000,District - Sambalpur,total,muslim,females,9547
census-india-2011,sources/census-2011/c-series/state-mdds/c01-21-odisha.xls,3cfc1100df768aa8,census-c01-extract-v1.1.0-20260528T003617Z,C0101,21,372,00000,000000,District - Sambalpur,total,christian,persons,50637
census-india-2011,sources/census-2011/c-series/state-mdds/c01-21-odisha.xls,3cfc1100df768aa8,census-c01-extract-v1.1.0-20260528T003617Z,C0101,21,372,00000,000000,District - Sambalpur,total,christian,males,25362
census-india-2011,sources/census-2011/c-series/state-mdds/c01-21-odisha.xls,3cfc1100df768aa8,census-c01-extract-v1.1.0-20260528T003617Z,C0101,21,372,00000,000000,District - Sambalpur,total,christian,females,25275
census-india-2011,sources/census-2011/c-series/state-mdds/c01-21-odisha.xls,3cfc1100df768aa8,census-c01-extract-v1.1.0-20260528T003617Z,C0101,21,372,00000,000000,District - Sambalpur,total,sikh,persons,2506
census-india-2011,sources/census-2011/c-series/state-mdds/c01-21-odisha.xls,3cfc1100df768aa8,census-c01-extract-v1.1.0-20260528T003617Z,C0101,21,372,00000,000000,District - Sambalpur,total,sikh,males,1284
census-india-2011,sources/census-2011/c-series/state-mdds/c01-21-odisha.xls,3cfc1100df768aa8,census-c01-extract-v1.1.0-20260528T003617Z,C0101,21,372,00000,000000,District - Sambalpur,total,sikh,females,1222
census-india-2011,sources/census-2011/c-series/state-mdds/c01-21-odisha.xls,3cfc1100df768aa8,census-c01-extract-v1.1.0-20260528T003617Z,C0101,21,372,00000,000000,District - Sambalpur,total,buddhist,persons,310
census-india-2011,sources/census-2011/c-series/state-mdds/c01-21-odisha.xls,3cfc1100df768aa8,census-c01-extract-v1.1.0-20260528T003617Z,C0101,21,372,00000,000000,District - Sambalpur,total,buddhist,males,145
census-india-2011,sources/census-2011/c-series/state-mdds/c01-21-odisha.xls,3cfc1100df768aa8,census-c01-extract-v1.1.0-20260528T003617Z,C0101,21,372,00000,000000,District - Sambalpur,total,buddhist,females,165
census-india-2011,sources/census-2011/c-series/state-mdds/c01-21-odisha.xls,3cfc1100df768aa8,census-c01-extract-v1.1.0-20260528T003617Z,C0101,21,372,00000,000000,District - Sambalpur,total,jain,persons,86
census-india-2011,sources/census-2011/c-series/state-mdds/c01-21-odisha.xls,3cfc1100df768aa8,census-c01-extract-v1.1.0-20260528T003617Z,C0101,21,372,00000,000000,District - Sambalpur,total,jain,males,45
census-india-2011,sources/census-2011/c-series/state-mdds/c01-21-odisha.xls,3cfc1100df768aa8,census-c01-extract-v1.1.0-20260528T003617Z,C0101,21,372,00000,000000,District - Sambalpur,total,jain,females,41
census-india-2011,sources/census-2011/c-series/state-mdds/c01-21-odisha.xls,3cfc1100df768aa8,census-c01-extract-v1.1.0-20260528T003617Z,C0101,21,372,00000,000000,District - Sambalpur,total,other,persons,1117
census-india-2011,sources/census-2011/c-series/state-mdds/c01-21-odisha.xls,3cfc1100df768aa8,census-c01-extract-v1.1.0-20260528T003617Z,C0101,21,372,00000,000000,District - Sambalpur,total,other,males,536
census-india-2011,sources/census-2011/c-series/state-mdds/c01-21-odisha.xls,3cfc1100df768aa8,census-c01-extract-v1.1.0-20260528T003617Z,C0101,21,372,00000,000000,District - Sambalpur,total,other,females,581
census-india-2011,sources/census-2011/c-series/state-mdds/c01-21-odisha.xls,3cfc1100df768aa8,census-c01-extract-v1.1.0-20260528T003617Z,C0101,21,372,00000,000000,District - Sambalpur,total,not_stated,persons,2135
census-india-2011,sources/census-2011/c-series/state-mdds/c01-21-odisha.xls,3cfc1100df768aa8,census-c01-extract-v1.1.0-20260528T003617Z,C0101,21,372,00000,000000,District - Sambalpur,total,not_stated,males,1089
census-india-2011,sources/census-2011/c-series/state-mdds/c01-21-odisha.xls,3cfc1100df768aa8,census-c01-extract-v1.1.0-20260528T003617Z,C0101,21,372,00000,000000,District - Sambalpur,total,not_stated,females,1046
census-india-2011,sources/census-2011/c-series/state-mdds/c01-21-odisha.xls,3cfc1100df768aa8,census-c01-extract-v1.1.0-20260528T003617Z,C0101,21,372,00000,000000,District - Sambalpur,rural,all,persons,733006
census-india-2011,sources/census-2011/c-series/state-mdds/c01-21-odisha.xls,3cfc1100df768aa8,census-c01-extract-v1.1.0-20260528T003617Z,C0101,21,372,00000,000000,District - Sambalpur,rural,all,males,368692
census-india-2011,sources/census-2011/c-series/state-mdds/c01-21-odisha.xls,3cfc1100df768aa8,census-c01-extract-v1.1.0-20260528T003617Z,C0101,21,372,00000,000000,District - Sambalpur,rural,all,females,364314
census-india-2011,sources/census-2011/c-series/state-mdds/c01-21-odisha.xls,3cfc1100df768aa8,census-c01-extract-v1.1.0-20260528T003617Z,C0101,21,372,00000,000000,District - Sambalpur,rural,hindu,persons,683935
census-india-2011,sources/census-2011/c-series/state-mdds/c01-21-odisha.xls,3cfc1100df768aa8,census-c01-extract-v1.1.0-20260528T003617Z,C0101,21,372,00000,000000,District - Sambalpur,rural,hindu,males,343988
census-india-2011,sources/census-2011/c-series/state-mdds/c01-21-odisha.xls,3cfc1100df768aa8,census-c01-extract-v1.1.0-20260528T003617Z,C0101,21,372,00000,000000,District - Sambalpur,rural,hindu,females,339947
census-india-2011,sources/census-2011/c-series/state-mdds/c01-21-odisha.xls,3cfc1100df768aa8,census-c01-extract-v1.1.0-20260528T003617Z,C0101,21,372,00000,000000,District - Sambalpur,rural,muslim,persons,2402
census-india-2011,sources/census-2011/c-series/state-mdds/c01-21-odisha.xls,3cfc1100df768aa8,census-c01-extract-v1.1.0-20260528T003617Z,C0101,21,372,00000,000000,District - Sambalpur,rural,muslim,males,1294
census-india-2011,sources/census-2011/c-series/state-mdds/c01-21-odisha.xls,3cfc1100df768aa8,census-c01-extract-v1.1.0-20260528T003617Z,C0101,21,372,00000,000000,District - Sambalpur,rural,muslim,females,1108
census-india-2011,sources/census-2011/c-series/state-mdds/c01-21-odisha.xls,3cfc1100df768aa8,census-c01-extract-v1.1.0-20260528T003617Z,C0101,21,372,00000,000000,District - Sambalpur,rural,christian,persons,43874
census-india-2011,sources/census-2011/c-series/state-mdds/c01-21-odisha.xls,3cfc1100df768aa8,census-c01-extract-v1.1.0-20260528T003617Z,C0101,21,372,00000,000000,District - Sambalpur,rural,christian,males,22010
census-india-2011,sources/census-2011/c-series/state-mdds/c01-21-odisha.xls,3cfc1100df768aa8,census-c01-extract-v1.1.0-20260528T003617Z,C0101,21,372,00000,000000,District - Sambalpur,rural,christian,females,21864
census-india-2011,sources/census-2011/c-series/state-mdds/c01-21-odisha.xls,3cfc1100df768aa8,census-c01-extract-v1.1.0-20260528T003617Z,C0101,21,372,00000,000000,District - Sambalpur,rural,sikh,persons,296
census-india-2011,sources/census-2011/c-series/state-mdds/c01-21-odisha.xls,3cfc1100df768aa8,census-c01-extract-v1.1.0-20260528T003617Z,C0101,21,372,00000,000000,District - Sambalpur,rural,sikh,males,170
census-india-2011,sources/census-2011/c-series/state-mdds/c01-21-odisha.xls,3cfc1100df768aa8,census-c01-extract-v1.1.0-20260528T003617Z,C0101,21,372,00000,000000,District - Sambalpur,rural,sikh,females,126
census-india-2011,sources/census-2011/c-series/state-mdds/c01-21-odisha.xls,3cfc1100df768aa8,census-c01-extract-v1.1.0-20260528T003617Z,C0101,21,372,00000,000000,District - Sambalpur,rural,buddhist,persons,184
census-india-2011,sources/census-2011/c-series/state-mdds/c01-21-odisha.xls,3cfc1100df768aa8,census-c01-extract-v1.1.0-20260528T003617Z,C0101,21,372,00000,000000,District - Sambalpur,rural,buddhist,males,83
census-india-2011,sources/census-2011/c-series/state-mdds/c01-21-odisha.xls,3cfc1100df768aa8,census-c01-extract-v1.1.0-20260528T003617Z,C0101,21,372,00000,000000,District - Sambalpur,rural,buddhist,females,101
census-india-2011,sources/census-2011/c-series/state-mdds/c01-21-odisha.xls,3cfc1100df768aa8,census-c01-extract-v1.1.0-20260528T003617Z,C0101,21,372,00000,000000,District - Sambalpur,rural,jain,persons,56
census-india-2011,sources/census-2011/c-series/state-mdds/c01-21-odisha.xls,3cfc1100df768aa8,census-c01-extract-v1.1.0-20260528T003617Z,C0101,21,372,00000,000000,District - Sambalpur,rural,jain,males,30
census-india-2011,sources/census-2011/c-series/state-mdds/c01-21-odisha.xls,3cfc1100df768aa8,census-c01-extract-v1.1.0-20260528T003617Z,C0101,21,372,00000,000000,District - Sambalpur,rural,jain,females,26
census-india-2011,sources/census-2011/c-series/state-mdds/c01-21-odisha.xls,3cfc1100df768aa8,census-c01-extract-v1.1.0-20260528T003617Z,C0101,21,372,00000,000000,District - Sambalpur,rural,other,persons,864
census-india-2011,sources/census-2011/c-series/state-mdds/c01-21-odisha.xls,3cfc1100df768aa8,census-c01-extract-v1.1.0-20260528T003617Z,C0101,21,372,00000,000000,District - Sambalpur,rural,other,males,412
census-india-2011,sources/census-2011/c-series/state-mdds/c01-21-odisha.xls,3cfc1100df768aa8,census-c01-extract-v1.1.0-20260528T003617Z,C0101,21,372,00000,000000,District - Sambalpur,rural,other,females,452
census-india-2011,sources/census-2011/c-series/state-mdds/c01-21-odisha.xls,3cfc1100df768aa8,census-c01-extract-v1.1.0-20260528T003617Z,C0101,21,372,00000,000000,District - Sambalpur,rural,not_stated,persons,1395
census-india-2011,sources/census-2011/c-series/state-mdds/c01-21-odisha.xls,3cfc1100df768aa8,census-c01-extract-v1.1.0-20260528T003617Z,C0101,21,372,00000,000000,District - Sambalpur,rural,not_stated,males,705
census-india-2011,sources/census-2011/c-series/state-mdds/c01-21-odisha.xls,3cfc1100df768aa8,census-c01-extract-v1.1.0-20260528T003617Z,C0101,21,372,00000,000000,District - Sambalpur,rural,not_stated,females,690
census-india-2011,sources/census-2011/c-series/state-mdds/c01-21-odisha.xls,3cfc1100df768aa8,census-c01-extract-v1.1.0-20260528T003617Z,C0101,21,372,00000,000000,District - Sambalpur,urban,all,persons,308093
census-india-2011,sources/census-2011/c-series/state-mdds/c01-21-odisha.xls,3cfc1100df768aa8,census-c01-extract-v1.1.0-20260528T003617Z,C0101,21,372,00000,000000,District - Sambalpur,urban,all,males,158185
census-india-2011,sources/census-2011/c-series/state-mdds/c01-21-odisha.xls,3cfc1100df768aa8,census-c01-extract-v1.1.0-20260528T003617Z,C0101,21,372,00000,000000,District - Sambalpur,urban,all,females,149908
census-india-2011,sources/census-2011/c-series/state-mdds/c01-21-odisha.xls,3cfc1100df768aa8,census-c01-extract-v1.1.0-20260528T003617Z,C0101,21,372,00000,000000,District - Sambalpur,urban,hindu,persons,280253
census-india-2011,sources/census-2011/c-series/state-mdds/c01-21-odisha.xls,3cfc1100df768aa8,census-c01-extract-v1.1.0-20260528T003617Z,C0101,21,372,00000,000000,District - Sambalpur,urban,hindu,males,143855
census-india-2011,sources/census-2011/c-series/state-mdds/c01-21-odisha.xls,3cfc1100df768aa8,census-c01-extract-v1.1.0-20260528T003617Z,C0101,21,372,00000,000000,District - Sambalpur,urban,hindu,females,136398
census-india-2011,sources/census-2011/c-series/state-mdds/c01-21-odisha.xls,3cfc1100df768aa8,census-c01-extract-v1.1.0-20260528T003617Z,C0101,21,372,00000,000000,District - Sambalpur,urban,muslim,persons,17718
census-india-2011,sources/census-2011/c-series/state-mdds/c01-21-odisha.xls,3cfc1100df768aa8,census-c01-extract-v1.1.0-20260528T003617Z,C0101,21,372,00000,000000,District - Sambalpur,urban,muslim,males,9279
census-india-2011,sources/census-2011/c-series/state-mdds/c01-21-odisha.xls,3cfc1100df768aa8,census-c01-extract-v1.1.0-20260528T003617Z,C0101,21,372,00000,000000,District - Sambalpur,urban,muslim,females,8439
census-india-2011,sources/census-2011/c-series/state-mdds/c01-21-odisha.xls,3cfc1100df768aa8,census-c01-extract-v1.1.0-20260528T003617Z,C0101,21,372,00000,000000,District - Sambalpur,urban,christian,persons,6763
census-india-2011,sources/census-2011/c-series/state-mdds/c01-21-odisha.xls,3cfc1100df768aa8,census-c01-extract-v1.1.0-20260528T003617Z,C0101,21,372,00000,000000,District - Sambalpur,urban,christian,males,3352
census-india-2011,sources/census-2011/c-series/state-mdds/c01-21-odisha.xls,3cfc1100df768aa8,census-c01-extract-v1.1.0-20260528T003617Z,C0101,21,372,00000,000000,District - Sambalpur,urban,christian,females,3411
census-india-2011,sources/census-2011/c-series/state-mdds/c01-21-odisha.xls,3cfc1100df768aa8,census-c01-extract-v1.1.0-20260528T003617Z,C0101,21,372,00000,000000,District - Sambalpur,urban,sikh,persons,2210
census-india-2011,sources/census-2011/c-series/state-mdds/c01-21-odisha.xls,3cfc1100df768aa8,census-c01-extract-v1.1.0-20260528T003617Z,C0101,21,372,00000,000000,District - Sambalpur,urban,sikh,males,1114
census-india-2011,sources/census-2011/c-series/state-mdds/c01-21-odisha.xls,3cfc1100df768aa8,census-c01-extract-v1.1.0-20260528T003617Z,C0101,21,372,00000,000000,District - Sambalpur,urban,sikh,females,1096
census-india-2011,sources/census-2011/c-series/state-mdds/c01-21-odisha.xls,3cfc1100df768aa8,census-c01-extract-v1.1.0-20260528T003617Z,C0101,21,372,00000,000000,District - Sambalpur,urban,buddhist,persons,126
census-india-2011,sources/census-2011/c-series/state-mdds/c01-21-odisha.xls,3cfc1100df768aa8,census-c01-extract-v1.1.0-20260528T003617Z,C0101,21,372,00000,000000,District - Sambalpur,urban,buddhist,males,62
census-india-2011,sources/census-2011/c-series/state-mdds/c01-21-odisha.xls,3cfc1100df768aa8,census-c01-extract-v1.1.0-20260528T003617Z,C0101,21,372,00000,000000,District - Sambalpur,urban,buddhist,females,64
census-india-2011,sources/census-2011/c-series/state-mdds/c01-21-odisha.xls,3cfc1100df768aa8,census-c01-extract-v1.1.0-20260528T003617Z,C0101,21,372,00000,000000,District - Sambalpur,urban,jain,persons,30
census-india-2011,sources/census-2011/c-series/state-mdds/c01-21-odisha.xls,3cfc1100df768aa8,census-c01-extract-v1.1.0-20260528T003617Z,C0101,21,372,00000,000000,District - Sambalpur,urban,jain,males,15
census-india-2011,sources/census-2011/c-series/state-mdds/c01-21-odisha.xls,3cfc1100df768aa8,census-c01-extract-v1.1.0-20260528T003617Z,C0101,21,372,00000,000000,District - Sambalpur,urban,jain,females,15
census-india-2011,sources/census-2011/c-series/state-mdds/c01-21-odisha.xls,3cfc1100df768aa8,census-c01-extract-v1.1.0-20260528T003617Z,C0101,21,372,00000,000000,District - Sambalpur,urban,other,persons,253
census-india-2011,sources/census-2011/c-series/state-mdds/c01-21-odisha.xls,3cfc1100df768aa8,census-c01-extract-v1.1.0-20260528T003617Z,C0101,21,372,00000,000000,District - Sambalpur,urban,other,males,124
census-india-2011,sources/census-2011/c-series/state-mdds/c01-21-odisha.xls,3cfc1100df768aa8,census-c01-extract-v1.1.0-20260528T003617Z,C0101,21,372,00000,000000,District - Sambalpur,urban,other,females,129
census-india-2011,sources/census-2011/c-series/state-mdds/c01-21-odisha.xls,3cfc1100df768aa8,census-c01-extract-v1.1.0-20260528T003617Z,C0101,21,372,00000,000000,District - Sambalpur,urban,not_stated,persons,740
census-india-2011,sources/census-2011/c-series/state-mdds/c01-21-odisha.xls,3cfc1100df768aa8,census-c01-extract-v1.1.0-20260528T003617Z,C0101,21,372,00000,000000,District - Sambalpur,urban,not_stated,males,384
census-india-2011,sources/census-2011/c-series/state-mdds/c01-21-odisha.xls,3cfc1100df768aa8,census-c01-extract-v1.1.0-20260528T003617Z,C0101,21,372,00000,000000,District - Sambalpur,urban,not_stated,females,356
census-india-2011,sources/census-2011/c-series/state-mdds/c01-21-odisha.xls,3cfc1100df768aa8,census-c01-extract-v1.1.0-20260528T003617Z,C0101,21,373,00000,000000,District - Debagarh,total,all,persons,312520
census-india-2011,sources/census-2011/c-series/state-mdds/c01-21-odisha.xls,3cfc1100df768aa8,census-c01-extract-v1.1.0-20260528T003617Z,C0101,21,373,00000,000000,District - Debagarh,total,all,males,158230
census-india-2011,sources/census-2011/c-series/state-mdds/c01-21-odisha.xls,3cfc1100df768aa8,census-c01-extract-v1.1.0-20260528T003617Z,C0101,21,373,00000,000000,District - Debagarh,total,all,females,154290
census-india-2011,sources/census-2011/c-series/state-mdds/c01-21-odisha.xls,3cfc1100df768aa8,census-c01-extract-v1.1.0-20260528T003617Z,C0101,21,373,00000,000000,District - Debagarh,total,hindu,persons,296001
census-india-2011,sources/census-2011/c-series/state-mdds/c01-21-odisha.xls,3cfc1100df768aa8,census-c01-extract-v1.1.0-20260528T003617Z,C0101,21,373,00000,000000,District - Debagarh,total,hindu,males,149871
census-india-2011,sources/census-2011/c-series/state-mdds/c01-21-odisha.xls,3cfc1100df768aa8,census-c01-extract-v1.1.0-20260528T003617Z,C0101,21,373,00000,000000,District - Debagarh,total,hindu,females,146130
census-india-2011,sources/census-2011/c-series/state-mdds/c01-21-odisha.xls,3cfc1100df768aa8,census-c01-extract-v1.1.0-20260528T003617Z,C0101,21,373,00000,000000,District - Debagarh,total,muslim,persons,704
census-india-2011,sources/census-2011/c-series/state-mdds/c01-21-odisha.xls,3cfc1100df768aa8,census-c01-extract-v1.1.0-20260528T003617Z,C0101,21,373,00000,000000,District - Debagarh,total,muslim,males,383
census-india-2011,sources/census-2011/c-series/state-mdds/c01-21-odisha.xls,3cfc1100df768aa8,census-c01-extract-v1.1.0-20260528T003617Z,C0101,21,373,00000,000000,District - Debagarh,total,muslim,females,321
census-india-2011,sources/census-2011/c-series/state-mdds/c01-21-odisha.xls,3cfc1100df768aa8,census-c01-extract-v1.1.0-20260528T003617Z,C0101,21,373,00000,000000,District - Debagarh,total,christian,persons,14518
census-india-2011,sources/census-2011/c-series/state-mdds/c01-21-odisha.xls,3cfc1100df768aa8,census-c01-extract-v1.1.0-20260528T003617Z,C0101,21,373,00000,000000,District - Debagarh,total,christian,males,7303
census-india-2011,sources/census-2011/c-series/state-mdds/c01-21-odisha.xls,3cfc1100df768aa8,census-c01-extract-v1.1.0-20260528T003617Z,C0101,21,373,00000,000000,District - Debagarh,total,christian,females,7215
census-india-2011,sources/census-2011/c-series/state-mdds/c01-21-odisha.xls,3cfc1100df768aa8,census-c01-extract-v1.1.0-20260528T003617Z,C0101,21,373,00000,000000,District - Debagarh,total,sikh,persons,53
census-india-2011,sources/census-2011/c-series/state-mdds/c01-21-odisha.xls,3cfc1100df768aa8,census-c01-extract-v1.1.0-20260528T003617Z,C0101,21,373,00000,000000,District - Debagarh,total,sikh,males,32
census-india-2011,sources/census-2011/c-series/state-mdds/c01-21-odisha.xls,3cfc1100df768aa8,census-c01-extract-v1.1.0-20260528T003617Z,C0101,21,373,00000,000000,District - Debagarh,total,sikh,females,21
census-india-2011,sources/census-2011/c-series/state-mdds/c01-21-odisha.xls,3cfc1100df768aa8,census-c01-extract-v1.1.0-20260528T003617Z,C0101,21,373,00000,000000,District - Debagarh,total,buddhist,persons,102
census-india-2011,sources/census-2011/c-series/state-mdds/c01-21-odisha.xls,3cfc1100df768aa8,census-c01-extract-v1.1.0-20260528T003617Z,C0101,21,373,00000,000000,District - Debagarh,total,buddhist,males,47
census-india-2011,sources/census-2011/c-series/state-mdds/c01-21-odisha.xls,3cfc1100df768aa8,census-c01-extract-v1.1.0-20260528T003617Z,C0101,21,373,00000,000000,District - Debagarh,total,buddhist,females,55
census-india-2011,sources/census-2011/c-series/state-mdds/c01-21-odisha.xls,3cfc1100df768aa8,census-c01-extract-v1.1.0-20260528T003617Z,C0101,21,373,00000,000000,District - Debagarh,total,jain,persons,7
census-india-2011,sources/census-2011/c-series/state-mdds/c01-21-odisha.xls,3cfc1100df768aa8,census-c01-extract-v1.1.0-20260528T003617Z,C0101,21,373,00000,000000,District - Debagarh,total,jain,males,3
census-india-2011,sources/census-2011/c-series/state-mdds/c01-21-odisha.xls,3cfc1100df768aa8,census-c01-extract-v1.1.0-20260528T003617Z,C0101,21,373,00000,000000,District - Debagarh,total,jain,females,4
census-india-2011,sources/census-2011/c-series/state-mdds/c01-21-odisha.xls,3cfc1100df768aa8,census-c01-extract-v1.1.0-20260528T003617Z,C0101,21,373,00000,000000,District - Debagarh,total,other,persons,409
census-india-2011,sources/census-2011/c-series/state-mdds/c01-21-odisha.xls,3cfc1100df768aa8,census-c01-extract-v1.1.0-20260528T003617Z,C0101,21,373,00000,000000,District - Debagarh,total,other,males,208
census-india-2011,sources/census-2011/c-series/state-mdds/c01-21-odisha.xls,3cfc1100df768aa8,census-c01-extract-v1.1.0-20260528T003617Z,C0101,21,373,00000,000000,District - Debagarh,total,other,females,201
census-india-2011,sources/census-2011/c-series/state-mdds/c01-21-odisha.xls,3cfc1100df768aa8,census-c01-extract-v1.1.0-20260528T003617Z,C0101,21,373,00000,000000,District - Debagarh,total,not_stated,persons,726
census-india-2011,sources/census-2011/c-series/state-mdds/c01-21-odisha.xls,3cfc1100df768aa8,census-c01-extract-v1.1.0-20260528T003617Z,C0101,21,373,00000,000000,District - Debagarh,total,not_stated,males,383
census-india-2011,sources/census-2011/c-series/state-mdds/c01-21-odisha.xls,3cfc1100df768aa8,census-c01-extract-v1.1.0-20260528T003617Z,C0101,21,373,00000,000000,District - Debagarh,total,not_stated,females,343
census-india-2011,sources/census-2011/c-series/state-mdds/c01-21-odisha.xls,3cfc1100df768aa8,census-c01-extract-v1.1.0-20260528T003617Z,C0101,21,373,00000,000000,District - Debagarh,rural,all,persons,290130
census-india-2011,sources/census-2011/c-series/state-mdds/c01-21-odisha.xls,3cfc1100df768aa8,census-c01-extract-v1.1.0-20260528T003617Z,C0101,21,373,00000,000000,District - Debagarh,rural,all,males,146666
census-india-2011,sources/census-2011/c-series/state-mdds/c01-21-odisha.xls,3cfc1100df768aa8,census-c01-extract-v1.1.0-20260528T003617Z,C0101,21,373,00000,000000,District - Debagarh,rural,all,females,143464
census-india-2011,sources/census-2011/c-series/state-mdds/c01-21-odisha.xls,3cfc1100df768aa8,census-c01-extract-v1.1.0-20260528T003617Z,C0101,21,373,00000,000000,District - Debagarh,rural,hindu,persons,275185
census-india-2011,sources/census-2011/c-series/state-mdds/c01-21-odisha.xls,3cfc1100df768aa8,census-c01-extract-v1.1.0-20260528T003617Z,C0101,21,373,00000,000000,District - Debagarh,rural,hindu,males,139158
census-india-2011,sources/census-2011/c-series/state-mdds/c01-21-odisha.xls,3cfc1100df768aa8,census-c01-extract-v1.1.0-20260528T003617Z,C0101,21,373,00000,000000,District - Debagarh,rural,hindu,females,136027
census-india-2011,sources/census-2011/c-series/state-mdds/c01-21-odisha.xls,3cfc1100df768aa8,census-c01-extract-v1.1.0-20260528T003617Z,C0101,21,373,00000,000000,District - Debagarh,rural,muslim,persons,381
census-india-2011,sources/census-2011/c-series/state-mdds/c01-21-odisha.xls,3cfc1100df768aa8,census-c01-extract-v1.1.0-20260528T003617Z,C0101,21,373,00000,000000,District - Debagarh,rural,muslim,males,212
census-india-2011,sources/census-2011/c-series/state-mdds/c01-21-odisha.xls,3cfc1100df768aa8,census-c01-extract-v1.1.0-20260528T003617Z,C0101,21,373,00000,000000,District - Debagarh,rural,muslim,females,169
census-india-2011,sources/census-2011/c-series/state-mdds/c01-21-odisha.xls,3cfc1100df768aa8,census-c01-extract-v1.1.0-20260528T003617Z,C0101,21,373,00000,000000,District - Debagarh,rural,christian,persons,13317
census-india-2011,sources/census-2011/c-series/state-mdds/c01-21-odisha.xls,3cfc1100df768aa8,census-c01-extract-v1.1.0-20260528T003617Z,C0101,21,373,00000,000000,District - Debagarh,rural,christian,males,6648
census-india-2011,sources/census-2011/c-series/state-mdds/c01-21-odisha.xls,3cfc1100df768aa8,census-c01-extract-v1.1.0-20260528T003617Z,C0101,21,373,00000,000000,District - Debagarh,rural,christian,females,6669
census-india-2011,sources/census-2011/c-series/state-mdds/c01-21-odisha.xls,3cfc1100df768aa8,census-c01-extract-v1.1.0-20260528T003617Z,C0101,21,373,00000,000000,District - Debagarh,rural,sikh,persons,48
census-india-2011,sources/census-2011/c-series/state-mdds/c01-21-odisha.xls,3cfc1100df768aa8,census-c01-extract-v1.1.0-20260528T003617Z,C0101,21,373,00000,000000,District - Debagarh,rural,sikh,males,28
census-india-2011,sources/census-2011/c-series/state-mdds/c01-21-odisha.xls,3cfc1100df768aa8,census-c01-extract-v1.1.0-20260528T003617Z,C0101,21,373,00000,000000,District - Debagarh,rural,sikh,females,20
census-india-2011,sources/census-2011/c-series/state-mdds/c01-21-odisha.xls,3cfc1100df768aa8,census-c01-extract-v1.1.0-20260528T003617Z,C0101,21,373,00000,000000,District - Debagarh,rural,buddhist,persons,98
census-india-2011,sources/census-2011/c-series/state-mdds/c01-21-odisha.xls,3cfc1100df768aa8,census-c01-extract-v1.1.0-20260528T003617Z,C0101,21,373,00000,000000,District - Debagarh,rural,buddhist,males,45
census-india-2011,sources/census-2011/c-series/state-mdds/c01-21-odisha.xls,3cfc1100df768aa8,census-c01-extract-v1.1.0-20260528T003617Z,C0101,21,373,00000,000000,District - Debagarh,rural,buddhist,females,53
census-india-2011,sources/census-2011/c-series/state-mdds/c01-21-odisha.xls,3cfc1100df768aa8,census-c01-extract-v1.1.0-20260528T003617Z,C0101,21,373,00000,000000,District - Debagarh,rural,jain,persons,7
census-india-2011,sources/census-2011/c-series/state-mdds/c01-21-odisha.xls,3cfc1100df768aa8,census-c01-extract-v1.1.0-20260528T003617Z,C0101,21,373,00000,000000,District - Debagarh,rural,jain,males,3
census-india-2011,sources/census-2011/c-series/state-mdds/c01-21-odisha.xls,3cfc1100df768aa8,census-c01-extract-v1.1.0-20260528T003617Z,C0101,21,373,00000,000000,District - Debagarh,rural,jain,females,4
census-india-2011,sources/census-2011/c-series/state-mdds/c01-21-odisha.xls,3cfc1100df768aa8,census-c01-extract-v1.1.0-20260528T003617Z,C0101,21,373,00000,000000,District - Debagarh,rural,other,persons,409
census-india-2011,sources/census-2011/c-series/state-mdds/c01-21-odisha.xls,3cfc1100df768aa8,census-c01-extract-v1.1.0-20260528T003617Z,C0101,21,373,00000,000000,District - Debagarh,rural,other,males,208
census-india-2011,sources/census-2011/c-series/state-mdds/c01-21-odisha.xls,3cfc1100df768aa8,census-c01-extract-v1.1.0-20260528T003617Z,C0101,21,373,00000,000000,District - Debagarh,rural,other,females,201
census-india-2011,sources/census-2011/c-series/state-mdds/c01-21-odisha.xls,3cfc1100df768aa8,census-c01-extract-v1.1.0-20260528T003617Z,C0101,21,373,00000,000000,District - Debagarh,rural,not_stated,persons,685
census-india-2011,sources/census-2011/c-series/state-mdds/c01-21-odisha.xls,3cfc1100df768aa8,census-c01-extract-v1.1.0-20260528T003617Z,C0101,21,373,00000,000000,District - Debagarh,rural,not_stated,males,364
census-india-2011,sources/census-2011/c-series/state-mdds/c01-21-odisha.xls,3cfc1100df768aa8,census-c01-extract-v1.1.0-20260528T003617Z,C0101,21,373,00000,000000,District - Debagarh,rural,not_stated,females,321
census-india-2011,sources/census-2011/c-series/state-mdds/c01-21-odisha.xls,3cfc1100df768aa8,census-c01-extract-v1.1.0-20260528T003617Z,C0101,21,373,00000,000000,District - Debagarh,urban,all,persons,22390
census-india-2011,sources/census-2011/c-series/state-mdds/c01-21-odisha.xls,3cfc1100df768aa8,census-c01-extract-v1.1.0-20260528T003617Z,C0101,21,373,00000,000000,District - Debagarh,urban,all,males,11564
census-india-2011,sources/census-2011/c-series/state-mdds/c01-21-odisha.xls,3cfc1100df768aa8,census-c01-extract-v1.1.0-20260528T003617Z,C0101,21,373,00000,000000,District - Debagarh,urban,all,females,10826
census-india-2011,sources/census-2011/c-series/state-mdds/c01-21-odisha.xls,3cfc1100df768aa8,census-c01-extract-v1.1.0-20260528T003617Z,C0101,21,373,00000,000000,District - Debagarh,urban,hindu,persons,20816
census-india-2011,sources/census-2011/c-series/state-mdds/c01-21-odisha.xls,3cfc1100df768aa8,census-c01-extract-v1.1.0-20260528T003617Z,C0101,21,373,00000,000000,District - Debagarh,urban,hindu,males,10713
census-india-2011,sources/census-2011/c-series/state-mdds/c01-21-odisha.xls,3cfc1100df768aa8,census-c01-extract-v1.1.0-20260528T003617Z,C0101,21,373,00000,000000,District - Debagarh,urban,hindu,females,10103
census-india-2011,sources/census-2011/c-series/state-mdds/c01-21-odisha.xls,3cfc1100df768aa8,census-c01-extract-v1.1.0-20260528T003617Z,C0101,21,373,00000,000000,District - Debagarh,urban,muslim,persons,323
census-india-2011,sources/census-2011/c-series/state-mdds/c01-21-odisha.xls,3cfc1100df768aa8,census-c01-extract-v1.1.0-20260528T003617Z,C0101,21,373,00000,000000,District - Debagarh,urban,muslim,males,171
census-india-2011,sources/census-2011/c-series/state-mdds/c01-21-odisha.xls,3cfc1100df768aa8,census-c01-extract-v1.1.0-20260528T003617Z,C0101,21,373,00000,000000,District - Debagarh,urban,muslim,females,152
census-india-2011,sources/census-2011/c-series/state-mdds/c01-21-odisha.xls,3cfc1100df768aa8,census-c01-extract-v1.1.0-20260528T003617Z,C0101,21,373,00000,000000,District - Debagarh,urban,christian,persons,1201
census-india-2011,sources/census-2011/c-series/state-mdds/c01-21-odisha.xls,3cfc1100df768aa8,census-c01-extract-v1.1.0-20260528T003617Z,C0101,21,373,00000,000000,District - Debagarh,urban,christian,males,655
census-india-2011,sources/census-2011/c-series/state-mdds/c01-21-odisha.xls,3cfc1100df768aa8,census-c01-extract-v1.1.0-20260528T003617Z,C0101,21,373,00000,000000,District - Debagarh,urban,christian,females,546
census-india-2011,sources/census-2011/c-series/state-mdds/c01-21-odisha.xls,3cfc1100df768aa8,census-c01-extract-v1.1.0-20260528T003617Z,C0101,21,373,00000,000000,District - Debagarh,urban,sikh,persons,5
census-india-2011,sources/census-2011/c-series/state-mdds/c01-21-odisha.xls,3cfc1100df768aa8,census-c01-extract-v1.1.0-20260528T003617Z,C0101,21,373,00000,000000,District - Debagarh,urban,sikh,males,4
census-india-2011,sources/census-2011/c-series/state-mdds/c01-21-odisha.xls,3cfc1100df768aa8,census-c01-extract-v1.1.0-20260528T003617Z,C0101,21,373,00000,000000,District - Debagarh,urban,sikh,females,1
census-india-2011,sources/census-2011/c-series/state-mdds/c01-21-odisha.xls,3cfc1100df768aa8,census-c01-extract-v1.1.0-20260528T003617Z,C0101,21,373,00000,000000,District - Debagarh,urban,buddhist,persons,4
census-india-2011,sources/census-2011/c-series/state-mdds/c01-21-odisha.xls,3cfc1100df768aa8,census-c01-extract-v1.1.0-20260528T003617Z,C0101,21,373,00000,000000,District - Debagarh,urban,buddhist,males,2
census-india-2011,sources/census-2011/c-series/state-mdds/c01-21-odisha.xls,3cfc1100df768aa8,census-c01-extract-v1.1.0-20260528T003617Z,C0101,21,373,00000,000000,District - Debagarh,urban,buddhist,females,2
census-india-2011,sources/census-2011/c-series/state-mdds/c01-21-odisha.xls,3cfc1100df768aa8,census-c01-extract-v1.1.0-20260528T003617Z,C0101,21,373,00000,000000,District - Debagarh,urban,jain,persons,0
census-india-2011,sources/census-2011/c-series/state-mdds/c01-21-odisha.xls,3cfc1100df768aa8,census-c01-extract-v1.1.0-20260528T003617Z,C0101,21,373,00000,000000,District - Debagarh,urban,jain,males,0
census-india-2011,sources/census-2011/c-series/state-mdds/c01-21-odisha.xls,3cfc1100df768aa8,census-c01-extract-v1.1.0-20260528T003617Z,C0101,21,373,00000,000000,District - Debagarh,urban,jain,females,0
census-india-2011,sources/census-2011/c-series/state-mdds/c01-21-odisha.xls,3cfc1100df768aa8,census-c01-extract-v1.1.0-20260528T003617Z,C0101,21,373,00000,000000,District - Debagarh,urban,other,persons,0
census-india-2011,sources/census-2011/c-series/state-mdds/c01-21-odisha.xls,3cfc1100df768aa8,census-c01-extract-v1.1.0-20260528T003617Z,C0101,21,373,00000,000000,District - Debagarh,urban,other,males,0
census-india-2011,sources/census-2011/c-series/state-mdds/c01-21-odisha.xls,3cfc1100df768aa8,census-c01-extract-v1.1.0-20260528T003617Z,C0101,21,373,00000,000000,District - Debagarh,urban,other,females,0
census-india-2011,sources/census-2011/c-series/state-mdds/c01-21-odisha.xls,3cfc1100df768aa8,census-c01-extract-v1.1.0-20260528T003617Z,C0101,21,373,00000,000000,District - Debagarh,urban,not_stated,persons,41
census-india-2011,sources/census-2011/c-series/state-mdds/c01-21-odisha.xls,3cfc1100df768aa8,census-c01-extract-v1.1.0-20260528T003617Z,C0101,21,373,00000,000000,District - Debagarh,urban,not_stated,males,19
census-india-2011,sources/census-2011/c-series/state-mdds/c01-21-odisha.xls,3cfc1100df768aa8,census-c01-extract-v1.1.0-20260528T003617Z,C0101,21,373,00000,000000,District - Debagarh,urban,not_stated,females,22
census-india-2011,sources/census-2011/c-series/state-mdds/c01-21-odisha.xls,3cfc1100df768aa8,census-c01-extract-v1.1.0-20260528T003617Z,C0101,21,374,00000,000000,District - Sundargarh,total,all,persons,2093437
census-india-2011,sources/census-2011/c-series/state-mdds/c01-21-odisha.xls,3cfc1100df768aa8,census-c01-extract-v1.1.0-20260528T003617Z,C0101,21,374,00000,000000,District - Sundargarh,total,all,males,1061147
census-india-2011,sources/census-2011/c-series/state-mdds/c01-21-odisha.xls,3cfc1100df768aa8,census-c01-extract-v1.1.0-20260528T003617Z,C0101,21,374,00000,000000,District - Sundargarh,total,all,females,1032290
census-india-2011,sources/census-2011/c-series/state-mdds/c01-21-odisha.xls,3cfc1100df768aa8,census-c01-extract-v1.1.0-20260528T003617Z,C0101,21,374,00000,000000,District - Sundargarh,total,hindu,persons,1532352
census-india-2011,sources/census-2011/c-series/state-mdds/c01-21-odisha.xls,3cfc1100df768aa8,census-c01-extract-v1.1.0-20260528T003617Z,C0101,21,374,00000,000000,District - Sundargarh,total,hindu,males,781053
census-india-2011,sources/census-2011/c-series/state-mdds/c01-21-odisha.xls,3cfc1100df768aa8,census-c01-extract-v1.1.0-20260528T003617Z,C0101,21,374,00000,000000,District - Sundargarh,total,hindu,females,751299
census-india-2011,sources/census-2011/c-series/state-mdds/c01-21-odisha.xls,3cfc1100df768aa8,census-c01-extract-v1.1.0-20260528T003617Z,C0101,21,374,00000,000000,District - Sundargarh,total,muslim,persons,71391
census-india-2011,sources/census-2011/c-series/state-mdds/c01-21-odisha.xls,3cfc1100df768aa8,census-c01-extract-v1.1.0-20260528T003617Z,C0101,21,374,00000,000000,District - Sundargarh,total,muslim,males,37810
census-india-2011,sources/census-2011/c-series/state-mdds/c01-21-odisha.xls,3cfc1100df768aa8,census-c01-extract-v1.1.0-20260528T003617Z,C0101,21,374,00000,000000,District - Sundargarh,total,muslim,females,33581
census-india-2011,sources/census-2011/c-series/state-mdds/c01-21-odisha.xls,3cfc1100df768aa8,census-c01-extract-v1.1.0-20260528T003617Z,C0101,21,374,00000,000000,District - Sundargarh,total,christian,persons,385011
census-india-2011,sources/census-2011/c-series/state-mdds/c01-21-odisha.xls,3cfc1100df768aa8,census-c01-extract-v1.1.0-20260528T003617Z,C0101,21,374,00000,000000,District - Sundargarh,total,christian,males,190065
census-india-2011,sources/census-2011/c-series/state-mdds/c01-21-odisha.xls,3cfc1100df768aa8,census-c01-extract-v1.1.0-20260528T003617Z,C0101,21,374,00000,000000,District - Sundargarh,total,christian,females,194946
census-india-2011,sources/census-2011/c-series/state-mdds/c01-21-odisha.xls,3cfc1100df768aa8,census-c01-extract-v1.1.0-20260528T003617Z,C0101,21,374,00000,000000,District - Sundargarh,total,sikh,persons,5713
census-india-2011,sources/census-2011/c-series/state-mdds/c01-21-odisha.xls,3cfc1100df768aa8,census-c01-extract-v1.1.0-20260528T003617Z,C0101,21,374,00000,000000,District - Sundargarh,total,sikh,males,2995
census-india-2011,sources/census-2011/c-series/state-mdds/c01-21-odisha.xls,3cfc1100df768aa8,census-c01-extract-v1.1.0-20260528T003617Z,C0101,21,374,00000,000000,District - Sundargarh,total,sikh,females,2718
census-india-2011,sources/census-2011/c-series/state-mdds/c01-21-odisha.xls,3cfc1100df768aa8,census-c01-extract-v1.1.0-20260528T003617Z,C0101,21,374,00000,000000,District - Sundargarh,total,buddhist,persons,710
census-india-2011,sources/census-2011/c-series/state-mdds/c01-21-odisha.xls,3cfc1100df768aa8,census-c01-extract-v1.1.0-20260528T003617Z,C0101,21,374,00000,000000,District - Sundargarh,total,buddhist,males,374
census-india-2011,sources/census-2011/c-series/state-mdds/c01-21-odisha.xls,3cfc1100df768aa8,census-c01-extract-v1.1.0-20260528T003617Z,C0101,21,374,00000,000000,District - Sundargarh,total,buddhist,females,336
census-india-2011,sources/census-2011/c-series/state-mdds/c01-21-odisha.xls,3cfc1100df768aa8,census-c01-extract-v1.1.0-20260528T003617Z,C0101,21,374,00000,000000,District - Sundargarh,total,jain,persons,721
census-india-2011,sources/census-2011/c-series/state-mdds/c01-21-odisha.xls,3cfc1100df768aa8,census-c01-extract-v1.1.0-20260528T003617Z,C0101,21,374,00000,000000,District - Sundargarh,total,jain,males,388
census-india-2011,sources/census-2011/c-series/state-mdds/c01-21-odisha.xls,3cfc1100df768aa8,census-c01-extract-v1.1.0-20260528T003617Z,C0101,21,374,00000,000000,District - Sundargarh,total,jain,females,333
census-india-2011,sources/census-2011/c-series/state-mdds/c01-21-odisha.xls,3cfc1100df768aa8,census-c01-extract-v1.1.0-20260528T003617Z,C0101,21,374,00000,000000,District - Sundargarh,total,other,persons,89986
census-india-2011,sources/census-2011/c-series/state-mdds/c01-21-odisha.xls,3cfc1100df768aa8,census-c01-extract-v1.1.0-20260528T003617Z,C0101,21,374,00000,000000,District - Sundargarh,total,other,males,44783
census-india-2011,sources/census-2011/c-series/state-mdds/c01-21-odisha.xls,3cfc1100df768aa8,census-c01-extract-v1.1.0-20260528T003617Z,C0101,21,374,00000,000000,District - Sundargarh,total,other,females,45203
census-india-2011,sources/census-2011/c-series/state-mdds/c01-21-odisha.xls,3cfc1100df768aa8,census-c01-extract-v1.1.0-20260528T003617Z,C0101,21,374,00000,000000,District - Sundargarh,total,not_stated,persons,7553
census-india-2011,sources/census-2011/c-series/state-mdds/c01-21-odisha.xls,3cfc1100df768aa8,census-c01-extract-v1.1.0-20260528T003617Z,C0101,21,374,00000,000000,District - Sundargarh,total,not_stated,males,3679
census-india-2011,sources/census-2011/c-series/state-mdds/c01-21-odisha.xls,3cfc1100df768aa8,census-c01-extract-v1.1.0-20260528T003617Z,C0101,21,374,00000,000000,District - Sundargarh,total,not_stated,females,3874
census-india-2011,sources/census-2011/c-series/state-mdds/c01-21-odisha.xls,3cfc1100df768aa8,census-c01-extract-v1.1.0-20260528T003617Z,C0101,21,374,00000,000000,District - Sundargarh,rural,all,persons,1355340
census-india-2011,sources/census-2011/c-series/state-mdds/c01-21-odisha.xls,3cfc1100df768aa8,census-c01-extract-v1.1.0-20260528T003617Z,C0101,21,374,00000,000000,District - Sundargarh,rural,all,males,676068
census-india-2011,sources/census-2011/c-series/state-mdds/c01-21-odisha.xls,3cfc1100df768aa8,census-c01-extract-v1.1.0-20260528T003617Z,C0101,21,374,00000,000000,District - Sundargarh,rural,all,females,679272
census-india-2011,sources/census-2011/c-series/state-mdds/c01-21-odisha.xls,3cfc1100df768aa8,census-c01-extract-v1.1.0-20260528T003617Z,C0101,21,374,00000,000000,District - Sundargarh,rural,hindu,persons,937149
census-india-2011,sources/census-2011/c-series/state-mdds/c01-21-odisha.xls,3cfc1100df768aa8,census-c01-extract-v1.1.0-20260528T003617Z,C0101,21,374,00000,000000,District - Sundargarh,rural,hindu,males,468396
census-india-2011,sources/census-2011/c-series/state-mdds/c01-21-odisha.xls,3cfc1100df768aa8,census-c01-extract-v1.1.0-20260528T003617Z,C0101,21,374,00000,000000,District - Sundargarh,rural,hindu,females,468753
census-india-2011,sources/census-2011/c-series/state-mdds/c01-21-odisha.xls,3cfc1100df768aa8,census-c01-extract-v1.1.0-20260528T003617Z,C0101,21,374,00000,000000,District - Sundargarh,rural,muslim,persons,19679
census-india-2011,sources/census-2011/c-series/state-mdds/c01-21-odisha.xls,3cfc1100df768aa8,census-c01-extract-v1.1.0-20260528T003617Z,C0101,21,374,00000,000000,District - Sundargarh,rural,muslim,males,10222
census-india-2011,sources/census-2011/c-series/state-mdds/c01-21-odisha.xls,3cfc1100df768aa8,census-c01-extract-v1.1.0-20260528T003617Z,C0101,21,374,00000,000000,District - Sundargarh,rural,muslim,females,9457
census-india-2011,sources/census-2011/c-series/state-mdds/c01-21-odisha.xls,3cfc1100df768aa8,census-c01-extract-v1.1.0-20260528T003617Z,C0101,21,374,00000,000000,District - Sundargarh,rural,christian,persons,311532
census-india-2011,sources/census-2011/c-series/state-mdds/c01-21-odisha.xls,3cfc1100df768aa8,census-c01-extract-v1.1.0-20260528T003617Z,C0101,21,374,00000,000000,District - Sundargarh,rural,christian,males,154251
census-india-2011,sources/census-2011/c-series/state-mdds/c01-21-odisha.xls,3cfc1100df768aa8,census-c01-extract-v1.1.0-20260528T003617Z,C0101,21,374,00000,000000,District - Sundargarh,rural,christian,females,157281
census-india-2011,sources/census-2011/c-series/state-mdds/c01-21-odisha.xls,3cfc1100df768aa8,census-c01-extract-v1.1.0-20260528T003617Z,C0101,21,374,00000,000000,District - Sundargarh,rural,sikh,persons,469
census-india-2011,sources/census-2011/c-series/state-mdds/c01-21-odisha.xls,3cfc1100df768aa8,census-c01-extract-v1.1.0-20260528T003617Z,C0101,21,374,00000,000000,District - Sundargarh,rural,sikh,males,246
census-india-2011,sources/census-2011/c-series/state-mdds/c01-21-odisha.xls,3cfc1100df768aa8,census-c01-extract-v1.1.0-20260528T003617Z,C0101,21,374,00000,000000,District - Sundargarh,rural,sikh,females,223
census-india-2011,sources/census-2011/c-series/state-mdds/c01-21-odisha.xls,3cfc1100df768aa8,census-c01-extract-v1.1.0-20260528T003617Z,C0101,21,374,00000,000000,District - Sundargarh,rural,buddhist,persons,443
census-india-2011,sources/census-2011/c-series/state-mdds/c01-21-odisha.xls,3cfc1100df768aa8,census-c01-extract-v1.1.0-20260528T003617Z,C0101,21,374,00000,000000,District - Sundargarh,rural,buddhist,males,235
census-india-2011,sources/census-2011/c-series/state-mdds/c01-21-odisha.xls,3cfc1100df768aa8,census-c01-extract-v1.1.0-20260528T003617Z,C0101,21,374,00000,000000,District - Sundargarh,rural,buddhist,females,208
census-india-2011,sources/census-2011/c-series/state-mdds/c01-21-odisha.xls,3cfc1100df768aa8,census-c01-extract-v1.1.0-20260528T003617Z,C0101,21,374,00000,000000,District - Sundargarh,rural,jain,persons,79
census-india-2011,sources/census-2011/c-series/state-mdds/c01-21-odisha.xls,3cfc1100df768aa8,census-c01-extract-v1.1.0-20260528T003617Z,C0101,21,374,00000,000000,District - Sundargarh,rural,jain,males,43
census-india-2011,sources/census-2011/c-series/state-mdds/c01-21-odisha.xls,3cfc1100df768aa8,census-c01-extract-v1.1.0-20260528T003617Z,C0101,21,374,00000,000000,District - Sundargarh,rural,jain,females,36
census-india-2011,sources/census-2011/c-series/state-mdds/c01-21-odisha.xls,3cfc1100df768aa8,census-c01-extract-v1.1.0-20260528T003617Z,C0101,21,374,00000,000000,District - Sundargarh,rural,other,persons,80963
census-india-2011,sources/census-2011/c-series/state-mdds/c01-21-odisha.xls,3cfc1100df768aa8,census-c01-extract-v1.1.0-20260528T003617Z,C0101,21,374,00000,000000,District - Sundargarh,rural,other,males,40296
census-india-2011,sources/census-2011/c-series/state-mdds/c01-21-odisha.xls,3cfc1100df768aa8,census-c01-extract-v1.1.0-20260528T003617Z,C0101,21,374,00000,000000,District - Sundargarh,rural,other,females,40667
census-india-2011,sources/census-2011/c-series/state-mdds/c01-21-odisha.xls,3cfc1100df768aa8,census-c01-extract-v1.1.0-20260528T003617Z,C0101,21,374,00000,000000,District - Sundargarh,rural,not_stated,persons,5026
census-india-2011,sources/census-2011/c-series/state-mdds/c01-21-odisha.xls,3cfc1100df768aa8,census-c01-extract-v1.1.0-20260528T003617Z,C0101,21,374,00000,000000,District - Sundargarh,rural,not_stated,males,2379
census-india-2011,sources/census-2011/c-series/state-mdds/c01-21-odisha.xls,3cfc1100df768aa8,census-c01-extract-v1.1.0-20260528T003617Z,C0101,21,374,00000,000000,District - Sundargarh,rural,not_stated,females,2647
census-india-2011,sources/census-2011/c-series/state-mdds/c01-21-odisha.xls,3cfc1100df768aa8,census-c01-extract-v1.1.0-20260528T003617Z,C0101,21,374,00000,000000,District - Sundargarh,urban,all,persons,738097
census-india-2011,sources/census-2011/c-series/state-mdds/c01-21-odisha.xls,3cfc1100df768aa8,census-c01-extract-v1.1.0-20260528T003617Z,C0101,21,374,00000,000000,District - Sundargarh,urban,all,males,385079
census-india-2011,sources/census-2011/c-series/state-mdds/c01-21-odisha.xls,3cfc1100df768aa8,census-c01-extract-v1.1.0-20260528T003617Z,C0101,21,374,00000,000000,District - Sundargarh,urban,all,females,353018
census-india-2011,sources/census-2011/c-series/state-mdds/c01-21-odisha.xls,3cfc1100df768aa8,census-c01-extract-v1.1.0-20260528T003617Z,C0101,21,374,00000,000000,District - Sundargarh,urban,hindu,persons,595203
census-india-2011,sources/census-2011/c-series/state-mdds/c01-21-odisha.xls,3cfc1100df768aa8,census-c01-extract-v1.1.0-20260528T003617Z,C0101,21,374,00000,000000,District - Sundargarh,urban,hindu,males,312657
census-india-2011,sources/census-2011/c-series/state-mdds/c01-21-odisha.xls,3cfc1100df768aa8,census-c01-extract-v1.1.0-20260528T003617Z,C0101,21,374,00000,000000,District - Sundargarh,urban,hindu,females,282546
census-india-2011,sources/census-2011/c-series/state-mdds/c01-21-odisha.xls,3cfc1100df768aa8,census-c01-extract-v1.1.0-20260528T003617Z,C0101,21,374,00000,000000,District - Sundargarh,urban,muslim,persons,51712
census-india-2011,sources/census-2011/c-series/state-mdds/c01-21-odisha.xls,3cfc1100df768aa8,census-c01-extract-v1.1.0-20260528T003617Z,C0101,21,374,00000,000000,District - Sundargarh,urban,muslim,males,27588
census-india-2011,sources/census-2011/c-series/state-mdds/c01-21-odisha.xls,3cfc1100df768aa8,census-c01-extract-v1.1.0-20260528T003617Z,C0101,21,374,00000,000000,District - Sundargarh,urban,muslim,females,24124
census-india-2011,sources/census-2011/c-series/state-mdds/c01-21-odisha.xls,3cfc1100df768aa8,census-c01-extract-v1.1.0-20260528T003617Z,C0101,21,374,00000,000000,District - Sundargarh,urban,christian,persons,73479
census-india-2011,sources/census-2011/c-series/state-mdds/c01-21-odisha.xls,3cfc1100df768aa8,census-c01-extract-v1.1.0-20260528T003617Z,C0101,21,374,00000,000000,District - Sundargarh,urban,christian,males,35814
census-india-2011,sources/census-2011/c-series/state-mdds/c01-21-odisha.xls,3cfc1100df768aa8,census-c01-extract-v1.1.0-20260528T003617Z,C0101,21,374,00000,000000,District - Sundargarh,urban,christian,females,37665
census-india-2011,sources/census-2011/c-series/state-mdds/c01-21-odisha.xls,3cfc1100df768aa8,census-c01-extract-v1.1.0-20260528T003617Z,C0101,21,374,00000,000000,District - Sundargarh,urban,sikh,persons,5244
census-india-2011,sources/census-2011/c-series/state-mdds/c01-21-odisha.xls,3cfc1100df768aa8,census-c01-extract-v1.1.0-20260528T003617Z,C0101,21,374,00000,000000,District - Sundargarh,urban,sikh,males,2749
census-india-2011,sources/census-2011/c-series/state-mdds/c01-21-odisha.xls,3cfc1100df768aa8,census-c01-extract-v1.1.0-20260528T003617Z,C0101,21,374,00000,000000,District - Sundargarh,urban,sikh,females,2495
census-india-2011,sources/census-2011/c-series/state-mdds/c01-21-odisha.xls,3cfc1100df768aa8,census-c01-extract-v1.1.0-20260528T003617Z,C0101,21,374,00000,000000,District - Sundargarh,urban,buddhist,persons,267
census-india-2011,sources/census-2011/c-series/state-mdds/c01-21-odisha.xls,3cfc1100df768aa8,census-c01-extract-v1.1.0-20260528T003617Z,C0101,21,374,00000,000000,District - Sundargarh,urban,buddhist,males,139
census-india-2011,sources/census-2011/c-series/state-mdds/c01-21-odisha.xls,3cfc1100df768aa8,census-c01-extract-v1.1.0-20260528T003617Z,C0101,21,374,00000,000000,District - Sundargarh,urban,buddhist,females,128
census-india-2011,sources/census-2011/c-series/state-mdds/c01-21-odisha.xls,3cfc1100df768aa8,census-c01-extract-v1.1.0-20260528T003617Z,C0101,21,374,00000,000000,District - Sundargarh,urban,jain,persons,642
census-india-2011,sources/census-2011/c-series/state-mdds/c01-21-odisha.xls,3cfc1100df768aa8,census-c01-extract-v1.1.0-20260528T003617Z,C0101,21,374,00000,000000,District - Sundargarh,urban,jain,males,345
census-india-2011,sources/census-2011/c-series/state-mdds/c01-21-odisha.xls,3cfc1100df768aa8,census-c01-extract-v1.1.0-20260528T003617Z,C0101,21,374,00000,000000,District - Sundargarh,urban,jain,females,297
census-india-2011,sources/census-2011/c-series/state-mdds/c01-21-odisha.xls,3cfc1100df768aa8,census-c01-extract-v1.1.0-20260528T003617Z,C0101,21,374,00000,000000,District - Sundargarh,urban,other,persons,9023
census-india-2011,sources/census-2011/c-series/state-mdds/c01-21-odisha.xls,3cfc1100df768aa8,census-c01-extract-v1.1.0-20260528T003617Z,C0101,21,374,00000,000000,District - Sundargarh,urban,other,males,4487
census-india-2011,sources/census-2011/c-series/state-mdds/c01-21-odisha.xls,3cfc1100df768aa8,census-c01-extract-v1.1.0-20260528T003617Z,C0101,21,374,00000,000000,District - Sundargarh,urban,other,females,4536
census-india-2011,sources/census-2011/c-series/state-mdds/c01-21-odisha.xls,3cfc1100df768aa8,census-c01-extract-v1.1.0-20260528T003617Z,C0101,21,374,00000,000000,District - Sundargarh,urban,not_stated,persons,2527
census-india-2011,sources/census-2011/c-series/state-mdds/c01-21-odisha.xls,3cfc1100df768aa8,census-c01-extract-v1.1.0-20260528T003617Z,C0101,21,374,00000,000000,District - Sundargarh,urban,not_stated,males,1300
census-india-2011,sources/census-2011/c-series/state-mdds/c01-21-odisha.xls,3cfc1100df768aa8,census-c01-extract-v1.1.0-20260528T003617Z,C0101,21,374,00000,000000,District - Sundargarh,urban,not_stated,females,1227
census-india-2011,sources/census-2011/c-series/state-mdds/c01-21-odisha.xls,3cfc1100df768aa8,census-c01-extract-v1.1.0-20260528T003617Z,C0101,21,375,00000,000000,District - Kendujhar,total,all,persons,1801733
census-india-2011,sources/census-2011/c-series/state-mdds/c01-21-odisha.xls,3cfc1100df768aa8,census-c01-extract-v1.1.0-20260528T003617Z,C0101,21,375,00000,000000,District - Kendujhar,total,all,males,906487
census-india-2011,sources/census-2011/c-series/state-mdds/c01-21-odisha.xls,3cfc1100df768aa8,census-c01-extract-v1.1.0-20260528T003617Z,C0101,21,375,00000,000000,District - Kendujhar,total,all,females,895246
census-india-2011,sources/census-2011/c-series/state-mdds/c01-21-odisha.xls,3cfc1100df768aa8,census-c01-extract-v1.1.0-20260528T003617Z,C0101,21,375,00000,000000,District - Kendujhar,total,hindu,persons,1752694
census-india-2011,sources/census-2011/c-series/state-mdds/c01-21-odisha.xls,3cfc1100df768aa8,census-c01-extract-v1.1.0-20260528T003617Z,C0101,21,375,00000,000000,District - Kendujhar,total,hindu,males,880878
census-india-2011,sources/census-2011/c-series/state-mdds/c01-21-odisha.xls,3cfc1100df768aa8,census-c01-extract-v1.1.0-20260528T003617Z,C0101,21,375,00000,000000,District - Kendujhar,total,hindu,females,871816
census-india-2011,sources/census-2011/c-series/state-mdds/c01-21-odisha.xls,3cfc1100df768aa8,census-c01-extract-v1.1.0-20260528T003617Z,C0101,21,375,00000,000000,District - Kendujhar,total,muslim,persons,27752
census-india-2011,sources/census-2011/c-series/state-mdds/c01-21-odisha.xls,3cfc1100df768aa8,census-c01-extract-v1.1.0-20260528T003617Z,C0101,21,375,00000,000000,District - Kendujhar,total,muslim,males,15013
census-india-2011,sources/census-2011/c-series/state-mdds/c01-21-odisha.xls,3cfc1100df768aa8,census-c01-extract-v1.1.0-20260528T003617Z,C0101,21,375,00000,000000,District - Kendujhar,total,muslim,females,12739
census-india-2011,sources/census-2011/c-series/state-mdds/c01-21-odisha.xls,3cfc1100df768aa8,census-c01-extract-v1.1.0-20260528T003617Z,C0101,21,375,00000,000000,District - Kendujhar,total,christian,persons,9141
census-india-2011,sources/census-2011/c-series/state-mdds/c01-21-odisha.xls,3cfc1100df768aa8,census-c01-extract-v1.1.0-20260528T003617Z,C0101,21,375,00000,000000,District - Kendujhar,total,christian,males,4512
census-india-2011,sources/census-2011/c-series/state-mdds/c01-21-odisha.xls,3cfc1100df768aa8,census-c01-extract-v1.1.0-20260528T003617Z,C0101,21,375,00000,000000,District - Kendujhar,total,christian,females,4629
census-india-2011,sources/census-2011/c-series/state-mdds/c01-21-odisha.xls,3cfc1100df768aa8,census-c01-extract-v1.1.0-20260528T003617Z,C0101,21,375,00000,000000,District - Kendujhar,total,sikh,persons,2177
census-india-2011,sources/census-2011/c-series/state-mdds/c01-21-odisha.xls,3cfc1100df768aa8,census-c01-extract-v1.1.0-20260528T003617Z,C0101,21,375,00000,000000,District - Kendujhar,total,sikh,males,1137
census-india-2011,sources/census-2011/c-series/state-mdds/c01-21-odisha.xls,3cfc1100df768aa8,census-c01-extract-v1.1.0-20260528T003617Z,C0101,21,375,00000,000000,District - Kendujhar,total,sikh,females,1040
census-india-2011,sources/census-2011/c-series/state-mdds/c01-21-odisha.xls,3cfc1100df768aa8,census-c01-extract-v1.1.0-20260528T003617Z,C0101,21,375,00000,000000,District - Kendujhar,total,buddhist,persons,209
census-india-2011,sources/census-2011/c-series/state-mdds/c01-21-odisha.xls,3cfc1100df768aa8,census-c01-extract-v1.1.0-20260528T003617Z,C0101,21,375,00000,000000,District - Kendujhar,total,buddhist,males,114
census-india-2011,sources/census-2011/c-series/state-mdds/c01-21-odisha.xls,3cfc1100df768aa8,census-c01-extract-v1.1.0-20260528T003617Z,C0101,21,375,00000,000000,District - Kendujhar,total,buddhist,females,95
census-india-2011,sources/census-2011/c-series/state-mdds/c01-21-odisha.xls,3cfc1100df768aa8,census-c01-extract-v1.1.0-20260528T003617Z,C0101,21,375,00000,000000,District - Kendujhar,total,jain,persons,131
census-india-2011,sources/census-2011/c-series/state-mdds/c01-21-odisha.xls,3cfc1100df768aa8,census-c01-extract-v1.1.0-20260528T003617Z,C0101,21,375,00000,000000,District - Kendujhar,total,jain,males,64
census-india-2011,sources/census-2011/c-series/state-mdds/c01-21-odisha.xls,3cfc1100df768aa8,census-c01-extract-v1.1.0-20260528T003617Z,C0101,21,375,00000,000000,District - Kendujhar,total,jain,females,67
census-india-2011,sources/census-2011/c-series/state-mdds/c01-21-odisha.xls,3cfc1100df768aa8,census-c01-extract-v1.1.0-20260528T003617Z,C0101,21,375,00000,000000,District - Kendujhar,total,other,persons,7372
census-india-2011,sources/census-2011/c-series/state-mdds/c01-21-odisha.xls,3cfc1100df768aa8,census-c01-extract-v1.1.0-20260528T003617Z,C0101,21,375,00000,000000,District - Kendujhar,total,other,males,3655
census-india-2011,sources/census-2011/c-series/state-mdds/c01-21-odisha.xls,3cfc1100df768aa8,census-c01-extract-v1.1.0-20260528T003617Z,C0101,21,375,00000,000000,District - Kendujhar,total,other,females,3717
census-india-2011,sources/census-2011/c-series/state-mdds/c01-21-odisha.xls,3cfc1100df768aa8,census-c01-extract-v1.1.0-20260528T003617Z,C0101,21,375,00000,000000,District - Kendujhar,total,not_stated,persons,2257
census-india-2011,sources/census-2011/c-series/state-mdds/c01-21-odisha.xls,3cfc1100df768aa8,census-c01-extract-v1.1.0-20260528T003617Z,C0101,21,375,00000,000000,District - Kendujhar,total,not_stated,males,1114
census-india-2011,sources/census-2011/c-series/state-mdds/c01-21-odisha.xls,3cfc1100df768aa8,census-c01-extract-v1.1.0-20260528T003617Z,C0101,21,375,00000,000000,District - Kendujhar,total,not_stated,females,1143
census-india-2011,sources/census-2011/c-series/state-mdds/c01-21-odisha.xls,3cfc1100df768aa8,census-c01-extract-v1.1.0-20260528T003617Z,C0101,21,375,00000,000000,District - Kendujhar,rural,all,persons,1548674
census-india-2011,sources/census-2011/c-series/state-mdds/c01-21-odisha.xls,3cfc1100df768aa8,census-c01-extract-v1.1.0-20260528T003617Z,C0101,21,375,00000,000000,District - Kendujhar,rural,all,males,774667
census-india-2011,sources/census-2011/c-series/state-mdds/c01-21-odisha.xls,3cfc1100df768aa8,census-c01-extract-v1.1.0-20260528T003617Z,C0101,21,375,00000,000000,District - Kendujhar,rural,all,females,774007
census-india-2011,sources/census-2011/c-series/state-mdds/c01-21-odisha.xls,3cfc1100df768aa8,census-c01-extract-v1.1.0-20260528T003617Z,C0101,21,375,00000,000000,District - Kendujhar,rural,hindu,persons,1526876
census-india-2011,sources/census-2011/c-series/state-mdds/c01-21-odisha.xls,3cfc1100df768aa8,census-c01-extract-v1.1.0-20260528T003617Z,C0101,21,375,00000,000000,District - Kendujhar,rural,hindu,males,763537
census-india-2011,sources/census-2011/c-series/state-mdds/c01-21-odisha.xls,3cfc1100df768aa8,census-c01-extract-v1.1.0-20260528T003617Z,C0101,21,375,00000,000000,District - Kendujhar,rural,hindu,females,763339
census-india-2011,sources/census-2011/c-series/state-mdds/c01-21-odisha.xls,3cfc1100df768aa8,census-c01-extract-v1.1.0-20260528T003617Z,C0101,21,375,00000,000000,District - Kendujhar,rural,muslim,persons,7414
census-india-2011,sources/census-2011/c-series/state-mdds/c01-21-odisha.xls,3cfc1100df768aa8,census-c01-extract-v1.1.0-20260528T003617Z,C0101,21,375,00000,000000,District - Kendujhar,rural,muslim,males,4004
census-india-2011,sources/census-2011/c-series/state-mdds/c01-21-odisha.xls,3cfc1100df768aa8,census-c01-extract-v1.1.0-20260528T003617Z,C0101,21,375,00000,000000,District - Kendujhar,rural,muslim,females,3410
census-india-2011,sources/census-2011/c-series/state-mdds/c01-21-odisha.xls,3cfc1100df768aa8,census-c01-extract-v1.1.0-20260528T003617Z,C0101,21,375,00000,000000,District - Kendujhar,rural,christian,persons,5214
census-india-2011,sources/census-2011/c-series/state-mdds/c01-21-odisha.xls,3cfc1100df768aa8,census-c01-extract-v1.1.0-20260528T003617Z,C0101,21,375,00000,000000,District - Kendujhar,rural,christian,males,2541
census-india-2011,sources/census-2011/c-series/state-mdds/c01-21-odisha.xls,3cfc1100df768aa8,census-c01-extract-v1.1.0-20260528T003617Z,C0101,21,375,00000,000000,District - Kendujhar,rural,christian,females,2673
census-india-2011,sources/census-2011/c-series/state-mdds/c01-21-odisha.xls,3cfc1100df768aa8,census-c01-extract-v1.1.0-20260528T003617Z,C0101,21,375,00000,000000,District - Kendujhar,rural,sikh,persons,228
census-india-2011,sources/census-2011/c-series/state-mdds/c01-21-odisha.xls,3cfc1100df768aa8,census-c01-extract-v1.1.0-20260528T003617Z,C0101,21,375,00000,000000,District - Kendujhar,rural,sikh,males,129
census-india-2011,sources/census-2011/c-series/state-mdds/c01-21-odisha.xls,3cfc1100df768aa8,census-c01-extract-v1.1.0-20260528T003617Z,C0101,21,375,00000,000000,District - Kendujhar,rural,sikh,females,99
census-india-2011,sources/census-2011/c-series/state-mdds/c01-21-odisha.xls,3cfc1100df768aa8,census-c01-extract-v1.1.0-20260528T003617Z,C0101,21,375,00000,000000,District - Kendujhar,rural,buddhist,persons,102
census-india-2011,sources/census-2011/c-series/state-mdds/c01-21-odisha.xls,3cfc1100df768aa8,census-c01-extract-v1.1.0-20260528T003617Z,C0101,21,375,00000,000000,District - Kendujhar,rural,buddhist,males,68
census-india-2011,sources/census-2011/c-series/state-mdds/c01-21-odisha.xls,3cfc1100df768aa8,census-c01-extract-v1.1.0-20260528T003617Z,C0101,21,375,00000,000000,District - Kendujhar,rural,buddhist,females,34
census-india-2011,sources/census-2011/c-series/state-mdds/c01-21-odisha.xls,3cfc1100df768aa8,census-c01-extract-v1.1.0-20260528T003617Z,C0101,21,375,00000,000000,District - Kendujhar,rural,jain,persons,88
census-india-2011,sources/census-2011/c-series/state-mdds/c01-21-odisha.xls,3cfc1100df768aa8,census-c01-extract-v1.1.0-20260528T003617Z,C0101,21,375,00000,000000,District - Kendujhar,rural,jain,males,41
census-india-2011,sources/census-2011/c-series/state-mdds/c01-21-odisha.xls,3cfc1100df768aa8,census-c01-extract-v1.1.0-20260528T003617Z,C0101,21,375,00000,000000,District - Kendujhar,rural,jain,females,47
census-india-2011,sources/census-2011/c-series/state-mdds/c01-21-odisha.xls,3cfc1100df768aa8,census-c01-extract-v1.1.0-20260528T003617Z,C0101,21,375,00000,000000,District - Kendujhar,rural,other,persons,6847
census-india-2011,sources/census-2011/c-series/state-mdds/c01-21-odisha.xls,3cfc1100df768aa8,census-c01-extract-v1.1.0-20260528T003617Z,C0101,21,375,00000,000000,District - Kendujhar,rural,other,males,3396
census-india-2011,sources/census-2011/c-series/state-mdds/c01-21-odisha.xls,3cfc1100df768aa8,census-c01-extract-v1.1.0-20260528T003617Z,C0101,21,375,00000,000000,District - Kendujhar,rural,other,females,3451
census-india-2011,sources/census-2011/c-series/state-mdds/c01-21-odisha.xls,3cfc1100df768aa8,census-c01-extract-v1.1.0-20260528T003617Z,C0101,21,375,00000,000000,District - Kendujhar,rural,not_stated,persons,1905
census-india-2011,sources/census-2011/c-series/state-mdds/c01-21-odisha.xls,3cfc1100df768aa8,census-c01-extract-v1.1.0-20260528T003617Z,C0101,21,375,00000,000000,District - Kendujhar,rural,not_stated,males,951
census-india-2011,sources/census-2011/c-series/state-mdds/c01-21-odisha.xls,3cfc1100df768aa8,census-c01-extract-v1.1.0-20260528T003617Z,C0101,21,375,00000,000000,District - Kendujhar,rural,not_stated,females,954
census-india-2011,sources/census-2011/c-series/state-mdds/c01-21-odisha.xls,3cfc1100df768aa8,census-c01-extract-v1.1.0-20260528T003617Z,C0101,21,375,00000,000000,District - Kendujhar,urban,all,persons,253059
census-india-2011,sources/census-2011/c-series/state-mdds/c01-21-odisha.xls,3cfc1100df768aa8,census-c01-extract-v1.1.0-20260528T003617Z,C0101,21,375,00000,000000,District - Kendujhar,urban,all,males,131820
census-india-2011,sources/census-2011/c-series/state-mdds/c01-21-odisha.xls,3cfc1100df768aa8,census-c01-extract-v1.1.0-20260528T003617Z,C0101,21,375,00000,000000,District - Kendujhar,urban,all,females,121239
census-india-2011,sources/census-2011/c-series/state-mdds/c01-21-odisha.xls,3cfc1100df768aa8,census-c01-extract-v1.1.0-20260528T003617Z,C0101,21,375,00000,000000,District - Kendujhar,urban,hindu,persons,225818
census-india-2011,sources/census-2011/c-series/state-mdds/c01-21-odisha.xls,3cfc1100df768aa8,census-c01-extract-v1.1.0-20260528T003617Z,C0101,21,375,00000,000000,District - Kendujhar,urban,hindu,males,117341
census-india-2011,sources/census-2011/c-series/state-mdds/c01-21-odisha.xls,3cfc1100df768aa8,census-c01-extract-v1.1.0-20260528T003617Z,C0101,21,375,00000,000000,District - Kendujhar,urban,hindu,females,108477
census-india-2011,sources/census-2011/c-series/state-mdds/c01-21-odisha.xls,3cfc1100df768aa8,census-c01-extract-v1.1.0-20260528T003617Z,C0101,21,375,00000,000000,District - Kendujhar,urban,muslim,persons,20338
census-india-2011,sources/census-2011/c-series/state-mdds/c01-21-odisha.xls,3cfc1100df768aa8,census-c01-extract-v1.1.0-20260528T003617Z,C0101,21,375,00000,000000,District - Kendujhar,urban,muslim,males,11009
census-india-2011,sources/census-2011/c-series/state-mdds/c01-21-odisha.xls,3cfc1100df768aa8,census-c01-extract-v1.1.0-20260528T003617Z,C0101,21,375,00000,000000,District - Kendujhar,urban,muslim,females,9329
census-india-2011,sources/census-2011/c-series/state-mdds/c01-21-odisha.xls,3cfc1100df768aa8,census-c01-extract-v1.1.0-20260528T003617Z,C0101,21,375,00000,000000,District - Kendujhar,urban,christian,persons,3927
census-india-2011,sources/census-2011/c-series/state-mdds/c01-21-odisha.xls,3cfc1100df768aa8,census-c01-extract-v1.1.0-20260528T003617Z,C0101,21,375,00000,000000,District - Kendujhar,urban,christian,males,1971
census-india-2011,sources/census-2011/c-series/state-mdds/c01-21-odisha.xls,3cfc1100df768aa8,census-c01-extract-v1.1.0-20260528T003617Z,C0101,21,375,00000,000000,District - Kendujhar,urban,christian,females,1956
census-india-2011,sources/census-2011/c-series/state-mdds/c01-21-odisha.xls,3cfc1100df768aa8,census-c01-extract-v1.1.0-20260528T003617Z,C0101,21,375,00000,000000,District - Kendujhar,urban,sikh,persons,1949
census-india-2011,sources/census-2011/c-series/state-mdds/c01-21-odisha.xls,3cfc1100df768aa8,census-c01-extract-v1.1.0-20260528T003617Z,C0101,21,375,00000,000000,District - Kendujhar,urban,sikh,males,1008
census-india-2011,sources/census-2011/c-series/state-mdds/c01-21-odisha.xls,3cfc1100df768aa8,census-c01-extract-v1.1.0-20260528T003617Z,C0101,21,375,00000,000000,District - Kendujhar,urban,sikh,females,941
census-india-2011,sources/census-2011/c-series/state-mdds/c01-21-odisha.xls,3cfc1100df768aa8,census-c01-extract-v1.1.0-20260528T003617Z,C0101,21,375,00000,000000,District - Kendujhar,urban,buddhist,persons,107
census-india-2011,sources/census-2011/c-series/state-mdds/c01-21-odisha.xls,3cfc1100df768aa8,census-c01-extract-v1.1.0-20260528T003617Z,C0101,21,375,00000,000000,District - Kendujhar,urban,buddhist,males,46
census-india-2011,sources/census-2011/c-series/state-mdds/c01-21-odisha.xls,3cfc1100df768aa8,census-c01-extract-v1.1.0-20260528T003617Z,C0101,21,375,00000,000000,District - Kendujhar,urban,buddhist,females,61
census-india-2011,sources/census-2011/c-series/state-mdds/c01-21-odisha.xls,3cfc1100df768aa8,census-c01-extract-v1.1.0-20260528T003617Z,C0101,21,375,00000,000000,District - Kendujhar,urban,jain,persons,43
census-india-2011,sources/census-2011/c-series/state-mdds/c01-21-odisha.xls,3cfc1100df768aa8,census-c01-extract-v1.1.0-20260528T003617Z,C0101,21,375,00000,000000,District - Kendujhar,urban,jain,males,23
census-india-2011,sources/census-2011/c-series/state-mdds/c01-21-odisha.xls,3cfc1100df768aa8,census-c01-extract-v1.1.0-20260528T003617Z,C0101,21,375,00000,000000,District - Kendujhar,urban,jain,females,20
census-india-2011,sources/census-2011/c-series/state-mdds/c01-21-odisha.xls,3cfc1100df768aa8,census-c01-extract-v1.1.0-20260528T003617Z,C0101,21,375,00000,000000,District - Kendujhar,urban,other,persons,525
census-india-2011,sources/census-2011/c-series/state-mdds/c01-21-odisha.xls,3cfc1100df768aa8,census-c01-extract-v1.1.0-20260528T003617Z,C0101,21,375,00000,000000,District - Kendujhar,urban,other,males,259
census-india-2011,sources/census-2011/c-series/state-mdds/c01-21-odisha.xls,3cfc1100df768aa8,census-c01-extract-v1.1.0-20260528T003617Z,C0101,21,375,00000,000000,District - Kendujhar,urban,other,females,266
census-india-2011,sources/census-2011/c-series/state-mdds/c01-21-odisha.xls,3cfc1100df768aa8,census-c01-extract-v1.1.0-20260528T003617Z,C0101,21,375,00000,000000,District - Kendujhar,urban,not_stated,persons,352
census-india-2011,sources/census-2011/c-series/state-mdds/c01-21-odisha.xls,3cfc1100df768aa8,census-c01-extract-v1.1.0-20260528T003617Z,C0101,21,375,00000,000000,District - Kendujhar,urban,not_stated,males,163
census-india-2011,sources/census-2011/c-series/state-mdds/c01-21-odisha.xls,3cfc1100df768aa8,census-c01-extract-v1.1.0-20260528T003617Z,C0101,21,375,00000,000000,District - Kendujhar,urban,not_stated,females,189
census-india-2011,sources/census-2011/c-series/state-mdds/c01-21-odisha.xls,3cfc1100df768aa8,census-c01-extract-v1.1.0-20260528T003617Z,C0101,21,376,00000,000000,District - Mayurbhanj,total,all,persons,2519738
census-india-2011,sources/census-2011/c-series/state-mdds/c01-21-odisha.xls,3cfc1100df768aa8,census-c01-extract-v1.1.0-20260528T003617Z,C0101,21,376,00000,000000,District - Mayurbhanj,total,all,males,1256213
census-india-2011,sources/census-2011/c-series/state-mdds/c01-21-odisha.xls,3cfc1100df768aa8,census-c01-extract-v1.1.0-20260528T003617Z,C0101,21,376,00000,000000,District - Mayurbhanj,total,all,females,1263525
census-india-2011,sources/census-2011/c-series/state-mdds/c01-21-odisha.xls,3cfc1100df768aa8,census-c01-extract-v1.1.0-20260528T003617Z,C0101,21,376,00000,000000,District - Mayurbhanj,total,hindu,persons,2113079
census-india-2011,sources/census-2011/c-series/state-mdds/c01-21-odisha.xls,3cfc1100df768aa8,census-c01-extract-v1.1.0-20260528T003617Z,C0101,21,376,00000,000000,District - Mayurbhanj,total,hindu,males,1056153
census-india-2011,sources/census-2011/c-series/state-mdds/c01-21-odisha.xls,3cfc1100df768aa8,census-c01-extract-v1.1.0-20260528T003617Z,C0101,21,376,00000,000000,District - Mayurbhanj,total,hindu,females,1056926
census-india-2011,sources/census-2011/c-series/state-mdds/c01-21-odisha.xls,3cfc1100df768aa8,census-c01-extract-v1.1.0-20260528T003617Z,C0101,21,376,00000,000000,District - Mayurbhanj,total,muslim,persons,33706
census-india-2011,sources/census-2011/c-series/state-mdds/c01-21-odisha.xls,3cfc1100df768aa8,census-c01-extract-v1.1.0-20260528T003617Z,C0101,21,376,00000,000000,District - Mayurbhanj,total,muslim,males,17323
census-india-2011,sources/census-2011/c-series/state-mdds/c01-21-odisha.xls,3cfc1100df768aa8,census-c01-extract-v1.1.0-20260528T003617Z,C0101,21,376,00000,000000,District - Mayurbhanj,total,muslim,females,16383
census-india-2011,sources/census-2011/c-series/state-mdds/c01-21-odisha.xls,3cfc1100df768aa8,census-c01-extract-v1.1.0-20260528T003617Z,C0101,21,376,00000,000000,District - Mayurbhanj,total,christian,persons,15008
census-india-2011,sources/census-2011/c-series/state-mdds/c01-21-odisha.xls,3cfc1100df768aa8,census-c01-extract-v1.1.0-20260528T003617Z,C0101,21,376,00000,000000,District - Mayurbhanj,total,christian,males,7281
census-india-2011,sources/census-2011/c-series/state-mdds/c01-21-odisha.xls,3cfc1100df768aa8,census-c01-extract-v1.1.0-20260528T003617Z,C0101,21,376,00000,000000,District - Mayurbhanj,total,christian,females,7727
census-india-2011,sources/census-2011/c-series/state-mdds/c01-21-odisha.xls,3cfc1100df768aa8,census-c01-extract-v1.1.0-20260528T003617Z,C0101,21,376,00000,000000,District - Mayurbhanj,total,sikh,persons,661
census-india-2011,sources/census-2011/c-series/state-mdds/c01-21-odisha.xls,3cfc1100df768aa8,census-c01-extract-v1.1.0-20260528T003617Z,C0101,21,376,00000,000000,District - Mayurbhanj,total,sikh,males,346
census-india-2011,sources/census-2011/c-series/state-mdds/c01-21-odisha.xls,3cfc1100df768aa8,census-c01-extract-v1.1.0-20260528T003617Z,C0101,21,376,00000,000000,District - Mayurbhanj,total,sikh,females,315
census-india-2011,sources/census-2011/c-series/state-mdds/c01-21-odisha.xls,3cfc1100df768aa8,census-c01-extract-v1.1.0-20260528T003617Z,C0101,21,376,00000,000000,District - Mayurbhanj,total,buddhist,persons,162
census-india-2011,sources/census-2011/c-series/state-mdds/c01-21-odisha.xls,3cfc1100df768aa8,census-c01-extract-v1.1.0-20260528T003617Z,C0101,21,376,00000,000000,District - Mayurbhanj,total,buddhist,males,76
census-india-2011,sources/census-2011/c-series/state-mdds/c01-21-odisha.xls,3cfc1100df768aa8,census-c01-extract-v1.1.0-20260528T003617Z,C0101,21,376,00000,000000,District - Mayurbhanj,total,buddhist,females,86
census-india-2011,sources/census-2011/c-series/state-mdds/c01-21-odisha.xls,3cfc1100df768aa8,census-c01-extract-v1.1.0-20260528T003617Z,C0101,21,376,00000,000000,District - Mayurbhanj,total,jain,persons,109
census-india-2011,sources/census-2011/c-series/state-mdds/c01-21-odisha.xls,3cfc1100df768aa8,census-c01-extract-v1.1.0-20260528T003617Z,C0101,21,376,00000,000000,District - Mayurbhanj,total,jain,males,57
census-india-2011,sources/census-2011/c-series/state-mdds/c01-21-odisha.xls,3cfc1100df768aa8,census-c01-extract-v1.1.0-20260528T003617Z,C0101,21,376,00000,000000,District - Mayurbhanj,total,jain,females,52
census-india-2011,sources/census-2011/c-series/state-mdds/c01-21-odisha.xls,3cfc1100df768aa8,census-c01-extract-v1.1.0-20260528T003617Z,C0101,21,376,00000,000000,District - Mayurbhanj,total,other,persons,351714
census-india-2011,sources/census-2011/c-series/state-mdds/c01-21-odisha.xls,3cfc1100df768aa8,census-c01-extract-v1.1.0-20260528T003617Z,C0101,21,376,00000,000000,District - Mayurbhanj,total,other,males,172421
census-india-2011,sources/census-2011/c-series/state-mdds/c01-21-odisha.xls,3cfc1100df768aa8,census-c01-extract-v1.1.0-20260528T003617Z,C0101,21,376,00000,000000,District - Mayurbhanj,total,other,females,179293
census-india-2011,sources/census-2011/c-series/state-mdds/c01-21-odisha.xls,3cfc1100df768aa8,census-c01-extract-v1.1.0-20260528T003617Z,C0101,21,376,00000,000000,District - Mayurbhanj,total,not_stated,persons,5299
census-india-2011,sources/census-2011/c-series/state-mdds/c01-21-odisha.xls,3cfc1100df768aa8,census-c01-extract-v1.1.0-20260528T003617Z,C0101,21,376,00000,000000,District - Mayurbhanj,total,not_stated,males,2556
census-india-2011,sources/census-2011/c-series/state-mdds/c01-21-odisha.xls,3cfc1100df768aa8,census-c01-extract-v1.1.0-20260528T003617Z,C0101,21,376,00000,000000,District - Mayurbhanj,total,not_stated,females,2743
census-india-2011,sources/census-2011/c-series/state-mdds/c01-21-odisha.xls,3cfc1100df768aa8,census-c01-extract-v1.1.0-20260528T003617Z,C0101,21,376,00000,000000,District - Mayurbhanj,rural,all,persons,2326842
census-india-2011,sources/census-2011/c-series/state-mdds/c01-21-odisha.xls,3cfc1100df768aa8,census-c01-extract-v1.1.0-20260528T003617Z,C0101,21,376,00000,000000,District - Mayurbhanj,rural,all,males,1157576
census-india-2011,sources/census-2011/c-series/state-mdds/c01-21-odisha.xls,3cfc1100df768aa8,census-c01-extract-v1.1.0-20260528T003617Z,C0101,21,376,00000,000000,District - Mayurbhanj,rural,all,females,1169266
census-india-2011,sources/census-2011/c-series/state-mdds/c01-21-odisha.xls,3cfc1100df768aa8,census-c01-extract-v1.1.0-20260528T003617Z,C0101,21,376,00000,000000,District - Mayurbhanj,rural,hindu,persons,1935041
census-india-2011,sources/census-2011/c-series/state-mdds/c01-21-odisha.xls,3cfc1100df768aa8,census-c01-extract-v1.1.0-20260528T003617Z,C0101,21,376,00000,000000,District - Mayurbhanj,rural,hindu,males,964967
census-india-2011,sources/census-2011/c-series/state-mdds/c01-21-odisha.xls,3cfc1100df768aa8,census-c01-extract-v1.1.0-20260528T003617Z,C0101,21,376,00000,000000,District - Mayurbhanj,rural,hindu,females,970074
census-india-2011,sources/census-2011/c-series/state-mdds/c01-21-odisha.xls,3cfc1100df768aa8,census-c01-extract-v1.1.0-20260528T003617Z,C0101,21,376,00000,000000,District - Mayurbhanj,rural,muslim,persons,24668
census-india-2011,sources/census-2011/c-series/state-mdds/c01-21-odisha.xls,3cfc1100df768aa8,census-c01-extract-v1.1.0-20260528T003617Z,C0101,21,376,00000,000000,District - Mayurbhanj,rural,muslim,males,12538
census-india-2011,sources/census-2011/c-series/state-mdds/c01-21-odisha.xls,3cfc1100df768aa8,census-c01-extract-v1.1.0-20260528T003617Z,C0101,21,376,00000,000000,District - Mayurbhanj,rural,muslim,females,12130
census-india-2011,sources/census-2011/c-series/state-mdds/c01-21-odisha.xls,3cfc1100df768aa8,census-c01-extract-v1.1.0-20260528T003617Z,C0101,21,376,00000,000000,District - Mayurbhanj,rural,christian,persons,14108
census-india-2011,sources/census-2011/c-series/state-mdds/c01-21-odisha.xls,3cfc1100df768aa8,census-c01-extract-v1.1.0-20260528T003617Z,C0101,21,376,00000,000000,District - Mayurbhanj,rural,christian,males,6840
census-india-2011,sources/census-2011/c-series/state-mdds/c01-21-odisha.xls,3cfc1100df768aa8,census-c01-extract-v1.1.0-20260528T003617Z,C0101,21,376,00000,000000,District - Mayurbhanj,rural,christian,females,7268
census-india-2011,sources/census-2011/c-series/state-mdds/c01-21-odisha.xls,3cfc1100df768aa8,census-c01-extract-v1.1.0-20260528T003617Z,C0101,21,376,00000,000000,District - Mayurbhanj,rural,sikh,persons,405
census-india-2011,sources/census-2011/c-series/state-mdds/c01-21-odisha.xls,3cfc1100df768aa8,census-c01-extract-v1.1.0-20260528T003617Z,C0101,21,376,00000,000000,District - Mayurbhanj,rural,sikh,males,204
census-india-2011,sources/census-2011/c-series/state-mdds/c01-21-odisha.xls,3cfc1100df768aa8,census-c01-extract-v1.1.0-20260528T003617Z,C0101,21,376,00000,000000,District - Mayurbhanj,rural,sikh,females,201
census-india-2011,sources/census-2011/c-series/state-mdds/c01-21-odisha.xls,3cfc1100df768aa8,census-c01-extract-v1.1.0-20260528T003617Z,C0101,21,376,00000,000000,District - Mayurbhanj,rural,buddhist,persons,137
census-india-2011,sources/census-2011/c-series/state-mdds/c01-21-odisha.xls,3cfc1100df768aa8,census-c01-extract-v1.1.0-20260528T003617Z,C0101,21,376,00000,000000,District - Mayurbhanj,rural,buddhist,males,62
census-india-2011,sources/census-2011/c-series/state-mdds/c01-21-odisha.xls,3cfc1100df768aa8,census-c01-extract-v1.1.0-20260528T003617Z,C0101,21,376,00000,000000,District - Mayurbhanj,rural,buddhist,females,75
census-india-2011,sources/census-2011/c-series/state-mdds/c01-21-odisha.xls,3cfc1100df768aa8,census-c01-extract-v1.1.0-20260528T003617Z,C0101,21,376,00000,000000,District - Mayurbhanj,rural,jain,persons,85
census-india-2011,sources/census-2011/c-series/state-mdds/c01-21-odisha.xls,3cfc1100df768aa8,census-c01-extract-v1.1.0-20260528T003617Z,C0101,21,376,00000,000000,District - Mayurbhanj,rural,jain,males,43
census-india-2011,sources/census-2011/c-series/state-mdds/c01-21-odisha.xls,3cfc1100df768aa8,census-c01-extract-v1.1.0-20260528T003617Z,C0101,21,376,00000,000000,District - Mayurbhanj,rural,jain,females,42
census-india-2011,sources/census-2011/c-series/state-mdds/c01-21-odisha.xls,3cfc1100df768aa8,census-c01-extract-v1.1.0-20260528T003617Z,C0101,21,376,00000,000000,District - Mayurbhanj,rural,other,persons,347432
census-india-2011,sources/census-2011/c-series/state-mdds/c01-21-odisha.xls,3cfc1100df768aa8,census-c01-extract-v1.1.0-20260528T003617Z,C0101,21,376,00000,000000,District - Mayurbhanj,rural,other,males,170516
census-india-2011,sources/census-2011/c-series/state-mdds/c01-21-odisha.xls,3cfc1100df768aa8,census-c01-extract-v1.1.0-20260528T003617Z,C0101,21,376,00000,000000,District - Mayurbhanj,rural,other,females,176916
census-india-2011,sources/census-2011/c-series/state-mdds/c01-21-odisha.xls,3cfc1100df768aa8,census-c01-extract-v1.1.0-20260528T003617Z,C0101,21,376,00000,000000,District - Mayurbhanj,rural,not_stated,persons,4966
census-india-2011,sources/census-2011/c-series/state-mdds/c01-21-odisha.xls,3cfc1100df768aa8,census-c01-extract-v1.1.0-20260528T003617Z,C0101,21,376,00000,000000,District - Mayurbhanj,rural,not_stated,males,2406
census-india-2011,sources/census-2011/c-series/state-mdds/c01-21-odisha.xls,3cfc1100df768aa8,census-c01-extract-v1.1.0-20260528T003617Z,C0101,21,376,00000,000000,District - Mayurbhanj,rural,not_stated,females,2560
census-india-2011,sources/census-2011/c-series/state-mdds/c01-21-odisha.xls,3cfc1100df768aa8,census-c01-extract-v1.1.0-20260528T003617Z,C0101,21,376,00000,000000,District - Mayurbhanj,urban,all,persons,192896
census-india-2011,sources/census-2011/c-series/state-mdds/c01-21-odisha.xls,3cfc1100df768aa8,census-c01-extract-v1.1.0-20260528T003617Z,C0101,21,376,00000,000000,District - Mayurbhanj,urban,all,males,98637
census-india-2011,sources/census-2011/c-series/state-mdds/c01-21-odisha.xls,3cfc1100df768aa8,census-c01-extract-v1.1.0-20260528T003617Z,C0101,21,376,00000,000000,District - Mayurbhanj,urban,all,females,94259
census-india-2011,sources/census-2011/c-series/state-mdds/c01-21-odisha.xls,3cfc1100df768aa8,census-c01-extract-v1.1.0-20260528T003617Z,C0101,21,376,00000,000000,District - Mayurbhanj,urban,hindu,persons,178038
census-india-2011,sources/census-2011/c-series/state-mdds/c01-21-odisha.xls,3cfc1100df768aa8,census-c01-extract-v1.1.0-20260528T003617Z,C0101,21,376,00000,000000,District - Mayurbhanj,urban,hindu,males,91186
census-india-2011,sources/census-2011/c-series/state-mdds/c01-21-odisha.xls,3cfc1100df768aa8,census-c01-extract-v1.1.0-20260528T003617Z,C0101,21,376,00000,000000,District - Mayurbhanj,urban,hindu,females,86852
census-india-2011,sources/census-2011/c-series/state-mdds/c01-21-odisha.xls,3cfc1100df768aa8,census-c01-extract-v1.1.0-20260528T003617Z,C0101,21,376,00000,000000,District - Mayurbhanj,urban,muslim,persons,9038
census-india-2011,sources/census-2011/c-series/state-mdds/c01-21-odisha.xls,3cfc1100df768aa8,census-c01-extract-v1.1.0-20260528T003617Z,C0101,21,376,00000,000000,District - Mayurbhanj,urban,muslim,males,4785
census-india-2011,sources/census-2011/c-series/state-mdds/c01-21-odisha.xls,3cfc1100df768aa8,census-c01-extract-v1.1.0-20260528T003617Z,C0101,21,376,00000,000000,District - Mayurbhanj,urban,muslim,females,4253
census-india-2011,sources/census-2011/c-series/state-mdds/c01-21-odisha.xls,3cfc1100df768aa8,census-c01-extract-v1.1.0-20260528T003617Z,C0101,21,376,00000,000000,District - Mayurbhanj,urban,christian,persons,900
census-india-2011,sources/census-2011/c-series/state-mdds/c01-21-odisha.xls,3cfc1100df768aa8,census-c01-extract-v1.1.0-20260528T003617Z,C0101,21,376,00000,000000,District - Mayurbhanj,urban,christian,males,441
census-india-2011,sources/census-2011/c-series/state-mdds/c01-21-odisha.xls,3cfc1100df768aa8,census-c01-extract-v1.1.0-20260528T003617Z,C0101,21,376,00000,000000,District - Mayurbhanj,urban,christian,females,459
census-india-2011,sources/census-2011/c-series/state-mdds/c01-21-odisha.xls,3cfc1100df768aa8,census-c01-extract-v1.1.0-20260528T003617Z,C0101,21,376,00000,000000,District - Mayurbhanj,urban,sikh,persons,256
census-india-2011,sources/census-2011/c-series/state-mdds/c01-21-odisha.xls,3cfc1100df768aa8,census-c01-extract-v1.1.0-20260528T003617Z,C0101,21,376,00000,000000,District - Mayurbhanj,urban,sikh,males,142
census-india-2011,sources/census-2011/c-series/state-mdds/c01-21-odisha.xls,3cfc1100df768aa8,census-c01-extract-v1.1.0-20260528T003617Z,C0101,21,376,00000,000000,District - Mayurbhanj,urban,sikh,females,114
census-india-2011,sources/census-2011/c-series/state-mdds/c01-21-odisha.xls,3cfc1100df768aa8,census-c01-extract-v1.1.0-20260528T003617Z,C0101,21,376,00000,000000,District - Mayurbhanj,urban,buddhist,persons,25
census-india-2011,sources/census-2011/c-series/state-mdds/c01-21-odisha.xls,3cfc1100df768aa8,census-c01-extract-v1.1.0-20260528T003617Z,C0101,21,376,00000,000000,District - Mayurbhanj,urban,buddhist,males,14
census-india-2011,sources/census-2011/c-series/state-mdds/c01-21-odisha.xls,3cfc1100df768aa8,census-c01-extract-v1.1.0-20260528T003617Z,C0101,21,376,00000,000000,District - Mayurbhanj,urban,buddhist,females,11
census-india-2011,sources/census-2011/c-series/state-mdds/c01-21-odisha.xls,3cfc1100df768aa8,census-c01-extract-v1.1.0-20260528T003617Z,C0101,21,376,00000,000000,District - Mayurbhanj,urban,jain,persons,24
census-india-2011,sources/census-2011/c-series/state-mdds/c01-21-odisha.xls,3cfc1100df768aa8,census-c01-extract-v1.1.0-20260528T003617Z,C0101,21,376,00000,000000,District - Mayurbhanj,urban,jain,males,14
census-india-2011,sources/census-2011/c-series/state-mdds/c01-21-odisha.xls,3cfc1100df768aa8,census-c01-extract-v1.1.0-20260528T003617Z,C0101,21,376,00000,000000,District - Mayurbhanj,urban,jain,females,10
census-india-2011,sources/census-2011/c-series/state-mdds/c01-21-odisha.xls,3cfc1100df768aa8,census-c01-extract-v1.1.0-20260528T003617Z,C0101,21,376,00000,000000,District - Mayurbhanj,urban,other,persons,4282
census-india-2011,sources/census-2011/c-series/state-mdds/c01-21-odisha.xls,3cfc1100df768aa8,census-c01-extract-v1.1.0-20260528T003617Z,C0101,21,376,00000,000000,District - Mayurbhanj,urban,other,males,1905
census-india-2011,sources/census-2011/c-series/state-mdds/c01-21-odisha.xls,3cfc1100df768aa8,census-c01-extract-v1.1.0-20260528T003617Z,C0101,21,376,00000,000000,District - Mayurbhanj,urban,other,females,2377
census-india-2011,sources/census-2011/c-series/state-mdds/c01-21-odisha.xls,3cfc1100df768aa8,census-c01-extract-v1.1.0-20260528T003617Z,C0101,21,376,00000,000000,District - Mayurbhanj,urban,not_stated,persons,333
census-india-2011,sources/census-2011/c-series/state-mdds/c01-21-odisha.xls,3cfc1100df768aa8,census-c01-extract-v1.1.0-20260528T003617Z,C0101,21,376,00000,000000,District - Mayurbhanj,urban,not_stated,males,150
census-india-2011,sources/census-2011/c-series/state-mdds/c01-21-odisha.xls,3cfc1100df768aa8,census-c01-extract-v1.1.0-20260528T003617Z,C0101,21,376,00000,000000,District - Mayurbhanj,urban,not_stated,females,183
census-india-2011,sources/census-2011/c-series/state-mdds/c01-21-odisha.xls,3cfc1100df768aa8,census-c01-extract-v1.1.0-20260528T003617Z,C0101,21,377,00000,000000,District - Baleshwar,total,all,persons,2320529
census-india-2011,sources/census-2011/c-series/state-mdds/c01-21-odisha.xls,3cfc1100df768aa8,census-c01-extract-v1.1.0-20260528T003617Z,C0101,21,377,00000,000000,District - Baleshwar,total,all,males,1185787
census-india-2011,sources/census-2011/c-series/state-mdds/c01-21-odisha.xls,3cfc1100df768aa8,census-c01-extract-v1.1.0-20260528T003617Z,C0101,21,377,00000,000000,District - Baleshwar,total,all,females,1134742
census-india-2011,sources/census-2011/c-series/state-mdds/c01-21-odisha.xls,3cfc1100df768aa8,census-c01-extract-v1.1.0-20260528T003617Z,C0101,21,377,00000,000000,District - Baleshwar,total,hindu,persons,2197709
census-india-2011,sources/census-2011/c-series/state-mdds/c01-21-odisha.xls,3cfc1100df768aa8,census-c01-extract-v1.1.0-20260528T003617Z,C0101,21,377,00000,000000,District - Baleshwar,total,hindu,males,1123600
census-india-2011,sources/census-2011/c-series/state-mdds/c01-21-odisha.xls,3cfc1100df768aa8,census-c01-extract-v1.1.0-20260528T003617Z,C0101,21,377,00000,000000,District - Baleshwar,total,hindu,females,1074109
census-india-2011,sources/census-2011/c-series/state-mdds/c01-21-odisha.xls,3cfc1100df768aa8,census-c01-extract-v1.1.0-20260528T003617Z,C0101,21,377,00000,000000,District - Baleshwar,total,muslim,persons,94254
census-india-2011,sources/census-2011/c-series/state-mdds/c01-21-odisha.xls,3cfc1100df768aa8,census-c01-extract-v1.1.0-20260528T003617Z,C0101,21,377,00000,000000,District - Baleshwar,total,muslim,males,47859
census-india-2011,sources/census-2011/c-series/state-mdds/c01-21-odisha.xls,3cfc1100df768aa8,census-c01-extract-v1.1.0-20260528T003617Z,C0101,21,377,00000,000000,District - Baleshwar,total,muslim,females,46395
census-india-2011,sources/census-2011/c-series/state-mdds/c01-21-odisha.xls,3cfc1100df768aa8,census-c01-extract-v1.1.0-20260528T003617Z,C0101,21,377,00000,000000,District - Baleshwar,total,christian,persons,6434
census-india-2011,sources/census-2011/c-series/state-mdds/c01-21-odisha.xls,3cfc1100df768aa8,census-c01-extract-v1.1.0-20260528T003617Z,C0101,21,377,00000,000000,District - Baleshwar,total,christian,males,3132
census-india-2011,sources/census-2011/c-series/state-mdds/c01-21-odisha.xls,3cfc1100df768aa8,census-c01-extract-v1.1.0-20260528T003617Z,C0101,21,377,00000,000000,District - Baleshwar,total,christian,females,3302
census-india-2011,sources/census-2011/c-series/state-mdds/c01-21-odisha.xls,3cfc1100df768aa8,census-c01-extract-v1.1.0-20260528T003617Z,C0101,21,377,00000,000000,District - Baleshwar,total,sikh,persons,237
census-india-2011,sources/census-2011/c-series/state-mdds/c01-21-odisha.xls,3cfc1100df768aa8,census-c01-extract-v1.1.0-20260528T003617Z,C0101,21,377,00000,000000,District - Baleshwar,total,sikh,males,124
census-india-2011,sources/census-2011/c-series/state-mdds/c01-21-odisha.xls,3cfc1100df768aa8,census-c01-extract-v1.1.0-20260528T003617Z,C0101,21,377,00000,000000,District - Baleshwar,total,sikh,females,113
census-india-2011,sources/census-2011/c-series/state-mdds/c01-21-odisha.xls,3cfc1100df768aa8,census-c01-extract-v1.1.0-20260528T003617Z,C0101,21,377,00000,000000,District - Baleshwar,total,buddhist,persons,111
census-india-2011,sources/census-2011/c-series/state-mdds/c01-21-odisha.xls,3cfc1100df768aa8,census-c01-extract-v1.1.0-20260528T003617Z,C0101,21,377,00000,000000,District - Baleshwar,total,buddhist,males,54
census-india-2011,sources/census-2011/c-series/state-mdds/c01-21-odisha.xls,3cfc1100df768aa8,census-c01-extract-v1.1.0-20260528T003617Z,C0101,21,377,00000,000000,District - Baleshwar,total,buddhist,females,57
census-india-2011,sources/census-2011/c-series/state-mdds/c01-21-odisha.xls,3cfc1100df768aa8,census-c01-extract-v1.1.0-20260528T003617Z,C0101,21,377,00000,000000,District - Baleshwar,total,jain,persons,201
census-india-2011,sources/census-2011/c-series/state-mdds/c01-21-odisha.xls,3cfc1100df768aa8,census-c01-extract-v1.1.0-20260528T003617Z,C0101,21,377,00000,000000,District - Baleshwar,total,jain,males,102
census-india-2011,sources/census-2011/c-series/state-mdds/c01-21-odisha.xls,3cfc1100df768aa8,census-c01-extract-v1.1.0-20260528T003617Z,C0101,21,377,00000,000000,District - Baleshwar,total,jain,females,99
census-india-2011,sources/census-2011/c-series/state-mdds/c01-21-odisha.xls,3cfc1100df768aa8,census-c01-extract-v1.1.0-20260528T003617Z,C0101,21,377,00000,000000,District - Baleshwar,total,other,persons,18345
census-india-2011,sources/census-2011/c-series/state-mdds/c01-21-odisha.xls,3cfc1100df768aa8,census-c01-extract-v1.1.0-20260528T003617Z,C0101,21,377,00000,000000,District - Baleshwar,total,other,males,9310
census-india-2011,sources/census-2011/c-series/state-mdds/c01-21-odisha.xls,3cfc1100df768aa8,census-c01-extract-v1.1.0-20260528T003617Z,C0101,21,377,00000,000000,District - Baleshwar,total,other,females,9035
census-india-2011,sources/census-2011/c-series/state-mdds/c01-21-odisha.xls,3cfc1100df768aa8,census-c01-extract-v1.1.0-20260528T003617Z,C0101,21,377,00000,000000,District - Baleshwar,total,not_stated,persons,3238
census-india-2011,sources/census-2011/c-series/state-mdds/c01-21-odisha.xls,3cfc1100df768aa8,census-c01-extract-v1.1.0-20260528T003617Z,C0101,21,377,00000,000000,District - Baleshwar,total,not_stated,males,1606
census-india-2011,sources/census-2011/c-series/state-mdds/c01-21-odisha.xls,3cfc1100df768aa8,census-c01-extract-v1.1.0-20260528T003617Z,C0101,21,377,00000,000000,District - Baleshwar,total,not_stated,females,1632
census-india-2011,sources/census-2011/c-series/state-mdds/c01-21-odisha.xls,3cfc1100df768aa8,census-c01-extract-v1.1.0-20260528T003617Z,C0101,21,377,00000,000000,District - Baleshwar,rural,all,persons,2067236
census-india-2011,sources/census-2011/c-series/state-mdds/c01-21-odisha.xls,3cfc1100df768aa8,census-c01-extract-v1.1.0-20260528T003617Z,C0101,21,377,00000,000000,District - Baleshwar,rural,all,males,1056466
census-india-2011,sources/census-2011/c-series/state-mdds/c01-21-odisha.xls,3cfc1100df768aa8,census-c01-extract-v1.1.0-20260528T003617Z,C0101,21,377,00000,000000,District - Baleshwar,rural,all,females,1010770
census-india-2011,sources/census-2011/c-series/state-mdds/c01-21-odisha.xls,3cfc1100df768aa8,census-c01-extract-v1.1.0-20260528T003617Z,C0101,21,377,00000,000000,District - Baleshwar,rural,hindu,persons,1984900
census-india-2011,sources/census-2011/c-series/state-mdds/c01-21-odisha.xls,3cfc1100df768aa8,census-c01-extract-v1.1.0-20260528T003617Z,C0101,21,377,00000,000000,District - Baleshwar,rural,hindu,males,1014735
census-india-2011,sources/census-2011/c-series/state-mdds/c01-21-odisha.xls,3cfc1100df768aa8,census-c01-extract-v1.1.0-20260528T003617Z,C0101,21,377,00000,000000,District - Baleshwar,rural,hindu,females,970165
census-india-2011,sources/census-2011/c-series/state-mdds/c01-21-odisha.xls,3cfc1100df768aa8,census-c01-extract-v1.1.0-20260528T003617Z,C0101,21,377,00000,000000,District - Baleshwar,rural,muslim,persons,57547
census-india-2011,sources/census-2011/c-series/state-mdds/c01-21-odisha.xls,3cfc1100df768aa8,census-c01-extract-v1.1.0-20260528T003617Z,C0101,21,377,00000,000000,District - Baleshwar,rural,muslim,males,29236
census-india-2011,sources/census-2011/c-series/state-mdds/c01-21-odisha.xls,3cfc1100df768aa8,census-c01-extract-v1.1.0-20260528T003617Z,C0101,21,377,00000,000000,District - Baleshwar,rural,muslim,females,28311
census-india-2011,sources/census-2011/c-series/state-mdds/c01-21-odisha.xls,3cfc1100df768aa8,census-c01-extract-v1.1.0-20260528T003617Z,C0101,21,377,00000,000000,District - Baleshwar,rural,christian,persons,3972
census-india-2011,sources/census-2011/c-series/state-mdds/c01-21-odisha.xls,3cfc1100df768aa8,census-c01-extract-v1.1.0-20260528T003617Z,C0101,21,377,00000,000000,District - Baleshwar,rural,christian,males,1956
census-india-2011,sources/census-2011/c-series/state-mdds/c01-21-odisha.xls,3cfc1100df768aa8,census-c01-extract-v1.1.0-20260528T003617Z,C0101,21,377,00000,000000,District - Baleshwar,rural,christian,females,2016
census-india-2011,sources/census-2011/c-series/state-mdds/c01-21-odisha.xls,3cfc1100df768aa8,census-c01-extract-v1.1.0-20260528T003617Z,C0101,21,377,00000,000000,District - Baleshwar,rural,sikh,persons,181
census-india-2011,sources/census-2011/c-series/state-mdds/c01-21-odisha.xls,3cfc1100df768aa8,census-c01-extract-v1.1.0-20260528T003617Z,C0101,21,377,00000,000000,District - Baleshwar,rural,sikh,males,92
census-india-2011,sources/census-2011/c-series/state-mdds/c01-21-odisha.xls,3cfc1100df768aa8,census-c01-extract-v1.1.0-20260528T003617Z,C0101,21,377,00000,000000,District - Baleshwar,rural,sikh,females,89
census-india-2011,sources/census-2011/c-series/state-mdds/c01-21-odisha.xls,3cfc1100df768aa8,census-c01-extract-v1.1.0-20260528T003617Z,C0101,21,377,00000,000000,District - Baleshwar,rural,buddhist,persons,61
census-india-2011,sources/census-2011/c-series/state-mdds/c01-21-odisha.xls,3cfc1100df768aa8,census-c01-extract-v1.1.0-20260528T003617Z,C0101,21,377,00000,000000,District - Baleshwar,rural,buddhist,males,29
census-india-2011,sources/census-2011/c-series/state-mdds/c01-21-odisha.xls,3cfc1100df768aa8,census-c01-extract-v1.1.0-20260528T003617Z,C0101,21,377,00000,000000,District - Baleshwar,rural,buddhist,females,32
census-india-2011,sources/census-2011/c-series/state-mdds/c01-21-odisha.xls,3cfc1100df768aa8,census-c01-extract-v1.1.0-20260528T003617Z,C0101,21,377,00000,000000,District - Baleshwar,rural,jain,persons,65
census-india-2011,sources/census-2011/c-series/state-mdds/c01-21-odisha.xls,3cfc1100df768aa8,census-c01-extract-v1.1.0-20260528T003617Z,C0101,21,377,00000,000000,District - Baleshwar,rural,jain,males,35
census-india-2011,sources/census-2011/c-series/state-mdds/c01-21-odisha.xls,3cfc1100df768aa8,census-c01-extract-v1.1.0-20260528T003617Z,C0101,21,377,00000,000000,District - Baleshwar,rural,jain,females,30
census-india-2011,sources/census-2011/c-series/state-mdds/c01-21-odisha.xls,3cfc1100df768aa8,census-c01-extract-v1.1.0-20260528T003617Z,C0101,21,377,00000,000000,District - Baleshwar,rural,other,persons,17745
census-india-2011,sources/census-2011/c-series/state-mdds/c01-21-odisha.xls,3cfc1100df768aa8,census-c01-extract-v1.1.0-20260528T003617Z,C0101,21,377,00000,000000,District - Baleshwar,rural,other,males,9018
census-india-2011,sources/census-2011/c-series/state-mdds/c01-21-odisha.xls,3cfc1100df768aa8,census-c01-extract-v1.1.0-20260528T003617Z,C0101,21,377,00000,000000,District - Baleshwar,rural,other,females,8727
census-india-2011,sources/census-2011/c-series/state-mdds/c01-21-odisha.xls,3cfc1100df768aa8,census-c01-extract-v1.1.0-20260528T003617Z,C0101,21,377,00000,000000,District - Baleshwar,rural,not_stated,persons,2765
census-india-2011,sources/census-2011/c-series/state-mdds/c01-21-odisha.xls,3cfc1100df768aa8,census-c01-extract-v1.1.0-20260528T003617Z,C0101,21,377,00000,000000,District - Baleshwar,rural,not_stated,males,1365
census-india-2011,sources/census-2011/c-series/state-mdds/c01-21-odisha.xls,3cfc1100df768aa8,census-c01-extract-v1.1.0-20260528T003617Z,C0101,21,377,00000,000000,District - Baleshwar,rural,not_stated,females,1400
census-india-2011,sources/census-2011/c-series/state-mdds/c01-21-odisha.xls,3cfc1100df768aa8,census-c01-extract-v1.1.0-20260528T003617Z,C0101,21,377,00000,000000,District - Baleshwar,urban,all,persons,253293
census-india-2011,sources/census-2011/c-series/state-mdds/c01-21-odisha.xls,3cfc1100df768aa8,census-c01-extract-v1.1.0-20260528T003617Z,C0101,21,377,00000,000000,District - Baleshwar,urban,all,males,129321
census-india-2011,sources/census-2011/c-series/state-mdds/c01-21-odisha.xls,3cfc1100df768aa8,census-c01-extract-v1.1.0-20260528T003617Z,C0101,21,377,00000,000000,District - Baleshwar,urban,all,females,123972
census-india-2011,sources/census-2011/c-series/state-mdds/c01-21-odisha.xls,3cfc1100df768aa8,census-c01-extract-v1.1.0-20260528T003617Z,C0101,21,377,00000,000000,District - Baleshwar,urban,hindu,persons,212809
census-india-2011,sources/census-2011/c-series/state-mdds/c01-21-odisha.xls,3cfc1100df768aa8,census-c01-extract-v1.1.0-20260528T003617Z,C0101,21,377,00000,000000,District - Baleshwar,urban,hindu,males,108865
census-india-2011,sources/census-2011/c-series/state-mdds/c01-21-odisha.xls,3cfc1100df768aa8,census-c01-extract-v1.1.0-20260528T003617Z,C0101,21,377,00000,000000,District - Baleshwar,urban,hindu,females,103944
census-india-2011,sources/census-2011/c-series/state-mdds/c01-21-odisha.xls,3cfc1100df768aa8,census-c01-extract-v1.1.0-20260528T003617Z,C0101,21,377,00000,000000,District - Baleshwar,urban,muslim,persons,36707
census-india-2011,sources/census-2011/c-series/state-mdds/c01-21-odisha.xls,3cfc1100df768aa8,census-c01-extract-v1.1.0-20260528T003617Z,C0101,21,377,00000,000000,District - Baleshwar,urban,muslim,males,18623
census-india-2011,sources/census-2011/c-series/state-mdds/c01-21-odisha.xls,3cfc1100df768aa8,census-c01-extract-v1.1.0-20260528T003617Z,C0101,21,377,00000,000000,District - Baleshwar,urban,muslim,females,18084
census-india-2011,sources/census-2011/c-series/state-mdds/c01-21-odisha.xls,3cfc1100df768aa8,census-c01-extract-v1.1.0-20260528T003617Z,C0101,21,377,00000,000000,District - Baleshwar,urban,christian,persons,2462
census-india-2011,sources/census-2011/c-series/state-mdds/c01-21-odisha.xls,3cfc1100df768aa8,census-c01-extract-v1.1.0-20260528T003617Z,C0101,21,377,00000,000000,District - Baleshwar,urban,christian,males,1176
census-india-2011,sources/census-2011/c-series/state-mdds/c01-21-odisha.xls,3cfc1100df768aa8,census-c01-extract-v1.1.0-20260528T003617Z,C0101,21,377,00000,000000,District - Baleshwar,urban,christian,females,1286
census-india-2011,sources/census-2011/c-series/state-mdds/c01-21-odisha.xls,3cfc1100df768aa8,census-c01-extract-v1.1.0-20260528T003617Z,C0101,21,377,00000,000000,District - Baleshwar,urban,sikh,persons,56
census-india-2011,sources/census-2011/c-series/state-mdds/c01-21-odisha.xls,3cfc1100df768aa8,census-c01-extract-v1.1.0-20260528T003617Z,C0101,21,377,00000,000000,District - Baleshwar,urban,sikh,males,32
census-india-2011,sources/census-2011/c-series/state-mdds/c01-21-odisha.xls,3cfc1100df768aa8,census-c01-extract-v1.1.0-20260528T003617Z,C0101,21,377,00000,000000,District - Baleshwar,urban,sikh,females,24
census-india-2011,sources/census-2011/c-series/state-mdds/c01-21-odisha.xls,3cfc1100df768aa8,census-c01-extract-v1.1.0-20260528T003617Z,C0101,21,377,00000,000000,District - Baleshwar,urban,buddhist,persons,50
census-india-2011,sources/census-2011/c-series/state-mdds/c01-21-odisha.xls,3cfc1100df768aa8,census-c01-extract-v1.1.0-20260528T003617Z,C0101,21,377,00000,000000,District - Baleshwar,urban,buddhist,males,25
census-india-2011,sources/census-2011/c-series/state-mdds/c01-21-odisha.xls,3cfc1100df768aa8,census-c01-extract-v1.1.0-20260528T003617Z,C0101,21,377,00000,000000,District - Baleshwar,urban,buddhist,females,25
census-india-2011,sources/census-2011/c-series/state-mdds/c01-21-odisha.xls,3cfc1100df768aa8,census-c01-extract-v1.1.0-20260528T003617Z,C0101,21,377,00000,000000,District - Baleshwar,urban,jain,persons,136
census-india-2011,sources/census-2011/c-series/state-mdds/c01-21-odisha.xls,3cfc1100df768aa8,census-c01-extract-v1.1.0-20260528T003617Z,C0101,21,377,00000,000000,District - Baleshwar,urban,jain,males,67
census-india-2011,sources/census-2011/c-series/state-mdds/c01-21-odisha.xls,3cfc1100df768aa8,census-c01-extract-v1.1.0-20260528T003617Z,C0101,21,377,00000,000000,District - Baleshwar,urban,jain,females,69
census-india-2011,sources/census-2011/c-series/state-mdds/c01-21-odisha.xls,3cfc1100df768aa8,census-c01-extract-v1.1.0-20260528T003617Z,C0101,21,377,00000,000000,District - Baleshwar,urban,other,persons,600
census-india-2011,sources/census-2011/c-series/state-mdds/c01-21-odisha.xls,3cfc1100df768aa8,census-c01-extract-v1.1.0-20260528T003617Z,C0101,21,377,00000,000000,District - Baleshwar,urban,other,males,292
census-india-2011,sources/census-2011/c-series/state-mdds/c01-21-odisha.xls,3cfc1100df768aa8,census-c01-extract-v1.1.0-20260528T003617Z,C0101,21,377,00000,000000,District - Baleshwar,urban,other,females,308
census-india-2011,sources/census-2011/c-series/state-mdds/c01-21-odisha.xls,3cfc1100df768aa8,census-c01-extract-v1.1.0-20260528T003617Z,C0101,21,377,00000,000000,District - Baleshwar,urban,not_stated,persons,473
census-india-2011,sources/census-2011/c-series/state-mdds/c01-21-odisha.xls,3cfc1100df768aa8,census-c01-extract-v1.1.0-20260528T003617Z,C0101,21,377,00000,000000,District - Baleshwar,urban,not_stated,males,241
census-india-2011,sources/census-2011/c-series/state-mdds/c01-21-odisha.xls,3cfc1100df768aa8,census-c01-extract-v1.1.0-20260528T003617Z,C0101,21,377,00000,000000,District - Baleshwar,urban,not_stated,females,232
census-india-2011,sources/census-2011/c-series/state-mdds/c01-21-odisha.xls,3cfc1100df768aa8,census-c01-extract-v1.1.0-20260528T003617Z,C0101,21,378,00000,000000,District - Bhadrak,total,all,persons,1506337
census-india-2011,sources/census-2011/c-series/state-mdds/c01-21-odisha.xls,3cfc1100df768aa8,census-c01-extract-v1.1.0-20260528T003617Z,C0101,21,378,00000,000000,District - Bhadrak,total,all,males,760260
census-india-2011,sources/census-2011/c-series/state-mdds/c01-21-odisha.xls,3cfc1100df768aa8,census-c01-extract-v1.1.0-20260528T003617Z,C0101,21,378,00000,000000,District - Bhadrak,total,all,females,746077
census-india-2011,sources/census-2011/c-series/state-mdds/c01-21-odisha.xls,3cfc1100df768aa8,census-c01-extract-v1.1.0-20260528T003617Z,C0101,21,378,00000,000000,District - Bhadrak,total,hindu,persons,1398543
census-india-2011,sources/census-2011/c-series/state-mdds/c01-21-odisha.xls,3cfc1100df768aa8,census-c01-extract-v1.1.0-20260528T003617Z,C0101,21,378,00000,000000,District - Bhadrak,total,hindu,males,705199
census-india-2011,sources/census-2011/c-series/state-mdds/c01-21-odisha.xls,3cfc1100df768aa8,census-c01-extract-v1.1.0-20260528T003617Z,C0101,21,378,00000,000000,District - Bhadrak,total,hindu,females,693344
census-india-2011,sources/census-2011/c-series/state-mdds/c01-21-odisha.xls,3cfc1100df768aa8,census-c01-extract-v1.1.0-20260528T003617Z,C0101,21,378,00000,000000,District - Bhadrak,total,muslim,persons,104202
census-india-2011,sources/census-2011/c-series/state-mdds/c01-21-odisha.xls,3cfc1100df768aa8,census-c01-extract-v1.1.0-20260528T003617Z,C0101,21,378,00000,000000,District - Bhadrak,total,muslim,males,53322
census-india-2011,sources/census-2011/c-series/state-mdds/c01-21-odisha.xls,3cfc1100df768aa8,census-c01-extract-v1.1.0-20260528T003617Z,C0101,21,378,00000,000000,District - Bhadrak,total,muslim,females,50880
census-india-2011,sources/census-2011/c-series/state-mdds/c01-21-odisha.xls,3cfc1100df768aa8,census-c01-extract-v1.1.0-20260528T003617Z,C0101,21,378,00000,000000,District - Bhadrak,total,christian,persons,745
census-india-2011,sources/census-2011/c-series/state-mdds/c01-21-odisha.xls,3cfc1100df768aa8,census-c01-extract-v1.1.0-20260528T003617Z,C0101,21,378,00000,000000,District - Bhadrak,total,christian,males,371
census-india-2011,sources/census-2011/c-series/state-mdds/c01-21-odisha.xls,3cfc1100df768aa8,census-c01-extract-v1.1.0-20260528T003617Z,C0101,21,378,00000,000000,District - Bhadrak,total,christian,females,374
census-india-2011,sources/census-2011/c-series/state-mdds/c01-21-odisha.xls,3cfc1100df768aa8,census-c01-extract-v1.1.0-20260528T003617Z,C0101,21,378,00000,000000,District - Bhadrak,total,sikh,persons,169
census-india-2011,sources/census-2011/c-series/state-mdds/c01-21-odisha.xls,3cfc1100df768aa8,census-c01-extract-v1.1.0-20260528T003617Z,C0101,21,378,00000,000000,District - Bhadrak,total,sikh,males,81
census-india-2011,sources/census-2011/c-series/state-mdds/c01-21-odisha.xls,3cfc1100df768aa8,census-c01-extract-v1.1.0-20260528T003617Z,C0101,21,378,00000,000000,District - Bhadrak,total,sikh,females,88
census-india-2011,sources/census-2011/c-series/state-mdds/c01-21-odisha.xls,3cfc1100df768aa8,census-c01-extract-v1.1.0-20260528T003617Z,C0101,21,378,00000,000000,District - Bhadrak,total,buddhist,persons,81
census-india-2011,sources/census-2011/c-series/state-mdds/c01-21-odisha.xls,3cfc1100df768aa8,census-c01-extract-v1.1.0-20260528T003617Z,C0101,21,378,00000,000000,District - Bhadrak,total,buddhist,males,42
census-india-2011,sources/census-2011/c-series/state-mdds/c01-21-odisha.xls,3cfc1100df768aa8,census-c01-extract-v1.1.0-20260528T003617Z,C0101,21,378,00000,000000,District - Bhadrak,total,buddhist,females,39
census-india-2011,sources/census-2011/c-series/state-mdds/c01-21-odisha.xls,3cfc1100df768aa8,census-c01-extract-v1.1.0-20260528T003617Z,C0101,21,378,00000,000000,District - Bhadrak,total,jain,persons,111
census-india-2011,sources/census-2011/c-series/state-mdds/c01-21-odisha.xls,3cfc1100df768aa8,census-c01-extract-v1.1.0-20260528T003617Z,C0101,21,378,00000,000000,District - Bhadrak,total,jain,males,51
census-india-2011,sources/census-2011/c-series/state-mdds/c01-21-odisha.xls,3cfc1100df768aa8,census-c01-extract-v1.1.0-20260528T003617Z,C0101,21,378,00000,000000,District - Bhadrak,total,jain,females,60
census-india-2011,sources/census-2011/c-series/state-mdds/c01-21-odisha.xls,3cfc1100df768aa8,census-c01-extract-v1.1.0-20260528T003617Z,C0101,21,378,00000,000000,District - Bhadrak,total,other,persons,61
census-india-2011,sources/census-2011/c-series/state-mdds/c01-21-odisha.xls,3cfc1100df768aa8,census-c01-extract-v1.1.0-20260528T003617Z,C0101,21,378,00000,000000,District - Bhadrak,total,other,males,29
census-india-2011,sources/census-2011/c-series/state-mdds/c01-21-odisha.xls,3cfc1100df768aa8,census-c01-extract-v1.1.0-20260528T003617Z,C0101,21,378,00000,000000,District - Bhadrak,total,other,females,32
census-india-2011,sources/census-2011/c-series/state-mdds/c01-21-odisha.xls,3cfc1100df768aa8,census-c01-extract-v1.1.0-20260528T003617Z,C0101,21,378,00000,000000,District - Bhadrak,total,not_stated,persons,2425
census-india-2011,sources/census-2011/c-series/state-mdds/c01-21-odisha.xls,3cfc1100df768aa8,census-c01-extract-v1.1.0-20260528T003617Z,C0101,21,378,00000,000000,District - Bhadrak,total,not_stated,males,1165
census-india-2011,sources/census-2011/c-series/state-mdds/c01-21-odisha.xls,3cfc1100df768aa8,census-c01-extract-v1.1.0-20260528T003617Z,C0101,21,378,00000,000000,District - Bhadrak,total,not_stated,females,1260
census-india-2011,sources/census-2011/c-series/state-mdds/c01-21-odisha.xls,3cfc1100df768aa8,census-c01-extract-v1.1.0-20260528T003617Z,C0101,21,378,00000,000000,District - Bhadrak,rural,all,persons,1320499
census-india-2011,sources/census-2011/c-series/state-mdds/c01-21-odisha.xls,3cfc1100df768aa8,census-c01-extract-v1.1.0-20260528T003617Z,C0101,21,378,00000,000000,District - Bhadrak,rural,all,males,665255
census-india-2011,sources/census-2011/c-series/state-mdds/c01-21-odisha.xls,3cfc1100df768aa8,census-c01-extract-v1.1.0-20260528T003617Z,C0101,21,378,00000,000000,District - Bhadrak,rural,all,females,655244
census-india-2011,sources/census-2011/c-series/state-mdds/c01-21-odisha.xls,3cfc1100df768aa8,census-c01-extract-v1.1.0-20260528T003617Z,C0101,21,378,00000,000000,District - Bhadrak,rural,hindu,persons,1276635
census-india-2011,sources/census-2011/c-series/state-mdds/c01-21-odisha.xls,3cfc1100df768aa8,census-c01-extract-v1.1.0-20260528T003617Z,C0101,21,378,00000,000000,District - Bhadrak,rural,hindu,males,642957
census-india-2011,sources/census-2011/c-series/state-mdds/c01-21-odisha.xls,3cfc1100df768aa8,census-c01-extract-v1.1.0-20260528T003617Z,C0101,21,378,00000,000000,District - Bhadrak,rural,hindu,females,633678
census-india-2011,sources/census-2011/c-series/state-mdds/c01-21-odisha.xls,3cfc1100df768aa8,census-c01-extract-v1.1.0-20260528T003617Z,C0101,21,378,00000,000000,District - Bhadrak,rural,muslim,persons,41498
census-india-2011,sources/census-2011/c-series/state-mdds/c01-21-odisha.xls,3cfc1100df768aa8,census-c01-extract-v1.1.0-20260528T003617Z,C0101,21,378,00000,000000,District - Bhadrak,rural,muslim,males,21135
census-india-2011,sources/census-2011/c-series/state-mdds/c01-21-odisha.xls,3cfc1100df768aa8,census-c01-extract-v1.1.0-20260528T003617Z,C0101,21,378,00000,000000,District - Bhadrak,rural,muslim,females,20363
census-india-2011,sources/census-2011/c-series/state-mdds/c01-21-odisha.xls,3cfc1100df768aa8,census-c01-extract-v1.1.0-20260528T003617Z,C0101,21,378,00000,000000,District - Bhadrak,rural,christian,persons,576
census-india-2011,sources/census-2011/c-series/state-mdds/c01-21-odisha.xls,3cfc1100df768aa8,census-c01-extract-v1.1.0-20260528T003617Z,C0101,21,378,00000,000000,District - Bhadrak,rural,christian,males,290
census-india-2011,sources/census-2011/c-series/state-mdds/c01-21-odisha.xls,3cfc1100df768aa8,census-c01-extract-v1.1.0-20260528T003617Z,C0101,21,378,00000,000000,District - Bhadrak,rural,christian,females,286
census-india-2011,sources/census-2011/c-series/state-mdds/c01-21-odisha.xls,3cfc1100df768aa8,census-c01-extract-v1.1.0-20260528T003617Z,C0101,21,378,00000,000000,District - Bhadrak,rural,sikh,persons,130
census-india-2011,sources/census-2011/c-series/state-mdds/c01-21-odisha.xls,3cfc1100df768aa8,census-c01-extract-v1.1.0-20260528T003617Z,C0101,21,378,00000,000000,District - Bhadrak,rural,sikh,males,63
census-india-2011,sources/census-2011/c-series/state-mdds/c01-21-odisha.xls,3cfc1100df768aa8,census-c01-extract-v1.1.0-20260528T003617Z,C0101,21,378,00000,000000,District - Bhadrak,rural,sikh,females,67
census-india-2011,sources/census-2011/c-series/state-mdds/c01-21-odisha.xls,3cfc1100df768aa8,census-c01-extract-v1.1.0-20260528T003617Z,C0101,21,378,00000,000000,District - Bhadrak,rural,buddhist,persons,47
census-india-2011,sources/census-2011/c-series/state-mdds/c01-21-odisha.xls,3cfc1100df768aa8,census-c01-extract-v1.1.0-20260528T003617Z,C0101,21,378,00000,000000,District - Bhadrak,rural,buddhist,males,24
census-india-2011,sources/census-2011/c-series/state-mdds/c01-21-odisha.xls,3cfc1100df768aa8,census-c01-extract-v1.1.0-20260528T003617Z,C0101,21,378,00000,000000,District - Bhadrak,rural,buddhist,females,23
census-india-2011,sources/census-2011/c-series/state-mdds/c01-21-odisha.xls,3cfc1100df768aa8,census-c01-extract-v1.1.0-20260528T003617Z,C0101,21,378,00000,000000,District - Bhadrak,rural,jain,persons,88
census-india-2011,sources/census-2011/c-series/state-mdds/c01-21-odisha.xls,3cfc1100df768aa8,census-c01-extract-v1.1.0-20260528T003617Z,C0101,21,378,00000,000000,District - Bhadrak,rural,jain,males,39
census-india-2011,sources/census-2011/c-series/state-mdds/c01-21-odisha.xls,3cfc1100df768aa8,census-c01-extract-v1.1.0-20260528T003617Z,C0101,21,378,00000,000000,District - Bhadrak,rural,jain,females,49
census-india-2011,sources/census-2011/c-series/state-mdds/c01-21-odisha.xls,3cfc1100df768aa8,census-c01-extract-v1.1.0-20260528T003617Z,C0101,21,378,00000,000000,District - Bhadrak,rural,other,persons,27
census-india-2011,sources/census-2011/c-series/state-mdds/c01-21-odisha.xls,3cfc1100df768aa8,census-c01-extract-v1.1.0-20260528T003617Z,C0101,21,378,00000,000000,District - Bhadrak,rural,other,males,15
census-india-2011,sources/census-2011/c-series/state-mdds/c01-21-odisha.xls,3cfc1100df768aa8,census-c01-extract-v1.1.0-20260528T003617Z,C0101,21,378,00000,000000,District - Bhadrak,rural,other,females,12
census-india-2011,sources/census-2011/c-series/state-mdds/c01-21-odisha.xls,3cfc1100df768aa8,census-c01-extract-v1.1.0-20260528T003617Z,C0101,21,378,00000,000000,District - Bhadrak,rural,not_stated,persons,1498
census-india-2011,sources/census-2011/c-series/state-mdds/c01-21-odisha.xls,3cfc1100df768aa8,census-c01-extract-v1.1.0-20260528T003617Z,C0101,21,378,00000,000000,District - Bhadrak,rural,not_stated,males,732
census-india-2011,sources/census-2011/c-series/state-mdds/c01-21-odisha.xls,3cfc1100df768aa8,census-c01-extract-v1.1.0-20260528T003617Z,C0101,21,378,00000,000000,District - Bhadrak,rural,not_stated,females,766
census-india-2011,sources/census-2011/c-series/state-mdds/c01-21-odisha.xls,3cfc1100df768aa8,census-c01-extract-v1.1.0-20260528T003617Z,C0101,21,378,00000,000000,District - Bhadrak,urban,all,persons,185838
census-india-2011,sources/census-2011/c-series/state-mdds/c01-21-odisha.xls,3cfc1100df768aa8,census-c01-extract-v1.1.0-20260528T003617Z,C0101,21,378,00000,000000,District - Bhadrak,urban,all,males,95005
census-india-2011,sources/census-2011/c-series/state-mdds/c01-21-odisha.xls,3cfc1100df768aa8,census-c01-extract-v1.1.0-20260528T003617Z,C0101,21,378,00000,000000,District - Bhadrak,urban,all,females,90833
census-india-2011,sources/census-2011/c-series/state-mdds/c01-21-odisha.xls,3cfc1100df768aa8,census-c01-extract-v1.1.0-20260528T003617Z,C0101,21,378,00000,000000,District - Bhadrak,urban,hindu,persons,121908
census-india-2011,sources/census-2011/c-series/state-mdds/c01-21-odisha.xls,3cfc1100df768aa8,census-c01-extract-v1.1.0-20260528T003617Z,C0101,21,378,00000,000000,District - Bhadrak,urban,hindu,males,62242
census-india-2011,sources/census-2011/c-series/state-mdds/c01-21-odisha.xls,3cfc1100df768aa8,census-c01-extract-v1.1.0-20260528T003617Z,C0101,21,378,00000,000000,District - Bhadrak,urban,hindu,females,59666
census-india-2011,sources/census-2011/c-series/state-mdds/c01-21-odisha.xls,3cfc1100df768aa8,census-c01-extract-v1.1.0-20260528T003617Z,C0101,21,378,00000,000000,District - Bhadrak,urban,muslim,persons,62704
census-india-2011,sources/census-2011/c-series/state-mdds/c01-21-odisha.xls,3cfc1100df768aa8,census-c01-extract-v1.1.0-20260528T003617Z,C0101,21,378,00000,000000,District - Bhadrak,urban,muslim,males,32187
census-india-2011,sources/census-2011/c-series/state-mdds/c01-21-odisha.xls,3cfc1100df768aa8,census-c01-extract-v1.1.0-20260528T003617Z,C0101,21,378,00000,000000,District - Bhadrak,urban,muslim,females,30517
census-india-2011,sources/census-2011/c-series/state-mdds/c01-21-odisha.xls,3cfc1100df768aa8,census-c01-extract-v1.1.0-20260528T003617Z,C0101,21,378,00000,000000,District - Bhadrak,urban,christian,persons,169
census-india-2011,sources/census-2011/c-series/state-mdds/c01-21-odisha.xls,3cfc1100df768aa8,census-c01-extract-v1.1.0-20260528T003617Z,C0101,21,378,00000,000000,District - Bhadrak,urban,christian,males,81
census-india-2011,sources/census-2011/c-series/state-mdds/c01-21-odisha.xls,3cfc1100df768aa8,census-c01-extract-v1.1.0-20260528T003617Z,C0101,21,378,00000,000000,District - Bhadrak,urban,christian,females,88
census-india-2011,sources/census-2011/c-series/state-mdds/c01-21-odisha.xls,3cfc1100df768aa8,census-c01-extract-v1.1.0-20260528T003617Z,C0101,21,378,00000,000000,District - Bhadrak,urban,sikh,persons,39
census-india-2011,sources/census-2011/c-series/state-mdds/c01-21-odisha.xls,3cfc1100df768aa8,census-c01-extract-v1.1.0-20260528T003617Z,C0101,21,378,00000,000000,District - Bhadrak,urban,sikh,males,18
census-india-2011,sources/census-2011/c-series/state-mdds/c01-21-odisha.xls,3cfc1100df768aa8,census-c01-extract-v1.1.0-20260528T003617Z,C0101,21,378,00000,000000,District - Bhadrak,urban,sikh,females,21
census-india-2011,sources/census-2011/c-series/state-mdds/c01-21-odisha.xls,3cfc1100df768aa8,census-c01-extract-v1.1.0-20260528T003617Z,C0101,21,378,00000,000000,District - Bhadrak,urban,buddhist,persons,34
census-india-2011,sources/census-2011/c-series/state-mdds/c01-21-odisha.xls,3cfc1100df768aa8,census-c01-extract-v1.1.0-20260528T003617Z,C0101,21,378,00000,000000,District - Bhadrak,urban,buddhist,males,18
census-india-2011,sources/census-2011/c-series/state-mdds/c01-21-odisha.xls,3cfc1100df768aa8,census-c01-extract-v1.1.0-20260528T003617Z,C0101,21,378,00000,000000,District - Bhadrak,urban,buddhist,females,16
census-india-2011,sources/census-2011/c-series/state-mdds/c01-21-odisha.xls,3cfc1100df768aa8,census-c01-extract-v1.1.0-20260528T003617Z,C0101,21,378,00000,000000,District - Bhadrak,urban,jain,persons,23
census-india-2011,sources/census-2011/c-series/state-mdds/c01-21-odisha.xls,3cfc1100df768aa8,census-c01-extract-v1.1.0-20260528T003617Z,C0101,21,378,00000,000000,District - Bhadrak,urban,jain,males,12
census-india-2011,sources/census-2011/c-series/state-mdds/c01-21-odisha.xls,3cfc1100df768aa8,census-c01-extract-v1.1.0-20260528T003617Z,C0101,21,378,00000,000000,District - Bhadrak,urban,jain,females,11
census-india-2011,sources/census-2011/c-series/state-mdds/c01-21-odisha.xls,3cfc1100df768aa8,census-c01-extract-v1.1.0-20260528T003617Z,C0101,21,378,00000,000000,District - Bhadrak,urban,other,persons,34
census-india-2011,sources/census-2011/c-series/state-mdds/c01-21-odisha.xls,3cfc1100df768aa8,census-c01-extract-v1.1.0-20260528T003617Z,C0101,21,378,00000,000000,District - Bhadrak,urban,other,males,14
census-india-2011,sources/census-2011/c-series/state-mdds/c01-21-odisha.xls,3cfc1100df768aa8,census-c01-extract-v1.1.0-20260528T003617Z,C0101,21,378,00000,000000,District - Bhadrak,urban,other,females,20
census-india-2011,sources/census-2011/c-series/state-mdds/c01-21-odisha.xls,3cfc1100df768aa8,census-c01-extract-v1.1.0-20260528T003617Z,C0101,21,378,00000,000000,District - Bhadrak,urban,not_stated,persons,927
census-india-2011,sources/census-2011/c-series/state-mdds/c01-21-odisha.xls,3cfc1100df768aa8,census-c01-extract-v1.1.0-20260528T003617Z,C0101,21,378,00000,000000,District - Bhadrak,urban,not_stated,males,433
census-india-2011,sources/census-2011/c-series/state-mdds/c01-21-odisha.xls,3cfc1100df768aa8,census-c01-extract-v1.1.0-20260528T003617Z,C0101,21,378,00000,000000,District - Bhadrak,urban,not_stated,females,494
census-india-2011,sources/census-2011/c-series/state-mdds/c01-21-odisha.xls,3cfc1100df768aa8,census-c01-extract-v1.1.0-20260528T003617Z,C0101,21,379,00000,000000,District - Kendrapara,total,all,persons,1440361
census-india-2011,sources/census-2011/c-series/state-mdds/c01-21-odisha.xls,3cfc1100df768aa8,census-c01-extract-v1.1.0-20260528T003617Z,C0101,21,379,00000,000000,District - Kendrapara,total,all,males,717814
census-india-2011,sources/census-2011/c-series/state-mdds/c01-21-odisha.xls,3cfc1100df768aa8,census-c01-extract-v1.1.0-20260528T003617Z,C0101,21,379,00000,000000,District - Kendrapara,total,all,females,722547
census-india-2011,sources/census-2011/c-series/state-mdds/c01-21-odisha.xls,3cfc1100df768aa8,census-c01-extract-v1.1.0-20260528T003617Z,C0101,21,379,00000,000000,District - Kendrapara,total,hindu,persons,1386792
census-india-2011,sources/census-2011/c-series/state-mdds/c01-21-odisha.xls,3cfc1100df768aa8,census-c01-extract-v1.1.0-20260528T003617Z,C0101,21,379,00000,000000,District - Kendrapara,total,hindu,males,691200
census-india-2011,sources/census-2011/c-series/state-mdds/c01-21-odisha.xls,3cfc1100df768aa8,census-c01-extract-v1.1.0-20260528T003617Z,C0101,21,379,00000,000000,District - Kendrapara,total,hindu,females,695592
census-india-2011,sources/census-2011/c-series/state-mdds/c01-21-odisha.xls,3cfc1100df768aa8,census-c01-extract-v1.1.0-20260528T003617Z,C0101,21,379,00000,000000,District - Kendrapara,total,muslim,persons,50247
census-india-2011,sources/census-2011/c-series/state-mdds/c01-21-odisha.xls,3cfc1100df768aa8,census-c01-extract-v1.1.0-20260528T003617Z,C0101,21,379,00000,000000,District - Kendrapara,total,muslim,males,24932
census-india-2011,sources/census-2011/c-series/state-mdds/c01-21-odisha.xls,3cfc1100df768aa8,census-c01-extract-v1.1.0-20260528T003617Z,C0101,21,379,00000,000000,District - Kendrapara,total,muslim,females,25315
census-india-2011,sources/census-2011/c-series/state-mdds/c01-21-odisha.xls,3cfc1100df768aa8,census-c01-extract-v1.1.0-20260528T003617Z,C0101,21,379,00000,000000,District - Kendrapara,total,christian,persons,1423
census-india-2011,sources/census-2011/c-series/state-mdds/c01-21-odisha.xls,3cfc1100df768aa8,census-c01-extract-v1.1.0-20260528T003617Z,C0101,21,379,00000,000000,District - Kendrapara,total,christian,males,730
census-india-2011,sources/census-2011/c-series/state-mdds/c01-21-odisha.xls,3cfc1100df768aa8,census-c01-extract-v1.1.0-20260528T003617Z,C0101,21,379,00000,000000,District - Kendrapara,total,christian,females,693
census-india-2011,sources/census-2011/c-series/state-mdds/c01-21-odisha.xls,3cfc1100df768aa8,census-c01-extract-v1.1.0-20260528T003617Z,C0101,21,379,00000,000000,District - Kendrapara,total,sikh,persons,169
census-india-2011,sources/census-2011/c-series/state-mdds/c01-21-odisha.xls,3cfc1100df768aa8,census-c01-extract-v1.1.0-20260528T003617Z,C0101,21,379,00000,000000,District - Kendrapara,total,sikh,males,71
census-india-2011,sources/census-2011/c-series/state-mdds/c01-21-odisha.xls,3cfc1100df768aa8,census-c01-extract-v1.1.0-20260528T003617Z,C0101,21,379,00000,000000,District - Kendrapara,total,sikh,females,98
census-india-2011,sources/census-2011/c-series/state-mdds/c01-21-odisha.xls,3cfc1100df768aa8,census-c01-extract-v1.1.0-20260528T003617Z,C0101,21,379,00000,000000,District - Kendrapara,total,buddhist,persons,62
census-india-2011,sources/census-2011/c-series/state-mdds/c01-21-odisha.xls,3cfc1100df768aa8,census-c01-extract-v1.1.0-20260528T003617Z,C0101,21,379,00000,000000,District - Kendrapara,total,buddhist,males,24
census-india-2011,sources/census-2011/c-series/state-mdds/c01-21-odisha.xls,3cfc1100df768aa8,census-c01-extract-v1.1.0-20260528T003617Z,C0101,21,379,00000,000000,District - Kendrapara,total,buddhist,females,38
census-india-2011,sources/census-2011/c-series/state-mdds/c01-21-odisha.xls,3cfc1100df768aa8,census-c01-extract-v1.1.0-20260528T003617Z,C0101,21,379,00000,000000,District - Kendrapara,total,jain,persons,52
census-india-2011,sources/census-2011/c-series/state-mdds/c01-21-odisha.xls,3cfc1100df768aa8,census-c01-extract-v1.1.0-20260528T003617Z,C0101,21,379,00000,000000,District - Kendrapara,total,jain,males,29
census-india-2011,sources/census-2011/c-series/state-mdds/c01-21-odisha.xls,3cfc1100df768aa8,census-c01-extract-v1.1.0-20260528T003617Z,C0101,21,379,00000,000000,District - Kendrapara,total,jain,females,23
census-india-2011,sources/census-2011/c-series/state-mdds/c01-21-odisha.xls,3cfc1100df768aa8,census-c01-extract-v1.1.0-20260528T003617Z,C0101,21,379,00000,000000,District - Kendrapara,total,other,persons,24
census-india-2011,sources/census-2011/c-series/state-mdds/c01-21-odisha.xls,3cfc1100df768aa8,census-c01-extract-v1.1.0-20260528T003617Z,C0101,21,379,00000,000000,District - Kendrapara,total,other,males,15
census-india-2011,sources/census-2011/c-series/state-mdds/c01-21-odisha.xls,3cfc1100df768aa8,census-c01-extract-v1.1.0-20260528T003617Z,C0101,21,379,00000,000000,District - Kendrapara,total,other,females,9
census-india-2011,sources/census-2011/c-series/state-mdds/c01-21-odisha.xls,3cfc1100df768aa8,census-c01-extract-v1.1.0-20260528T003617Z,C0101,21,379,00000,000000,District - Kendrapara,total,not_stated,persons,1592
census-india-2011,sources/census-2011/c-series/state-mdds/c01-21-odisha.xls,3cfc1100df768aa8,census-c01-extract-v1.1.0-20260528T003617Z,C0101,21,379,00000,000000,District - Kendrapara,total,not_stated,males,813
census-india-2011,sources/census-2011/c-series/state-mdds/c01-21-odisha.xls,3cfc1100df768aa8,census-c01-extract-v1.1.0-20260528T003617Z,C0101,21,379,00000,000000,District - Kendrapara,total,not_stated,females,779
census-india-2011,sources/census-2011/c-series/state-mdds/c01-21-odisha.xls,3cfc1100df768aa8,census-c01-extract-v1.1.0-20260528T003617Z,C0101,21,379,00000,000000,District - Kendrapara,rural,all,persons,1356827
census-india-2011,sources/census-2011/c-series/state-mdds/c01-21-odisha.xls,3cfc1100df768aa8,census-c01-extract-v1.1.0-20260528T003617Z,C0101,21,379,00000,000000,District - Kendrapara,rural,all,males,675053
census-india-2011,sources/census-2011/c-series/state-mdds/c01-21-odisha.xls,3cfc1100df768aa8,census-c01-extract-v1.1.0-20260528T003617Z,C0101,21,379,00000,000000,District - Kendrapara,rural,all,females,681774
census-india-2011,sources/census-2011/c-series/state-mdds/c01-21-odisha.xls,3cfc1100df768aa8,census-c01-extract-v1.1.0-20260528T003617Z,C0101,21,379,00000,000000,District - Kendrapara,rural,hindu,persons,1320356
census-india-2011,sources/census-2011/c-series/state-mdds/c01-21-odisha.xls,3cfc1100df768aa8,census-c01-extract-v1.1.0-20260528T003617Z,C0101,21,379,00000,000000,District - Kendrapara,rural,hindu,males,657345
census-india-2011,sources/census-2011/c-series/state-mdds/c01-21-odisha.xls,3cfc1100df768aa8,census-c01-extract-v1.1.0-20260528T003617Z,C0101,21,379,00000,000000,District - Kendrapara,rural,hindu,females,663011
census-india-2011,sources/census-2011/c-series/state-mdds/c01-21-odisha.xls,3cfc1100df768aa8,census-c01-extract-v1.1.0-20260528T003617Z,C0101,21,379,00000,000000,District - Kendrapara,rural,muslim,persons,33400
census-india-2011,sources/census-2011/c-series/state-mdds/c01-21-odisha.xls,3cfc1100df768aa8,census-c01-extract-v1.1.0-20260528T003617Z,C0101,21,379,00000,000000,District - Kendrapara,rural,muslim,males,16166
census-india-2011,sources/census-2011/c-series/state-mdds/c01-21-odisha.xls,3cfc1100df768aa8,census-c01-extract-v1.1.0-20260528T003617Z,C0101,21,379,00000,000000,District - Kendrapara,rural,muslim,females,17234
census-india-2011,sources/census-2011/c-series/state-mdds/c01-21-odisha.xls,3cfc1100df768aa8,census-c01-extract-v1.1.0-20260528T003617Z,C0101,21,379,00000,000000,District - Kendrapara,rural,christian,persons,1321
census-india-2011,sources/census-2011/c-series/state-mdds/c01-21-odisha.xls,3cfc1100df768aa8,census-c01-extract-v1.1.0-20260528T003617Z,C0101,21,379,00000,000000,District - Kendrapara,rural,christian,males,677
census-india-2011,sources/census-2011/c-series/state-mdds/c01-21-odisha.xls,3cfc1100df768aa8,census-c01-extract-v1.1.0-20260528T003617Z,C0101,21,379,00000,000000,District - Kendrapara,rural,christian,females,644
census-india-2011,sources/census-2011/c-series/state-mdds/c01-21-odisha.xls,3cfc1100df768aa8,census-c01-extract-v1.1.0-20260528T003617Z,C0101,21,379,00000,000000,District - Kendrapara,rural,sikh,persons,162
census-india-2011,sources/census-2011/c-series/state-mdds/c01-21-odisha.xls,3cfc1100df768aa8,census-c01-extract-v1.1.0-20260528T003617Z,C0101,21,379,00000,000000,District - Kendrapara,rural,sikh,males,68
census-india-2011,sources/census-2011/c-series/state-mdds/c01-21-odisha.xls,3cfc1100df768aa8,census-c01-extract-v1.1.0-20260528T003617Z,C0101,21,379,00000,000000,District - Kendrapara,rural,sikh,females,94
census-india-2011,sources/census-2011/c-series/state-mdds/c01-21-odisha.xls,3cfc1100df768aa8,census-c01-extract-v1.1.0-20260528T003617Z,C0101,21,379,00000,000000,District - Kendrapara,rural,buddhist,persons,54
census-india-2011,sources/census-2011/c-series/state-mdds/c01-21-odisha.xls,3cfc1100df768aa8,census-c01-extract-v1.1.0-20260528T003617Z,C0101,21,379,00000,000000,District - Kendrapara,rural,buddhist,males,19
census-india-2011,sources/census-2011/c-series/state-mdds/c01-21-odisha.xls,3cfc1100df768aa8,census-c01-extract-v1.1.0-20260528T003617Z,C0101,21,379,00000,000000,District - Kendrapara,rural,buddhist,females,35
census-india-2011,sources/census-2011/c-series/state-mdds/c01-21-odisha.xls,3cfc1100df768aa8,census-c01-extract-v1.1.0-20260528T003617Z,C0101,21,379,00000,000000,District - Kendrapara,rural,jain,persons,44
census-india-2011,sources/census-2011/c-series/state-mdds/c01-21-odisha.xls,3cfc1100df768aa8,census-c01-extract-v1.1.0-20260528T003617Z,C0101,21,379,00000,000000,District - Kendrapara,rural,jain,males,23
census-india-2011,sources/census-2011/c-series/state-mdds/c01-21-odisha.xls,3cfc1100df768aa8,census-c01-extract-v1.1.0-20260528T003617Z,C0101,21,379,00000,000000,District - Kendrapara,rural,jain,females,21
census-india-2011,sources/census-2011/c-series/state-mdds/c01-21-odisha.xls,3cfc1100df768aa8,census-c01-extract-v1.1.0-20260528T003617Z,C0101,21,379,00000,000000,District - Kendrapara,rural,other,persons,21
census-india-2011,sources/census-2011/c-series/state-mdds/c01-21-odisha.xls,3cfc1100df768aa8,census-c01-extract-v1.1.0-20260528T003617Z,C0101,21,379,00000,000000,District - Kendrapara,rural,other,males,13
census-india-2011,sources/census-2011/c-series/state-mdds/c01-21-odisha.xls,3cfc1100df768aa8,census-c01-extract-v1.1.0-20260528T003617Z,C0101,21,379,00000,000000,District - Kendrapara,rural,other,females,8
census-india-2011,sources/census-2011/c-series/state-mdds/c01-21-odisha.xls,3cfc1100df768aa8,census-c01-extract-v1.1.0-20260528T003617Z,C0101,21,379,00000,000000,District - Kendrapara,rural,not_stated,persons,1469
census-india-2011,sources/census-2011/c-series/state-mdds/c01-21-odisha.xls,3cfc1100df768aa8,census-c01-extract-v1.1.0-20260528T003617Z,C0101,21,379,00000,000000,District - Kendrapara,rural,not_stated,males,742
census-india-2011,sources/census-2011/c-series/state-mdds/c01-21-odisha.xls,3cfc1100df768aa8,census-c01-extract-v1.1.0-20260528T003617Z,C0101,21,379,00000,000000,District - Kendrapara,rural,not_stated,females,727
census-india-2011,sources/census-2011/c-series/state-mdds/c01-21-odisha.xls,3cfc1100df768aa8,census-c01-extract-v1.1.0-20260528T003617Z,C0101,21,379,00000,000000,District - Kendrapara,urban,all,persons,83534
census-india-2011,sources/census-2011/c-series/state-mdds/c01-21-odisha.xls,3cfc1100df768aa8,census-c01-extract-v1.1.0-20260528T003617Z,C0101,21,379,00000,000000,District - Kendrapara,urban,all,males,42761
census-india-2011,sources/census-2011/c-series/state-mdds/c01-21-odisha.xls,3cfc1100df768aa8,census-c01-extract-v1.1.0-20260528T003617Z,C0101,21,379,00000,000000,District - Kendrapara,urban,all,females,40773
census-india-2011,sources/census-2011/c-series/state-mdds/c01-21-odisha.xls,3cfc1100df768aa8,census-c01-extract-v1.1.0-20260528T003617Z,C0101,21,379,00000,000000,District - Kendrapara,urban,hindu,persons,66436
census-india-2011,sources/census-2011/c-series/state-mdds/c01-21-odisha.xls,3cfc1100df768aa8,census-c01-extract-v1.1.0-20260528T003617Z,C0101,21,379,00000,000000,District - Kendrapara,urban,hindu,males,33855
census-india-2011,sources/census-2011/c-series/state-mdds/c01-21-odisha.xls,3cfc1100df768aa8,census-c01-extract-v1.1.0-20260528T003617Z,C0101,21,379,00000,000000,District - Kendrapara,urban,hindu,females,32581
census-india-2011,sources/census-2011/c-series/state-mdds/c01-21-odisha.xls,3cfc1100df768aa8,census-c01-extract-v1.1.0-20260528T003617Z,C0101,21,379,00000,000000,District - Kendrapara,urban,muslim,persons,16847
census-india-2011,sources/census-2011/c-series/state-mdds/c01-21-odisha.xls,3cfc1100df768aa8,census-c01-extract-v1.1.0-20260528T003617Z,C0101,21,379,00000,000000,District - Kendrapara,urban,muslim,males,8766
census-india-2011,sources/census-2011/c-series/state-mdds/c01-21-odisha.xls,3cfc1100df768aa8,census-c01-extract-v1.1.0-20260528T003617Z,C0101,21,379,00000,000000,District - Kendrapara,urban,muslim,females,8081
census-india-2011,sources/census-2011/c-series/state-mdds/c01-21-odisha.xls,3cfc1100df768aa8,census-c01-extract-v1.1.0-20260528T003617Z,C0101,21,379,00000,000000,District - Kendrapara,urban,christian,persons,102
census-india-2011,sources/census-2011/c-series/state-mdds/c01-21-odisha.xls,3cfc1100df768aa8,census-c01-extract-v1.1.0-20260528T003617Z,C0101,21,379,00000,000000,District - Kendrapara,urban,christian,males,53
census-india-2011,sources/census-2011/c-series/state-mdds/c01-21-odisha.xls,3cfc1100df768aa8,census-c01-extract-v1.1.0-20260528T003617Z,C0101,21,379,00000,000000,District - Kendrapara,urban,christian,females,49
census-india-2011,sources/census-2011/c-series/state-mdds/c01-21-odisha.xls,3cfc1100df768aa8,census-c01-extract-v1.1.0-20260528T003617Z,C0101,21,379,00000,000000,District - Kendrapara,urban,sikh,persons,7
census-india-2011,sources/census-2011/c-series/state-mdds/c01-21-odisha.xls,3cfc1100df768aa8,census-c01-extract-v1.1.0-20260528T003617Z,C0101,21,379,00000,000000,District - Kendrapara,urban,sikh,males,3
census-india-2011,sources/census-2011/c-series/state-mdds/c01-21-odisha.xls,3cfc1100df768aa8,census-c01-extract-v1.1.0-20260528T003617Z,C0101,21,379,00000,000000,District - Kendrapara,urban,sikh,females,4
census-india-2011,sources/census-2011/c-series/state-mdds/c01-21-odisha.xls,3cfc1100df768aa8,census-c01-extract-v1.1.0-20260528T003617Z,C0101,21,379,00000,000000,District - Kendrapara,urban,buddhist,persons,8
census-india-2011,sources/census-2011/c-series/state-mdds/c01-21-odisha.xls,3cfc1100df768aa8,census-c01-extract-v1.1.0-20260528T003617Z,C0101,21,379,00000,000000,District - Kendrapara,urban,buddhist,males,5
census-india-2011,sources/census-2011/c-series/state-mdds/c01-21-odisha.xls,3cfc1100df768aa8,census-c01-extract-v1.1.0-20260528T003617Z,C0101,21,379,00000,000000,District - Kendrapara,urban,buddhist,females,3
census-india-2011,sources/census-2011/c-series/state-mdds/c01-21-odisha.xls,3cfc1100df768aa8,census-c01-extract-v1.1.0-20260528T003617Z,C0101,21,379,00000,000000,District - Kendrapara,urban,jain,persons,8
census-india-2011,sources/census-2011/c-series/state-mdds/c01-21-odisha.xls,3cfc1100df768aa8,census-c01-extract-v1.1.0-20260528T003617Z,C0101,21,379,00000,000000,District - Kendrapara,urban,jain,males,6
census-india-2011,sources/census-2011/c-series/state-mdds/c01-21-odisha.xls,3cfc1100df768aa8,census-c01-extract-v1.1.0-20260528T003617Z,C0101,21,379,00000,000000,District - Kendrapara,urban,jain,females,2
census-india-2011,sources/census-2011/c-series/state-mdds/c01-21-odisha.xls,3cfc1100df768aa8,census-c01-extract-v1.1.0-20260528T003617Z,C0101,21,379,00000,000000,District - Kendrapara,urban,other,persons,3
census-india-2011,sources/census-2011/c-series/state-mdds/c01-21-odisha.xls,3cfc1100df768aa8,census-c01-extract-v1.1.0-20260528T003617Z,C0101,21,379,00000,000000,District - Kendrapara,urban,other,males,2
census-india-2011,sources/census-2011/c-series/state-mdds/c01-21-odisha.xls,3cfc1100df768aa8,census-c01-extract-v1.1.0-20260528T003617Z,C0101,21,379,00000,000000,District - Kendrapara,urban,other,females,1
census-india-2011,sources/census-2011/c-series/state-mdds/c01-21-odisha.xls,3cfc1100df768aa8,census-c01-extract-v1.1.0-20260528T003617Z,C0101,21,379,00000,000000,District - Kendrapara,urban,not_stated,persons,123
census-india-2011,sources/census-2011/c-series/state-mdds/c01-21-odisha.xls,3cfc1100df768aa8,census-c01-extract-v1.1.0-20260528T003617Z,C0101,21,379,00000,000000,District - Kendrapara,urban,not_stated,males,71
census-india-2011,sources/census-2011/c-series/state-mdds/c01-21-odisha.xls,3cfc1100df768aa8,census-c01-extract-v1.1.0-20260528T003617Z,C0101,21,379,00000,000000,District - Kendrapara,urban,not_stated,females,52
census-india-2011,sources/census-2011/c-series/state-mdds/c01-21-odisha.xls,3cfc1100df768aa8,census-c01-extract-v1.1.0-20260528T003617Z,C0101,21,380,00000,000000,District - Jagatsinghapur,total,all,persons,1136971
census-india-2011,sources/census-2011/c-series/state-mdds/c01-21-odisha.xls,3cfc1100df768aa8,census-c01-extract-v1.1.0-20260528T003617Z,C0101,21,380,00000,000000,District - Jagatsinghapur,total,all,males,577865
census-india-2011,sources/census-2011/c-series/state-mdds/c01-21-odisha.xls,3cfc1100df768aa8,census-c01-extract-v1.1.0-20260528T003617Z,C0101,21,380,00000,000000,District - Jagatsinghapur,total,all,females,559106
census-india-2011,sources/census-2011/c-series/state-mdds/c01-21-odisha.xls,3cfc1100df768aa8,census-c01-extract-v1.1.0-20260528T003617Z,C0101,21,380,00000,000000,District - Jagatsinghapur,total,hindu,persons,1086140
census-india-2011,sources/census-2011/c-series/state-mdds/c01-21-odisha.xls,3cfc1100df768aa8,census-c01-extract-v1.1.0-20260528T003617Z,C0101,21,380,00000,000000,District - Jagatsinghapur,total,hindu,males,552885
census-india-2011,sources/census-2011/c-series/state-mdds/c01-21-odisha.xls,3cfc1100df768aa8,census-c01-extract-v1.1.0-20260528T003617Z,C0101,21,380,00000,000000,District - Jagatsinghapur,total,hindu,females,533255
census-india-2011,sources/census-2011/c-series/state-mdds/c01-21-odisha.xls,3cfc1100df768aa8,census-c01-extract-v1.1.0-20260528T003617Z,C0101,21,380,00000,000000,District - Jagatsinghapur,total,muslim,persons,46929
census-india-2011,sources/census-2011/c-series/state-mdds/c01-21-odisha.xls,3cfc1100df768aa8,census-c01-extract-v1.1.0-20260528T003617Z,C0101,21,380,00000,000000,District - Jagatsinghapur,total,muslim,males,22791
census-india-2011,sources/census-2011/c-series/state-mdds/c01-21-odisha.xls,3cfc1100df768aa8,census-c01-extract-v1.1.0-20260528T003617Z,C0101,21,380,00000,000000,District - Jagatsinghapur,total,muslim,females,24138
census-india-2011,sources/census-2011/c-series/state-mdds/c01-21-odisha.xls,3cfc1100df768aa8,census-c01-extract-v1.1.0-20260528T003617Z,C0101,21,380,00000,000000,District - Jagatsinghapur,total,christian,persons,1604
census-india-2011,sources/census-2011/c-series/state-mdds/c01-21-odisha.xls,3cfc1100df768aa8,census-c01-extract-v1.1.0-20260528T003617Z,C0101,21,380,00000,000000,District - Jagatsinghapur,total,christian,males,802
census-india-2011,sources/census-2011/c-series/state-mdds/c01-21-odisha.xls,3cfc1100df768aa8,census-c01-extract-v1.1.0-20260528T003617Z,C0101,21,380,00000,000000,District - Jagatsinghapur,total,christian,females,802
census-india-2011,sources/census-2011/c-series/state-mdds/c01-21-odisha.xls,3cfc1100df768aa8,census-c01-extract-v1.1.0-20260528T003617Z,C0101,21,380,00000,000000,District - Jagatsinghapur,total,sikh,persons,206
census-india-2011,sources/census-2011/c-series/state-mdds/c01-21-odisha.xls,3cfc1100df768aa8,census-c01-extract-v1.1.0-20260528T003617Z,C0101,21,380,00000,000000,District - Jagatsinghapur,total,sikh,males,117
census-india-2011,sources/census-2011/c-series/state-mdds/c01-21-odisha.xls,3cfc1100df768aa8,census-c01-extract-v1.1.0-20260528T003617Z,C0101,21,380,00000,000000,District - Jagatsinghapur,total,sikh,females,89
census-india-2011,sources/census-2011/c-series/state-mdds/c01-21-odisha.xls,3cfc1100df768aa8,census-c01-extract-v1.1.0-20260528T003617Z,C0101,21,380,00000,000000,District - Jagatsinghapur,total,buddhist,persons,74
census-india-2011,sources/census-2011/c-series/state-mdds/c01-21-odisha.xls,3cfc1100df768aa8,census-c01-extract-v1.1.0-20260528T003617Z,C0101,21,380,00000,000000,District - Jagatsinghapur,total,buddhist,males,41
census-india-2011,sources/census-2011/c-series/state-mdds/c01-21-odisha.xls,3cfc1100df768aa8,census-c01-extract-v1.1.0-20260528T003617Z,C0101,21,380,00000,000000,District - Jagatsinghapur,total,buddhist,females,33
census-india-2011,sources/census-2011/c-series/state-mdds/c01-21-odisha.xls,3cfc1100df768aa8,census-c01-extract-v1.1.0-20260528T003617Z,C0101,21,380,00000,000000,District - Jagatsinghapur,total,jain,persons,58
census-india-2011,sources/census-2011/c-series/state-mdds/c01-21-odisha.xls,3cfc1100df768aa8,census-c01-extract-v1.1.0-20260528T003617Z,C0101,21,380,00000,000000,District - Jagatsinghapur,total,jain,males,32
census-india-2011,sources/census-2011/c-series/state-mdds/c01-21-odisha.xls,3cfc1100df768aa8,census-c01-extract-v1.1.0-20260528T003617Z,C0101,21,380,00000,000000,District - Jagatsinghapur,total,jain,females,26
census-india-2011,sources/census-2011/c-series/state-mdds/c01-21-odisha.xls,3cfc1100df768aa8,census-c01-extract-v1.1.0-20260528T003617Z,C0101,21,380,00000,000000,District - Jagatsinghapur,total,other,persons,63
census-india-2011,sources/census-2011/c-series/state-mdds/c01-21-odisha.xls,3cfc1100df768aa8,census-c01-extract-v1.1.0-20260528T003617Z,C0101,21,380,00000,000000,District - Jagatsinghapur,total,other,males,30
census-india-2011,sources/census-2011/c-series/state-mdds/c01-21-odisha.xls,3cfc1100df768aa8,census-c01-extract-v1.1.0-20260528T003617Z,C0101,21,380,00000,000000,District - Jagatsinghapur,total,other,females,33
census-india-2011,sources/census-2011/c-series/state-mdds/c01-21-odisha.xls,3cfc1100df768aa8,census-c01-extract-v1.1.0-20260528T003617Z,C0101,21,380,00000,000000,District - Jagatsinghapur,total,not_stated,persons,1897
census-india-2011,sources/census-2011/c-series/state-mdds/c01-21-odisha.xls,3cfc1100df768aa8,census-c01-extract-v1.1.0-20260528T003617Z,C0101,21,380,00000,000000,District - Jagatsinghapur,total,not_stated,males,1167
census-india-2011,sources/census-2011/c-series/state-mdds/c01-21-odisha.xls,3cfc1100df768aa8,census-c01-extract-v1.1.0-20260528T003617Z,C0101,21,380,00000,000000,District - Jagatsinghapur,total,not_stated,females,730
census-india-2011,sources/census-2011/c-series/state-mdds/c01-21-odisha.xls,3cfc1100df768aa8,census-c01-extract-v1.1.0-20260528T003617Z,C0101,21,380,00000,000000,District - Jagatsinghapur,rural,all,persons,1020991
census-india-2011,sources/census-2011/c-series/state-mdds/c01-21-odisha.xls,3cfc1100df768aa8,census-c01-extract-v1.1.0-20260528T003617Z,C0101,21,380,00000,000000,District - Jagatsinghapur,rural,all,males,516813
census-india-2011,sources/census-2011/c-series/state-mdds/c01-21-odisha.xls,3cfc1100df768aa8,census-c01-extract-v1.1.0-20260528T003617Z,C0101,21,380,00000,000000,District - Jagatsinghapur,rural,all,females,504178
census-india-2011,sources/census-2011/c-series/state-mdds/c01-21-odisha.xls,3cfc1100df768aa8,census-c01-extract-v1.1.0-20260528T003617Z,C0101,21,380,00000,000000,District - Jagatsinghapur,rural,hindu,persons,985247
census-india-2011,sources/census-2011/c-series/state-mdds/c01-21-odisha.xls,3cfc1100df768aa8,census-c01-extract-v1.1.0-20260528T003617Z,C0101,21,380,00000,000000,District - Jagatsinghapur,rural,hindu,males,499397
census-india-2011,sources/census-2011/c-series/state-mdds/c01-21-odisha.xls,3cfc1100df768aa8,census-c01-extract-v1.1.0-20260528T003617Z,C0101,21,380,00000,000000,District - Jagatsinghapur,rural,hindu,females,485850
census-india-2011,sources/census-2011/c-series/state-mdds/c01-21-odisha.xls,3cfc1100df768aa8,census-c01-extract-v1.1.0-20260528T003617Z,C0101,21,380,00000,000000,District - Jagatsinghapur,rural,muslim,persons,33762
census-india-2011,sources/census-2011/c-series/state-mdds/c01-21-odisha.xls,3cfc1100df768aa8,census-c01-extract-v1.1.0-20260528T003617Z,C0101,21,380,00000,000000,District - Jagatsinghapur,rural,muslim,males,16398
census-india-2011,sources/census-2011/c-series/state-mdds/c01-21-odisha.xls,3cfc1100df768aa8,census-c01-extract-v1.1.0-20260528T003617Z,C0101,21,380,00000,000000,District - Jagatsinghapur,rural,muslim,females,17364
census-india-2011,sources/census-2011/c-series/state-mdds/c01-21-odisha.xls,3cfc1100df768aa8,census-c01-extract-v1.1.0-20260528T003617Z,C0101,21,380,00000,000000,District - Jagatsinghapur,rural,christian,persons,409
census-india-2011,sources/census-2011/c-series/state-mdds/c01-21-odisha.xls,3cfc1100df768aa8,census-c01-extract-v1.1.0-20260528T003617Z,C0101,21,380,00000,000000,District - Jagatsinghapur,rural,christian,males,216
census-india-2011,sources/census-2011/c-series/state-mdds/c01-21-odisha.xls,3cfc1100df768aa8,census-c01-extract-v1.1.0-20260528T003617Z,C0101,21,380,00000,000000,District - Jagatsinghapur,rural,christian,females,193
census-india-2011,sources/census-2011/c-series/state-mdds/c01-21-odisha.xls,3cfc1100df768aa8,census-c01-extract-v1.1.0-20260528T003617Z,C0101,21,380,00000,000000,District - Jagatsinghapur,rural,sikh,persons,164
census-india-2011,sources/census-2011/c-series/state-mdds/c01-21-odisha.xls,3cfc1100df768aa8,census-c01-extract-v1.1.0-20260528T003617Z,C0101,21,380,00000,000000,District - Jagatsinghapur,rural,sikh,males,90
census-india-2011,sources/census-2011/c-series/state-mdds/c01-21-odisha.xls,3cfc1100df768aa8,census-c01-extract-v1.1.0-20260528T003617Z,C0101,21,380,00000,000000,District - Jagatsinghapur,rural,sikh,females,74
census-india-2011,sources/census-2011/c-series/state-mdds/c01-21-odisha.xls,3cfc1100df768aa8,census-c01-extract-v1.1.0-20260528T003617Z,C0101,21,380,00000,000000,District - Jagatsinghapur,rural,buddhist,persons,62
census-india-2011,sources/census-2011/c-series/state-mdds/c01-21-odisha.xls,3cfc1100df768aa8,census-c01-extract-v1.1.0-20260528T003617Z,C0101,21,380,00000,000000,District - Jagatsinghapur,rural,buddhist,males,36
census-india-2011,sources/census-2011/c-series/state-mdds/c01-21-odisha.xls,3cfc1100df768aa8,census-c01-extract-v1.1.0-20260528T003617Z,C0101,21,380,00000,000000,District - Jagatsinghapur,rural,buddhist,females,26
census-india-2011,sources/census-2011/c-series/state-mdds/c01-21-odisha.xls,3cfc1100df768aa8,census-c01-extract-v1.1.0-20260528T003617Z,C0101,21,380,00000,000000,District - Jagatsinghapur,rural,jain,persons,49
census-india-2011,sources/census-2011/c-series/state-mdds/c01-21-odisha.xls,3cfc1100df768aa8,census-c01-extract-v1.1.0-20260528T003617Z,C0101,21,380,00000,000000,District - Jagatsinghapur,rural,jain,males,27
census-india-2011,sources/census-2011/c-series/state-mdds/c01-21-odisha.xls,3cfc1100df768aa8,census-c01-extract-v1.1.0-20260528T003617Z,C0101,21,380,00000,000000,District - Jagatsinghapur,rural,jain,females,22
census-india-2011,sources/census-2011/c-series/state-mdds/c01-21-odisha.xls,3cfc1100df768aa8,census-c01-extract-v1.1.0-20260528T003617Z,C0101,21,380,00000,000000,District - Jagatsinghapur,rural,other,persons,10
census-india-2011,sources/census-2011/c-series/state-mdds/c01-21-odisha.xls,3cfc1100df768aa8,census-c01-extract-v1.1.0-20260528T003617Z,C0101,21,380,00000,000000,District - Jagatsinghapur,rural,other,males,4
census-india-2011,sources/census-2011/c-series/state-mdds/c01-21-odisha.xls,3cfc1100df768aa8,census-c01-extract-v1.1.0-20260528T003617Z,C0101,21,380,00000,000000,District - Jagatsinghapur,rural,other,females,6
census-india-2011,sources/census-2011/c-series/state-mdds/c01-21-odisha.xls,3cfc1100df768aa8,census-c01-extract-v1.1.0-20260528T003617Z,C0101,21,380,00000,000000,District - Jagatsinghapur,rural,not_stated,persons,1288
census-india-2011,sources/census-2011/c-series/state-mdds/c01-21-odisha.xls,3cfc1100df768aa8,census-c01-extract-v1.1.0-20260528T003617Z,C0101,21,380,00000,000000,District - Jagatsinghapur,rural,not_stated,males,645
census-india-2011,sources/census-2011/c-series/state-mdds/c01-21-odisha.xls,3cfc1100df768aa8,census-c01-extract-v1.1.0-20260528T003617Z,C0101,21,380,00000,000000,District - Jagatsinghapur,rural,not_stated,females,643
census-india-2011,sources/census-2011/c-series/state-mdds/c01-21-odisha.xls,3cfc1100df768aa8,census-c01-extract-v1.1.0-20260528T003617Z,C0101,21,380,00000,000000,District - Jagatsinghapur,urban,all,persons,115980
census-india-2011,sources/census-2011/c-series/state-mdds/c01-21-odisha.xls,3cfc1100df768aa8,census-c01-extract-v1.1.0-20260528T003617Z,C0101,21,380,00000,000000,District - Jagatsinghapur,urban,all,males,61052
census-india-2011,sources/census-2011/c-series/state-mdds/c01-21-odisha.xls,3cfc1100df768aa8,census-c01-extract-v1.1.0-20260528T003617Z,C0101,21,380,00000,000000,District - Jagatsinghapur,urban,all,females,54928
census-india-2011,sources/census-2011/c-series/state-mdds/c01-21-odisha.xls,3cfc1100df768aa8,census-c01-extract-v1.1.0-20260528T003617Z,C0101,21,380,00000,000000,District - Jagatsinghapur,urban,hindu,persons,100893
census-india-2011,sources/census-2011/c-series/state-mdds/c01-21-odisha.xls,3cfc1100df768aa8,census-c01-extract-v1.1.0-20260528T003617Z,C0101,21,380,00000,000000,District - Jagatsinghapur,urban,hindu,males,53488
census-india-2011,sources/census-2011/c-series/state-mdds/c01-21-odisha.xls,3cfc1100df768aa8,census-c01-extract-v1.1.0-20260528T003617Z,C0101,21,380,00000,000000,District - Jagatsinghapur,urban,hindu,females,47405
census-india-2011,sources/census-2011/c-series/state-mdds/c01-21-odisha.xls,3cfc1100df768aa8,census-c01-extract-v1.1.0-20260528T003617Z,C0101,21,380,00000,000000,District - Jagatsinghapur,urban,muslim,persons,13167
census-india-2011,sources/census-2011/c-series/state-mdds/c01-21-odisha.xls,3cfc1100df768aa8,census-c01-extract-v1.1.0-20260528T003617Z,C0101,21,380,00000,000000,District - Jagatsinghapur,urban,muslim,males,6393
census-india-2011,sources/census-2011/c-series/state-mdds/c01-21-odisha.xls,3cfc1100df768aa8,census-c01-extract-v1.1.0-20260528T003617Z,C0101,21,380,00000,000000,District - Jagatsinghapur,urban,muslim,females,6774
census-india-2011,sources/census-2011/c-series/state-mdds/c01-21-odisha.xls,3cfc1100df768aa8,census-c01-extract-v1.1.0-20260528T003617Z,C0101,21,380,00000,000000,District - Jagatsinghapur,urban,christian,persons,1195
census-india-2011,sources/census-2011/c-series/state-mdds/c01-21-odisha.xls,3cfc1100df768aa8,census-c01-extract-v1.1.0-20260528T003617Z,C0101,21,380,00000,000000,District - Jagatsinghapur,urban,christian,males,586
census-india-2011,sources/census-2011/c-series/state-mdds/c01-21-odisha.xls,3cfc1100df768aa8,census-c01-extract-v1.1.0-20260528T003617Z,C0101,21,380,00000,000000,District - Jagatsinghapur,urban,christian,females,609
census-india-2011,sources/census-2011/c-series/state-mdds/c01-21-odisha.xls,3cfc1100df768aa8,census-c01-extract-v1.1.0-20260528T003617Z,C0101,21,380,00000,000000,District - Jagatsinghapur,urban,sikh,persons,42
census-india-2011,sources/census-2011/c-series/state-mdds/c01-21-odisha.xls,3cfc1100df768aa8,census-c01-extract-v1.1.0-20260528T003617Z,C0101,21,380,00000,000000,District - Jagatsinghapur,urban,sikh,males,27
census-india-2011,sources/census-2011/c-series/state-mdds/c01-21-odisha.xls,3cfc1100df768aa8,census-c01-extract-v1.1.0-20260528T003617Z,C0101,21,380,00000,000000,District - Jagatsinghapur,urban,sikh,females,15
census-india-2011,sources/census-2011/c-series/state-mdds/c01-21-odisha.xls,3cfc1100df768aa8,census-c01-extract-v1.1.0-20260528T003617Z,C0101,21,380,00000,000000,District - Jagatsinghapur,urban,buddhist,persons,12
census-india-2011,sources/census-2011/c-series/state-mdds/c01-21-odisha.xls,3cfc1100df768aa8,census-c01-extract-v1.1.0-20260528T003617Z,C0101,21,380,00000,000000,District - Jagatsinghapur,urban,buddhist,males,5
census-india-2011,sources/census-2011/c-series/state-mdds/c01-21-odisha.xls,3cfc1100df768aa8,census-c01-extract-v1.1.0-20260528T003617Z,C0101,21,380,00000,000000,District - Jagatsinghapur,urban,buddhist,females,7
census-india-2011,sources/census-2011/c-series/state-mdds/c01-21-odisha.xls,3cfc1100df768aa8,census-c01-extract-v1.1.0-20260528T003617Z,C0101,21,380,00000,000000,District - Jagatsinghapur,urban,jain,persons,9
census-india-2011,sources/census-2011/c-series/state-mdds/c01-21-odisha.xls,3cfc1100df768aa8,census-c01-extract-v1.1.0-20260528T003617Z,C0101,21,380,00000,000000,District - Jagatsinghapur,urban,jain,males,5
census-india-2011,sources/census-2011/c-series/state-mdds/c01-21-odisha.xls,3cfc1100df768aa8,census-c01-extract-v1.1.0-20260528T003617Z,C0101,21,380,00000,000000,District - Jagatsinghapur,urban,jain,females,4
census-india-2011,sources/census-2011/c-series/state-mdds/c01-21-odisha.xls,3cfc1100df768aa8,census-c01-extract-v1.1.0-20260528T003617Z,C0101,21,380,00000,000000,District - Jagatsinghapur,urban,other,persons,53
census-india-2011,sources/census-2011/c-series/state-mdds/c01-21-odisha.xls,3cfc1100df768aa8,census-c01-extract-v1.1.0-20260528T003617Z,C0101,21,380,00000,000000,District - Jagatsinghapur,urban,other,males,26
census-india-2011,sources/census-2011/c-series/state-mdds/c01-21-odisha.xls,3cfc1100df768aa8,census-c01-extract-v1.1.0-20260528T003617Z,C0101,21,380,00000,000000,District - Jagatsinghapur,urban,other,females,27
census-india-2011,sources/census-2011/c-series/state-mdds/c01-21-odisha.xls,3cfc1100df768aa8,census-c01-extract-v1.1.0-20260528T003617Z,C0101,21,380,00000,000000,District - Jagatsinghapur,urban,not_stated,persons,609
census-india-2011,sources/census-2011/c-series/state-mdds/c01-21-odisha.xls,3cfc1100df768aa8,census-c01-extract-v1.1.0-20260528T003617Z,C0101,21,380,00000,000000,District - Jagatsinghapur,urban,not_stated,males,522
census-india-2011,sources/census-2011/c-series/state-mdds/c01-21-odisha.xls,3cfc1100df768aa8,census-c01-extract-v1.1.0-20260528T003617Z,C0101,21,380,00000,000000,District - Jagatsinghapur,urban,not_stated,females,87
census-india-2011,sources/census-2011/c-series/state-mdds/c01-21-odisha.xls,3cfc1100df768aa8,census-c01-extract-v1.1.0-20260528T003617Z,C0101,21,381,00000,000000,District - Cuttack,total,all,persons,2624470
census-india-2011,sources/census-2011/c-series/state-mdds/c01-21-odisha.xls,3cfc1100df768aa8,census-c01-extract-v1.1.0-20260528T003617Z,C0101,21,381,00000,000000,District - Cuttack,total,all,males,1352760
census-india-2011,sources/census-2011/c-series/state-mdds/c01-21-odisha.xls,3cfc1100df768aa8,census-c01-extract-v1.1.0-20260528T003617Z,C0101,21,381,00000,000000,District - Cuttack,total,all,females,1271710
census-india-2011,sources/census-2011/c-series/state-mdds/c01-21-odisha.xls,3cfc1100df768aa8,census-c01-extract-v1.1.0-20260528T003617Z,C0101,21,381,00000,000000,District - Cuttack,total,hindu,persons,2457729
census-india-2011,sources/census-2011/c-series/state-mdds/c01-21-odisha.xls,3cfc1100df768aa8,census-c01-extract-v1.1.0-20260528T003617Z,C0101,21,381,00000,000000,District - Cuttack,total,hindu,males,1268032
census-india-2011,sources/census-2011/c-series/state-mdds/c01-21-odisha.xls,3cfc1100df768aa8,census-c01-extract-v1.1.0-20260528T003617Z,C0101,21,381,00000,000000,District - Cuttack,total,hindu,females,1189697
census-india-2011,sources/census-2011/c-series/state-mdds/c01-21-odisha.xls,3cfc1100df768aa8,census-c01-extract-v1.1.0-20260528T003617Z,C0101,21,381,00000,000000,District - Cuttack,total,muslim,persons,141263
census-india-2011,sources/census-2011/c-series/state-mdds/c01-21-odisha.xls,3cfc1100df768aa8,census-c01-extract-v1.1.0-20260528T003617Z,C0101,21,381,00000,000000,District - Cuttack,total,muslim,males,71532
census-india-2011,sources/census-2011/c-series/state-mdds/c01-21-odisha.xls,3cfc1100df768aa8,census-c01-extract-v1.1.0-20260528T003617Z,C0101,21,381,00000,000000,District - Cuttack,total,muslim,females,69731
census-india-2011,sources/census-2011/c-series/state-mdds/c01-21-odisha.xls,3cfc1100df768aa8,census-c01-extract-v1.1.0-20260528T003617Z,C0101,21,381,00000,000000,District - Cuttack,total,christian,persons,11985
census-india-2011,sources/census-2011/c-series/state-mdds/c01-21-odisha.xls,3cfc1100df768aa8,census-c01-extract-v1.1.0-20260528T003617Z,C0101,21,381,00000,000000,District - Cuttack,total,christian,males,6081
census-india-2011,sources/census-2011/c-series/state-mdds/c01-21-odisha.xls,3cfc1100df768aa8,census-c01-extract-v1.1.0-20260528T003617Z,C0101,21,381,00000,000000,District - Cuttack,total,christian,females,5904
census-india-2011,sources/census-2011/c-series/state-mdds/c01-21-odisha.xls,3cfc1100df768aa8,census-c01-extract-v1.1.0-20260528T003617Z,C0101,21,381,00000,000000,District - Cuttack,total,sikh,persons,1026
census-india-2011,sources/census-2011/c-series/state-mdds/c01-21-odisha.xls,3cfc1100df768aa8,census-c01-extract-v1.1.0-20260528T003617Z,C0101,21,381,00000,000000,District - Cuttack,total,sikh,males,550
census-india-2011,sources/census-2011/c-series/state-mdds/c01-21-odisha.xls,3cfc1100df768aa8,census-c01-extract-v1.1.0-20260528T003617Z,C0101,21,381,00000,000000,District - Cuttack,total,sikh,females,476
census-india-2011,sources/census-2011/c-series/state-mdds/c01-21-odisha.xls,3cfc1100df768aa8,census-c01-extract-v1.1.0-20260528T003617Z,C0101,21,381,00000,000000,District - Cuttack,total,buddhist,persons,6276
census-india-2011,sources/census-2011/c-series/state-mdds/c01-21-odisha.xls,3cfc1100df768aa8,census-c01-extract-v1.1.0-20260528T003617Z,C0101,21,381,00000,000000,District - Cuttack,total,buddhist,males,3323
census-india-2011,sources/census-2011/c-series/state-mdds/c01-21-odisha.xls,3cfc1100df768aa8,census-c01-extract-v1.1.0-20260528T003617Z,C0101,21,381,00000,000000,District - Cuttack,total,buddhist,females,2953
census-india-2011,sources/census-2011/c-series/state-mdds/c01-21-odisha.xls,3cfc1100df768aa8,census-c01-extract-v1.1.0-20260528T003617Z,C0101,21,381,00000,000000,District - Cuttack,total,jain,persons,1180
census-india-2011,sources/census-2011/c-series/state-mdds/c01-21-odisha.xls,3cfc1100df768aa8,census-c01-extract-v1.1.0-20260528T003617Z,C0101,21,381,00000,000000,District - Cuttack,total,jain,males,606
census-india-2011,sources/census-2011/c-series/state-mdds/c01-21-odisha.xls,3cfc1100df768aa8,census-c01-extract-v1.1.0-20260528T003617Z,C0101,21,381,00000,000000,District - Cuttack,total,jain,females,574
census-india-2011,sources/census-2011/c-series/state-mdds/c01-21-odisha.xls,3cfc1100df768aa8,census-c01-extract-v1.1.0-20260528T003617Z,C0101,21,381,00000,000000,District - Cuttack,total,other,persons,168
census-india-2011,sources/census-2011/c-series/state-mdds/c01-21-odisha.xls,3cfc1100df768aa8,census-c01-extract-v1.1.0-20260528T003617Z,C0101,21,381,00000,000000,District - Cuttack,total,other,males,77
census-india-2011,sources/census-2011/c-series/state-mdds/c01-21-odisha.xls,3cfc1100df768aa8,census-c01-extract-v1.1.0-20260528T003617Z,C0101,21,381,00000,000000,District - Cuttack,total,other,females,91
census-india-2011,sources/census-2011/c-series/state-mdds/c01-21-odisha.xls,3cfc1100df768aa8,census-c01-extract-v1.1.0-20260528T003617Z,C0101,21,381,00000,000000,District - Cuttack,total,not_stated,persons,4843
census-india-2011,sources/census-2011/c-series/state-mdds/c01-21-odisha.xls,3cfc1100df768aa8,census-c01-extract-v1.1.0-20260528T003617Z,C0101,21,381,00000,000000,District - Cuttack,total,not_stated,males,2559
census-india-2011,sources/census-2011/c-series/state-mdds/c01-21-odisha.xls,3cfc1100df768aa8,census-c01-extract-v1.1.0-20260528T003617Z,C0101,21,381,00000,000000,District - Cuttack,total,not_stated,females,2284
census-india-2011,sources/census-2011/c-series/state-mdds/c01-21-odisha.xls,3cfc1100df768aa8,census-c01-extract-v1.1.0-20260528T003617Z,C0101,21,381,00000,000000,District - Cuttack,rural,all,persons,1888423
census-india-2011,sources/census-2011/c-series/state-mdds/c01-21-odisha.xls,3cfc1100df768aa8,census-c01-extract-v1.1.0-20260528T003617Z,C0101,21,381,00000,000000,District - Cuttack,rural,all,males,970885
census-india-2011,sources/census-2011/c-series/state-mdds/c01-21-odisha.xls,3cfc1100df768aa8,census-c01-extract-v1.1.0-20260528T003617Z,C0101,21,381,00000,000000,District - Cuttack,rural,all,females,917538
census-india-2011,sources/census-2011/c-series/state-mdds/c01-21-odisha.xls,3cfc1100df768aa8,census-c01-extract-v1.1.0-20260528T003617Z,C0101,21,381,00000,000000,District - Cuttack,rural,hindu,persons,1790791
census-india-2011,sources/census-2011/c-series/state-mdds/c01-21-odisha.xls,3cfc1100df768aa8,census-c01-extract-v1.1.0-20260528T003617Z,C0101,21,381,00000,000000,District - Cuttack,rural,hindu,males,921631
census-india-2011,sources/census-2011/c-series/state-mdds/c01-21-odisha.xls,3cfc1100df768aa8,census-c01-extract-v1.1.0-20260528T003617Z,C0101,21,381,00000,000000,District - Cuttack,rural,hindu,females,869160
census-india-2011,sources/census-2011/c-series/state-mdds/c01-21-odisha.xls,3cfc1100df768aa8,census-c01-extract-v1.1.0-20260528T003617Z,C0101,21,381,00000,000000,District - Cuttack,rural,muslim,persons,86632
census-india-2011,sources/census-2011/c-series/state-mdds/c01-21-odisha.xls,3cfc1100df768aa8,census-c01-extract-v1.1.0-20260528T003617Z,C0101,21,381,00000,000000,District - Cuttack,rural,muslim,males,43432
census-india-2011,sources/census-2011/c-series/state-mdds/c01-21-odisha.xls,3cfc1100df768aa8,census-c01-extract-v1.1.0-20260528T003617Z,C0101,21,381,00000,000000,District - Cuttack,rural,muslim,females,43200
census-india-2011,sources/census-2011/c-series/state-mdds/c01-21-odisha.xls,3cfc1100df768aa8,census-c01-extract-v1.1.0-20260528T003617Z,C0101,21,381,00000,000000,District - Cuttack,rural,christian,persons,2596
census-india-2011,sources/census-2011/c-series/state-mdds/c01-21-odisha.xls,3cfc1100df768aa8,census-c01-extract-v1.1.0-20260528T003617Z,C0101,21,381,00000,000000,District - Cuttack,rural,christian,males,1407
census-india-2011,sources/census-2011/c-series/state-mdds/c01-21-odisha.xls,3cfc1100df768aa8,census-c01-extract-v1.1.0-20260528T003617Z,C0101,21,381,00000,000000,District - Cuttack,rural,christian,females,1189
census-india-2011,sources/census-2011/c-series/state-mdds/c01-21-odisha.xls,3cfc1100df768aa8,census-c01-extract-v1.1.0-20260528T003617Z,C0101,21,381,00000,000000,District - Cuttack,rural,sikh,persons,220
census-india-2011,sources/census-2011/c-series/state-mdds/c01-21-odisha.xls,3cfc1100df768aa8,census-c01-extract-v1.1.0-20260528T003617Z,C0101,21,381,00000,000000,District - Cuttack,rural,sikh,males,108
census-india-2011,sources/census-2011/c-series/state-mdds/c01-21-odisha.xls,3cfc1100df768aa8,census-c01-extract-v1.1.0-20260528T003617Z,C0101,21,381,00000,000000,District - Cuttack,rural,sikh,females,112
census-india-2011,sources/census-2011/c-series/state-mdds/c01-21-odisha.xls,3cfc1100df768aa8,census-c01-extract-v1.1.0-20260528T003617Z,C0101,21,381,00000,000000,District - Cuttack,rural,buddhist,persons,5907
census-india-2011,sources/census-2011/c-series/state-mdds/c01-21-odisha.xls,3cfc1100df768aa8,census-c01-extract-v1.1.0-20260528T003617Z,C0101,21,381,00000,000000,District - Cuttack,rural,buddhist,males,3122
census-india-2011,sources/census-2011/c-series/state-mdds/c01-21-odisha.xls,3cfc1100df768aa8,census-c01-extract-v1.1.0-20260528T003617Z,C0101,21,381,00000,000000,District - Cuttack,rural,buddhist,females,2785
census-india-2011,sources/census-2011/c-series/state-mdds/c01-21-odisha.xls,3cfc1100df768aa8,census-c01-extract-v1.1.0-20260528T003617Z,C0101,21,381,00000,000000,District - Cuttack,rural,jain,persons,88
census-india-2011,sources/census-2011/c-series/state-mdds/c01-21-odisha.xls,3cfc1100df768aa8,census-c01-extract-v1.1.0-20260528T003617Z,C0101,21,381,00000,000000,District - Cuttack,rural,jain,males,47
census-india-2011,sources/census-2011/c-series/state-mdds/c01-21-odisha.xls,3cfc1100df768aa8,census-c01-extract-v1.1.0-20260528T003617Z,C0101,21,381,00000,000000,District - Cuttack,rural,jain,females,41
census-india-2011,sources/census-2011/c-series/state-mdds/c01-21-odisha.xls,3cfc1100df768aa8,census-c01-extract-v1.1.0-20260528T003617Z,C0101,21,381,00000,000000,District - Cuttack,rural,other,persons,69
census-india-2011,sources/census-2011/c-series/state-mdds/c01-21-odisha.xls,3cfc1100df768aa8,census-c01-extract-v1.1.0-20260528T003617Z,C0101,21,381,00000,000000,District - Cuttack,rural,other,males,30
census-india-2011,sources/census-2011/c-series/state-mdds/c01-21-odisha.xls,3cfc1100df768aa8,census-c01-extract-v1.1.0-20260528T003617Z,C0101,21,381,00000,000000,District - Cuttack,rural,other,females,39
census-india-2011,sources/census-2011/c-series/state-mdds/c01-21-odisha.xls,3cfc1100df768aa8,census-c01-extract-v1.1.0-20260528T003617Z,C0101,21,381,00000,000000,District - Cuttack,rural,not_stated,persons,2120
census-india-2011,sources/census-2011/c-series/state-mdds/c01-21-odisha.xls,3cfc1100df768aa8,census-c01-extract-v1.1.0-20260528T003617Z,C0101,21,381,00000,000000,District - Cuttack,rural,not_stated,males,1108
census-india-2011,sources/census-2011/c-series/state-mdds/c01-21-odisha.xls,3cfc1100df768aa8,census-c01-extract-v1.1.0-20260528T003617Z,C0101,21,381,00000,000000,District - Cuttack,rural,not_stated,females,1012
census-india-2011,sources/census-2011/c-series/state-mdds/c01-21-odisha.xls,3cfc1100df768aa8,census-c01-extract-v1.1.0-20260528T003617Z,C0101,21,381,00000,000000,District - Cuttack,urban,all,persons,736047
census-india-2011,sources/census-2011/c-series/state-mdds/c01-21-odisha.xls,3cfc1100df768aa8,census-c01-extract-v1.1.0-20260528T003617Z,C0101,21,381,00000,000000,District - Cuttack,urban,all,males,381875
census-india-2011,sources/census-2011/c-series/state-mdds/c01-21-odisha.xls,3cfc1100df768aa8,census-c01-extract-v1.1.0-20260528T003617Z,C0101,21,381,00000,000000,District - Cuttack,urban,all,females,354172
census-india-2011,sources/census-2011/c-series/state-mdds/c01-21-odisha.xls,3cfc1100df768aa8,census-c01-extract-v1.1.0-20260528T003617Z,C0101,21,381,00000,000000,District - Cuttack,urban,hindu,persons,666938
census-india-2011,sources/census-2011/c-series/state-mdds/c01-21-odisha.xls,3cfc1100df768aa8,census-c01-extract-v1.1.0-20260528T003617Z,C0101,21,381,00000,000000,District - Cuttack,urban,hindu,males,346401
census-india-2011,sources/census-2011/c-series/state-mdds/c01-21-odisha.xls,3cfc1100df768aa8,census-c01-extract-v1.1.0-20260528T003617Z,C0101,21,381,00000,000000,District - Cuttack,urban,hindu,females,320537
census-india-2011,sources/census-2011/c-series/state-mdds/c01-21-odisha.xls,3cfc1100df768aa8,census-c01-extract-v1.1.0-20260528T003617Z,C0101,21,381,00000,000000,District - Cuttack,urban,muslim,persons,54631
census-india-2011,sources/census-2011/c-series/state-mdds/c01-21-odisha.xls,3cfc1100df768aa8,census-c01-extract-v1.1.0-20260528T003617Z,C0101,21,381,00000,000000,District - Cuttack,urban,muslim,males,28100
census-india-2011,sources/census-2011/c-series/state-mdds/c01-21-odisha.xls,3cfc1100df768aa8,census-c01-extract-v1.1.0-20260528T003617Z,C0101,21,381,00000,000000,District - Cuttack,urban,muslim,females,26531
census-india-2011,sources/census-2011/c-series/state-mdds/c01-21-odisha.xls,3cfc1100df768aa8,census-c01-extract-v1.1.0-20260528T003617Z,C0101,21,381,00000,000000,District - Cuttack,urban,christian,persons,9389
census-india-2011,sources/census-2011/c-series/state-mdds/c01-21-odisha.xls,3cfc1100df768aa8,census-c01-extract-v1.1.0-20260528T003617Z,C0101,21,381,00000,000000,District - Cuttack,urban,christian,males,4674
census-india-2011,sources/census-2011/c-series/state-mdds/c01-21-odisha.xls,3cfc1100df768aa8,census-c01-extract-v1.1.0-20260528T003617Z,C0101,21,381,00000,000000,District - Cuttack,urban,christian,females,4715
census-india-2011,sources/census-2011/c-series/state-mdds/c01-21-odisha.xls,3cfc1100df768aa8,census-c01-extract-v1.1.0-20260528T003617Z,C0101,21,381,00000,000000,District - Cuttack,urban,sikh,persons,806
census-india-2011,sources/census-2011/c-series/state-mdds/c01-21-odisha.xls,3cfc1100df768aa8,census-c01-extract-v1.1.0-20260528T003617Z,C0101,21,381,00000,000000,District - Cuttack,urban,sikh,males,442
census-india-2011,sources/census-2011/c-series/state-mdds/c01-21-odisha.xls,3cfc1100df768aa8,census-c01-extract-v1.1.0-20260528T003617Z,C0101,21,381,00000,000000,District - Cuttack,urban,sikh,females,364
census-india-2011,sources/census-2011/c-series/state-mdds/c01-21-odisha.xls,3cfc1100df768aa8,census-c01-extract-v1.1.0-20260528T003617Z,C0101,21,381,00000,000000,District - Cuttack,urban,buddhist,persons,369
census-india-2011,sources/census-2011/c-series/state-mdds/c01-21-odisha.xls,3cfc1100df768aa8,census-c01-extract-v1.1.0-20260528T003617Z,C0101,21,381,00000,000000,District - Cuttack,urban,buddhist,males,201
census-india-2011,sources/census-2011/c-series/state-mdds/c01-21-odisha.xls,3cfc1100df768aa8,census-c01-extract-v1.1.0-20260528T003617Z,C0101,21,381,00000,000000,District - Cuttack,urban,buddhist,females,168
census-india-2011,sources/census-2011/c-series/state-mdds/c01-21-odisha.xls,3cfc1100df768aa8,census-c01-extract-v1.1.0-20260528T003617Z,C0101,21,381,00000,000000,District - Cuttack,urban,jain,persons,1092
census-india-2011,sources/census-2011/c-series/state-mdds/c01-21-odisha.xls,3cfc1100df768aa8,census-c01-extract-v1.1.0-20260528T003617Z,C0101,21,381,00000,000000,District - Cuttack,urban,jain,males,559
census-india-2011,sources/census-2011/c-series/state-mdds/c01-21-odisha.xls,3cfc1100df768aa8,census-c01-extract-v1.1.0-20260528T003617Z,C0101,21,381,00000,000000,District - Cuttack,urban,jain,females,533
census-india-2011,sources/census-2011/c-series/state-mdds/c01-21-odisha.xls,3cfc1100df768aa8,census-c01-extract-v1.1.0-20260528T003617Z,C0101,21,381,00000,000000,District - Cuttack,urban,other,persons,99
census-india-2011,sources/census-2011/c-series/state-mdds/c01-21-odisha.xls,3cfc1100df768aa8,census-c01-extract-v1.1.0-20260528T003617Z,C0101,21,381,00000,000000,District - Cuttack,urban,other,males,47
census-india-2011,sources/census-2011/c-series/state-mdds/c01-21-odisha.xls,3cfc1100df768aa8,census-c01-extract-v1.1.0-20260528T003617Z,C0101,21,381,00000,000000,District - Cuttack,urban,other,females,52
census-india-2011,sources/census-2011/c-series/state-mdds/c01-21-odisha.xls,3cfc1100df768aa8,census-c01-extract-v1.1.0-20260528T003617Z,C0101,21,381,00000,000000,District - Cuttack,urban,not_stated,persons,2723
census-india-2011,sources/census-2011/c-series/state-mdds/c01-21-odisha.xls,3cfc1100df768aa8,census-c01-extract-v1.1.0-20260528T003617Z,C0101,21,381,00000,000000,District - Cuttack,urban,not_stated,males,1451
census-india-2011,sources/census-2011/c-series/state-mdds/c01-21-odisha.xls,3cfc1100df768aa8,census-c01-extract-v1.1.0-20260528T003617Z,C0101,21,381,00000,000000,District - Cuttack,urban,not_stated,females,1272
census-india-2011,sources/census-2011/c-series/state-mdds/c01-21-odisha.xls,3cfc1100df768aa8,census-c01-extract-v1.1.0-20260528T003617Z,C0101,21,382,00000,000000,District - Jajapur,total,all,persons,1827192
census-india-2011,sources/census-2011/c-series/state-mdds/c01-21-odisha.xls,3cfc1100df768aa8,census-c01-extract-v1.1.0-20260528T003617Z,C0101,21,382,00000,000000,District - Jajapur,total,all,males,926034
census-india-2011,sources/census-2011/c-series/state-mdds/c01-21-odisha.xls,3cfc1100df768aa8,census-c01-extract-v1.1.0-20260528T003617Z,C0101,21,382,00000,000000,District - Jajapur,total,all,females,901158
census-india-2011,sources/census-2011/c-series/state-mdds/c01-21-odisha.xls,3cfc1100df768aa8,census-c01-extract-v1.1.0-20260528T003617Z,C0101,21,382,00000,000000,District - Jajapur,total,hindu,persons,1725595
census-india-2011,sources/census-2011/c-series/state-mdds/c01-21-odisha.xls,3cfc1100df768aa8,census-c01-extract-v1.1.0-20260528T003617Z,C0101,21,382,00000,000000,District - Jajapur,total,hindu,males,875270
census-india-2011,sources/census-2011/c-series/state-mdds/c01-21-odisha.xls,3cfc1100df768aa8,census-c01-extract-v1.1.0-20260528T003617Z,C0101,21,382,00000,000000,District - Jajapur,total,hindu,females,850325
census-india-2011,sources/census-2011/c-series/state-mdds/c01-21-odisha.xls,3cfc1100df768aa8,census-c01-extract-v1.1.0-20260528T003617Z,C0101,21,382,00000,000000,District - Jajapur,total,muslim,persons,93642
census-india-2011,sources/census-2011/c-series/state-mdds/c01-21-odisha.xls,3cfc1100df768aa8,census-c01-extract-v1.1.0-20260528T003617Z,C0101,21,382,00000,000000,District - Jajapur,total,muslim,males,46724
census-india-2011,sources/census-2011/c-series/state-mdds/c01-21-odisha.xls,3cfc1100df768aa8,census-c01-extract-v1.1.0-20260528T003617Z,C0101,21,382,00000,000000,District - Jajapur,total,muslim,females,46918
census-india-2011,sources/census-2011/c-series/state-mdds/c01-21-odisha.xls,3cfc1100df768aa8,census-c01-extract-v1.1.0-20260528T003617Z,C0101,21,382,00000,000000,District - Jajapur,total,christian,persons,1623
census-india-2011,sources/census-2011/c-series/state-mdds/c01-21-odisha.xls,3cfc1100df768aa8,census-c01-extract-v1.1.0-20260528T003617Z,C0101,21,382,00000,000000,District - Jajapur,total,christian,males,783
census-india-2011,sources/census-2011/c-series/state-mdds/c01-21-odisha.xls,3cfc1100df768aa8,census-c01-extract-v1.1.0-20260528T003617Z,C0101,21,382,00000,000000,District - Jajapur,total,christian,females,840
census-india-2011,sources/census-2011/c-series/state-mdds/c01-21-odisha.xls,3cfc1100df768aa8,census-c01-extract-v1.1.0-20260528T003617Z,C0101,21,382,00000,000000,District - Jajapur,total,sikh,persons,470
census-india-2011,sources/census-2011/c-series/state-mdds/c01-21-odisha.xls,3cfc1100df768aa8,census-c01-extract-v1.1.0-20260528T003617Z,C0101,21,382,00000,000000,District - Jajapur,total,sikh,males,250
census-india-2011,sources/census-2011/c-series/state-mdds/c01-21-odisha.xls,3cfc1100df768aa8,census-c01-extract-v1.1.0-20260528T003617Z,C0101,21,382,00000,000000,District - Jajapur,total,sikh,females,220
census-india-2011,sources/census-2011/c-series/state-mdds/c01-21-odisha.xls,3cfc1100df768aa8,census-c01-extract-v1.1.0-20260528T003617Z,C0101,21,382,00000,000000,District - Jajapur,total,buddhist,persons,58
census-india-2011,sources/census-2011/c-series/state-mdds/c01-21-odisha.xls,3cfc1100df768aa8,census-c01-extract-v1.1.0-20260528T003617Z,C0101,21,382,00000,000000,District - Jajapur,total,buddhist,males,34
census-india-2011,sources/census-2011/c-series/state-mdds/c01-21-odisha.xls,3cfc1100df768aa8,census-c01-extract-v1.1.0-20260528T003617Z,C0101,21,382,00000,000000,District - Jajapur,total,buddhist,females,24
census-india-2011,sources/census-2011/c-series/state-mdds/c01-21-odisha.xls,3cfc1100df768aa8,census-c01-extract-v1.1.0-20260528T003617Z,C0101,21,382,00000,000000,District - Jajapur,total,jain,persons,100
census-india-2011,sources/census-2011/c-series/state-mdds/c01-21-odisha.xls,3cfc1100df768aa8,census-c01-extract-v1.1.0-20260528T003617Z,C0101,21,382,00000,000000,District - Jajapur,total,jain,males,50
census-india-2011,sources/census-2011/c-series/state-mdds/c01-21-odisha.xls,3cfc1100df768aa8,census-c01-extract-v1.1.0-20260528T003617Z,C0101,21,382,00000,000000,District - Jajapur,total,jain,females,50
census-india-2011,sources/census-2011/c-series/state-mdds/c01-21-odisha.xls,3cfc1100df768aa8,census-c01-extract-v1.1.0-20260528T003617Z,C0101,21,382,00000,000000,District - Jajapur,total,other,persons,3073
census-india-2011,sources/census-2011/c-series/state-mdds/c01-21-odisha.xls,3cfc1100df768aa8,census-c01-extract-v1.1.0-20260528T003617Z,C0101,21,382,00000,000000,District - Jajapur,total,other,males,1575
census-india-2011,sources/census-2011/c-series/state-mdds/c01-21-odisha.xls,3cfc1100df768aa8,census-c01-extract-v1.1.0-20260528T003617Z,C0101,21,382,00000,000000,District - Jajapur,total,other,females,1498
census-india-2011,sources/census-2011/c-series/state-mdds/c01-21-odisha.xls,3cfc1100df768aa8,census-c01-extract-v1.1.0-20260528T003617Z,C0101,21,382,00000,000000,District - Jajapur,total,not_stated,persons,2631
census-india-2011,sources/census-2011/c-series/state-mdds/c01-21-odisha.xls,3cfc1100df768aa8,census-c01-extract-v1.1.0-20260528T003617Z,C0101,21,382,00000,000000,District - Jajapur,total,not_stated,males,1348
census-india-2011,sources/census-2011/c-series/state-mdds/c01-21-odisha.xls,3cfc1100df768aa8,census-c01-extract-v1.1.0-20260528T003617Z,C0101,21,382,00000,000000,District - Jajapur,total,not_stated,females,1283
census-india-2011,sources/census-2011/c-series/state-mdds/c01-21-odisha.xls,3cfc1100df768aa8,census-c01-extract-v1.1.0-20260528T003617Z,C0101,21,382,00000,000000,District - Jajapur,rural,all,persons,1692095
census-india-2011,sources/census-2011/c-series/state-mdds/c01-21-odisha.xls,3cfc1100df768aa8,census-c01-extract-v1.1.0-20260528T003617Z,C0101,21,382,00000,000000,District - Jajapur,rural,all,males,856539
census-india-2011,sources/census-2011/c-series/state-mdds/c01-21-odisha.xls,3cfc1100df768aa8,census-c01-extract-v1.1.0-20260528T003617Z,C0101,21,382,00000,000000,District - Jajapur,rural,all,females,835556
census-india-2011,sources/census-2011/c-series/state-mdds/c01-21-odisha.xls,3cfc1100df768aa8,census-c01-extract-v1.1.0-20260528T003617Z,C0101,21,382,00000,000000,District - Jajapur,rural,hindu,persons,1612004
census-india-2011,sources/census-2011/c-series/state-mdds/c01-21-odisha.xls,3cfc1100df768aa8,census-c01-extract-v1.1.0-20260528T003617Z,C0101,21,382,00000,000000,District - Jajapur,rural,hindu,males,816717
census-india-2011,sources/census-2011/c-series/state-mdds/c01-21-odisha.xls,3cfc1100df768aa8,census-c01-extract-v1.1.0-20260528T003617Z,C0101,21,382,00000,000000,District - Jajapur,rural,hindu,females,795287
census-india-2011,sources/census-2011/c-series/state-mdds/c01-21-odisha.xls,3cfc1100df768aa8,census-c01-extract-v1.1.0-20260528T003617Z,C0101,21,382,00000,000000,District - Jajapur,rural,muslim,persons,72965
census-india-2011,sources/census-2011/c-series/state-mdds/c01-21-odisha.xls,3cfc1100df768aa8,census-c01-extract-v1.1.0-20260528T003617Z,C0101,21,382,00000,000000,District - Jajapur,rural,muslim,males,36225
census-india-2011,sources/census-2011/c-series/state-mdds/c01-21-odisha.xls,3cfc1100df768aa8,census-c01-extract-v1.1.0-20260528T003617Z,C0101,21,382,00000,000000,District - Jajapur,rural,muslim,females,36740
census-india-2011,sources/census-2011/c-series/state-mdds/c01-21-odisha.xls,3cfc1100df768aa8,census-c01-extract-v1.1.0-20260528T003617Z,C0101,21,382,00000,000000,District - Jajapur,rural,christian,persons,1377
census-india-2011,sources/census-2011/c-series/state-mdds/c01-21-odisha.xls,3cfc1100df768aa8,census-c01-extract-v1.1.0-20260528T003617Z,C0101,21,382,00000,000000,District - Jajapur,rural,christian,males,661
census-india-2011,sources/census-2011/c-series/state-mdds/c01-21-odisha.xls,3cfc1100df768aa8,census-c01-extract-v1.1.0-20260528T003617Z,C0101,21,382,00000,000000,District - Jajapur,rural,christian,females,716
census-india-2011,sources/census-2011/c-series/state-mdds/c01-21-odisha.xls,3cfc1100df768aa8,census-c01-extract-v1.1.0-20260528T003617Z,C0101,21,382,00000,000000,District - Jajapur,rural,sikh,persons,251
census-india-2011,sources/census-2011/c-series/state-mdds/c01-21-odisha.xls,3cfc1100df768aa8,census-c01-extract-v1.1.0-20260528T003617Z,C0101,21,382,00000,000000,District - Jajapur,rural,sikh,males,124
census-india-2011,sources/census-2011/c-series/state-mdds/c01-21-odisha.xls,3cfc1100df768aa8,census-c01-extract-v1.1.0-20260528T003617Z,C0101,21,382,00000,000000,District - Jajapur,rural,sikh,females,127
census-india-2011,sources/census-2011/c-series/state-mdds/c01-21-odisha.xls,3cfc1100df768aa8,census-c01-extract-v1.1.0-20260528T003617Z,C0101,21,382,00000,000000,District - Jajapur,rural,buddhist,persons,56
census-india-2011,sources/census-2011/c-series/state-mdds/c01-21-odisha.xls,3cfc1100df768aa8,census-c01-extract-v1.1.0-20260528T003617Z,C0101,21,382,00000,000000,District - Jajapur,rural,buddhist,males,33
census-india-2011,sources/census-2011/c-series/state-mdds/c01-21-odisha.xls,3cfc1100df768aa8,census-c01-extract-v1.1.0-20260528T003617Z,C0101,21,382,00000,000000,District - Jajapur,rural,buddhist,females,23
census-india-2011,sources/census-2011/c-series/state-mdds/c01-21-odisha.xls,3cfc1100df768aa8,census-c01-extract-v1.1.0-20260528T003617Z,C0101,21,382,00000,000000,District - Jajapur,rural,jain,persons,70
census-india-2011,sources/census-2011/c-series/state-mdds/c01-21-odisha.xls,3cfc1100df768aa8,census-c01-extract-v1.1.0-20260528T003617Z,C0101,21,382,00000,000000,District - Jajapur,rural,jain,males,35
census-india-2011,sources/census-2011/c-series/state-mdds/c01-21-odisha.xls,3cfc1100df768aa8,census-c01-extract-v1.1.0-20260528T003617Z,C0101,21,382,00000,000000,District - Jajapur,rural,jain,females,35
census-india-2011,sources/census-2011/c-series/state-mdds/c01-21-odisha.xls,3cfc1100df768aa8,census-c01-extract-v1.1.0-20260528T003617Z,C0101,21,382,00000,000000,District - Jajapur,rural,other,persons,3068
census-india-2011,sources/census-2011/c-series/state-mdds/c01-21-odisha.xls,3cfc1100df768aa8,census-c01-extract-v1.1.0-20260528T003617Z,C0101,21,382,00000,000000,District - Jajapur,rural,other,males,1572
census-india-2011,sources/census-2011/c-series/state-mdds/c01-21-odisha.xls,3cfc1100df768aa8,census-c01-extract-v1.1.0-20260528T003617Z,C0101,21,382,00000,000000,District - Jajapur,rural,other,females,1496
census-india-2011,sources/census-2011/c-series/state-mdds/c01-21-odisha.xls,3cfc1100df768aa8,census-c01-extract-v1.1.0-20260528T003617Z,C0101,21,382,00000,000000,District - Jajapur,rural,not_stated,persons,2304
census-india-2011,sources/census-2011/c-series/state-mdds/c01-21-odisha.xls,3cfc1100df768aa8,census-c01-extract-v1.1.0-20260528T003617Z,C0101,21,382,00000,000000,District - Jajapur,rural,not_stated,males,1172
census-india-2011,sources/census-2011/c-series/state-mdds/c01-21-odisha.xls,3cfc1100df768aa8,census-c01-extract-v1.1.0-20260528T003617Z,C0101,21,382,00000,000000,District - Jajapur,rural,not_stated,females,1132
census-india-2011,sources/census-2011/c-series/state-mdds/c01-21-odisha.xls,3cfc1100df768aa8,census-c01-extract-v1.1.0-20260528T003617Z,C0101,21,382,00000,000000,District - Jajapur,urban,all,persons,135097
census-india-2011,sources/census-2011/c-series/state-mdds/c01-21-odisha.xls,3cfc1100df768aa8,census-c01-extract-v1.1.0-20260528T003617Z,C0101,21,382,00000,000000,District - Jajapur,urban,all,males,69495
census-india-2011,sources/census-2011/c-series/state-mdds/c01-21-odisha.xls,3cfc1100df768aa8,census-c01-extract-v1.1.0-20260528T003617Z,C0101,21,382,00000,000000,District - Jajapur,urban,all,females,65602
census-india-2011,sources/census-2011/c-series/state-mdds/c01-21-odisha.xls,3cfc1100df768aa8,census-c01-extract-v1.1.0-20260528T003617Z,C0101,21,382,00000,000000,District - Jajapur,urban,hindu,persons,113591
census-india-2011,sources/census-2011/c-series/state-mdds/c01-21-odisha.xls,3cfc1100df768aa8,census-c01-extract-v1.1.0-20260528T003617Z,C0101,21,382,00000,000000,District - Jajapur,urban,hindu,males,58553
census-india-2011,sources/census-2011/c-series/state-mdds/c01-21-odisha.xls,3cfc1100df768aa8,census-c01-extract-v1.1.0-20260528T003617Z,C0101,21,382,00000,000000,District - Jajapur,urban,hindu,females,55038
census-india-2011,sources/census-2011/c-series/state-mdds/c01-21-odisha.xls,3cfc1100df768aa8,census-c01-extract-v1.1.0-20260528T003617Z,C0101,21,382,00000,000000,District - Jajapur,urban,muslim,persons,20677
census-india-2011,sources/census-2011/c-series/state-mdds/c01-21-odisha.xls,3cfc1100df768aa8,census-c01-extract-v1.1.0-20260528T003617Z,C0101,21,382,00000,000000,District - Jajapur,urban,muslim,males,10499
census-india-2011,sources/census-2011/c-series/state-mdds/c01-21-odisha.xls,3cfc1100df768aa8,census-c01-extract-v1.1.0-20260528T003617Z,C0101,21,382,00000,000000,District - Jajapur,urban,muslim,females,10178
census-india-2011,sources/census-2011/c-series/state-mdds/c01-21-odisha.xls,3cfc1100df768aa8,census-c01-extract-v1.1.0-20260528T003617Z,C0101,21,382,00000,000000,District - Jajapur,urban,christian,persons,246
census-india-2011,sources/census-2011/c-series/state-mdds/c01-21-odisha.xls,3cfc1100df768aa8,census-c01-extract-v1.1.0-20260528T003617Z,C0101,21,382,00000,000000,District - Jajapur,urban,christian,males,122
census-india-2011,sources/census-2011/c-series/state-mdds/c01-21-odisha.xls,3cfc1100df768aa8,census-c01-extract-v1.1.0-20260528T003617Z,C0101,21,382,00000,000000,District - Jajapur,urban,christian,females,124
census-india-2011,sources/census-2011/c-series/state-mdds/c01-21-odisha.xls,3cfc1100df768aa8,census-c01-extract-v1.1.0-20260528T003617Z,C0101,21,382,00000,000000,District - Jajapur,urban,sikh,persons,219
census-india-2011,sources/census-2011/c-series/state-mdds/c01-21-odisha.xls,3cfc1100df768aa8,census-c01-extract-v1.1.0-20260528T003617Z,C0101,21,382,00000,000000,District - Jajapur,urban,sikh,males,126
census-india-2011,sources/census-2011/c-series/state-mdds/c01-21-odisha.xls,3cfc1100df768aa8,census-c01-extract-v1.1.0-20260528T003617Z,C0101,21,382,00000,000000,District - Jajapur,urban,sikh,females,93
census-india-2011,sources/census-2011/c-series/state-mdds/c01-21-odisha.xls,3cfc1100df768aa8,census-c01-extract-v1.1.0-20260528T003617Z,C0101,21,382,00000,000000,District - Jajapur,urban,buddhist,persons,2
census-india-2011,sources/census-2011/c-series/state-mdds/c01-21-odisha.xls,3cfc1100df768aa8,census-c01-extract-v1.1.0-20260528T003617Z,C0101,21,382,00000,000000,District - Jajapur,urban,buddhist,males,1
census-india-2011,sources/census-2011/c-series/state-mdds/c01-21-odisha.xls,3cfc1100df768aa8,census-c01-extract-v1.1.0-20260528T003617Z,C0101,21,382,00000,000000,District - Jajapur,urban,buddhist,females,1
census-india-2011,sources/census-2011/c-series/state-mdds/c01-21-odisha.xls,3cfc1100df768aa8,census-c01-extract-v1.1.0-20260528T003617Z,C0101,21,382,00000,000000,District - Jajapur,urban,jain,persons,30
census-india-2011,sources/census-2011/c-series/state-mdds/c01-21-odisha.xls,3cfc1100df768aa8,census-c01-extract-v1.1.0-20260528T003617Z,C0101,21,382,00000,000000,District - Jajapur,urban,jain,males,15
census-india-2011,sources/census-2011/c-series/state-mdds/c01-21-odisha.xls,3cfc1100df768aa8,census-c01-extract-v1.1.0-20260528T003617Z,C0101,21,382,00000,000000,District - Jajapur,urban,jain,females,15
census-india-2011,sources/census-2011/c-series/state-mdds/c01-21-odisha.xls,3cfc1100df768aa8,census-c01-extract-v1.1.0-20260528T003617Z,C0101,21,382,00000,000000,District - Jajapur,urban,other,persons,5
census-india-2011,sources/census-2011/c-series/state-mdds/c01-21-odisha.xls,3cfc1100df768aa8,census-c01-extract-v1.1.0-20260528T003617Z,C0101,21,382,00000,000000,District - Jajapur,urban,other,males,3
census-india-2011,sources/census-2011/c-series/state-mdds/c01-21-odisha.xls,3cfc1100df768aa8,census-c01-extract-v1.1.0-20260528T003617Z,C0101,21,382,00000,000000,District - Jajapur,urban,other,females,2
census-india-2011,sources/census-2011/c-series/state-mdds/c01-21-odisha.xls,3cfc1100df768aa8,census-c01-extract-v1.1.0-20260528T003617Z,C0101,21,382,00000,000000,District - Jajapur,urban,not_stated,persons,327
census-india-2011,sources/census-2011/c-series/state-mdds/c01-21-odisha.xls,3cfc1100df768aa8,census-c01-extract-v1.1.0-20260528T003617Z,C0101,21,382,00000,000000,District - Jajapur,urban,not_stated,males,176
census-india-2011,sources/census-2011/c-series/state-mdds/c01-21-odisha.xls,3cfc1100df768aa8,census-c01-extract-v1.1.0-20260528T003617Z,C0101,21,382,00000,000000,District - Jajapur,urban,not_stated,females,151
census-india-2011,sources/census-2011/c-series/state-mdds/c01-21-odisha.xls,3cfc1100df768aa8,census-c01-extract-v1.1.0-20260528T003617Z,C0101,21,383,00000,000000,District - Dhenkanal,total,all,persons,1192811
census-india-2011,sources/census-2011/c-series/state-mdds/c01-21-odisha.xls,3cfc1100df768aa8,census-c01-extract-v1.1.0-20260528T003617Z,C0101,21,383,00000,000000,District - Dhenkanal,total,all,males,612593
census-india-2011,sources/census-2011/c-series/state-mdds/c01-21-odisha.xls,3cfc1100df768aa8,census-c01-extract-v1.1.0-20260528T003617Z,C0101,21,383,00000,000000,District - Dhenkanal,total,all,females,580218
census-india-2011,sources/census-2011/c-series/state-mdds/c01-21-odisha.xls,3cfc1100df768aa8,census-c01-extract-v1.1.0-20260528T003617Z,C0101,21,383,00000,000000,District - Dhenkanal,total,hindu,persons,1185542
census-india-2011,sources/census-2011/c-series/state-mdds/c01-21-odisha.xls,3cfc1100df768aa8,census-c01-extract-v1.1.0-20260528T003617Z,C0101,21,383,00000,000000,District - Dhenkanal,total,hindu,males,608676
census-india-2011,sources/census-2011/c-series/state-mdds/c01-21-odisha.xls,3cfc1100df768aa8,census-c01-extract-v1.1.0-20260528T003617Z,C0101,21,383,00000,000000,District - Dhenkanal,total,hindu,females,576866
census-india-2011,sources/census-2011/c-series/state-mdds/c01-21-odisha.xls,3cfc1100df768aa8,census-c01-extract-v1.1.0-20260528T003617Z,C0101,21,383,00000,000000,District - Dhenkanal,total,muslim,persons,4805
census-india-2011,sources/census-2011/c-series/state-mdds/c01-21-odisha.xls,3cfc1100df768aa8,census-c01-extract-v1.1.0-20260528T003617Z,C0101,21,383,00000,000000,District - Dhenkanal,total,muslim,males,2586
census-india-2011,sources/census-2011/c-series/state-mdds/c01-21-odisha.xls,3cfc1100df768aa8,census-c01-extract-v1.1.0-20260528T003617Z,C0101,21,383,00000,000000,District - Dhenkanal,total,muslim,females,2219
census-india-2011,sources/census-2011/c-series/state-mdds/c01-21-odisha.xls,3cfc1100df768aa8,census-c01-extract-v1.1.0-20260528T003617Z,C0101,21,383,00000,000000,District - Dhenkanal,total,christian,persons,727
census-india-2011,sources/census-2011/c-series/state-mdds/c01-21-odisha.xls,3cfc1100df768aa8,census-c01-extract-v1.1.0-20260528T003617Z,C0101,21,383,00000,000000,District - Dhenkanal,total,christian,males,379
census-india-2011,sources/census-2011/c-series/state-mdds/c01-21-odisha.xls,3cfc1100df768aa8,census-c01-extract-v1.1.0-20260528T003617Z,C0101,21,383,00000,000000,District - Dhenkanal,total,christian,females,348
census-india-2011,sources/census-2011/c-series/state-mdds/c01-21-odisha.xls,3cfc1100df768aa8,census-c01-extract-v1.1.0-20260528T003617Z,C0101,21,383,00000,000000,District - Dhenkanal,total,sikh,persons,124
census-india-2011,sources/census-2011/c-series/state-mdds/c01-21-odisha.xls,3cfc1100df768aa8,census-c01-extract-v1.1.0-20260528T003617Z,C0101,21,383,00000,000000,District - Dhenkanal,total,sikh,males,68
census-india-2011,sources/census-2011/c-series/state-mdds/c01-21-odisha.xls,3cfc1100df768aa8,census-c01-extract-v1.1.0-20260528T003617Z,C0101,21,383,00000,000000,District - Dhenkanal,total,sikh,females,56
census-india-2011,sources/census-2011/c-series/state-mdds/c01-21-odisha.xls,3cfc1100df768aa8,census-c01-extract-v1.1.0-20260528T003617Z,C0101,21,383,00000,000000,District - Dhenkanal,total,buddhist,persons,366
census-india-2011,sources/census-2011/c-series/state-mdds/c01-21-odisha.xls,3cfc1100df768aa8,census-c01-extract-v1.1.0-20260528T003617Z,C0101,21,383,00000,000000,District - Dhenkanal,total,buddhist,males,189
census-india-2011,sources/census-2011/c-series/state-mdds/c01-21-odisha.xls,3cfc1100df768aa8,census-c01-extract-v1.1.0-20260528T003617Z,C0101,21,383,00000,000000,District - Dhenkanal,total,buddhist,females,177
census-india-2011,sources/census-2011/c-series/state-mdds/c01-21-odisha.xls,3cfc1100df768aa8,census-c01-extract-v1.1.0-20260528T003617Z,C0101,21,383,00000,000000,District - Dhenkanal,total,jain,persons,39
census-india-2011,sources/census-2011/c-series/state-mdds/c01-21-odisha.xls,3cfc1100df768aa8,census-c01-extract-v1.1.0-20260528T003617Z,C0101,21,383,00000,000000,District - Dhenkanal,total,jain,males,19
census-india-2011,sources/census-2011/c-series/state-mdds/c01-21-odisha.xls,3cfc1100df768aa8,census-c01-extract-v1.1.0-20260528T003617Z,C0101,21,383,00000,000000,District - Dhenkanal,total,jain,females,20
census-india-2011,sources/census-2011/c-series/state-mdds/c01-21-odisha.xls,3cfc1100df768aa8,census-c01-extract-v1.1.0-20260528T003617Z,C0101,21,383,00000,000000,District - Dhenkanal,total,other,persons,139
census-india-2011,sources/census-2011/c-series/state-mdds/c01-21-odisha.xls,3cfc1100df768aa8,census-c01-extract-v1.1.0-20260528T003617Z,C0101,21,383,00000,000000,District - Dhenkanal,total,other,males,109
census-india-2011,sources/census-2011/c-series/state-mdds/c01-21-odisha.xls,3cfc1100df768aa8,census-c01-extract-v1.1.0-20260528T003617Z,C0101,21,383,00000,000000,District - Dhenkanal,total,other,females,30
census-india-2011,sources/census-2011/c-series/state-mdds/c01-21-odisha.xls,3cfc1100df768aa8,census-c01-extract-v1.1.0-20260528T003617Z,C0101,21,383,00000,000000,District - Dhenkanal,total,not_stated,persons,1069
census-india-2011,sources/census-2011/c-series/state-mdds/c01-21-odisha.xls,3cfc1100df768aa8,census-c01-extract-v1.1.0-20260528T003617Z,C0101,21,383,00000,000000,District - Dhenkanal,total,not_stated,males,567
census-india-2011,sources/census-2011/c-series/state-mdds/c01-21-odisha.xls,3cfc1100df768aa8,census-c01-extract-v1.1.0-20260528T003617Z,C0101,21,383,00000,000000,District - Dhenkanal,total,not_stated,females,502
census-india-2011,sources/census-2011/c-series/state-mdds/c01-21-odisha.xls,3cfc1100df768aa8,census-c01-extract-v1.1.0-20260528T003617Z,C0101,21,383,00000,000000,District - Dhenkanal,rural,all,persons,1075305
census-india-2011,sources/census-2011/c-series/state-mdds/c01-21-odisha.xls,3cfc1100df768aa8,census-c01-extract-v1.1.0-20260528T003617Z,C0101,21,383,00000,000000,District - Dhenkanal,rural,all,males,551326
census-india-2011,sources/census-2011/c-series/state-mdds/c01-21-odisha.xls,3cfc1100df768aa8,census-c01-extract-v1.1.0-20260528T003617Z,C0101,21,383,00000,000000,District - Dhenkanal,rural,all,females,523979
census-india-2011,sources/census-2011/c-series/state-mdds/c01-21-odisha.xls,3cfc1100df768aa8,census-c01-extract-v1.1.0-20260528T003617Z,C0101,21,383,00000,000000,District - Dhenkanal,rural,hindu,persons,1070995
census-india-2011,sources/census-2011/c-series/state-mdds/c01-21-odisha.xls,3cfc1100df768aa8,census-c01-extract-v1.1.0-20260528T003617Z,C0101,21,383,00000,000000,District - Dhenkanal,rural,hindu,males,548974
census-india-2011,sources/census-2011/c-series/state-mdds/c01-21-odisha.xls,3cfc1100df768aa8,census-c01-extract-v1.1.0-20260528T003617Z,C0101,21,383,00000,000000,District - Dhenkanal,rural,hindu,females,522021
census-india-2011,sources/census-2011/c-series/state-mdds/c01-21-odisha.xls,3cfc1100df768aa8,census-c01-extract-v1.1.0-20260528T003617Z,C0101,21,383,00000,000000,District - Dhenkanal,rural,muslim,persons,2307
census-india-2011,sources/census-2011/c-series/state-mdds/c01-21-odisha.xls,3cfc1100df768aa8,census-c01-extract-v1.1.0-20260528T003617Z,C0101,21,383,00000,000000,District - Dhenkanal,rural,muslim,males,1275
census-india-2011,sources/census-2011/c-series/state-mdds/c01-21-odisha.xls,3cfc1100df768aa8,census-c01-extract-v1.1.0-20260528T003617Z,C0101,21,383,00000,000000,District - Dhenkanal,rural,muslim,females,1032
census-india-2011,sources/census-2011/c-series/state-mdds/c01-21-odisha.xls,3cfc1100df768aa8,census-c01-extract-v1.1.0-20260528T003617Z,C0101,21,383,00000,000000,District - Dhenkanal,rural,christian,persons,469
census-india-2011,sources/census-2011/c-series/state-mdds/c01-21-odisha.xls,3cfc1100df768aa8,census-c01-extract-v1.1.0-20260528T003617Z,C0101,21,383,00000,000000,District - Dhenkanal,rural,christian,males,244
census-india-2011,sources/census-2011/c-series/state-mdds/c01-21-odisha.xls,3cfc1100df768aa8,census-c01-extract-v1.1.0-20260528T003617Z,C0101,21,383,00000,000000,District - Dhenkanal,rural,christian,females,225
census-india-2011,sources/census-2011/c-series/state-mdds/c01-21-odisha.xls,3cfc1100df768aa8,census-c01-extract-v1.1.0-20260528T003617Z,C0101,21,383,00000,000000,District - Dhenkanal,rural,sikh,persons,113
census-india-2011,sources/census-2011/c-series/state-mdds/c01-21-odisha.xls,3cfc1100df768aa8,census-c01-extract-v1.1.0-20260528T003617Z,C0101,21,383,00000,000000,District - Dhenkanal,rural,sikh,males,59
census-india-2011,sources/census-2011/c-series/state-mdds/c01-21-odisha.xls,3cfc1100df768aa8,census-c01-extract-v1.1.0-20260528T003617Z,C0101,21,383,00000,000000,District - Dhenkanal,rural,sikh,females,54
census-india-2011,sources/census-2011/c-series/state-mdds/c01-21-odisha.xls,3cfc1100df768aa8,census-c01-extract-v1.1.0-20260528T003617Z,C0101,21,383,00000,000000,District - Dhenkanal,rural,buddhist,persons,350
census-india-2011,sources/census-2011/c-series/state-mdds/c01-21-odisha.xls,3cfc1100df768aa8,census-c01-extract-v1.1.0-20260528T003617Z,C0101,21,383,00000,000000,District - Dhenkanal,rural,buddhist,males,180
census-india-2011,sources/census-2011/c-series/state-mdds/c01-21-odisha.xls,3cfc1100df768aa8,census-c01-extract-v1.1.0-20260528T003617Z,C0101,21,383,00000,000000,District - Dhenkanal,rural,buddhist,females,170
census-india-2011,sources/census-2011/c-series/state-mdds/c01-21-odisha.xls,3cfc1100df768aa8,census-c01-extract-v1.1.0-20260528T003617Z,C0101,21,383,00000,000000,District - Dhenkanal,rural,jain,persons,37
census-india-2011,sources/census-2011/c-series/state-mdds/c01-21-odisha.xls,3cfc1100df768aa8,census-c01-extract-v1.1.0-20260528T003617Z,C0101,21,383,00000,000000,District - Dhenkanal,rural,jain,males,17
census-india-2011,sources/census-2011/c-series/state-mdds/c01-21-odisha.xls,3cfc1100df768aa8,census-c01-extract-v1.1.0-20260528T003617Z,C0101,21,383,00000,000000,District - Dhenkanal,rural,jain,females,20
census-india-2011,sources/census-2011/c-series/state-mdds/c01-21-odisha.xls,3cfc1100df768aa8,census-c01-extract-v1.1.0-20260528T003617Z,C0101,21,383,00000,000000,District - Dhenkanal,rural,other,persons,133
census-india-2011,sources/census-2011/c-series/state-mdds/c01-21-odisha.xls,3cfc1100df768aa8,census-c01-extract-v1.1.0-20260528T003617Z,C0101,21,383,00000,000000,District - Dhenkanal,rural,other,males,105
census-india-2011,sources/census-2011/c-series/state-mdds/c01-21-odisha.xls,3cfc1100df768aa8,census-c01-extract-v1.1.0-20260528T003617Z,C0101,21,383,00000,000000,District - Dhenkanal,rural,other,females,28
census-india-2011,sources/census-2011/c-series/state-mdds/c01-21-odisha.xls,3cfc1100df768aa8,census-c01-extract-v1.1.0-20260528T003617Z,C0101,21,383,00000,000000,District - Dhenkanal,rural,not_stated,persons,901
census-india-2011,sources/census-2011/c-series/state-mdds/c01-21-odisha.xls,3cfc1100df768aa8,census-c01-extract-v1.1.0-20260528T003617Z,C0101,21,383,00000,000000,District - Dhenkanal,rural,not_stated,males,472
census-india-2011,sources/census-2011/c-series/state-mdds/c01-21-odisha.xls,3cfc1100df768aa8,census-c01-extract-v1.1.0-20260528T003617Z,C0101,21,383,00000,000000,District - Dhenkanal,rural,not_stated,females,429
census-india-2011,sources/census-2011/c-series/state-mdds/c01-21-odisha.xls,3cfc1100df768aa8,census-c01-extract-v1.1.0-20260528T003617Z,C0101,21,383,00000,000000,District - Dhenkanal,urban,all,persons,117506
census-india-2011,sources/census-2011/c-series/state-mdds/c01-21-odisha.xls,3cfc1100df768aa8,census-c01-extract-v1.1.0-20260528T003617Z,C0101,21,383,00000,000000,District - Dhenkanal,urban,all,males,61267
census-india-2011,sources/census-2011/c-series/state-mdds/c01-21-odisha.xls,3cfc1100df768aa8,census-c01-extract-v1.1.0-20260528T003617Z,C0101,21,383,00000,000000,District - Dhenkanal,urban,all,females,56239
census-india-2011,sources/census-2011/c-series/state-mdds/c01-21-odisha.xls,3cfc1100df768aa8,census-c01-extract-v1.1.0-20260528T003617Z,C0101,21,383,00000,000000,District - Dhenkanal,urban,hindu,persons,114547
census-india-2011,sources/census-2011/c-series/state-mdds/c01-21-odisha.xls,3cfc1100df768aa8,census-c01-extract-v1.1.0-20260528T003617Z,C0101,21,383,00000,000000,District - Dhenkanal,urban,hindu,males,59702
census-india-2011,sources/census-2011/c-series/state-mdds/c01-21-odisha.xls,3cfc1100df768aa8,census-c01-extract-v1.1.0-20260528T003617Z,C0101,21,383,00000,000000,District - Dhenkanal,urban,hindu,females,54845
census-india-2011,sources/census-2011/c-series/state-mdds/c01-21-odisha.xls,3cfc1100df768aa8,census-c01-extract-v1.1.0-20260528T003617Z,C0101,21,383,00000,000000,District - Dhenkanal,urban,muslim,persons,2498
census-india-2011,sources/census-2011/c-series/state-mdds/c01-21-odisha.xls,3cfc1100df768aa8,census-c01-extract-v1.1.0-20260528T003617Z,C0101,21,383,00000,000000,District - Dhenkanal,urban,muslim,males,1311
census-india-2011,sources/census-2011/c-series/state-mdds/c01-21-odisha.xls,3cfc1100df768aa8,census-c01-extract-v1.1.0-20260528T003617Z,C0101,21,383,00000,000000,District - Dhenkanal,urban,muslim,females,1187
census-india-2011,sources/census-2011/c-series/state-mdds/c01-21-odisha.xls,3cfc1100df768aa8,census-c01-extract-v1.1.0-20260528T003617Z,C0101,21,383,00000,000000,District - Dhenkanal,urban,christian,persons,258
census-india-2011,sources/census-2011/c-series/state-mdds/c01-21-odisha.xls,3cfc1100df768aa8,census-c01-extract-v1.1.0-20260528T003617Z,C0101,21,383,00000,000000,District - Dhenkanal,urban,christian,males,135
census-india-2011,sources/census-2011/c-series/state-mdds/c01-21-odisha.xls,3cfc1100df768aa8,census-c01-extract-v1.1.0-20260528T003617Z,C0101,21,383,00000,000000,District - Dhenkanal,urban,christian,females,123
census-india-2011,sources/census-2011/c-series/state-mdds/c01-21-odisha.xls,3cfc1100df768aa8,census-c01-extract-v1.1.0-20260528T003617Z,C0101,21,383,00000,000000,District - Dhenkanal,urban,sikh,persons,11
census-india-2011,sources/census-2011/c-series/state-mdds/c01-21-odisha.xls,3cfc1100df768aa8,census-c01-extract-v1.1.0-20260528T003617Z,C0101,21,383,00000,000000,District - Dhenkanal,urban,sikh,males,9
census-india-2011,sources/census-2011/c-series/state-mdds/c01-21-odisha.xls,3cfc1100df768aa8,census-c01-extract-v1.1.0-20260528T003617Z,C0101,21,383,00000,000000,District - Dhenkanal,urban,sikh,females,2
census-india-2011,sources/census-2011/c-series/state-mdds/c01-21-odisha.xls,3cfc1100df768aa8,census-c01-extract-v1.1.0-20260528T003617Z,C0101,21,383,00000,000000,District - Dhenkanal,urban,buddhist,persons,16
census-india-2011,sources/census-2011/c-series/state-mdds/c01-21-odisha.xls,3cfc1100df768aa8,census-c01-extract-v1.1.0-20260528T003617Z,C0101,21,383,00000,000000,District - Dhenkanal,urban,buddhist,males,9
census-india-2011,sources/census-2011/c-series/state-mdds/c01-21-odisha.xls,3cfc1100df768aa8,census-c01-extract-v1.1.0-20260528T003617Z,C0101,21,383,00000,000000,District - Dhenkanal,urban,buddhist,females,7
census-india-2011,sources/census-2011/c-series/state-mdds/c01-21-odisha.xls,3cfc1100df768aa8,census-c01-extract-v1.1.0-20260528T003617Z,C0101,21,383,00000,000000,District - Dhenkanal,urban,jain,persons,2
census-india-2011,sources/census-2011/c-series/state-mdds/c01-21-odisha.xls,3cfc1100df768aa8,census-c01-extract-v1.1.0-20260528T003617Z,C0101,21,383,00000,000000,District - Dhenkanal,urban,jain,males,2
census-india-2011,sources/census-2011/c-series/state-mdds/c01-21-odisha.xls,3cfc1100df768aa8,census-c01-extract-v1.1.0-20260528T003617Z,C0101,21,383,00000,000000,District - Dhenkanal,urban,jain,females,0
census-india-2011,sources/census-2011/c-series/state-mdds/c01-21-odisha.xls,3cfc1100df768aa8,census-c01-extract-v1.1.0-20260528T003617Z,C0101,21,383,00000,000000,District - Dhenkanal,urban,other,persons,6
census-india-2011,sources/census-2011/c-series/state-mdds/c01-21-odisha.xls,3cfc1100df768aa8,census-c01-extract-v1.1.0-20260528T003617Z,C0101,21,383,00000,000000,District - Dhenkanal,urban,other,males,4
census-india-2011,sources/census-2011/c-series/state-mdds/c01-21-odisha.xls,3cfc1100df768aa8,census-c01-extract-v1.1.0-20260528T003617Z,C0101,21,383,00000,000000,District - Dhenkanal,urban,other,females,2
census-india-2011,sources/census-2011/c-series/state-mdds/c01-21-odisha.xls,3cfc1100df768aa8,census-c01-extract-v1.1.0-20260528T003617Z,C0101,21,383,00000,000000,District - Dhenkanal,urban,not_stated,persons,168
census-india-2011,sources/census-2011/c-series/state-mdds/c01-21-odisha.xls,3cfc1100df768aa8,census-c01-extract-v1.1.0-20260528T003617Z,C0101,21,383,00000,000000,District - Dhenkanal,urban,not_stated,males,95
census-india-2011,sources/census-2011/c-series/state-mdds/c01-21-odisha.xls,3cfc1100df768aa8,census-c01-extract-v1.1.0-20260528T003617Z,C0101,21,383,00000,000000,District - Dhenkanal,urban,not_stated,females,73
census-india-2011,sources/census-2011/c-series/state-mdds/c01-21-odisha.xls,3cfc1100df768aa8,census-c01-extract-v1.1.0-20260528T003617Z,C0101,21,384,00000,000000,District - Anugul,total,all,persons,1273821
census-india-2011,sources/census-2011/c-series/state-mdds/c01-21-odisha.xls,3cfc1100df768aa8,census-c01-extract-v1.1.0-20260528T003617Z,C0101,21,384,00000,000000,District - Anugul,total,all,males,655718
census-india-2011,sources/census-2011/c-series/state-mdds/c01-21-odisha.xls,3cfc1100df768aa8,census-c01-extract-v1.1.0-20260528T003617Z,C0101,21,384,00000,000000,District - Anugul,total,all,females,618103
census-india-2011,sources/census-2011/c-series/state-mdds/c01-21-odisha.xls,3cfc1100df768aa8,census-c01-extract-v1.1.0-20260528T003617Z,C0101,21,384,00000,000000,District - Anugul,total,hindu,persons,1258684
census-india-2011,sources/census-2011/c-series/state-mdds/c01-21-odisha.xls,3cfc1100df768aa8,census-c01-extract-v1.1.0-20260528T003617Z,C0101,21,384,00000,000000,District - Anugul,total,hindu,males,647723
census-india-2011,sources/census-2011/c-series/state-mdds/c01-21-odisha.xls,3cfc1100df768aa8,census-c01-extract-v1.1.0-20260528T003617Z,C0101,21,384,00000,000000,District - Anugul,total,hindu,females,610961
census-india-2011,sources/census-2011/c-series/state-mdds/c01-21-odisha.xls,3cfc1100df768aa8,census-c01-extract-v1.1.0-20260528T003617Z,C0101,21,384,00000,000000,District - Anugul,total,muslim,persons,7512
census-india-2011,sources/census-2011/c-series/state-mdds/c01-21-odisha.xls,3cfc1100df768aa8,census-c01-extract-v1.1.0-20260528T003617Z,C0101,21,384,00000,000000,District - Anugul,total,muslim,males,4086
census-india-2011,sources/census-2011/c-series/state-mdds/c01-21-odisha.xls,3cfc1100df768aa8,census-c01-extract-v1.1.0-20260528T003617Z,C0101,21,384,00000,000000,District - Anugul,total,muslim,females,3426
census-india-2011,sources/census-2011/c-series/state-mdds/c01-21-odisha.xls,3cfc1100df768aa8,census-c01-extract-v1.1.0-20260528T003617Z,C0101,21,384,00000,000000,District - Anugul,total,christian,persons,3383
census-india-2011,sources/census-2011/c-series/state-mdds/c01-21-odisha.xls,3cfc1100df768aa8,census-c01-extract-v1.1.0-20260528T003617Z,C0101,21,384,00000,000000,District - Anugul,total,christian,males,1705
census-india-2011,sources/census-2011/c-series/state-mdds/c01-21-odisha.xls,3cfc1100df768aa8,census-c01-extract-v1.1.0-20260528T003617Z,C0101,21,384,00000,000000,District - Anugul,total,christian,females,1678
census-india-2011,sources/census-2011/c-series/state-mdds/c01-21-odisha.xls,3cfc1100df768aa8,census-c01-extract-v1.1.0-20260528T003617Z,C0101,21,384,00000,000000,District - Anugul,total,sikh,persons,812
census-india-2011,sources/census-2011/c-series/state-mdds/c01-21-odisha.xls,3cfc1100df768aa8,census-c01-extract-v1.1.0-20260528T003617Z,C0101,21,384,00000,000000,District - Anugul,total,sikh,males,441
census-india-2011,sources/census-2011/c-series/state-mdds/c01-21-odisha.xls,3cfc1100df768aa8,census-c01-extract-v1.1.0-20260528T003617Z,C0101,21,384,00000,000000,District - Anugul,total,sikh,females,371
census-india-2011,sources/census-2011/c-series/state-mdds/c01-21-odisha.xls,3cfc1100df768aa8,census-c01-extract-v1.1.0-20260528T003617Z,C0101,21,384,00000,000000,District - Anugul,total,buddhist,persons,226
census-india-2011,sources/census-2011/c-series/state-mdds/c01-21-odisha.xls,3cfc1100df768aa8,census-c01-extract-v1.1.0-20260528T003617Z,C0101,21,384,00000,000000,District - Anugul,total,buddhist,males,114
census-india-2011,sources/census-2011/c-series/state-mdds/c01-21-odisha.xls,3cfc1100df768aa8,census-c01-extract-v1.1.0-20260528T003617Z,C0101,21,384,00000,000000,District - Anugul,total,buddhist,females,112
census-india-2011,sources/census-2011/c-series/state-mdds/c01-21-odisha.xls,3cfc1100df768aa8,census-c01-extract-v1.1.0-20260528T003617Z,C0101,21,384,00000,000000,District - Anugul,total,jain,persons,36
census-india-2011,sources/census-2011/c-series/state-mdds/c01-21-odisha.xls,3cfc1100df768aa8,census-c01-extract-v1.1.0-20260528T003617Z,C0101,21,384,00000,000000,District - Anugul,total,jain,males,21
census-india-2011,sources/census-2011/c-series/state-mdds/c01-21-odisha.xls,3cfc1100df768aa8,census-c01-extract-v1.1.0-20260528T003617Z,C0101,21,384,00000,000000,District - Anugul,total,jain,females,15
census-india-2011,sources/census-2011/c-series/state-mdds/c01-21-odisha.xls,3cfc1100df768aa8,census-c01-extract-v1.1.0-20260528T003617Z,C0101,21,384,00000,000000,District - Anugul,total,other,persons,971
census-india-2011,sources/census-2011/c-series/state-mdds/c01-21-odisha.xls,3cfc1100df768aa8,census-c01-extract-v1.1.0-20260528T003617Z,C0101,21,384,00000,000000,District - Anugul,total,other,males,473
census-india-2011,sources/census-2011/c-series/state-mdds/c01-21-odisha.xls,3cfc1100df768aa8,census-c01-extract-v1.1.0-20260528T003617Z,C0101,21,384,00000,000000,District - Anugul,total,other,females,498
census-india-2011,sources/census-2011/c-series/state-mdds/c01-21-odisha.xls,3cfc1100df768aa8,census-c01-extract-v1.1.0-20260528T003617Z,C0101,21,384,00000,000000,District - Anugul,total,not_stated,persons,2197
census-india-2011,sources/census-2011/c-series/state-mdds/c01-21-odisha.xls,3cfc1100df768aa8,census-c01-extract-v1.1.0-20260528T003617Z,C0101,21,384,00000,000000,District - Anugul,total,not_stated,males,1155
census-india-2011,sources/census-2011/c-series/state-mdds/c01-21-odisha.xls,3cfc1100df768aa8,census-c01-extract-v1.1.0-20260528T003617Z,C0101,21,384,00000,000000,District - Anugul,total,not_stated,females,1042
census-india-2011,sources/census-2011/c-series/state-mdds/c01-21-odisha.xls,3cfc1100df768aa8,census-c01-extract-v1.1.0-20260528T003617Z,C0101,21,384,00000,000000,District - Anugul,rural,all,persons,1067275
census-india-2011,sources/census-2011/c-series/state-mdds/c01-21-odisha.xls,3cfc1100df768aa8,census-c01-extract-v1.1.0-20260528T003617Z,C0101,21,384,00000,000000,District - Anugul,rural,all,males,546385
census-india-2011,sources/census-2011/c-series/state-mdds/c01-21-odisha.xls,3cfc1100df768aa8,census-c01-extract-v1.1.0-20260528T003617Z,C0101,21,384,00000,000000,District - Anugul,rural,all,females,520890
census-india-2011,sources/census-2011/c-series/state-mdds/c01-21-odisha.xls,3cfc1100df768aa8,census-c01-extract-v1.1.0-20260528T003617Z,C0101,21,384,00000,000000,District - Anugul,rural,hindu,persons,1060483
census-india-2011,sources/census-2011/c-series/state-mdds/c01-21-odisha.xls,3cfc1100df768aa8,census-c01-extract-v1.1.0-20260528T003617Z,C0101,21,384,00000,000000,District - Anugul,rural,hindu,males,542919
census-india-2011,sources/census-2011/c-series/state-mdds/c01-21-odisha.xls,3cfc1100df768aa8,census-c01-extract-v1.1.0-20260528T003617Z,C0101,21,384,00000,000000,District - Anugul,rural,hindu,females,517564
census-india-2011,sources/census-2011/c-series/state-mdds/c01-21-odisha.xls,3cfc1100df768aa8,census-c01-extract-v1.1.0-20260528T003617Z,C0101,21,384,00000,000000,District - Anugul,rural,muslim,persons,2415
census-india-2011,sources/census-2011/c-series/state-mdds/c01-21-odisha.xls,3cfc1100df768aa8,census-c01-extract-v1.1.0-20260528T003617Z,C0101,21,384,00000,000000,District - Anugul,rural,muslim,males,1229
census-india-2011,sources/census-2011/c-series/state-mdds/c01-21-odisha.xls,3cfc1100df768aa8,census-c01-extract-v1.1.0-20260528T003617Z,C0101,21,384,00000,000000,District - Anugul,rural,muslim,females,1186
census-india-2011,sources/census-2011/c-series/state-mdds/c01-21-odisha.xls,3cfc1100df768aa8,census-c01-extract-v1.1.0-20260528T003617Z,C0101,21,384,00000,000000,District - Anugul,rural,christian,persons,2188
census-india-2011,sources/census-2011/c-series/state-mdds/c01-21-odisha.xls,3cfc1100df768aa8,census-c01-extract-v1.1.0-20260528T003617Z,C0101,21,384,00000,000000,District - Anugul,rural,christian,males,1101
census-india-2011,sources/census-2011/c-series/state-mdds/c01-21-odisha.xls,3cfc1100df768aa8,census-c01-extract-v1.1.0-20260528T003617Z,C0101,21,384,00000,000000,District - Anugul,rural,christian,females,1087
census-india-2011,sources/census-2011/c-series/state-mdds/c01-21-odisha.xls,3cfc1100df768aa8,census-c01-extract-v1.1.0-20260528T003617Z,C0101,21,384,00000,000000,District - Anugul,rural,sikh,persons,175
census-india-2011,sources/census-2011/c-series/state-mdds/c01-21-odisha.xls,3cfc1100df768aa8,census-c01-extract-v1.1.0-20260528T003617Z,C0101,21,384,00000,000000,District - Anugul,rural,sikh,males,90
census-india-2011,sources/census-2011/c-series/state-mdds/c01-21-odisha.xls,3cfc1100df768aa8,census-c01-extract-v1.1.0-20260528T003617Z,C0101,21,384,00000,000000,District - Anugul,rural,sikh,females,85
census-india-2011,sources/census-2011/c-series/state-mdds/c01-21-odisha.xls,3cfc1100df768aa8,census-c01-extract-v1.1.0-20260528T003617Z,C0101,21,384,00000,000000,District - Anugul,rural,buddhist,persons,150
census-india-2011,sources/census-2011/c-series/state-mdds/c01-21-odisha.xls,3cfc1100df768aa8,census-c01-extract-v1.1.0-20260528T003617Z,C0101,21,384,00000,000000,District - Anugul,rural,buddhist,males,74
census-india-2011,sources/census-2011/c-series/state-mdds/c01-21-odisha.xls,3cfc1100df768aa8,census-c01-extract-v1.1.0-20260528T003617Z,C0101,21,384,00000,000000,District - Anugul,rural,buddhist,females,76
census-india-2011,sources/census-2011/c-series/state-mdds/c01-21-odisha.xls,3cfc1100df768aa8,census-c01-extract-v1.1.0-20260528T003617Z,C0101,21,384,00000,000000,District - Anugul,rural,jain,persons,24
census-india-2011,sources/census-2011/c-series/state-mdds/c01-21-odisha.xls,3cfc1100df768aa8,census-c01-extract-v1.1.0-20260528T003617Z,C0101,21,384,00000,000000,District - Anugul,rural,jain,males,11
census-india-2011,sources/census-2011/c-series/state-mdds/c01-21-odisha.xls,3cfc1100df768aa8,census-c01-extract-v1.1.0-20260528T003617Z,C0101,21,384,00000,000000,District - Anugul,rural,jain,females,13
census-india-2011,sources/census-2011/c-series/state-mdds/c01-21-odisha.xls,3cfc1100df768aa8,census-c01-extract-v1.1.0-20260528T003617Z,C0101,21,384,00000,000000,District - Anugul,rural,other,persons,9
census-india-2011,sources/census-2011/c-series/state-mdds/c01-21-odisha.xls,3cfc1100df768aa8,census-c01-extract-v1.1.0-20260528T003617Z,C0101,21,384,00000,000000,District - Anugul,rural,other,males,5
census-india-2011,sources/census-2011/c-series/state-mdds/c01-21-odisha.xls,3cfc1100df768aa8,census-c01-extract-v1.1.0-20260528T003617Z,C0101,21,384,00000,000000,District - Anugul,rural,other,females,4
census-india-2011,sources/census-2011/c-series/state-mdds/c01-21-odisha.xls,3cfc1100df768aa8,census-c01-extract-v1.1.0-20260528T003617Z,C0101,21,384,00000,000000,District - Anugul,rural,not_stated,persons,1831
census-india-2011,sources/census-2011/c-series/state-mdds/c01-21-odisha.xls,3cfc1100df768aa8,census-c01-extract-v1.1.0-20260528T003617Z,C0101,21,384,00000,000000,District - Anugul,rural,not_stated,males,956
census-india-2011,sources/census-2011/c-series/state-mdds/c01-21-odisha.xls,3cfc1100df768aa8,census-c01-extract-v1.1.0-20260528T003617Z,C0101,21,384,00000,000000,District - Anugul,rural,not_stated,females,875
census-india-2011,sources/census-2011/c-series/state-mdds/c01-21-odisha.xls,3cfc1100df768aa8,census-c01-extract-v1.1.0-20260528T003617Z,C0101,21,384,00000,000000,District - Anugul,urban,all,persons,206546
census-india-2011,sources/census-2011/c-series/state-mdds/c01-21-odisha.xls,3cfc1100df768aa8,census-c01-extract-v1.1.0-20260528T003617Z,C0101,21,384,00000,000000,District - Anugul,urban,all,males,109333
census-india-2011,sources/census-2011/c-series/state-mdds/c01-21-odisha.xls,3cfc1100df768aa8,census-c01-extract-v1.1.0-20260528T003617Z,C0101,21,384,00000,000000,District - Anugul,urban,all,females,97213
census-india-2011,sources/census-2011/c-series/state-mdds/c01-21-odisha.xls,3cfc1100df768aa8,census-c01-extract-v1.1.0-20260528T003617Z,C0101,21,384,00000,000000,District - Anugul,urban,hindu,persons,198201
census-india-2011,sources/census-2011/c-series/state-mdds/c01-21-odisha.xls,3cfc1100df768aa8,census-c01-extract-v1.1.0-20260528T003617Z,C0101,21,384,00000,000000,District - Anugul,urban,hindu,males,104804
census-india-2011,sources/census-2011/c-series/state-mdds/c01-21-odisha.xls,3cfc1100df768aa8,census-c01-extract-v1.1.0-20260528T003617Z,C0101,21,384,00000,000000,District - Anugul,urban,hindu,females,93397
census-india-2011,sources/census-2011/c-series/state-mdds/c01-21-odisha.xls,3cfc1100df768aa8,census-c01-extract-v1.1.0-20260528T003617Z,C0101,21,384,00000,000000,District - Anugul,urban,muslim,persons,5097
census-india-2011,sources/census-2011/c-series/state-mdds/c01-21-odisha.xls,3cfc1100df768aa8,census-c01-extract-v1.1.0-20260528T003617Z,C0101,21,384,00000,000000,District - Anugul,urban,muslim,males,2857
census-india-2011,sources/census-2011/c-series/state-mdds/c01-21-odisha.xls,3cfc1100df768aa8,census-c01-extract-v1.1.0-20260528T003617Z,C0101,21,384,00000,000000,District - Anugul,urban,muslim,females,2240
census-india-2011,sources/census-2011/c-series/state-mdds/c01-21-odisha.xls,3cfc1100df768aa8,census-c01-extract-v1.1.0-20260528T003617Z,C0101,21,384,00000,000000,District - Anugul,urban,christian,persons,1195
census-india-2011,sources/census-2011/c-series/state-mdds/c01-21-odisha.xls,3cfc1100df768aa8,census-c01-extract-v1.1.0-20260528T003617Z,C0101,21,384,00000,000000,District - Anugul,urban,christian,males,604
census-india-2011,sources/census-2011/c-series/state-mdds/c01-21-odisha.xls,3cfc1100df768aa8,census-c01-extract-v1.1.0-20260528T003617Z,C0101,21,384,00000,000000,District - Anugul,urban,christian,females,591
census-india-2011,sources/census-2011/c-series/state-mdds/c01-21-odisha.xls,3cfc1100df768aa8,census-c01-extract-v1.1.0-20260528T003617Z,C0101,21,384,00000,000000,District - Anugul,urban,sikh,persons,637
census-india-2011,sources/census-2011/c-series/state-mdds/c01-21-odisha.xls,3cfc1100df768aa8,census-c01-extract-v1.1.0-20260528T003617Z,C0101,21,384,00000,000000,District - Anugul,urban,sikh,males,351
census-india-2011,sources/census-2011/c-series/state-mdds/c01-21-odisha.xls,3cfc1100df768aa8,census-c01-extract-v1.1.0-20260528T003617Z,C0101,21,384,00000,000000,District - Anugul,urban,sikh,females,286
census-india-2011,sources/census-2011/c-series/state-mdds/c01-21-odisha.xls,3cfc1100df768aa8,census-c01-extract-v1.1.0-20260528T003617Z,C0101,21,384,00000,000000,District - Anugul,urban,buddhist,persons,76
census-india-2011,sources/census-2011/c-series/state-mdds/c01-21-odisha.xls,3cfc1100df768aa8,census-c01-extract-v1.1.0-20260528T003617Z,C0101,21,384,00000,000000,District - Anugul,urban,buddhist,males,40
census-india-2011,sources/census-2011/c-series/state-mdds/c01-21-odisha.xls,3cfc1100df768aa8,census-c01-extract-v1.1.0-20260528T003617Z,C0101,21,384,00000,000000,District - Anugul,urban,buddhist,females,36
census-india-2011,sources/census-2011/c-series/state-mdds/c01-21-odisha.xls,3cfc1100df768aa8,census-c01-extract-v1.1.0-20260528T003617Z,C0101,21,384,00000,000000,District - Anugul,urban,jain,persons,12
census-india-2011,sources/census-2011/c-series/state-mdds/c01-21-odisha.xls,3cfc1100df768aa8,census-c01-extract-v1.1.0-20260528T003617Z,C0101,21,384,00000,000000,District - Anugul,urban,jain,males,10
census-india-2011,sources/census-2011/c-series/state-mdds/c01-21-odisha.xls,3cfc1100df768aa8,census-c01-extract-v1.1.0-20260528T003617Z,C0101,21,384,00000,000000,District - Anugul,urban,jain,females,2
census-india-2011,sources/census-2011/c-series/state-mdds/c01-21-odisha.xls,3cfc1100df768aa8,census-c01-extract-v1.1.0-20260528T003617Z,C0101,21,384,00000,000000,District - Anugul,urban,other,persons,962
census-india-2011,sources/census-2011/c-series/state-mdds/c01-21-odisha.xls,3cfc1100df768aa8,census-c01-extract-v1.1.0-20260528T003617Z,C0101,21,384,00000,000000,District - Anugul,urban,other,males,468
census-india-2011,sources/census-2011/c-series/state-mdds/c01-21-odisha.xls,3cfc1100df768aa8,census-c01-extract-v1.1.0-20260528T003617Z,C0101,21,384,00000,000000,District - Anugul,urban,other,females,494
census-india-2011,sources/census-2011/c-series/state-mdds/c01-21-odisha.xls,3cfc1100df768aa8,census-c01-extract-v1.1.0-20260528T003617Z,C0101,21,384,00000,000000,District - Anugul,urban,not_stated,persons,366
census-india-2011,sources/census-2011/c-series/state-mdds/c01-21-odisha.xls,3cfc1100df768aa8,census-c01-extract-v1.1.0-20260528T003617Z,C0101,21,384,00000,000000,District - Anugul,urban,not_stated,males,199
census-india-2011,sources/census-2011/c-series/state-mdds/c01-21-odisha.xls,3cfc1100df768aa8,census-c01-extract-v1.1.0-20260528T003617Z,C0101,21,384,00000,000000,District - Anugul,urban,not_stated,females,167
census-india-2011,sources/census-2011/c-series/state-mdds/c01-21-odisha.xls,3cfc1100df768aa8,census-c01-extract-v1.1.0-20260528T003617Z,C0101,21,385,00000,000000,District - Nayagarh,total,all,persons,962789
census-india-2011,sources/census-2011/c-series/state-mdds/c01-21-odisha.xls,3cfc1100df768aa8,census-c01-extract-v1.1.0-20260528T003617Z,C0101,21,385,00000,000000,District - Nayagarh,total,all,males,502636
census-india-2011,sources/census-2011/c-series/state-mdds/c01-21-odisha.xls,3cfc1100df768aa8,census-c01-extract-v1.1.0-20260528T003617Z,C0101,21,385,00000,000000,District - Nayagarh,total,all,females,460153
census-india-2011,sources/census-2011/c-series/state-mdds/c01-21-odisha.xls,3cfc1100df768aa8,census-c01-extract-v1.1.0-20260528T003617Z,C0101,21,385,00000,000000,District - Nayagarh,total,hindu,persons,955754
census-india-2011,sources/census-2011/c-series/state-mdds/c01-21-odisha.xls,3cfc1100df768aa8,census-c01-extract-v1.1.0-20260528T003617Z,C0101,21,385,00000,000000,District - Nayagarh,total,hindu,males,498962
census-india-2011,sources/census-2011/c-series/state-mdds/c01-21-odisha.xls,3cfc1100df768aa8,census-c01-extract-v1.1.0-20260528T003617Z,C0101,21,385,00000,000000,District - Nayagarh,total,hindu,females,456792
census-india-2011,sources/census-2011/c-series/state-mdds/c01-21-odisha.xls,3cfc1100df768aa8,census-c01-extract-v1.1.0-20260528T003617Z,C0101,21,385,00000,000000,District - Nayagarh,total,muslim,persons,5278
census-india-2011,sources/census-2011/c-series/state-mdds/c01-21-odisha.xls,3cfc1100df768aa8,census-c01-extract-v1.1.0-20260528T003617Z,C0101,21,385,00000,000000,District - Nayagarh,total,muslim,males,2732
census-india-2011,sources/census-2011/c-series/state-mdds/c01-21-odisha.xls,3cfc1100df768aa8,census-c01-extract-v1.1.0-20260528T003617Z,C0101,21,385,00000,000000,District - Nayagarh,total,muslim,females,2546
census-india-2011,sources/census-2011/c-series/state-mdds/c01-21-odisha.xls,3cfc1100df768aa8,census-c01-extract-v1.1.0-20260528T003617Z,C0101,21,385,00000,000000,District - Nayagarh,total,christian,persons,383
census-india-2011,sources/census-2011/c-series/state-mdds/c01-21-odisha.xls,3cfc1100df768aa8,census-c01-extract-v1.1.0-20260528T003617Z,C0101,21,385,00000,000000,District - Nayagarh,total,christian,males,214
census-india-2011,sources/census-2011/c-series/state-mdds/c01-21-odisha.xls,3cfc1100df768aa8,census-c01-extract-v1.1.0-20260528T003617Z,C0101,21,385,00000,000000,District - Nayagarh,total,christian,females,169
census-india-2011,sources/census-2011/c-series/state-mdds/c01-21-odisha.xls,3cfc1100df768aa8,census-c01-extract-v1.1.0-20260528T003617Z,C0101,21,385,00000,000000,District - Nayagarh,total,sikh,persons,107
census-india-2011,sources/census-2011/c-series/state-mdds/c01-21-odisha.xls,3cfc1100df768aa8,census-c01-extract-v1.1.0-20260528T003617Z,C0101,21,385,00000,000000,District - Nayagarh,total,sikh,males,51
census-india-2011,sources/census-2011/c-series/state-mdds/c01-21-odisha.xls,3cfc1100df768aa8,census-c01-extract-v1.1.0-20260528T003617Z,C0101,21,385,00000,000000,District - Nayagarh,total,sikh,females,56
census-india-2011,sources/census-2011/c-series/state-mdds/c01-21-odisha.xls,3cfc1100df768aa8,census-c01-extract-v1.1.0-20260528T003617Z,C0101,21,385,00000,000000,District - Nayagarh,total,buddhist,persons,33
census-india-2011,sources/census-2011/c-series/state-mdds/c01-21-odisha.xls,3cfc1100df768aa8,census-c01-extract-v1.1.0-20260528T003617Z,C0101,21,385,00000,000000,District - Nayagarh,total,buddhist,males,18
census-india-2011,sources/census-2011/c-series/state-mdds/c01-21-odisha.xls,3cfc1100df768aa8,census-c01-extract-v1.1.0-20260528T003617Z,C0101,21,385,00000,000000,District - Nayagarh,total,buddhist,females,15
census-india-2011,sources/census-2011/c-series/state-mdds/c01-21-odisha.xls,3cfc1100df768aa8,census-c01-extract-v1.1.0-20260528T003617Z,C0101,21,385,00000,000000,District - Nayagarh,total,jain,persons,24
census-india-2011,sources/census-2011/c-series/state-mdds/c01-21-odisha.xls,3cfc1100df768aa8,census-c01-extract-v1.1.0-20260528T003617Z,C0101,21,385,00000,000000,District - Nayagarh,total,jain,males,17
census-india-2011,sources/census-2011/c-series/state-mdds/c01-21-odisha.xls,3cfc1100df768aa8,census-c01-extract-v1.1.0-20260528T003617Z,C0101,21,385,00000,000000,District - Nayagarh,total,jain,females,7
census-india-2011,sources/census-2011/c-series/state-mdds/c01-21-odisha.xls,3cfc1100df768aa8,census-c01-extract-v1.1.0-20260528T003617Z,C0101,21,385,00000,000000,District - Nayagarh,total,other,persons,12
census-india-2011,sources/census-2011/c-series/state-mdds/c01-21-odisha.xls,3cfc1100df768aa8,census-c01-extract-v1.1.0-20260528T003617Z,C0101,21,385,00000,000000,District - Nayagarh,total,other,males,6
census-india-2011,sources/census-2011/c-series/state-mdds/c01-21-odisha.xls,3cfc1100df768aa8,census-c01-extract-v1.1.0-20260528T003617Z,C0101,21,385,00000,000000,District - Nayagarh,total,other,females,6
census-india-2011,sources/census-2011/c-series/state-mdds/c01-21-odisha.xls,3cfc1100df768aa8,census-c01-extract-v1.1.0-20260528T003617Z,C0101,21,385,00000,000000,District - Nayagarh,total,not_stated,persons,1198
census-india-2011,sources/census-2011/c-series/state-mdds/c01-21-odisha.xls,3cfc1100df768aa8,census-c01-extract-v1.1.0-20260528T003617Z,C0101,21,385,00000,000000,District - Nayagarh,total,not_stated,males,636
census-india-2011,sources/census-2011/c-series/state-mdds/c01-21-odisha.xls,3cfc1100df768aa8,census-c01-extract-v1.1.0-20260528T003617Z,C0101,21,385,00000,000000,District - Nayagarh,total,not_stated,females,562
census-india-2011,sources/census-2011/c-series/state-mdds/c01-21-odisha.xls,3cfc1100df768aa8,census-c01-extract-v1.1.0-20260528T003617Z,C0101,21,385,00000,000000,District - Nayagarh,rural,all,persons,883051
census-india-2011,sources/census-2011/c-series/state-mdds/c01-21-odisha.xls,3cfc1100df768aa8,census-c01-extract-v1.1.0-20260528T003617Z,C0101,21,385,00000,000000,District - Nayagarh,rural,all,males,461019
census-india-2011,sources/census-2011/c-series/state-mdds/c01-21-odisha.xls,3cfc1100df768aa8,census-c01-extract-v1.1.0-20260528T003617Z,C0101,21,385,00000,000000,District - Nayagarh,rural,all,females,422032
census-india-2011,sources/census-2011/c-series/state-mdds/c01-21-odisha.xls,3cfc1100df768aa8,census-c01-extract-v1.1.0-20260528T003617Z,C0101,21,385,00000,000000,District - Nayagarh,rural,hindu,persons,877257
census-india-2011,sources/census-2011/c-series/state-mdds/c01-21-odisha.xls,3cfc1100df768aa8,census-c01-extract-v1.1.0-20260528T003617Z,C0101,21,385,00000,000000,District - Nayagarh,rural,hindu,males,458031
census-india-2011,sources/census-2011/c-series/state-mdds/c01-21-odisha.xls,3cfc1100df768aa8,census-c01-extract-v1.1.0-20260528T003617Z,C0101,21,385,00000,000000,District - Nayagarh,rural,hindu,females,419226
census-india-2011,sources/census-2011/c-series/state-mdds/c01-21-odisha.xls,3cfc1100df768aa8,census-c01-extract-v1.1.0-20260528T003617Z,C0101,21,385,00000,000000,District - Nayagarh,rural,muslim,persons,4257
census-india-2011,sources/census-2011/c-series/state-mdds/c01-21-odisha.xls,3cfc1100df768aa8,census-c01-extract-v1.1.0-20260528T003617Z,C0101,21,385,00000,000000,District - Nayagarh,rural,muslim,males,2168
census-india-2011,sources/census-2011/c-series/state-mdds/c01-21-odisha.xls,3cfc1100df768aa8,census-c01-extract-v1.1.0-20260528T003617Z,C0101,21,385,00000,000000,District - Nayagarh,rural,muslim,females,2089
census-india-2011,sources/census-2011/c-series/state-mdds/c01-21-odisha.xls,3cfc1100df768aa8,census-c01-extract-v1.1.0-20260528T003617Z,C0101,21,385,00000,000000,District - Nayagarh,rural,christian,persons,297
census-india-2011,sources/census-2011/c-series/state-mdds/c01-21-odisha.xls,3cfc1100df768aa8,census-c01-extract-v1.1.0-20260528T003617Z,C0101,21,385,00000,000000,District - Nayagarh,rural,christian,males,166
census-india-2011,sources/census-2011/c-series/state-mdds/c01-21-odisha.xls,3cfc1100df768aa8,census-c01-extract-v1.1.0-20260528T003617Z,C0101,21,385,00000,000000,District - Nayagarh,rural,christian,females,131
census-india-2011,sources/census-2011/c-series/state-mdds/c01-21-odisha.xls,3cfc1100df768aa8,census-c01-extract-v1.1.0-20260528T003617Z,C0101,21,385,00000,000000,District - Nayagarh,rural,sikh,persons,98
census-india-2011,sources/census-2011/c-series/state-mdds/c01-21-odisha.xls,3cfc1100df768aa8,census-c01-extract-v1.1.0-20260528T003617Z,C0101,21,385,00000,000000,District - Nayagarh,rural,sikh,males,48
census-india-2011,sources/census-2011/c-series/state-mdds/c01-21-odisha.xls,3cfc1100df768aa8,census-c01-extract-v1.1.0-20260528T003617Z,C0101,21,385,00000,000000,District - Nayagarh,rural,sikh,females,50
census-india-2011,sources/census-2011/c-series/state-mdds/c01-21-odisha.xls,3cfc1100df768aa8,census-c01-extract-v1.1.0-20260528T003617Z,C0101,21,385,00000,000000,District - Nayagarh,rural,buddhist,persons,28
census-india-2011,sources/census-2011/c-series/state-mdds/c01-21-odisha.xls,3cfc1100df768aa8,census-c01-extract-v1.1.0-20260528T003617Z,C0101,21,385,00000,000000,District - Nayagarh,rural,buddhist,males,15
census-india-2011,sources/census-2011/c-series/state-mdds/c01-21-odisha.xls,3cfc1100df768aa8,census-c01-extract-v1.1.0-20260528T003617Z,C0101,21,385,00000,000000,District - Nayagarh,rural,buddhist,females,13
census-india-2011,sources/census-2011/c-series/state-mdds/c01-21-odisha.xls,3cfc1100df768aa8,census-c01-extract-v1.1.0-20260528T003617Z,C0101,21,385,00000,000000,District - Nayagarh,rural,jain,persons,21
census-india-2011,sources/census-2011/c-series/state-mdds/c01-21-odisha.xls,3cfc1100df768aa8,census-c01-extract-v1.1.0-20260528T003617Z,C0101,21,385,00000,000000,District - Nayagarh,rural,jain,males,16
census-india-2011,sources/census-2011/c-series/state-mdds/c01-21-odisha.xls,3cfc1100df768aa8,census-c01-extract-v1.1.0-20260528T003617Z,C0101,21,385,00000,000000,District - Nayagarh,rural,jain,females,5
census-india-2011,sources/census-2011/c-series/state-mdds/c01-21-odisha.xls,3cfc1100df768aa8,census-c01-extract-v1.1.0-20260528T003617Z,C0101,21,385,00000,000000,District - Nayagarh,rural,other,persons,10
census-india-2011,sources/census-2011/c-series/state-mdds/c01-21-odisha.xls,3cfc1100df768aa8,census-c01-extract-v1.1.0-20260528T003617Z,C0101,21,385,00000,000000,District - Nayagarh,rural,other,males,5
census-india-2011,sources/census-2011/c-series/state-mdds/c01-21-odisha.xls,3cfc1100df768aa8,census-c01-extract-v1.1.0-20260528T003617Z,C0101,21,385,00000,000000,District - Nayagarh,rural,other,females,5
census-india-2011,sources/census-2011/c-series/state-mdds/c01-21-odisha.xls,3cfc1100df768aa8,census-c01-extract-v1.1.0-20260528T003617Z,C0101,21,385,00000,000000,District - Nayagarh,rural,not_stated,persons,1083
census-india-2011,sources/census-2011/c-series/state-mdds/c01-21-odisha.xls,3cfc1100df768aa8,census-c01-extract-v1.1.0-20260528T003617Z,C0101,21,385,00000,000000,District - Nayagarh,rural,not_stated,males,570
census-india-2011,sources/census-2011/c-series/state-mdds/c01-21-odisha.xls,3cfc1100df768aa8,census-c01-extract-v1.1.0-20260528T003617Z,C0101,21,385,00000,000000,District - Nayagarh,rural,not_stated,females,513
census-india-2011,sources/census-2011/c-series/state-mdds/c01-21-odisha.xls,3cfc1100df768aa8,census-c01-extract-v1.1.0-20260528T003617Z,C0101,21,385,00000,000000,District - Nayagarh,urban,all,persons,79738
census-india-2011,sources/census-2011/c-series/state-mdds/c01-21-odisha.xls,3cfc1100df768aa8,census-c01-extract-v1.1.0-20260528T003617Z,C0101,21,385,00000,000000,District - Nayagarh,urban,all,males,41617
census-india-2011,sources/census-2011/c-series/state-mdds/c01-21-odisha.xls,3cfc1100df768aa8,census-c01-extract-v1.1.0-20260528T003617Z,C0101,21,385,00000,000000,District - Nayagarh,urban,all,females,38121
census-india-2011,sources/census-2011/c-series/state-mdds/c01-21-odisha.xls,3cfc1100df768aa8,census-c01-extract-v1.1.0-20260528T003617Z,C0101,21,385,00000,000000,District - Nayagarh,urban,hindu,persons,78497
census-india-2011,sources/census-2011/c-series/state-mdds/c01-21-odisha.xls,3cfc1100df768aa8,census-c01-extract-v1.1.0-20260528T003617Z,C0101,21,385,00000,000000,District - Nayagarh,urban,hindu,males,40931
census-india-2011,sources/census-2011/c-series/state-mdds/c01-21-odisha.xls,3cfc1100df768aa8,census-c01-extract-v1.1.0-20260528T003617Z,C0101,21,385,00000,000000,District - Nayagarh,urban,hindu,females,37566
census-india-2011,sources/census-2011/c-series/state-mdds/c01-21-odisha.xls,3cfc1100df768aa8,census-c01-extract-v1.1.0-20260528T003617Z,C0101,21,385,00000,000000,District - Nayagarh,urban,muslim,persons,1021
census-india-2011,sources/census-2011/c-series/state-mdds/c01-21-odisha.xls,3cfc1100df768aa8,census-c01-extract-v1.1.0-20260528T003617Z,C0101,21,385,00000,000000,District - Nayagarh,urban,muslim,males,564
census-india-2011,sources/census-2011/c-series/state-mdds/c01-21-odisha.xls,3cfc1100df768aa8,census-c01-extract-v1.1.0-20260528T003617Z,C0101,21,385,00000,000000,District - Nayagarh,urban,muslim,females,457
census-india-2011,sources/census-2011/c-series/state-mdds/c01-21-odisha.xls,3cfc1100df768aa8,census-c01-extract-v1.1.0-20260528T003617Z,C0101,21,385,00000,000000,District - Nayagarh,urban,christian,persons,86
census-india-2011,sources/census-2011/c-series/state-mdds/c01-21-odisha.xls,3cfc1100df768aa8,census-c01-extract-v1.1.0-20260528T003617Z,C0101,21,385,00000,000000,District - Nayagarh,urban,christian,males,48
census-india-2011,sources/census-2011/c-series/state-mdds/c01-21-odisha.xls,3cfc1100df768aa8,census-c01-extract-v1.1.0-20260528T003617Z,C0101,21,385,00000,000000,District - Nayagarh,urban,christian,females,38
census-india-2011,sources/census-2011/c-series/state-mdds/c01-21-odisha.xls,3cfc1100df768aa8,census-c01-extract-v1.1.0-20260528T003617Z,C0101,21,385,00000,000000,District - Nayagarh,urban,sikh,persons,9
census-india-2011,sources/census-2011/c-series/state-mdds/c01-21-odisha.xls,3cfc1100df768aa8,census-c01-extract-v1.1.0-20260528T003617Z,C0101,21,385,00000,000000,District - Nayagarh,urban,sikh,males,3
census-india-2011,sources/census-2011/c-series/state-mdds/c01-21-odisha.xls,3cfc1100df768aa8,census-c01-extract-v1.1.0-20260528T003617Z,C0101,21,385,00000,000000,District - Nayagarh,urban,sikh,females,6
census-india-2011,sources/census-2011/c-series/state-mdds/c01-21-odisha.xls,3cfc1100df768aa8,census-c01-extract-v1.1.0-20260528T003617Z,C0101,21,385,00000,000000,District - Nayagarh,urban,buddhist,persons,5
census-india-2011,sources/census-2011/c-series/state-mdds/c01-21-odisha.xls,3cfc1100df768aa8,census-c01-extract-v1.1.0-20260528T003617Z,C0101,21,385,00000,000000,District - Nayagarh,urban,buddhist,males,3
census-india-2011,sources/census-2011/c-series/state-mdds/c01-21-odisha.xls,3cfc1100df768aa8,census-c01-extract-v1.1.0-20260528T003617Z,C0101,21,385,00000,000000,District - Nayagarh,urban,buddhist,females,2
census-india-2011,sources/census-2011/c-series/state-mdds/c01-21-odisha.xls,3cfc1100df768aa8,census-c01-extract-v1.1.0-20260528T003617Z,C0101,21,385,00000,000000,District - Nayagarh,urban,jain,persons,3
census-india-2011,sources/census-2011/c-series/state-mdds/c01-21-odisha.xls,3cfc1100df768aa8,census-c01-extract-v1.1.0-20260528T003617Z,C0101,21,385,00000,000000,District - Nayagarh,urban,jain,males,1
census-india-2011,sources/census-2011/c-series/state-mdds/c01-21-odisha.xls,3cfc1100df768aa8,census-c01-extract-v1.1.0-20260528T003617Z,C0101,21,385,00000,000000,District - Nayagarh,urban,jain,females,2
census-india-2011,sources/census-2011/c-series/state-mdds/c01-21-odisha.xls,3cfc1100df768aa8,census-c01-extract-v1.1.0-20260528T003617Z,C0101,21,385,00000,000000,District - Nayagarh,urban,other,persons,2
census-india-2011,sources/census-2011/c-series/state-mdds/c01-21-odisha.xls,3cfc1100df768aa8,census-c01-extract-v1.1.0-20260528T003617Z,C0101,21,385,00000,000000,District - Nayagarh,urban,other,males,1
census-india-2011,sources/census-2011/c-series/state-mdds/c01-21-odisha.xls,3cfc1100df768aa8,census-c01-extract-v1.1.0-20260528T003617Z,C0101,21,385,00000,000000,District - Nayagarh,urban,other,females,1
census-india-2011,sources/census-2011/c-series/state-mdds/c01-21-odisha.xls,3cfc1100df768aa8,census-c01-extract-v1.1.0-20260528T003617Z,C0101,21,385,00000,000000,District - Nayagarh,urban,not_stated,persons,115
census-india-2011,sources/census-2011/c-series/state-mdds/c01-21-odisha.xls,3cfc1100df768aa8,census-c01-extract-v1.1.0-20260528T003617Z,C0101,21,385,00000,000000,District - Nayagarh,urban,not_stated,males,66
census-india-2011,sources/census-2011/c-series/state-mdds/c01-21-odisha.xls,3cfc1100df768aa8,census-c01-extract-v1.1.0-20260528T003617Z,C0101,21,385,00000,000000,District - Nayagarh,urban,not_stated,females,49
census-india-2011,sources/census-2011/c-series/state-mdds/c01-21-odisha.xls,3cfc1100df768aa8,census-c01-extract-v1.1.0-20260528T003617Z,C0101,21,386,00000,000000,District - Khordha,total,all,persons,2251673
census-india-2011,sources/census-2011/c-series/state-mdds/c01-21-odisha.xls,3cfc1100df768aa8,census-c01-extract-v1.1.0-20260528T003617Z,C0101,21,386,00000,000000,District - Khordha,total,all,males,1167137
census-india-2011,sources/census-2011/c-series/state-mdds/c01-21-odisha.xls,3cfc1100df768aa8,census-c01-extract-v1.1.0-20260528T003617Z,C0101,21,386,00000,000000,District - Khordha,total,all,females,1084536
census-india-2011,sources/census-2011/c-series/state-mdds/c01-21-odisha.xls,3cfc1100df768aa8,census-c01-extract-v1.1.0-20260528T003617Z,C0101,21,386,00000,000000,District - Khordha,total,hindu,persons,2147632
census-india-2011,sources/census-2011/c-series/state-mdds/c01-21-odisha.xls,3cfc1100df768aa8,census-c01-extract-v1.1.0-20260528T003617Z,C0101,21,386,00000,000000,District - Khordha,total,hindu,males,1113361
census-india-2011,sources/census-2011/c-series/state-mdds/c01-21-odisha.xls,3cfc1100df768aa8,census-c01-extract-v1.1.0-20260528T003617Z,C0101,21,386,00000,000000,District - Khordha,total,hindu,females,1034271
census-india-2011,sources/census-2011/c-series/state-mdds/c01-21-odisha.xls,3cfc1100df768aa8,census-c01-extract-v1.1.0-20260528T003617Z,C0101,21,386,00000,000000,District - Khordha,total,muslim,persons,84060
census-india-2011,sources/census-2011/c-series/state-mdds/c01-21-odisha.xls,3cfc1100df768aa8,census-c01-extract-v1.1.0-20260528T003617Z,C0101,21,386,00000,000000,District - Khordha,total,muslim,males,43648
census-india-2011,sources/census-2011/c-series/state-mdds/c01-21-odisha.xls,3cfc1100df768aa8,census-c01-extract-v1.1.0-20260528T003617Z,C0101,21,386,00000,000000,District - Khordha,total,muslim,females,40412
census-india-2011,sources/census-2011/c-series/state-mdds/c01-21-odisha.xls,3cfc1100df768aa8,census-c01-extract-v1.1.0-20260528T003617Z,C0101,21,386,00000,000000,District - Khordha,total,christian,persons,12527
census-india-2011,sources/census-2011/c-series/state-mdds/c01-21-odisha.xls,3cfc1100df768aa8,census-c01-extract-v1.1.0-20260528T003617Z,C0101,21,386,00000,000000,District - Khordha,total,christian,males,6246
census-india-2011,sources/census-2011/c-series/state-mdds/c01-21-odisha.xls,3cfc1100df768aa8,census-c01-extract-v1.1.0-20260528T003617Z,C0101,21,386,00000,000000,District - Khordha,total,christian,females,6281
census-india-2011,sources/census-2011/c-series/state-mdds/c01-21-odisha.xls,3cfc1100df768aa8,census-c01-extract-v1.1.0-20260528T003617Z,C0101,21,386,00000,000000,District - Khordha,total,sikh,persons,1264
census-india-2011,sources/census-2011/c-series/state-mdds/c01-21-odisha.xls,3cfc1100df768aa8,census-c01-extract-v1.1.0-20260528T003617Z,C0101,21,386,00000,000000,District - Khordha,total,sikh,males,655
census-india-2011,sources/census-2011/c-series/state-mdds/c01-21-odisha.xls,3cfc1100df768aa8,census-c01-extract-v1.1.0-20260528T003617Z,C0101,21,386,00000,000000,District - Khordha,total,sikh,females,609
census-india-2011,sources/census-2011/c-series/state-mdds/c01-21-odisha.xls,3cfc1100df768aa8,census-c01-extract-v1.1.0-20260528T003617Z,C0101,21,386,00000,000000,District - Khordha,total,buddhist,persons,475
census-india-2011,sources/census-2011/c-series/state-mdds/c01-21-odisha.xls,3cfc1100df768aa8,census-c01-extract-v1.1.0-20260528T003617Z,C0101,21,386,00000,000000,District - Khordha,total,buddhist,males,265
census-india-2011,sources/census-2011/c-series/state-mdds/c01-21-odisha.xls,3cfc1100df768aa8,census-c01-extract-v1.1.0-20260528T003617Z,C0101,21,386,00000,000000,District - Khordha,total,buddhist,females,210
census-india-2011,sources/census-2011/c-series/state-mdds/c01-21-odisha.xls,3cfc1100df768aa8,census-c01-extract-v1.1.0-20260528T003617Z,C0101,21,386,00000,000000,District - Khordha,total,jain,persons,476
census-india-2011,sources/census-2011/c-series/state-mdds/c01-21-odisha.xls,3cfc1100df768aa8,census-c01-extract-v1.1.0-20260528T003617Z,C0101,21,386,00000,000000,District - Khordha,total,jain,males,235
census-india-2011,sources/census-2011/c-series/state-mdds/c01-21-odisha.xls,3cfc1100df768aa8,census-c01-extract-v1.1.0-20260528T003617Z,C0101,21,386,00000,000000,District - Khordha,total,jain,females,241
census-india-2011,sources/census-2011/c-series/state-mdds/c01-21-odisha.xls,3cfc1100df768aa8,census-c01-extract-v1.1.0-20260528T003617Z,C0101,21,386,00000,000000,District - Khordha,total,other,persons,434
census-india-2011,sources/census-2011/c-series/state-mdds/c01-21-odisha.xls,3cfc1100df768aa8,census-c01-extract-v1.1.0-20260528T003617Z,C0101,21,386,00000,000000,District - Khordha,total,other,males,224
census-india-2011,sources/census-2011/c-series/state-mdds/c01-21-odisha.xls,3cfc1100df768aa8,census-c01-extract-v1.1.0-20260528T003617Z,C0101,21,386,00000,000000,District - Khordha,total,other,females,210
census-india-2011,sources/census-2011/c-series/state-mdds/c01-21-odisha.xls,3cfc1100df768aa8,census-c01-extract-v1.1.0-20260528T003617Z,C0101,21,386,00000,000000,District - Khordha,total,not_stated,persons,4805
census-india-2011,sources/census-2011/c-series/state-mdds/c01-21-odisha.xls,3cfc1100df768aa8,census-c01-extract-v1.1.0-20260528T003617Z,C0101,21,386,00000,000000,District - Khordha,total,not_stated,males,2503
census-india-2011,sources/census-2011/c-series/state-mdds/c01-21-odisha.xls,3cfc1100df768aa8,census-c01-extract-v1.1.0-20260528T003617Z,C0101,21,386,00000,000000,District - Khordha,total,not_stated,females,2302
census-india-2011,sources/census-2011/c-series/state-mdds/c01-21-odisha.xls,3cfc1100df768aa8,census-c01-extract-v1.1.0-20260528T003617Z,C0101,21,386,00000,000000,District - Khordha,rural,all,persons,1167357
census-india-2011,sources/census-2011/c-series/state-mdds/c01-21-odisha.xls,3cfc1100df768aa8,census-c01-extract-v1.1.0-20260528T003617Z,C0101,21,386,00000,000000,District - Khordha,rural,all,males,595809
census-india-2011,sources/census-2011/c-series/state-mdds/c01-21-odisha.xls,3cfc1100df768aa8,census-c01-extract-v1.1.0-20260528T003617Z,C0101,21,386,00000,000000,District - Khordha,rural,all,females,571548
census-india-2011,sources/census-2011/c-series/state-mdds/c01-21-odisha.xls,3cfc1100df768aa8,census-c01-extract-v1.1.0-20260528T003617Z,C0101,21,386,00000,000000,District - Khordha,rural,hindu,persons,1121700
census-india-2011,sources/census-2011/c-series/state-mdds/c01-21-odisha.xls,3cfc1100df768aa8,census-c01-extract-v1.1.0-20260528T003617Z,C0101,21,386,00000,000000,District - Khordha,rural,hindu,males,572377
census-india-2011,sources/census-2011/c-series/state-mdds/c01-21-odisha.xls,3cfc1100df768aa8,census-c01-extract-v1.1.0-20260528T003617Z,C0101,21,386,00000,000000,District - Khordha,rural,hindu,females,549323
census-india-2011,sources/census-2011/c-series/state-mdds/c01-21-odisha.xls,3cfc1100df768aa8,census-c01-extract-v1.1.0-20260528T003617Z,C0101,21,386,00000,000000,District - Khordha,rural,muslim,persons,42084
census-india-2011,sources/census-2011/c-series/state-mdds/c01-21-odisha.xls,3cfc1100df768aa8,census-c01-extract-v1.1.0-20260528T003617Z,C0101,21,386,00000,000000,District - Khordha,rural,muslim,males,21557
census-india-2011,sources/census-2011/c-series/state-mdds/c01-21-odisha.xls,3cfc1100df768aa8,census-c01-extract-v1.1.0-20260528T003617Z,C0101,21,386,00000,000000,District - Khordha,rural,muslim,females,20527
census-india-2011,sources/census-2011/c-series/state-mdds/c01-21-odisha.xls,3cfc1100df768aa8,census-c01-extract-v1.1.0-20260528T003617Z,C0101,21,386,00000,000000,District - Khordha,rural,christian,persons,1892
census-india-2011,sources/census-2011/c-series/state-mdds/c01-21-odisha.xls,3cfc1100df768aa8,census-c01-extract-v1.1.0-20260528T003617Z,C0101,21,386,00000,000000,District - Khordha,rural,christian,males,998
census-india-2011,sources/census-2011/c-series/state-mdds/c01-21-odisha.xls,3cfc1100df768aa8,census-c01-extract-v1.1.0-20260528T003617Z,C0101,21,386,00000,000000,District - Khordha,rural,christian,females,894
census-india-2011,sources/census-2011/c-series/state-mdds/c01-21-odisha.xls,3cfc1100df768aa8,census-c01-extract-v1.1.0-20260528T003617Z,C0101,21,386,00000,000000,District - Khordha,rural,sikh,persons,118
census-india-2011,sources/census-2011/c-series/state-mdds/c01-21-odisha.xls,3cfc1100df768aa8,census-c01-extract-v1.1.0-20260528T003617Z,C0101,21,386,00000,000000,District - Khordha,rural,sikh,males,60
census-india-2011,sources/census-2011/c-series/state-mdds/c01-21-odisha.xls,3cfc1100df768aa8,census-c01-extract-v1.1.0-20260528T003617Z,C0101,21,386,00000,000000,District - Khordha,rural,sikh,females,58
census-india-2011,sources/census-2011/c-series/state-mdds/c01-21-odisha.xls,3cfc1100df768aa8,census-c01-extract-v1.1.0-20260528T003617Z,C0101,21,386,00000,000000,District - Khordha,rural,buddhist,persons,75
census-india-2011,sources/census-2011/c-series/state-mdds/c01-21-odisha.xls,3cfc1100df768aa8,census-c01-extract-v1.1.0-20260528T003617Z,C0101,21,386,00000,000000,District - Khordha,rural,buddhist,males,41
census-india-2011,sources/census-2011/c-series/state-mdds/c01-21-odisha.xls,3cfc1100df768aa8,census-c01-extract-v1.1.0-20260528T003617Z,C0101,21,386,00000,000000,District - Khordha,rural,buddhist,females,34
census-india-2011,sources/census-2011/c-series/state-mdds/c01-21-odisha.xls,3cfc1100df768aa8,census-c01-extract-v1.1.0-20260528T003617Z,C0101,21,386,00000,000000,District - Khordha,rural,jain,persons,45
census-india-2011,sources/census-2011/c-series/state-mdds/c01-21-odisha.xls,3cfc1100df768aa8,census-c01-extract-v1.1.0-20260528T003617Z,C0101,21,386,00000,000000,District - Khordha,rural,jain,males,21
census-india-2011,sources/census-2011/c-series/state-mdds/c01-21-odisha.xls,3cfc1100df768aa8,census-c01-extract-v1.1.0-20260528T003617Z,C0101,21,386,00000,000000,District - Khordha,rural,jain,females,24
census-india-2011,sources/census-2011/c-series/state-mdds/c01-21-odisha.xls,3cfc1100df768aa8,census-c01-extract-v1.1.0-20260528T003617Z,C0101,21,386,00000,000000,District - Khordha,rural,other,persons,78
census-india-2011,sources/census-2011/c-series/state-mdds/c01-21-odisha.xls,3cfc1100df768aa8,census-c01-extract-v1.1.0-20260528T003617Z,C0101,21,386,00000,000000,District - Khordha,rural,other,males,43
census-india-2011,sources/census-2011/c-series/state-mdds/c01-21-odisha.xls,3cfc1100df768aa8,census-c01-extract-v1.1.0-20260528T003617Z,C0101,21,386,00000,000000,District - Khordha,rural,other,females,35
census-india-2011,sources/census-2011/c-series/state-mdds/c01-21-odisha.xls,3cfc1100df768aa8,census-c01-extract-v1.1.0-20260528T003617Z,C0101,21,386,00000,000000,District - Khordha,rural,not_stated,persons,1365
census-india-2011,sources/census-2011/c-series/state-mdds/c01-21-odisha.xls,3cfc1100df768aa8,census-c01-extract-v1.1.0-20260528T003617Z,C0101,21,386,00000,000000,District - Khordha,rural,not_stated,males,712
census-india-2011,sources/census-2011/c-series/state-mdds/c01-21-odisha.xls,3cfc1100df768aa8,census-c01-extract-v1.1.0-20260528T003617Z,C0101,21,386,00000,000000,District - Khordha,rural,not_stated,females,653
census-india-2011,sources/census-2011/c-series/state-mdds/c01-21-odisha.xls,3cfc1100df768aa8,census-c01-extract-v1.1.0-20260528T003617Z,C0101,21,386,00000,000000,District - Khordha,urban,all,persons,1084316
census-india-2011,sources/census-2011/c-series/state-mdds/c01-21-odisha.xls,3cfc1100df768aa8,census-c01-extract-v1.1.0-20260528T003617Z,C0101,21,386,00000,000000,District - Khordha,urban,all,males,571328
census-india-2011,sources/census-2011/c-series/state-mdds/c01-21-odisha.xls,3cfc1100df768aa8,census-c01-extract-v1.1.0-20260528T003617Z,C0101,21,386,00000,000000,District - Khordha,urban,all,females,512988
census-india-2011,sources/census-2011/c-series/state-mdds/c01-21-odisha.xls,3cfc1100df768aa8,census-c01-extract-v1.1.0-20260528T003617Z,C0101,21,386,00000,000000,District - Khordha,urban,hindu,persons,1025932
census-india-2011,sources/census-2011/c-series/state-mdds/c01-21-odisha.xls,3cfc1100df768aa8,census-c01-extract-v1.1.0-20260528T003617Z,C0101,21,386,00000,000000,District - Khordha,urban,hindu,males,540984
census-india-2011,sources/census-2011/c-series/state-mdds/c01-21-odisha.xls,3cfc1100df768aa8,census-c01-extract-v1.1.0-20260528T003617Z,C0101,21,386,00000,000000,District - Khordha,urban,hindu,females,484948
census-india-2011,sources/census-2011/c-series/state-mdds/c01-21-odisha.xls,3cfc1100df768aa8,census-c01-extract-v1.1.0-20260528T003617Z,C0101,21,386,00000,000000,District - Khordha,urban,muslim,persons,41976
census-india-2011,sources/census-2011/c-series/state-mdds/c01-21-odisha.xls,3cfc1100df768aa8,census-c01-extract-v1.1.0-20260528T003617Z,C0101,21,386,00000,000000,District - Khordha,urban,muslim,males,22091
census-india-2011,sources/census-2011/c-series/state-mdds/c01-21-odisha.xls,3cfc1100df768aa8,census-c01-extract-v1.1.0-20260528T003617Z,C0101,21,386,00000,000000,District - Khordha,urban,muslim,females,19885
census-india-2011,sources/census-2011/c-series/state-mdds/c01-21-odisha.xls,3cfc1100df768aa8,census-c01-extract-v1.1.0-20260528T003617Z,C0101,21,386,00000,000000,District - Khordha,urban,christian,persons,10635
census-india-2011,sources/census-2011/c-series/state-mdds/c01-21-odisha.xls,3cfc1100df768aa8,census-c01-extract-v1.1.0-20260528T003617Z,C0101,21,386,00000,000000,District - Khordha,urban,christian,males,5248
census-india-2011,sources/census-2011/c-series/state-mdds/c01-21-odisha.xls,3cfc1100df768aa8,census-c01-extract-v1.1.0-20260528T003617Z,C0101,21,386,00000,000000,District - Khordha,urban,christian,females,5387
census-india-2011,sources/census-2011/c-series/state-mdds/c01-21-odisha.xls,3cfc1100df768aa8,census-c01-extract-v1.1.0-20260528T003617Z,C0101,21,386,00000,000000,District - Khordha,urban,sikh,persons,1146
census-india-2011,sources/census-2011/c-series/state-mdds/c01-21-odisha.xls,3cfc1100df768aa8,census-c01-extract-v1.1.0-20260528T003617Z,C0101,21,386,00000,000000,District - Khordha,urban,sikh,males,595
census-india-2011,sources/census-2011/c-series/state-mdds/c01-21-odisha.xls,3cfc1100df768aa8,census-c01-extract-v1.1.0-20260528T003617Z,C0101,21,386,00000,000000,District - Khordha,urban,sikh,females,551
census-india-2011,sources/census-2011/c-series/state-mdds/c01-21-odisha.xls,3cfc1100df768aa8,census-c01-extract-v1.1.0-20260528T003617Z,C0101,21,386,00000,000000,District - Khordha,urban,buddhist,persons,400
census-india-2011,sources/census-2011/c-series/state-mdds/c01-21-odisha.xls,3cfc1100df768aa8,census-c01-extract-v1.1.0-20260528T003617Z,C0101,21,386,00000,000000,District - Khordha,urban,buddhist,males,224
census-india-2011,sources/census-2011/c-series/state-mdds/c01-21-odisha.xls,3cfc1100df768aa8,census-c01-extract-v1.1.0-20260528T003617Z,C0101,21,386,00000,000000,District - Khordha,urban,buddhist,females,176
census-india-2011,sources/census-2011/c-series/state-mdds/c01-21-odisha.xls,3cfc1100df768aa8,census-c01-extract-v1.1.0-20260528T003617Z,C0101,21,386,00000,000000,District - Khordha,urban,jain,persons,431
census-india-2011,sources/census-2011/c-series/state-mdds/c01-21-odisha.xls,3cfc1100df768aa8,census-c01-extract-v1.1.0-20260528T003617Z,C0101,21,386,00000,000000,District - Khordha,urban,jain,males,214
census-india-2011,sources/census-2011/c-series/state-mdds/c01-21-odisha.xls,3cfc1100df768aa8,census-c01-extract-v1.1.0-20260528T003617Z,C0101,21,386,00000,000000,District - Khordha,urban,jain,females,217
census-india-2011,sources/census-2011/c-series/state-mdds/c01-21-odisha.xls,3cfc1100df768aa8,census-c01-extract-v1.1.0-20260528T003617Z,C0101,21,386,00000,000000,District - Khordha,urban,other,persons,356
census-india-2011,sources/census-2011/c-series/state-mdds/c01-21-odisha.xls,3cfc1100df768aa8,census-c01-extract-v1.1.0-20260528T003617Z,C0101,21,386,00000,000000,District - Khordha,urban,other,males,181
census-india-2011,sources/census-2011/c-series/state-mdds/c01-21-odisha.xls,3cfc1100df768aa8,census-c01-extract-v1.1.0-20260528T003617Z,C0101,21,386,00000,000000,District - Khordha,urban,other,females,175
census-india-2011,sources/census-2011/c-series/state-mdds/c01-21-odisha.xls,3cfc1100df768aa8,census-c01-extract-v1.1.0-20260528T003617Z,C0101,21,386,00000,000000,District - Khordha,urban,not_stated,persons,3440
census-india-2011,sources/census-2011/c-series/state-mdds/c01-21-odisha.xls,3cfc1100df768aa8,census-c01-extract-v1.1.0-20260528T003617Z,C0101,21,386,00000,000000,District - Khordha,urban,not_stated,males,1791
census-india-2011,sources/census-2011/c-series/state-mdds/c01-21-odisha.xls,3cfc1100df768aa8,census-c01-extract-v1.1.0-20260528T003617Z,C0101,21,386,00000,000000,District - Khordha,urban,not_stated,females,1649
census-india-2011,sources/census-2011/c-series/state-mdds/c01-21-odisha.xls,3cfc1100df768aa8,census-c01-extract-v1.1.0-20260528T003617Z,C0101,21,387,00000,000000,District - Puri,total,all,persons,1698730
census-india-2011,sources/census-2011/c-series/state-mdds/c01-21-odisha.xls,3cfc1100df768aa8,census-c01-extract-v1.1.0-20260528T003617Z,C0101,21,387,00000,000000,District - Puri,total,all,males,865380
census-india-2011,sources/census-2011/c-series/state-mdds/c01-21-odisha.xls,3cfc1100df768aa8,census-c01-extract-v1.1.0-20260528T003617Z,C0101,21,387,00000,000000,District - Puri,total,all,females,833350
census-india-2011,sources/census-2011/c-series/state-mdds/c01-21-odisha.xls,3cfc1100df768aa8,census-c01-extract-v1.1.0-20260528T003617Z,C0101,21,387,00000,000000,District - Puri,total,hindu,persons,1644905
census-india-2011,sources/census-2011/c-series/state-mdds/c01-21-odisha.xls,3cfc1100df768aa8,census-c01-extract-v1.1.0-20260528T003617Z,C0101,21,387,00000,000000,District - Puri,total,hindu,males,838038
census-india-2011,sources/census-2011/c-series/state-mdds/c01-21-odisha.xls,3cfc1100df768aa8,census-c01-extract-v1.1.0-20260528T003617Z,C0101,21,387,00000,000000,District - Puri,total,hindu,females,806867
census-india-2011,sources/census-2011/c-series/state-mdds/c01-21-odisha.xls,3cfc1100df768aa8,census-c01-extract-v1.1.0-20260528T003617Z,C0101,21,387,00000,000000,District - Puri,total,muslim,persons,46094
census-india-2011,sources/census-2011/c-series/state-mdds/c01-21-odisha.xls,3cfc1100df768aa8,census-c01-extract-v1.1.0-20260528T003617Z,C0101,21,387,00000,000000,District - Puri,total,muslim,males,23434
census-india-2011,sources/census-2011/c-series/state-mdds/c01-21-odisha.xls,3cfc1100df768aa8,census-c01-extract-v1.1.0-20260528T003617Z,C0101,21,387,00000,000000,District - Puri,total,muslim,females,22660
census-india-2011,sources/census-2011/c-series/state-mdds/c01-21-odisha.xls,3cfc1100df768aa8,census-c01-extract-v1.1.0-20260528T003617Z,C0101,21,387,00000,000000,District - Puri,total,christian,persons,4239
census-india-2011,sources/census-2011/c-series/state-mdds/c01-21-odisha.xls,3cfc1100df768aa8,census-c01-extract-v1.1.0-20260528T003617Z,C0101,21,387,00000,000000,District - Puri,total,christian,males,2120
census-india-2011,sources/census-2011/c-series/state-mdds/c01-21-odisha.xls,3cfc1100df768aa8,census-c01-extract-v1.1.0-20260528T003617Z,C0101,21,387,00000,000000,District - Puri,total,christian,females,2119
census-india-2011,sources/census-2011/c-series/state-mdds/c01-21-odisha.xls,3cfc1100df768aa8,census-c01-extract-v1.1.0-20260528T003617Z,C0101,21,387,00000,000000,District - Puri,total,sikh,persons,193
census-india-2011,sources/census-2011/c-series/state-mdds/c01-21-odisha.xls,3cfc1100df768aa8,census-c01-extract-v1.1.0-20260528T003617Z,C0101,21,387,00000,000000,District - Puri,total,sikh,males,104
census-india-2011,sources/census-2011/c-series/state-mdds/c01-21-odisha.xls,3cfc1100df768aa8,census-c01-extract-v1.1.0-20260528T003617Z,C0101,21,387,00000,000000,District - Puri,total,sikh,females,89
census-india-2011,sources/census-2011/c-series/state-mdds/c01-21-odisha.xls,3cfc1100df768aa8,census-c01-extract-v1.1.0-20260528T003617Z,C0101,21,387,00000,000000,District - Puri,total,buddhist,persons,243
census-india-2011,sources/census-2011/c-series/state-mdds/c01-21-odisha.xls,3cfc1100df768aa8,census-c01-extract-v1.1.0-20260528T003617Z,C0101,21,387,00000,000000,District - Puri,total,buddhist,males,127
census-india-2011,sources/census-2011/c-series/state-mdds/c01-21-odisha.xls,3cfc1100df768aa8,census-c01-extract-v1.1.0-20260528T003617Z,C0101,21,387,00000,000000,District - Puri,total,buddhist,females,116
census-india-2011,sources/census-2011/c-series/state-mdds/c01-21-odisha.xls,3cfc1100df768aa8,census-c01-extract-v1.1.0-20260528T003617Z,C0101,21,387,00000,000000,District - Puri,total,jain,persons,94
census-india-2011,sources/census-2011/c-series/state-mdds/c01-21-odisha.xls,3cfc1100df768aa8,census-c01-extract-v1.1.0-20260528T003617Z,C0101,21,387,00000,000000,District - Puri,total,jain,males,50
census-india-2011,sources/census-2011/c-series/state-mdds/c01-21-odisha.xls,3cfc1100df768aa8,census-c01-extract-v1.1.0-20260528T003617Z,C0101,21,387,00000,000000,District - Puri,total,jain,females,44
census-india-2011,sources/census-2011/c-series/state-mdds/c01-21-odisha.xls,3cfc1100df768aa8,census-c01-extract-v1.1.0-20260528T003617Z,C0101,21,387,00000,000000,District - Puri,total,other,persons,302
census-india-2011,sources/census-2011/c-series/state-mdds/c01-21-odisha.xls,3cfc1100df768aa8,census-c01-extract-v1.1.0-20260528T003617Z,C0101,21,387,00000,000000,District - Puri,total,other,males,148
census-india-2011,sources/census-2011/c-series/state-mdds/c01-21-odisha.xls,3cfc1100df768aa8,census-c01-extract-v1.1.0-20260528T003617Z,C0101,21,387,00000,000000,District - Puri,total,other,females,154
census-india-2011,sources/census-2011/c-series/state-mdds/c01-21-odisha.xls,3cfc1100df768aa8,census-c01-extract-v1.1.0-20260528T003617Z,C0101,21,387,00000,000000,District - Puri,total,not_stated,persons,2660
census-india-2011,sources/census-2011/c-series/state-mdds/c01-21-odisha.xls,3cfc1100df768aa8,census-c01-extract-v1.1.0-20260528T003617Z,C0101,21,387,00000,000000,District - Puri,total,not_stated,males,1359
census-india-2011,sources/census-2011/c-series/state-mdds/c01-21-odisha.xls,3cfc1100df768aa8,census-c01-extract-v1.1.0-20260528T003617Z,C0101,21,387,00000,000000,District - Puri,total,not_stated,females,1301
census-india-2011,sources/census-2011/c-series/state-mdds/c01-21-odisha.xls,3cfc1100df768aa8,census-c01-extract-v1.1.0-20260528T003617Z,C0101,21,387,00000,000000,District - Puri,rural,all,persons,1433800
census-india-2011,sources/census-2011/c-series/state-mdds/c01-21-odisha.xls,3cfc1100df768aa8,census-c01-extract-v1.1.0-20260528T003617Z,C0101,21,387,00000,000000,District - Puri,rural,all,males,728213
census-india-2011,sources/census-2011/c-series/state-mdds/c01-21-odisha.xls,3cfc1100df768aa8,census-c01-extract-v1.1.0-20260528T003617Z,C0101,21,387,00000,000000,District - Puri,rural,all,females,705587
census-india-2011,sources/census-2011/c-series/state-mdds/c01-21-odisha.xls,3cfc1100df768aa8,census-c01-extract-v1.1.0-20260528T003617Z,C0101,21,387,00000,000000,District - Puri,rural,hindu,persons,1391385
census-india-2011,sources/census-2011/c-series/state-mdds/c01-21-odisha.xls,3cfc1100df768aa8,census-c01-extract-v1.1.0-20260528T003617Z,C0101,21,387,00000,000000,District - Puri,rural,hindu,males,706764
census-india-2011,sources/census-2011/c-series/state-mdds/c01-21-odisha.xls,3cfc1100df768aa8,census-c01-extract-v1.1.0-20260528T003617Z,C0101,21,387,00000,000000,District - Puri,rural,hindu,females,684621
census-india-2011,sources/census-2011/c-series/state-mdds/c01-21-odisha.xls,3cfc1100df768aa8,census-c01-extract-v1.1.0-20260528T003617Z,C0101,21,387,00000,000000,District - Puri,rural,muslim,persons,38780
census-india-2011,sources/census-2011/c-series/state-mdds/c01-21-odisha.xls,3cfc1100df768aa8,census-c01-extract-v1.1.0-20260528T003617Z,C0101,21,387,00000,000000,District - Puri,rural,muslim,males,19651
census-india-2011,sources/census-2011/c-series/state-mdds/c01-21-odisha.xls,3cfc1100df768aa8,census-c01-extract-v1.1.0-20260528T003617Z,C0101,21,387,00000,000000,District - Puri,rural,muslim,females,19129
census-india-2011,sources/census-2011/c-series/state-mdds/c01-21-odisha.xls,3cfc1100df768aa8,census-c01-extract-v1.1.0-20260528T003617Z,C0101,21,387,00000,000000,District - Puri,rural,christian,persons,939
census-india-2011,sources/census-2011/c-series/state-mdds/c01-21-odisha.xls,3cfc1100df768aa8,census-c01-extract-v1.1.0-20260528T003617Z,C0101,21,387,00000,000000,District - Puri,rural,christian,males,484
census-india-2011,sources/census-2011/c-series/state-mdds/c01-21-odisha.xls,3cfc1100df768aa8,census-c01-extract-v1.1.0-20260528T003617Z,C0101,21,387,00000,000000,District - Puri,rural,christian,females,455
census-india-2011,sources/census-2011/c-series/state-mdds/c01-21-odisha.xls,3cfc1100df768aa8,census-c01-extract-v1.1.0-20260528T003617Z,C0101,21,387,00000,000000,District - Puri,rural,sikh,persons,133
census-india-2011,sources/census-2011/c-series/state-mdds/c01-21-odisha.xls,3cfc1100df768aa8,census-c01-extract-v1.1.0-20260528T003617Z,C0101,21,387,00000,000000,District - Puri,rural,sikh,males,73
census-india-2011,sources/census-2011/c-series/state-mdds/c01-21-odisha.xls,3cfc1100df768aa8,census-c01-extract-v1.1.0-20260528T003617Z,C0101,21,387,00000,000000,District - Puri,rural,sikh,females,60
census-india-2011,sources/census-2011/c-series/state-mdds/c01-21-odisha.xls,3cfc1100df768aa8,census-c01-extract-v1.1.0-20260528T003617Z,C0101,21,387,00000,000000,District - Puri,rural,buddhist,persons,194
census-india-2011,sources/census-2011/c-series/state-mdds/c01-21-odisha.xls,3cfc1100df768aa8,census-c01-extract-v1.1.0-20260528T003617Z,C0101,21,387,00000,000000,District - Puri,rural,buddhist,males,107
census-india-2011,sources/census-2011/c-series/state-mdds/c01-21-odisha.xls,3cfc1100df768aa8,census-c01-extract-v1.1.0-20260528T003617Z,C0101,21,387,00000,000000,District - Puri,rural,buddhist,females,87
census-india-2011,sources/census-2011/c-series/state-mdds/c01-21-odisha.xls,3cfc1100df768aa8,census-c01-extract-v1.1.0-20260528T003617Z,C0101,21,387,00000,000000,District - Puri,rural,jain,persons,73
census-india-2011,sources/census-2011/c-series/state-mdds/c01-21-odisha.xls,3cfc1100df768aa8,census-c01-extract-v1.1.0-20260528T003617Z,C0101,21,387,00000,000000,District - Puri,rural,jain,males,32
census-india-2011,sources/census-2011/c-series/state-mdds/c01-21-odisha.xls,3cfc1100df768aa8,census-c01-extract-v1.1.0-20260528T003617Z,C0101,21,387,00000,000000,District - Puri,rural,jain,females,41
census-india-2011,sources/census-2011/c-series/state-mdds/c01-21-odisha.xls,3cfc1100df768aa8,census-c01-extract-v1.1.0-20260528T003617Z,C0101,21,387,00000,000000,District - Puri,rural,other,persons,296
census-india-2011,sources/census-2011/c-series/state-mdds/c01-21-odisha.xls,3cfc1100df768aa8,census-c01-extract-v1.1.0-20260528T003617Z,C0101,21,387,00000,000000,District - Puri,rural,other,males,144
census-india-2011,sources/census-2011/c-series/state-mdds/c01-21-odisha.xls,3cfc1100df768aa8,census-c01-extract-v1.1.0-20260528T003617Z,C0101,21,387,00000,000000,District - Puri,rural,other,females,152
census-india-2011,sources/census-2011/c-series/state-mdds/c01-21-odisha.xls,3cfc1100df768aa8,census-c01-extract-v1.1.0-20260528T003617Z,C0101,21,387,00000,000000,District - Puri,rural,not_stated,persons,2000
census-india-2011,sources/census-2011/c-series/state-mdds/c01-21-odisha.xls,3cfc1100df768aa8,census-c01-extract-v1.1.0-20260528T003617Z,C0101,21,387,00000,000000,District - Puri,rural,not_stated,males,958
census-india-2011,sources/census-2011/c-series/state-mdds/c01-21-odisha.xls,3cfc1100df768aa8,census-c01-extract-v1.1.0-20260528T003617Z,C0101,21,387,00000,000000,District - Puri,rural,not_stated,females,1042
census-india-2011,sources/census-2011/c-series/state-mdds/c01-21-odisha.xls,3cfc1100df768aa8,census-c01-extract-v1.1.0-20260528T003617Z,C0101,21,387,00000,000000,District - Puri,urban,all,persons,264930
census-india-2011,sources/census-2011/c-series/state-mdds/c01-21-odisha.xls,3cfc1100df768aa8,census-c01-extract-v1.1.0-20260528T003617Z,C0101,21,387,00000,000000,District - Puri,urban,all,males,137167
census-india-2011,sources/census-2011/c-series/state-mdds/c01-21-odisha.xls,3cfc1100df768aa8,census-c01-extract-v1.1.0-20260528T003617Z,C0101,21,387,00000,000000,District - Puri,urban,all,females,127763
census-india-2011,sources/census-2011/c-series/state-mdds/c01-21-odisha.xls,3cfc1100df768aa8,census-c01-extract-v1.1.0-20260528T003617Z,C0101,21,387,00000,000000,District - Puri,urban,hindu,persons,253520
census-india-2011,sources/census-2011/c-series/state-mdds/c01-21-odisha.xls,3cfc1100df768aa8,census-c01-extract-v1.1.0-20260528T003617Z,C0101,21,387,00000,000000,District - Puri,urban,hindu,males,131274
census-india-2011,sources/census-2011/c-series/state-mdds/c01-21-odisha.xls,3cfc1100df768aa8,census-c01-extract-v1.1.0-20260528T003617Z,C0101,21,387,00000,000000,District - Puri,urban,hindu,females,122246
census-india-2011,sources/census-2011/c-series/state-mdds/c01-21-odisha.xls,3cfc1100df768aa8,census-c01-extract-v1.1.0-20260528T003617Z,C0101,21,387,00000,000000,District - Puri,urban,muslim,persons,7314
census-india-2011,sources/census-2011/c-series/state-mdds/c01-21-odisha.xls,3cfc1100df768aa8,census-c01-extract-v1.1.0-20260528T003617Z,C0101,21,387,00000,000000,District - Puri,urban,muslim,males,3783
census-india-2011,sources/census-2011/c-series/state-mdds/c01-21-odisha.xls,3cfc1100df768aa8,census-c01-extract-v1.1.0-20260528T003617Z,C0101,21,387,00000,000000,District - Puri,urban,muslim,females,3531
census-india-2011,sources/census-2011/c-series/state-mdds/c01-21-odisha.xls,3cfc1100df768aa8,census-c01-extract-v1.1.0-20260528T003617Z,C0101,21,387,00000,000000,District - Puri,urban,christian,persons,3300
census-india-2011,sources/census-2011/c-series/state-mdds/c01-21-odisha.xls,3cfc1100df768aa8,census-c01-extract-v1.1.0-20260528T003617Z,C0101,21,387,00000,000000,District - Puri,urban,christian,males,1636
census-india-2011,sources/census-2011/c-series/state-mdds/c01-21-odisha.xls,3cfc1100df768aa8,census-c01-extract-v1.1.0-20260528T003617Z,C0101,21,387,00000,000000,District - Puri,urban,christian,females,1664
census-india-2011,sources/census-2011/c-series/state-mdds/c01-21-odisha.xls,3cfc1100df768aa8,census-c01-extract-v1.1.0-20260528T003617Z,C0101,21,387,00000,000000,District - Puri,urban,sikh,persons,60
census-india-2011,sources/census-2011/c-series/state-mdds/c01-21-odisha.xls,3cfc1100df768aa8,census-c01-extract-v1.1.0-20260528T003617Z,C0101,21,387,00000,000000,District - Puri,urban,sikh,males,31
census-india-2011,sources/census-2011/c-series/state-mdds/c01-21-odisha.xls,3cfc1100df768aa8,census-c01-extract-v1.1.0-20260528T003617Z,C0101,21,387,00000,000000,District - Puri,urban,sikh,females,29
census-india-2011,sources/census-2011/c-series/state-mdds/c01-21-odisha.xls,3cfc1100df768aa8,census-c01-extract-v1.1.0-20260528T003617Z,C0101,21,387,00000,000000,District - Puri,urban,buddhist,persons,49
census-india-2011,sources/census-2011/c-series/state-mdds/c01-21-odisha.xls,3cfc1100df768aa8,census-c01-extract-v1.1.0-20260528T003617Z,C0101,21,387,00000,000000,District - Puri,urban,buddhist,males,20
census-india-2011,sources/census-2011/c-series/state-mdds/c01-21-odisha.xls,3cfc1100df768aa8,census-c01-extract-v1.1.0-20260528T003617Z,C0101,21,387,00000,000000,District - Puri,urban,buddhist,females,29
census-india-2011,sources/census-2011/c-series/state-mdds/c01-21-odisha.xls,3cfc1100df768aa8,census-c01-extract-v1.1.0-20260528T003617Z,C0101,21,387,00000,000000,District - Puri,urban,jain,persons,21
census-india-2011,sources/census-2011/c-series/state-mdds/c01-21-odisha.xls,3cfc1100df768aa8,census-c01-extract-v1.1.0-20260528T003617Z,C0101,21,387,00000,000000,District - Puri,urban,jain,males,18
census-india-2011,sources/census-2011/c-series/state-mdds/c01-21-odisha.xls,3cfc1100df768aa8,census-c01-extract-v1.1.0-20260528T003617Z,C0101,21,387,00000,000000,District - Puri,urban,jain,females,3
census-india-2011,sources/census-2011/c-series/state-mdds/c01-21-odisha.xls,3cfc1100df768aa8,census-c01-extract-v1.1.0-20260528T003617Z,C0101,21,387,00000,000000,District - Puri,urban,other,persons,6
census-india-2011,sources/census-2011/c-series/state-mdds/c01-21-odisha.xls,3cfc1100df768aa8,census-c01-extract-v1.1.0-20260528T003617Z,C0101,21,387,00000,000000,District - Puri,urban,other,males,4
census-india-2011,sources/census-2011/c-series/state-mdds/c01-21-odisha.xls,3cfc1100df768aa8,census-c01-extract-v1.1.0-20260528T003617Z,C0101,21,387,00000,000000,District - Puri,urban,other,females,2
census-india-2011,sources/census-2011/c-series/state-mdds/c01-21-odisha.xls,3cfc1100df768aa8,census-c01-extract-v1.1.0-20260528T003617Z,C0101,21,387,00000,000000,District - Puri,urban,not_stated,persons,660
census-india-2011,sources/census-2011/c-series/state-mdds/c01-21-odisha.xls,3cfc1100df768aa8,census-c01-extract-v1.1.0-20260528T003617Z,C0101,21,387,00000,000000,District - Puri,urban,not_stated,males,401
census-india-2011,sources/census-2011/c-series/state-mdds/c01-21-odisha.xls,3cfc1100df768aa8,census-c01-extract-v1.1.0-20260528T003617Z,C0101,21,387,00000,000000,District - Puri,urban,not_stated,females,259
census-india-2011,sources/census-2011/c-series/state-mdds/c01-21-odisha.xls,3cfc1100df768aa8,census-c01-extract-v1.1.0-20260528T003617Z,C0101,21,388,00000,000000,District - Ganjam,total,all,persons,3529031
census-india-2011,sources/census-2011/c-series/state-mdds/c01-21-odisha.xls,3cfc1100df768aa8,census-c01-extract-v1.1.0-20260528T003617Z,C0101,21,388,00000,000000,District - Ganjam,total,all,males,1779218
census-india-2011,sources/census-2011/c-series/state-mdds/c01-21-odisha.xls,3cfc1100df768aa8,census-c01-extract-v1.1.0-20260528T003617Z,C0101,21,388,00000,000000,District - Ganjam,total,all,females,1749813
census-india-2011,sources/census-2011/c-series/state-mdds/c01-21-odisha.xls,3cfc1100df768aa8,census-c01-extract-v1.1.0-20260528T003617Z,C0101,21,388,00000,000000,District - Ganjam,total,hindu,persons,3486059
census-india-2011,sources/census-2011/c-series/state-mdds/c01-21-odisha.xls,3cfc1100df768aa8,census-c01-extract-v1.1.0-20260528T003617Z,C0101,21,388,00000,000000,District - Ganjam,total,hindu,males,1757552
census-india-2011,sources/census-2011/c-series/state-mdds/c01-21-odisha.xls,3cfc1100df768aa8,census-c01-extract-v1.1.0-20260528T003617Z,C0101,21,388,00000,000000,District - Ganjam,total,hindu,females,1728507
census-india-2011,sources/census-2011/c-series/state-mdds/c01-21-odisha.xls,3cfc1100df768aa8,census-c01-extract-v1.1.0-20260528T003617Z,C0101,21,388,00000,000000,District - Ganjam,total,muslim,persons,13315
census-india-2011,sources/census-2011/c-series/state-mdds/c01-21-odisha.xls,3cfc1100df768aa8,census-c01-extract-v1.1.0-20260528T003617Z,C0101,21,388,00000,000000,District - Ganjam,total,muslim,males,6890
census-india-2011,sources/census-2011/c-series/state-mdds/c01-21-odisha.xls,3cfc1100df768aa8,census-c01-extract-v1.1.0-20260528T003617Z,C0101,21,388,00000,000000,District - Ganjam,total,muslim,females,6425
census-india-2011,sources/census-2011/c-series/state-mdds/c01-21-odisha.xls,3cfc1100df768aa8,census-c01-extract-v1.1.0-20260528T003617Z,C0101,21,388,00000,000000,District - Ganjam,total,christian,persons,23975
census-india-2011,sources/census-2011/c-series/state-mdds/c01-21-odisha.xls,3cfc1100df768aa8,census-c01-extract-v1.1.0-20260528T003617Z,C0101,21,388,00000,000000,District - Ganjam,total,christian,males,11845
census-india-2011,sources/census-2011/c-series/state-mdds/c01-21-odisha.xls,3cfc1100df768aa8,census-c01-extract-v1.1.0-20260528T003617Z,C0101,21,388,00000,000000,District - Ganjam,total,christian,females,12130
census-india-2011,sources/census-2011/c-series/state-mdds/c01-21-odisha.xls,3cfc1100df768aa8,census-c01-extract-v1.1.0-20260528T003617Z,C0101,21,388,00000,000000,District - Ganjam,total,sikh,persons,590
census-india-2011,sources/census-2011/c-series/state-mdds/c01-21-odisha.xls,3cfc1100df768aa8,census-c01-extract-v1.1.0-20260528T003617Z,C0101,21,388,00000,000000,District - Ganjam,total,sikh,males,299
census-india-2011,sources/census-2011/c-series/state-mdds/c01-21-odisha.xls,3cfc1100df768aa8,census-c01-extract-v1.1.0-20260528T003617Z,C0101,21,388,00000,000000,District - Ganjam,total,sikh,females,291
census-india-2011,sources/census-2011/c-series/state-mdds/c01-21-odisha.xls,3cfc1100df768aa8,census-c01-extract-v1.1.0-20260528T003617Z,C0101,21,388,00000,000000,District - Ganjam,total,buddhist,persons,174
census-india-2011,sources/census-2011/c-series/state-mdds/c01-21-odisha.xls,3cfc1100df768aa8,census-c01-extract-v1.1.0-20260528T003617Z,C0101,21,388,00000,000000,District - Ganjam,total,buddhist,males,90
census-india-2011,sources/census-2011/c-series/state-mdds/c01-21-odisha.xls,3cfc1100df768aa8,census-c01-extract-v1.1.0-20260528T003617Z,C0101,21,388,00000,000000,District - Ganjam,total,buddhist,females,84
census-india-2011,sources/census-2011/c-series/state-mdds/c01-21-odisha.xls,3cfc1100df768aa8,census-c01-extract-v1.1.0-20260528T003617Z,C0101,21,388,00000,000000,District - Ganjam,total,jain,persons,170
census-india-2011,sources/census-2011/c-series/state-mdds/c01-21-odisha.xls,3cfc1100df768aa8,census-c01-extract-v1.1.0-20260528T003617Z,C0101,21,388,00000,000000,District - Ganjam,total,jain,males,72
census-india-2011,sources/census-2011/c-series/state-mdds/c01-21-odisha.xls,3cfc1100df768aa8,census-c01-extract-v1.1.0-20260528T003617Z,C0101,21,388,00000,000000,District - Ganjam,total,jain,females,98
census-india-2011,sources/census-2011/c-series/state-mdds/c01-21-odisha.xls,3cfc1100df768aa8,census-c01-extract-v1.1.0-20260528T003617Z,C0101,21,388,00000,000000,District - Ganjam,total,other,persons,76
census-india-2011,sources/census-2011/c-series/state-mdds/c01-21-odisha.xls,3cfc1100df768aa8,census-c01-extract-v1.1.0-20260528T003617Z,C0101,21,388,00000,000000,District - Ganjam,total,other,males,49
census-india-2011,sources/census-2011/c-series/state-mdds/c01-21-odisha.xls,3cfc1100df768aa8,census-c01-extract-v1.1.0-20260528T003617Z,C0101,21,388,00000,000000,District - Ganjam,total,other,females,27
census-india-2011,sources/census-2011/c-series/state-mdds/c01-21-odisha.xls,3cfc1100df768aa8,census-c01-extract-v1.1.0-20260528T003617Z,C0101,21,388,00000,000000,District - Ganjam,total,not_stated,persons,4672
census-india-2011,sources/census-2011/c-series/state-mdds/c01-21-odisha.xls,3cfc1100df768aa8,census-c01-extract-v1.1.0-20260528T003617Z,C0101,21,388,00000,000000,District - Ganjam,total,not_stated,males,2421
census-india-2011,sources/census-2011/c-series/state-mdds/c01-21-odisha.xls,3cfc1100df768aa8,census-c01-extract-v1.1.0-20260528T003617Z,C0101,21,388,00000,000000,District - Ganjam,total,not_stated,females,2251
census-india-2011,sources/census-2011/c-series/state-mdds/c01-21-odisha.xls,3cfc1100df768aa8,census-c01-extract-v1.1.0-20260528T003617Z,C0101,21,388,00000,000000,District - Ganjam,rural,all,persons,2761030
census-india-2011,sources/census-2011/c-series/state-mdds/c01-21-odisha.xls,3cfc1100df768aa8,census-c01-extract-v1.1.0-20260528T003617Z,C0101,21,388,00000,000000,District - Ganjam,rural,all,males,1383636
census-india-2011,sources/census-2011/c-series/state-mdds/c01-21-odisha.xls,3cfc1100df768aa8,census-c01-extract-v1.1.0-20260528T003617Z,C0101,21,388,00000,000000,District - Ganjam,rural,all,females,1377394
census-india-2011,sources/census-2011/c-series/state-mdds/c01-21-odisha.xls,3cfc1100df768aa8,census-c01-extract-v1.1.0-20260528T003617Z,C0101,21,388,00000,000000,District - Ganjam,rural,hindu,persons,2736582
census-india-2011,sources/census-2011/c-series/state-mdds/c01-21-odisha.xls,3cfc1100df768aa8,census-c01-extract-v1.1.0-20260528T003617Z,C0101,21,388,00000,000000,District - Ganjam,rural,hindu,males,1371427
census-india-2011,sources/census-2011/c-series/state-mdds/c01-21-odisha.xls,3cfc1100df768aa8,census-c01-extract-v1.1.0-20260528T003617Z,C0101,21,388,00000,000000,District - Ganjam,rural,hindu,females,1365155
census-india-2011,sources/census-2011/c-series/state-mdds/c01-21-odisha.xls,3cfc1100df768aa8,census-c01-extract-v1.1.0-20260528T003617Z,C0101,21,388,00000,000000,District - Ganjam,rural,muslim,persons,3512
census-india-2011,sources/census-2011/c-series/state-mdds/c01-21-odisha.xls,3cfc1100df768aa8,census-c01-extract-v1.1.0-20260528T003617Z,C0101,21,388,00000,000000,District - Ganjam,rural,muslim,males,1747
census-india-2011,sources/census-2011/c-series/state-mdds/c01-21-odisha.xls,3cfc1100df768aa8,census-c01-extract-v1.1.0-20260528T003617Z,C0101,21,388,00000,000000,District - Ganjam,rural,muslim,females,1765
census-india-2011,sources/census-2011/c-series/state-mdds/c01-21-odisha.xls,3cfc1100df768aa8,census-c01-extract-v1.1.0-20260528T003617Z,C0101,21,388,00000,000000,District - Ganjam,rural,christian,persons,16935
census-india-2011,sources/census-2011/c-series/state-mdds/c01-21-odisha.xls,3cfc1100df768aa8,census-c01-extract-v1.1.0-20260528T003617Z,C0101,21,388,00000,000000,District - Ganjam,rural,christian,males,8399
census-india-2011,sources/census-2011/c-series/state-mdds/c01-21-odisha.xls,3cfc1100df768aa8,census-c01-extract-v1.1.0-20260528T003617Z,C0101,21,388,00000,000000,District - Ganjam,rural,christian,females,8536
census-india-2011,sources/census-2011/c-series/state-mdds/c01-21-odisha.xls,3cfc1100df768aa8,census-c01-extract-v1.1.0-20260528T003617Z,C0101,21,388,00000,000000,District - Ganjam,rural,sikh,persons,340
census-india-2011,sources/census-2011/c-series/state-mdds/c01-21-odisha.xls,3cfc1100df768aa8,census-c01-extract-v1.1.0-20260528T003617Z,C0101,21,388,00000,000000,District - Ganjam,rural,sikh,males,173
census-india-2011,sources/census-2011/c-series/state-mdds/c01-21-odisha.xls,3cfc1100df768aa8,census-c01-extract-v1.1.0-20260528T003617Z,C0101,21,388,00000,000000,District - Ganjam,rural,sikh,females,167
census-india-2011,sources/census-2011/c-series/state-mdds/c01-21-odisha.xls,3cfc1100df768aa8,census-c01-extract-v1.1.0-20260528T003617Z,C0101,21,388,00000,000000,District - Ganjam,rural,buddhist,persons,111
census-india-2011,sources/census-2011/c-series/state-mdds/c01-21-odisha.xls,3cfc1100df768aa8,census-c01-extract-v1.1.0-20260528T003617Z,C0101,21,388,00000,000000,District - Ganjam,rural,buddhist,males,64
census-india-2011,sources/census-2011/c-series/state-mdds/c01-21-odisha.xls,3cfc1100df768aa8,census-c01-extract-v1.1.0-20260528T003617Z,C0101,21,388,00000,000000,District - Ganjam,rural,buddhist,females,47
census-india-2011,sources/census-2011/c-series/state-mdds/c01-21-odisha.xls,3cfc1100df768aa8,census-c01-extract-v1.1.0-20260528T003617Z,C0101,21,388,00000,000000,District - Ganjam,rural,jain,persons,107
census-india-2011,sources/census-2011/c-series/state-mdds/c01-21-odisha.xls,3cfc1100df768aa8,census-c01-extract-v1.1.0-20260528T003617Z,C0101,21,388,00000,000000,District - Ganjam,rural,jain,males,45
census-india-2011,sources/census-2011/c-series/state-mdds/c01-21-odisha.xls,3cfc1100df768aa8,census-c01-extract-v1.1.0-20260528T003617Z,C0101,21,388,00000,000000,District - Ganjam,rural,jain,females,62
census-india-2011,sources/census-2011/c-series/state-mdds/c01-21-odisha.xls,3cfc1100df768aa8,census-c01-extract-v1.1.0-20260528T003617Z,C0101,21,388,00000,000000,District - Ganjam,rural,other,persons,32
census-india-2011,sources/census-2011/c-series/state-mdds/c01-21-odisha.xls,3cfc1100df768aa8,census-c01-extract-v1.1.0-20260528T003617Z,C0101,21,388,00000,000000,District - Ganjam,rural,other,males,12
census-india-2011,sources/census-2011/c-series/state-mdds/c01-21-odisha.xls,3cfc1100df768aa8,census-c01-extract-v1.1.0-20260528T003617Z,C0101,21,388,00000,000000,District - Ganjam,rural,other,females,20
census-india-2011,sources/census-2011/c-series/state-mdds/c01-21-odisha.xls,3cfc1100df768aa8,census-c01-extract-v1.1.0-20260528T003617Z,C0101,21,388,00000,000000,District - Ganjam,rural,not_stated,persons,3411
census-india-2011,sources/census-2011/c-series/state-mdds/c01-21-odisha.xls,3cfc1100df768aa8,census-c01-extract-v1.1.0-20260528T003617Z,C0101,21,388,00000,000000,District - Ganjam,rural,not_stated,males,1769
census-india-2011,sources/census-2011/c-series/state-mdds/c01-21-odisha.xls,3cfc1100df768aa8,census-c01-extract-v1.1.0-20260528T003617Z,C0101,21,388,00000,000000,District - Ganjam,rural,not_stated,females,1642
census-india-2011,sources/census-2011/c-series/state-mdds/c01-21-odisha.xls,3cfc1100df768aa8,census-c01-extract-v1.1.0-20260528T003617Z,C0101,21,388,00000,000000,District - Ganjam,urban,all,persons,768001
census-india-2011,sources/census-2011/c-series/state-mdds/c01-21-odisha.xls,3cfc1100df768aa8,census-c01-extract-v1.1.0-20260528T003617Z,C0101,21,388,00000,000000,District - Ganjam,urban,all,males,395582
census-india-2011,sources/census-2011/c-series/state-mdds/c01-21-odisha.xls,3cfc1100df768aa8,census-c01-extract-v1.1.0-20260528T003617Z,C0101,21,388,00000,000000,District - Ganjam,urban,all,females,372419
census-india-2011,sources/census-2011/c-series/state-mdds/c01-21-odisha.xls,3cfc1100df768aa8,census-c01-extract-v1.1.0-20260528T003617Z,C0101,21,388,00000,000000,District - Ganjam,urban,hindu,persons,749477
census-india-2011,sources/census-2011/c-series/state-mdds/c01-21-odisha.xls,3cfc1100df768aa8,census-c01-extract-v1.1.0-20260528T003617Z,C0101,21,388,00000,000000,District - Ganjam,urban,hindu,males,386125
census-india-2011,sources/census-2011/c-series/state-mdds/c01-21-odisha.xls,3cfc1100df768aa8,census-c01-extract-v1.1.0-20260528T003617Z,C0101,21,388,00000,000000,District - Ganjam,urban,hindu,females,363352
census-india-2011,sources/census-2011/c-series/state-mdds/c01-21-odisha.xls,3cfc1100df768aa8,census-c01-extract-v1.1.0-20260528T003617Z,C0101,21,388,00000,000000,District - Ganjam,urban,muslim,persons,9803
census-india-2011,sources/census-2011/c-series/state-mdds/c01-21-odisha.xls,3cfc1100df768aa8,census-c01-extract-v1.1.0-20260528T003617Z,C0101,21,388,00000,000000,District - Ganjam,urban,muslim,males,5143
census-india-2011,sources/census-2011/c-series/state-mdds/c01-21-odisha.xls,3cfc1100df768aa8,census-c01-extract-v1.1.0-20260528T003617Z,C0101,21,388,00000,000000,District - Ganjam,urban,muslim,females,4660
census-india-2011,sources/census-2011/c-series/state-mdds/c01-21-odisha.xls,3cfc1100df768aa8,census-c01-extract-v1.1.0-20260528T003617Z,C0101,21,388,00000,000000,District - Ganjam,urban,christian,persons,7040
census-india-2011,sources/census-2011/c-series/state-mdds/c01-21-odisha.xls,3cfc1100df768aa8,census-c01-extract-v1.1.0-20260528T003617Z,C0101,21,388,00000,000000,District - Ganjam,urban,christian,males,3446
census-india-2011,sources/census-2011/c-series/state-mdds/c01-21-odisha.xls,3cfc1100df768aa8,census-c01-extract-v1.1.0-20260528T003617Z,C0101,21,388,00000,000000,District - Ganjam,urban,christian,females,3594
census-india-2011,sources/census-2011/c-series/state-mdds/c01-21-odisha.xls,3cfc1100df768aa8,census-c01-extract-v1.1.0-20260528T003617Z,C0101,21,388,00000,000000,District - Ganjam,urban,sikh,persons,250
census-india-2011,sources/census-2011/c-series/state-mdds/c01-21-odisha.xls,3cfc1100df768aa8,census-c01-extract-v1.1.0-20260528T003617Z,C0101,21,388,00000,000000,District - Ganjam,urban,sikh,males,126
census-india-2011,sources/census-2011/c-series/state-mdds/c01-21-odisha.xls,3cfc1100df768aa8,census-c01-extract-v1.1.0-20260528T003617Z,C0101,21,388,00000,000000,District - Ganjam,urban,sikh,females,124
census-india-2011,sources/census-2011/c-series/state-mdds/c01-21-odisha.xls,3cfc1100df768aa8,census-c01-extract-v1.1.0-20260528T003617Z,C0101,21,388,00000,000000,District - Ganjam,urban,buddhist,persons,63
census-india-2011,sources/census-2011/c-series/state-mdds/c01-21-odisha.xls,3cfc1100df768aa8,census-c01-extract-v1.1.0-20260528T003617Z,C0101,21,388,00000,000000,District - Ganjam,urban,buddhist,males,26
census-india-2011,sources/census-2011/c-series/state-mdds/c01-21-odisha.xls,3cfc1100df768aa8,census-c01-extract-v1.1.0-20260528T003617Z,C0101,21,388,00000,000000,District - Ganjam,urban,buddhist,females,37
census-india-2011,sources/census-2011/c-series/state-mdds/c01-21-odisha.xls,3cfc1100df768aa8,census-c01-extract-v1.1.0-20260528T003617Z,C0101,21,388,00000,000000,District - Ganjam,urban,jain,persons,63
census-india-2011,sources/census-2011/c-series/state-mdds/c01-21-odisha.xls,3cfc1100df768aa8,census-c01-extract-v1.1.0-20260528T003617Z,C0101,21,388,00000,000000,District - Ganjam,urban,jain,males,27
census-india-2011,sources/census-2011/c-series/state-mdds/c01-21-odisha.xls,3cfc1100df768aa8,census-c01-extract-v1.1.0-20260528T003617Z,C0101,21,388,00000,000000,District - Ganjam,urban,jain,females,36
census-india-2011,sources/census-2011/c-series/state-mdds/c01-21-odisha.xls,3cfc1100df768aa8,census-c01-extract-v1.1.0-20260528T003617Z,C0101,21,388,00000,000000,District - Ganjam,urban,other,persons,44
census-india-2011,sources/census-2011/c-series/state-mdds/c01-21-odisha.xls,3cfc1100df768aa8,census-c01-extract-v1.1.0-20260528T003617Z,C0101,21,388,00000,000000,District - Ganjam,urban,other,males,37
census-india-2011,sources/census-2011/c-series/state-mdds/c01-21-odisha.xls,3cfc1100df768aa8,census-c01-extract-v1.1.0-20260528T003617Z,C0101,21,388,00000,000000,District - Ganjam,urban,other,females,7
census-india-2011,sources/census-2011/c-series/state-mdds/c01-21-odisha.xls,3cfc1100df768aa8,census-c01-extract-v1.1.0-20260528T003617Z,C0101,21,388,00000,000000,District - Ganjam,urban,not_stated,persons,1261
census-india-2011,sources/census-2011/c-series/state-mdds/c01-21-odisha.xls,3cfc1100df768aa8,census-c01-extract-v1.1.0-20260528T003617Z,C0101,21,388,00000,000000,District - Ganjam,urban,not_stated,males,652
census-india-2011,sources/census-2011/c-series/state-mdds/c01-21-odisha.xls,3cfc1100df768aa8,census-c01-extract-v1.1.0-20260528T003617Z,C0101,21,388,00000,000000,District - Ganjam,urban,not_stated,females,609
census-india-2011,sources/census-2011/c-series/state-mdds/c01-21-odisha.xls,3cfc1100df768aa8,census-c01-extract-v1.1.0-20260528T003617Z,C0101,21,389,00000,000000,District - Gajapati,total,all,persons,577817
census-india-2011,sources/census-2011/c-series/state-mdds/c01-21-odisha.xls,3cfc1100df768aa8,census-c01-extract-v1.1.0-20260528T003617Z,C0101,21,389,00000,000000,District - Gajapati,total,all,males,282882
census-india-2011,sources/census-2011/c-series/state-mdds/c01-21-odisha.xls,3cfc1100df768aa8,census-c01-extract-v1.1.0-20260528T003617Z,C0101,21,389,00000,000000,District - Gajapati,total,all,females,294935
census-india-2011,sources/census-2011/c-series/state-mdds/c01-21-odisha.xls,3cfc1100df768aa8,census-c01-extract-v1.1.0-20260528T003617Z,C0101,21,389,00000,000000,District - Gajapati,total,hindu,persons,353160
census-india-2011,sources/census-2011/c-series/state-mdds/c01-21-odisha.xls,3cfc1100df768aa8,census-c01-extract-v1.1.0-20260528T003617Z,C0101,21,389,00000,000000,District - Gajapati,total,hindu,males,173383
census-india-2011,sources/census-2011/c-series/state-mdds/c01-21-odisha.xls,3cfc1100df768aa8,census-c01-extract-v1.1.0-20260528T003617Z,C0101,21,389,00000,000000,District - Gajapati,total,hindu,females,179777
census-india-2011,sources/census-2011/c-series/state-mdds/c01-21-odisha.xls,3cfc1100df768aa8,census-c01-extract-v1.1.0-20260528T003617Z,C0101,21,389,00000,000000,District - Gajapati,total,muslim,persons,1556
census-india-2011,sources/census-2011/c-series/state-mdds/c01-21-odisha.xls,3cfc1100df768aa8,census-c01-extract-v1.1.0-20260528T003617Z,C0101,21,389,00000,000000,District - Gajapati,total,muslim,males,770
census-india-2011,sources/census-2011/c-series/state-mdds/c01-21-odisha.xls,3cfc1100df768aa8,census-c01-extract-v1.1.0-20260528T003617Z,C0101,21,389,00000,000000,District - Gajapati,total,muslim,females,786
census-india-2011,sources/census-2011/c-series/state-mdds/c01-21-odisha.xls,3cfc1100df768aa8,census-c01-extract-v1.1.0-20260528T003617Z,C0101,21,389,00000,000000,District - Gajapati,total,christian,persons,219482
census-india-2011,sources/census-2011/c-series/state-mdds/c01-21-odisha.xls,3cfc1100df768aa8,census-c01-extract-v1.1.0-20260528T003617Z,C0101,21,389,00000,000000,District - Gajapati,total,christian,males,106952
census-india-2011,sources/census-2011/c-series/state-mdds/c01-21-odisha.xls,3cfc1100df768aa8,census-c01-extract-v1.1.0-20260528T003617Z,C0101,21,389,00000,000000,District - Gajapati,total,christian,females,112530
census-india-2011,sources/census-2011/c-series/state-mdds/c01-21-odisha.xls,3cfc1100df768aa8,census-c01-extract-v1.1.0-20260528T003617Z,C0101,21,389,00000,000000,District - Gajapati,total,sikh,persons,53
census-india-2011,sources/census-2011/c-series/state-mdds/c01-21-odisha.xls,3cfc1100df768aa8,census-c01-extract-v1.1.0-20260528T003617Z,C0101,21,389,00000,000000,District - Gajapati,total,sikh,males,20
census-india-2011,sources/census-2011/c-series/state-mdds/c01-21-odisha.xls,3cfc1100df768aa8,census-c01-extract-v1.1.0-20260528T003617Z,C0101,21,389,00000,000000,District - Gajapati,total,sikh,females,33
census-india-2011,sources/census-2011/c-series/state-mdds/c01-21-odisha.xls,3cfc1100df768aa8,census-c01-extract-v1.1.0-20260528T003617Z,C0101,21,389,00000,000000,District - Gajapati,total,buddhist,persons,2180
census-india-2011,sources/census-2011/c-series/state-mdds/c01-21-odisha.xls,3cfc1100df768aa8,census-c01-extract-v1.1.0-20260528T003617Z,C0101,21,389,00000,000000,District - Gajapati,total,buddhist,males,1107
census-india-2011,sources/census-2011/c-series/state-mdds/c01-21-odisha.xls,3cfc1100df768aa8,census-c01-extract-v1.1.0-20260528T003617Z,C0101,21,389,00000,000000,District - Gajapati,total,buddhist,females,1073
census-india-2011,sources/census-2011/c-series/state-mdds/c01-21-odisha.xls,3cfc1100df768aa8,census-c01-extract-v1.1.0-20260528T003617Z,C0101,21,389,00000,000000,District - Gajapati,total,jain,persons,66
census-india-2011,sources/census-2011/c-series/state-mdds/c01-21-odisha.xls,3cfc1100df768aa8,census-c01-extract-v1.1.0-20260528T003617Z,C0101,21,389,00000,000000,District - Gajapati,total,jain,males,41
census-india-2011,sources/census-2011/c-series/state-mdds/c01-21-odisha.xls,3cfc1100df768aa8,census-c01-extract-v1.1.0-20260528T003617Z,C0101,21,389,00000,000000,District - Gajapati,total,jain,females,25
census-india-2011,sources/census-2011/c-series/state-mdds/c01-21-odisha.xls,3cfc1100df768aa8,census-c01-extract-v1.1.0-20260528T003617Z,C0101,21,389,00000,000000,District - Gajapati,total,other,persons,4
census-india-2011,sources/census-2011/c-series/state-mdds/c01-21-odisha.xls,3cfc1100df768aa8,census-c01-extract-v1.1.0-20260528T003617Z,C0101,21,389,00000,000000,District - Gajapati,total,other,males,2
census-india-2011,sources/census-2011/c-series/state-mdds/c01-21-odisha.xls,3cfc1100df768aa8,census-c01-extract-v1.1.0-20260528T003617Z,C0101,21,389,00000,000000,District - Gajapati,total,other,females,2
census-india-2011,sources/census-2011/c-series/state-mdds/c01-21-odisha.xls,3cfc1100df768aa8,census-c01-extract-v1.1.0-20260528T003617Z,C0101,21,389,00000,000000,District - Gajapati,total,not_stated,persons,1316
census-india-2011,sources/census-2011/c-series/state-mdds/c01-21-odisha.xls,3cfc1100df768aa8,census-c01-extract-v1.1.0-20260528T003617Z,C0101,21,389,00000,000000,District - Gajapati,total,not_stated,males,607
census-india-2011,sources/census-2011/c-series/state-mdds/c01-21-odisha.xls,3cfc1100df768aa8,census-c01-extract-v1.1.0-20260528T003617Z,C0101,21,389,00000,000000,District - Gajapati,total,not_stated,females,709
census-india-2011,sources/census-2011/c-series/state-mdds/c01-21-odisha.xls,3cfc1100df768aa8,census-c01-extract-v1.1.0-20260528T003617Z,C0101,21,389,00000,000000,District - Gajapati,rural,all,persons,507151
census-india-2011,sources/census-2011/c-series/state-mdds/c01-21-odisha.xls,3cfc1100df768aa8,census-c01-extract-v1.1.0-20260528T003617Z,C0101,21,389,00000,000000,District - Gajapati,rural,all,males,247655
census-india-2011,sources/census-2011/c-series/state-mdds/c01-21-odisha.xls,3cfc1100df768aa8,census-c01-extract-v1.1.0-20260528T003617Z,C0101,21,389,00000,000000,District - Gajapati,rural,all,females,259496
census-india-2011,sources/census-2011/c-series/state-mdds/c01-21-odisha.xls,3cfc1100df768aa8,census-c01-extract-v1.1.0-20260528T003617Z,C0101,21,389,00000,000000,District - Gajapati,rural,hindu,persons,289535
census-india-2011,sources/census-2011/c-series/state-mdds/c01-21-odisha.xls,3cfc1100df768aa8,census-c01-extract-v1.1.0-20260528T003617Z,C0101,21,389,00000,000000,District - Gajapati,rural,hindu,males,141704
census-india-2011,sources/census-2011/c-series/state-mdds/c01-21-odisha.xls,3cfc1100df768aa8,census-c01-extract-v1.1.0-20260528T003617Z,C0101,21,389,00000,000000,District - Gajapati,rural,hindu,females,147831
census-india-2011,sources/census-2011/c-series/state-mdds/c01-21-odisha.xls,3cfc1100df768aa8,census-c01-extract-v1.1.0-20260528T003617Z,C0101,21,389,00000,000000,District - Gajapati,rural,muslim,persons,1050
census-india-2011,sources/census-2011/c-series/state-mdds/c01-21-odisha.xls,3cfc1100df768aa8,census-c01-extract-v1.1.0-20260528T003617Z,C0101,21,389,00000,000000,District - Gajapati,rural,muslim,males,523
census-india-2011,sources/census-2011/c-series/state-mdds/c01-21-odisha.xls,3cfc1100df768aa8,census-c01-extract-v1.1.0-20260528T003617Z,C0101,21,389,00000,000000,District - Gajapati,rural,muslim,females,527
census-india-2011,sources/census-2011/c-series/state-mdds/c01-21-odisha.xls,3cfc1100df768aa8,census-c01-extract-v1.1.0-20260528T003617Z,C0101,21,389,00000,000000,District - Gajapati,rural,christian,persons,213176
census-india-2011,sources/census-2011/c-series/state-mdds/c01-21-odisha.xls,3cfc1100df768aa8,census-c01-extract-v1.1.0-20260528T003617Z,C0101,21,389,00000,000000,District - Gajapati,rural,christian,males,103754
census-india-2011,sources/census-2011/c-series/state-mdds/c01-21-odisha.xls,3cfc1100df768aa8,census-c01-extract-v1.1.0-20260528T003617Z,C0101,21,389,00000,000000,District - Gajapati,rural,christian,females,109422
census-india-2011,sources/census-2011/c-series/state-mdds/c01-21-odisha.xls,3cfc1100df768aa8,census-c01-extract-v1.1.0-20260528T003617Z,C0101,21,389,00000,000000,District - Gajapati,rural,sikh,persons,41
census-india-2011,sources/census-2011/c-series/state-mdds/c01-21-odisha.xls,3cfc1100df768aa8,census-c01-extract-v1.1.0-20260528T003617Z,C0101,21,389,00000,000000,District - Gajapati,rural,sikh,males,13
census-india-2011,sources/census-2011/c-series/state-mdds/c01-21-odisha.xls,3cfc1100df768aa8,census-c01-extract-v1.1.0-20260528T003617Z,C0101,21,389,00000,000000,District - Gajapati,rural,sikh,females,28
census-india-2011,sources/census-2011/c-series/state-mdds/c01-21-odisha.xls,3cfc1100df768aa8,census-c01-extract-v1.1.0-20260528T003617Z,C0101,21,389,00000,000000,District - Gajapati,rural,buddhist,persons,2162
census-india-2011,sources/census-2011/c-series/state-mdds/c01-21-odisha.xls,3cfc1100df768aa8,census-c01-extract-v1.1.0-20260528T003617Z,C0101,21,389,00000,000000,District - Gajapati,rural,buddhist,males,1097
census-india-2011,sources/census-2011/c-series/state-mdds/c01-21-odisha.xls,3cfc1100df768aa8,census-c01-extract-v1.1.0-20260528T003617Z,C0101,21,389,00000,000000,District - Gajapati,rural,buddhist,females,1065
census-india-2011,sources/census-2011/c-series/state-mdds/c01-21-odisha.xls,3cfc1100df768aa8,census-c01-extract-v1.1.0-20260528T003617Z,C0101,21,389,00000,000000,District - Gajapati,rural,jain,persons,60
census-india-2011,sources/census-2011/c-series/state-mdds/c01-21-odisha.xls,3cfc1100df768aa8,census-c01-extract-v1.1.0-20260528T003617Z,C0101,21,389,00000,000000,District - Gajapati,rural,jain,males,35
census-india-2011,sources/census-2011/c-series/state-mdds/c01-21-odisha.xls,3cfc1100df768aa8,census-c01-extract-v1.1.0-20260528T003617Z,C0101,21,389,00000,000000,District - Gajapati,rural,jain,females,25
census-india-2011,sources/census-2011/c-series/state-mdds/c01-21-odisha.xls,3cfc1100df768aa8,census-c01-extract-v1.1.0-20260528T003617Z,C0101,21,389,00000,000000,District - Gajapati,rural,other,persons,4
census-india-2011,sources/census-2011/c-series/state-mdds/c01-21-odisha.xls,3cfc1100df768aa8,census-c01-extract-v1.1.0-20260528T003617Z,C0101,21,389,00000,000000,District - Gajapati,rural,other,males,2
census-india-2011,sources/census-2011/c-series/state-mdds/c01-21-odisha.xls,3cfc1100df768aa8,census-c01-extract-v1.1.0-20260528T003617Z,C0101,21,389,00000,000000,District - Gajapati,rural,other,females,2
census-india-2011,sources/census-2011/c-series/state-mdds/c01-21-odisha.xls,3cfc1100df768aa8,census-c01-extract-v1.1.0-20260528T003617Z,C0101,21,389,00000,000000,District - Gajapati,rural,not_stated,persons,1123
census-india-2011,sources/census-2011/c-series/state-mdds/c01-21-odisha.xls,3cfc1100df768aa8,census-c01-extract-v1.1.0-20260528T003617Z,C0101,21,389,00000,000000,District - Gajapati,rural,not_stated,males,527
census-india-2011,sources/census-2011/c-series/state-mdds/c01-21-odisha.xls,3cfc1100df768aa8,census-c01-extract-v1.1.0-20260528T003617Z,C0101,21,389,00000,000000,District - Gajapati,rural,not_stated,females,596
census-india-2011,sources/census-2011/c-series/state-mdds/c01-21-odisha.xls,3cfc1100df768aa8,census-c01-extract-v1.1.0-20260528T003617Z,C0101,21,389,00000,000000,District - Gajapati,urban,all,persons,70666
census-india-2011,sources/census-2011/c-series/state-mdds/c01-21-odisha.xls,3cfc1100df768aa8,census-c01-extract-v1.1.0-20260528T003617Z,C0101,21,389,00000,000000,District - Gajapati,urban,all,males,35227
census-india-2011,sources/census-2011/c-series/state-mdds/c01-21-odisha.xls,3cfc1100df768aa8,census-c01-extract-v1.1.0-20260528T003617Z,C0101,21,389,00000,000000,District - Gajapati,urban,all,females,35439
census-india-2011,sources/census-2011/c-series/state-mdds/c01-21-odisha.xls,3cfc1100df768aa8,census-c01-extract-v1.1.0-20260528T003617Z,C0101,21,389,00000,000000,District - Gajapati,urban,hindu,persons,63625
census-india-2011,sources/census-2011/c-series/state-mdds/c01-21-odisha.xls,3cfc1100df768aa8,census-c01-extract-v1.1.0-20260528T003617Z,C0101,21,389,00000,000000,District - Gajapati,urban,hindu,males,31679
census-india-2011,sources/census-2011/c-series/state-mdds/c01-21-odisha.xls,3cfc1100df768aa8,census-c01-extract-v1.1.0-20260528T003617Z,C0101,21,389,00000,000000,District - Gajapati,urban,hindu,females,31946
census-india-2011,sources/census-2011/c-series/state-mdds/c01-21-odisha.xls,3cfc1100df768aa8,census-c01-extract-v1.1.0-20260528T003617Z,C0101,21,389,00000,000000,District - Gajapati,urban,muslim,persons,506
census-india-2011,sources/census-2011/c-series/state-mdds/c01-21-odisha.xls,3cfc1100df768aa8,census-c01-extract-v1.1.0-20260528T003617Z,C0101,21,389,00000,000000,District - Gajapati,urban,muslim,males,247
census-india-2011,sources/census-2011/c-series/state-mdds/c01-21-odisha.xls,3cfc1100df768aa8,census-c01-extract-v1.1.0-20260528T003617Z,C0101,21,389,00000,000000,District - Gajapati,urban,muslim,females,259
census-india-2011,sources/census-2011/c-series/state-mdds/c01-21-odisha.xls,3cfc1100df768aa8,census-c01-extract-v1.1.0-20260528T003617Z,C0101,21,389,00000,000000,District - Gajapati,urban,christian,persons,6306
census-india-2011,sources/census-2011/c-series/state-mdds/c01-21-odisha.xls,3cfc1100df768aa8,census-c01-extract-v1.1.0-20260528T003617Z,C0101,21,389,00000,000000,District - Gajapati,urban,christian,males,3198
census-india-2011,sources/census-2011/c-series/state-mdds/c01-21-odisha.xls,3cfc1100df768aa8,census-c01-extract-v1.1.0-20260528T003617Z,C0101,21,389,00000,000000,District - Gajapati,urban,christian,females,3108
census-india-2011,sources/census-2011/c-series/state-mdds/c01-21-odisha.xls,3cfc1100df768aa8,census-c01-extract-v1.1.0-20260528T003617Z,C0101,21,389,00000,000000,District - Gajapati,urban,sikh,persons,12
census-india-2011,sources/census-2011/c-series/state-mdds/c01-21-odisha.xls,3cfc1100df768aa8,census-c01-extract-v1.1.0-20260528T003617Z,C0101,21,389,00000,000000,District - Gajapati,urban,sikh,males,7
census-india-2011,sources/census-2011/c-series/state-mdds/c01-21-odisha.xls,3cfc1100df768aa8,census-c01-extract-v1.1.0-20260528T003617Z,C0101,21,389,00000,000000,District - Gajapati,urban,sikh,females,5
census-india-2011,sources/census-2011/c-series/state-mdds/c01-21-odisha.xls,3cfc1100df768aa8,census-c01-extract-v1.1.0-20260528T003617Z,C0101,21,389,00000,000000,District - Gajapati,urban,buddhist,persons,18
census-india-2011,sources/census-2011/c-series/state-mdds/c01-21-odisha.xls,3cfc1100df768aa8,census-c01-extract-v1.1.0-20260528T003617Z,C0101,21,389,00000,000000,District - Gajapati,urban,buddhist,males,10
census-india-2011,sources/census-2011/c-series/state-mdds/c01-21-odisha.xls,3cfc1100df768aa8,census-c01-extract-v1.1.0-20260528T003617Z,C0101,21,389,00000,000000,District - Gajapati,urban,buddhist,females,8
census-india-2011,sources/census-2011/c-series/state-mdds/c01-21-odisha.xls,3cfc1100df768aa8,census-c01-extract-v1.1.0-20260528T003617Z,C0101,21,389,00000,000000,District - Gajapati,urban,jain,persons,6
census-india-2011,sources/census-2011/c-series/state-mdds/c01-21-odisha.xls,3cfc1100df768aa8,census-c01-extract-v1.1.0-20260528T003617Z,C0101,21,389,00000,000000,District - Gajapati,urban,jain,males,6
census-india-2011,sources/census-2011/c-series/state-mdds/c01-21-odisha.xls,3cfc1100df768aa8,census-c01-extract-v1.1.0-20260528T003617Z,C0101,21,389,00000,000000,District - Gajapati,urban,jain,females,0
census-india-2011,sources/census-2011/c-series/state-mdds/c01-21-odisha.xls,3cfc1100df768aa8,census-c01-extract-v1.1.0-20260528T003617Z,C0101,21,389,00000,000000,District - Gajapati,urban,other,persons,0
census-india-2011,sources/census-2011/c-series/state-mdds/c01-21-odisha.xls,3cfc1100df768aa8,census-c01-extract-v1.1.0-20260528T003617Z,C0101,21,389,00000,000000,District - Gajapati,urban,other,males,0
census-india-2011,sources/census-2011/c-series/state-mdds/c01-21-odisha.xls,3cfc1100df768aa8,census-c01-extract-v1.1.0-20260528T003617Z,C0101,21,389,00000,000000,District - Gajapati,urban,other,females,0
census-india-2011,sources/census-2011/c-series/state-mdds/c01-21-odisha.xls,3cfc1100df768aa8,census-c01-extract-v1.1.0-20260528T003617Z,C0101,21,389,00000,000000,District - Gajapati,urban,not_stated,persons,193
census-india-2011,sources/census-2011/c-series/state-mdds/c01-21-odisha.xls,3cfc1100df768aa8,census-c01-extract-v1.1.0-20260528T003617Z,C0101,21,389,00000,000000,District - Gajapati,urban,not_stated,males,80
census-india-2011,sources/census-2011/c-series/state-mdds/c01-21-odisha.xls,3cfc1100df768aa8,census-c01-extract-v1.1.0-20260528T003617Z,C0101,21,389,00000,000000,District - Gajapati,urban,not_stated,females,113
census-india-2011,sources/census-2011/c-series/state-mdds/c01-21-odisha.xls,3cfc1100df768aa8,census-c01-extract-v1.1.0-20260528T003617Z,C0101,21,390,00000,000000,District - Kandhamal,total,all,persons,733110
census-india-2011,sources/census-2011/c-series/state-mdds/c01-21-odisha.xls,3cfc1100df768aa8,census-c01-extract-v1.1.0-20260528T003617Z,C0101,21,390,00000,000000,District - Kandhamal,total,all,males,359945
census-india-2011,sources/census-2011/c-series/state-mdds/c01-21-odisha.xls,3cfc1100df768aa8,census-c01-extract-v1.1.0-20260528T003617Z,C0101,21,390,00000,000000,District - Kandhamal,total,all,females,373165
census-india-2011,sources/census-2011/c-series/state-mdds/c01-21-odisha.xls,3cfc1100df768aa8,census-c01-extract-v1.1.0-20260528T003617Z,C0101,21,390,00000,000000,District - Kandhamal,total,hindu,persons,580300
census-india-2011,sources/census-2011/c-series/state-mdds/c01-21-odisha.xls,3cfc1100df768aa8,census-c01-extract-v1.1.0-20260528T003617Z,C0101,21,390,00000,000000,District - Kandhamal,total,hindu,males,285574
census-india-2011,sources/census-2011/c-series/state-mdds/c01-21-odisha.xls,3cfc1100df768aa8,census-c01-extract-v1.1.0-20260528T003617Z,C0101,21,390,00000,000000,District - Kandhamal,total,hindu,females,294726
census-india-2011,sources/census-2011/c-series/state-mdds/c01-21-odisha.xls,3cfc1100df768aa8,census-c01-extract-v1.1.0-20260528T003617Z,C0101,21,390,00000,000000,District - Kandhamal,total,muslim,persons,2138
census-india-2011,sources/census-2011/c-series/state-mdds/c01-21-odisha.xls,3cfc1100df768aa8,census-c01-extract-v1.1.0-20260528T003617Z,C0101,21,390,00000,000000,District - Kandhamal,total,muslim,males,1069
census-india-2011,sources/census-2011/c-series/state-mdds/c01-21-odisha.xls,3cfc1100df768aa8,census-c01-extract-v1.1.0-20260528T003617Z,C0101,21,390,00000,000000,District - Kandhamal,total,muslim,females,1069
census-india-2011,sources/census-2011/c-series/state-mdds/c01-21-odisha.xls,3cfc1100df768aa8,census-c01-extract-v1.1.0-20260528T003617Z,C0101,21,390,00000,000000,District - Kandhamal,total,christian,persons,148895
census-india-2011,sources/census-2011/c-series/state-mdds/c01-21-odisha.xls,3cfc1100df768aa8,census-c01-extract-v1.1.0-20260528T003617Z,C0101,21,390,00000,000000,District - Kandhamal,total,christian,males,72452
census-india-2011,sources/census-2011/c-series/state-mdds/c01-21-odisha.xls,3cfc1100df768aa8,census-c01-extract-v1.1.0-20260528T003617Z,C0101,21,390,00000,000000,District - Kandhamal,total,christian,females,76443
census-india-2011,sources/census-2011/c-series/state-mdds/c01-21-odisha.xls,3cfc1100df768aa8,census-c01-extract-v1.1.0-20260528T003617Z,C0101,21,390,00000,000000,District - Kandhamal,total,sikh,persons,82
census-india-2011,sources/census-2011/c-series/state-mdds/c01-21-odisha.xls,3cfc1100df768aa8,census-c01-extract-v1.1.0-20260528T003617Z,C0101,21,390,00000,000000,District - Kandhamal,total,sikh,males,34
census-india-2011,sources/census-2011/c-series/state-mdds/c01-21-odisha.xls,3cfc1100df768aa8,census-c01-extract-v1.1.0-20260528T003617Z,C0101,21,390,00000,000000,District - Kandhamal,total,sikh,females,48
census-india-2011,sources/census-2011/c-series/state-mdds/c01-21-odisha.xls,3cfc1100df768aa8,census-c01-extract-v1.1.0-20260528T003617Z,C0101,21,390,00000,000000,District - Kandhamal,total,buddhist,persons,290
census-india-2011,sources/census-2011/c-series/state-mdds/c01-21-odisha.xls,3cfc1100df768aa8,census-c01-extract-v1.1.0-20260528T003617Z,C0101,21,390,00000,000000,District - Kandhamal,total,buddhist,males,134
census-india-2011,sources/census-2011/c-series/state-mdds/c01-21-odisha.xls,3cfc1100df768aa8,census-c01-extract-v1.1.0-20260528T003617Z,C0101,21,390,00000,000000,District - Kandhamal,total,buddhist,females,156
census-india-2011,sources/census-2011/c-series/state-mdds/c01-21-odisha.xls,3cfc1100df768aa8,census-c01-extract-v1.1.0-20260528T003617Z,C0101,21,390,00000,000000,District - Kandhamal,total,jain,persons,47
census-india-2011,sources/census-2011/c-series/state-mdds/c01-21-odisha.xls,3cfc1100df768aa8,census-c01-extract-v1.1.0-20260528T003617Z,C0101,21,390,00000,000000,District - Kandhamal,total,jain,males,21
census-india-2011,sources/census-2011/c-series/state-mdds/c01-21-odisha.xls,3cfc1100df768aa8,census-c01-extract-v1.1.0-20260528T003617Z,C0101,21,390,00000,000000,District - Kandhamal,total,jain,females,26
census-india-2011,sources/census-2011/c-series/state-mdds/c01-21-odisha.xls,3cfc1100df768aa8,census-c01-extract-v1.1.0-20260528T003617Z,C0101,21,390,00000,000000,District - Kandhamal,total,other,persons,23
census-india-2011,sources/census-2011/c-series/state-mdds/c01-21-odisha.xls,3cfc1100df768aa8,census-c01-extract-v1.1.0-20260528T003617Z,C0101,21,390,00000,000000,District - Kandhamal,total,other,males,11
census-india-2011,sources/census-2011/c-series/state-mdds/c01-21-odisha.xls,3cfc1100df768aa8,census-c01-extract-v1.1.0-20260528T003617Z,C0101,21,390,00000,000000,District - Kandhamal,total,other,females,12
census-india-2011,sources/census-2011/c-series/state-mdds/c01-21-odisha.xls,3cfc1100df768aa8,census-c01-extract-v1.1.0-20260528T003617Z,C0101,21,390,00000,000000,District - Kandhamal,total,not_stated,persons,1335
census-india-2011,sources/census-2011/c-series/state-mdds/c01-21-odisha.xls,3cfc1100df768aa8,census-c01-extract-v1.1.0-20260528T003617Z,C0101,21,390,00000,000000,District - Kandhamal,total,not_stated,males,650
census-india-2011,sources/census-2011/c-series/state-mdds/c01-21-odisha.xls,3cfc1100df768aa8,census-c01-extract-v1.1.0-20260528T003617Z,C0101,21,390,00000,000000,District - Kandhamal,total,not_stated,females,685
census-india-2011,sources/census-2011/c-series/state-mdds/c01-21-odisha.xls,3cfc1100df768aa8,census-c01-extract-v1.1.0-20260528T003617Z,C0101,21,390,00000,000000,District - Kandhamal,rural,all,persons,660831
census-india-2011,sources/census-2011/c-series/state-mdds/c01-21-odisha.xls,3cfc1100df768aa8,census-c01-extract-v1.1.0-20260528T003617Z,C0101,21,390,00000,000000,District - Kandhamal,rural,all,males,323523
census-india-2011,sources/census-2011/c-series/state-mdds/c01-21-odisha.xls,3cfc1100df768aa8,census-c01-extract-v1.1.0-20260528T003617Z,C0101,21,390,00000,000000,District - Kandhamal,rural,all,females,337308
census-india-2011,sources/census-2011/c-series/state-mdds/c01-21-odisha.xls,3cfc1100df768aa8,census-c01-extract-v1.1.0-20260528T003617Z,C0101,21,390,00000,000000,District - Kandhamal,rural,hindu,persons,516406
census-india-2011,sources/census-2011/c-series/state-mdds/c01-21-odisha.xls,3cfc1100df768aa8,census-c01-extract-v1.1.0-20260528T003617Z,C0101,21,390,00000,000000,District - Kandhamal,rural,hindu,males,253032
census-india-2011,sources/census-2011/c-series/state-mdds/c01-21-odisha.xls,3cfc1100df768aa8,census-c01-extract-v1.1.0-20260528T003617Z,C0101,21,390,00000,000000,District - Kandhamal,rural,hindu,females,263374
census-india-2011,sources/census-2011/c-series/state-mdds/c01-21-odisha.xls,3cfc1100df768aa8,census-c01-extract-v1.1.0-20260528T003617Z,C0101,21,390,00000,000000,District - Kandhamal,rural,muslim,persons,941
census-india-2011,sources/census-2011/c-series/state-mdds/c01-21-odisha.xls,3cfc1100df768aa8,census-c01-extract-v1.1.0-20260528T003617Z,C0101,21,390,00000,000000,District - Kandhamal,rural,muslim,males,447
census-india-2011,sources/census-2011/c-series/state-mdds/c01-21-odisha.xls,3cfc1100df768aa8,census-c01-extract-v1.1.0-20260528T003617Z,C0101,21,390,00000,000000,District - Kandhamal,rural,muslim,females,494
census-india-2011,sources/census-2011/c-series/state-mdds/c01-21-odisha.xls,3cfc1100df768aa8,census-c01-extract-v1.1.0-20260528T003617Z,C0101,21,390,00000,000000,District - Kandhamal,rural,christian,persons,141956
census-india-2011,sources/census-2011/c-series/state-mdds/c01-21-odisha.xls,3cfc1100df768aa8,census-c01-extract-v1.1.0-20260528T003617Z,C0101,21,390,00000,000000,District - Kandhamal,rural,christian,males,69314
census-india-2011,sources/census-2011/c-series/state-mdds/c01-21-odisha.xls,3cfc1100df768aa8,census-c01-extract-v1.1.0-20260528T003617Z,C0101,21,390,00000,000000,District - Kandhamal,rural,christian,females,72642
census-india-2011,sources/census-2011/c-series/state-mdds/c01-21-odisha.xls,3cfc1100df768aa8,census-c01-extract-v1.1.0-20260528T003617Z,C0101,21,390,00000,000000,District - Kandhamal,rural,sikh,persons,63
census-india-2011,sources/census-2011/c-series/state-mdds/c01-21-odisha.xls,3cfc1100df768aa8,census-c01-extract-v1.1.0-20260528T003617Z,C0101,21,390,00000,000000,District - Kandhamal,rural,sikh,males,25
census-india-2011,sources/census-2011/c-series/state-mdds/c01-21-odisha.xls,3cfc1100df768aa8,census-c01-extract-v1.1.0-20260528T003617Z,C0101,21,390,00000,000000,District - Kandhamal,rural,sikh,females,38
census-india-2011,sources/census-2011/c-series/state-mdds/c01-21-odisha.xls,3cfc1100df768aa8,census-c01-extract-v1.1.0-20260528T003617Z,C0101,21,390,00000,000000,District - Kandhamal,rural,buddhist,persons,283
census-india-2011,sources/census-2011/c-series/state-mdds/c01-21-odisha.xls,3cfc1100df768aa8,census-c01-extract-v1.1.0-20260528T003617Z,C0101,21,390,00000,000000,District - Kandhamal,rural,buddhist,males,131
census-india-2011,sources/census-2011/c-series/state-mdds/c01-21-odisha.xls,3cfc1100df768aa8,census-c01-extract-v1.1.0-20260528T003617Z,C0101,21,390,00000,000000,District - Kandhamal,rural,buddhist,females,152
census-india-2011,sources/census-2011/c-series/state-mdds/c01-21-odisha.xls,3cfc1100df768aa8,census-c01-extract-v1.1.0-20260528T003617Z,C0101,21,390,00000,000000,District - Kandhamal,rural,jain,persons,46
census-india-2011,sources/census-2011/c-series/state-mdds/c01-21-odisha.xls,3cfc1100df768aa8,census-c01-extract-v1.1.0-20260528T003617Z,C0101,21,390,00000,000000,District - Kandhamal,rural,jain,males,21
census-india-2011,sources/census-2011/c-series/state-mdds/c01-21-odisha.xls,3cfc1100df768aa8,census-c01-extract-v1.1.0-20260528T003617Z,C0101,21,390,00000,000000,District - Kandhamal,rural,jain,females,25
census-india-2011,sources/census-2011/c-series/state-mdds/c01-21-odisha.xls,3cfc1100df768aa8,census-c01-extract-v1.1.0-20260528T003617Z,C0101,21,390,00000,000000,District - Kandhamal,rural,other,persons,12
census-india-2011,sources/census-2011/c-series/state-mdds/c01-21-odisha.xls,3cfc1100df768aa8,census-c01-extract-v1.1.0-20260528T003617Z,C0101,21,390,00000,000000,District - Kandhamal,rural,other,males,3
census-india-2011,sources/census-2011/c-series/state-mdds/c01-21-odisha.xls,3cfc1100df768aa8,census-c01-extract-v1.1.0-20260528T003617Z,C0101,21,390,00000,000000,District - Kandhamal,rural,other,females,9
census-india-2011,sources/census-2011/c-series/state-mdds/c01-21-odisha.xls,3cfc1100df768aa8,census-c01-extract-v1.1.0-20260528T003617Z,C0101,21,390,00000,000000,District - Kandhamal,rural,not_stated,persons,1124
census-india-2011,sources/census-2011/c-series/state-mdds/c01-21-odisha.xls,3cfc1100df768aa8,census-c01-extract-v1.1.0-20260528T003617Z,C0101,21,390,00000,000000,District - Kandhamal,rural,not_stated,males,550
census-india-2011,sources/census-2011/c-series/state-mdds/c01-21-odisha.xls,3cfc1100df768aa8,census-c01-extract-v1.1.0-20260528T003617Z,C0101,21,390,00000,000000,District - Kandhamal,rural,not_stated,females,574
census-india-2011,sources/census-2011/c-series/state-mdds/c01-21-odisha.xls,3cfc1100df768aa8,census-c01-extract-v1.1.0-20260528T003617Z,C0101,21,390,00000,000000,District - Kandhamal,urban,all,persons,72279
census-india-2011,sources/census-2011/c-series/state-mdds/c01-21-odisha.xls,3cfc1100df768aa8,census-c01-extract-v1.1.0-20260528T003617Z,C0101,21,390,00000,000000,District - Kandhamal,urban,all,males,36422
census-india-2011,sources/census-2011/c-series/state-mdds/c01-21-odisha.xls,3cfc1100df768aa8,census-c01-extract-v1.1.0-20260528T003617Z,C0101,21,390,00000,000000,District - Kandhamal,urban,all,females,35857
census-india-2011,sources/census-2011/c-series/state-mdds/c01-21-odisha.xls,3cfc1100df768aa8,census-c01-extract-v1.1.0-20260528T003617Z,C0101,21,390,00000,000000,District - Kandhamal,urban,hindu,persons,63894
census-india-2011,sources/census-2011/c-series/state-mdds/c01-21-odisha.xls,3cfc1100df768aa8,census-c01-extract-v1.1.0-20260528T003617Z,C0101,21,390,00000,000000,District - Kandhamal,urban,hindu,males,32542
census-india-2011,sources/census-2011/c-series/state-mdds/c01-21-odisha.xls,3cfc1100df768aa8,census-c01-extract-v1.1.0-20260528T003617Z,C0101,21,390,00000,000000,District - Kandhamal,urban,hindu,females,31352
census-india-2011,sources/census-2011/c-series/state-mdds/c01-21-odisha.xls,3cfc1100df768aa8,census-c01-extract-v1.1.0-20260528T003617Z,C0101,21,390,00000,000000,District - Kandhamal,urban,muslim,persons,1197
census-india-2011,sources/census-2011/c-series/state-mdds/c01-21-odisha.xls,3cfc1100df768aa8,census-c01-extract-v1.1.0-20260528T003617Z,C0101,21,390,00000,000000,District - Kandhamal,urban,muslim,males,622
census-india-2011,sources/census-2011/c-series/state-mdds/c01-21-odisha.xls,3cfc1100df768aa8,census-c01-extract-v1.1.0-20260528T003617Z,C0101,21,390,00000,000000,District - Kandhamal,urban,muslim,females,575
census-india-2011,sources/census-2011/c-series/state-mdds/c01-21-odisha.xls,3cfc1100df768aa8,census-c01-extract-v1.1.0-20260528T003617Z,C0101,21,390,00000,000000,District - Kandhamal,urban,christian,persons,6939
census-india-2011,sources/census-2011/c-series/state-mdds/c01-21-odisha.xls,3cfc1100df768aa8,census-c01-extract-v1.1.0-20260528T003617Z,C0101,21,390,00000,000000,District - Kandhamal,urban,christian,males,3138
census-india-2011,sources/census-2011/c-series/state-mdds/c01-21-odisha.xls,3cfc1100df768aa8,census-c01-extract-v1.1.0-20260528T003617Z,C0101,21,390,00000,000000,District - Kandhamal,urban,christian,females,3801
census-india-2011,sources/census-2011/c-series/state-mdds/c01-21-odisha.xls,3cfc1100df768aa8,census-c01-extract-v1.1.0-20260528T003617Z,C0101,21,390,00000,000000,District - Kandhamal,urban,sikh,persons,19
census-india-2011,sources/census-2011/c-series/state-mdds/c01-21-odisha.xls,3cfc1100df768aa8,census-c01-extract-v1.1.0-20260528T003617Z,C0101,21,390,00000,000000,District - Kandhamal,urban,sikh,males,9
census-india-2011,sources/census-2011/c-series/state-mdds/c01-21-odisha.xls,3cfc1100df768aa8,census-c01-extract-v1.1.0-20260528T003617Z,C0101,21,390,00000,000000,District - Kandhamal,urban,sikh,females,10
census-india-2011,sources/census-2011/c-series/state-mdds/c01-21-odisha.xls,3cfc1100df768aa8,census-c01-extract-v1.1.0-20260528T003617Z,C0101,21,390,00000,000000,District - Kandhamal,urban,buddhist,persons,7
census-india-2011,sources/census-2011/c-series/state-mdds/c01-21-odisha.xls,3cfc1100df768aa8,census-c01-extract-v1.1.0-20260528T003617Z,C0101,21,390,00000,000000,District - Kandhamal,urban,buddhist,males,3
census-india-2011,sources/census-2011/c-series/state-mdds/c01-21-odisha.xls,3cfc1100df768aa8,census-c01-extract-v1.1.0-20260528T003617Z,C0101,21,390,00000,000000,District - Kandhamal,urban,buddhist,females,4
census-india-2011,sources/census-2011/c-series/state-mdds/c01-21-odisha.xls,3cfc1100df768aa8,census-c01-extract-v1.1.0-20260528T003617Z,C0101,21,390,00000,000000,District - Kandhamal,urban,jain,persons,1
census-india-2011,sources/census-2011/c-series/state-mdds/c01-21-odisha.xls,3cfc1100df768aa8,census-c01-extract-v1.1.0-20260528T003617Z,C0101,21,390,00000,000000,District - Kandhamal,urban,jain,males,0
census-india-2011,sources/census-2011/c-series/state-mdds/c01-21-odisha.xls,3cfc1100df768aa8,census-c01-extract-v1.1.0-20260528T003617Z,C0101,21,390,00000,000000,District - Kandhamal,urban,jain,females,1
census-india-2011,sources/census-2011/c-series/state-mdds/c01-21-odisha.xls,3cfc1100df768aa8,census-c01-extract-v1.1.0-20260528T003617Z,C0101,21,390,00000,000000,District - Kandhamal,urban,other,persons,11
census-india-2011,sources/census-2011/c-series/state-mdds/c01-21-odisha.xls,3cfc1100df768aa8,census-c01-extract-v1.1.0-20260528T003617Z,C0101,21,390,00000,000000,District - Kandhamal,urban,other,males,8
census-india-2011,sources/census-2011/c-series/state-mdds/c01-21-odisha.xls,3cfc1100df768aa8,census-c01-extract-v1.1.0-20260528T003617Z,C0101,21,390,00000,000000,District - Kandhamal,urban,other,females,3
census-india-2011,sources/census-2011/c-series/state-mdds/c01-21-odisha.xls,3cfc1100df768aa8,census-c01-extract-v1.1.0-20260528T003617Z,C0101,21,390,00000,000000,District - Kandhamal,urban,not_stated,persons,211
census-india-2011,sources/census-2011/c-series/state-mdds/c01-21-odisha.xls,3cfc1100df768aa8,census-c01-extract-v1.1.0-20260528T003617Z,C0101,21,390,00000,000000,District - Kandhamal,urban,not_stated,males,100
census-india-2011,sources/census-2011/c-series/state-mdds/c01-21-odisha.xls,3cfc1100df768aa8,census-c01-extract-v1.1.0-20260528T003617Z,C0101,21,390,00000,000000,District - Kandhamal,urban,not_stated,females,111
census-india-2011,sources/census-2011/c-series/state-mdds/c01-21-odisha.xls,3cfc1100df768aa8,census-c01-extract-v1.1.0-20260528T003617Z,C0101,21,391,00000,000000,District - Baudh,total,all,persons,441162
census-india-2011,sources/census-2011/c-series/state-mdds/c01-21-odisha.xls,3cfc1100df768aa8,census-c01-extract-v1.1.0-20260528T003617Z,C0101,21,391,00000,000000,District - Baudh,total,all,males,221625
census-india-2011,sources/census-2011/c-series/state-mdds/c01-21-odisha.xls,3cfc1100df768aa8,census-c01-extract-v1.1.0-20260528T003617Z,C0101,21,391,00000,000000,District - Baudh,total,all,females,219537
census-india-2011,sources/census-2011/c-series/state-mdds/c01-21-odisha.xls,3cfc1100df768aa8,census-c01-extract-v1.1.0-20260528T003617Z,C0101,21,391,00000,000000,District - Baudh,total,hindu,persons,438152
census-india-2011,sources/census-2011/c-series/state-mdds/c01-21-odisha.xls,3cfc1100df768aa8,census-c01-extract-v1.1.0-20260528T003617Z,C0101,21,391,00000,000000,District - Baudh,total,hindu,males,220199
census-india-2011,sources/census-2011/c-series/state-mdds/c01-21-odisha.xls,3cfc1100df768aa8,census-c01-extract-v1.1.0-20260528T003617Z,C0101,21,391,00000,000000,District - Baudh,total,hindu,females,217953
census-india-2011,sources/census-2011/c-series/state-mdds/c01-21-odisha.xls,3cfc1100df768aa8,census-c01-extract-v1.1.0-20260528T003617Z,C0101,21,391,00000,000000,District - Baudh,total,muslim,persons,1007
census-india-2011,sources/census-2011/c-series/state-mdds/c01-21-odisha.xls,3cfc1100df768aa8,census-c01-extract-v1.1.0-20260528T003617Z,C0101,21,391,00000,000000,District - Baudh,total,muslim,males,500
census-india-2011,sources/census-2011/c-series/state-mdds/c01-21-odisha.xls,3cfc1100df768aa8,census-c01-extract-v1.1.0-20260528T003617Z,C0101,21,391,00000,000000,District - Baudh,total,muslim,females,507
census-india-2011,sources/census-2011/c-series/state-mdds/c01-21-odisha.xls,3cfc1100df768aa8,census-c01-extract-v1.1.0-20260528T003617Z,C0101,21,391,00000,000000,District - Baudh,total,christian,persons,522
census-india-2011,sources/census-2011/c-series/state-mdds/c01-21-odisha.xls,3cfc1100df768aa8,census-c01-extract-v1.1.0-20260528T003617Z,C0101,21,391,00000,000000,District - Baudh,total,christian,males,247
census-india-2011,sources/census-2011/c-series/state-mdds/c01-21-odisha.xls,3cfc1100df768aa8,census-c01-extract-v1.1.0-20260528T003617Z,C0101,21,391,00000,000000,District - Baudh,total,christian,females,275
census-india-2011,sources/census-2011/c-series/state-mdds/c01-21-odisha.xls,3cfc1100df768aa8,census-c01-extract-v1.1.0-20260528T003617Z,C0101,21,391,00000,000000,District - Baudh,total,sikh,persons,24
census-india-2011,sources/census-2011/c-series/state-mdds/c01-21-odisha.xls,3cfc1100df768aa8,census-c01-extract-v1.1.0-20260528T003617Z,C0101,21,391,00000,000000,District - Baudh,total,sikh,males,13
census-india-2011,sources/census-2011/c-series/state-mdds/c01-21-odisha.xls,3cfc1100df768aa8,census-c01-extract-v1.1.0-20260528T003617Z,C0101,21,391,00000,000000,District - Baudh,total,sikh,females,11
census-india-2011,sources/census-2011/c-series/state-mdds/c01-21-odisha.xls,3cfc1100df768aa8,census-c01-extract-v1.1.0-20260528T003617Z,C0101,21,391,00000,000000,District - Baudh,total,buddhist,persons,5
census-india-2011,sources/census-2011/c-series/state-mdds/c01-21-odisha.xls,3cfc1100df768aa8,census-c01-extract-v1.1.0-20260528T003617Z,C0101,21,391,00000,000000,District - Baudh,total,buddhist,males,3
census-india-2011,sources/census-2011/c-series/state-mdds/c01-21-odisha.xls,3cfc1100df768aa8,census-c01-extract-v1.1.0-20260528T003617Z,C0101,21,391,00000,000000,District - Baudh,total,buddhist,females,2
census-india-2011,sources/census-2011/c-series/state-mdds/c01-21-odisha.xls,3cfc1100df768aa8,census-c01-extract-v1.1.0-20260528T003617Z,C0101,21,391,00000,000000,District - Baudh,total,jain,persons,11
census-india-2011,sources/census-2011/c-series/state-mdds/c01-21-odisha.xls,3cfc1100df768aa8,census-c01-extract-v1.1.0-20260528T003617Z,C0101,21,391,00000,000000,District - Baudh,total,jain,males,7
census-india-2011,sources/census-2011/c-series/state-mdds/c01-21-odisha.xls,3cfc1100df768aa8,census-c01-extract-v1.1.0-20260528T003617Z,C0101,21,391,00000,000000,District - Baudh,total,jain,females,4
census-india-2011,sources/census-2011/c-series/state-mdds/c01-21-odisha.xls,3cfc1100df768aa8,census-c01-extract-v1.1.0-20260528T003617Z,C0101,21,391,00000,000000,District - Baudh,total,other,persons,7
census-india-2011,sources/census-2011/c-series/state-mdds/c01-21-odisha.xls,3cfc1100df768aa8,census-c01-extract-v1.1.0-20260528T003617Z,C0101,21,391,00000,000000,District - Baudh,total,other,males,4
census-india-2011,sources/census-2011/c-series/state-mdds/c01-21-odisha.xls,3cfc1100df768aa8,census-c01-extract-v1.1.0-20260528T003617Z,C0101,21,391,00000,000000,District - Baudh,total,other,females,3
census-india-2011,sources/census-2011/c-series/state-mdds/c01-21-odisha.xls,3cfc1100df768aa8,census-c01-extract-v1.1.0-20260528T003617Z,C0101,21,391,00000,000000,District - Baudh,total,not_stated,persons,1434
census-india-2011,sources/census-2011/c-series/state-mdds/c01-21-odisha.xls,3cfc1100df768aa8,census-c01-extract-v1.1.0-20260528T003617Z,C0101,21,391,00000,000000,District - Baudh,total,not_stated,males,652
census-india-2011,sources/census-2011/c-series/state-mdds/c01-21-odisha.xls,3cfc1100df768aa8,census-c01-extract-v1.1.0-20260528T003617Z,C0101,21,391,00000,000000,District - Baudh,total,not_stated,females,782
census-india-2011,sources/census-2011/c-series/state-mdds/c01-21-odisha.xls,3cfc1100df768aa8,census-c01-extract-v1.1.0-20260528T003617Z,C0101,21,391,00000,000000,District - Baudh,rural,all,persons,420738
census-india-2011,sources/census-2011/c-series/state-mdds/c01-21-odisha.xls,3cfc1100df768aa8,census-c01-extract-v1.1.0-20260528T003617Z,C0101,21,391,00000,000000,District - Baudh,rural,all,males,211133
census-india-2011,sources/census-2011/c-series/state-mdds/c01-21-odisha.xls,3cfc1100df768aa8,census-c01-extract-v1.1.0-20260528T003617Z,C0101,21,391,00000,000000,District - Baudh,rural,all,females,209605
census-india-2011,sources/census-2011/c-series/state-mdds/c01-21-odisha.xls,3cfc1100df768aa8,census-c01-extract-v1.1.0-20260528T003617Z,C0101,21,391,00000,000000,District - Baudh,rural,hindu,persons,418237
census-india-2011,sources/census-2011/c-series/state-mdds/c01-21-odisha.xls,3cfc1100df768aa8,census-c01-extract-v1.1.0-20260528T003617Z,C0101,21,391,00000,000000,District - Baudh,rural,hindu,males,209962
census-india-2011,sources/census-2011/c-series/state-mdds/c01-21-odisha.xls,3cfc1100df768aa8,census-c01-extract-v1.1.0-20260528T003617Z,C0101,21,391,00000,000000,District - Baudh,rural,hindu,females,208275
census-india-2011,sources/census-2011/c-series/state-mdds/c01-21-odisha.xls,3cfc1100df768aa8,census-c01-extract-v1.1.0-20260528T003617Z,C0101,21,391,00000,000000,District - Baudh,rural,muslim,persons,571
census-india-2011,sources/census-2011/c-series/state-mdds/c01-21-odisha.xls,3cfc1100df768aa8,census-c01-extract-v1.1.0-20260528T003617Z,C0101,21,391,00000,000000,District - Baudh,rural,muslim,males,286
census-india-2011,sources/census-2011/c-series/state-mdds/c01-21-odisha.xls,3cfc1100df768aa8,census-c01-extract-v1.1.0-20260528T003617Z,C0101,21,391,00000,000000,District - Baudh,rural,muslim,females,285
census-india-2011,sources/census-2011/c-series/state-mdds/c01-21-odisha.xls,3cfc1100df768aa8,census-c01-extract-v1.1.0-20260528T003617Z,C0101,21,391,00000,000000,District - Baudh,rural,christian,persons,467
census-india-2011,sources/census-2011/c-series/state-mdds/c01-21-odisha.xls,3cfc1100df768aa8,census-c01-extract-v1.1.0-20260528T003617Z,C0101,21,391,00000,000000,District - Baudh,rural,christian,males,215
census-india-2011,sources/census-2011/c-series/state-mdds/c01-21-odisha.xls,3cfc1100df768aa8,census-c01-extract-v1.1.0-20260528T003617Z,C0101,21,391,00000,000000,District - Baudh,rural,christian,females,252
census-india-2011,sources/census-2011/c-series/state-mdds/c01-21-odisha.xls,3cfc1100df768aa8,census-c01-extract-v1.1.0-20260528T003617Z,C0101,21,391,00000,000000,District - Baudh,rural,sikh,persons,23
census-india-2011,sources/census-2011/c-series/state-mdds/c01-21-odisha.xls,3cfc1100df768aa8,census-c01-extract-v1.1.0-20260528T003617Z,C0101,21,391,00000,000000,District - Baudh,rural,sikh,males,13
census-india-2011,sources/census-2011/c-series/state-mdds/c01-21-odisha.xls,3cfc1100df768aa8,census-c01-extract-v1.1.0-20260528T003617Z,C0101,21,391,00000,000000,District - Baudh,rural,sikh,females,10
census-india-2011,sources/census-2011/c-series/state-mdds/c01-21-odisha.xls,3cfc1100df768aa8,census-c01-extract-v1.1.0-20260528T003617Z,C0101,21,391,00000,000000,District - Baudh,rural,buddhist,persons,5
census-india-2011,sources/census-2011/c-series/state-mdds/c01-21-odisha.xls,3cfc1100df768aa8,census-c01-extract-v1.1.0-20260528T003617Z,C0101,21,391,00000,000000,District - Baudh,rural,buddhist,males,3
census-india-2011,sources/census-2011/c-series/state-mdds/c01-21-odisha.xls,3cfc1100df768aa8,census-c01-extract-v1.1.0-20260528T003617Z,C0101,21,391,00000,000000,District - Baudh,rural,buddhist,females,2
census-india-2011,sources/census-2011/c-series/state-mdds/c01-21-odisha.xls,3cfc1100df768aa8,census-c01-extract-v1.1.0-20260528T003617Z,C0101,21,391,00000,000000,District - Baudh,rural,jain,persons,11
census-india-2011,sources/census-2011/c-series/state-mdds/c01-21-odisha.xls,3cfc1100df768aa8,census-c01-extract-v1.1.0-20260528T003617Z,C0101,21,391,00000,000000,District - Baudh,rural,jain,males,7
census-india-2011,sources/census-2011/c-series/state-mdds/c01-21-odisha.xls,3cfc1100df768aa8,census-c01-extract-v1.1.0-20260528T003617Z,C0101,21,391,00000,000000,District - Baudh,rural,jain,females,4
census-india-2011,sources/census-2011/c-series/state-mdds/c01-21-odisha.xls,3cfc1100df768aa8,census-c01-extract-v1.1.0-20260528T003617Z,C0101,21,391,00000,000000,District - Baudh,rural,other,persons,6
census-india-2011,sources/census-2011/c-series/state-mdds/c01-21-odisha.xls,3cfc1100df768aa8,census-c01-extract-v1.1.0-20260528T003617Z,C0101,21,391,00000,000000,District - Baudh,rural,other,males,3
census-india-2011,sources/census-2011/c-series/state-mdds/c01-21-odisha.xls,3cfc1100df768aa8,census-c01-extract-v1.1.0-20260528T003617Z,C0101,21,391,00000,000000,District - Baudh,rural,other,females,3
census-india-2011,sources/census-2011/c-series/state-mdds/c01-21-odisha.xls,3cfc1100df768aa8,census-c01-extract-v1.1.0-20260528T003617Z,C0101,21,391,00000,000000,District - Baudh,rural,not_stated,persons,1418
census-india-2011,sources/census-2011/c-series/state-mdds/c01-21-odisha.xls,3cfc1100df768aa8,census-c01-extract-v1.1.0-20260528T003617Z,C0101,21,391,00000,000000,District - Baudh,rural,not_stated,males,644
census-india-2011,sources/census-2011/c-series/state-mdds/c01-21-odisha.xls,3cfc1100df768aa8,census-c01-extract-v1.1.0-20260528T003617Z,C0101,21,391,00000,000000,District - Baudh,rural,not_stated,females,774
census-india-2011,sources/census-2011/c-series/state-mdds/c01-21-odisha.xls,3cfc1100df768aa8,census-c01-extract-v1.1.0-20260528T003617Z,C0101,21,391,00000,000000,District - Baudh,urban,all,persons,20424
census-india-2011,sources/census-2011/c-series/state-mdds/c01-21-odisha.xls,3cfc1100df768aa8,census-c01-extract-v1.1.0-20260528T003617Z,C0101,21,391,00000,000000,District - Baudh,urban,all,males,10492
census-india-2011,sources/census-2011/c-series/state-mdds/c01-21-odisha.xls,3cfc1100df768aa8,census-c01-extract-v1.1.0-20260528T003617Z,C0101,21,391,00000,000000,District - Baudh,urban,all,females,9932
census-india-2011,sources/census-2011/c-series/state-mdds/c01-21-odisha.xls,3cfc1100df768aa8,census-c01-extract-v1.1.0-20260528T003617Z,C0101,21,391,00000,000000,District - Baudh,urban,hindu,persons,19915
census-india-2011,sources/census-2011/c-series/state-mdds/c01-21-odisha.xls,3cfc1100df768aa8,census-c01-extract-v1.1.0-20260528T003617Z,C0101,21,391,00000,000000,District - Baudh,urban,hindu,males,10237
census-india-2011,sources/census-2011/c-series/state-mdds/c01-21-odisha.xls,3cfc1100df768aa8,census-c01-extract-v1.1.0-20260528T003617Z,C0101,21,391,00000,000000,District - Baudh,urban,hindu,females,9678
census-india-2011,sources/census-2011/c-series/state-mdds/c01-21-odisha.xls,3cfc1100df768aa8,census-c01-extract-v1.1.0-20260528T003617Z,C0101,21,391,00000,000000,District - Baudh,urban,muslim,persons,436
census-india-2011,sources/census-2011/c-series/state-mdds/c01-21-odisha.xls,3cfc1100df768aa8,census-c01-extract-v1.1.0-20260528T003617Z,C0101,21,391,00000,000000,District - Baudh,urban,muslim,males,214
census-india-2011,sources/census-2011/c-series/state-mdds/c01-21-odisha.xls,3cfc1100df768aa8,census-c01-extract-v1.1.0-20260528T003617Z,C0101,21,391,00000,000000,District - Baudh,urban,muslim,females,222
census-india-2011,sources/census-2011/c-series/state-mdds/c01-21-odisha.xls,3cfc1100df768aa8,census-c01-extract-v1.1.0-20260528T003617Z,C0101,21,391,00000,000000,District - Baudh,urban,christian,persons,55
census-india-2011,sources/census-2011/c-series/state-mdds/c01-21-odisha.xls,3cfc1100df768aa8,census-c01-extract-v1.1.0-20260528T003617Z,C0101,21,391,00000,000000,District - Baudh,urban,christian,males,32
census-india-2011,sources/census-2011/c-series/state-mdds/c01-21-odisha.xls,3cfc1100df768aa8,census-c01-extract-v1.1.0-20260528T003617Z,C0101,21,391,00000,000000,District - Baudh,urban,christian,females,23
census-india-2011,sources/census-2011/c-series/state-mdds/c01-21-odisha.xls,3cfc1100df768aa8,census-c01-extract-v1.1.0-20260528T003617Z,C0101,21,391,00000,000000,District - Baudh,urban,sikh,persons,1
census-india-2011,sources/census-2011/c-series/state-mdds/c01-21-odisha.xls,3cfc1100df768aa8,census-c01-extract-v1.1.0-20260528T003617Z,C0101,21,391,00000,000000,District - Baudh,urban,sikh,males,0
census-india-2011,sources/census-2011/c-series/state-mdds/c01-21-odisha.xls,3cfc1100df768aa8,census-c01-extract-v1.1.0-20260528T003617Z,C0101,21,391,00000,000000,District - Baudh,urban,sikh,females,1
census-india-2011,sources/census-2011/c-series/state-mdds/c01-21-odisha.xls,3cfc1100df768aa8,census-c01-extract-v1.1.0-20260528T003617Z,C0101,21,391,00000,000000,District - Baudh,urban,buddhist,persons,0
census-india-2011,sources/census-2011/c-series/state-mdds/c01-21-odisha.xls,3cfc1100df768aa8,census-c01-extract-v1.1.0-20260528T003617Z,C0101,21,391,00000,000000,District - Baudh,urban,buddhist,males,0
census-india-2011,sources/census-2011/c-series/state-mdds/c01-21-odisha.xls,3cfc1100df768aa8,census-c01-extract-v1.1.0-20260528T003617Z,C0101,21,391,00000,000000,District - Baudh,urban,buddhist,females,0
census-india-2011,sources/census-2011/c-series/state-mdds/c01-21-odisha.xls,3cfc1100df768aa8,census-c01-extract-v1.1.0-20260528T003617Z,C0101,21,391,00000,000000,District - Baudh,urban,jain,persons,0
census-india-2011,sources/census-2011/c-series/state-mdds/c01-21-odisha.xls,3cfc1100df768aa8,census-c01-extract-v1.1.0-20260528T003617Z,C0101,21,391,00000,000000,District - Baudh,urban,jain,males,0
census-india-2011,sources/census-2011/c-series/state-mdds/c01-21-odisha.xls,3cfc1100df768aa8,census-c01-extract-v1.1.0-20260528T003617Z,C0101,21,391,00000,000000,District - Baudh,urban,jain,females,0
census-india-2011,sources/census-2011/c-series/state-mdds/c01-21-odisha.xls,3cfc1100df768aa8,census-c01-extract-v1.1.0-20260528T003617Z,C0101,21,391,00000,000000,District - Baudh,urban,other,persons,1
census-india-2011,sources/census-2011/c-series/state-mdds/c01-21-odisha.xls,3cfc1100df768aa8,census-c01-extract-v1.1.0-20260528T003617Z,C0101,21,391,00000,000000,District - Baudh,urban,other,males,1
census-india-2011,sources/census-2011/c-series/state-mdds/c01-21-odisha.xls,3cfc1100df768aa8,census-c01-extract-v1.1.0-20260528T003617Z,C0101,21,391,00000,000000,District - Baudh,urban,other,females,0
census-india-2011,sources/census-2011/c-series/state-mdds/c01-21-odisha.xls,3cfc1100df768aa8,census-c01-extract-v1.1.0-20260528T003617Z,C0101,21,391,00000,000000,District - Baudh,urban,not_stated,persons,16
census-india-2011,sources/census-2011/c-series/state-mdds/c01-21-odisha.xls,3cfc1100df768aa8,census-c01-extract-v1.1.0-20260528T003617Z,C0101,21,391,00000,000000,District - Baudh,urban,not_stated,males,8
census-india-2011,sources/census-2011/c-series/state-mdds/c01-21-odisha.xls,3cfc1100df768aa8,census-c01-extract-v1.1.0-20260528T003617Z,C0101,21,391,00000,000000,District - Baudh,urban,not_stated,females,8
census-india-2011,sources/census-2011/c-series/state-mdds/c01-21-odisha.xls,3cfc1100df768aa8,census-c01-extract-v1.1.0-20260528T003617Z,C0101,21,392,00000,000000,District - Subarnapur,total,all,persons,610183
census-india-2011,sources/census-2011/c-series/state-mdds/c01-21-odisha.xls,3cfc1100df768aa8,census-c01-extract-v1.1.0-20260528T003617Z,C0101,21,392,00000,000000,District - Subarnapur,total,all,males,311312
census-india-2011,sources/census-2011/c-series/state-mdds/c01-21-odisha.xls,3cfc1100df768aa8,census-c01-extract-v1.1.0-20260528T003617Z,C0101,21,392,00000,000000,District - Subarnapur,total,all,females,298871
census-india-2011,sources/census-2011/c-series/state-mdds/c01-21-odisha.xls,3cfc1100df768aa8,census-c01-extract-v1.1.0-20260528T003617Z,C0101,21,392,00000,000000,District - Subarnapur,total,hindu,persons,605225
census-india-2011,sources/census-2011/c-series/state-mdds/c01-21-odisha.xls,3cfc1100df768aa8,census-c01-extract-v1.1.0-20260528T003617Z,C0101,21,392,00000,000000,District - Subarnapur,total,hindu,males,308789
census-india-2011,sources/census-2011/c-series/state-mdds/c01-21-odisha.xls,3cfc1100df768aa8,census-c01-extract-v1.1.0-20260528T003617Z,C0101,21,392,00000,000000,District - Subarnapur,total,hindu,females,296436
census-india-2011,sources/census-2011/c-series/state-mdds/c01-21-odisha.xls,3cfc1100df768aa8,census-c01-extract-v1.1.0-20260528T003617Z,C0101,21,392,00000,000000,District - Subarnapur,total,muslim,persons,1566
census-india-2011,sources/census-2011/c-series/state-mdds/c01-21-odisha.xls,3cfc1100df768aa8,census-c01-extract-v1.1.0-20260528T003617Z,C0101,21,392,00000,000000,District - Subarnapur,total,muslim,males,781
census-india-2011,sources/census-2011/c-series/state-mdds/c01-21-odisha.xls,3cfc1100df768aa8,census-c01-extract-v1.1.0-20260528T003617Z,C0101,21,392,00000,000000,District - Subarnapur,total,muslim,females,785
census-india-2011,sources/census-2011/c-series/state-mdds/c01-21-odisha.xls,3cfc1100df768aa8,census-c01-extract-v1.1.0-20260528T003617Z,C0101,21,392,00000,000000,District - Subarnapur,total,christian,persons,2374
census-india-2011,sources/census-2011/c-series/state-mdds/c01-21-odisha.xls,3cfc1100df768aa8,census-c01-extract-v1.1.0-20260528T003617Z,C0101,21,392,00000,000000,District - Subarnapur,total,christian,males,1221
census-india-2011,sources/census-2011/c-series/state-mdds/c01-21-odisha.xls,3cfc1100df768aa8,census-c01-extract-v1.1.0-20260528T003617Z,C0101,21,392,00000,000000,District - Subarnapur,total,christian,females,1153
census-india-2011,sources/census-2011/c-series/state-mdds/c01-21-odisha.xls,3cfc1100df768aa8,census-c01-extract-v1.1.0-20260528T003617Z,C0101,21,392,00000,000000,District - Subarnapur,total,sikh,persons,58
census-india-2011,sources/census-2011/c-series/state-mdds/c01-21-odisha.xls,3cfc1100df768aa8,census-c01-extract-v1.1.0-20260528T003617Z,C0101,21,392,00000,000000,District - Subarnapur,total,sikh,males,33
census-india-2011,sources/census-2011/c-series/state-mdds/c01-21-odisha.xls,3cfc1100df768aa8,census-c01-extract-v1.1.0-20260528T003617Z,C0101,21,392,00000,000000,District - Subarnapur,total,sikh,females,25
census-india-2011,sources/census-2011/c-series/state-mdds/c01-21-odisha.xls,3cfc1100df768aa8,census-c01-extract-v1.1.0-20260528T003617Z,C0101,21,392,00000,000000,District - Subarnapur,total,buddhist,persons,46
census-india-2011,sources/census-2011/c-series/state-mdds/c01-21-odisha.xls,3cfc1100df768aa8,census-c01-extract-v1.1.0-20260528T003617Z,C0101,21,392,00000,000000,District - Subarnapur,total,buddhist,males,26
census-india-2011,sources/census-2011/c-series/state-mdds/c01-21-odisha.xls,3cfc1100df768aa8,census-c01-extract-v1.1.0-20260528T003617Z,C0101,21,392,00000,000000,District - Subarnapur,total,buddhist,females,20
census-india-2011,sources/census-2011/c-series/state-mdds/c01-21-odisha.xls,3cfc1100df768aa8,census-c01-extract-v1.1.0-20260528T003617Z,C0101,21,392,00000,000000,District - Subarnapur,total,jain,persons,17
census-india-2011,sources/census-2011/c-series/state-mdds/c01-21-odisha.xls,3cfc1100df768aa8,census-c01-extract-v1.1.0-20260528T003617Z,C0101,21,392,00000,000000,District - Subarnapur,total,jain,males,8
census-india-2011,sources/census-2011/c-series/state-mdds/c01-21-odisha.xls,3cfc1100df768aa8,census-c01-extract-v1.1.0-20260528T003617Z,C0101,21,392,00000,000000,District - Subarnapur,total,jain,females,9
census-india-2011,sources/census-2011/c-series/state-mdds/c01-21-odisha.xls,3cfc1100df768aa8,census-c01-extract-v1.1.0-20260528T003617Z,C0101,21,392,00000,000000,District - Subarnapur,total,other,persons,6
census-india-2011,sources/census-2011/c-series/state-mdds/c01-21-odisha.xls,3cfc1100df768aa8,census-c01-extract-v1.1.0-20260528T003617Z,C0101,21,392,00000,000000,District - Subarnapur,total,other,males,3
census-india-2011,sources/census-2011/c-series/state-mdds/c01-21-odisha.xls,3cfc1100df768aa8,census-c01-extract-v1.1.0-20260528T003617Z,C0101,21,392,00000,000000,District - Subarnapur,total,other,females,3
census-india-2011,sources/census-2011/c-series/state-mdds/c01-21-odisha.xls,3cfc1100df768aa8,census-c01-extract-v1.1.0-20260528T003617Z,C0101,21,392,00000,000000,District - Subarnapur,total,not_stated,persons,891
census-india-2011,sources/census-2011/c-series/state-mdds/c01-21-odisha.xls,3cfc1100df768aa8,census-c01-extract-v1.1.0-20260528T003617Z,C0101,21,392,00000,000000,District - Subarnapur,total,not_stated,males,451
census-india-2011,sources/census-2011/c-series/state-mdds/c01-21-odisha.xls,3cfc1100df768aa8,census-c01-extract-v1.1.0-20260528T003617Z,C0101,21,392,00000,000000,District - Subarnapur,total,not_stated,females,440
census-india-2011,sources/census-2011/c-series/state-mdds/c01-21-odisha.xls,3cfc1100df768aa8,census-c01-extract-v1.1.0-20260528T003617Z,C0101,21,392,00000,000000,District - Subarnapur,rural,all,persons,560242
census-india-2011,sources/census-2011/c-series/state-mdds/c01-21-odisha.xls,3cfc1100df768aa8,census-c01-extract-v1.1.0-20260528T003617Z,C0101,21,392,00000,000000,District - Subarnapur,rural,all,males,285634
census-india-2011,sources/census-2011/c-series/state-mdds/c01-21-odisha.xls,3cfc1100df768aa8,census-c01-extract-v1.1.0-20260528T003617Z,C0101,21,392,00000,000000,District - Subarnapur,rural,all,females,274608
census-india-2011,sources/census-2011/c-series/state-mdds/c01-21-odisha.xls,3cfc1100df768aa8,census-c01-extract-v1.1.0-20260528T003617Z,C0101,21,392,00000,000000,District - Subarnapur,rural,hindu,persons,556237
census-india-2011,sources/census-2011/c-series/state-mdds/c01-21-odisha.xls,3cfc1100df768aa8,census-c01-extract-v1.1.0-20260528T003617Z,C0101,21,392,00000,000000,District - Subarnapur,rural,hindu,males,283596
census-india-2011,sources/census-2011/c-series/state-mdds/c01-21-odisha.xls,3cfc1100df768aa8,census-c01-extract-v1.1.0-20260528T003617Z,C0101,21,392,00000,000000,District - Subarnapur,rural,hindu,females,272641
census-india-2011,sources/census-2011/c-series/state-mdds/c01-21-odisha.xls,3cfc1100df768aa8,census-c01-extract-v1.1.0-20260528T003617Z,C0101,21,392,00000,000000,District - Subarnapur,rural,muslim,persons,882
census-india-2011,sources/census-2011/c-series/state-mdds/c01-21-odisha.xls,3cfc1100df768aa8,census-c01-extract-v1.1.0-20260528T003617Z,C0101,21,392,00000,000000,District - Subarnapur,rural,muslim,males,434
census-india-2011,sources/census-2011/c-series/state-mdds/c01-21-odisha.xls,3cfc1100df768aa8,census-c01-extract-v1.1.0-20260528T003617Z,C0101,21,392,00000,000000,District - Subarnapur,rural,muslim,females,448
census-india-2011,sources/census-2011/c-series/state-mdds/c01-21-odisha.xls,3cfc1100df768aa8,census-c01-extract-v1.1.0-20260528T003617Z,C0101,21,392,00000,000000,District - Subarnapur,rural,christian,persons,2188
census-india-2011,sources/census-2011/c-series/state-mdds/c01-21-odisha.xls,3cfc1100df768aa8,census-c01-extract-v1.1.0-20260528T003617Z,C0101,21,392,00000,000000,District - Subarnapur,rural,christian,males,1131
census-india-2011,sources/census-2011/c-series/state-mdds/c01-21-odisha.xls,3cfc1100df768aa8,census-c01-extract-v1.1.0-20260528T003617Z,C0101,21,392,00000,000000,District - Subarnapur,rural,christian,females,1057
census-india-2011,sources/census-2011/c-series/state-mdds/c01-21-odisha.xls,3cfc1100df768aa8,census-c01-extract-v1.1.0-20260528T003617Z,C0101,21,392,00000,000000,District - Subarnapur,rural,sikh,persons,52
census-india-2011,sources/census-2011/c-series/state-mdds/c01-21-odisha.xls,3cfc1100df768aa8,census-c01-extract-v1.1.0-20260528T003617Z,C0101,21,392,00000,000000,District - Subarnapur,rural,sikh,males,29
census-india-2011,sources/census-2011/c-series/state-mdds/c01-21-odisha.xls,3cfc1100df768aa8,census-c01-extract-v1.1.0-20260528T003617Z,C0101,21,392,00000,000000,District - Subarnapur,rural,sikh,females,23
census-india-2011,sources/census-2011/c-series/state-mdds/c01-21-odisha.xls,3cfc1100df768aa8,census-c01-extract-v1.1.0-20260528T003617Z,C0101,21,392,00000,000000,District - Subarnapur,rural,buddhist,persons,33
census-india-2011,sources/census-2011/c-series/state-mdds/c01-21-odisha.xls,3cfc1100df768aa8,census-c01-extract-v1.1.0-20260528T003617Z,C0101,21,392,00000,000000,District - Subarnapur,rural,buddhist,males,21
census-india-2011,sources/census-2011/c-series/state-mdds/c01-21-odisha.xls,3cfc1100df768aa8,census-c01-extract-v1.1.0-20260528T003617Z,C0101,21,392,00000,000000,District - Subarnapur,rural,buddhist,females,12
census-india-2011,sources/census-2011/c-series/state-mdds/c01-21-odisha.xls,3cfc1100df768aa8,census-c01-extract-v1.1.0-20260528T003617Z,C0101,21,392,00000,000000,District - Subarnapur,rural,jain,persons,9
census-india-2011,sources/census-2011/c-series/state-mdds/c01-21-odisha.xls,3cfc1100df768aa8,census-c01-extract-v1.1.0-20260528T003617Z,C0101,21,392,00000,000000,District - Subarnapur,rural,jain,males,4
census-india-2011,sources/census-2011/c-series/state-mdds/c01-21-odisha.xls,3cfc1100df768aa8,census-c01-extract-v1.1.0-20260528T003617Z,C0101,21,392,00000,000000,District - Subarnapur,rural,jain,females,5
census-india-2011,sources/census-2011/c-series/state-mdds/c01-21-odisha.xls,3cfc1100df768aa8,census-c01-extract-v1.1.0-20260528T003617Z,C0101,21,392,00000,000000,District - Subarnapur,rural,other,persons,4
census-india-2011,sources/census-2011/c-series/state-mdds/c01-21-odisha.xls,3cfc1100df768aa8,census-c01-extract-v1.1.0-20260528T003617Z,C0101,21,392,00000,000000,District - Subarnapur,rural,other,males,2
census-india-2011,sources/census-2011/c-series/state-mdds/c01-21-odisha.xls,3cfc1100df768aa8,census-c01-extract-v1.1.0-20260528T003617Z,C0101,21,392,00000,000000,District - Subarnapur,rural,other,females,2
census-india-2011,sources/census-2011/c-series/state-mdds/c01-21-odisha.xls,3cfc1100df768aa8,census-c01-extract-v1.1.0-20260528T003617Z,C0101,21,392,00000,000000,District - Subarnapur,rural,not_stated,persons,837
census-india-2011,sources/census-2011/c-series/state-mdds/c01-21-odisha.xls,3cfc1100df768aa8,census-c01-extract-v1.1.0-20260528T003617Z,C0101,21,392,00000,000000,District - Subarnapur,rural,not_stated,males,417
census-india-2011,sources/census-2011/c-series/state-mdds/c01-21-odisha.xls,3cfc1100df768aa8,census-c01-extract-v1.1.0-20260528T003617Z,C0101,21,392,00000,000000,District - Subarnapur,rural,not_stated,females,420
census-india-2011,sources/census-2011/c-series/state-mdds/c01-21-odisha.xls,3cfc1100df768aa8,census-c01-extract-v1.1.0-20260528T003617Z,C0101,21,392,00000,000000,District - Subarnapur,urban,all,persons,49941
census-india-2011,sources/census-2011/c-series/state-mdds/c01-21-odisha.xls,3cfc1100df768aa8,census-c01-extract-v1.1.0-20260528T003617Z,C0101,21,392,00000,000000,District - Subarnapur,urban,all,males,25678
census-india-2011,sources/census-2011/c-series/state-mdds/c01-21-odisha.xls,3cfc1100df768aa8,census-c01-extract-v1.1.0-20260528T003617Z,C0101,21,392,00000,000000,District - Subarnapur,urban,all,females,24263
census-india-2011,sources/census-2011/c-series/state-mdds/c01-21-odisha.xls,3cfc1100df768aa8,census-c01-extract-v1.1.0-20260528T003617Z,C0101,21,392,00000,000000,District - Subarnapur,urban,hindu,persons,48988
census-india-2011,sources/census-2011/c-series/state-mdds/c01-21-odisha.xls,3cfc1100df768aa8,census-c01-extract-v1.1.0-20260528T003617Z,C0101,21,392,00000,000000,District - Subarnapur,urban,hindu,males,25193
census-india-2011,sources/census-2011/c-series/state-mdds/c01-21-odisha.xls,3cfc1100df768aa8,census-c01-extract-v1.1.0-20260528T003617Z,C0101,21,392,00000,000000,District - Subarnapur,urban,hindu,females,23795
census-india-2011,sources/census-2011/c-series/state-mdds/c01-21-odisha.xls,3cfc1100df768aa8,census-c01-extract-v1.1.0-20260528T003617Z,C0101,21,392,00000,000000,District - Subarnapur,urban,muslim,persons,684
census-india-2011,sources/census-2011/c-series/state-mdds/c01-21-odisha.xls,3cfc1100df768aa8,census-c01-extract-v1.1.0-20260528T003617Z,C0101,21,392,00000,000000,District - Subarnapur,urban,muslim,males,347
census-india-2011,sources/census-2011/c-series/state-mdds/c01-21-odisha.xls,3cfc1100df768aa8,census-c01-extract-v1.1.0-20260528T003617Z,C0101,21,392,00000,000000,District - Subarnapur,urban,muslim,females,337
census-india-2011,sources/census-2011/c-series/state-mdds/c01-21-odisha.xls,3cfc1100df768aa8,census-c01-extract-v1.1.0-20260528T003617Z,C0101,21,392,00000,000000,District - Subarnapur,urban,christian,persons,186
census-india-2011,sources/census-2011/c-series/state-mdds/c01-21-odisha.xls,3cfc1100df768aa8,census-c01-extract-v1.1.0-20260528T003617Z,C0101,21,392,00000,000000,District - Subarnapur,urban,christian,males,90
census-india-2011,sources/census-2011/c-series/state-mdds/c01-21-odisha.xls,3cfc1100df768aa8,census-c01-extract-v1.1.0-20260528T003617Z,C0101,21,392,00000,000000,District - Subarnapur,urban,christian,females,96
census-india-2011,sources/census-2011/c-series/state-mdds/c01-21-odisha.xls,3cfc1100df768aa8,census-c01-extract-v1.1.0-20260528T003617Z,C0101,21,392,00000,000000,District - Subarnapur,urban,sikh,persons,6
census-india-2011,sources/census-2011/c-series/state-mdds/c01-21-odisha.xls,3cfc1100df768aa8,census-c01-extract-v1.1.0-20260528T003617Z,C0101,21,392,00000,000000,District - Subarnapur,urban,sikh,males,4
census-india-2011,sources/census-2011/c-series/state-mdds/c01-21-odisha.xls,3cfc1100df768aa8,census-c01-extract-v1.1.0-20260528T003617Z,C0101,21,392,00000,000000,District - Subarnapur,urban,sikh,females,2
census-india-2011,sources/census-2011/c-series/state-mdds/c01-21-odisha.xls,3cfc1100df768aa8,census-c01-extract-v1.1.0-20260528T003617Z,C0101,21,392,00000,000000,District - Subarnapur,urban,buddhist,persons,13
census-india-2011,sources/census-2011/c-series/state-mdds/c01-21-odisha.xls,3cfc1100df768aa8,census-c01-extract-v1.1.0-20260528T003617Z,C0101,21,392,00000,000000,District - Subarnapur,urban,buddhist,males,5
census-india-2011,sources/census-2011/c-series/state-mdds/c01-21-odisha.xls,3cfc1100df768aa8,census-c01-extract-v1.1.0-20260528T003617Z,C0101,21,392,00000,000000,District - Subarnapur,urban,buddhist,females,8
census-india-2011,sources/census-2011/c-series/state-mdds/c01-21-odisha.xls,3cfc1100df768aa8,census-c01-extract-v1.1.0-20260528T003617Z,C0101,21,392,00000,000000,District - Subarnapur,urban,jain,persons,8
census-india-2011,sources/census-2011/c-series/state-mdds/c01-21-odisha.xls,3cfc1100df768aa8,census-c01-extract-v1.1.0-20260528T003617Z,C0101,21,392,00000,000000,District - Subarnapur,urban,jain,males,4
census-india-2011,sources/census-2011/c-series/state-mdds/c01-21-odisha.xls,3cfc1100df768aa8,census-c01-extract-v1.1.0-20260528T003617Z,C0101,21,392,00000,000000,District - Subarnapur,urban,jain,females,4
census-india-2011,sources/census-2011/c-series/state-mdds/c01-21-odisha.xls,3cfc1100df768aa8,census-c01-extract-v1.1.0-20260528T003617Z,C0101,21,392,00000,000000,District - Subarnapur,urban,other,persons,2
census-india-2011,sources/census-2011/c-series/state-mdds/c01-21-odisha.xls,3cfc1100df768aa8,census-c01-extract-v1.1.0-20260528T003617Z,C0101,21,392,00000,000000,District - Subarnapur,urban,other,males,1
census-india-2011,sources/census-2011/c-series/state-mdds/c01-21-odisha.xls,3cfc1100df768aa8,census-c01-extract-v1.1.0-20260528T003617Z,C0101,21,392,00000,000000,District - Subarnapur,urban,other,females,1
census-india-2011,sources/census-2011/c-series/state-mdds/c01-21-odisha.xls,3cfc1100df768aa8,census-c01-extract-v1.1.0-20260528T003617Z,C0101,21,392,00000,000000,District - Subarnapur,urban,not_stated,persons,54
census-india-2011,sources/census-2011/c-series/state-mdds/c01-21-odisha.xls,3cfc1100df768aa8,census-c01-extract-v1.1.0-20260528T003617Z,C0101,21,392,00000,000000,District - Subarnapur,urban,not_stated,males,34
census-india-2011,sources/census-2011/c-series/state-mdds/c01-21-odisha.xls,3cfc1100df768aa8,census-c01-extract-v1.1.0-20260528T003617Z,C0101,21,392,00000,000000,District - Subarnapur,urban,not_stated,females,20
census-india-2011,sources/census-2011/c-series/state-mdds/c01-21-odisha.xls,3cfc1100df768aa8,census-c01-extract-v1.1.0-20260528T003617Z,C0101,21,393,00000,000000,District - Balangir,total,all,persons,1648997
census-india-2011,sources/census-2011/c-series/state-mdds/c01-21-odisha.xls,3cfc1100df768aa8,census-c01-extract-v1.1.0-20260528T003617Z,C0101,21,393,00000,000000,District - Balangir,total,all,males,830097
census-india-2011,sources/census-2011/c-series/state-mdds/c01-21-odisha.xls,3cfc1100df768aa8,census-c01-extract-v1.1.0-20260528T003617Z,C0101,21,393,00000,000000,District - Balangir,total,all,females,818900
census-india-2011,sources/census-2011/c-series/state-mdds/c01-21-odisha.xls,3cfc1100df768aa8,census-c01-extract-v1.1.0-20260528T003617Z,C0101,21,393,00000,000000,District - Balangir,total,hindu,persons,1618175
census-india-2011,sources/census-2011/c-series/state-mdds/c01-21-odisha.xls,3cfc1100df768aa8,census-c01-extract-v1.1.0-20260528T003617Z,C0101,21,393,00000,000000,District - Balangir,total,hindu,males,814437
census-india-2011,sources/census-2011/c-series/state-mdds/c01-21-odisha.xls,3cfc1100df768aa8,census-c01-extract-v1.1.0-20260528T003617Z,C0101,21,393,00000,000000,District - Balangir,total,hindu,females,803738
census-india-2011,sources/census-2011/c-series/state-mdds/c01-21-odisha.xls,3cfc1100df768aa8,census-c01-extract-v1.1.0-20260528T003617Z,C0101,21,393,00000,000000,District - Balangir,total,muslim,persons,7811
census-india-2011,sources/census-2011/c-series/state-mdds/c01-21-odisha.xls,3cfc1100df768aa8,census-c01-extract-v1.1.0-20260528T003617Z,C0101,21,393,00000,000000,District - Balangir,total,muslim,males,3981
census-india-2011,sources/census-2011/c-series/state-mdds/c01-21-odisha.xls,3cfc1100df768aa8,census-c01-extract-v1.1.0-20260528T003617Z,C0101,21,393,00000,000000,District - Balangir,total,muslim,females,3830
census-india-2011,sources/census-2011/c-series/state-mdds/c01-21-odisha.xls,3cfc1100df768aa8,census-c01-extract-v1.1.0-20260528T003617Z,C0101,21,393,00000,000000,District - Balangir,total,christian,persons,16271
census-india-2011,sources/census-2011/c-series/state-mdds/c01-21-odisha.xls,3cfc1100df768aa8,census-c01-extract-v1.1.0-20260528T003617Z,C0101,21,393,00000,000000,District - Balangir,total,christian,males,8131
census-india-2011,sources/census-2011/c-series/state-mdds/c01-21-odisha.xls,3cfc1100df768aa8,census-c01-extract-v1.1.0-20260528T003617Z,C0101,21,393,00000,000000,District - Balangir,total,christian,females,8140
census-india-2011,sources/census-2011/c-series/state-mdds/c01-21-odisha.xls,3cfc1100df768aa8,census-c01-extract-v1.1.0-20260528T003617Z,C0101,21,393,00000,000000,District - Balangir,total,sikh,persons,565
census-india-2011,sources/census-2011/c-series/state-mdds/c01-21-odisha.xls,3cfc1100df768aa8,census-c01-extract-v1.1.0-20260528T003617Z,C0101,21,393,00000,000000,District - Balangir,total,sikh,males,314
census-india-2011,sources/census-2011/c-series/state-mdds/c01-21-odisha.xls,3cfc1100df768aa8,census-c01-extract-v1.1.0-20260528T003617Z,C0101,21,393,00000,000000,District - Balangir,total,sikh,females,251
census-india-2011,sources/census-2011/c-series/state-mdds/c01-21-odisha.xls,3cfc1100df768aa8,census-c01-extract-v1.1.0-20260528T003617Z,C0101,21,393,00000,000000,District - Balangir,total,buddhist,persons,467
census-india-2011,sources/census-2011/c-series/state-mdds/c01-21-odisha.xls,3cfc1100df768aa8,census-c01-extract-v1.1.0-20260528T003617Z,C0101,21,393,00000,000000,District - Balangir,total,buddhist,males,257
census-india-2011,sources/census-2011/c-series/state-mdds/c01-21-odisha.xls,3cfc1100df768aa8,census-c01-extract-v1.1.0-20260528T003617Z,C0101,21,393,00000,000000,District - Balangir,total,buddhist,females,210
census-india-2011,sources/census-2011/c-series/state-mdds/c01-21-odisha.xls,3cfc1100df768aa8,census-c01-extract-v1.1.0-20260528T003617Z,C0101,21,393,00000,000000,District - Balangir,total,jain,persons,2225
census-india-2011,sources/census-2011/c-series/state-mdds/c01-21-odisha.xls,3cfc1100df768aa8,census-c01-extract-v1.1.0-20260528T003617Z,C0101,21,393,00000,000000,District - Balangir,total,jain,males,1171
census-india-2011,sources/census-2011/c-series/state-mdds/c01-21-odisha.xls,3cfc1100df768aa8,census-c01-extract-v1.1.0-20260528T003617Z,C0101,21,393,00000,000000,District - Balangir,total,jain,females,1054
census-india-2011,sources/census-2011/c-series/state-mdds/c01-21-odisha.xls,3cfc1100df768aa8,census-c01-extract-v1.1.0-20260528T003617Z,C0101,21,393,00000,000000,District - Balangir,total,other,persons,141
census-india-2011,sources/census-2011/c-series/state-mdds/c01-21-odisha.xls,3cfc1100df768aa8,census-c01-extract-v1.1.0-20260528T003617Z,C0101,21,393,00000,000000,District - Balangir,total,other,males,78
census-india-2011,sources/census-2011/c-series/state-mdds/c01-21-odisha.xls,3cfc1100df768aa8,census-c01-extract-v1.1.0-20260528T003617Z,C0101,21,393,00000,000000,District - Balangir,total,other,females,63
census-india-2011,sources/census-2011/c-series/state-mdds/c01-21-odisha.xls,3cfc1100df768aa8,census-c01-extract-v1.1.0-20260528T003617Z,C0101,21,393,00000,000000,District - Balangir,total,not_stated,persons,3342
census-india-2011,sources/census-2011/c-series/state-mdds/c01-21-odisha.xls,3cfc1100df768aa8,census-c01-extract-v1.1.0-20260528T003617Z,C0101,21,393,00000,000000,District - Balangir,total,not_stated,males,1728
census-india-2011,sources/census-2011/c-series/state-mdds/c01-21-odisha.xls,3cfc1100df768aa8,census-c01-extract-v1.1.0-20260528T003617Z,C0101,21,393,00000,000000,District - Balangir,total,not_stated,females,1614
census-india-2011,sources/census-2011/c-series/state-mdds/c01-21-odisha.xls,3cfc1100df768aa8,census-c01-extract-v1.1.0-20260528T003617Z,C0101,21,393,00000,000000,District - Balangir,rural,all,persons,1451616
census-india-2011,sources/census-2011/c-series/state-mdds/c01-21-odisha.xls,3cfc1100df768aa8,census-c01-extract-v1.1.0-20260528T003617Z,C0101,21,393,00000,000000,District - Balangir,rural,all,males,728770
census-india-2011,sources/census-2011/c-series/state-mdds/c01-21-odisha.xls,3cfc1100df768aa8,census-c01-extract-v1.1.0-20260528T003617Z,C0101,21,393,00000,000000,District - Balangir,rural,all,females,722846
census-india-2011,sources/census-2011/c-series/state-mdds/c01-21-odisha.xls,3cfc1100df768aa8,census-c01-extract-v1.1.0-20260528T003617Z,C0101,21,393,00000,000000,District - Balangir,rural,hindu,persons,1434291
census-india-2011,sources/census-2011/c-series/state-mdds/c01-21-odisha.xls,3cfc1100df768aa8,census-c01-extract-v1.1.0-20260528T003617Z,C0101,21,393,00000,000000,District - Balangir,rural,hindu,males,720058
census-india-2011,sources/census-2011/c-series/state-mdds/c01-21-odisha.xls,3cfc1100df768aa8,census-c01-extract-v1.1.0-20260528T003617Z,C0101,21,393,00000,000000,District - Balangir,rural,hindu,females,714233
census-india-2011,sources/census-2011/c-series/state-mdds/c01-21-odisha.xls,3cfc1100df768aa8,census-c01-extract-v1.1.0-20260528T003617Z,C0101,21,393,00000,000000,District - Balangir,rural,muslim,persons,3082
census-india-2011,sources/census-2011/c-series/state-mdds/c01-21-odisha.xls,3cfc1100df768aa8,census-c01-extract-v1.1.0-20260528T003617Z,C0101,21,393,00000,000000,District - Balangir,rural,muslim,males,1514
census-india-2011,sources/census-2011/c-series/state-mdds/c01-21-odisha.xls,3cfc1100df768aa8,census-c01-extract-v1.1.0-20260528T003617Z,C0101,21,393,00000,000000,District - Balangir,rural,muslim,females,1568
census-india-2011,sources/census-2011/c-series/state-mdds/c01-21-odisha.xls,3cfc1100df768aa8,census-c01-extract-v1.1.0-20260528T003617Z,C0101,21,393,00000,000000,District - Balangir,rural,christian,persons,10116
census-india-2011,sources/census-2011/c-series/state-mdds/c01-21-odisha.xls,3cfc1100df768aa8,census-c01-extract-v1.1.0-20260528T003617Z,C0101,21,393,00000,000000,District - Balangir,rural,christian,males,5059
census-india-2011,sources/census-2011/c-series/state-mdds/c01-21-odisha.xls,3cfc1100df768aa8,census-c01-extract-v1.1.0-20260528T003617Z,C0101,21,393,00000,000000,District - Balangir,rural,christian,females,5057
census-india-2011,sources/census-2011/c-series/state-mdds/c01-21-odisha.xls,3cfc1100df768aa8,census-c01-extract-v1.1.0-20260528T003617Z,C0101,21,393,00000,000000,District - Balangir,rural,sikh,persons,196
census-india-2011,sources/census-2011/c-series/state-mdds/c01-21-odisha.xls,3cfc1100df768aa8,census-c01-extract-v1.1.0-20260528T003617Z,C0101,21,393,00000,000000,District - Balangir,rural,sikh,males,100
census-india-2011,sources/census-2011/c-series/state-mdds/c01-21-odisha.xls,3cfc1100df768aa8,census-c01-extract-v1.1.0-20260528T003617Z,C0101,21,393,00000,000000,District - Balangir,rural,sikh,females,96
census-india-2011,sources/census-2011/c-series/state-mdds/c01-21-odisha.xls,3cfc1100df768aa8,census-c01-extract-v1.1.0-20260528T003617Z,C0101,21,393,00000,000000,District - Balangir,rural,buddhist,persons,298
census-india-2011,sources/census-2011/c-series/state-mdds/c01-21-odisha.xls,3cfc1100df768aa8,census-c01-extract-v1.1.0-20260528T003617Z,C0101,21,393,00000,000000,District - Balangir,rural,buddhist,males,166
census-india-2011,sources/census-2011/c-series/state-mdds/c01-21-odisha.xls,3cfc1100df768aa8,census-c01-extract-v1.1.0-20260528T003617Z,C0101,21,393,00000,000000,District - Balangir,rural,buddhist,females,132
census-india-2011,sources/census-2011/c-series/state-mdds/c01-21-odisha.xls,3cfc1100df768aa8,census-c01-extract-v1.1.0-20260528T003617Z,C0101,21,393,00000,000000,District - Balangir,rural,jain,persons,880
census-india-2011,sources/census-2011/c-series/state-mdds/c01-21-odisha.xls,3cfc1100df768aa8,census-c01-extract-v1.1.0-20260528T003617Z,C0101,21,393,00000,000000,District - Balangir,rural,jain,males,461
census-india-2011,sources/census-2011/c-series/state-mdds/c01-21-odisha.xls,3cfc1100df768aa8,census-c01-extract-v1.1.0-20260528T003617Z,C0101,21,393,00000,000000,District - Balangir,rural,jain,females,419
census-india-2011,sources/census-2011/c-series/state-mdds/c01-21-odisha.xls,3cfc1100df768aa8,census-c01-extract-v1.1.0-20260528T003617Z,C0101,21,393,00000,000000,District - Balangir,rural,other,persons,120
census-india-2011,sources/census-2011/c-series/state-mdds/c01-21-odisha.xls,3cfc1100df768aa8,census-c01-extract-v1.1.0-20260528T003617Z,C0101,21,393,00000,000000,District - Balangir,rural,other,males,67
census-india-2011,sources/census-2011/c-series/state-mdds/c01-21-odisha.xls,3cfc1100df768aa8,census-c01-extract-v1.1.0-20260528T003617Z,C0101,21,393,00000,000000,District - Balangir,rural,other,females,53
census-india-2011,sources/census-2011/c-series/state-mdds/c01-21-odisha.xls,3cfc1100df768aa8,census-c01-extract-v1.1.0-20260528T003617Z,C0101,21,393,00000,000000,District - Balangir,rural,not_stated,persons,2633
census-india-2011,sources/census-2011/c-series/state-mdds/c01-21-odisha.xls,3cfc1100df768aa8,census-c01-extract-v1.1.0-20260528T003617Z,C0101,21,393,00000,000000,District - Balangir,rural,not_stated,males,1345
census-india-2011,sources/census-2011/c-series/state-mdds/c01-21-odisha.xls,3cfc1100df768aa8,census-c01-extract-v1.1.0-20260528T003617Z,C0101,21,393,00000,000000,District - Balangir,rural,not_stated,females,1288
census-india-2011,sources/census-2011/c-series/state-mdds/c01-21-odisha.xls,3cfc1100df768aa8,census-c01-extract-v1.1.0-20260528T003617Z,C0101,21,393,00000,000000,District - Balangir,urban,all,persons,197381
census-india-2011,sources/census-2011/c-series/state-mdds/c01-21-odisha.xls,3cfc1100df768aa8,census-c01-extract-v1.1.0-20260528T003617Z,C0101,21,393,00000,000000,District - Balangir,urban,all,males,101327
census-india-2011,sources/census-2011/c-series/state-mdds/c01-21-odisha.xls,3cfc1100df768aa8,census-c01-extract-v1.1.0-20260528T003617Z,C0101,21,393,00000,000000,District - Balangir,urban,all,females,96054
census-india-2011,sources/census-2011/c-series/state-mdds/c01-21-odisha.xls,3cfc1100df768aa8,census-c01-extract-v1.1.0-20260528T003617Z,C0101,21,393,00000,000000,District - Balangir,urban,hindu,persons,183884
census-india-2011,sources/census-2011/c-series/state-mdds/c01-21-odisha.xls,3cfc1100df768aa8,census-c01-extract-v1.1.0-20260528T003617Z,C0101,21,393,00000,000000,District - Balangir,urban,hindu,males,94379
census-india-2011,sources/census-2011/c-series/state-mdds/c01-21-odisha.xls,3cfc1100df768aa8,census-c01-extract-v1.1.0-20260528T003617Z,C0101,21,393,00000,000000,District - Balangir,urban,hindu,females,89505
census-india-2011,sources/census-2011/c-series/state-mdds/c01-21-odisha.xls,3cfc1100df768aa8,census-c01-extract-v1.1.0-20260528T003617Z,C0101,21,393,00000,000000,District - Balangir,urban,muslim,persons,4729
census-india-2011,sources/census-2011/c-series/state-mdds/c01-21-odisha.xls,3cfc1100df768aa8,census-c01-extract-v1.1.0-20260528T003617Z,C0101,21,393,00000,000000,District - Balangir,urban,muslim,males,2467
census-india-2011,sources/census-2011/c-series/state-mdds/c01-21-odisha.xls,3cfc1100df768aa8,census-c01-extract-v1.1.0-20260528T003617Z,C0101,21,393,00000,000000,District - Balangir,urban,muslim,females,2262
census-india-2011,sources/census-2011/c-series/state-mdds/c01-21-odisha.xls,3cfc1100df768aa8,census-c01-extract-v1.1.0-20260528T003617Z,C0101,21,393,00000,000000,District - Balangir,urban,christian,persons,6155
census-india-2011,sources/census-2011/c-series/state-mdds/c01-21-odisha.xls,3cfc1100df768aa8,census-c01-extract-v1.1.0-20260528T003617Z,C0101,21,393,00000,000000,District - Balangir,urban,christian,males,3072
census-india-2011,sources/census-2011/c-series/state-mdds/c01-21-odisha.xls,3cfc1100df768aa8,census-c01-extract-v1.1.0-20260528T003617Z,C0101,21,393,00000,000000,District - Balangir,urban,christian,females,3083
census-india-2011,sources/census-2011/c-series/state-mdds/c01-21-odisha.xls,3cfc1100df768aa8,census-c01-extract-v1.1.0-20260528T003617Z,C0101,21,393,00000,000000,District - Balangir,urban,sikh,persons,369
census-india-2011,sources/census-2011/c-series/state-mdds/c01-21-odisha.xls,3cfc1100df768aa8,census-c01-extract-v1.1.0-20260528T003617Z,C0101,21,393,00000,000000,District - Balangir,urban,sikh,males,214
census-india-2011,sources/census-2011/c-series/state-mdds/c01-21-odisha.xls,3cfc1100df768aa8,census-c01-extract-v1.1.0-20260528T003617Z,C0101,21,393,00000,000000,District - Balangir,urban,sikh,females,155
census-india-2011,sources/census-2011/c-series/state-mdds/c01-21-odisha.xls,3cfc1100df768aa8,census-c01-extract-v1.1.0-20260528T003617Z,C0101,21,393,00000,000000,District - Balangir,urban,buddhist,persons,169
census-india-2011,sources/census-2011/c-series/state-mdds/c01-21-odisha.xls,3cfc1100df768aa8,census-c01-extract-v1.1.0-20260528T003617Z,C0101,21,393,00000,000000,District - Balangir,urban,buddhist,males,91
census-india-2011,sources/census-2011/c-series/state-mdds/c01-21-odisha.xls,3cfc1100df768aa8,census-c01-extract-v1.1.0-20260528T003617Z,C0101,21,393,00000,000000,District - Balangir,urban,buddhist,females,78
census-india-2011,sources/census-2011/c-series/state-mdds/c01-21-odisha.xls,3cfc1100df768aa8,census-c01-extract-v1.1.0-20260528T003617Z,C0101,21,393,00000,000000,District - Balangir,urban,jain,persons,1345
census-india-2011,sources/census-2011/c-series/state-mdds/c01-21-odisha.xls,3cfc1100df768aa8,census-c01-extract-v1.1.0-20260528T003617Z,C0101,21,393,00000,000000,District - Balangir,urban,jain,males,710
census-india-2011,sources/census-2011/c-series/state-mdds/c01-21-odisha.xls,3cfc1100df768aa8,census-c01-extract-v1.1.0-20260528T003617Z,C0101,21,393,00000,000000,District - Balangir,urban,jain,females,635
census-india-2011,sources/census-2011/c-series/state-mdds/c01-21-odisha.xls,3cfc1100df768aa8,census-c01-extract-v1.1.0-20260528T003617Z,C0101,21,393,00000,000000,District - Balangir,urban,other,persons,21
census-india-2011,sources/census-2011/c-series/state-mdds/c01-21-odisha.xls,3cfc1100df768aa8,census-c01-extract-v1.1.0-20260528T003617Z,C0101,21,393,00000,000000,District - Balangir,urban,other,males,11
census-india-2011,sources/census-2011/c-series/state-mdds/c01-21-odisha.xls,3cfc1100df768aa8,census-c01-extract-v1.1.0-20260528T003617Z,C0101,21,393,00000,000000,District - Balangir,urban,other,females,10
census-india-2011,sources/census-2011/c-series/state-mdds/c01-21-odisha.xls,3cfc1100df768aa8,census-c01-extract-v1.1.0-20260528T003617Z,C0101,21,393,00000,000000,District - Balangir,urban,not_stated,persons,709
census-india-2011,sources/census-2011/c-series/state-mdds/c01-21-odisha.xls,3cfc1100df768aa8,census-c01-extract-v1.1.0-20260528T003617Z,C0101,21,393,00000,000000,District - Balangir,urban,not_stated,males,383
census-india-2011,sources/census-2011/c-series/state-mdds/c01-21-odisha.xls,3cfc1100df768aa8,census-c01-extract-v1.1.0-20260528T003617Z,C0101,21,393,00000,000000,District - Balangir,urban,not_stated,females,326
census-india-2011,sources/census-2011/c-series/state-mdds/c01-21-odisha.xls,3cfc1100df768aa8,census-c01-extract-v1.1.0-20260528T003617Z,C0101,21,394,00000,000000,District - Nuapada,total,all,persons,610382
census-india-2011,sources/census-2011/c-series/state-mdds/c01-21-odisha.xls,3cfc1100df768aa8,census-c01-extract-v1.1.0-20260528T003617Z,C0101,21,394,00000,000000,District - Nuapada,total,all,males,301962
census-india-2011,sources/census-2011/c-series/state-mdds/c01-21-odisha.xls,3cfc1100df768aa8,census-c01-extract-v1.1.0-20260528T003617Z,C0101,21,394,00000,000000,District - Nuapada,total,all,females,308420
census-india-2011,sources/census-2011/c-series/state-mdds/c01-21-odisha.xls,3cfc1100df768aa8,census-c01-extract-v1.1.0-20260528T003617Z,C0101,21,394,00000,000000,District - Nuapada,total,hindu,persons,601092
census-india-2011,sources/census-2011/c-series/state-mdds/c01-21-odisha.xls,3cfc1100df768aa8,census-c01-extract-v1.1.0-20260528T003617Z,C0101,21,394,00000,000000,District - Nuapada,total,hindu,males,297284
census-india-2011,sources/census-2011/c-series/state-mdds/c01-21-odisha.xls,3cfc1100df768aa8,census-c01-extract-v1.1.0-20260528T003617Z,C0101,21,394,00000,000000,District - Nuapada,total,hindu,females,303808
census-india-2011,sources/census-2011/c-series/state-mdds/c01-21-odisha.xls,3cfc1100df768aa8,census-c01-extract-v1.1.0-20260528T003617Z,C0101,21,394,00000,000000,District - Nuapada,total,muslim,persons,4952
census-india-2011,sources/census-2011/c-series/state-mdds/c01-21-odisha.xls,3cfc1100df768aa8,census-c01-extract-v1.1.0-20260528T003617Z,C0101,21,394,00000,000000,District - Nuapada,total,muslim,males,2509
census-india-2011,sources/census-2011/c-series/state-mdds/c01-21-odisha.xls,3cfc1100df768aa8,census-c01-extract-v1.1.0-20260528T003617Z,C0101,21,394,00000,000000,District - Nuapada,total,muslim,females,2443
census-india-2011,sources/census-2011/c-series/state-mdds/c01-21-odisha.xls,3cfc1100df768aa8,census-c01-extract-v1.1.0-20260528T003617Z,C0101,21,394,00000,000000,District - Nuapada,total,christian,persons,1778
census-india-2011,sources/census-2011/c-series/state-mdds/c01-21-odisha.xls,3cfc1100df768aa8,census-c01-extract-v1.1.0-20260528T003617Z,C0101,21,394,00000,000000,District - Nuapada,total,christian,males,856
census-india-2011,sources/census-2011/c-series/state-mdds/c01-21-odisha.xls,3cfc1100df768aa8,census-c01-extract-v1.1.0-20260528T003617Z,C0101,21,394,00000,000000,District - Nuapada,total,christian,females,922
census-india-2011,sources/census-2011/c-series/state-mdds/c01-21-odisha.xls,3cfc1100df768aa8,census-c01-extract-v1.1.0-20260528T003617Z,C0101,21,394,00000,000000,District - Nuapada,total,sikh,persons,724
census-india-2011,sources/census-2011/c-series/state-mdds/c01-21-odisha.xls,3cfc1100df768aa8,census-c01-extract-v1.1.0-20260528T003617Z,C0101,21,394,00000,000000,District - Nuapada,total,sikh,males,363
census-india-2011,sources/census-2011/c-series/state-mdds/c01-21-odisha.xls,3cfc1100df768aa8,census-c01-extract-v1.1.0-20260528T003617Z,C0101,21,394,00000,000000,District - Nuapada,total,sikh,females,361
census-india-2011,sources/census-2011/c-series/state-mdds/c01-21-odisha.xls,3cfc1100df768aa8,census-c01-extract-v1.1.0-20260528T003617Z,C0101,21,394,00000,000000,District - Nuapada,total,buddhist,persons,76
census-india-2011,sources/census-2011/c-series/state-mdds/c01-21-odisha.xls,3cfc1100df768aa8,census-c01-extract-v1.1.0-20260528T003617Z,C0101,21,394,00000,000000,District - Nuapada,total,buddhist,males,45
census-india-2011,sources/census-2011/c-series/state-mdds/c01-21-odisha.xls,3cfc1100df768aa8,census-c01-extract-v1.1.0-20260528T003617Z,C0101,21,394,00000,000000,District - Nuapada,total,buddhist,females,31
census-india-2011,sources/census-2011/c-series/state-mdds/c01-21-odisha.xls,3cfc1100df768aa8,census-c01-extract-v1.1.0-20260528T003617Z,C0101,21,394,00000,000000,District - Nuapada,total,jain,persons,905
census-india-2011,sources/census-2011/c-series/state-mdds/c01-21-odisha.xls,3cfc1100df768aa8,census-c01-extract-v1.1.0-20260528T003617Z,C0101,21,394,00000,000000,District - Nuapada,total,jain,males,463
census-india-2011,sources/census-2011/c-series/state-mdds/c01-21-odisha.xls,3cfc1100df768aa8,census-c01-extract-v1.1.0-20260528T003617Z,C0101,21,394,00000,000000,District - Nuapada,total,jain,females,442
census-india-2011,sources/census-2011/c-series/state-mdds/c01-21-odisha.xls,3cfc1100df768aa8,census-c01-extract-v1.1.0-20260528T003617Z,C0101,21,394,00000,000000,District - Nuapada,total,other,persons,22
census-india-2011,sources/census-2011/c-series/state-mdds/c01-21-odisha.xls,3cfc1100df768aa8,census-c01-extract-v1.1.0-20260528T003617Z,C0101,21,394,00000,000000,District - Nuapada,total,other,males,11
census-india-2011,sources/census-2011/c-series/state-mdds/c01-21-odisha.xls,3cfc1100df768aa8,census-c01-extract-v1.1.0-20260528T003617Z,C0101,21,394,00000,000000,District - Nuapada,total,other,females,11
census-india-2011,sources/census-2011/c-series/state-mdds/c01-21-odisha.xls,3cfc1100df768aa8,census-c01-extract-v1.1.0-20260528T003617Z,C0101,21,394,00000,000000,District - Nuapada,total,not_stated,persons,833
census-india-2011,sources/census-2011/c-series/state-mdds/c01-21-odisha.xls,3cfc1100df768aa8,census-c01-extract-v1.1.0-20260528T003617Z,C0101,21,394,00000,000000,District - Nuapada,total,not_stated,males,431
census-india-2011,sources/census-2011/c-series/state-mdds/c01-21-odisha.xls,3cfc1100df768aa8,census-c01-extract-v1.1.0-20260528T003617Z,C0101,21,394,00000,000000,District - Nuapada,total,not_stated,females,402
census-india-2011,sources/census-2011/c-series/state-mdds/c01-21-odisha.xls,3cfc1100df768aa8,census-c01-extract-v1.1.0-20260528T003617Z,C0101,21,394,00000,000000,District - Nuapada,rural,all,persons,576328
census-india-2011,sources/census-2011/c-series/state-mdds/c01-21-odisha.xls,3cfc1100df768aa8,census-c01-extract-v1.1.0-20260528T003617Z,C0101,21,394,00000,000000,District - Nuapada,rural,all,males,284792
census-india-2011,sources/census-2011/c-series/state-mdds/c01-21-odisha.xls,3cfc1100df768aa8,census-c01-extract-v1.1.0-20260528T003617Z,C0101,21,394,00000,000000,District - Nuapada,rural,all,females,291536
census-india-2011,sources/census-2011/c-series/state-mdds/c01-21-odisha.xls,3cfc1100df768aa8,census-c01-extract-v1.1.0-20260528T003617Z,C0101,21,394,00000,000000,District - Nuapada,rural,hindu,persons,571073
census-india-2011,sources/census-2011/c-series/state-mdds/c01-21-odisha.xls,3cfc1100df768aa8,census-c01-extract-v1.1.0-20260528T003617Z,C0101,21,394,00000,000000,District - Nuapada,rural,hindu,males,282134
census-india-2011,sources/census-2011/c-series/state-mdds/c01-21-odisha.xls,3cfc1100df768aa8,census-c01-extract-v1.1.0-20260528T003617Z,C0101,21,394,00000,000000,District - Nuapada,rural,hindu,females,288939
census-india-2011,sources/census-2011/c-series/state-mdds/c01-21-odisha.xls,3cfc1100df768aa8,census-c01-extract-v1.1.0-20260528T003617Z,C0101,21,394,00000,000000,District - Nuapada,rural,muslim,persons,2822
census-india-2011,sources/census-2011/c-series/state-mdds/c01-21-odisha.xls,3cfc1100df768aa8,census-c01-extract-v1.1.0-20260528T003617Z,C0101,21,394,00000,000000,District - Nuapada,rural,muslim,males,1440
census-india-2011,sources/census-2011/c-series/state-mdds/c01-21-odisha.xls,3cfc1100df768aa8,census-c01-extract-v1.1.0-20260528T003617Z,C0101,21,394,00000,000000,District - Nuapada,rural,muslim,females,1382
census-india-2011,sources/census-2011/c-series/state-mdds/c01-21-odisha.xls,3cfc1100df768aa8,census-c01-extract-v1.1.0-20260528T003617Z,C0101,21,394,00000,000000,District - Nuapada,rural,christian,persons,1151
census-india-2011,sources/census-2011/c-series/state-mdds/c01-21-odisha.xls,3cfc1100df768aa8,census-c01-extract-v1.1.0-20260528T003617Z,C0101,21,394,00000,000000,District - Nuapada,rural,christian,males,551
census-india-2011,sources/census-2011/c-series/state-mdds/c01-21-odisha.xls,3cfc1100df768aa8,census-c01-extract-v1.1.0-20260528T003617Z,C0101,21,394,00000,000000,District - Nuapada,rural,christian,females,600
census-india-2011,sources/census-2011/c-series/state-mdds/c01-21-odisha.xls,3cfc1100df768aa8,census-c01-extract-v1.1.0-20260528T003617Z,C0101,21,394,00000,000000,District - Nuapada,rural,sikh,persons,80
census-india-2011,sources/census-2011/c-series/state-mdds/c01-21-odisha.xls,3cfc1100df768aa8,census-c01-extract-v1.1.0-20260528T003617Z,C0101,21,394,00000,000000,District - Nuapada,rural,sikh,males,37
census-india-2011,sources/census-2011/c-series/state-mdds/c01-21-odisha.xls,3cfc1100df768aa8,census-c01-extract-v1.1.0-20260528T003617Z,C0101,21,394,00000,000000,District - Nuapada,rural,sikh,females,43
census-india-2011,sources/census-2011/c-series/state-mdds/c01-21-odisha.xls,3cfc1100df768aa8,census-c01-extract-v1.1.0-20260528T003617Z,C0101,21,394,00000,000000,District - Nuapada,rural,buddhist,persons,75
census-india-2011,sources/census-2011/c-series/state-mdds/c01-21-odisha.xls,3cfc1100df768aa8,census-c01-extract-v1.1.0-20260528T003617Z,C0101,21,394,00000,000000,District - Nuapada,rural,buddhist,males,45
census-india-2011,sources/census-2011/c-series/state-mdds/c01-21-odisha.xls,3cfc1100df768aa8,census-c01-extract-v1.1.0-20260528T003617Z,C0101,21,394,00000,000000,District - Nuapada,rural,buddhist,females,30
census-india-2011,sources/census-2011/c-series/state-mdds/c01-21-odisha.xls,3cfc1100df768aa8,census-c01-extract-v1.1.0-20260528T003617Z,C0101,21,394,00000,000000,District - Nuapada,rural,jain,persons,294
census-india-2011,sources/census-2011/c-series/state-mdds/c01-21-odisha.xls,3cfc1100df768aa8,census-c01-extract-v1.1.0-20260528T003617Z,C0101,21,394,00000,000000,District - Nuapada,rural,jain,males,153
census-india-2011,sources/census-2011/c-series/state-mdds/c01-21-odisha.xls,3cfc1100df768aa8,census-c01-extract-v1.1.0-20260528T003617Z,C0101,21,394,00000,000000,District - Nuapada,rural,jain,females,141
census-india-2011,sources/census-2011/c-series/state-mdds/c01-21-odisha.xls,3cfc1100df768aa8,census-c01-extract-v1.1.0-20260528T003617Z,C0101,21,394,00000,000000,District - Nuapada,rural,other,persons,22
census-india-2011,sources/census-2011/c-series/state-mdds/c01-21-odisha.xls,3cfc1100df768aa8,census-c01-extract-v1.1.0-20260528T003617Z,C0101,21,394,00000,000000,District - Nuapada,rural,other,males,11
census-india-2011,sources/census-2011/c-series/state-mdds/c01-21-odisha.xls,3cfc1100df768aa8,census-c01-extract-v1.1.0-20260528T003617Z,C0101,21,394,00000,000000,District - Nuapada,rural,other,females,11
census-india-2011,sources/census-2011/c-series/state-mdds/c01-21-odisha.xls,3cfc1100df768aa8,census-c01-extract-v1.1.0-20260528T003617Z,C0101,21,394,00000,000000,District - Nuapada,rural,not_stated,persons,811
census-india-2011,sources/census-2011/c-series/state-mdds/c01-21-odisha.xls,3cfc1100df768aa8,census-c01-extract-v1.1.0-20260528T003617Z,C0101,21,394,00000,000000,District - Nuapada,rural,not_stated,males,421
census-india-2011,sources/census-2011/c-series/state-mdds/c01-21-odisha.xls,3cfc1100df768aa8,census-c01-extract-v1.1.0-20260528T003617Z,C0101,21,394,00000,000000,District - Nuapada,rural,not_stated,females,390
census-india-2011,sources/census-2011/c-series/state-mdds/c01-21-odisha.xls,3cfc1100df768aa8,census-c01-extract-v1.1.0-20260528T003617Z,C0101,21,394,00000,000000,District - Nuapada,urban,all,persons,34054
census-india-2011,sources/census-2011/c-series/state-mdds/c01-21-odisha.xls,3cfc1100df768aa8,census-c01-extract-v1.1.0-20260528T003617Z,C0101,21,394,00000,000000,District - Nuapada,urban,all,males,17170
census-india-2011,sources/census-2011/c-series/state-mdds/c01-21-odisha.xls,3cfc1100df768aa8,census-c01-extract-v1.1.0-20260528T003617Z,C0101,21,394,00000,000000,District - Nuapada,urban,all,females,16884
census-india-2011,sources/census-2011/c-series/state-mdds/c01-21-odisha.xls,3cfc1100df768aa8,census-c01-extract-v1.1.0-20260528T003617Z,C0101,21,394,00000,000000,District - Nuapada,urban,hindu,persons,30019
census-india-2011,sources/census-2011/c-series/state-mdds/c01-21-odisha.xls,3cfc1100df768aa8,census-c01-extract-v1.1.0-20260528T003617Z,C0101,21,394,00000,000000,District - Nuapada,urban,hindu,males,15150
census-india-2011,sources/census-2011/c-series/state-mdds/c01-21-odisha.xls,3cfc1100df768aa8,census-c01-extract-v1.1.0-20260528T003617Z,C0101,21,394,00000,000000,District - Nuapada,urban,hindu,females,14869
census-india-2011,sources/census-2011/c-series/state-mdds/c01-21-odisha.xls,3cfc1100df768aa8,census-c01-extract-v1.1.0-20260528T003617Z,C0101,21,394,00000,000000,District - Nuapada,urban,muslim,persons,2130
census-india-2011,sources/census-2011/c-series/state-mdds/c01-21-odisha.xls,3cfc1100df768aa8,census-c01-extract-v1.1.0-20260528T003617Z,C0101,21,394,00000,000000,District - Nuapada,urban,muslim,males,1069
census-india-2011,sources/census-2011/c-series/state-mdds/c01-21-odisha.xls,3cfc1100df768aa8,census-c01-extract-v1.1.0-20260528T003617Z,C0101,21,394,00000,000000,District - Nuapada,urban,muslim,females,1061
census-india-2011,sources/census-2011/c-series/state-mdds/c01-21-odisha.xls,3cfc1100df768aa8,census-c01-extract-v1.1.0-20260528T003617Z,C0101,21,394,00000,000000,District - Nuapada,urban,christian,persons,627
census-india-2011,sources/census-2011/c-series/state-mdds/c01-21-odisha.xls,3cfc1100df768aa8,census-c01-extract-v1.1.0-20260528T003617Z,C0101,21,394,00000,000000,District - Nuapada,urban,christian,males,305
census-india-2011,sources/census-2011/c-series/state-mdds/c01-21-odisha.xls,3cfc1100df768aa8,census-c01-extract-v1.1.0-20260528T003617Z,C0101,21,394,00000,000000,District - Nuapada,urban,christian,females,322
census-india-2011,sources/census-2011/c-series/state-mdds/c01-21-odisha.xls,3cfc1100df768aa8,census-c01-extract-v1.1.0-20260528T003617Z,C0101,21,394,00000,000000,District - Nuapada,urban,sikh,persons,644
census-india-2011,sources/census-2011/c-series/state-mdds/c01-21-odisha.xls,3cfc1100df768aa8,census-c01-extract-v1.1.0-20260528T003617Z,C0101,21,394,00000,000000,District - Nuapada,urban,sikh,males,326
census-india-2011,sources/census-2011/c-series/state-mdds/c01-21-odisha.xls,3cfc1100df768aa8,census-c01-extract-v1.1.0-20260528T003617Z,C0101,21,394,00000,000000,District - Nuapada,urban,sikh,females,318
census-india-2011,sources/census-2011/c-series/state-mdds/c01-21-odisha.xls,3cfc1100df768aa8,census-c01-extract-v1.1.0-20260528T003617Z,C0101,21,394,00000,000000,District - Nuapada,urban,buddhist,persons,1
census-india-2011,sources/census-2011/c-series/state-mdds/c01-21-odisha.xls,3cfc1100df768aa8,census-c01-extract-v1.1.0-20260528T003617Z,C0101,21,394,00000,000000,District - Nuapada,urban,buddhist,males,0
census-india-2011,sources/census-2011/c-series/state-mdds/c01-21-odisha.xls,3cfc1100df768aa8,census-c01-extract-v1.1.0-20260528T003617Z,C0101,21,394,00000,000000,District - Nuapada,urban,buddhist,females,1
census-india-2011,sources/census-2011/c-series/state-mdds/c01-21-odisha.xls,3cfc1100df768aa8,census-c01-extract-v1.1.0-20260528T003617Z,C0101,21,394,00000,000000,District - Nuapada,urban,jain,persons,611
census-india-2011,sources/census-2011/c-series/state-mdds/c01-21-odisha.xls,3cfc1100df768aa8,census-c01-extract-v1.1.0-20260528T003617Z,C0101,21,394,00000,000000,District - Nuapada,urban,jain,males,310
census-india-2011,sources/census-2011/c-series/state-mdds/c01-21-odisha.xls,3cfc1100df768aa8,census-c01-extract-v1.1.0-20260528T003617Z,C0101,21,394,00000,000000,District - Nuapada,urban,jain,females,301
census-india-2011,sources/census-2011/c-series/state-mdds/c01-21-odisha.xls,3cfc1100df768aa8,census-c01-extract-v1.1.0-20260528T003617Z,C0101,21,394,00000,000000,District - Nuapada,urban,other,persons,0
census-india-2011,sources/census-2011/c-series/state-mdds/c01-21-odisha.xls,3cfc1100df768aa8,census-c01-extract-v1.1.0-20260528T003617Z,C0101,21,394,00000,000000,District - Nuapada,urban,other,males,0
census-india-2011,sources/census-2011/c-series/state-mdds/c01-21-odisha.xls,3cfc1100df768aa8,census-c01-extract-v1.1.0-20260528T003617Z,C0101,21,394,00000,000000,District - Nuapada,urban,other,females,0
census-india-2011,sources/census-2011/c-series/state-mdds/c01-21-odisha.xls,3cfc1100df768aa8,census-c01-extract-v1.1.0-20260528T003617Z,C0101,21,394,00000,000000,District - Nuapada,urban,not_stated,persons,22
census-india-2011,sources/census-2011/c-series/state-mdds/c01-21-odisha.xls,3cfc1100df768aa8,census-c01-extract-v1.1.0-20260528T003617Z,C0101,21,394,00000,000000,District - Nuapada,urban,not_stated,males,10
census-india-2011,sources/census-2011/c-series/state-mdds/c01-21-odisha.xls,3cfc1100df768aa8,census-c01-extract-v1.1.0-20260528T003617Z,C0101,21,394,00000,000000,District - Nuapada,urban,not_stated,females,12
census-india-2011,sources/census-2011/c-series/state-mdds/c01-21-odisha.xls,3cfc1100df768aa8,census-c01-extract-v1.1.0-20260528T003617Z,C0101,21,395,00000,000000,District - Kalahandi,total,all,persons,1576869
census-india-2011,sources/census-2011/c-series/state-mdds/c01-21-odisha.xls,3cfc1100df768aa8,census-c01-extract-v1.1.0-20260528T003617Z,C0101,21,395,00000,000000,District - Kalahandi,total,all,males,787101
census-india-2011,sources/census-2011/c-series/state-mdds/c01-21-odisha.xls,3cfc1100df768aa8,census-c01-extract-v1.1.0-20260528T003617Z,C0101,21,395,00000,000000,District - Kalahandi,total,all,females,789768
census-india-2011,sources/census-2011/c-series/state-mdds/c01-21-odisha.xls,3cfc1100df768aa8,census-c01-extract-v1.1.0-20260528T003617Z,C0101,21,395,00000,000000,District - Kalahandi,total,hindu,persons,1555367
census-india-2011,sources/census-2011/c-series/state-mdds/c01-21-odisha.xls,3cfc1100df768aa8,census-c01-extract-v1.1.0-20260528T003617Z,C0101,21,395,00000,000000,District - Kalahandi,total,hindu,males,776421
census-india-2011,sources/census-2011/c-series/state-mdds/c01-21-odisha.xls,3cfc1100df768aa8,census-c01-extract-v1.1.0-20260528T003617Z,C0101,21,395,00000,000000,District - Kalahandi,total,hindu,females,778946
census-india-2011,sources/census-2011/c-series/state-mdds/c01-21-odisha.xls,3cfc1100df768aa8,census-c01-extract-v1.1.0-20260528T003617Z,C0101,21,395,00000,000000,District - Kalahandi,total,muslim,persons,4975
census-india-2011,sources/census-2011/c-series/state-mdds/c01-21-odisha.xls,3cfc1100df768aa8,census-c01-extract-v1.1.0-20260528T003617Z,C0101,21,395,00000,000000,District - Kalahandi,total,muslim,males,2452
census-india-2011,sources/census-2011/c-series/state-mdds/c01-21-odisha.xls,3cfc1100df768aa8,census-c01-extract-v1.1.0-20260528T003617Z,C0101,21,395,00000,000000,District - Kalahandi,total,muslim,females,2523
census-india-2011,sources/census-2011/c-series/state-mdds/c01-21-odisha.xls,3cfc1100df768aa8,census-c01-extract-v1.1.0-20260528T003617Z,C0101,21,395,00000,000000,District - Kalahandi,total,christian,persons,11160
census-india-2011,sources/census-2011/c-series/state-mdds/c01-21-odisha.xls,3cfc1100df768aa8,census-c01-extract-v1.1.0-20260528T003617Z,C0101,21,395,00000,000000,District - Kalahandi,total,christian,males,5494
census-india-2011,sources/census-2011/c-series/state-mdds/c01-21-odisha.xls,3cfc1100df768aa8,census-c01-extract-v1.1.0-20260528T003617Z,C0101,21,395,00000,000000,District - Kalahandi,total,christian,females,5666
census-india-2011,sources/census-2011/c-series/state-mdds/c01-21-odisha.xls,3cfc1100df768aa8,census-c01-extract-v1.1.0-20260528T003617Z,C0101,21,395,00000,000000,District - Kalahandi,total,sikh,persons,796
census-india-2011,sources/census-2011/c-series/state-mdds/c01-21-odisha.xls,3cfc1100df768aa8,census-c01-extract-v1.1.0-20260528T003617Z,C0101,21,395,00000,000000,District - Kalahandi,total,sikh,males,408
census-india-2011,sources/census-2011/c-series/state-mdds/c01-21-odisha.xls,3cfc1100df768aa8,census-c01-extract-v1.1.0-20260528T003617Z,C0101,21,395,00000,000000,District - Kalahandi,total,sikh,females,388
census-india-2011,sources/census-2011/c-series/state-mdds/c01-21-odisha.xls,3cfc1100df768aa8,census-c01-extract-v1.1.0-20260528T003617Z,C0101,21,395,00000,000000,District - Kalahandi,total,buddhist,persons,175
census-india-2011,sources/census-2011/c-series/state-mdds/c01-21-odisha.xls,3cfc1100df768aa8,census-c01-extract-v1.1.0-20260528T003617Z,C0101,21,395,00000,000000,District - Kalahandi,total,buddhist,males,93
census-india-2011,sources/census-2011/c-series/state-mdds/c01-21-odisha.xls,3cfc1100df768aa8,census-c01-extract-v1.1.0-20260528T003617Z,C0101,21,395,00000,000000,District - Kalahandi,total,buddhist,females,82
census-india-2011,sources/census-2011/c-series/state-mdds/c01-21-odisha.xls,3cfc1100df768aa8,census-c01-extract-v1.1.0-20260528T003617Z,C0101,21,395,00000,000000,District - Kalahandi,total,jain,persons,1225
census-india-2011,sources/census-2011/c-series/state-mdds/c01-21-odisha.xls,3cfc1100df768aa8,census-c01-extract-v1.1.0-20260528T003617Z,C0101,21,395,00000,000000,District - Kalahandi,total,jain,males,639
census-india-2011,sources/census-2011/c-series/state-mdds/c01-21-odisha.xls,3cfc1100df768aa8,census-c01-extract-v1.1.0-20260528T003617Z,C0101,21,395,00000,000000,District - Kalahandi,total,jain,females,586
census-india-2011,sources/census-2011/c-series/state-mdds/c01-21-odisha.xls,3cfc1100df768aa8,census-c01-extract-v1.1.0-20260528T003617Z,C0101,21,395,00000,000000,District - Kalahandi,total,other,persons,220
census-india-2011,sources/census-2011/c-series/state-mdds/c01-21-odisha.xls,3cfc1100df768aa8,census-c01-extract-v1.1.0-20260528T003617Z,C0101,21,395,00000,000000,District - Kalahandi,total,other,males,95
census-india-2011,sources/census-2011/c-series/state-mdds/c01-21-odisha.xls,3cfc1100df768aa8,census-c01-extract-v1.1.0-20260528T003617Z,C0101,21,395,00000,000000,District - Kalahandi,total,other,females,125
census-india-2011,sources/census-2011/c-series/state-mdds/c01-21-odisha.xls,3cfc1100df768aa8,census-c01-extract-v1.1.0-20260528T003617Z,C0101,21,395,00000,000000,District - Kalahandi,total,not_stated,persons,2951
census-india-2011,sources/census-2011/c-series/state-mdds/c01-21-odisha.xls,3cfc1100df768aa8,census-c01-extract-v1.1.0-20260528T003617Z,C0101,21,395,00000,000000,District - Kalahandi,total,not_stated,males,1499
census-india-2011,sources/census-2011/c-series/state-mdds/c01-21-odisha.xls,3cfc1100df768aa8,census-c01-extract-v1.1.0-20260528T003617Z,C0101,21,395,00000,000000,District - Kalahandi,total,not_stated,females,1452
census-india-2011,sources/census-2011/c-series/state-mdds/c01-21-odisha.xls,3cfc1100df768aa8,census-c01-extract-v1.1.0-20260528T003617Z,C0101,21,395,00000,000000,District - Kalahandi,rural,all,persons,1454882
census-india-2011,sources/census-2011/c-series/state-mdds/c01-21-odisha.xls,3cfc1100df768aa8,census-c01-extract-v1.1.0-20260528T003617Z,C0101,21,395,00000,000000,District - Kalahandi,rural,all,males,724646
census-india-2011,sources/census-2011/c-series/state-mdds/c01-21-odisha.xls,3cfc1100df768aa8,census-c01-extract-v1.1.0-20260528T003617Z,C0101,21,395,00000,000000,District - Kalahandi,rural,all,females,730236
census-india-2011,sources/census-2011/c-series/state-mdds/c01-21-odisha.xls,3cfc1100df768aa8,census-c01-extract-v1.1.0-20260528T003617Z,C0101,21,395,00000,000000,District - Kalahandi,rural,hindu,persons,1439298
census-india-2011,sources/census-2011/c-series/state-mdds/c01-21-odisha.xls,3cfc1100df768aa8,census-c01-extract-v1.1.0-20260528T003617Z,C0101,21,395,00000,000000,District - Kalahandi,rural,hindu,males,717012
census-india-2011,sources/census-2011/c-series/state-mdds/c01-21-odisha.xls,3cfc1100df768aa8,census-c01-extract-v1.1.0-20260528T003617Z,C0101,21,395,00000,000000,District - Kalahandi,rural,hindu,females,722286
census-india-2011,sources/census-2011/c-series/state-mdds/c01-21-odisha.xls,3cfc1100df768aa8,census-c01-extract-v1.1.0-20260528T003617Z,C0101,21,395,00000,000000,District - Kalahandi,rural,muslim,persons,2171
census-india-2011,sources/census-2011/c-series/state-mdds/c01-21-odisha.xls,3cfc1100df768aa8,census-c01-extract-v1.1.0-20260528T003617Z,C0101,21,395,00000,000000,District - Kalahandi,rural,muslim,males,1009
census-india-2011,sources/census-2011/c-series/state-mdds/c01-21-odisha.xls,3cfc1100df768aa8,census-c01-extract-v1.1.0-20260528T003617Z,C0101,21,395,00000,000000,District - Kalahandi,rural,muslim,females,1162
census-india-2011,sources/census-2011/c-series/state-mdds/c01-21-odisha.xls,3cfc1100df768aa8,census-c01-extract-v1.1.0-20260528T003617Z,C0101,21,395,00000,000000,District - Kalahandi,rural,christian,persons,9773
census-india-2011,sources/census-2011/c-series/state-mdds/c01-21-odisha.xls,3cfc1100df768aa8,census-c01-extract-v1.1.0-20260528T003617Z,C0101,21,395,00000,000000,District - Kalahandi,rural,christian,males,4790
census-india-2011,sources/census-2011/c-series/state-mdds/c01-21-odisha.xls,3cfc1100df768aa8,census-c01-extract-v1.1.0-20260528T003617Z,C0101,21,395,00000,000000,District - Kalahandi,rural,christian,females,4983
census-india-2011,sources/census-2011/c-series/state-mdds/c01-21-odisha.xls,3cfc1100df768aa8,census-c01-extract-v1.1.0-20260528T003617Z,C0101,21,395,00000,000000,District - Kalahandi,rural,sikh,persons,250
census-india-2011,sources/census-2011/c-series/state-mdds/c01-21-odisha.xls,3cfc1100df768aa8,census-c01-extract-v1.1.0-20260528T003617Z,C0101,21,395,00000,000000,District - Kalahandi,rural,sikh,males,125
census-india-2011,sources/census-2011/c-series/state-mdds/c01-21-odisha.xls,3cfc1100df768aa8,census-c01-extract-v1.1.0-20260528T003617Z,C0101,21,395,00000,000000,District - Kalahandi,rural,sikh,females,125
census-india-2011,sources/census-2011/c-series/state-mdds/c01-21-odisha.xls,3cfc1100df768aa8,census-c01-extract-v1.1.0-20260528T003617Z,C0101,21,395,00000,000000,District - Kalahandi,rural,buddhist,persons,151
census-india-2011,sources/census-2011/c-series/state-mdds/c01-21-odisha.xls,3cfc1100df768aa8,census-c01-extract-v1.1.0-20260528T003617Z,C0101,21,395,00000,000000,District - Kalahandi,rural,buddhist,males,83
census-india-2011,sources/census-2011/c-series/state-mdds/c01-21-odisha.xls,3cfc1100df768aa8,census-c01-extract-v1.1.0-20260528T003617Z,C0101,21,395,00000,000000,District - Kalahandi,rural,buddhist,females,68
census-india-2011,sources/census-2011/c-series/state-mdds/c01-21-odisha.xls,3cfc1100df768aa8,census-c01-extract-v1.1.0-20260528T003617Z,C0101,21,395,00000,000000,District - Kalahandi,rural,jain,persons,442
census-india-2011,sources/census-2011/c-series/state-mdds/c01-21-odisha.xls,3cfc1100df768aa8,census-c01-extract-v1.1.0-20260528T003617Z,C0101,21,395,00000,000000,District - Kalahandi,rural,jain,males,226
census-india-2011,sources/census-2011/c-series/state-mdds/c01-21-odisha.xls,3cfc1100df768aa8,census-c01-extract-v1.1.0-20260528T003617Z,C0101,21,395,00000,000000,District - Kalahandi,rural,jain,females,216
census-india-2011,sources/census-2011/c-series/state-mdds/c01-21-odisha.xls,3cfc1100df768aa8,census-c01-extract-v1.1.0-20260528T003617Z,C0101,21,395,00000,000000,District - Kalahandi,rural,other,persons,205
census-india-2011,sources/census-2011/c-series/state-mdds/c01-21-odisha.xls,3cfc1100df768aa8,census-c01-extract-v1.1.0-20260528T003617Z,C0101,21,395,00000,000000,District - Kalahandi,rural,other,males,91
census-india-2011,sources/census-2011/c-series/state-mdds/c01-21-odisha.xls,3cfc1100df768aa8,census-c01-extract-v1.1.0-20260528T003617Z,C0101,21,395,00000,000000,District - Kalahandi,rural,other,females,114
census-india-2011,sources/census-2011/c-series/state-mdds/c01-21-odisha.xls,3cfc1100df768aa8,census-c01-extract-v1.1.0-20260528T003617Z,C0101,21,395,00000,000000,District - Kalahandi,rural,not_stated,persons,2592
census-india-2011,sources/census-2011/c-series/state-mdds/c01-21-odisha.xls,3cfc1100df768aa8,census-c01-extract-v1.1.0-20260528T003617Z,C0101,21,395,00000,000000,District - Kalahandi,rural,not_stated,males,1310
census-india-2011,sources/census-2011/c-series/state-mdds/c01-21-odisha.xls,3cfc1100df768aa8,census-c01-extract-v1.1.0-20260528T003617Z,C0101,21,395,00000,000000,District - Kalahandi,rural,not_stated,females,1282
census-india-2011,sources/census-2011/c-series/state-mdds/c01-21-odisha.xls,3cfc1100df768aa8,census-c01-extract-v1.1.0-20260528T003617Z,C0101,21,395,00000,000000,District - Kalahandi,urban,all,persons,121987
census-india-2011,sources/census-2011/c-series/state-mdds/c01-21-odisha.xls,3cfc1100df768aa8,census-c01-extract-v1.1.0-20260528T003617Z,C0101,21,395,00000,000000,District - Kalahandi,urban,all,males,62455
census-india-2011,sources/census-2011/c-series/state-mdds/c01-21-odisha.xls,3cfc1100df768aa8,census-c01-extract-v1.1.0-20260528T003617Z,C0101,21,395,00000,000000,District - Kalahandi,urban,all,females,59532
census-india-2011,sources/census-2011/c-series/state-mdds/c01-21-odisha.xls,3cfc1100df768aa8,census-c01-extract-v1.1.0-20260528T003617Z,C0101,21,395,00000,000000,District - Kalahandi,urban,hindu,persons,116069
census-india-2011,sources/census-2011/c-series/state-mdds/c01-21-odisha.xls,3cfc1100df768aa8,census-c01-extract-v1.1.0-20260528T003617Z,C0101,21,395,00000,000000,District - Kalahandi,urban,hindu,males,59409
census-india-2011,sources/census-2011/c-series/state-mdds/c01-21-odisha.xls,3cfc1100df768aa8,census-c01-extract-v1.1.0-20260528T003617Z,C0101,21,395,00000,000000,District - Kalahandi,urban,hindu,females,56660
census-india-2011,sources/census-2011/c-series/state-mdds/c01-21-odisha.xls,3cfc1100df768aa8,census-c01-extract-v1.1.0-20260528T003617Z,C0101,21,395,00000,000000,District - Kalahandi,urban,muslim,persons,2804
census-india-2011,sources/census-2011/c-series/state-mdds/c01-21-odisha.xls,3cfc1100df768aa8,census-c01-extract-v1.1.0-20260528T003617Z,C0101,21,395,00000,000000,District - Kalahandi,urban,muslim,males,1443
census-india-2011,sources/census-2011/c-series/state-mdds/c01-21-odisha.xls,3cfc1100df768aa8,census-c01-extract-v1.1.0-20260528T003617Z,C0101,21,395,00000,000000,District - Kalahandi,urban,muslim,females,1361
census-india-2011,sources/census-2011/c-series/state-mdds/c01-21-odisha.xls,3cfc1100df768aa8,census-c01-extract-v1.1.0-20260528T003617Z,C0101,21,395,00000,000000,District - Kalahandi,urban,christian,persons,1387
census-india-2011,sources/census-2011/c-series/state-mdds/c01-21-odisha.xls,3cfc1100df768aa8,census-c01-extract-v1.1.0-20260528T003617Z,C0101,21,395,00000,000000,District - Kalahandi,urban,christian,males,704
census-india-2011,sources/census-2011/c-series/state-mdds/c01-21-odisha.xls,3cfc1100df768aa8,census-c01-extract-v1.1.0-20260528T003617Z,C0101,21,395,00000,000000,District - Kalahandi,urban,christian,females,683
census-india-2011,sources/census-2011/c-series/state-mdds/c01-21-odisha.xls,3cfc1100df768aa8,census-c01-extract-v1.1.0-20260528T003617Z,C0101,21,395,00000,000000,District - Kalahandi,urban,sikh,persons,546
census-india-2011,sources/census-2011/c-series/state-mdds/c01-21-odisha.xls,3cfc1100df768aa8,census-c01-extract-v1.1.0-20260528T003617Z,C0101,21,395,00000,000000,District - Kalahandi,urban,sikh,males,283
census-india-2011,sources/census-2011/c-series/state-mdds/c01-21-odisha.xls,3cfc1100df768aa8,census-c01-extract-v1.1.0-20260528T003617Z,C0101,21,395,00000,000000,District - Kalahandi,urban,sikh,females,263
census-india-2011,sources/census-2011/c-series/state-mdds/c01-21-odisha.xls,3cfc1100df768aa8,census-c01-extract-v1.1.0-20260528T003617Z,C0101,21,395,00000,000000,District - Kalahandi,urban,buddhist,persons,24
census-india-2011,sources/census-2011/c-series/state-mdds/c01-21-odisha.xls,3cfc1100df768aa8,census-c01-extract-v1.1.0-20260528T003617Z,C0101,21,395,00000,000000,District - Kalahandi,urban,buddhist,males,10
census-india-2011,sources/census-2011/c-series/state-mdds/c01-21-odisha.xls,3cfc1100df768aa8,census-c01-extract-v1.1.0-20260528T003617Z,C0101,21,395,00000,000000,District - Kalahandi,urban,buddhist,females,14
census-india-2011,sources/census-2011/c-series/state-mdds/c01-21-odisha.xls,3cfc1100df768aa8,census-c01-extract-v1.1.0-20260528T003617Z,C0101,21,395,00000,000000,District - Kalahandi,urban,jain,persons,783
census-india-2011,sources/census-2011/c-series/state-mdds/c01-21-odisha.xls,3cfc1100df768aa8,census-c01-extract-v1.1.0-20260528T003617Z,C0101,21,395,00000,000000,District - Kalahandi,urban,jain,males,413
census-india-2011,sources/census-2011/c-series/state-mdds/c01-21-odisha.xls,3cfc1100df768aa8,census-c01-extract-v1.1.0-20260528T003617Z,C0101,21,395,00000,000000,District - Kalahandi,urban,jain,females,370
census-india-2011,sources/census-2011/c-series/state-mdds/c01-21-odisha.xls,3cfc1100df768aa8,census-c01-extract-v1.1.0-20260528T003617Z,C0101,21,395,00000,000000,District - Kalahandi,urban,other,persons,15
census-india-2011,sources/census-2011/c-series/state-mdds/c01-21-odisha.xls,3cfc1100df768aa8,census-c01-extract-v1.1.0-20260528T003617Z,C0101,21,395,00000,000000,District - Kalahandi,urban,other,males,4
census-india-2011,sources/census-2011/c-series/state-mdds/c01-21-odisha.xls,3cfc1100df768aa8,census-c01-extract-v1.1.0-20260528T003617Z,C0101,21,395,00000,000000,District - Kalahandi,urban,other,females,11
census-india-2011,sources/census-2011/c-series/state-mdds/c01-21-odisha.xls,3cfc1100df768aa8,census-c01-extract-v1.1.0-20260528T003617Z,C0101,21,395,00000,000000,District - Kalahandi,urban,not_stated,persons,359
census-india-2011,sources/census-2011/c-series/state-mdds/c01-21-odisha.xls,3cfc1100df768aa8,census-c01-extract-v1.1.0-20260528T003617Z,C0101,21,395,00000,000000,District - Kalahandi,urban,not_stated,males,189
census-india-2011,sources/census-2011/c-series/state-mdds/c01-21-odisha.xls,3cfc1100df768aa8,census-c01-extract-v1.1.0-20260528T003617Z,C0101,21,395,00000,000000,District - Kalahandi,urban,not_stated,females,170
census-india-2011,sources/census-2011/c-series/state-mdds/c01-21-odisha.xls,3cfc1100df768aa8,census-c01-extract-v1.1.0-20260528T003617Z,C0101,21,396,00000,000000,District - Rayagada,total,all,persons,967911
census-india-2011,sources/census-2011/c-series/state-mdds/c01-21-odisha.xls,3cfc1100df768aa8,census-c01-extract-v1.1.0-20260528T003617Z,C0101,21,396,00000,000000,District - Rayagada,total,all,males,471960
census-india-2011,sources/census-2011/c-series/state-mdds/c01-21-odisha.xls,3cfc1100df768aa8,census-c01-extract-v1.1.0-20260528T003617Z,C0101,21,396,00000,000000,District - Rayagada,total,all,females,495951
census-india-2011,sources/census-2011/c-series/state-mdds/c01-21-odisha.xls,3cfc1100df768aa8,census-c01-extract-v1.1.0-20260528T003617Z,C0101,21,396,00000,000000,District - Rayagada,total,hindu,persons,874445
census-india-2011,sources/census-2011/c-series/state-mdds/c01-21-odisha.xls,3cfc1100df768aa8,census-c01-extract-v1.1.0-20260528T003617Z,C0101,21,396,00000,000000,District - Rayagada,total,hindu,males,426068
census-india-2011,sources/census-2011/c-series/state-mdds/c01-21-odisha.xls,3cfc1100df768aa8,census-c01-extract-v1.1.0-20260528T003617Z,C0101,21,396,00000,000000,District - Rayagada,total,hindu,females,448377
census-india-2011,sources/census-2011/c-series/state-mdds/c01-21-odisha.xls,3cfc1100df768aa8,census-c01-extract-v1.1.0-20260528T003617Z,C0101,21,396,00000,000000,District - Rayagada,total,muslim,persons,4607
census-india-2011,sources/census-2011/c-series/state-mdds/c01-21-odisha.xls,3cfc1100df768aa8,census-c01-extract-v1.1.0-20260528T003617Z,C0101,21,396,00000,000000,District - Rayagada,total,muslim,males,2316
census-india-2011,sources/census-2011/c-series/state-mdds/c01-21-odisha.xls,3cfc1100df768aa8,census-c01-extract-v1.1.0-20260528T003617Z,C0101,21,396,00000,000000,District - Rayagada,total,muslim,females,2291
census-india-2011,sources/census-2011/c-series/state-mdds/c01-21-odisha.xls,3cfc1100df768aa8,census-c01-extract-v1.1.0-20260528T003617Z,C0101,21,396,00000,000000,District - Rayagada,total,christian,persons,84916
census-india-2011,sources/census-2011/c-series/state-mdds/c01-21-odisha.xls,3cfc1100df768aa8,census-c01-extract-v1.1.0-20260528T003617Z,C0101,21,396,00000,000000,District - Rayagada,total,christian,males,41597
census-india-2011,sources/census-2011/c-series/state-mdds/c01-21-odisha.xls,3cfc1100df768aa8,census-c01-extract-v1.1.0-20260528T003617Z,C0101,21,396,00000,000000,District - Rayagada,total,christian,females,43319
census-india-2011,sources/census-2011/c-series/state-mdds/c01-21-odisha.xls,3cfc1100df768aa8,census-c01-extract-v1.1.0-20260528T003617Z,C0101,21,396,00000,000000,District - Rayagada,total,sikh,persons,219
census-india-2011,sources/census-2011/c-series/state-mdds/c01-21-odisha.xls,3cfc1100df768aa8,census-c01-extract-v1.1.0-20260528T003617Z,C0101,21,396,00000,000000,District - Rayagada,total,sikh,males,130
census-india-2011,sources/census-2011/c-series/state-mdds/c01-21-odisha.xls,3cfc1100df768aa8,census-c01-extract-v1.1.0-20260528T003617Z,C0101,21,396,00000,000000,District - Rayagada,total,sikh,females,89
census-india-2011,sources/census-2011/c-series/state-mdds/c01-21-odisha.xls,3cfc1100df768aa8,census-c01-extract-v1.1.0-20260528T003617Z,C0101,21,396,00000,000000,District - Rayagada,total,buddhist,persons,249
census-india-2011,sources/census-2011/c-series/state-mdds/c01-21-odisha.xls,3cfc1100df768aa8,census-c01-extract-v1.1.0-20260528T003617Z,C0101,21,396,00000,000000,District - Rayagada,total,buddhist,males,124
census-india-2011,sources/census-2011/c-series/state-mdds/c01-21-odisha.xls,3cfc1100df768aa8,census-c01-extract-v1.1.0-20260528T003617Z,C0101,21,396,00000,000000,District - Rayagada,total,buddhist,females,125
census-india-2011,sources/census-2011/c-series/state-mdds/c01-21-odisha.xls,3cfc1100df768aa8,census-c01-extract-v1.1.0-20260528T003617Z,C0101,21,396,00000,000000,District - Rayagada,total,jain,persons,123
census-india-2011,sources/census-2011/c-series/state-mdds/c01-21-odisha.xls,3cfc1100df768aa8,census-c01-extract-v1.1.0-20260528T003617Z,C0101,21,396,00000,000000,District - Rayagada,total,jain,males,64
census-india-2011,sources/census-2011/c-series/state-mdds/c01-21-odisha.xls,3cfc1100df768aa8,census-c01-extract-v1.1.0-20260528T003617Z,C0101,21,396,00000,000000,District - Rayagada,total,jain,females,59
census-india-2011,sources/census-2011/c-series/state-mdds/c01-21-odisha.xls,3cfc1100df768aa8,census-c01-extract-v1.1.0-20260528T003617Z,C0101,21,396,00000,000000,District - Rayagada,total,other,persons,44
census-india-2011,sources/census-2011/c-series/state-mdds/c01-21-odisha.xls,3cfc1100df768aa8,census-c01-extract-v1.1.0-20260528T003617Z,C0101,21,396,00000,000000,District - Rayagada,total,other,males,24
census-india-2011,sources/census-2011/c-series/state-mdds/c01-21-odisha.xls,3cfc1100df768aa8,census-c01-extract-v1.1.0-20260528T003617Z,C0101,21,396,00000,000000,District - Rayagada,total,other,females,20
census-india-2011,sources/census-2011/c-series/state-mdds/c01-21-odisha.xls,3cfc1100df768aa8,census-c01-extract-v1.1.0-20260528T003617Z,C0101,21,396,00000,000000,District - Rayagada,total,not_stated,persons,3308
census-india-2011,sources/census-2011/c-series/state-mdds/c01-21-odisha.xls,3cfc1100df768aa8,census-c01-extract-v1.1.0-20260528T003617Z,C0101,21,396,00000,000000,District - Rayagada,total,not_stated,males,1637
census-india-2011,sources/census-2011/c-series/state-mdds/c01-21-odisha.xls,3cfc1100df768aa8,census-c01-extract-v1.1.0-20260528T003617Z,C0101,21,396,00000,000000,District - Rayagada,total,not_stated,females,1671
census-india-2011,sources/census-2011/c-series/state-mdds/c01-21-odisha.xls,3cfc1100df768aa8,census-c01-extract-v1.1.0-20260528T003617Z,C0101,21,396,00000,000000,District - Rayagada,rural,all,persons,820945
census-india-2011,sources/census-2011/c-series/state-mdds/c01-21-odisha.xls,3cfc1100df768aa8,census-c01-extract-v1.1.0-20260528T003617Z,C0101,21,396,00000,000000,District - Rayagada,rural,all,males,397774
census-india-2011,sources/census-2011/c-series/state-mdds/c01-21-odisha.xls,3cfc1100df768aa8,census-c01-extract-v1.1.0-20260528T003617Z,C0101,21,396,00000,000000,District - Rayagada,rural,all,females,423171
census-india-2011,sources/census-2011/c-series/state-mdds/c01-21-odisha.xls,3cfc1100df768aa8,census-c01-extract-v1.1.0-20260528T003617Z,C0101,21,396,00000,000000,District - Rayagada,rural,hindu,persons,735660
census-india-2011,sources/census-2011/c-series/state-mdds/c01-21-odisha.xls,3cfc1100df768aa8,census-c01-extract-v1.1.0-20260528T003617Z,C0101,21,396,00000,000000,District - Rayagada,rural,hindu,males,355910
census-india-2011,sources/census-2011/c-series/state-mdds/c01-21-odisha.xls,3cfc1100df768aa8,census-c01-extract-v1.1.0-20260528T003617Z,C0101,21,396,00000,000000,District - Rayagada,rural,hindu,females,379750
census-india-2011,sources/census-2011/c-series/state-mdds/c01-21-odisha.xls,3cfc1100df768aa8,census-c01-extract-v1.1.0-20260528T003617Z,C0101,21,396,00000,000000,District - Rayagada,rural,muslim,persons,1913
census-india-2011,sources/census-2011/c-series/state-mdds/c01-21-odisha.xls,3cfc1100df768aa8,census-c01-extract-v1.1.0-20260528T003617Z,C0101,21,396,00000,000000,District - Rayagada,rural,muslim,males,898
census-india-2011,sources/census-2011/c-series/state-mdds/c01-21-odisha.xls,3cfc1100df768aa8,census-c01-extract-v1.1.0-20260528T003617Z,C0101,21,396,00000,000000,District - Rayagada,rural,muslim,females,1015
census-india-2011,sources/census-2011/c-series/state-mdds/c01-21-odisha.xls,3cfc1100df768aa8,census-c01-extract-v1.1.0-20260528T003617Z,C0101,21,396,00000,000000,District - Rayagada,rural,christian,persons,80293
census-india-2011,sources/census-2011/c-series/state-mdds/c01-21-odisha.xls,3cfc1100df768aa8,census-c01-extract-v1.1.0-20260528T003617Z,C0101,21,396,00000,000000,District - Rayagada,rural,christian,males,39413
census-india-2011,sources/census-2011/c-series/state-mdds/c01-21-odisha.xls,3cfc1100df768aa8,census-c01-extract-v1.1.0-20260528T003617Z,C0101,21,396,00000,000000,District - Rayagada,rural,christian,females,40880
census-india-2011,sources/census-2011/c-series/state-mdds/c01-21-odisha.xls,3cfc1100df768aa8,census-c01-extract-v1.1.0-20260528T003617Z,C0101,21,396,00000,000000,District - Rayagada,rural,sikh,persons,113
census-india-2011,sources/census-2011/c-series/state-mdds/c01-21-odisha.xls,3cfc1100df768aa8,census-c01-extract-v1.1.0-20260528T003617Z,C0101,21,396,00000,000000,District - Rayagada,rural,sikh,males,71
census-india-2011,sources/census-2011/c-series/state-mdds/c01-21-odisha.xls,3cfc1100df768aa8,census-c01-extract-v1.1.0-20260528T003617Z,C0101,21,396,00000,000000,District - Rayagada,rural,sikh,females,42
census-india-2011,sources/census-2011/c-series/state-mdds/c01-21-odisha.xls,3cfc1100df768aa8,census-c01-extract-v1.1.0-20260528T003617Z,C0101,21,396,00000,000000,District - Rayagada,rural,buddhist,persons,204
census-india-2011,sources/census-2011/c-series/state-mdds/c01-21-odisha.xls,3cfc1100df768aa8,census-c01-extract-v1.1.0-20260528T003617Z,C0101,21,396,00000,000000,District - Rayagada,rural,buddhist,males,100
census-india-2011,sources/census-2011/c-series/state-mdds/c01-21-odisha.xls,3cfc1100df768aa8,census-c01-extract-v1.1.0-20260528T003617Z,C0101,21,396,00000,000000,District - Rayagada,rural,buddhist,females,104
census-india-2011,sources/census-2011/c-series/state-mdds/c01-21-odisha.xls,3cfc1100df768aa8,census-c01-extract-v1.1.0-20260528T003617Z,C0101,21,396,00000,000000,District - Rayagada,rural,jain,persons,41
census-india-2011,sources/census-2011/c-series/state-mdds/c01-21-odisha.xls,3cfc1100df768aa8,census-c01-extract-v1.1.0-20260528T003617Z,C0101,21,396,00000,000000,District - Rayagada,rural,jain,males,21
census-india-2011,sources/census-2011/c-series/state-mdds/c01-21-odisha.xls,3cfc1100df768aa8,census-c01-extract-v1.1.0-20260528T003617Z,C0101,21,396,00000,000000,District - Rayagada,rural,jain,females,20
census-india-2011,sources/census-2011/c-series/state-mdds/c01-21-odisha.xls,3cfc1100df768aa8,census-c01-extract-v1.1.0-20260528T003617Z,C0101,21,396,00000,000000,District - Rayagada,rural,other,persons,24
census-india-2011,sources/census-2011/c-series/state-mdds/c01-21-odisha.xls,3cfc1100df768aa8,census-c01-extract-v1.1.0-20260528T003617Z,C0101,21,396,00000,000000,District - Rayagada,rural,other,males,13
census-india-2011,sources/census-2011/c-series/state-mdds/c01-21-odisha.xls,3cfc1100df768aa8,census-c01-extract-v1.1.0-20260528T003617Z,C0101,21,396,00000,000000,District - Rayagada,rural,other,females,11
census-india-2011,sources/census-2011/c-series/state-mdds/c01-21-odisha.xls,3cfc1100df768aa8,census-c01-extract-v1.1.0-20260528T003617Z,C0101,21,396,00000,000000,District - Rayagada,rural,not_stated,persons,2697
census-india-2011,sources/census-2011/c-series/state-mdds/c01-21-odisha.xls,3cfc1100df768aa8,census-c01-extract-v1.1.0-20260528T003617Z,C0101,21,396,00000,000000,District - Rayagada,rural,not_stated,males,1348
census-india-2011,sources/census-2011/c-series/state-mdds/c01-21-odisha.xls,3cfc1100df768aa8,census-c01-extract-v1.1.0-20260528T003617Z,C0101,21,396,00000,000000,District - Rayagada,rural,not_stated,females,1349
census-india-2011,sources/census-2011/c-series/state-mdds/c01-21-odisha.xls,3cfc1100df768aa8,census-c01-extract-v1.1.0-20260528T003617Z,C0101,21,396,00000,000000,District - Rayagada,urban,all,persons,146966
census-india-2011,sources/census-2011/c-series/state-mdds/c01-21-odisha.xls,3cfc1100df768aa8,census-c01-extract-v1.1.0-20260528T003617Z,C0101,21,396,00000,000000,District - Rayagada,urban,all,males,74186
census-india-2011,sources/census-2011/c-series/state-mdds/c01-21-odisha.xls,3cfc1100df768aa8,census-c01-extract-v1.1.0-20260528T003617Z,C0101,21,396,00000,000000,District - Rayagada,urban,all,females,72780
census-india-2011,sources/census-2011/c-series/state-mdds/c01-21-odisha.xls,3cfc1100df768aa8,census-c01-extract-v1.1.0-20260528T003617Z,C0101,21,396,00000,000000,District - Rayagada,urban,hindu,persons,138785
census-india-2011,sources/census-2011/c-series/state-mdds/c01-21-odisha.xls,3cfc1100df768aa8,census-c01-extract-v1.1.0-20260528T003617Z,C0101,21,396,00000,000000,District - Rayagada,urban,hindu,males,70158
census-india-2011,sources/census-2011/c-series/state-mdds/c01-21-odisha.xls,3cfc1100df768aa8,census-c01-extract-v1.1.0-20260528T003617Z,C0101,21,396,00000,000000,District - Rayagada,urban,hindu,females,68627
census-india-2011,sources/census-2011/c-series/state-mdds/c01-21-odisha.xls,3cfc1100df768aa8,census-c01-extract-v1.1.0-20260528T003617Z,C0101,21,396,00000,000000,District - Rayagada,urban,muslim,persons,2694
census-india-2011,sources/census-2011/c-series/state-mdds/c01-21-odisha.xls,3cfc1100df768aa8,census-c01-extract-v1.1.0-20260528T003617Z,C0101,21,396,00000,000000,District - Rayagada,urban,muslim,males,1418
census-india-2011,sources/census-2011/c-series/state-mdds/c01-21-odisha.xls,3cfc1100df768aa8,census-c01-extract-v1.1.0-20260528T003617Z,C0101,21,396,00000,000000,District - Rayagada,urban,muslim,females,1276
census-india-2011,sources/census-2011/c-series/state-mdds/c01-21-odisha.xls,3cfc1100df768aa8,census-c01-extract-v1.1.0-20260528T003617Z,C0101,21,396,00000,000000,District - Rayagada,urban,christian,persons,4623
census-india-2011,sources/census-2011/c-series/state-mdds/c01-21-odisha.xls,3cfc1100df768aa8,census-c01-extract-v1.1.0-20260528T003617Z,C0101,21,396,00000,000000,District - Rayagada,urban,christian,males,2184
census-india-2011,sources/census-2011/c-series/state-mdds/c01-21-odisha.xls,3cfc1100df768aa8,census-c01-extract-v1.1.0-20260528T003617Z,C0101,21,396,00000,000000,District - Rayagada,urban,christian,females,2439
census-india-2011,sources/census-2011/c-series/state-mdds/c01-21-odisha.xls,3cfc1100df768aa8,census-c01-extract-v1.1.0-20260528T003617Z,C0101,21,396,00000,000000,District - Rayagada,urban,sikh,persons,106
census-india-2011,sources/census-2011/c-series/state-mdds/c01-21-odisha.xls,3cfc1100df768aa8,census-c01-extract-v1.1.0-20260528T003617Z,C0101,21,396,00000,000000,District - Rayagada,urban,sikh,males,59
census-india-2011,sources/census-2011/c-series/state-mdds/c01-21-odisha.xls,3cfc1100df768aa8,census-c01-extract-v1.1.0-20260528T003617Z,C0101,21,396,00000,000000,District - Rayagada,urban,sikh,females,47
census-india-2011,sources/census-2011/c-series/state-mdds/c01-21-odisha.xls,3cfc1100df768aa8,census-c01-extract-v1.1.0-20260528T003617Z,C0101,21,396,00000,000000,District - Rayagada,urban,buddhist,persons,45
census-india-2011,sources/census-2011/c-series/state-mdds/c01-21-odisha.xls,3cfc1100df768aa8,census-c01-extract-v1.1.0-20260528T003617Z,C0101,21,396,00000,000000,District - Rayagada,urban,buddhist,males,24
census-india-2011,sources/census-2011/c-series/state-mdds/c01-21-odisha.xls,3cfc1100df768aa8,census-c01-extract-v1.1.0-20260528T003617Z,C0101,21,396,00000,000000,District - Rayagada,urban,buddhist,females,21
census-india-2011,sources/census-2011/c-series/state-mdds/c01-21-odisha.xls,3cfc1100df768aa8,census-c01-extract-v1.1.0-20260528T003617Z,C0101,21,396,00000,000000,District - Rayagada,urban,jain,persons,82
census-india-2011,sources/census-2011/c-series/state-mdds/c01-21-odisha.xls,3cfc1100df768aa8,census-c01-extract-v1.1.0-20260528T003617Z,C0101,21,396,00000,000000,District - Rayagada,urban,jain,males,43
census-india-2011,sources/census-2011/c-series/state-mdds/c01-21-odisha.xls,3cfc1100df768aa8,census-c01-extract-v1.1.0-20260528T003617Z,C0101,21,396,00000,000000,District - Rayagada,urban,jain,females,39
census-india-2011,sources/census-2011/c-series/state-mdds/c01-21-odisha.xls,3cfc1100df768aa8,census-c01-extract-v1.1.0-20260528T003617Z,C0101,21,396,00000,000000,District - Rayagada,urban,other,persons,20
census-india-2011,sources/census-2011/c-series/state-mdds/c01-21-odisha.xls,3cfc1100df768aa8,census-c01-extract-v1.1.0-20260528T003617Z,C0101,21,396,00000,000000,District - Rayagada,urban,other,males,11
census-india-2011,sources/census-2011/c-series/state-mdds/c01-21-odisha.xls,3cfc1100df768aa8,census-c01-extract-v1.1.0-20260528T003617Z,C0101,21,396,00000,000000,District - Rayagada,urban,other,females,9
census-india-2011,sources/census-2011/c-series/state-mdds/c01-21-odisha.xls,3cfc1100df768aa8,census-c01-extract-v1.1.0-20260528T003617Z,C0101,21,396,00000,000000,District - Rayagada,urban,not_stated,persons,611
census-india-2011,sources/census-2011/c-series/state-mdds/c01-21-odisha.xls,3cfc1100df768aa8,census-c01-extract-v1.1.0-20260528T003617Z,C0101,21,396,00000,000000,District - Rayagada,urban,not_stated,males,289
census-india-2011,sources/census-2011/c-series/state-mdds/c01-21-odisha.xls,3cfc1100df768aa8,census-c01-extract-v1.1.0-20260528T003617Z,C0101,21,396,00000,000000,District - Rayagada,urban,not_stated,females,322
census-india-2011,sources/census-2011/c-series/state-mdds/c01-21-odisha.xls,3cfc1100df768aa8,census-c01-extract-v1.1.0-20260528T003617Z,C0101,21,397,00000,000000,District - Nabarangapur,total,all,persons,1220946
census-india-2011,sources/census-2011/c-series/state-mdds/c01-21-odisha.xls,3cfc1100df768aa8,census-c01-extract-v1.1.0-20260528T003617Z,C0101,21,397,00000,000000,District - Nabarangapur,total,all,males,604812
census-india-2011,sources/census-2011/c-series/state-mdds/c01-21-odisha.xls,3cfc1100df768aa8,census-c01-extract-v1.1.0-20260528T003617Z,C0101,21,397,00000,000000,District - Nabarangapur,total,all,females,616134
census-india-2011,sources/census-2011/c-series/state-mdds/c01-21-odisha.xls,3cfc1100df768aa8,census-c01-extract-v1.1.0-20260528T003617Z,C0101,21,397,00000,000000,District - Nabarangapur,total,hindu,persons,1178005
census-india-2011,sources/census-2011/c-series/state-mdds/c01-21-odisha.xls,3cfc1100df768aa8,census-c01-extract-v1.1.0-20260528T003617Z,C0101,21,397,00000,000000,District - Nabarangapur,total,hindu,males,583658
census-india-2011,sources/census-2011/c-series/state-mdds/c01-21-odisha.xls,3cfc1100df768aa8,census-c01-extract-v1.1.0-20260528T003617Z,C0101,21,397,00000,000000,District - Nabarangapur,total,hindu,females,594347
census-india-2011,sources/census-2011/c-series/state-mdds/c01-21-odisha.xls,3cfc1100df768aa8,census-c01-extract-v1.1.0-20260528T003617Z,C0101,21,397,00000,000000,District - Nabarangapur,total,muslim,persons,6753
census-india-2011,sources/census-2011/c-series/state-mdds/c01-21-odisha.xls,3cfc1100df768aa8,census-c01-extract-v1.1.0-20260528T003617Z,C0101,21,397,00000,000000,District - Nabarangapur,total,muslim,males,3450
census-india-2011,sources/census-2011/c-series/state-mdds/c01-21-odisha.xls,3cfc1100df768aa8,census-c01-extract-v1.1.0-20260528T003617Z,C0101,21,397,00000,000000,District - Nabarangapur,total,muslim,females,3303
census-india-2011,sources/census-2011/c-series/state-mdds/c01-21-odisha.xls,3cfc1100df768aa8,census-c01-extract-v1.1.0-20260528T003617Z,C0101,21,397,00000,000000,District - Nabarangapur,total,christian,persons,32152
census-india-2011,sources/census-2011/c-series/state-mdds/c01-21-odisha.xls,3cfc1100df768aa8,census-c01-extract-v1.1.0-20260528T003617Z,C0101,21,397,00000,000000,District - Nabarangapur,total,christian,males,15750
census-india-2011,sources/census-2011/c-series/state-mdds/c01-21-odisha.xls,3cfc1100df768aa8,census-c01-extract-v1.1.0-20260528T003617Z,C0101,21,397,00000,000000,District - Nabarangapur,total,christian,females,16402
census-india-2011,sources/census-2011/c-series/state-mdds/c01-21-odisha.xls,3cfc1100df768aa8,census-c01-extract-v1.1.0-20260528T003617Z,C0101,21,397,00000,000000,District - Nabarangapur,total,sikh,persons,169
census-india-2011,sources/census-2011/c-series/state-mdds/c01-21-odisha.xls,3cfc1100df768aa8,census-c01-extract-v1.1.0-20260528T003617Z,C0101,21,397,00000,000000,District - Nabarangapur,total,sikh,males,85
census-india-2011,sources/census-2011/c-series/state-mdds/c01-21-odisha.xls,3cfc1100df768aa8,census-c01-extract-v1.1.0-20260528T003617Z,C0101,21,397,00000,000000,District - Nabarangapur,total,sikh,females,84
census-india-2011,sources/census-2011/c-series/state-mdds/c01-21-odisha.xls,3cfc1100df768aa8,census-c01-extract-v1.1.0-20260528T003617Z,C0101,21,397,00000,000000,District - Nabarangapur,total,buddhist,persons,189
census-india-2011,sources/census-2011/c-series/state-mdds/c01-21-odisha.xls,3cfc1100df768aa8,census-c01-extract-v1.1.0-20260528T003617Z,C0101,21,397,00000,000000,District - Nabarangapur,total,buddhist,males,101
census-india-2011,sources/census-2011/c-series/state-mdds/c01-21-odisha.xls,3cfc1100df768aa8,census-c01-extract-v1.1.0-20260528T003617Z,C0101,21,397,00000,000000,District - Nabarangapur,total,buddhist,females,88
census-india-2011,sources/census-2011/c-series/state-mdds/c01-21-odisha.xls,3cfc1100df768aa8,census-c01-extract-v1.1.0-20260528T003617Z,C0101,21,397,00000,000000,District - Nabarangapur,total,jain,persons,325
census-india-2011,sources/census-2011/c-series/state-mdds/c01-21-odisha.xls,3cfc1100df768aa8,census-c01-extract-v1.1.0-20260528T003617Z,C0101,21,397,00000,000000,District - Nabarangapur,total,jain,males,171
census-india-2011,sources/census-2011/c-series/state-mdds/c01-21-odisha.xls,3cfc1100df768aa8,census-c01-extract-v1.1.0-20260528T003617Z,C0101,21,397,00000,000000,District - Nabarangapur,total,jain,females,154
census-india-2011,sources/census-2011/c-series/state-mdds/c01-21-odisha.xls,3cfc1100df768aa8,census-c01-extract-v1.1.0-20260528T003617Z,C0101,21,397,00000,000000,District - Nabarangapur,total,other,persons,54
census-india-2011,sources/census-2011/c-series/state-mdds/c01-21-odisha.xls,3cfc1100df768aa8,census-c01-extract-v1.1.0-20260528T003617Z,C0101,21,397,00000,000000,District - Nabarangapur,total,other,males,23
census-india-2011,sources/census-2011/c-series/state-mdds/c01-21-odisha.xls,3cfc1100df768aa8,census-c01-extract-v1.1.0-20260528T003617Z,C0101,21,397,00000,000000,District - Nabarangapur,total,other,females,31
census-india-2011,sources/census-2011/c-series/state-mdds/c01-21-odisha.xls,3cfc1100df768aa8,census-c01-extract-v1.1.0-20260528T003617Z,C0101,21,397,00000,000000,District - Nabarangapur,total,not_stated,persons,3299
census-india-2011,sources/census-2011/c-series/state-mdds/c01-21-odisha.xls,3cfc1100df768aa8,census-c01-extract-v1.1.0-20260528T003617Z,C0101,21,397,00000,000000,District - Nabarangapur,total,not_stated,males,1574
census-india-2011,sources/census-2011/c-series/state-mdds/c01-21-odisha.xls,3cfc1100df768aa8,census-c01-extract-v1.1.0-20260528T003617Z,C0101,21,397,00000,000000,District - Nabarangapur,total,not_stated,females,1725
census-india-2011,sources/census-2011/c-series/state-mdds/c01-21-odisha.xls,3cfc1100df768aa8,census-c01-extract-v1.1.0-20260528T003617Z,C0101,21,397,00000,000000,District - Nabarangapur,rural,all,persons,1133321
census-india-2011,sources/census-2011/c-series/state-mdds/c01-21-odisha.xls,3cfc1100df768aa8,census-c01-extract-v1.1.0-20260528T003617Z,C0101,21,397,00000,000000,District - Nabarangapur,rural,all,males,560771
census-india-2011,sources/census-2011/c-series/state-mdds/c01-21-odisha.xls,3cfc1100df768aa8,census-c01-extract-v1.1.0-20260528T003617Z,C0101,21,397,00000,000000,District - Nabarangapur,rural,all,females,572550
census-india-2011,sources/census-2011/c-series/state-mdds/c01-21-odisha.xls,3cfc1100df768aa8,census-c01-extract-v1.1.0-20260528T003617Z,C0101,21,397,00000,000000,District - Nabarangapur,rural,hindu,persons,1101283
census-india-2011,sources/census-2011/c-series/state-mdds/c01-21-odisha.xls,3cfc1100df768aa8,census-c01-extract-v1.1.0-20260528T003617Z,C0101,21,397,00000,000000,District - Nabarangapur,rural,hindu,males,545068
census-india-2011,sources/census-2011/c-series/state-mdds/c01-21-odisha.xls,3cfc1100df768aa8,census-c01-extract-v1.1.0-20260528T003617Z,C0101,21,397,00000,000000,District - Nabarangapur,rural,hindu,females,556215
census-india-2011,sources/census-2011/c-series/state-mdds/c01-21-odisha.xls,3cfc1100df768aa8,census-c01-extract-v1.1.0-20260528T003617Z,C0101,21,397,00000,000000,District - Nabarangapur,rural,muslim,persons,3738
census-india-2011,sources/census-2011/c-series/state-mdds/c01-21-odisha.xls,3cfc1100df768aa8,census-c01-extract-v1.1.0-20260528T003617Z,C0101,21,397,00000,000000,District - Nabarangapur,rural,muslim,males,1886
census-india-2011,sources/census-2011/c-series/state-mdds/c01-21-odisha.xls,3cfc1100df768aa8,census-c01-extract-v1.1.0-20260528T003617Z,C0101,21,397,00000,000000,District - Nabarangapur,rural,muslim,females,1852
census-india-2011,sources/census-2011/c-series/state-mdds/c01-21-odisha.xls,3cfc1100df768aa8,census-c01-extract-v1.1.0-20260528T003617Z,C0101,21,397,00000,000000,District - Nabarangapur,rural,christian,persons,25212
census-india-2011,sources/census-2011/c-series/state-mdds/c01-21-odisha.xls,3cfc1100df768aa8,census-c01-extract-v1.1.0-20260528T003617Z,C0101,21,397,00000,000000,District - Nabarangapur,rural,christian,males,12308
census-india-2011,sources/census-2011/c-series/state-mdds/c01-21-odisha.xls,3cfc1100df768aa8,census-c01-extract-v1.1.0-20260528T003617Z,C0101,21,397,00000,000000,District - Nabarangapur,rural,christian,females,12904
census-india-2011,sources/census-2011/c-series/state-mdds/c01-21-odisha.xls,3cfc1100df768aa8,census-c01-extract-v1.1.0-20260528T003617Z,C0101,21,397,00000,000000,District - Nabarangapur,rural,sikh,persons,118
census-india-2011,sources/census-2011/c-series/state-mdds/c01-21-odisha.xls,3cfc1100df768aa8,census-c01-extract-v1.1.0-20260528T003617Z,C0101,21,397,00000,000000,District - Nabarangapur,rural,sikh,males,55
census-india-2011,sources/census-2011/c-series/state-mdds/c01-21-odisha.xls,3cfc1100df768aa8,census-c01-extract-v1.1.0-20260528T003617Z,C0101,21,397,00000,000000,District - Nabarangapur,rural,sikh,females,63
census-india-2011,sources/census-2011/c-series/state-mdds/c01-21-odisha.xls,3cfc1100df768aa8,census-c01-extract-v1.1.0-20260528T003617Z,C0101,21,397,00000,000000,District - Nabarangapur,rural,buddhist,persons,150
census-india-2011,sources/census-2011/c-series/state-mdds/c01-21-odisha.xls,3cfc1100df768aa8,census-c01-extract-v1.1.0-20260528T003617Z,C0101,21,397,00000,000000,District - Nabarangapur,rural,buddhist,males,79
census-india-2011,sources/census-2011/c-series/state-mdds/c01-21-odisha.xls,3cfc1100df768aa8,census-c01-extract-v1.1.0-20260528T003617Z,C0101,21,397,00000,000000,District - Nabarangapur,rural,buddhist,females,71
census-india-2011,sources/census-2011/c-series/state-mdds/c01-21-odisha.xls,3cfc1100df768aa8,census-c01-extract-v1.1.0-20260528T003617Z,C0101,21,397,00000,000000,District - Nabarangapur,rural,jain,persons,129
census-india-2011,sources/census-2011/c-series/state-mdds/c01-21-odisha.xls,3cfc1100df768aa8,census-c01-extract-v1.1.0-20260528T003617Z,C0101,21,397,00000,000000,District - Nabarangapur,rural,jain,males,71
census-india-2011,sources/census-2011/c-series/state-mdds/c01-21-odisha.xls,3cfc1100df768aa8,census-c01-extract-v1.1.0-20260528T003617Z,C0101,21,397,00000,000000,District - Nabarangapur,rural,jain,females,58
census-india-2011,sources/census-2011/c-series/state-mdds/c01-21-odisha.xls,3cfc1100df768aa8,census-c01-extract-v1.1.0-20260528T003617Z,C0101,21,397,00000,000000,District - Nabarangapur,rural,other,persons,33
census-india-2011,sources/census-2011/c-series/state-mdds/c01-21-odisha.xls,3cfc1100df768aa8,census-c01-extract-v1.1.0-20260528T003617Z,C0101,21,397,00000,000000,District - Nabarangapur,rural,other,males,15
census-india-2011,sources/census-2011/c-series/state-mdds/c01-21-odisha.xls,3cfc1100df768aa8,census-c01-extract-v1.1.0-20260528T003617Z,C0101,21,397,00000,000000,District - Nabarangapur,rural,other,females,18
census-india-2011,sources/census-2011/c-series/state-mdds/c01-21-odisha.xls,3cfc1100df768aa8,census-c01-extract-v1.1.0-20260528T003617Z,C0101,21,397,00000,000000,District - Nabarangapur,rural,not_stated,persons,2658
census-india-2011,sources/census-2011/c-series/state-mdds/c01-21-odisha.xls,3cfc1100df768aa8,census-c01-extract-v1.1.0-20260528T003617Z,C0101,21,397,00000,000000,District - Nabarangapur,rural,not_stated,males,1289
census-india-2011,sources/census-2011/c-series/state-mdds/c01-21-odisha.xls,3cfc1100df768aa8,census-c01-extract-v1.1.0-20260528T003617Z,C0101,21,397,00000,000000,District - Nabarangapur,rural,not_stated,females,1369
census-india-2011,sources/census-2011/c-series/state-mdds/c01-21-odisha.xls,3cfc1100df768aa8,census-c01-extract-v1.1.0-20260528T003617Z,C0101,21,397,00000,000000,District - Nabarangapur,urban,all,persons,87625
census-india-2011,sources/census-2011/c-series/state-mdds/c01-21-odisha.xls,3cfc1100df768aa8,census-c01-extract-v1.1.0-20260528T003617Z,C0101,21,397,00000,000000,District - Nabarangapur,urban,all,males,44041
census-india-2011,sources/census-2011/c-series/state-mdds/c01-21-odisha.xls,3cfc1100df768aa8,census-c01-extract-v1.1.0-20260528T003617Z,C0101,21,397,00000,000000,District - Nabarangapur,urban,all,females,43584
census-india-2011,sources/census-2011/c-series/state-mdds/c01-21-odisha.xls,3cfc1100df768aa8,census-c01-extract-v1.1.0-20260528T003617Z,C0101,21,397,00000,000000,District - Nabarangapur,urban,hindu,persons,76722
census-india-2011,sources/census-2011/c-series/state-mdds/c01-21-odisha.xls,3cfc1100df768aa8,census-c01-extract-v1.1.0-20260528T003617Z,C0101,21,397,00000,000000,District - Nabarangapur,urban,hindu,males,38590
census-india-2011,sources/census-2011/c-series/state-mdds/c01-21-odisha.xls,3cfc1100df768aa8,census-c01-extract-v1.1.0-20260528T003617Z,C0101,21,397,00000,000000,District - Nabarangapur,urban,hindu,females,38132
census-india-2011,sources/census-2011/c-series/state-mdds/c01-21-odisha.xls,3cfc1100df768aa8,census-c01-extract-v1.1.0-20260528T003617Z,C0101,21,397,00000,000000,District - Nabarangapur,urban,muslim,persons,3015
census-india-2011,sources/census-2011/c-series/state-mdds/c01-21-odisha.xls,3cfc1100df768aa8,census-c01-extract-v1.1.0-20260528T003617Z,C0101,21,397,00000,000000,District - Nabarangapur,urban,muslim,males,1564
census-india-2011,sources/census-2011/c-series/state-mdds/c01-21-odisha.xls,3cfc1100df768aa8,census-c01-extract-v1.1.0-20260528T003617Z,C0101,21,397,00000,000000,District - Nabarangapur,urban,muslim,females,1451
census-india-2011,sources/census-2011/c-series/state-mdds/c01-21-odisha.xls,3cfc1100df768aa8,census-c01-extract-v1.1.0-20260528T003617Z,C0101,21,397,00000,000000,District - Nabarangapur,urban,christian,persons,6940
census-india-2011,sources/census-2011/c-series/state-mdds/c01-21-odisha.xls,3cfc1100df768aa8,census-c01-extract-v1.1.0-20260528T003617Z,C0101,21,397,00000,000000,District - Nabarangapur,urban,christian,males,3442
census-india-2011,sources/census-2011/c-series/state-mdds/c01-21-odisha.xls,3cfc1100df768aa8,census-c01-extract-v1.1.0-20260528T003617Z,C0101,21,397,00000,000000,District - Nabarangapur,urban,christian,females,3498
census-india-2011,sources/census-2011/c-series/state-mdds/c01-21-odisha.xls,3cfc1100df768aa8,census-c01-extract-v1.1.0-20260528T003617Z,C0101,21,397,00000,000000,District - Nabarangapur,urban,sikh,persons,51
census-india-2011,sources/census-2011/c-series/state-mdds/c01-21-odisha.xls,3cfc1100df768aa8,census-c01-extract-v1.1.0-20260528T003617Z,C0101,21,397,00000,000000,District - Nabarangapur,urban,sikh,males,30
census-india-2011,sources/census-2011/c-series/state-mdds/c01-21-odisha.xls,3cfc1100df768aa8,census-c01-extract-v1.1.0-20260528T003617Z,C0101,21,397,00000,000000,District - Nabarangapur,urban,sikh,females,21
census-india-2011,sources/census-2011/c-series/state-mdds/c01-21-odisha.xls,3cfc1100df768aa8,census-c01-extract-v1.1.0-20260528T003617Z,C0101,21,397,00000,000000,District - Nabarangapur,urban,buddhist,persons,39
census-india-2011,sources/census-2011/c-series/state-mdds/c01-21-odisha.xls,3cfc1100df768aa8,census-c01-extract-v1.1.0-20260528T003617Z,C0101,21,397,00000,000000,District - Nabarangapur,urban,buddhist,males,22
census-india-2011,sources/census-2011/c-series/state-mdds/c01-21-odisha.xls,3cfc1100df768aa8,census-c01-extract-v1.1.0-20260528T003617Z,C0101,21,397,00000,000000,District - Nabarangapur,urban,buddhist,females,17
census-india-2011,sources/census-2011/c-series/state-mdds/c01-21-odisha.xls,3cfc1100df768aa8,census-c01-extract-v1.1.0-20260528T003617Z,C0101,21,397,00000,000000,District - Nabarangapur,urban,jain,persons,196
census-india-2011,sources/census-2011/c-series/state-mdds/c01-21-odisha.xls,3cfc1100df768aa8,census-c01-extract-v1.1.0-20260528T003617Z,C0101,21,397,00000,000000,District - Nabarangapur,urban,jain,males,100
census-india-2011,sources/census-2011/c-series/state-mdds/c01-21-odisha.xls,3cfc1100df768aa8,census-c01-extract-v1.1.0-20260528T003617Z,C0101,21,397,00000,000000,District - Nabarangapur,urban,jain,females,96
census-india-2011,sources/census-2011/c-series/state-mdds/c01-21-odisha.xls,3cfc1100df768aa8,census-c01-extract-v1.1.0-20260528T003617Z,C0101,21,397,00000,000000,District - Nabarangapur,urban,other,persons,21
census-india-2011,sources/census-2011/c-series/state-mdds/c01-21-odisha.xls,3cfc1100df768aa8,census-c01-extract-v1.1.0-20260528T003617Z,C0101,21,397,00000,000000,District - Nabarangapur,urban,other,males,8
census-india-2011,sources/census-2011/c-series/state-mdds/c01-21-odisha.xls,3cfc1100df768aa8,census-c01-extract-v1.1.0-20260528T003617Z,C0101,21,397,00000,000000,District - Nabarangapur,urban,other,females,13
census-india-2011,sources/census-2011/c-series/state-mdds/c01-21-odisha.xls,3cfc1100df768aa8,census-c01-extract-v1.1.0-20260528T003617Z,C0101,21,397,00000,000000,District - Nabarangapur,urban,not_stated,persons,641
census-india-2011,sources/census-2011/c-series/state-mdds/c01-21-odisha.xls,3cfc1100df768aa8,census-c01-extract-v1.1.0-20260528T003617Z,C0101,21,397,00000,000000,District - Nabarangapur,urban,not_stated,males,285
census-india-2011,sources/census-2011/c-series/state-mdds/c01-21-odisha.xls,3cfc1100df768aa8,census-c01-extract-v1.1.0-20260528T003617Z,C0101,21,397,00000,000000,District - Nabarangapur,urban,not_stated,females,356
census-india-2011,sources/census-2011/c-series/state-mdds/c01-21-odisha.xls,3cfc1100df768aa8,census-c01-extract-v1.1.0-20260528T003617Z,C0101,21,398,00000,000000,District - Koraput,total,all,persons,1379647
census-india-2011,sources/census-2011/c-series/state-mdds/c01-21-odisha.xls,3cfc1100df768aa8,census-c01-extract-v1.1.0-20260528T003617Z,C0101,21,398,00000,000000,District - Koraput,total,all,males,678809
census-india-2011,sources/census-2011/c-series/state-mdds/c01-21-odisha.xls,3cfc1100df768aa8,census-c01-extract-v1.1.0-20260528T003617Z,C0101,21,398,00000,000000,District - Koraput,total,all,females,700838
census-india-2011,sources/census-2011/c-series/state-mdds/c01-21-odisha.xls,3cfc1100df768aa8,census-c01-extract-v1.1.0-20260528T003617Z,C0101,21,398,00000,000000,District - Koraput,total,hindu,persons,1294151
census-india-2011,sources/census-2011/c-series/state-mdds/c01-21-odisha.xls,3cfc1100df768aa8,census-c01-extract-v1.1.0-20260528T003617Z,C0101,21,398,00000,000000,District - Koraput,total,hindu,males,636421
census-india-2011,sources/census-2011/c-series/state-mdds/c01-21-odisha.xls,3cfc1100df768aa8,census-c01-extract-v1.1.0-20260528T003617Z,C0101,21,398,00000,000000,District - Koraput,total,hindu,females,657730
census-india-2011,sources/census-2011/c-series/state-mdds/c01-21-odisha.xls,3cfc1100df768aa8,census-c01-extract-v1.1.0-20260528T003617Z,C0101,21,398,00000,000000,District - Koraput,total,muslim,persons,8850
census-india-2011,sources/census-2011/c-series/state-mdds/c01-21-odisha.xls,3cfc1100df768aa8,census-c01-extract-v1.1.0-20260528T003617Z,C0101,21,398,00000,000000,District - Koraput,total,muslim,males,4630
census-india-2011,sources/census-2011/c-series/state-mdds/c01-21-odisha.xls,3cfc1100df768aa8,census-c01-extract-v1.1.0-20260528T003617Z,C0101,21,398,00000,000000,District - Koraput,total,muslim,females,4220
census-india-2011,sources/census-2011/c-series/state-mdds/c01-21-odisha.xls,3cfc1100df768aa8,census-c01-extract-v1.1.0-20260528T003617Z,C0101,21,398,00000,000000,District - Koraput,total,christian,persons,68550
census-india-2011,sources/census-2011/c-series/state-mdds/c01-21-odisha.xls,3cfc1100df768aa8,census-c01-extract-v1.1.0-20260528T003617Z,C0101,21,398,00000,000000,District - Koraput,total,christian,males,33719
census-india-2011,sources/census-2011/c-series/state-mdds/c01-21-odisha.xls,3cfc1100df768aa8,census-c01-extract-v1.1.0-20260528T003617Z,C0101,21,398,00000,000000,District - Koraput,total,christian,females,34831
census-india-2011,sources/census-2011/c-series/state-mdds/c01-21-odisha.xls,3cfc1100df768aa8,census-c01-extract-v1.1.0-20260528T003617Z,C0101,21,398,00000,000000,District - Koraput,total,sikh,persons,518
census-india-2011,sources/census-2011/c-series/state-mdds/c01-21-odisha.xls,3cfc1100df768aa8,census-c01-extract-v1.1.0-20260528T003617Z,C0101,21,398,00000,000000,District - Koraput,total,sikh,males,290
census-india-2011,sources/census-2011/c-series/state-mdds/c01-21-odisha.xls,3cfc1100df768aa8,census-c01-extract-v1.1.0-20260528T003617Z,C0101,21,398,00000,000000,District - Koraput,total,sikh,females,228
census-india-2011,sources/census-2011/c-series/state-mdds/c01-21-odisha.xls,3cfc1100df768aa8,census-c01-extract-v1.1.0-20260528T003617Z,C0101,21,398,00000,000000,District - Koraput,total,buddhist,persons,219
census-india-2011,sources/census-2011/c-series/state-mdds/c01-21-odisha.xls,3cfc1100df768aa8,census-c01-extract-v1.1.0-20260528T003617Z,C0101,21,398,00000,000000,District - Koraput,total,buddhist,males,111
census-india-2011,sources/census-2011/c-series/state-mdds/c01-21-odisha.xls,3cfc1100df768aa8,census-c01-extract-v1.1.0-20260528T003617Z,C0101,21,398,00000,000000,District - Koraput,total,buddhist,females,108
census-india-2011,sources/census-2011/c-series/state-mdds/c01-21-odisha.xls,3cfc1100df768aa8,census-c01-extract-v1.1.0-20260528T003617Z,C0101,21,398,00000,000000,District - Koraput,total,jain,persons,491
census-india-2011,sources/census-2011/c-series/state-mdds/c01-21-odisha.xls,3cfc1100df768aa8,census-c01-extract-v1.1.0-20260528T003617Z,C0101,21,398,00000,000000,District - Koraput,total,jain,males,252
census-india-2011,sources/census-2011/c-series/state-mdds/c01-21-odisha.xls,3cfc1100df768aa8,census-c01-extract-v1.1.0-20260528T003617Z,C0101,21,398,00000,000000,District - Koraput,total,jain,females,239
census-india-2011,sources/census-2011/c-series/state-mdds/c01-21-odisha.xls,3cfc1100df768aa8,census-c01-extract-v1.1.0-20260528T003617Z,C0101,21,398,00000,000000,District - Koraput,total,other,persons,3384
census-india-2011,sources/census-2011/c-series/state-mdds/c01-21-odisha.xls,3cfc1100df768aa8,census-c01-extract-v1.1.0-20260528T003617Z,C0101,21,398,00000,000000,District - Koraput,total,other,males,1630
census-india-2011,sources/census-2011/c-series/state-mdds/c01-21-odisha.xls,3cfc1100df768aa8,census-c01-extract-v1.1.0-20260528T003617Z,C0101,21,398,00000,000000,District - Koraput,total,other,females,1754
census-india-2011,sources/census-2011/c-series/state-mdds/c01-21-odisha.xls,3cfc1100df768aa8,census-c01-extract-v1.1.0-20260528T003617Z,C0101,21,398,00000,000000,District - Koraput,total,not_stated,persons,3484
census-india-2011,sources/census-2011/c-series/state-mdds/c01-21-odisha.xls,3cfc1100df768aa8,census-c01-extract-v1.1.0-20260528T003617Z,C0101,21,398,00000,000000,District - Koraput,total,not_stated,males,1756
census-india-2011,sources/census-2011/c-series/state-mdds/c01-21-odisha.xls,3cfc1100df768aa8,census-c01-extract-v1.1.0-20260528T003617Z,C0101,21,398,00000,000000,District - Koraput,total,not_stated,females,1728
census-india-2011,sources/census-2011/c-series/state-mdds/c01-21-odisha.xls,3cfc1100df768aa8,census-c01-extract-v1.1.0-20260528T003617Z,C0101,21,398,00000,000000,District - Koraput,rural,all,persons,1153478
census-india-2011,sources/census-2011/c-series/state-mdds/c01-21-odisha.xls,3cfc1100df768aa8,census-c01-extract-v1.1.0-20260528T003617Z,C0101,21,398,00000,000000,District - Koraput,rural,all,males,563771
census-india-2011,sources/census-2011/c-series/state-mdds/c01-21-odisha.xls,3cfc1100df768aa8,census-c01-extract-v1.1.0-20260528T003617Z,C0101,21,398,00000,000000,District - Koraput,rural,all,females,589707
census-india-2011,sources/census-2011/c-series/state-mdds/c01-21-odisha.xls,3cfc1100df768aa8,census-c01-extract-v1.1.0-20260528T003617Z,C0101,21,398,00000,000000,District - Koraput,rural,hindu,persons,1092381
census-india-2011,sources/census-2011/c-series/state-mdds/c01-21-odisha.xls,3cfc1100df768aa8,census-c01-extract-v1.1.0-20260528T003617Z,C0101,21,398,00000,000000,District - Koraput,rural,hindu,males,533631
census-india-2011,sources/census-2011/c-series/state-mdds/c01-21-odisha.xls,3cfc1100df768aa8,census-c01-extract-v1.1.0-20260528T003617Z,C0101,21,398,00000,000000,District - Koraput,rural,hindu,females,558750
census-india-2011,sources/census-2011/c-series/state-mdds/c01-21-odisha.xls,3cfc1100df768aa8,census-c01-extract-v1.1.0-20260528T003617Z,C0101,21,398,00000,000000,District - Koraput,rural,muslim,persons,4050
census-india-2011,sources/census-2011/c-series/state-mdds/c01-21-odisha.xls,3cfc1100df768aa8,census-c01-extract-v1.1.0-20260528T003617Z,C0101,21,398,00000,000000,District - Koraput,rural,muslim,males,2087
census-india-2011,sources/census-2011/c-series/state-mdds/c01-21-odisha.xls,3cfc1100df768aa8,census-c01-extract-v1.1.0-20260528T003617Z,C0101,21,398,00000,000000,District - Koraput,rural,muslim,females,1963
census-india-2011,sources/census-2011/c-series/state-mdds/c01-21-odisha.xls,3cfc1100df768aa8,census-c01-extract-v1.1.0-20260528T003617Z,C0101,21,398,00000,000000,District - Koraput,rural,christian,persons,50218
census-india-2011,sources/census-2011/c-series/state-mdds/c01-21-odisha.xls,3cfc1100df768aa8,census-c01-extract-v1.1.0-20260528T003617Z,C0101,21,398,00000,000000,District - Koraput,rural,christian,males,24686
census-india-2011,sources/census-2011/c-series/state-mdds/c01-21-odisha.xls,3cfc1100df768aa8,census-c01-extract-v1.1.0-20260528T003617Z,C0101,21,398,00000,000000,District - Koraput,rural,christian,females,25532
census-india-2011,sources/census-2011/c-series/state-mdds/c01-21-odisha.xls,3cfc1100df768aa8,census-c01-extract-v1.1.0-20260528T003617Z,C0101,21,398,00000,000000,District - Koraput,rural,sikh,persons,195
census-india-2011,sources/census-2011/c-series/state-mdds/c01-21-odisha.xls,3cfc1100df768aa8,census-c01-extract-v1.1.0-20260528T003617Z,C0101,21,398,00000,000000,District - Koraput,rural,sikh,males,107
census-india-2011,sources/census-2011/c-series/state-mdds/c01-21-odisha.xls,3cfc1100df768aa8,census-c01-extract-v1.1.0-20260528T003617Z,C0101,21,398,00000,000000,District - Koraput,rural,sikh,females,88
census-india-2011,sources/census-2011/c-series/state-mdds/c01-21-odisha.xls,3cfc1100df768aa8,census-c01-extract-v1.1.0-20260528T003617Z,C0101,21,398,00000,000000,District - Koraput,rural,buddhist,persons,145
census-india-2011,sources/census-2011/c-series/state-mdds/c01-21-odisha.xls,3cfc1100df768aa8,census-c01-extract-v1.1.0-20260528T003617Z,C0101,21,398,00000,000000,District - Koraput,rural,buddhist,males,75
census-india-2011,sources/census-2011/c-series/state-mdds/c01-21-odisha.xls,3cfc1100df768aa8,census-c01-extract-v1.1.0-20260528T003617Z,C0101,21,398,00000,000000,District - Koraput,rural,buddhist,females,70
census-india-2011,sources/census-2011/c-series/state-mdds/c01-21-odisha.xls,3cfc1100df768aa8,census-c01-extract-v1.1.0-20260528T003617Z,C0101,21,398,00000,000000,District - Koraput,rural,jain,persons,82
census-india-2011,sources/census-2011/c-series/state-mdds/c01-21-odisha.xls,3cfc1100df768aa8,census-c01-extract-v1.1.0-20260528T003617Z,C0101,21,398,00000,000000,District - Koraput,rural,jain,males,38
census-india-2011,sources/census-2011/c-series/state-mdds/c01-21-odisha.xls,3cfc1100df768aa8,census-c01-extract-v1.1.0-20260528T003617Z,C0101,21,398,00000,000000,District - Koraput,rural,jain,females,44
census-india-2011,sources/census-2011/c-series/state-mdds/c01-21-odisha.xls,3cfc1100df768aa8,census-c01-extract-v1.1.0-20260528T003617Z,C0101,21,398,00000,000000,District - Koraput,rural,other,persons,3311
census-india-2011,sources/census-2011/c-series/state-mdds/c01-21-odisha.xls,3cfc1100df768aa8,census-c01-extract-v1.1.0-20260528T003617Z,C0101,21,398,00000,000000,District - Koraput,rural,other,males,1591
census-india-2011,sources/census-2011/c-series/state-mdds/c01-21-odisha.xls,3cfc1100df768aa8,census-c01-extract-v1.1.0-20260528T003617Z,C0101,21,398,00000,000000,District - Koraput,rural,other,females,1720
census-india-2011,sources/census-2011/c-series/state-mdds/c01-21-odisha.xls,3cfc1100df768aa8,census-c01-extract-v1.1.0-20260528T003617Z,C0101,21,398,00000,000000,District - Koraput,rural,not_stated,persons,3096
census-india-2011,sources/census-2011/c-series/state-mdds/c01-21-odisha.xls,3cfc1100df768aa8,census-c01-extract-v1.1.0-20260528T003617Z,C0101,21,398,00000,000000,District - Koraput,rural,not_stated,males,1556
census-india-2011,sources/census-2011/c-series/state-mdds/c01-21-odisha.xls,3cfc1100df768aa8,census-c01-extract-v1.1.0-20260528T003617Z,C0101,21,398,00000,000000,District - Koraput,rural,not_stated,females,1540
census-india-2011,sources/census-2011/c-series/state-mdds/c01-21-odisha.xls,3cfc1100df768aa8,census-c01-extract-v1.1.0-20260528T003617Z,C0101,21,398,00000,000000,District - Koraput,urban,all,persons,226169
census-india-2011,sources/census-2011/c-series/state-mdds/c01-21-odisha.xls,3cfc1100df768aa8,census-c01-extract-v1.1.0-20260528T003617Z,C0101,21,398,00000,000000,District - Koraput,urban,all,males,115038
census-india-2011,sources/census-2011/c-series/state-mdds/c01-21-odisha.xls,3cfc1100df768aa8,census-c01-extract-v1.1.0-20260528T003617Z,C0101,21,398,00000,000000,District - Koraput,urban,all,females,111131
census-india-2011,sources/census-2011/c-series/state-mdds/c01-21-odisha.xls,3cfc1100df768aa8,census-c01-extract-v1.1.0-20260528T003617Z,C0101,21,398,00000,000000,District - Koraput,urban,hindu,persons,201770
census-india-2011,sources/census-2011/c-series/state-mdds/c01-21-odisha.xls,3cfc1100df768aa8,census-c01-extract-v1.1.0-20260528T003617Z,C0101,21,398,00000,000000,District - Koraput,urban,hindu,males,102790
census-india-2011,sources/census-2011/c-series/state-mdds/c01-21-odisha.xls,3cfc1100df768aa8,census-c01-extract-v1.1.0-20260528T003617Z,C0101,21,398,00000,000000,District - Koraput,urban,hindu,females,98980
census-india-2011,sources/census-2011/c-series/state-mdds/c01-21-odisha.xls,3cfc1100df768aa8,census-c01-extract-v1.1.0-20260528T003617Z,C0101,21,398,00000,000000,District - Koraput,urban,muslim,persons,4800
census-india-2011,sources/census-2011/c-series/state-mdds/c01-21-odisha.xls,3cfc1100df768aa8,census-c01-extract-v1.1.0-20260528T003617Z,C0101,21,398,00000,000000,District - Koraput,urban,muslim,males,2543
census-india-2011,sources/census-2011/c-series/state-mdds/c01-21-odisha.xls,3cfc1100df768aa8,census-c01-extract-v1.1.0-20260528T003617Z,C0101,21,398,00000,000000,District - Koraput,urban,muslim,females,2257
census-india-2011,sources/census-2011/c-series/state-mdds/c01-21-odisha.xls,3cfc1100df768aa8,census-c01-extract-v1.1.0-20260528T003617Z,C0101,21,398,00000,000000,District - Koraput,urban,christian,persons,18332
census-india-2011,sources/census-2011/c-series/state-mdds/c01-21-odisha.xls,3cfc1100df768aa8,census-c01-extract-v1.1.0-20260528T003617Z,C0101,21,398,00000,000000,District - Koraput,urban,christian,males,9033
census-india-2011,sources/census-2011/c-series/state-mdds/c01-21-odisha.xls,3cfc1100df768aa8,census-c01-extract-v1.1.0-20260528T003617Z,C0101,21,398,00000,000000,District - Koraput,urban,christian,females,9299
census-india-2011,sources/census-2011/c-series/state-mdds/c01-21-odisha.xls,3cfc1100df768aa8,census-c01-extract-v1.1.0-20260528T003617Z,C0101,21,398,00000,000000,District - Koraput,urban,sikh,persons,323
census-india-2011,sources/census-2011/c-series/state-mdds/c01-21-odisha.xls,3cfc1100df768aa8,census-c01-extract-v1.1.0-20260528T003617Z,C0101,21,398,00000,000000,District - Koraput,urban,sikh,males,183
census-india-2011,sources/census-2011/c-series/state-mdds/c01-21-odisha.xls,3cfc1100df768aa8,census-c01-extract-v1.1.0-20260528T003617Z,C0101,21,398,00000,000000,District - Koraput,urban,sikh,females,140
census-india-2011,sources/census-2011/c-series/state-mdds/c01-21-odisha.xls,3cfc1100df768aa8,census-c01-extract-v1.1.0-20260528T003617Z,C0101,21,398,00000,000000,District - Koraput,urban,buddhist,persons,74
census-india-2011,sources/census-2011/c-series/state-mdds/c01-21-odisha.xls,3cfc1100df768aa8,census-c01-extract-v1.1.0-20260528T003617Z,C0101,21,398,00000,000000,District - Koraput,urban,buddhist,males,36
census-india-2011,sources/census-2011/c-series/state-mdds/c01-21-odisha.xls,3cfc1100df768aa8,census-c01-extract-v1.1.0-20260528T003617Z,C0101,21,398,00000,000000,District - Koraput,urban,buddhist,females,38
census-india-2011,sources/census-2011/c-series/state-mdds/c01-21-odisha.xls,3cfc1100df768aa8,census-c01-extract-v1.1.0-20260528T003617Z,C0101,21,398,00000,000000,District - Koraput,urban,jain,persons,409
census-india-2011,sources/census-2011/c-series/state-mdds/c01-21-odisha.xls,3cfc1100df768aa8,census-c01-extract-v1.1.0-20260528T003617Z,C0101,21,398,00000,000000,District - Koraput,urban,jain,males,214
census-india-2011,sources/census-2011/c-series/state-mdds/c01-21-odisha.xls,3cfc1100df768aa8,census-c01-extract-v1.1.0-20260528T003617Z,C0101,21,398,00000,000000,District - Koraput,urban,jain,females,195
census-india-2011,sources/census-2011/c-series/state-mdds/c01-21-odisha.xls,3cfc1100df768aa8,census-c01-extract-v1.1.0-20260528T003617Z,C0101,21,398,00000,000000,District - Koraput,urban,other,persons,73
census-india-2011,sources/census-2011/c-series/state-mdds/c01-21-odisha.xls,3cfc1100df768aa8,census-c01-extract-v1.1.0-20260528T003617Z,C0101,21,398,00000,000000,District - Koraput,urban,other,males,39
census-india-2011,sources/census-2011/c-series/state-mdds/c01-21-odisha.xls,3cfc1100df768aa8,census-c01-extract-v1.1.0-20260528T003617Z,C0101,21,398,00000,000000,District - Koraput,urban,other,females,34
census-india-2011,sources/census-2011/c-series/state-mdds/c01-21-odisha.xls,3cfc1100df768aa8,census-c01-extract-v1.1.0-20260528T003617Z,C0101,21,398,00000,000000,District - Koraput,urban,not_stated,persons,388
census-india-2011,sources/census-2011/c-series/state-mdds/c01-21-odisha.xls,3cfc1100df768aa8,census-c01-extract-v1.1.0-20260528T003617Z,C0101,21,398,00000,000000,District - Koraput,urban,not_stated,males,200
census-india-2011,sources/census-2011/c-series/state-mdds/c01-21-odisha.xls,3cfc1100df768aa8,census-c01-extract-v1.1.0-20260528T003617Z,C0101,21,398,00000,000000,District - Koraput,urban,not_stated,females,188
census-india-2011,sources/census-2011/c-series/state-mdds/c01-21-odisha.xls,3cfc1100df768aa8,census-c01-extract-v1.1.0-20260528T003617Z,C0101,21,399,00000,000000,District - Malkangiri,total,all,persons,613192
census-india-2011,sources/census-2011/c-series/state-mdds/c01-21-odisha.xls,3cfc1100df768aa8,census-c01-extract-v1.1.0-20260528T003617Z,C0101,21,399,00000,000000,District - Malkangiri,total,all,males,303624
census-india-2011,sources/census-2011/c-series/state-mdds/c01-21-odisha.xls,3cfc1100df768aa8,census-c01-extract-v1.1.0-20260528T003617Z,C0101,21,399,00000,000000,District - Malkangiri,total,all,females,309568
census-india-2011,sources/census-2011/c-series/state-mdds/c01-21-odisha.xls,3cfc1100df768aa8,census-c01-extract-v1.1.0-20260528T003617Z,C0101,21,399,00000,000000,District - Malkangiri,total,hindu,persons,600219
census-india-2011,sources/census-2011/c-series/state-mdds/c01-21-odisha.xls,3cfc1100df768aa8,census-c01-extract-v1.1.0-20260528T003617Z,C0101,21,399,00000,000000,District - Malkangiri,total,hindu,males,297107
census-india-2011,sources/census-2011/c-series/state-mdds/c01-21-odisha.xls,3cfc1100df768aa8,census-c01-extract-v1.1.0-20260528T003617Z,C0101,21,399,00000,000000,District - Malkangiri,total,hindu,females,303112
census-india-2011,sources/census-2011/c-series/state-mdds/c01-21-odisha.xls,3cfc1100df768aa8,census-c01-extract-v1.1.0-20260528T003617Z,C0101,21,399,00000,000000,District - Malkangiri,total,muslim,persons,1871
census-india-2011,sources/census-2011/c-series/state-mdds/c01-21-odisha.xls,3cfc1100df768aa8,census-c01-extract-v1.1.0-20260528T003617Z,C0101,21,399,00000,000000,District - Malkangiri,total,muslim,males,994
census-india-2011,sources/census-2011/c-series/state-mdds/c01-21-odisha.xls,3cfc1100df768aa8,census-c01-extract-v1.1.0-20260528T003617Z,C0101,21,399,00000,000000,District - Malkangiri,total,muslim,females,877
census-india-2011,sources/census-2011/c-series/state-mdds/c01-21-odisha.xls,3cfc1100df768aa8,census-c01-extract-v1.1.0-20260528T003617Z,C0101,21,399,00000,000000,District - Malkangiri,total,christian,persons,10039
census-india-2011,sources/census-2011/c-series/state-mdds/c01-21-odisha.xls,3cfc1100df768aa8,census-c01-extract-v1.1.0-20260528T003617Z,C0101,21,399,00000,000000,District - Malkangiri,total,christian,males,4931
census-india-2011,sources/census-2011/c-series/state-mdds/c01-21-odisha.xls,3cfc1100df768aa8,census-c01-extract-v1.1.0-20260528T003617Z,C0101,21,399,00000,000000,District - Malkangiri,total,christian,females,5108
census-india-2011,sources/census-2011/c-series/state-mdds/c01-21-odisha.xls,3cfc1100df768aa8,census-c01-extract-v1.1.0-20260528T003617Z,C0101,21,399,00000,000000,District - Malkangiri,total,sikh,persons,213
census-india-2011,sources/census-2011/c-series/state-mdds/c01-21-odisha.xls,3cfc1100df768aa8,census-c01-extract-v1.1.0-20260528T003617Z,C0101,21,399,00000,000000,District - Malkangiri,total,sikh,males,157
census-india-2011,sources/census-2011/c-series/state-mdds/c01-21-odisha.xls,3cfc1100df768aa8,census-c01-extract-v1.1.0-20260528T003617Z,C0101,21,399,00000,000000,District - Malkangiri,total,sikh,females,56
census-india-2011,sources/census-2011/c-series/state-mdds/c01-21-odisha.xls,3cfc1100df768aa8,census-c01-extract-v1.1.0-20260528T003617Z,C0101,21,399,00000,000000,District - Malkangiri,total,buddhist,persons,43
census-india-2011,sources/census-2011/c-series/state-mdds/c01-21-odisha.xls,3cfc1100df768aa8,census-c01-extract-v1.1.0-20260528T003617Z,C0101,21,399,00000,000000,District - Malkangiri,total,buddhist,males,19
census-india-2011,sources/census-2011/c-series/state-mdds/c01-21-odisha.xls,3cfc1100df768aa8,census-c01-extract-v1.1.0-20260528T003617Z,C0101,21,399,00000,000000,District - Malkangiri,total,buddhist,females,24
census-india-2011,sources/census-2011/c-series/state-mdds/c01-21-odisha.xls,3cfc1100df768aa8,census-c01-extract-v1.1.0-20260528T003617Z,C0101,21,399,00000,000000,District - Malkangiri,total,jain,persons,195
census-india-2011,sources/census-2011/c-series/state-mdds/c01-21-odisha.xls,3cfc1100df768aa8,census-c01-extract-v1.1.0-20260528T003617Z,C0101,21,399,00000,000000,District - Malkangiri,total,jain,males,103
census-india-2011,sources/census-2011/c-series/state-mdds/c01-21-odisha.xls,3cfc1100df768aa8,census-c01-extract-v1.1.0-20260528T003617Z,C0101,21,399,00000,000000,District - Malkangiri,total,jain,females,92
census-india-2011,sources/census-2011/c-series/state-mdds/c01-21-odisha.xls,3cfc1100df768aa8,census-c01-extract-v1.1.0-20260528T003617Z,C0101,21,399,00000,000000,District - Malkangiri,total,other,persons,35
census-india-2011,sources/census-2011/c-series/state-mdds/c01-21-odisha.xls,3cfc1100df768aa8,census-c01-extract-v1.1.0-20260528T003617Z,C0101,21,399,00000,000000,District - Malkangiri,total,other,males,21
census-india-2011,sources/census-2011/c-series/state-mdds/c01-21-odisha.xls,3cfc1100df768aa8,census-c01-extract-v1.1.0-20260528T003617Z,C0101,21,399,00000,000000,District - Malkangiri,total,other,females,14
census-india-2011,sources/census-2011/c-series/state-mdds/c01-21-odisha.xls,3cfc1100df768aa8,census-c01-extract-v1.1.0-20260528T003617Z,C0101,21,399,00000,000000,District - Malkangiri,total,not_stated,persons,577
census-india-2011,sources/census-2011/c-series/state-mdds/c01-21-odisha.xls,3cfc1100df768aa8,census-c01-extract-v1.1.0-20260528T003617Z,C0101,21,399,00000,000000,District - Malkangiri,total,not_stated,males,292
census-india-2011,sources/census-2011/c-series/state-mdds/c01-21-odisha.xls,3cfc1100df768aa8,census-c01-extract-v1.1.0-20260528T003617Z,C0101,21,399,00000,000000,District - Malkangiri,total,not_stated,females,285
census-india-2011,sources/census-2011/c-series/state-mdds/c01-21-odisha.xls,3cfc1100df768aa8,census-c01-extract-v1.1.0-20260528T003617Z,C0101,21,399,00000,000000,District - Malkangiri,rural,all,persons,563664
census-india-2011,sources/census-2011/c-series/state-mdds/c01-21-odisha.xls,3cfc1100df768aa8,census-c01-extract-v1.1.0-20260528T003617Z,C0101,21,399,00000,000000,District - Malkangiri,rural,all,males,277901
census-india-2011,sources/census-2011/c-series/state-mdds/c01-21-odisha.xls,3cfc1100df768aa8,census-c01-extract-v1.1.0-20260528T003617Z,C0101,21,399,00000,000000,District - Malkangiri,rural,all,females,285763
census-india-2011,sources/census-2011/c-series/state-mdds/c01-21-odisha.xls,3cfc1100df768aa8,census-c01-extract-v1.1.0-20260528T003617Z,C0101,21,399,00000,000000,District - Malkangiri,rural,hindu,persons,554495
census-india-2011,sources/census-2011/c-series/state-mdds/c01-21-odisha.xls,3cfc1100df768aa8,census-c01-extract-v1.1.0-20260528T003617Z,C0101,21,399,00000,000000,District - Malkangiri,rural,hindu,males,273352
census-india-2011,sources/census-2011/c-series/state-mdds/c01-21-odisha.xls,3cfc1100df768aa8,census-c01-extract-v1.1.0-20260528T003617Z,C0101,21,399,00000,000000,District - Malkangiri,rural,hindu,females,281143
census-india-2011,sources/census-2011/c-series/state-mdds/c01-21-odisha.xls,3cfc1100df768aa8,census-c01-extract-v1.1.0-20260528T003617Z,C0101,21,399,00000,000000,District - Malkangiri,rural,muslim,persons,1233
census-india-2011,sources/census-2011/c-series/state-mdds/c01-21-odisha.xls,3cfc1100df768aa8,census-c01-extract-v1.1.0-20260528T003617Z,C0101,21,399,00000,000000,District - Malkangiri,rural,muslim,males,638
census-india-2011,sources/census-2011/c-series/state-mdds/c01-21-odisha.xls,3cfc1100df768aa8,census-c01-extract-v1.1.0-20260528T003617Z,C0101,21,399,00000,000000,District - Malkangiri,rural,muslim,females,595
census-india-2011,sources/census-2011/c-series/state-mdds/c01-21-odisha.xls,3cfc1100df768aa8,census-c01-extract-v1.1.0-20260528T003617Z,C0101,21,399,00000,000000,District - Malkangiri,rural,christian,persons,7176
census-india-2011,sources/census-2011/c-series/state-mdds/c01-21-odisha.xls,3cfc1100df768aa8,census-c01-extract-v1.1.0-20260528T003617Z,C0101,21,399,00000,000000,District - Malkangiri,rural,christian,males,3490
census-india-2011,sources/census-2011/c-series/state-mdds/c01-21-odisha.xls,3cfc1100df768aa8,census-c01-extract-v1.1.0-20260528T003617Z,C0101,21,399,00000,000000,District - Malkangiri,rural,christian,females,3686
census-india-2011,sources/census-2011/c-series/state-mdds/c01-21-odisha.xls,3cfc1100df768aa8,census-c01-extract-v1.1.0-20260528T003617Z,C0101,21,399,00000,000000,District - Malkangiri,rural,sikh,persons,150
census-india-2011,sources/census-2011/c-series/state-mdds/c01-21-odisha.xls,3cfc1100df768aa8,census-c01-extract-v1.1.0-20260528T003617Z,C0101,21,399,00000,000000,District - Malkangiri,rural,sikh,males,110
census-india-2011,sources/census-2011/c-series/state-mdds/c01-21-odisha.xls,3cfc1100df768aa8,census-c01-extract-v1.1.0-20260528T003617Z,C0101,21,399,00000,000000,District - Malkangiri,rural,sikh,females,40
census-india-2011,sources/census-2011/c-series/state-mdds/c01-21-odisha.xls,3cfc1100df768aa8,census-c01-extract-v1.1.0-20260528T003617Z,C0101,21,399,00000,000000,District - Malkangiri,rural,buddhist,persons,22
census-india-2011,sources/census-2011/c-series/state-mdds/c01-21-odisha.xls,3cfc1100df768aa8,census-c01-extract-v1.1.0-20260528T003617Z,C0101,21,399,00000,000000,District - Malkangiri,rural,buddhist,males,12
census-india-2011,sources/census-2011/c-series/state-mdds/c01-21-odisha.xls,3cfc1100df768aa8,census-c01-extract-v1.1.0-20260528T003617Z,C0101,21,399,00000,000000,District - Malkangiri,rural,buddhist,females,10
census-india-2011,sources/census-2011/c-series/state-mdds/c01-21-odisha.xls,3cfc1100df768aa8,census-c01-extract-v1.1.0-20260528T003617Z,C0101,21,399,00000,000000,District - Malkangiri,rural,jain,persons,34
census-india-2011,sources/census-2011/c-series/state-mdds/c01-21-odisha.xls,3cfc1100df768aa8,census-c01-extract-v1.1.0-20260528T003617Z,C0101,21,399,00000,000000,District - Malkangiri,rural,jain,males,19
census-india-2011,sources/census-2011/c-series/state-mdds/c01-21-odisha.xls,3cfc1100df768aa8,census-c01-extract-v1.1.0-20260528T003617Z,C0101,21,399,00000,000000,District - Malkangiri,rural,jain,females,15
census-india-2011,sources/census-2011/c-series/state-mdds/c01-21-odisha.xls,3cfc1100df768aa8,census-c01-extract-v1.1.0-20260528T003617Z,C0101,21,399,00000,000000,District - Malkangiri,rural,other,persons,34
census-india-2011,sources/census-2011/c-series/state-mdds/c01-21-odisha.xls,3cfc1100df768aa8,census-c01-extract-v1.1.0-20260528T003617Z,C0101,21,399,00000,000000,District - Malkangiri,rural,other,males,20
census-india-2011,sources/census-2011/c-series/state-mdds/c01-21-odisha.xls,3cfc1100df768aa8,census-c01-extract-v1.1.0-20260528T003617Z,C0101,21,399,00000,000000,District - Malkangiri,rural,other,females,14
census-india-2011,sources/census-2011/c-series/state-mdds/c01-21-odisha.xls,3cfc1100df768aa8,census-c01-extract-v1.1.0-20260528T003617Z,C0101,21,399,00000,000000,District - Malkangiri,rural,not_stated,persons,520
census-india-2011,sources/census-2011/c-series/state-mdds/c01-21-odisha.xls,3cfc1100df768aa8,census-c01-extract-v1.1.0-20260528T003617Z,C0101,21,399,00000,000000,District - Malkangiri,rural,not_stated,males,260
census-india-2011,sources/census-2011/c-series/state-mdds/c01-21-odisha.xls,3cfc1100df768aa8,census-c01-extract-v1.1.0-20260528T003617Z,C0101,21,399,00000,000000,District - Malkangiri,rural,not_stated,females,260
census-india-2011,sources/census-2011/c-series/state-mdds/c01-21-odisha.xls,3cfc1100df768aa8,census-c01-extract-v1.1.0-20260528T003617Z,C0101,21,399,00000,000000,District - Malkangiri,urban,all,persons,49528
census-india-2011,sources/census-2011/c-series/state-mdds/c01-21-odisha.xls,3cfc1100df768aa8,census-c01-extract-v1.1.0-20260528T003617Z,C0101,21,399,00000,000000,District - Malkangiri,urban,all,males,25723
census-india-2011,sources/census-2011/c-series/state-mdds/c01-21-odisha.xls,3cfc1100df768aa8,census-c01-extract-v1.1.0-20260528T003617Z,C0101,21,399,00000,000000,District - Malkangiri,urban,all,females,23805
census-india-2011,sources/census-2011/c-series/state-mdds/c01-21-odisha.xls,3cfc1100df768aa8,census-c01-extract-v1.1.0-20260528T003617Z,C0101,21,399,00000,000000,District - Malkangiri,urban,hindu,persons,45724
census-india-2011,sources/census-2011/c-series/state-mdds/c01-21-odisha.xls,3cfc1100df768aa8,census-c01-extract-v1.1.0-20260528T003617Z,C0101,21,399,00000,000000,District - Malkangiri,urban,hindu,males,23755
census-india-2011,sources/census-2011/c-series/state-mdds/c01-21-odisha.xls,3cfc1100df768aa8,census-c01-extract-v1.1.0-20260528T003617Z,C0101,21,399,00000,000000,District - Malkangiri,urban,hindu,females,21969
census-india-2011,sources/census-2011/c-series/state-mdds/c01-21-odisha.xls,3cfc1100df768aa8,census-c01-extract-v1.1.0-20260528T003617Z,C0101,21,399,00000,000000,District - Malkangiri,urban,muslim,persons,638
census-india-2011,sources/census-2011/c-series/state-mdds/c01-21-odisha.xls,3cfc1100df768aa8,census-c01-extract-v1.1.0-20260528T003617Z,C0101,21,399,00000,000000,District - Malkangiri,urban,muslim,males,356
census-india-2011,sources/census-2011/c-series/state-mdds/c01-21-odisha.xls,3cfc1100df768aa8,census-c01-extract-v1.1.0-20260528T003617Z,C0101,21,399,00000,000000,District - Malkangiri,urban,muslim,females,282
census-india-2011,sources/census-2011/c-series/state-mdds/c01-21-odisha.xls,3cfc1100df768aa8,census-c01-extract-v1.1.0-20260528T003617Z,C0101,21,399,00000,000000,District - Malkangiri,urban,christian,persons,2863
census-india-2011,sources/census-2011/c-series/state-mdds/c01-21-odisha.xls,3cfc1100df768aa8,census-c01-extract-v1.1.0-20260528T003617Z,C0101,21,399,00000,000000,District - Malkangiri,urban,christian,males,1441
census-india-2011,sources/census-2011/c-series/state-mdds/c01-21-odisha.xls,3cfc1100df768aa8,census-c01-extract-v1.1.0-20260528T003617Z,C0101,21,399,00000,000000,District - Malkangiri,urban,christian,females,1422
census-india-2011,sources/census-2011/c-series/state-mdds/c01-21-odisha.xls,3cfc1100df768aa8,census-c01-extract-v1.1.0-20260528T003617Z,C0101,21,399,00000,000000,District - Malkangiri,urban,sikh,persons,63
census-india-2011,sources/census-2011/c-series/state-mdds/c01-21-odisha.xls,3cfc1100df768aa8,census-c01-extract-v1.1.0-20260528T003617Z,C0101,21,399,00000,000000,District - Malkangiri,urban,sikh,males,47
census-india-2011,sources/census-2011/c-series/state-mdds/c01-21-odisha.xls,3cfc1100df768aa8,census-c01-extract-v1.1.0-20260528T003617Z,C0101,21,399,00000,000000,District - Malkangiri,urban,sikh,females,16
census-india-2011,sources/census-2011/c-series/state-mdds/c01-21-odisha.xls,3cfc1100df768aa8,census-c01-extract-v1.1.0-20260528T003617Z,C0101,21,399,00000,000000,District - Malkangiri,urban,buddhist,persons,21
census-india-2011,sources/census-2011/c-series/state-mdds/c01-21-odisha.xls,3cfc1100df768aa8,census-c01-extract-v1.1.0-20260528T003617Z,C0101,21,399,00000,000000,District - Malkangiri,urban,buddhist,males,7
census-india-2011,sources/census-2011/c-series/state-mdds/c01-21-odisha.xls,3cfc1100df768aa8,census-c01-extract-v1.1.0-20260528T003617Z,C0101,21,399,00000,000000,District - Malkangiri,urban,buddhist,females,14
census-india-2011,sources/census-2011/c-series/state-mdds/c01-21-odisha.xls,3cfc1100df768aa8,census-c01-extract-v1.1.0-20260528T003617Z,C0101,21,399,00000,000000,District - Malkangiri,urban,jain,persons,161
census-india-2011,sources/census-2011/c-series/state-mdds/c01-21-odisha.xls,3cfc1100df768aa8,census-c01-extract-v1.1.0-20260528T003617Z,C0101,21,399,00000,000000,District - Malkangiri,urban,jain,males,84
census-india-2011,sources/census-2011/c-series/state-mdds/c01-21-odisha.xls,3cfc1100df768aa8,census-c01-extract-v1.1.0-20260528T003617Z,C0101,21,399,00000,000000,District - Malkangiri,urban,jain,females,77
census-india-2011,sources/census-2011/c-series/state-mdds/c01-21-odisha.xls,3cfc1100df768aa8,census-c01-extract-v1.1.0-20260528T003617Z,C0101,21,399,00000,000000,District - Malkangiri,urban,other,persons,1
census-india-2011,sources/census-2011/c-series/state-mdds/c01-21-odisha.xls,3cfc1100df768aa8,census-c01-extract-v1.1.0-20260528T003617Z,C0101,21,399,00000,000000,District - Malkangiri,urban,other,males,1
census-india-2011,sources/census-2011/c-series/state-mdds/c01-21-odisha.xls,3cfc1100df768aa8,census-c01-extract-v1.1.0-20260528T003617Z,C0101,21,399,00000,000000,District - Malkangiri,urban,other,females,0
census-india-2011,sources/census-2011/c-series/state-mdds/c01-21-odisha.xls,3cfc1100df768aa8,census-c01-extract-v1.1.0-20260528T003617Z,C0101,21,399,00000,000000,District - Malkangiri,urban,not_stated,persons,57
census-india-2011,sources/census-2011/c-series/state-mdds/c01-21-odisha.xls,3cfc1100df768aa8,census-c01-extract-v1.1.0-20260528T003617Z,C0101,21,399,00000,000000,District - Malkangiri,urban,not_stated,males,32
census-india-2011,sources/census-2011/c-series/state-mdds/c01-21-odisha.xls,3cfc1100df768aa8,census-c01-extract-v1.1.0-20260528T003617Z,C0101,21,399,00000,000000,District - Malkangiri,urban,not_stated,females,25
