source_id,source_document,source_sha256_prefix,extraction_run,table_name,state_code,distt_code,tehsil_code,town_code,area_name,residence,religion,sex,value
census-india-2011,sources/census-2011/c-series/state-mdds/c01-33-tamil-nadu.xls,5766414c82e96d26,census-c01-extract-v1.1.0-20260528T003618Z,C0101,33,000,00000,000000,State - TAMIL NADU,total,all,persons,72147030
census-india-2011,sources/census-2011/c-series/state-mdds/c01-33-tamil-nadu.xls,5766414c82e96d26,census-c01-extract-v1.1.0-20260528T003618Z,C0101,33,000,00000,000000,State - TAMIL NADU,total,all,males,36137975
census-india-2011,sources/census-2011/c-series/state-mdds/c01-33-tamil-nadu.xls,5766414c82e96d26,census-c01-extract-v1.1.0-20260528T003618Z,C0101,33,000,00000,000000,State - TAMIL NADU,total,all,females,36009055
census-india-2011,sources/census-2011/c-series/state-mdds/c01-33-tamil-nadu.xls,5766414c82e96d26,census-c01-extract-v1.1.0-20260528T003618Z,C0101,33,000,00000,000000,State - TAMIL NADU,total,hindu,persons,63188168
census-india-2011,sources/census-2011/c-series/state-mdds/c01-33-tamil-nadu.xls,5766414c82e96d26,census-c01-extract-v1.1.0-20260528T003618Z,C0101,33,000,00000,000000,State - TAMIL NADU,total,hindu,males,31715046
census-india-2011,sources/census-2011/c-series/state-mdds/c01-33-tamil-nadu.xls,5766414c82e96d26,census-c01-extract-v1.1.0-20260528T003618Z,C0101,33,000,00000,000000,State - TAMIL NADU,total,hindu,females,31473122
census-india-2011,sources/census-2011/c-series/state-mdds/c01-33-tamil-nadu.xls,5766414c82e96d26,census-c01-extract-v1.1.0-20260528T003618Z,C0101,33,000,00000,000000,State - TAMIL NADU,total,muslim,persons,4229479
census-india-2011,sources/census-2011/c-series/state-mdds/c01-33-tamil-nadu.xls,5766414c82e96d26,census-c01-extract-v1.1.0-20260528T003618Z,C0101,33,000,00000,000000,State - TAMIL NADU,total,muslim,males,2099182
census-india-2011,sources/census-2011/c-series/state-mdds/c01-33-tamil-nadu.xls,5766414c82e96d26,census-c01-extract-v1.1.0-20260528T003618Z,C0101,33,000,00000,000000,State - TAMIL NADU,total,muslim,females,2130297
census-india-2011,sources/census-2011/c-series/state-mdds/c01-33-tamil-nadu.xls,5766414c82e96d26,census-c01-extract-v1.1.0-20260528T003618Z,C0101,33,000,00000,000000,State - TAMIL NADU,total,christian,persons,4418331
census-india-2011,sources/census-2011/c-series/state-mdds/c01-33-tamil-nadu.xls,5766414c82e96d26,census-c01-extract-v1.1.0-20260528T003618Z,C0101,33,000,00000,000000,State - TAMIL NADU,total,christian,males,2171413
census-india-2011,sources/census-2011/c-series/state-mdds/c01-33-tamil-nadu.xls,5766414c82e96d26,census-c01-extract-v1.1.0-20260528T003618Z,C0101,33,000,00000,000000,State - TAMIL NADU,total,christian,females,2246918
census-india-2011,sources/census-2011/c-series/state-mdds/c01-33-tamil-nadu.xls,5766414c82e96d26,census-c01-extract-v1.1.0-20260528T003618Z,C0101,33,000,00000,000000,State - TAMIL NADU,total,sikh,persons,14601
census-india-2011,sources/census-2011/c-series/state-mdds/c01-33-tamil-nadu.xls,5766414c82e96d26,census-c01-extract-v1.1.0-20260528T003618Z,C0101,33,000,00000,000000,State - TAMIL NADU,total,sikh,males,8088
census-india-2011,sources/census-2011/c-series/state-mdds/c01-33-tamil-nadu.xls,5766414c82e96d26,census-c01-extract-v1.1.0-20260528T003618Z,C0101,33,000,00000,000000,State - TAMIL NADU,total,sikh,females,6513
census-india-2011,sources/census-2011/c-series/state-mdds/c01-33-tamil-nadu.xls,5766414c82e96d26,census-c01-extract-v1.1.0-20260528T003618Z,C0101,33,000,00000,000000,State - TAMIL NADU,total,buddhist,persons,11186
census-india-2011,sources/census-2011/c-series/state-mdds/c01-33-tamil-nadu.xls,5766414c82e96d26,census-c01-extract-v1.1.0-20260528T003618Z,C0101,33,000,00000,000000,State - TAMIL NADU,total,buddhist,males,5976
census-india-2011,sources/census-2011/c-series/state-mdds/c01-33-tamil-nadu.xls,5766414c82e96d26,census-c01-extract-v1.1.0-20260528T003618Z,C0101,33,000,00000,000000,State - TAMIL NADU,total,buddhist,females,5210
census-india-2011,sources/census-2011/c-series/state-mdds/c01-33-tamil-nadu.xls,5766414c82e96d26,census-c01-extract-v1.1.0-20260528T003618Z,C0101,33,000,00000,000000,State - TAMIL NADU,total,jain,persons,89265
census-india-2011,sources/census-2011/c-series/state-mdds/c01-33-tamil-nadu.xls,5766414c82e96d26,census-c01-extract-v1.1.0-20260528T003618Z,C0101,33,000,00000,000000,State - TAMIL NADU,total,jain,males,45605
census-india-2011,sources/census-2011/c-series/state-mdds/c01-33-tamil-nadu.xls,5766414c82e96d26,census-c01-extract-v1.1.0-20260528T003618Z,C0101,33,000,00000,000000,State - TAMIL NADU,total,jain,females,43660
census-india-2011,sources/census-2011/c-series/state-mdds/c01-33-tamil-nadu.xls,5766414c82e96d26,census-c01-extract-v1.1.0-20260528T003618Z,C0101,33,000,00000,000000,State - TAMIL NADU,total,other,persons,7414
census-india-2011,sources/census-2011/c-series/state-mdds/c01-33-tamil-nadu.xls,5766414c82e96d26,census-c01-extract-v1.1.0-20260528T003618Z,C0101,33,000,00000,000000,State - TAMIL NADU,total,other,males,3781
census-india-2011,sources/census-2011/c-series/state-mdds/c01-33-tamil-nadu.xls,5766414c82e96d26,census-c01-extract-v1.1.0-20260528T003618Z,C0101,33,000,00000,000000,State - TAMIL NADU,total,other,females,3633
census-india-2011,sources/census-2011/c-series/state-mdds/c01-33-tamil-nadu.xls,5766414c82e96d26,census-c01-extract-v1.1.0-20260528T003618Z,C0101,33,000,00000,000000,State - TAMIL NADU,total,not_stated,persons,188586
census-india-2011,sources/census-2011/c-series/state-mdds/c01-33-tamil-nadu.xls,5766414c82e96d26,census-c01-extract-v1.1.0-20260528T003618Z,C0101,33,000,00000,000000,State - TAMIL NADU,total,not_stated,males,88884
census-india-2011,sources/census-2011/c-series/state-mdds/c01-33-tamil-nadu.xls,5766414c82e96d26,census-c01-extract-v1.1.0-20260528T003618Z,C0101,33,000,00000,000000,State - TAMIL NADU,total,not_stated,females,99702
census-india-2011,sources/census-2011/c-series/state-mdds/c01-33-tamil-nadu.xls,5766414c82e96d26,census-c01-extract-v1.1.0-20260528T003618Z,C0101,33,000,00000,000000,State - TAMIL NADU,rural,all,persons,37229590
census-india-2011,sources/census-2011/c-series/state-mdds/c01-33-tamil-nadu.xls,5766414c82e96d26,census-c01-extract-v1.1.0-20260528T003618Z,C0101,33,000,00000,000000,State - TAMIL NADU,rural,all,males,18679065
census-india-2011,sources/census-2011/c-series/state-mdds/c01-33-tamil-nadu.xls,5766414c82e96d26,census-c01-extract-v1.1.0-20260528T003618Z,C0101,33,000,00000,000000,State - TAMIL NADU,rural,all,females,18550525
census-india-2011,sources/census-2011/c-series/state-mdds/c01-33-tamil-nadu.xls,5766414c82e96d26,census-c01-extract-v1.1.0-20260528T003618Z,C0101,33,000,00000,000000,State - TAMIL NADU,rural,hindu,persons,34548262
census-india-2011,sources/census-2011/c-series/state-mdds/c01-33-tamil-nadu.xls,5766414c82e96d26,census-c01-extract-v1.1.0-20260528T003618Z,C0101,33,000,00000,000000,State - TAMIL NADU,rural,hindu,males,17358731
census-india-2011,sources/census-2011/c-series/state-mdds/c01-33-tamil-nadu.xls,5766414c82e96d26,census-c01-extract-v1.1.0-20260528T003618Z,C0101,33,000,00000,000000,State - TAMIL NADU,rural,hindu,females,17189531
census-india-2011,sources/census-2011/c-series/state-mdds/c01-33-tamil-nadu.xls,5766414c82e96d26,census-c01-extract-v1.1.0-20260528T003618Z,C0101,33,000,00000,000000,State - TAMIL NADU,rural,muslim,persons,993822
census-india-2011,sources/census-2011/c-series/state-mdds/c01-33-tamil-nadu.xls,5766414c82e96d26,census-c01-extract-v1.1.0-20260528T003618Z,C0101,33,000,00000,000000,State - TAMIL NADU,rural,muslim,males,486373
census-india-2011,sources/census-2011/c-series/state-mdds/c01-33-tamil-nadu.xls,5766414c82e96d26,census-c01-extract-v1.1.0-20260528T003618Z,C0101,33,000,00000,000000,State - TAMIL NADU,rural,muslim,females,507449
census-india-2011,sources/census-2011/c-series/state-mdds/c01-33-tamil-nadu.xls,5766414c82e96d26,census-c01-extract-v1.1.0-20260528T003618Z,C0101,33,000,00000,000000,State - TAMIL NADU,rural,christian,persons,1598616
census-india-2011,sources/census-2011/c-series/state-mdds/c01-33-tamil-nadu.xls,5766414c82e96d26,census-c01-extract-v1.1.0-20260528T003618Z,C0101,33,000,00000,000000,State - TAMIL NADU,rural,christian,males,790114
census-india-2011,sources/census-2011/c-series/state-mdds/c01-33-tamil-nadu.xls,5766414c82e96d26,census-c01-extract-v1.1.0-20260528T003618Z,C0101,33,000,00000,000000,State - TAMIL NADU,rural,christian,females,808502
census-india-2011,sources/census-2011/c-series/state-mdds/c01-33-tamil-nadu.xls,5766414c82e96d26,census-c01-extract-v1.1.0-20260528T003618Z,C0101,33,000,00000,000000,State - TAMIL NADU,rural,sikh,persons,4149
census-india-2011,sources/census-2011/c-series/state-mdds/c01-33-tamil-nadu.xls,5766414c82e96d26,census-c01-extract-v1.1.0-20260528T003618Z,C0101,33,000,00000,000000,State - TAMIL NADU,rural,sikh,males,2256
census-india-2011,sources/census-2011/c-series/state-mdds/c01-33-tamil-nadu.xls,5766414c82e96d26,census-c01-extract-v1.1.0-20260528T003618Z,C0101,33,000,00000,000000,State - TAMIL NADU,rural,sikh,females,1893
census-india-2011,sources/census-2011/c-series/state-mdds/c01-33-tamil-nadu.xls,5766414c82e96d26,census-c01-extract-v1.1.0-20260528T003618Z,C0101,33,000,00000,000000,State - TAMIL NADU,rural,buddhist,persons,3285
census-india-2011,sources/census-2011/c-series/state-mdds/c01-33-tamil-nadu.xls,5766414c82e96d26,census-c01-extract-v1.1.0-20260528T003618Z,C0101,33,000,00000,000000,State - TAMIL NADU,rural,buddhist,males,1716
census-india-2011,sources/census-2011/c-series/state-mdds/c01-33-tamil-nadu.xls,5766414c82e96d26,census-c01-extract-v1.1.0-20260528T003618Z,C0101,33,000,00000,000000,State - TAMIL NADU,rural,buddhist,females,1569
census-india-2011,sources/census-2011/c-series/state-mdds/c01-33-tamil-nadu.xls,5766414c82e96d26,census-c01-extract-v1.1.0-20260528T003618Z,C0101,33,000,00000,000000,State - TAMIL NADU,rural,jain,persons,10084
census-india-2011,sources/census-2011/c-series/state-mdds/c01-33-tamil-nadu.xls,5766414c82e96d26,census-c01-extract-v1.1.0-20260528T003618Z,C0101,33,000,00000,000000,State - TAMIL NADU,rural,jain,males,5044
census-india-2011,sources/census-2011/c-series/state-mdds/c01-33-tamil-nadu.xls,5766414c82e96d26,census-c01-extract-v1.1.0-20260528T003618Z,C0101,33,000,00000,000000,State - TAMIL NADU,rural,jain,females,5040
census-india-2011,sources/census-2011/c-series/state-mdds/c01-33-tamil-nadu.xls,5766414c82e96d26,census-c01-extract-v1.1.0-20260528T003618Z,C0101,33,000,00000,000000,State - TAMIL NADU,rural,other,persons,2587
census-india-2011,sources/census-2011/c-series/state-mdds/c01-33-tamil-nadu.xls,5766414c82e96d26,census-c01-extract-v1.1.0-20260528T003618Z,C0101,33,000,00000,000000,State - TAMIL NADU,rural,other,males,1227
census-india-2011,sources/census-2011/c-series/state-mdds/c01-33-tamil-nadu.xls,5766414c82e96d26,census-c01-extract-v1.1.0-20260528T003618Z,C0101,33,000,00000,000000,State - TAMIL NADU,rural,other,females,1360
census-india-2011,sources/census-2011/c-series/state-mdds/c01-33-tamil-nadu.xls,5766414c82e96d26,census-c01-extract-v1.1.0-20260528T003618Z,C0101,33,000,00000,000000,State - TAMIL NADU,rural,not_stated,persons,68785
census-india-2011,sources/census-2011/c-series/state-mdds/c01-33-tamil-nadu.xls,5766414c82e96d26,census-c01-extract-v1.1.0-20260528T003618Z,C0101,33,000,00000,000000,State - TAMIL NADU,rural,not_stated,males,33604
census-india-2011,sources/census-2011/c-series/state-mdds/c01-33-tamil-nadu.xls,5766414c82e96d26,census-c01-extract-v1.1.0-20260528T003618Z,C0101,33,000,00000,000000,State - TAMIL NADU,rural,not_stated,females,35181
census-india-2011,sources/census-2011/c-series/state-mdds/c01-33-tamil-nadu.xls,5766414c82e96d26,census-c01-extract-v1.1.0-20260528T003618Z,C0101,33,000,00000,000000,State - TAMIL NADU,urban,all,persons,34917440
census-india-2011,sources/census-2011/c-series/state-mdds/c01-33-tamil-nadu.xls,5766414c82e96d26,census-c01-extract-v1.1.0-20260528T003618Z,C0101,33,000,00000,000000,State - TAMIL NADU,urban,all,males,17458910
census-india-2011,sources/census-2011/c-series/state-mdds/c01-33-tamil-nadu.xls,5766414c82e96d26,census-c01-extract-v1.1.0-20260528T003618Z,C0101,33,000,00000,000000,State - TAMIL NADU,urban,all,females,17458530
census-india-2011,sources/census-2011/c-series/state-mdds/c01-33-tamil-nadu.xls,5766414c82e96d26,census-c01-extract-v1.1.0-20260528T003618Z,C0101,33,000,00000,000000,State - TAMIL NADU,urban,hindu,persons,28639906
census-india-2011,sources/census-2011/c-series/state-mdds/c01-33-tamil-nadu.xls,5766414c82e96d26,census-c01-extract-v1.1.0-20260528T003618Z,C0101,33,000,00000,000000,State - TAMIL NADU,urban,hindu,males,14356315
census-india-2011,sources/census-2011/c-series/state-mdds/c01-33-tamil-nadu.xls,5766414c82e96d26,census-c01-extract-v1.1.0-20260528T003618Z,C0101,33,000,00000,000000,State - TAMIL NADU,urban,hindu,females,14283591
census-india-2011,sources/census-2011/c-series/state-mdds/c01-33-tamil-nadu.xls,5766414c82e96d26,census-c01-extract-v1.1.0-20260528T003618Z,C0101,33,000,00000,000000,State - TAMIL NADU,urban,muslim,persons,3235657
census-india-2011,sources/census-2011/c-series/state-mdds/c01-33-tamil-nadu.xls,5766414c82e96d26,census-c01-extract-v1.1.0-20260528T003618Z,C0101,33,000,00000,000000,State - TAMIL NADU,urban,muslim,males,1612809
census-india-2011,sources/census-2011/c-series/state-mdds/c01-33-tamil-nadu.xls,5766414c82e96d26,census-c01-extract-v1.1.0-20260528T003618Z,C0101,33,000,00000,000000,State - TAMIL NADU,urban,muslim,females,1622848
census-india-2011,sources/census-2011/c-series/state-mdds/c01-33-tamil-nadu.xls,5766414c82e96d26,census-c01-extract-v1.1.0-20260528T003618Z,C0101,33,000,00000,000000,State - TAMIL NADU,urban,christian,persons,2819715
census-india-2011,sources/census-2011/c-series/state-mdds/c01-33-tamil-nadu.xls,5766414c82e96d26,census-c01-extract-v1.1.0-20260528T003618Z,C0101,33,000,00000,000000,State - TAMIL NADU,urban,christian,males,1381299
census-india-2011,sources/census-2011/c-series/state-mdds/c01-33-tamil-nadu.xls,5766414c82e96d26,census-c01-extract-v1.1.0-20260528T003618Z,C0101,33,000,00000,000000,State - TAMIL NADU,urban,christian,females,1438416
census-india-2011,sources/census-2011/c-series/state-mdds/c01-33-tamil-nadu.xls,5766414c82e96d26,census-c01-extract-v1.1.0-20260528T003618Z,C0101,33,000,00000,000000,State - TAMIL NADU,urban,sikh,persons,10452
census-india-2011,sources/census-2011/c-series/state-mdds/c01-33-tamil-nadu.xls,5766414c82e96d26,census-c01-extract-v1.1.0-20260528T003618Z,C0101,33,000,00000,000000,State - TAMIL NADU,urban,sikh,males,5832
census-india-2011,sources/census-2011/c-series/state-mdds/c01-33-tamil-nadu.xls,5766414c82e96d26,census-c01-extract-v1.1.0-20260528T003618Z,C0101,33,000,00000,000000,State - TAMIL NADU,urban,sikh,females,4620
census-india-2011,sources/census-2011/c-series/state-mdds/c01-33-tamil-nadu.xls,5766414c82e96d26,census-c01-extract-v1.1.0-20260528T003618Z,C0101,33,000,00000,000000,State - TAMIL NADU,urban,buddhist,persons,7901
census-india-2011,sources/census-2011/c-series/state-mdds/c01-33-tamil-nadu.xls,5766414c82e96d26,census-c01-extract-v1.1.0-20260528T003618Z,C0101,33,000,00000,000000,State - TAMIL NADU,urban,buddhist,males,4260
census-india-2011,sources/census-2011/c-series/state-mdds/c01-33-tamil-nadu.xls,5766414c82e96d26,census-c01-extract-v1.1.0-20260528T003618Z,C0101,33,000,00000,000000,State - TAMIL NADU,urban,buddhist,females,3641
census-india-2011,sources/census-2011/c-series/state-mdds/c01-33-tamil-nadu.xls,5766414c82e96d26,census-c01-extract-v1.1.0-20260528T003618Z,C0101,33,000,00000,000000,State - TAMIL NADU,urban,jain,persons,79181
census-india-2011,sources/census-2011/c-series/state-mdds/c01-33-tamil-nadu.xls,5766414c82e96d26,census-c01-extract-v1.1.0-20260528T003618Z,C0101,33,000,00000,000000,State - TAMIL NADU,urban,jain,males,40561
census-india-2011,sources/census-2011/c-series/state-mdds/c01-33-tamil-nadu.xls,5766414c82e96d26,census-c01-extract-v1.1.0-20260528T003618Z,C0101,33,000,00000,000000,State - TAMIL NADU,urban,jain,females,38620
census-india-2011,sources/census-2011/c-series/state-mdds/c01-33-tamil-nadu.xls,5766414c82e96d26,census-c01-extract-v1.1.0-20260528T003618Z,C0101,33,000,00000,000000,State - TAMIL NADU,urban,other,persons,4827
census-india-2011,sources/census-2011/c-series/state-mdds/c01-33-tamil-nadu.xls,5766414c82e96d26,census-c01-extract-v1.1.0-20260528T003618Z,C0101,33,000,00000,000000,State - TAMIL NADU,urban,other,males,2554
census-india-2011,sources/census-2011/c-series/state-mdds/c01-33-tamil-nadu.xls,5766414c82e96d26,census-c01-extract-v1.1.0-20260528T003618Z,C0101,33,000,00000,000000,State - TAMIL NADU,urban,other,females,2273
census-india-2011,sources/census-2011/c-series/state-mdds/c01-33-tamil-nadu.xls,5766414c82e96d26,census-c01-extract-v1.1.0-20260528T003618Z,C0101,33,000,00000,000000,State - TAMIL NADU,urban,not_stated,persons,119801
census-india-2011,sources/census-2011/c-series/state-mdds/c01-33-tamil-nadu.xls,5766414c82e96d26,census-c01-extract-v1.1.0-20260528T003618Z,C0101,33,000,00000,000000,State - TAMIL NADU,urban,not_stated,males,55280
census-india-2011,sources/census-2011/c-series/state-mdds/c01-33-tamil-nadu.xls,5766414c82e96d26,census-c01-extract-v1.1.0-20260528T003618Z,C0101,33,000,00000,000000,State - TAMIL NADU,urban,not_stated,females,64521
census-india-2011,sources/census-2011/c-series/state-mdds/c01-33-tamil-nadu.xls,5766414c82e96d26,census-c01-extract-v1.1.0-20260528T003618Z,C0101,33,602,00000,000000,District - Thiruvallur,total,all,persons,3728104
census-india-2011,sources/census-2011/c-series/state-mdds/c01-33-tamil-nadu.xls,5766414c82e96d26,census-c01-extract-v1.1.0-20260528T003618Z,C0101,33,602,00000,000000,District - Thiruvallur,total,all,males,1876062
census-india-2011,sources/census-2011/c-series/state-mdds/c01-33-tamil-nadu.xls,5766414c82e96d26,census-c01-extract-v1.1.0-20260528T003618Z,C0101,33,602,00000,000000,District - Thiruvallur,total,all,females,1852042
census-india-2011,sources/census-2011/c-series/state-mdds/c01-33-tamil-nadu.xls,5766414c82e96d26,census-c01-extract-v1.1.0-20260528T003618Z,C0101,33,602,00000,000000,District - Thiruvallur,total,hindu,persons,3325823
census-india-2011,sources/census-2011/c-series/state-mdds/c01-33-tamil-nadu.xls,5766414c82e96d26,census-c01-extract-v1.1.0-20260528T003618Z,C0101,33,602,00000,000000,District - Thiruvallur,total,hindu,males,1675682
census-india-2011,sources/census-2011/c-series/state-mdds/c01-33-tamil-nadu.xls,5766414c82e96d26,census-c01-extract-v1.1.0-20260528T003618Z,C0101,33,602,00000,000000,District - Thiruvallur,total,hindu,females,1650141
census-india-2011,sources/census-2011/c-series/state-mdds/c01-33-tamil-nadu.xls,5766414c82e96d26,census-c01-extract-v1.1.0-20260528T003618Z,C0101,33,602,00000,000000,District - Thiruvallur,total,muslim,persons,143093
census-india-2011,sources/census-2011/c-series/state-mdds/c01-33-tamil-nadu.xls,5766414c82e96d26,census-c01-extract-v1.1.0-20260528T003618Z,C0101,33,602,00000,000000,District - Thiruvallur,total,muslim,males,72336
census-india-2011,sources/census-2011/c-series/state-mdds/c01-33-tamil-nadu.xls,5766414c82e96d26,census-c01-extract-v1.1.0-20260528T003618Z,C0101,33,602,00000,000000,District - Thiruvallur,total,muslim,females,70757
census-india-2011,sources/census-2011/c-series/state-mdds/c01-33-tamil-nadu.xls,5766414c82e96d26,census-c01-extract-v1.1.0-20260528T003618Z,C0101,33,602,00000,000000,District - Thiruvallur,total,christian,persons,233633
census-india-2011,sources/census-2011/c-series/state-mdds/c01-33-tamil-nadu.xls,5766414c82e96d26,census-c01-extract-v1.1.0-20260528T003618Z,C0101,33,602,00000,000000,District - Thiruvallur,total,christian,males,116016
census-india-2011,sources/census-2011/c-series/state-mdds/c01-33-tamil-nadu.xls,5766414c82e96d26,census-c01-extract-v1.1.0-20260528T003618Z,C0101,33,602,00000,000000,District - Thiruvallur,total,christian,females,117617
census-india-2011,sources/census-2011/c-series/state-mdds/c01-33-tamil-nadu.xls,5766414c82e96d26,census-c01-extract-v1.1.0-20260528T003618Z,C0101,33,602,00000,000000,District - Thiruvallur,total,sikh,persons,1422
census-india-2011,sources/census-2011/c-series/state-mdds/c01-33-tamil-nadu.xls,5766414c82e96d26,census-c01-extract-v1.1.0-20260528T003618Z,C0101,33,602,00000,000000,District - Thiruvallur,total,sikh,males,789
census-india-2011,sources/census-2011/c-series/state-mdds/c01-33-tamil-nadu.xls,5766414c82e96d26,census-c01-extract-v1.1.0-20260528T003618Z,C0101,33,602,00000,000000,District - Thiruvallur,total,sikh,females,633
census-india-2011,sources/census-2011/c-series/state-mdds/c01-33-tamil-nadu.xls,5766414c82e96d26,census-c01-extract-v1.1.0-20260528T003618Z,C0101,33,602,00000,000000,District - Thiruvallur,total,buddhist,persons,951
census-india-2011,sources/census-2011/c-series/state-mdds/c01-33-tamil-nadu.xls,5766414c82e96d26,census-c01-extract-v1.1.0-20260528T003618Z,C0101,33,602,00000,000000,District - Thiruvallur,total,buddhist,males,512
census-india-2011,sources/census-2011/c-series/state-mdds/c01-33-tamil-nadu.xls,5766414c82e96d26,census-c01-extract-v1.1.0-20260528T003618Z,C0101,33,602,00000,000000,District - Thiruvallur,total,buddhist,females,439
census-india-2011,sources/census-2011/c-series/state-mdds/c01-33-tamil-nadu.xls,5766414c82e96d26,census-c01-extract-v1.1.0-20260528T003618Z,C0101,33,602,00000,000000,District - Thiruvallur,total,jain,persons,3693
census-india-2011,sources/census-2011/c-series/state-mdds/c01-33-tamil-nadu.xls,5766414c82e96d26,census-c01-extract-v1.1.0-20260528T003618Z,C0101,33,602,00000,000000,District - Thiruvallur,total,jain,males,1935
census-india-2011,sources/census-2011/c-series/state-mdds/c01-33-tamil-nadu.xls,5766414c82e96d26,census-c01-extract-v1.1.0-20260528T003618Z,C0101,33,602,00000,000000,District - Thiruvallur,total,jain,females,1758
census-india-2011,sources/census-2011/c-series/state-mdds/c01-33-tamil-nadu.xls,5766414c82e96d26,census-c01-extract-v1.1.0-20260528T003618Z,C0101,33,602,00000,000000,District - Thiruvallur,total,other,persons,530
census-india-2011,sources/census-2011/c-series/state-mdds/c01-33-tamil-nadu.xls,5766414c82e96d26,census-c01-extract-v1.1.0-20260528T003618Z,C0101,33,602,00000,000000,District - Thiruvallur,total,other,males,257
census-india-2011,sources/census-2011/c-series/state-mdds/c01-33-tamil-nadu.xls,5766414c82e96d26,census-c01-extract-v1.1.0-20260528T003618Z,C0101,33,602,00000,000000,District - Thiruvallur,total,other,females,273
census-india-2011,sources/census-2011/c-series/state-mdds/c01-33-tamil-nadu.xls,5766414c82e96d26,census-c01-extract-v1.1.0-20260528T003618Z,C0101,33,602,00000,000000,District - Thiruvallur,total,not_stated,persons,18959
census-india-2011,sources/census-2011/c-series/state-mdds/c01-33-tamil-nadu.xls,5766414c82e96d26,census-c01-extract-v1.1.0-20260528T003618Z,C0101,33,602,00000,000000,District - Thiruvallur,total,not_stated,males,8535
census-india-2011,sources/census-2011/c-series/state-mdds/c01-33-tamil-nadu.xls,5766414c82e96d26,census-c01-extract-v1.1.0-20260528T003618Z,C0101,33,602,00000,000000,District - Thiruvallur,total,not_stated,females,10424
census-india-2011,sources/census-2011/c-series/state-mdds/c01-33-tamil-nadu.xls,5766414c82e96d26,census-c01-extract-v1.1.0-20260528T003618Z,C0101,33,602,00000,000000,District - Thiruvallur,rural,all,persons,1299709
census-india-2011,sources/census-2011/c-series/state-mdds/c01-33-tamil-nadu.xls,5766414c82e96d26,census-c01-extract-v1.1.0-20260528T003618Z,C0101,33,602,00000,000000,District - Thiruvallur,rural,all,males,650462
census-india-2011,sources/census-2011/c-series/state-mdds/c01-33-tamil-nadu.xls,5766414c82e96d26,census-c01-extract-v1.1.0-20260528T003618Z,C0101,33,602,00000,000000,District - Thiruvallur,rural,all,females,649247
census-india-2011,sources/census-2011/c-series/state-mdds/c01-33-tamil-nadu.xls,5766414c82e96d26,census-c01-extract-v1.1.0-20260528T003618Z,C0101,33,602,00000,000000,District - Thiruvallur,rural,hindu,persons,1225502
census-india-2011,sources/census-2011/c-series/state-mdds/c01-33-tamil-nadu.xls,5766414c82e96d26,census-c01-extract-v1.1.0-20260528T003618Z,C0101,33,602,00000,000000,District - Thiruvallur,rural,hindu,males,613318
census-india-2011,sources/census-2011/c-series/state-mdds/c01-33-tamil-nadu.xls,5766414c82e96d26,census-c01-extract-v1.1.0-20260528T003618Z,C0101,33,602,00000,000000,District - Thiruvallur,rural,hindu,females,612184
census-india-2011,sources/census-2011/c-series/state-mdds/c01-33-tamil-nadu.xls,5766414c82e96d26,census-c01-extract-v1.1.0-20260528T003618Z,C0101,33,602,00000,000000,District - Thiruvallur,rural,muslim,persons,26388
census-india-2011,sources/census-2011/c-series/state-mdds/c01-33-tamil-nadu.xls,5766414c82e96d26,census-c01-extract-v1.1.0-20260528T003618Z,C0101,33,602,00000,000000,District - Thiruvallur,rural,muslim,males,13315
census-india-2011,sources/census-2011/c-series/state-mdds/c01-33-tamil-nadu.xls,5766414c82e96d26,census-c01-extract-v1.1.0-20260528T003618Z,C0101,33,602,00000,000000,District - Thiruvallur,rural,muslim,females,13073
census-india-2011,sources/census-2011/c-series/state-mdds/c01-33-tamil-nadu.xls,5766414c82e96d26,census-c01-extract-v1.1.0-20260528T003618Z,C0101,33,602,00000,000000,District - Thiruvallur,rural,christian,persons,43410
census-india-2011,sources/census-2011/c-series/state-mdds/c01-33-tamil-nadu.xls,5766414c82e96d26,census-c01-extract-v1.1.0-20260528T003618Z,C0101,33,602,00000,000000,District - Thiruvallur,rural,christian,males,21617
census-india-2011,sources/census-2011/c-series/state-mdds/c01-33-tamil-nadu.xls,5766414c82e96d26,census-c01-extract-v1.1.0-20260528T003618Z,C0101,33,602,00000,000000,District - Thiruvallur,rural,christian,females,21793
census-india-2011,sources/census-2011/c-series/state-mdds/c01-33-tamil-nadu.xls,5766414c82e96d26,census-c01-extract-v1.1.0-20260528T003618Z,C0101,33,602,00000,000000,District - Thiruvallur,rural,sikh,persons,206
census-india-2011,sources/census-2011/c-series/state-mdds/c01-33-tamil-nadu.xls,5766414c82e96d26,census-c01-extract-v1.1.0-20260528T003618Z,C0101,33,602,00000,000000,District - Thiruvallur,rural,sikh,males,118
census-india-2011,sources/census-2011/c-series/state-mdds/c01-33-tamil-nadu.xls,5766414c82e96d26,census-c01-extract-v1.1.0-20260528T003618Z,C0101,33,602,00000,000000,District - Thiruvallur,rural,sikh,females,88
census-india-2011,sources/census-2011/c-series/state-mdds/c01-33-tamil-nadu.xls,5766414c82e96d26,census-c01-extract-v1.1.0-20260528T003618Z,C0101,33,602,00000,000000,District - Thiruvallur,rural,buddhist,persons,145
census-india-2011,sources/census-2011/c-series/state-mdds/c01-33-tamil-nadu.xls,5766414c82e96d26,census-c01-extract-v1.1.0-20260528T003618Z,C0101,33,602,00000,000000,District - Thiruvallur,rural,buddhist,males,72
census-india-2011,sources/census-2011/c-series/state-mdds/c01-33-tamil-nadu.xls,5766414c82e96d26,census-c01-extract-v1.1.0-20260528T003618Z,C0101,33,602,00000,000000,District - Thiruvallur,rural,buddhist,females,73
census-india-2011,sources/census-2011/c-series/state-mdds/c01-33-tamil-nadu.xls,5766414c82e96d26,census-c01-extract-v1.1.0-20260528T003618Z,C0101,33,602,00000,000000,District - Thiruvallur,rural,jain,persons,181
census-india-2011,sources/census-2011/c-series/state-mdds/c01-33-tamil-nadu.xls,5766414c82e96d26,census-c01-extract-v1.1.0-20260528T003618Z,C0101,33,602,00000,000000,District - Thiruvallur,rural,jain,males,93
census-india-2011,sources/census-2011/c-series/state-mdds/c01-33-tamil-nadu.xls,5766414c82e96d26,census-c01-extract-v1.1.0-20260528T003618Z,C0101,33,602,00000,000000,District - Thiruvallur,rural,jain,females,88
census-india-2011,sources/census-2011/c-series/state-mdds/c01-33-tamil-nadu.xls,5766414c82e96d26,census-c01-extract-v1.1.0-20260528T003618Z,C0101,33,602,00000,000000,District - Thiruvallur,rural,other,persons,62
census-india-2011,sources/census-2011/c-series/state-mdds/c01-33-tamil-nadu.xls,5766414c82e96d26,census-c01-extract-v1.1.0-20260528T003618Z,C0101,33,602,00000,000000,District - Thiruvallur,rural,other,males,29
census-india-2011,sources/census-2011/c-series/state-mdds/c01-33-tamil-nadu.xls,5766414c82e96d26,census-c01-extract-v1.1.0-20260528T003618Z,C0101,33,602,00000,000000,District - Thiruvallur,rural,other,females,33
census-india-2011,sources/census-2011/c-series/state-mdds/c01-33-tamil-nadu.xls,5766414c82e96d26,census-c01-extract-v1.1.0-20260528T003618Z,C0101,33,602,00000,000000,District - Thiruvallur,rural,not_stated,persons,3815
census-india-2011,sources/census-2011/c-series/state-mdds/c01-33-tamil-nadu.xls,5766414c82e96d26,census-c01-extract-v1.1.0-20260528T003618Z,C0101,33,602,00000,000000,District - Thiruvallur,rural,not_stated,males,1900
census-india-2011,sources/census-2011/c-series/state-mdds/c01-33-tamil-nadu.xls,5766414c82e96d26,census-c01-extract-v1.1.0-20260528T003618Z,C0101,33,602,00000,000000,District - Thiruvallur,rural,not_stated,females,1915
census-india-2011,sources/census-2011/c-series/state-mdds/c01-33-tamil-nadu.xls,5766414c82e96d26,census-c01-extract-v1.1.0-20260528T003618Z,C0101,33,602,00000,000000,District - Thiruvallur,urban,all,persons,2428395
census-india-2011,sources/census-2011/c-series/state-mdds/c01-33-tamil-nadu.xls,5766414c82e96d26,census-c01-extract-v1.1.0-20260528T003618Z,C0101,33,602,00000,000000,District - Thiruvallur,urban,all,males,1225600
census-india-2011,sources/census-2011/c-series/state-mdds/c01-33-tamil-nadu.xls,5766414c82e96d26,census-c01-extract-v1.1.0-20260528T003618Z,C0101,33,602,00000,000000,District - Thiruvallur,urban,all,females,1202795
census-india-2011,sources/census-2011/c-series/state-mdds/c01-33-tamil-nadu.xls,5766414c82e96d26,census-c01-extract-v1.1.0-20260528T003618Z,C0101,33,602,00000,000000,District - Thiruvallur,urban,hindu,persons,2100321
census-india-2011,sources/census-2011/c-series/state-mdds/c01-33-tamil-nadu.xls,5766414c82e96d26,census-c01-extract-v1.1.0-20260528T003618Z,C0101,33,602,00000,000000,District - Thiruvallur,urban,hindu,males,1062364
census-india-2011,sources/census-2011/c-series/state-mdds/c01-33-tamil-nadu.xls,5766414c82e96d26,census-c01-extract-v1.1.0-20260528T003618Z,C0101,33,602,00000,000000,District - Thiruvallur,urban,hindu,females,1037957
census-india-2011,sources/census-2011/c-series/state-mdds/c01-33-tamil-nadu.xls,5766414c82e96d26,census-c01-extract-v1.1.0-20260528T003618Z,C0101,33,602,00000,000000,District - Thiruvallur,urban,muslim,persons,116705
census-india-2011,sources/census-2011/c-series/state-mdds/c01-33-tamil-nadu.xls,5766414c82e96d26,census-c01-extract-v1.1.0-20260528T003618Z,C0101,33,602,00000,000000,District - Thiruvallur,urban,muslim,males,59021
census-india-2011,sources/census-2011/c-series/state-mdds/c01-33-tamil-nadu.xls,5766414c82e96d26,census-c01-extract-v1.1.0-20260528T003618Z,C0101,33,602,00000,000000,District - Thiruvallur,urban,muslim,females,57684
census-india-2011,sources/census-2011/c-series/state-mdds/c01-33-tamil-nadu.xls,5766414c82e96d26,census-c01-extract-v1.1.0-20260528T003618Z,C0101,33,602,00000,000000,District - Thiruvallur,urban,christian,persons,190223
census-india-2011,sources/census-2011/c-series/state-mdds/c01-33-tamil-nadu.xls,5766414c82e96d26,census-c01-extract-v1.1.0-20260528T003618Z,C0101,33,602,00000,000000,District - Thiruvallur,urban,christian,males,94399
census-india-2011,sources/census-2011/c-series/state-mdds/c01-33-tamil-nadu.xls,5766414c82e96d26,census-c01-extract-v1.1.0-20260528T003618Z,C0101,33,602,00000,000000,District - Thiruvallur,urban,christian,females,95824
census-india-2011,sources/census-2011/c-series/state-mdds/c01-33-tamil-nadu.xls,5766414c82e96d26,census-c01-extract-v1.1.0-20260528T003618Z,C0101,33,602,00000,000000,District - Thiruvallur,urban,sikh,persons,1216
census-india-2011,sources/census-2011/c-series/state-mdds/c01-33-tamil-nadu.xls,5766414c82e96d26,census-c01-extract-v1.1.0-20260528T003618Z,C0101,33,602,00000,000000,District - Thiruvallur,urban,sikh,males,671
census-india-2011,sources/census-2011/c-series/state-mdds/c01-33-tamil-nadu.xls,5766414c82e96d26,census-c01-extract-v1.1.0-20260528T003618Z,C0101,33,602,00000,000000,District - Thiruvallur,urban,sikh,females,545
census-india-2011,sources/census-2011/c-series/state-mdds/c01-33-tamil-nadu.xls,5766414c82e96d26,census-c01-extract-v1.1.0-20260528T003618Z,C0101,33,602,00000,000000,District - Thiruvallur,urban,buddhist,persons,806
census-india-2011,sources/census-2011/c-series/state-mdds/c01-33-tamil-nadu.xls,5766414c82e96d26,census-c01-extract-v1.1.0-20260528T003618Z,C0101,33,602,00000,000000,District - Thiruvallur,urban,buddhist,males,440
census-india-2011,sources/census-2011/c-series/state-mdds/c01-33-tamil-nadu.xls,5766414c82e96d26,census-c01-extract-v1.1.0-20260528T003618Z,C0101,33,602,00000,000000,District - Thiruvallur,urban,buddhist,females,366
census-india-2011,sources/census-2011/c-series/state-mdds/c01-33-tamil-nadu.xls,5766414c82e96d26,census-c01-extract-v1.1.0-20260528T003618Z,C0101,33,602,00000,000000,District - Thiruvallur,urban,jain,persons,3512
census-india-2011,sources/census-2011/c-series/state-mdds/c01-33-tamil-nadu.xls,5766414c82e96d26,census-c01-extract-v1.1.0-20260528T003618Z,C0101,33,602,00000,000000,District - Thiruvallur,urban,jain,males,1842
census-india-2011,sources/census-2011/c-series/state-mdds/c01-33-tamil-nadu.xls,5766414c82e96d26,census-c01-extract-v1.1.0-20260528T003618Z,C0101,33,602,00000,000000,District - Thiruvallur,urban,jain,females,1670
census-india-2011,sources/census-2011/c-series/state-mdds/c01-33-tamil-nadu.xls,5766414c82e96d26,census-c01-extract-v1.1.0-20260528T003618Z,C0101,33,602,00000,000000,District - Thiruvallur,urban,other,persons,468
census-india-2011,sources/census-2011/c-series/state-mdds/c01-33-tamil-nadu.xls,5766414c82e96d26,census-c01-extract-v1.1.0-20260528T003618Z,C0101,33,602,00000,000000,District - Thiruvallur,urban,other,males,228
census-india-2011,sources/census-2011/c-series/state-mdds/c01-33-tamil-nadu.xls,5766414c82e96d26,census-c01-extract-v1.1.0-20260528T003618Z,C0101,33,602,00000,000000,District - Thiruvallur,urban,other,females,240
census-india-2011,sources/census-2011/c-series/state-mdds/c01-33-tamil-nadu.xls,5766414c82e96d26,census-c01-extract-v1.1.0-20260528T003618Z,C0101,33,602,00000,000000,District - Thiruvallur,urban,not_stated,persons,15144
census-india-2011,sources/census-2011/c-series/state-mdds/c01-33-tamil-nadu.xls,5766414c82e96d26,census-c01-extract-v1.1.0-20260528T003618Z,C0101,33,602,00000,000000,District - Thiruvallur,urban,not_stated,males,6635
census-india-2011,sources/census-2011/c-series/state-mdds/c01-33-tamil-nadu.xls,5766414c82e96d26,census-c01-extract-v1.1.0-20260528T003618Z,C0101,33,602,00000,000000,District - Thiruvallur,urban,not_stated,females,8509
census-india-2011,sources/census-2011/c-series/state-mdds/c01-33-tamil-nadu.xls,5766414c82e96d26,census-c01-extract-v1.1.0-20260528T003618Z,C0101,33,603,00000,000000,District - Chennai,total,all,persons,4646732
census-india-2011,sources/census-2011/c-series/state-mdds/c01-33-tamil-nadu.xls,5766414c82e96d26,census-c01-extract-v1.1.0-20260528T003618Z,C0101,33,603,00000,000000,District - Chennai,total,all,males,2335844
census-india-2011,sources/census-2011/c-series/state-mdds/c01-33-tamil-nadu.xls,5766414c82e96d26,census-c01-extract-v1.1.0-20260528T003618Z,C0101,33,603,00000,000000,District - Chennai,total,all,females,2310888
census-india-2011,sources/census-2011/c-series/state-mdds/c01-33-tamil-nadu.xls,5766414c82e96d26,census-c01-extract-v1.1.0-20260528T003618Z,C0101,33,603,00000,000000,District - Chennai,total,hindu,persons,3751322
census-india-2011,sources/census-2011/c-series/state-mdds/c01-33-tamil-nadu.xls,5766414c82e96d26,census-c01-extract-v1.1.0-20260528T003618Z,C0101,33,603,00000,000000,District - Chennai,total,hindu,males,1887443
census-india-2011,sources/census-2011/c-series/state-mdds/c01-33-tamil-nadu.xls,5766414c82e96d26,census-c01-extract-v1.1.0-20260528T003618Z,C0101,33,603,00000,000000,District - Chennai,total,hindu,females,1863879
census-india-2011,sources/census-2011/c-series/state-mdds/c01-33-tamil-nadu.xls,5766414c82e96d26,census-c01-extract-v1.1.0-20260528T003618Z,C0101,33,603,00000,000000,District - Chennai,total,muslim,persons,439270
census-india-2011,sources/census-2011/c-series/state-mdds/c01-33-tamil-nadu.xls,5766414c82e96d26,census-c01-extract-v1.1.0-20260528T003618Z,C0101,33,603,00000,000000,District - Chennai,total,muslim,males,223194
census-india-2011,sources/census-2011/c-series/state-mdds/c01-33-tamil-nadu.xls,5766414c82e96d26,census-c01-extract-v1.1.0-20260528T003618Z,C0101,33,603,00000,000000,District - Chennai,total,muslim,females,216076
census-india-2011,sources/census-2011/c-series/state-mdds/c01-33-tamil-nadu.xls,5766414c82e96d26,census-c01-extract-v1.1.0-20260528T003618Z,C0101,33,603,00000,000000,District - Chennai,total,christian,persons,358662
census-india-2011,sources/census-2011/c-series/state-mdds/c01-33-tamil-nadu.xls,5766414c82e96d26,census-c01-extract-v1.1.0-20260528T003618Z,C0101,33,603,00000,000000,District - Chennai,total,christian,males,176419
census-india-2011,sources/census-2011/c-series/state-mdds/c01-33-tamil-nadu.xls,5766414c82e96d26,census-c01-extract-v1.1.0-20260528T003618Z,C0101,33,603,00000,000000,District - Chennai,total,christian,females,182243
census-india-2011,sources/census-2011/c-series/state-mdds/c01-33-tamil-nadu.xls,5766414c82e96d26,census-c01-extract-v1.1.0-20260528T003618Z,C0101,33,603,00000,000000,District - Chennai,total,sikh,persons,2851
census-india-2011,sources/census-2011/c-series/state-mdds/c01-33-tamil-nadu.xls,5766414c82e96d26,census-c01-extract-v1.1.0-20260528T003618Z,C0101,33,603,00000,000000,District - Chennai,total,sikh,males,1562
census-india-2011,sources/census-2011/c-series/state-mdds/c01-33-tamil-nadu.xls,5766414c82e96d26,census-c01-extract-v1.1.0-20260528T003618Z,C0101,33,603,00000,000000,District - Chennai,total,sikh,females,1289
census-india-2011,sources/census-2011/c-series/state-mdds/c01-33-tamil-nadu.xls,5766414c82e96d26,census-c01-extract-v1.1.0-20260528T003618Z,C0101,33,603,00000,000000,District - Chennai,total,buddhist,persons,2804
census-india-2011,sources/census-2011/c-series/state-mdds/c01-33-tamil-nadu.xls,5766414c82e96d26,census-c01-extract-v1.1.0-20260528T003618Z,C0101,33,603,00000,000000,District - Chennai,total,buddhist,males,1573
census-india-2011,sources/census-2011/c-series/state-mdds/c01-33-tamil-nadu.xls,5766414c82e96d26,census-c01-extract-v1.1.0-20260528T003618Z,C0101,33,603,00000,000000,District - Chennai,total,buddhist,females,1231
census-india-2011,sources/census-2011/c-series/state-mdds/c01-33-tamil-nadu.xls,5766414c82e96d26,census-c01-extract-v1.1.0-20260528T003618Z,C0101,33,603,00000,000000,District - Chennai,total,jain,persons,51708
census-india-2011,sources/census-2011/c-series/state-mdds/c01-33-tamil-nadu.xls,5766414c82e96d26,census-c01-extract-v1.1.0-20260528T003618Z,C0101,33,603,00000,000000,District - Chennai,total,jain,males,26519
census-india-2011,sources/census-2011/c-series/state-mdds/c01-33-tamil-nadu.xls,5766414c82e96d26,census-c01-extract-v1.1.0-20260528T003618Z,C0101,33,603,00000,000000,District - Chennai,total,jain,females,25189
census-india-2011,sources/census-2011/c-series/state-mdds/c01-33-tamil-nadu.xls,5766414c82e96d26,census-c01-extract-v1.1.0-20260528T003618Z,C0101,33,603,00000,000000,District - Chennai,total,other,persons,1759
census-india-2011,sources/census-2011/c-series/state-mdds/c01-33-tamil-nadu.xls,5766414c82e96d26,census-c01-extract-v1.1.0-20260528T003618Z,C0101,33,603,00000,000000,District - Chennai,total,other,males,978
census-india-2011,sources/census-2011/c-series/state-mdds/c01-33-tamil-nadu.xls,5766414c82e96d26,census-c01-extract-v1.1.0-20260528T003618Z,C0101,33,603,00000,000000,District - Chennai,total,other,females,781
census-india-2011,sources/census-2011/c-series/state-mdds/c01-33-tamil-nadu.xls,5766414c82e96d26,census-c01-extract-v1.1.0-20260528T003618Z,C0101,33,603,00000,000000,District - Chennai,total,not_stated,persons,38356
census-india-2011,sources/census-2011/c-series/state-mdds/c01-33-tamil-nadu.xls,5766414c82e96d26,census-c01-extract-v1.1.0-20260528T003618Z,C0101,33,603,00000,000000,District - Chennai,total,not_stated,males,18156
census-india-2011,sources/census-2011/c-series/state-mdds/c01-33-tamil-nadu.xls,5766414c82e96d26,census-c01-extract-v1.1.0-20260528T003618Z,C0101,33,603,00000,000000,District - Chennai,total,not_stated,females,20200
census-india-2011,sources/census-2011/c-series/state-mdds/c01-33-tamil-nadu.xls,5766414c82e96d26,census-c01-extract-v1.1.0-20260528T003618Z,C0101,33,603,00000,000000,District - Chennai,rural,all,persons,0
census-india-2011,sources/census-2011/c-series/state-mdds/c01-33-tamil-nadu.xls,5766414c82e96d26,census-c01-extract-v1.1.0-20260528T003618Z,C0101,33,603,00000,000000,District - Chennai,rural,all,males,0
census-india-2011,sources/census-2011/c-series/state-mdds/c01-33-tamil-nadu.xls,5766414c82e96d26,census-c01-extract-v1.1.0-20260528T003618Z,C0101,33,603,00000,000000,District - Chennai,rural,all,females,0
census-india-2011,sources/census-2011/c-series/state-mdds/c01-33-tamil-nadu.xls,5766414c82e96d26,census-c01-extract-v1.1.0-20260528T003618Z,C0101,33,603,00000,000000,District - Chennai,rural,hindu,persons,0
census-india-2011,sources/census-2011/c-series/state-mdds/c01-33-tamil-nadu.xls,5766414c82e96d26,census-c01-extract-v1.1.0-20260528T003618Z,C0101,33,603,00000,000000,District - Chennai,rural,hindu,males,0
census-india-2011,sources/census-2011/c-series/state-mdds/c01-33-tamil-nadu.xls,5766414c82e96d26,census-c01-extract-v1.1.0-20260528T003618Z,C0101,33,603,00000,000000,District - Chennai,rural,hindu,females,0
census-india-2011,sources/census-2011/c-series/state-mdds/c01-33-tamil-nadu.xls,5766414c82e96d26,census-c01-extract-v1.1.0-20260528T003618Z,C0101,33,603,00000,000000,District - Chennai,rural,muslim,persons,0
census-india-2011,sources/census-2011/c-series/state-mdds/c01-33-tamil-nadu.xls,5766414c82e96d26,census-c01-extract-v1.1.0-20260528T003618Z,C0101,33,603,00000,000000,District - Chennai,rural,muslim,males,0
census-india-2011,sources/census-2011/c-series/state-mdds/c01-33-tamil-nadu.xls,5766414c82e96d26,census-c01-extract-v1.1.0-20260528T003618Z,C0101,33,603,00000,000000,District - Chennai,rural,muslim,females,0
census-india-2011,sources/census-2011/c-series/state-mdds/c01-33-tamil-nadu.xls,5766414c82e96d26,census-c01-extract-v1.1.0-20260528T003618Z,C0101,33,603,00000,000000,District - Chennai,rural,christian,persons,0
census-india-2011,sources/census-2011/c-series/state-mdds/c01-33-tamil-nadu.xls,5766414c82e96d26,census-c01-extract-v1.1.0-20260528T003618Z,C0101,33,603,00000,000000,District - Chennai,rural,christian,males,0
census-india-2011,sources/census-2011/c-series/state-mdds/c01-33-tamil-nadu.xls,5766414c82e96d26,census-c01-extract-v1.1.0-20260528T003618Z,C0101,33,603,00000,000000,District - Chennai,rural,christian,females,0
census-india-2011,sources/census-2011/c-series/state-mdds/c01-33-tamil-nadu.xls,5766414c82e96d26,census-c01-extract-v1.1.0-20260528T003618Z,C0101,33,603,00000,000000,District - Chennai,rural,sikh,persons,0
census-india-2011,sources/census-2011/c-series/state-mdds/c01-33-tamil-nadu.xls,5766414c82e96d26,census-c01-extract-v1.1.0-20260528T003618Z,C0101,33,603,00000,000000,District - Chennai,rural,sikh,males,0
census-india-2011,sources/census-2011/c-series/state-mdds/c01-33-tamil-nadu.xls,5766414c82e96d26,census-c01-extract-v1.1.0-20260528T003618Z,C0101,33,603,00000,000000,District - Chennai,rural,sikh,females,0
census-india-2011,sources/census-2011/c-series/state-mdds/c01-33-tamil-nadu.xls,5766414c82e96d26,census-c01-extract-v1.1.0-20260528T003618Z,C0101,33,603,00000,000000,District - Chennai,rural,buddhist,persons,0
census-india-2011,sources/census-2011/c-series/state-mdds/c01-33-tamil-nadu.xls,5766414c82e96d26,census-c01-extract-v1.1.0-20260528T003618Z,C0101,33,603,00000,000000,District - Chennai,rural,buddhist,males,0
census-india-2011,sources/census-2011/c-series/state-mdds/c01-33-tamil-nadu.xls,5766414c82e96d26,census-c01-extract-v1.1.0-20260528T003618Z,C0101,33,603,00000,000000,District - Chennai,rural,buddhist,females,0
census-india-2011,sources/census-2011/c-series/state-mdds/c01-33-tamil-nadu.xls,5766414c82e96d26,census-c01-extract-v1.1.0-20260528T003618Z,C0101,33,603,00000,000000,District - Chennai,rural,jain,persons,0
census-india-2011,sources/census-2011/c-series/state-mdds/c01-33-tamil-nadu.xls,5766414c82e96d26,census-c01-extract-v1.1.0-20260528T003618Z,C0101,33,603,00000,000000,District - Chennai,rural,jain,males,0
census-india-2011,sources/census-2011/c-series/state-mdds/c01-33-tamil-nadu.xls,5766414c82e96d26,census-c01-extract-v1.1.0-20260528T003618Z,C0101,33,603,00000,000000,District - Chennai,rural,jain,females,0
census-india-2011,sources/census-2011/c-series/state-mdds/c01-33-tamil-nadu.xls,5766414c82e96d26,census-c01-extract-v1.1.0-20260528T003618Z,C0101,33,603,00000,000000,District - Chennai,rural,other,persons,0
census-india-2011,sources/census-2011/c-series/state-mdds/c01-33-tamil-nadu.xls,5766414c82e96d26,census-c01-extract-v1.1.0-20260528T003618Z,C0101,33,603,00000,000000,District - Chennai,rural,other,males,0
census-india-2011,sources/census-2011/c-series/state-mdds/c01-33-tamil-nadu.xls,5766414c82e96d26,census-c01-extract-v1.1.0-20260528T003618Z,C0101,33,603,00000,000000,District - Chennai,rural,other,females,0
census-india-2011,sources/census-2011/c-series/state-mdds/c01-33-tamil-nadu.xls,5766414c82e96d26,census-c01-extract-v1.1.0-20260528T003618Z,C0101,33,603,00000,000000,District - Chennai,rural,not_stated,persons,0
census-india-2011,sources/census-2011/c-series/state-mdds/c01-33-tamil-nadu.xls,5766414c82e96d26,census-c01-extract-v1.1.0-20260528T003618Z,C0101,33,603,00000,000000,District - Chennai,rural,not_stated,males,0
census-india-2011,sources/census-2011/c-series/state-mdds/c01-33-tamil-nadu.xls,5766414c82e96d26,census-c01-extract-v1.1.0-20260528T003618Z,C0101,33,603,00000,000000,District - Chennai,rural,not_stated,females,0
census-india-2011,sources/census-2011/c-series/state-mdds/c01-33-tamil-nadu.xls,5766414c82e96d26,census-c01-extract-v1.1.0-20260528T003618Z,C0101,33,603,00000,000000,District - Chennai,urban,all,persons,4646732
census-india-2011,sources/census-2011/c-series/state-mdds/c01-33-tamil-nadu.xls,5766414c82e96d26,census-c01-extract-v1.1.0-20260528T003618Z,C0101,33,603,00000,000000,District - Chennai,urban,all,males,2335844
census-india-2011,sources/census-2011/c-series/state-mdds/c01-33-tamil-nadu.xls,5766414c82e96d26,census-c01-extract-v1.1.0-20260528T003618Z,C0101,33,603,00000,000000,District - Chennai,urban,all,females,2310888
census-india-2011,sources/census-2011/c-series/state-mdds/c01-33-tamil-nadu.xls,5766414c82e96d26,census-c01-extract-v1.1.0-20260528T003618Z,C0101,33,603,00000,000000,District - Chennai,urban,hindu,persons,3751322
census-india-2011,sources/census-2011/c-series/state-mdds/c01-33-tamil-nadu.xls,5766414c82e96d26,census-c01-extract-v1.1.0-20260528T003618Z,C0101,33,603,00000,000000,District - Chennai,urban,hindu,males,1887443
census-india-2011,sources/census-2011/c-series/state-mdds/c01-33-tamil-nadu.xls,5766414c82e96d26,census-c01-extract-v1.1.0-20260528T003618Z,C0101,33,603,00000,000000,District - Chennai,urban,hindu,females,1863879
census-india-2011,sources/census-2011/c-series/state-mdds/c01-33-tamil-nadu.xls,5766414c82e96d26,census-c01-extract-v1.1.0-20260528T003618Z,C0101,33,603,00000,000000,District - Chennai,urban,muslim,persons,439270
census-india-2011,sources/census-2011/c-series/state-mdds/c01-33-tamil-nadu.xls,5766414c82e96d26,census-c01-extract-v1.1.0-20260528T003618Z,C0101,33,603,00000,000000,District - Chennai,urban,muslim,males,223194
census-india-2011,sources/census-2011/c-series/state-mdds/c01-33-tamil-nadu.xls,5766414c82e96d26,census-c01-extract-v1.1.0-20260528T003618Z,C0101,33,603,00000,000000,District - Chennai,urban,muslim,females,216076
census-india-2011,sources/census-2011/c-series/state-mdds/c01-33-tamil-nadu.xls,5766414c82e96d26,census-c01-extract-v1.1.0-20260528T003618Z,C0101,33,603,00000,000000,District - Chennai,urban,christian,persons,358662
census-india-2011,sources/census-2011/c-series/state-mdds/c01-33-tamil-nadu.xls,5766414c82e96d26,census-c01-extract-v1.1.0-20260528T003618Z,C0101,33,603,00000,000000,District - Chennai,urban,christian,males,176419
census-india-2011,sources/census-2011/c-series/state-mdds/c01-33-tamil-nadu.xls,5766414c82e96d26,census-c01-extract-v1.1.0-20260528T003618Z,C0101,33,603,00000,000000,District - Chennai,urban,christian,females,182243
census-india-2011,sources/census-2011/c-series/state-mdds/c01-33-tamil-nadu.xls,5766414c82e96d26,census-c01-extract-v1.1.0-20260528T003618Z,C0101,33,603,00000,000000,District - Chennai,urban,sikh,persons,2851
census-india-2011,sources/census-2011/c-series/state-mdds/c01-33-tamil-nadu.xls,5766414c82e96d26,census-c01-extract-v1.1.0-20260528T003618Z,C0101,33,603,00000,000000,District - Chennai,urban,sikh,males,1562
census-india-2011,sources/census-2011/c-series/state-mdds/c01-33-tamil-nadu.xls,5766414c82e96d26,census-c01-extract-v1.1.0-20260528T003618Z,C0101,33,603,00000,000000,District - Chennai,urban,sikh,females,1289
census-india-2011,sources/census-2011/c-series/state-mdds/c01-33-tamil-nadu.xls,5766414c82e96d26,census-c01-extract-v1.1.0-20260528T003618Z,C0101,33,603,00000,000000,District - Chennai,urban,buddhist,persons,2804
census-india-2011,sources/census-2011/c-series/state-mdds/c01-33-tamil-nadu.xls,5766414c82e96d26,census-c01-extract-v1.1.0-20260528T003618Z,C0101,33,603,00000,000000,District - Chennai,urban,buddhist,males,1573
census-india-2011,sources/census-2011/c-series/state-mdds/c01-33-tamil-nadu.xls,5766414c82e96d26,census-c01-extract-v1.1.0-20260528T003618Z,C0101,33,603,00000,000000,District - Chennai,urban,buddhist,females,1231
census-india-2011,sources/census-2011/c-series/state-mdds/c01-33-tamil-nadu.xls,5766414c82e96d26,census-c01-extract-v1.1.0-20260528T003618Z,C0101,33,603,00000,000000,District - Chennai,urban,jain,persons,51708
census-india-2011,sources/census-2011/c-series/state-mdds/c01-33-tamil-nadu.xls,5766414c82e96d26,census-c01-extract-v1.1.0-20260528T003618Z,C0101,33,603,00000,000000,District - Chennai,urban,jain,males,26519
census-india-2011,sources/census-2011/c-series/state-mdds/c01-33-tamil-nadu.xls,5766414c82e96d26,census-c01-extract-v1.1.0-20260528T003618Z,C0101,33,603,00000,000000,District - Chennai,urban,jain,females,25189
census-india-2011,sources/census-2011/c-series/state-mdds/c01-33-tamil-nadu.xls,5766414c82e96d26,census-c01-extract-v1.1.0-20260528T003618Z,C0101,33,603,00000,000000,District - Chennai,urban,other,persons,1759
census-india-2011,sources/census-2011/c-series/state-mdds/c01-33-tamil-nadu.xls,5766414c82e96d26,census-c01-extract-v1.1.0-20260528T003618Z,C0101,33,603,00000,000000,District - Chennai,urban,other,males,978
census-india-2011,sources/census-2011/c-series/state-mdds/c01-33-tamil-nadu.xls,5766414c82e96d26,census-c01-extract-v1.1.0-20260528T003618Z,C0101,33,603,00000,000000,District - Chennai,urban,other,females,781
census-india-2011,sources/census-2011/c-series/state-mdds/c01-33-tamil-nadu.xls,5766414c82e96d26,census-c01-extract-v1.1.0-20260528T003618Z,C0101,33,603,00000,000000,District - Chennai,urban,not_stated,persons,38356
census-india-2011,sources/census-2011/c-series/state-mdds/c01-33-tamil-nadu.xls,5766414c82e96d26,census-c01-extract-v1.1.0-20260528T003618Z,C0101,33,603,00000,000000,District - Chennai,urban,not_stated,males,18156
census-india-2011,sources/census-2011/c-series/state-mdds/c01-33-tamil-nadu.xls,5766414c82e96d26,census-c01-extract-v1.1.0-20260528T003618Z,C0101,33,603,00000,000000,District - Chennai,urban,not_stated,females,20200
census-india-2011,sources/census-2011/c-series/state-mdds/c01-33-tamil-nadu.xls,5766414c82e96d26,census-c01-extract-v1.1.0-20260528T003618Z,C0101,33,604,00000,000000,District - Kancheepuram,total,all,persons,3998252
census-india-2011,sources/census-2011/c-series/state-mdds/c01-33-tamil-nadu.xls,5766414c82e96d26,census-c01-extract-v1.1.0-20260528T003618Z,C0101,33,604,00000,000000,District - Kancheepuram,total,all,males,2012958
census-india-2011,sources/census-2011/c-series/state-mdds/c01-33-tamil-nadu.xls,5766414c82e96d26,census-c01-extract-v1.1.0-20260528T003618Z,C0101,33,604,00000,000000,District - Kancheepuram,total,all,females,1985294
census-india-2011,sources/census-2011/c-series/state-mdds/c01-33-tamil-nadu.xls,5766414c82e96d26,census-c01-extract-v1.1.0-20260528T003618Z,C0101,33,604,00000,000000,District - Kancheepuram,total,hindu,persons,3537399
census-india-2011,sources/census-2011/c-series/state-mdds/c01-33-tamil-nadu.xls,5766414c82e96d26,census-c01-extract-v1.1.0-20260528T003618Z,C0101,33,604,00000,000000,District - Kancheepuram,total,hindu,males,1784046
census-india-2011,sources/census-2011/c-series/state-mdds/c01-33-tamil-nadu.xls,5766414c82e96d26,census-c01-extract-v1.1.0-20260528T003618Z,C0101,33,604,00000,000000,District - Kancheepuram,total,hindu,females,1753353
census-india-2011,sources/census-2011/c-series/state-mdds/c01-33-tamil-nadu.xls,5766414c82e96d26,census-c01-extract-v1.1.0-20260528T003618Z,C0101,33,604,00000,000000,District - Kancheepuram,total,muslim,persons,173785
census-india-2011,sources/census-2011/c-series/state-mdds/c01-33-tamil-nadu.xls,5766414c82e96d26,census-c01-extract-v1.1.0-20260528T003618Z,C0101,33,604,00000,000000,District - Kancheepuram,total,muslim,males,88022
census-india-2011,sources/census-2011/c-series/state-mdds/c01-33-tamil-nadu.xls,5766414c82e96d26,census-c01-extract-v1.1.0-20260528T003618Z,C0101,33,604,00000,000000,District - Kancheepuram,total,muslim,females,85763
census-india-2011,sources/census-2011/c-series/state-mdds/c01-33-tamil-nadu.xls,5766414c82e96d26,census-c01-extract-v1.1.0-20260528T003618Z,C0101,33,604,00000,000000,District - Kancheepuram,total,christian,persons,256762
census-india-2011,sources/census-2011/c-series/state-mdds/c01-33-tamil-nadu.xls,5766414c82e96d26,census-c01-extract-v1.1.0-20260528T003618Z,C0101,33,604,00000,000000,District - Kancheepuram,total,christian,males,126855
census-india-2011,sources/census-2011/c-series/state-mdds/c01-33-tamil-nadu.xls,5766414c82e96d26,census-c01-extract-v1.1.0-20260528T003618Z,C0101,33,604,00000,000000,District - Kancheepuram,total,christian,females,129907
census-india-2011,sources/census-2011/c-series/state-mdds/c01-33-tamil-nadu.xls,5766414c82e96d26,census-c01-extract-v1.1.0-20260528T003618Z,C0101,33,604,00000,000000,District - Kancheepuram,total,sikh,persons,1620
census-india-2011,sources/census-2011/c-series/state-mdds/c01-33-tamil-nadu.xls,5766414c82e96d26,census-c01-extract-v1.1.0-20260528T003618Z,C0101,33,604,00000,000000,District - Kancheepuram,total,sikh,males,934
census-india-2011,sources/census-2011/c-series/state-mdds/c01-33-tamil-nadu.xls,5766414c82e96d26,census-c01-extract-v1.1.0-20260528T003618Z,C0101,33,604,00000,000000,District - Kancheepuram,total,sikh,females,686
census-india-2011,sources/census-2011/c-series/state-mdds/c01-33-tamil-nadu.xls,5766414c82e96d26,census-c01-extract-v1.1.0-20260528T003618Z,C0101,33,604,00000,000000,District - Kancheepuram,total,buddhist,persons,990
census-india-2011,sources/census-2011/c-series/state-mdds/c01-33-tamil-nadu.xls,5766414c82e96d26,census-c01-extract-v1.1.0-20260528T003618Z,C0101,33,604,00000,000000,District - Kancheepuram,total,buddhist,males,527
census-india-2011,sources/census-2011/c-series/state-mdds/c01-33-tamil-nadu.xls,5766414c82e96d26,census-c01-extract-v1.1.0-20260528T003618Z,C0101,33,604,00000,000000,District - Kancheepuram,total,buddhist,females,463
census-india-2011,sources/census-2011/c-series/state-mdds/c01-33-tamil-nadu.xls,5766414c82e96d26,census-c01-extract-v1.1.0-20260528T003618Z,C0101,33,604,00000,000000,District - Kancheepuram,total,jain,persons,4962
census-india-2011,sources/census-2011/c-series/state-mdds/c01-33-tamil-nadu.xls,5766414c82e96d26,census-c01-extract-v1.1.0-20260528T003618Z,C0101,33,604,00000,000000,District - Kancheepuram,total,jain,males,2540
census-india-2011,sources/census-2011/c-series/state-mdds/c01-33-tamil-nadu.xls,5766414c82e96d26,census-c01-extract-v1.1.0-20260528T003618Z,C0101,33,604,00000,000000,District - Kancheepuram,total,jain,females,2422
census-india-2011,sources/census-2011/c-series/state-mdds/c01-33-tamil-nadu.xls,5766414c82e96d26,census-c01-extract-v1.1.0-20260528T003618Z,C0101,33,604,00000,000000,District - Kancheepuram,total,other,persons,756
census-india-2011,sources/census-2011/c-series/state-mdds/c01-33-tamil-nadu.xls,5766414c82e96d26,census-c01-extract-v1.1.0-20260528T003618Z,C0101,33,604,00000,000000,District - Kancheepuram,total,other,males,394
census-india-2011,sources/census-2011/c-series/state-mdds/c01-33-tamil-nadu.xls,5766414c82e96d26,census-c01-extract-v1.1.0-20260528T003618Z,C0101,33,604,00000,000000,District - Kancheepuram,total,other,females,362
census-india-2011,sources/census-2011/c-series/state-mdds/c01-33-tamil-nadu.xls,5766414c82e96d26,census-c01-extract-v1.1.0-20260528T003618Z,C0101,33,604,00000,000000,District - Kancheepuram,total,not_stated,persons,21978
census-india-2011,sources/census-2011/c-series/state-mdds/c01-33-tamil-nadu.xls,5766414c82e96d26,census-c01-extract-v1.1.0-20260528T003618Z,C0101,33,604,00000,000000,District - Kancheepuram,total,not_stated,males,9640
census-india-2011,sources/census-2011/c-series/state-mdds/c01-33-tamil-nadu.xls,5766414c82e96d26,census-c01-extract-v1.1.0-20260528T003618Z,C0101,33,604,00000,000000,District - Kancheepuram,total,not_stated,females,12338
census-india-2011,sources/census-2011/c-series/state-mdds/c01-33-tamil-nadu.xls,5766414c82e96d26,census-c01-extract-v1.1.0-20260528T003618Z,C0101,33,604,00000,000000,District - Kancheepuram,rural,all,persons,1459916
census-india-2011,sources/census-2011/c-series/state-mdds/c01-33-tamil-nadu.xls,5766414c82e96d26,census-c01-extract-v1.1.0-20260528T003618Z,C0101,33,604,00000,000000,District - Kancheepuram,rural,all,males,734979
census-india-2011,sources/census-2011/c-series/state-mdds/c01-33-tamil-nadu.xls,5766414c82e96d26,census-c01-extract-v1.1.0-20260528T003618Z,C0101,33,604,00000,000000,District - Kancheepuram,rural,all,females,724937
census-india-2011,sources/census-2011/c-series/state-mdds/c01-33-tamil-nadu.xls,5766414c82e96d26,census-c01-extract-v1.1.0-20260528T003618Z,C0101,33,604,00000,000000,District - Kancheepuram,rural,hindu,persons,1362994
census-india-2011,sources/census-2011/c-series/state-mdds/c01-33-tamil-nadu.xls,5766414c82e96d26,census-c01-extract-v1.1.0-20260528T003618Z,C0101,33,604,00000,000000,District - Kancheepuram,rural,hindu,males,686888
census-india-2011,sources/census-2011/c-series/state-mdds/c01-33-tamil-nadu.xls,5766414c82e96d26,census-c01-extract-v1.1.0-20260528T003618Z,C0101,33,604,00000,000000,District - Kancheepuram,rural,hindu,females,676106
census-india-2011,sources/census-2011/c-series/state-mdds/c01-33-tamil-nadu.xls,5766414c82e96d26,census-c01-extract-v1.1.0-20260528T003618Z,C0101,33,604,00000,000000,District - Kancheepuram,rural,muslim,persons,26708
census-india-2011,sources/census-2011/c-series/state-mdds/c01-33-tamil-nadu.xls,5766414c82e96d26,census-c01-extract-v1.1.0-20260528T003618Z,C0101,33,604,00000,000000,District - Kancheepuram,rural,muslim,males,13619
census-india-2011,sources/census-2011/c-series/state-mdds/c01-33-tamil-nadu.xls,5766414c82e96d26,census-c01-extract-v1.1.0-20260528T003618Z,C0101,33,604,00000,000000,District - Kancheepuram,rural,muslim,females,13089
census-india-2011,sources/census-2011/c-series/state-mdds/c01-33-tamil-nadu.xls,5766414c82e96d26,census-c01-extract-v1.1.0-20260528T003618Z,C0101,33,604,00000,000000,District - Kancheepuram,rural,christian,persons,62762
census-india-2011,sources/census-2011/c-series/state-mdds/c01-33-tamil-nadu.xls,5766414c82e96d26,census-c01-extract-v1.1.0-20260528T003618Z,C0101,33,604,00000,000000,District - Kancheepuram,rural,christian,males,31012
census-india-2011,sources/census-2011/c-series/state-mdds/c01-33-tamil-nadu.xls,5766414c82e96d26,census-c01-extract-v1.1.0-20260528T003618Z,C0101,33,604,00000,000000,District - Kancheepuram,rural,christian,females,31750
census-india-2011,sources/census-2011/c-series/state-mdds/c01-33-tamil-nadu.xls,5766414c82e96d26,census-c01-extract-v1.1.0-20260528T003618Z,C0101,33,604,00000,000000,District - Kancheepuram,rural,sikh,persons,282
census-india-2011,sources/census-2011/c-series/state-mdds/c01-33-tamil-nadu.xls,5766414c82e96d26,census-c01-extract-v1.1.0-20260528T003618Z,C0101,33,604,00000,000000,District - Kancheepuram,rural,sikh,males,161
census-india-2011,sources/census-2011/c-series/state-mdds/c01-33-tamil-nadu.xls,5766414c82e96d26,census-c01-extract-v1.1.0-20260528T003618Z,C0101,33,604,00000,000000,District - Kancheepuram,rural,sikh,females,121
census-india-2011,sources/census-2011/c-series/state-mdds/c01-33-tamil-nadu.xls,5766414c82e96d26,census-c01-extract-v1.1.0-20260528T003618Z,C0101,33,604,00000,000000,District - Kancheepuram,rural,buddhist,persons,178
census-india-2011,sources/census-2011/c-series/state-mdds/c01-33-tamil-nadu.xls,5766414c82e96d26,census-c01-extract-v1.1.0-20260528T003618Z,C0101,33,604,00000,000000,District - Kancheepuram,rural,buddhist,males,91
census-india-2011,sources/census-2011/c-series/state-mdds/c01-33-tamil-nadu.xls,5766414c82e96d26,census-c01-extract-v1.1.0-20260528T003618Z,C0101,33,604,00000,000000,District - Kancheepuram,rural,buddhist,females,87
census-india-2011,sources/census-2011/c-series/state-mdds/c01-33-tamil-nadu.xls,5766414c82e96d26,census-c01-extract-v1.1.0-20260528T003618Z,C0101,33,604,00000,000000,District - Kancheepuram,rural,jain,persons,315
census-india-2011,sources/census-2011/c-series/state-mdds/c01-33-tamil-nadu.xls,5766414c82e96d26,census-c01-extract-v1.1.0-20260528T003618Z,C0101,33,604,00000,000000,District - Kancheepuram,rural,jain,males,176
census-india-2011,sources/census-2011/c-series/state-mdds/c01-33-tamil-nadu.xls,5766414c82e96d26,census-c01-extract-v1.1.0-20260528T003618Z,C0101,33,604,00000,000000,District - Kancheepuram,rural,jain,females,139
census-india-2011,sources/census-2011/c-series/state-mdds/c01-33-tamil-nadu.xls,5766414c82e96d26,census-c01-extract-v1.1.0-20260528T003618Z,C0101,33,604,00000,000000,District - Kancheepuram,rural,other,persons,201
census-india-2011,sources/census-2011/c-series/state-mdds/c01-33-tamil-nadu.xls,5766414c82e96d26,census-c01-extract-v1.1.0-20260528T003618Z,C0101,33,604,00000,000000,District - Kancheepuram,rural,other,males,110
census-india-2011,sources/census-2011/c-series/state-mdds/c01-33-tamil-nadu.xls,5766414c82e96d26,census-c01-extract-v1.1.0-20260528T003618Z,C0101,33,604,00000,000000,District - Kancheepuram,rural,other,females,91
census-india-2011,sources/census-2011/c-series/state-mdds/c01-33-tamil-nadu.xls,5766414c82e96d26,census-c01-extract-v1.1.0-20260528T003618Z,C0101,33,604,00000,000000,District - Kancheepuram,rural,not_stated,persons,6476
census-india-2011,sources/census-2011/c-series/state-mdds/c01-33-tamil-nadu.xls,5766414c82e96d26,census-c01-extract-v1.1.0-20260528T003618Z,C0101,33,604,00000,000000,District - Kancheepuram,rural,not_stated,males,2922
census-india-2011,sources/census-2011/c-series/state-mdds/c01-33-tamil-nadu.xls,5766414c82e96d26,census-c01-extract-v1.1.0-20260528T003618Z,C0101,33,604,00000,000000,District - Kancheepuram,rural,not_stated,females,3554
census-india-2011,sources/census-2011/c-series/state-mdds/c01-33-tamil-nadu.xls,5766414c82e96d26,census-c01-extract-v1.1.0-20260528T003618Z,C0101,33,604,00000,000000,District - Kancheepuram,urban,all,persons,2538336
census-india-2011,sources/census-2011/c-series/state-mdds/c01-33-tamil-nadu.xls,5766414c82e96d26,census-c01-extract-v1.1.0-20260528T003618Z,C0101,33,604,00000,000000,District - Kancheepuram,urban,all,males,1277979
census-india-2011,sources/census-2011/c-series/state-mdds/c01-33-tamil-nadu.xls,5766414c82e96d26,census-c01-extract-v1.1.0-20260528T003618Z,C0101,33,604,00000,000000,District - Kancheepuram,urban,all,females,1260357
census-india-2011,sources/census-2011/c-series/state-mdds/c01-33-tamil-nadu.xls,5766414c82e96d26,census-c01-extract-v1.1.0-20260528T003618Z,C0101,33,604,00000,000000,District - Kancheepuram,urban,hindu,persons,2174405
census-india-2011,sources/census-2011/c-series/state-mdds/c01-33-tamil-nadu.xls,5766414c82e96d26,census-c01-extract-v1.1.0-20260528T003618Z,C0101,33,604,00000,000000,District - Kancheepuram,urban,hindu,males,1097158
census-india-2011,sources/census-2011/c-series/state-mdds/c01-33-tamil-nadu.xls,5766414c82e96d26,census-c01-extract-v1.1.0-20260528T003618Z,C0101,33,604,00000,000000,District - Kancheepuram,urban,hindu,females,1077247
census-india-2011,sources/census-2011/c-series/state-mdds/c01-33-tamil-nadu.xls,5766414c82e96d26,census-c01-extract-v1.1.0-20260528T003618Z,C0101,33,604,00000,000000,District - Kancheepuram,urban,muslim,persons,147077
census-india-2011,sources/census-2011/c-series/state-mdds/c01-33-tamil-nadu.xls,5766414c82e96d26,census-c01-extract-v1.1.0-20260528T003618Z,C0101,33,604,00000,000000,District - Kancheepuram,urban,muslim,males,74403
census-india-2011,sources/census-2011/c-series/state-mdds/c01-33-tamil-nadu.xls,5766414c82e96d26,census-c01-extract-v1.1.0-20260528T003618Z,C0101,33,604,00000,000000,District - Kancheepuram,urban,muslim,females,72674
census-india-2011,sources/census-2011/c-series/state-mdds/c01-33-tamil-nadu.xls,5766414c82e96d26,census-c01-extract-v1.1.0-20260528T003618Z,C0101,33,604,00000,000000,District - Kancheepuram,urban,christian,persons,194000
census-india-2011,sources/census-2011/c-series/state-mdds/c01-33-tamil-nadu.xls,5766414c82e96d26,census-c01-extract-v1.1.0-20260528T003618Z,C0101,33,604,00000,000000,District - Kancheepuram,urban,christian,males,95843
census-india-2011,sources/census-2011/c-series/state-mdds/c01-33-tamil-nadu.xls,5766414c82e96d26,census-c01-extract-v1.1.0-20260528T003618Z,C0101,33,604,00000,000000,District - Kancheepuram,urban,christian,females,98157
census-india-2011,sources/census-2011/c-series/state-mdds/c01-33-tamil-nadu.xls,5766414c82e96d26,census-c01-extract-v1.1.0-20260528T003618Z,C0101,33,604,00000,000000,District - Kancheepuram,urban,sikh,persons,1338
census-india-2011,sources/census-2011/c-series/state-mdds/c01-33-tamil-nadu.xls,5766414c82e96d26,census-c01-extract-v1.1.0-20260528T003618Z,C0101,33,604,00000,000000,District - Kancheepuram,urban,sikh,males,773
census-india-2011,sources/census-2011/c-series/state-mdds/c01-33-tamil-nadu.xls,5766414c82e96d26,census-c01-extract-v1.1.0-20260528T003618Z,C0101,33,604,00000,000000,District - Kancheepuram,urban,sikh,females,565
census-india-2011,sources/census-2011/c-series/state-mdds/c01-33-tamil-nadu.xls,5766414c82e96d26,census-c01-extract-v1.1.0-20260528T003618Z,C0101,33,604,00000,000000,District - Kancheepuram,urban,buddhist,persons,812
census-india-2011,sources/census-2011/c-series/state-mdds/c01-33-tamil-nadu.xls,5766414c82e96d26,census-c01-extract-v1.1.0-20260528T003618Z,C0101,33,604,00000,000000,District - Kancheepuram,urban,buddhist,males,436
census-india-2011,sources/census-2011/c-series/state-mdds/c01-33-tamil-nadu.xls,5766414c82e96d26,census-c01-extract-v1.1.0-20260528T003618Z,C0101,33,604,00000,000000,District - Kancheepuram,urban,buddhist,females,376
census-india-2011,sources/census-2011/c-series/state-mdds/c01-33-tamil-nadu.xls,5766414c82e96d26,census-c01-extract-v1.1.0-20260528T003618Z,C0101,33,604,00000,000000,District - Kancheepuram,urban,jain,persons,4647
census-india-2011,sources/census-2011/c-series/state-mdds/c01-33-tamil-nadu.xls,5766414c82e96d26,census-c01-extract-v1.1.0-20260528T003618Z,C0101,33,604,00000,000000,District - Kancheepuram,urban,jain,males,2364
census-india-2011,sources/census-2011/c-series/state-mdds/c01-33-tamil-nadu.xls,5766414c82e96d26,census-c01-extract-v1.1.0-20260528T003618Z,C0101,33,604,00000,000000,District - Kancheepuram,urban,jain,females,2283
census-india-2011,sources/census-2011/c-series/state-mdds/c01-33-tamil-nadu.xls,5766414c82e96d26,census-c01-extract-v1.1.0-20260528T003618Z,C0101,33,604,00000,000000,District - Kancheepuram,urban,other,persons,555
census-india-2011,sources/census-2011/c-series/state-mdds/c01-33-tamil-nadu.xls,5766414c82e96d26,census-c01-extract-v1.1.0-20260528T003618Z,C0101,33,604,00000,000000,District - Kancheepuram,urban,other,males,284
census-india-2011,sources/census-2011/c-series/state-mdds/c01-33-tamil-nadu.xls,5766414c82e96d26,census-c01-extract-v1.1.0-20260528T003618Z,C0101,33,604,00000,000000,District - Kancheepuram,urban,other,females,271
census-india-2011,sources/census-2011/c-series/state-mdds/c01-33-tamil-nadu.xls,5766414c82e96d26,census-c01-extract-v1.1.0-20260528T003618Z,C0101,33,604,00000,000000,District - Kancheepuram,urban,not_stated,persons,15502
census-india-2011,sources/census-2011/c-series/state-mdds/c01-33-tamil-nadu.xls,5766414c82e96d26,census-c01-extract-v1.1.0-20260528T003618Z,C0101,33,604,00000,000000,District - Kancheepuram,urban,not_stated,males,6718
census-india-2011,sources/census-2011/c-series/state-mdds/c01-33-tamil-nadu.xls,5766414c82e96d26,census-c01-extract-v1.1.0-20260528T003618Z,C0101,33,604,00000,000000,District - Kancheepuram,urban,not_stated,females,8784
census-india-2011,sources/census-2011/c-series/state-mdds/c01-33-tamil-nadu.xls,5766414c82e96d26,census-c01-extract-v1.1.0-20260528T003618Z,C0101,33,605,00000,000000,District - Vellore,total,all,persons,3936331
census-india-2011,sources/census-2011/c-series/state-mdds/c01-33-tamil-nadu.xls,5766414c82e96d26,census-c01-extract-v1.1.0-20260528T003618Z,C0101,33,605,00000,000000,District - Vellore,total,all,males,1961688
census-india-2011,sources/census-2011/c-series/state-mdds/c01-33-tamil-nadu.xls,5766414c82e96d26,census-c01-extract-v1.1.0-20260528T003618Z,C0101,33,605,00000,000000,District - Vellore,total,all,females,1974643
census-india-2011,sources/census-2011/c-series/state-mdds/c01-33-tamil-nadu.xls,5766414c82e96d26,census-c01-extract-v1.1.0-20260528T003618Z,C0101,33,605,00000,000000,District - Vellore,total,hindu,persons,3397857
census-india-2011,sources/census-2011/c-series/state-mdds/c01-33-tamil-nadu.xls,5766414c82e96d26,census-c01-extract-v1.1.0-20260528T003618Z,C0101,33,605,00000,000000,District - Vellore,total,hindu,males,1696684
census-india-2011,sources/census-2011/c-series/state-mdds/c01-33-tamil-nadu.xls,5766414c82e96d26,census-c01-extract-v1.1.0-20260528T003618Z,C0101,33,605,00000,000000,District - Vellore,total,hindu,females,1701173
census-india-2011,sources/census-2011/c-series/state-mdds/c01-33-tamil-nadu.xls,5766414c82e96d26,census-c01-extract-v1.1.0-20260528T003618Z,C0101,33,605,00000,000000,District - Vellore,total,muslim,persons,414760
census-india-2011,sources/census-2011/c-series/state-mdds/c01-33-tamil-nadu.xls,5766414c82e96d26,census-c01-extract-v1.1.0-20260528T003618Z,C0101,33,605,00000,000000,District - Vellore,total,muslim,males,205947
census-india-2011,sources/census-2011/c-series/state-mdds/c01-33-tamil-nadu.xls,5766414c82e96d26,census-c01-extract-v1.1.0-20260528T003618Z,C0101,33,605,00000,000000,District - Vellore,total,muslim,females,208813
census-india-2011,sources/census-2011/c-series/state-mdds/c01-33-tamil-nadu.xls,5766414c82e96d26,census-c01-extract-v1.1.0-20260528T003618Z,C0101,33,605,00000,000000,District - Vellore,total,christian,persons,111390
census-india-2011,sources/census-2011/c-series/state-mdds/c01-33-tamil-nadu.xls,5766414c82e96d26,census-c01-extract-v1.1.0-20260528T003618Z,C0101,33,605,00000,000000,District - Vellore,total,christian,males,53044
census-india-2011,sources/census-2011/c-series/state-mdds/c01-33-tamil-nadu.xls,5766414c82e96d26,census-c01-extract-v1.1.0-20260528T003618Z,C0101,33,605,00000,000000,District - Vellore,total,christian,females,58346
census-india-2011,sources/census-2011/c-series/state-mdds/c01-33-tamil-nadu.xls,5766414c82e96d26,census-c01-extract-v1.1.0-20260528T003618Z,C0101,33,605,00000,000000,District - Vellore,total,sikh,persons,676
census-india-2011,sources/census-2011/c-series/state-mdds/c01-33-tamil-nadu.xls,5766414c82e96d26,census-c01-extract-v1.1.0-20260528T003618Z,C0101,33,605,00000,000000,District - Vellore,total,sikh,males,407
census-india-2011,sources/census-2011/c-series/state-mdds/c01-33-tamil-nadu.xls,5766414c82e96d26,census-c01-extract-v1.1.0-20260528T003618Z,C0101,33,605,00000,000000,District - Vellore,total,sikh,females,269
census-india-2011,sources/census-2011/c-series/state-mdds/c01-33-tamil-nadu.xls,5766414c82e96d26,census-c01-extract-v1.1.0-20260528T003618Z,C0101,33,605,00000,000000,District - Vellore,total,buddhist,persons,438
census-india-2011,sources/census-2011/c-series/state-mdds/c01-33-tamil-nadu.xls,5766414c82e96d26,census-c01-extract-v1.1.0-20260528T003618Z,C0101,33,605,00000,000000,District - Vellore,total,buddhist,males,251
census-india-2011,sources/census-2011/c-series/state-mdds/c01-33-tamil-nadu.xls,5766414c82e96d26,census-c01-extract-v1.1.0-20260528T003618Z,C0101,33,605,00000,000000,District - Vellore,total,buddhist,females,187
census-india-2011,sources/census-2011/c-series/state-mdds/c01-33-tamil-nadu.xls,5766414c82e96d26,census-c01-extract-v1.1.0-20260528T003618Z,C0101,33,605,00000,000000,District - Vellore,total,jain,persons,3514
census-india-2011,sources/census-2011/c-series/state-mdds/c01-33-tamil-nadu.xls,5766414c82e96d26,census-c01-extract-v1.1.0-20260528T003618Z,C0101,33,605,00000,000000,District - Vellore,total,jain,males,1780
census-india-2011,sources/census-2011/c-series/state-mdds/c01-33-tamil-nadu.xls,5766414c82e96d26,census-c01-extract-v1.1.0-20260528T003618Z,C0101,33,605,00000,000000,District - Vellore,total,jain,females,1734
census-india-2011,sources/census-2011/c-series/state-mdds/c01-33-tamil-nadu.xls,5766414c82e96d26,census-c01-extract-v1.1.0-20260528T003618Z,C0101,33,605,00000,000000,District - Vellore,total,other,persons,251
census-india-2011,sources/census-2011/c-series/state-mdds/c01-33-tamil-nadu.xls,5766414c82e96d26,census-c01-extract-v1.1.0-20260528T003618Z,C0101,33,605,00000,000000,District - Vellore,total,other,males,131
census-india-2011,sources/census-2011/c-series/state-mdds/c01-33-tamil-nadu.xls,5766414c82e96d26,census-c01-extract-v1.1.0-20260528T003618Z,C0101,33,605,00000,000000,District - Vellore,total,other,females,120
census-india-2011,sources/census-2011/c-series/state-mdds/c01-33-tamil-nadu.xls,5766414c82e96d26,census-c01-extract-v1.1.0-20260528T003618Z,C0101,33,605,00000,000000,District - Vellore,total,not_stated,persons,7445
census-india-2011,sources/census-2011/c-series/state-mdds/c01-33-tamil-nadu.xls,5766414c82e96d26,census-c01-extract-v1.1.0-20260528T003618Z,C0101,33,605,00000,000000,District - Vellore,total,not_stated,males,3444
census-india-2011,sources/census-2011/c-series/state-mdds/c01-33-tamil-nadu.xls,5766414c82e96d26,census-c01-extract-v1.1.0-20260528T003618Z,C0101,33,605,00000,000000,District - Vellore,total,not_stated,females,4001
census-india-2011,sources/census-2011/c-series/state-mdds/c01-33-tamil-nadu.xls,5766414c82e96d26,census-c01-extract-v1.1.0-20260528T003618Z,C0101,33,605,00000,000000,District - Vellore,rural,all,persons,2234344
census-india-2011,sources/census-2011/c-series/state-mdds/c01-33-tamil-nadu.xls,5766414c82e96d26,census-c01-extract-v1.1.0-20260528T003618Z,C0101,33,605,00000,000000,District - Vellore,rural,all,males,1117101
census-india-2011,sources/census-2011/c-series/state-mdds/c01-33-tamil-nadu.xls,5766414c82e96d26,census-c01-extract-v1.1.0-20260528T003618Z,C0101,33,605,00000,000000,District - Vellore,rural,all,females,1117243
census-india-2011,sources/census-2011/c-series/state-mdds/c01-33-tamil-nadu.xls,5766414c82e96d26,census-c01-extract-v1.1.0-20260528T003618Z,C0101,33,605,00000,000000,District - Vellore,rural,hindu,persons,2132774
census-india-2011,sources/census-2011/c-series/state-mdds/c01-33-tamil-nadu.xls,5766414c82e96d26,census-c01-extract-v1.1.0-20260528T003618Z,C0101,33,605,00000,000000,District - Vellore,rural,hindu,males,1067204
census-india-2011,sources/census-2011/c-series/state-mdds/c01-33-tamil-nadu.xls,5766414c82e96d26,census-c01-extract-v1.1.0-20260528T003618Z,C0101,33,605,00000,000000,District - Vellore,rural,hindu,females,1065570
census-india-2011,sources/census-2011/c-series/state-mdds/c01-33-tamil-nadu.xls,5766414c82e96d26,census-c01-extract-v1.1.0-20260528T003618Z,C0101,33,605,00000,000000,District - Vellore,rural,muslim,persons,54726
census-india-2011,sources/census-2011/c-series/state-mdds/c01-33-tamil-nadu.xls,5766414c82e96d26,census-c01-extract-v1.1.0-20260528T003618Z,C0101,33,605,00000,000000,District - Vellore,rural,muslim,males,27058
census-india-2011,sources/census-2011/c-series/state-mdds/c01-33-tamil-nadu.xls,5766414c82e96d26,census-c01-extract-v1.1.0-20260528T003618Z,C0101,33,605,00000,000000,District - Vellore,rural,muslim,females,27668
census-india-2011,sources/census-2011/c-series/state-mdds/c01-33-tamil-nadu.xls,5766414c82e96d26,census-c01-extract-v1.1.0-20260528T003618Z,C0101,33,605,00000,000000,District - Vellore,rural,christian,persons,43375
census-india-2011,sources/census-2011/c-series/state-mdds/c01-33-tamil-nadu.xls,5766414c82e96d26,census-c01-extract-v1.1.0-20260528T003618Z,C0101,33,605,00000,000000,District - Vellore,rural,christian,males,21134
census-india-2011,sources/census-2011/c-series/state-mdds/c01-33-tamil-nadu.xls,5766414c82e96d26,census-c01-extract-v1.1.0-20260528T003618Z,C0101,33,605,00000,000000,District - Vellore,rural,christian,females,22241
census-india-2011,sources/census-2011/c-series/state-mdds/c01-33-tamil-nadu.xls,5766414c82e96d26,census-c01-extract-v1.1.0-20260528T003618Z,C0101,33,605,00000,000000,District - Vellore,rural,sikh,persons,255
census-india-2011,sources/census-2011/c-series/state-mdds/c01-33-tamil-nadu.xls,5766414c82e96d26,census-c01-extract-v1.1.0-20260528T003618Z,C0101,33,605,00000,000000,District - Vellore,rural,sikh,males,142
census-india-2011,sources/census-2011/c-series/state-mdds/c01-33-tamil-nadu.xls,5766414c82e96d26,census-c01-extract-v1.1.0-20260528T003618Z,C0101,33,605,00000,000000,District - Vellore,rural,sikh,females,113
census-india-2011,sources/census-2011/c-series/state-mdds/c01-33-tamil-nadu.xls,5766414c82e96d26,census-c01-extract-v1.1.0-20260528T003618Z,C0101,33,605,00000,000000,District - Vellore,rural,buddhist,persons,102
census-india-2011,sources/census-2011/c-series/state-mdds/c01-33-tamil-nadu.xls,5766414c82e96d26,census-c01-extract-v1.1.0-20260528T003618Z,C0101,33,605,00000,000000,District - Vellore,rural,buddhist,males,51
census-india-2011,sources/census-2011/c-series/state-mdds/c01-33-tamil-nadu.xls,5766414c82e96d26,census-c01-extract-v1.1.0-20260528T003618Z,C0101,33,605,00000,000000,District - Vellore,rural,buddhist,females,51
census-india-2011,sources/census-2011/c-series/state-mdds/c01-33-tamil-nadu.xls,5766414c82e96d26,census-c01-extract-v1.1.0-20260528T003618Z,C0101,33,605,00000,000000,District - Vellore,rural,jain,persons,278
census-india-2011,sources/census-2011/c-series/state-mdds/c01-33-tamil-nadu.xls,5766414c82e96d26,census-c01-extract-v1.1.0-20260528T003618Z,C0101,33,605,00000,000000,District - Vellore,rural,jain,males,144
census-india-2011,sources/census-2011/c-series/state-mdds/c01-33-tamil-nadu.xls,5766414c82e96d26,census-c01-extract-v1.1.0-20260528T003618Z,C0101,33,605,00000,000000,District - Vellore,rural,jain,females,134
census-india-2011,sources/census-2011/c-series/state-mdds/c01-33-tamil-nadu.xls,5766414c82e96d26,census-c01-extract-v1.1.0-20260528T003618Z,C0101,33,605,00000,000000,District - Vellore,rural,other,persons,102
census-india-2011,sources/census-2011/c-series/state-mdds/c01-33-tamil-nadu.xls,5766414c82e96d26,census-c01-extract-v1.1.0-20260528T003618Z,C0101,33,605,00000,000000,District - Vellore,rural,other,males,59
census-india-2011,sources/census-2011/c-series/state-mdds/c01-33-tamil-nadu.xls,5766414c82e96d26,census-c01-extract-v1.1.0-20260528T003618Z,C0101,33,605,00000,000000,District - Vellore,rural,other,females,43
census-india-2011,sources/census-2011/c-series/state-mdds/c01-33-tamil-nadu.xls,5766414c82e96d26,census-c01-extract-v1.1.0-20260528T003618Z,C0101,33,605,00000,000000,District - Vellore,rural,not_stated,persons,2732
census-india-2011,sources/census-2011/c-series/state-mdds/c01-33-tamil-nadu.xls,5766414c82e96d26,census-c01-extract-v1.1.0-20260528T003618Z,C0101,33,605,00000,000000,District - Vellore,rural,not_stated,males,1309
census-india-2011,sources/census-2011/c-series/state-mdds/c01-33-tamil-nadu.xls,5766414c82e96d26,census-c01-extract-v1.1.0-20260528T003618Z,C0101,33,605,00000,000000,District - Vellore,rural,not_stated,females,1423
census-india-2011,sources/census-2011/c-series/state-mdds/c01-33-tamil-nadu.xls,5766414c82e96d26,census-c01-extract-v1.1.0-20260528T003618Z,C0101,33,605,00000,000000,District - Vellore,urban,all,persons,1701987
census-india-2011,sources/census-2011/c-series/state-mdds/c01-33-tamil-nadu.xls,5766414c82e96d26,census-c01-extract-v1.1.0-20260528T003618Z,C0101,33,605,00000,000000,District - Vellore,urban,all,males,844587
census-india-2011,sources/census-2011/c-series/state-mdds/c01-33-tamil-nadu.xls,5766414c82e96d26,census-c01-extract-v1.1.0-20260528T003618Z,C0101,33,605,00000,000000,District - Vellore,urban,all,females,857400
census-india-2011,sources/census-2011/c-series/state-mdds/c01-33-tamil-nadu.xls,5766414c82e96d26,census-c01-extract-v1.1.0-20260528T003618Z,C0101,33,605,00000,000000,District - Vellore,urban,hindu,persons,1265083
census-india-2011,sources/census-2011/c-series/state-mdds/c01-33-tamil-nadu.xls,5766414c82e96d26,census-c01-extract-v1.1.0-20260528T003618Z,C0101,33,605,00000,000000,District - Vellore,urban,hindu,males,629480
census-india-2011,sources/census-2011/c-series/state-mdds/c01-33-tamil-nadu.xls,5766414c82e96d26,census-c01-extract-v1.1.0-20260528T003618Z,C0101,33,605,00000,000000,District - Vellore,urban,hindu,females,635603
census-india-2011,sources/census-2011/c-series/state-mdds/c01-33-tamil-nadu.xls,5766414c82e96d26,census-c01-extract-v1.1.0-20260528T003618Z,C0101,33,605,00000,000000,District - Vellore,urban,muslim,persons,360034
census-india-2011,sources/census-2011/c-series/state-mdds/c01-33-tamil-nadu.xls,5766414c82e96d26,census-c01-extract-v1.1.0-20260528T003618Z,C0101,33,605,00000,000000,District - Vellore,urban,muslim,males,178889
census-india-2011,sources/census-2011/c-series/state-mdds/c01-33-tamil-nadu.xls,5766414c82e96d26,census-c01-extract-v1.1.0-20260528T003618Z,C0101,33,605,00000,000000,District - Vellore,urban,muslim,females,181145
census-india-2011,sources/census-2011/c-series/state-mdds/c01-33-tamil-nadu.xls,5766414c82e96d26,census-c01-extract-v1.1.0-20260528T003618Z,C0101,33,605,00000,000000,District - Vellore,urban,christian,persons,68015
census-india-2011,sources/census-2011/c-series/state-mdds/c01-33-tamil-nadu.xls,5766414c82e96d26,census-c01-extract-v1.1.0-20260528T003618Z,C0101,33,605,00000,000000,District - Vellore,urban,christian,males,31910
census-india-2011,sources/census-2011/c-series/state-mdds/c01-33-tamil-nadu.xls,5766414c82e96d26,census-c01-extract-v1.1.0-20260528T003618Z,C0101,33,605,00000,000000,District - Vellore,urban,christian,females,36105
census-india-2011,sources/census-2011/c-series/state-mdds/c01-33-tamil-nadu.xls,5766414c82e96d26,census-c01-extract-v1.1.0-20260528T003618Z,C0101,33,605,00000,000000,District - Vellore,urban,sikh,persons,421
census-india-2011,sources/census-2011/c-series/state-mdds/c01-33-tamil-nadu.xls,5766414c82e96d26,census-c01-extract-v1.1.0-20260528T003618Z,C0101,33,605,00000,000000,District - Vellore,urban,sikh,males,265
census-india-2011,sources/census-2011/c-series/state-mdds/c01-33-tamil-nadu.xls,5766414c82e96d26,census-c01-extract-v1.1.0-20260528T003618Z,C0101,33,605,00000,000000,District - Vellore,urban,sikh,females,156
census-india-2011,sources/census-2011/c-series/state-mdds/c01-33-tamil-nadu.xls,5766414c82e96d26,census-c01-extract-v1.1.0-20260528T003618Z,C0101,33,605,00000,000000,District - Vellore,urban,buddhist,persons,336
census-india-2011,sources/census-2011/c-series/state-mdds/c01-33-tamil-nadu.xls,5766414c82e96d26,census-c01-extract-v1.1.0-20260528T003618Z,C0101,33,605,00000,000000,District - Vellore,urban,buddhist,males,200
census-india-2011,sources/census-2011/c-series/state-mdds/c01-33-tamil-nadu.xls,5766414c82e96d26,census-c01-extract-v1.1.0-20260528T003618Z,C0101,33,605,00000,000000,District - Vellore,urban,buddhist,females,136
census-india-2011,sources/census-2011/c-series/state-mdds/c01-33-tamil-nadu.xls,5766414c82e96d26,census-c01-extract-v1.1.0-20260528T003618Z,C0101,33,605,00000,000000,District - Vellore,urban,jain,persons,3236
census-india-2011,sources/census-2011/c-series/state-mdds/c01-33-tamil-nadu.xls,5766414c82e96d26,census-c01-extract-v1.1.0-20260528T003618Z,C0101,33,605,00000,000000,District - Vellore,urban,jain,males,1636
census-india-2011,sources/census-2011/c-series/state-mdds/c01-33-tamil-nadu.xls,5766414c82e96d26,census-c01-extract-v1.1.0-20260528T003618Z,C0101,33,605,00000,000000,District - Vellore,urban,jain,females,1600
census-india-2011,sources/census-2011/c-series/state-mdds/c01-33-tamil-nadu.xls,5766414c82e96d26,census-c01-extract-v1.1.0-20260528T003618Z,C0101,33,605,00000,000000,District - Vellore,urban,other,persons,149
census-india-2011,sources/census-2011/c-series/state-mdds/c01-33-tamil-nadu.xls,5766414c82e96d26,census-c01-extract-v1.1.0-20260528T003618Z,C0101,33,605,00000,000000,District - Vellore,urban,other,males,72
census-india-2011,sources/census-2011/c-series/state-mdds/c01-33-tamil-nadu.xls,5766414c82e96d26,census-c01-extract-v1.1.0-20260528T003618Z,C0101,33,605,00000,000000,District - Vellore,urban,other,females,77
census-india-2011,sources/census-2011/c-series/state-mdds/c01-33-tamil-nadu.xls,5766414c82e96d26,census-c01-extract-v1.1.0-20260528T003618Z,C0101,33,605,00000,000000,District - Vellore,urban,not_stated,persons,4713
census-india-2011,sources/census-2011/c-series/state-mdds/c01-33-tamil-nadu.xls,5766414c82e96d26,census-c01-extract-v1.1.0-20260528T003618Z,C0101,33,605,00000,000000,District - Vellore,urban,not_stated,males,2135
census-india-2011,sources/census-2011/c-series/state-mdds/c01-33-tamil-nadu.xls,5766414c82e96d26,census-c01-extract-v1.1.0-20260528T003618Z,C0101,33,605,00000,000000,District - Vellore,urban,not_stated,females,2578
census-india-2011,sources/census-2011/c-series/state-mdds/c01-33-tamil-nadu.xls,5766414c82e96d26,census-c01-extract-v1.1.0-20260528T003618Z,C0101,33,606,00000,000000,District - Tiruvannamalai,total,all,persons,2464875
census-india-2011,sources/census-2011/c-series/state-mdds/c01-33-tamil-nadu.xls,5766414c82e96d26,census-c01-extract-v1.1.0-20260528T003618Z,C0101,33,606,00000,000000,District - Tiruvannamalai,total,all,males,1235889
census-india-2011,sources/census-2011/c-series/state-mdds/c01-33-tamil-nadu.xls,5766414c82e96d26,census-c01-extract-v1.1.0-20260528T003618Z,C0101,33,606,00000,000000,District - Tiruvannamalai,total,all,females,1228986
census-india-2011,sources/census-2011/c-series/state-mdds/c01-33-tamil-nadu.xls,5766414c82e96d26,census-c01-extract-v1.1.0-20260528T003618Z,C0101,33,606,00000,000000,District - Tiruvannamalai,total,hindu,persons,2294369
census-india-2011,sources/census-2011/c-series/state-mdds/c01-33-tamil-nadu.xls,5766414c82e96d26,census-c01-extract-v1.1.0-20260528T003618Z,C0101,33,606,00000,000000,District - Tiruvannamalai,total,hindu,males,1151551
census-india-2011,sources/census-2011/c-series/state-mdds/c01-33-tamil-nadu.xls,5766414c82e96d26,census-c01-extract-v1.1.0-20260528T003618Z,C0101,33,606,00000,000000,District - Tiruvannamalai,total,hindu,females,1142818
census-india-2011,sources/census-2011/c-series/state-mdds/c01-33-tamil-nadu.xls,5766414c82e96d26,census-c01-extract-v1.1.0-20260528T003618Z,C0101,33,606,00000,000000,District - Tiruvannamalai,total,muslim,persons,91636
census-india-2011,sources/census-2011/c-series/state-mdds/c01-33-tamil-nadu.xls,5766414c82e96d26,census-c01-extract-v1.1.0-20260528T003618Z,C0101,33,606,00000,000000,District - Tiruvannamalai,total,muslim,males,45583
census-india-2011,sources/census-2011/c-series/state-mdds/c01-33-tamil-nadu.xls,5766414c82e96d26,census-c01-extract-v1.1.0-20260528T003618Z,C0101,33,606,00000,000000,District - Tiruvannamalai,total,muslim,females,46053
census-india-2011,sources/census-2011/c-series/state-mdds/c01-33-tamil-nadu.xls,5766414c82e96d26,census-c01-extract-v1.1.0-20260528T003618Z,C0101,33,606,00000,000000,District - Tiruvannamalai,total,christian,persons,66987
census-india-2011,sources/census-2011/c-series/state-mdds/c01-33-tamil-nadu.xls,5766414c82e96d26,census-c01-extract-v1.1.0-20260528T003618Z,C0101,33,606,00000,000000,District - Tiruvannamalai,total,christian,males,32917
census-india-2011,sources/census-2011/c-series/state-mdds/c01-33-tamil-nadu.xls,5766414c82e96d26,census-c01-extract-v1.1.0-20260528T003618Z,C0101,33,606,00000,000000,District - Tiruvannamalai,total,christian,females,34070
census-india-2011,sources/census-2011/c-series/state-mdds/c01-33-tamil-nadu.xls,5766414c82e96d26,census-c01-extract-v1.1.0-20260528T003618Z,C0101,33,606,00000,000000,District - Tiruvannamalai,total,sikh,persons,232
census-india-2011,sources/census-2011/c-series/state-mdds/c01-33-tamil-nadu.xls,5766414c82e96d26,census-c01-extract-v1.1.0-20260528T003618Z,C0101,33,606,00000,000000,District - Tiruvannamalai,total,sikh,males,122
census-india-2011,sources/census-2011/c-series/state-mdds/c01-33-tamil-nadu.xls,5766414c82e96d26,census-c01-extract-v1.1.0-20260528T003618Z,C0101,33,606,00000,000000,District - Tiruvannamalai,total,sikh,females,110
census-india-2011,sources/census-2011/c-series/state-mdds/c01-33-tamil-nadu.xls,5766414c82e96d26,census-c01-extract-v1.1.0-20260528T003618Z,C0101,33,606,00000,000000,District - Tiruvannamalai,total,buddhist,persons,157
census-india-2011,sources/census-2011/c-series/state-mdds/c01-33-tamil-nadu.xls,5766414c82e96d26,census-c01-extract-v1.1.0-20260528T003618Z,C0101,33,606,00000,000000,District - Tiruvannamalai,total,buddhist,males,83
census-india-2011,sources/census-2011/c-series/state-mdds/c01-33-tamil-nadu.xls,5766414c82e96d26,census-c01-extract-v1.1.0-20260528T003618Z,C0101,33,606,00000,000000,District - Tiruvannamalai,total,buddhist,females,74
census-india-2011,sources/census-2011/c-series/state-mdds/c01-33-tamil-nadu.xls,5766414c82e96d26,census-c01-extract-v1.1.0-20260528T003618Z,C0101,33,606,00000,000000,District - Tiruvannamalai,total,jain,persons,7898
census-india-2011,sources/census-2011/c-series/state-mdds/c01-33-tamil-nadu.xls,5766414c82e96d26,census-c01-extract-v1.1.0-20260528T003618Z,C0101,33,606,00000,000000,District - Tiruvannamalai,total,jain,males,3951
census-india-2011,sources/census-2011/c-series/state-mdds/c01-33-tamil-nadu.xls,5766414c82e96d26,census-c01-extract-v1.1.0-20260528T003618Z,C0101,33,606,00000,000000,District - Tiruvannamalai,total,jain,females,3947
census-india-2011,sources/census-2011/c-series/state-mdds/c01-33-tamil-nadu.xls,5766414c82e96d26,census-c01-extract-v1.1.0-20260528T003618Z,C0101,33,606,00000,000000,District - Tiruvannamalai,total,other,persons,110
census-india-2011,sources/census-2011/c-series/state-mdds/c01-33-tamil-nadu.xls,5766414c82e96d26,census-c01-extract-v1.1.0-20260528T003618Z,C0101,33,606,00000,000000,District - Tiruvannamalai,total,other,males,54
census-india-2011,sources/census-2011/c-series/state-mdds/c01-33-tamil-nadu.xls,5766414c82e96d26,census-c01-extract-v1.1.0-20260528T003618Z,C0101,33,606,00000,000000,District - Tiruvannamalai,total,other,females,56
census-india-2011,sources/census-2011/c-series/state-mdds/c01-33-tamil-nadu.xls,5766414c82e96d26,census-c01-extract-v1.1.0-20260528T003618Z,C0101,33,606,00000,000000,District - Tiruvannamalai,total,not_stated,persons,3486
census-india-2011,sources/census-2011/c-series/state-mdds/c01-33-tamil-nadu.xls,5766414c82e96d26,census-c01-extract-v1.1.0-20260528T003618Z,C0101,33,606,00000,000000,District - Tiruvannamalai,total,not_stated,males,1628
census-india-2011,sources/census-2011/c-series/state-mdds/c01-33-tamil-nadu.xls,5766414c82e96d26,census-c01-extract-v1.1.0-20260528T003618Z,C0101,33,606,00000,000000,District - Tiruvannamalai,total,not_stated,females,1858
census-india-2011,sources/census-2011/c-series/state-mdds/c01-33-tamil-nadu.xls,5766414c82e96d26,census-c01-extract-v1.1.0-20260528T003618Z,C0101,33,606,00000,000000,District - Tiruvannamalai,rural,all,persons,1969930
census-india-2011,sources/census-2011/c-series/state-mdds/c01-33-tamil-nadu.xls,5766414c82e96d26,census-c01-extract-v1.1.0-20260528T003618Z,C0101,33,606,00000,000000,District - Tiruvannamalai,rural,all,males,989726
census-india-2011,sources/census-2011/c-series/state-mdds/c01-33-tamil-nadu.xls,5766414c82e96d26,census-c01-extract-v1.1.0-20260528T003618Z,C0101,33,606,00000,000000,District - Tiruvannamalai,rural,all,females,980204
census-india-2011,sources/census-2011/c-series/state-mdds/c01-33-tamil-nadu.xls,5766414c82e96d26,census-c01-extract-v1.1.0-20260528T003618Z,C0101,33,606,00000,000000,District - Tiruvannamalai,rural,hindu,persons,1875296
census-india-2011,sources/census-2011/c-series/state-mdds/c01-33-tamil-nadu.xls,5766414c82e96d26,census-c01-extract-v1.1.0-20260528T003618Z,C0101,33,606,00000,000000,District - Tiruvannamalai,rural,hindu,males,942950
census-india-2011,sources/census-2011/c-series/state-mdds/c01-33-tamil-nadu.xls,5766414c82e96d26,census-c01-extract-v1.1.0-20260528T003618Z,C0101,33,606,00000,000000,District - Tiruvannamalai,rural,hindu,females,932346
census-india-2011,sources/census-2011/c-series/state-mdds/c01-33-tamil-nadu.xls,5766414c82e96d26,census-c01-extract-v1.1.0-20260528T003618Z,C0101,33,606,00000,000000,District - Tiruvannamalai,rural,muslim,persons,36918
census-india-2011,sources/census-2011/c-series/state-mdds/c01-33-tamil-nadu.xls,5766414c82e96d26,census-c01-extract-v1.1.0-20260528T003618Z,C0101,33,606,00000,000000,District - Tiruvannamalai,rural,muslim,males,18234
census-india-2011,sources/census-2011/c-series/state-mdds/c01-33-tamil-nadu.xls,5766414c82e96d26,census-c01-extract-v1.1.0-20260528T003618Z,C0101,33,606,00000,000000,District - Tiruvannamalai,rural,muslim,females,18684
census-india-2011,sources/census-2011/c-series/state-mdds/c01-33-tamil-nadu.xls,5766414c82e96d26,census-c01-extract-v1.1.0-20260528T003618Z,C0101,33,606,00000,000000,District - Tiruvannamalai,rural,christian,persons,50230
census-india-2011,sources/census-2011/c-series/state-mdds/c01-33-tamil-nadu.xls,5766414c82e96d26,census-c01-extract-v1.1.0-20260528T003618Z,C0101,33,606,00000,000000,District - Tiruvannamalai,rural,christian,males,24821
census-india-2011,sources/census-2011/c-series/state-mdds/c01-33-tamil-nadu.xls,5766414c82e96d26,census-c01-extract-v1.1.0-20260528T003618Z,C0101,33,606,00000,000000,District - Tiruvannamalai,rural,christian,females,25409
census-india-2011,sources/census-2011/c-series/state-mdds/c01-33-tamil-nadu.xls,5766414c82e96d26,census-c01-extract-v1.1.0-20260528T003618Z,C0101,33,606,00000,000000,District - Tiruvannamalai,rural,sikh,persons,174
census-india-2011,sources/census-2011/c-series/state-mdds/c01-33-tamil-nadu.xls,5766414c82e96d26,census-c01-extract-v1.1.0-20260528T003618Z,C0101,33,606,00000,000000,District - Tiruvannamalai,rural,sikh,males,94
census-india-2011,sources/census-2011/c-series/state-mdds/c01-33-tamil-nadu.xls,5766414c82e96d26,census-c01-extract-v1.1.0-20260528T003618Z,C0101,33,606,00000,000000,District - Tiruvannamalai,rural,sikh,females,80
census-india-2011,sources/census-2011/c-series/state-mdds/c01-33-tamil-nadu.xls,5766414c82e96d26,census-c01-extract-v1.1.0-20260528T003618Z,C0101,33,606,00000,000000,District - Tiruvannamalai,rural,buddhist,persons,72
census-india-2011,sources/census-2011/c-series/state-mdds/c01-33-tamil-nadu.xls,5766414c82e96d26,census-c01-extract-v1.1.0-20260528T003618Z,C0101,33,606,00000,000000,District - Tiruvannamalai,rural,buddhist,males,42
census-india-2011,sources/census-2011/c-series/state-mdds/c01-33-tamil-nadu.xls,5766414c82e96d26,census-c01-extract-v1.1.0-20260528T003618Z,C0101,33,606,00000,000000,District - Tiruvannamalai,rural,buddhist,females,30
census-india-2011,sources/census-2011/c-series/state-mdds/c01-33-tamil-nadu.xls,5766414c82e96d26,census-c01-extract-v1.1.0-20260528T003618Z,C0101,33,606,00000,000000,District - Tiruvannamalai,rural,jain,persons,5037
census-india-2011,sources/census-2011/c-series/state-mdds/c01-33-tamil-nadu.xls,5766414c82e96d26,census-c01-extract-v1.1.0-20260528T003618Z,C0101,33,606,00000,000000,District - Tiruvannamalai,rural,jain,males,2504
census-india-2011,sources/census-2011/c-series/state-mdds/c01-33-tamil-nadu.xls,5766414c82e96d26,census-c01-extract-v1.1.0-20260528T003618Z,C0101,33,606,00000,000000,District - Tiruvannamalai,rural,jain,females,2533
census-india-2011,sources/census-2011/c-series/state-mdds/c01-33-tamil-nadu.xls,5766414c82e96d26,census-c01-extract-v1.1.0-20260528T003618Z,C0101,33,606,00000,000000,District - Tiruvannamalai,rural,other,persons,82
census-india-2011,sources/census-2011/c-series/state-mdds/c01-33-tamil-nadu.xls,5766414c82e96d26,census-c01-extract-v1.1.0-20260528T003618Z,C0101,33,606,00000,000000,District - Tiruvannamalai,rural,other,males,41
census-india-2011,sources/census-2011/c-series/state-mdds/c01-33-tamil-nadu.xls,5766414c82e96d26,census-c01-extract-v1.1.0-20260528T003618Z,C0101,33,606,00000,000000,District - Tiruvannamalai,rural,other,females,41
census-india-2011,sources/census-2011/c-series/state-mdds/c01-33-tamil-nadu.xls,5766414c82e96d26,census-c01-extract-v1.1.0-20260528T003618Z,C0101,33,606,00000,000000,District - Tiruvannamalai,rural,not_stated,persons,2121
census-india-2011,sources/census-2011/c-series/state-mdds/c01-33-tamil-nadu.xls,5766414c82e96d26,census-c01-extract-v1.1.0-20260528T003618Z,C0101,33,606,00000,000000,District - Tiruvannamalai,rural,not_stated,males,1040
census-india-2011,sources/census-2011/c-series/state-mdds/c01-33-tamil-nadu.xls,5766414c82e96d26,census-c01-extract-v1.1.0-20260528T003618Z,C0101,33,606,00000,000000,District - Tiruvannamalai,rural,not_stated,females,1081
census-india-2011,sources/census-2011/c-series/state-mdds/c01-33-tamil-nadu.xls,5766414c82e96d26,census-c01-extract-v1.1.0-20260528T003618Z,C0101,33,606,00000,000000,District - Tiruvannamalai,urban,all,persons,494945
census-india-2011,sources/census-2011/c-series/state-mdds/c01-33-tamil-nadu.xls,5766414c82e96d26,census-c01-extract-v1.1.0-20260528T003618Z,C0101,33,606,00000,000000,District - Tiruvannamalai,urban,all,males,246163
census-india-2011,sources/census-2011/c-series/state-mdds/c01-33-tamil-nadu.xls,5766414c82e96d26,census-c01-extract-v1.1.0-20260528T003618Z,C0101,33,606,00000,000000,District - Tiruvannamalai,urban,all,females,248782
census-india-2011,sources/census-2011/c-series/state-mdds/c01-33-tamil-nadu.xls,5766414c82e96d26,census-c01-extract-v1.1.0-20260528T003618Z,C0101,33,606,00000,000000,District - Tiruvannamalai,urban,hindu,persons,419073
census-india-2011,sources/census-2011/c-series/state-mdds/c01-33-tamil-nadu.xls,5766414c82e96d26,census-c01-extract-v1.1.0-20260528T003618Z,C0101,33,606,00000,000000,District - Tiruvannamalai,urban,hindu,males,208601
census-india-2011,sources/census-2011/c-series/state-mdds/c01-33-tamil-nadu.xls,5766414c82e96d26,census-c01-extract-v1.1.0-20260528T003618Z,C0101,33,606,00000,000000,District - Tiruvannamalai,urban,hindu,females,210472
census-india-2011,sources/census-2011/c-series/state-mdds/c01-33-tamil-nadu.xls,5766414c82e96d26,census-c01-extract-v1.1.0-20260528T003618Z,C0101,33,606,00000,000000,District - Tiruvannamalai,urban,muslim,persons,54718
census-india-2011,sources/census-2011/c-series/state-mdds/c01-33-tamil-nadu.xls,5766414c82e96d26,census-c01-extract-v1.1.0-20260528T003618Z,C0101,33,606,00000,000000,District - Tiruvannamalai,urban,muslim,males,27349
census-india-2011,sources/census-2011/c-series/state-mdds/c01-33-tamil-nadu.xls,5766414c82e96d26,census-c01-extract-v1.1.0-20260528T003618Z,C0101,33,606,00000,000000,District - Tiruvannamalai,urban,muslim,females,27369
census-india-2011,sources/census-2011/c-series/state-mdds/c01-33-tamil-nadu.xls,5766414c82e96d26,census-c01-extract-v1.1.0-20260528T003618Z,C0101,33,606,00000,000000,District - Tiruvannamalai,urban,christian,persons,16757
census-india-2011,sources/census-2011/c-series/state-mdds/c01-33-tamil-nadu.xls,5766414c82e96d26,census-c01-extract-v1.1.0-20260528T003618Z,C0101,33,606,00000,000000,District - Tiruvannamalai,urban,christian,males,8096
census-india-2011,sources/census-2011/c-series/state-mdds/c01-33-tamil-nadu.xls,5766414c82e96d26,census-c01-extract-v1.1.0-20260528T003618Z,C0101,33,606,00000,000000,District - Tiruvannamalai,urban,christian,females,8661
census-india-2011,sources/census-2011/c-series/state-mdds/c01-33-tamil-nadu.xls,5766414c82e96d26,census-c01-extract-v1.1.0-20260528T003618Z,C0101,33,606,00000,000000,District - Tiruvannamalai,urban,sikh,persons,58
census-india-2011,sources/census-2011/c-series/state-mdds/c01-33-tamil-nadu.xls,5766414c82e96d26,census-c01-extract-v1.1.0-20260528T003618Z,C0101,33,606,00000,000000,District - Tiruvannamalai,urban,sikh,males,28
census-india-2011,sources/census-2011/c-series/state-mdds/c01-33-tamil-nadu.xls,5766414c82e96d26,census-c01-extract-v1.1.0-20260528T003618Z,C0101,33,606,00000,000000,District - Tiruvannamalai,urban,sikh,females,30
census-india-2011,sources/census-2011/c-series/state-mdds/c01-33-tamil-nadu.xls,5766414c82e96d26,census-c01-extract-v1.1.0-20260528T003618Z,C0101,33,606,00000,000000,District - Tiruvannamalai,urban,buddhist,persons,85
census-india-2011,sources/census-2011/c-series/state-mdds/c01-33-tamil-nadu.xls,5766414c82e96d26,census-c01-extract-v1.1.0-20260528T003618Z,C0101,33,606,00000,000000,District - Tiruvannamalai,urban,buddhist,males,41
census-india-2011,sources/census-2011/c-series/state-mdds/c01-33-tamil-nadu.xls,5766414c82e96d26,census-c01-extract-v1.1.0-20260528T003618Z,C0101,33,606,00000,000000,District - Tiruvannamalai,urban,buddhist,females,44
census-india-2011,sources/census-2011/c-series/state-mdds/c01-33-tamil-nadu.xls,5766414c82e96d26,census-c01-extract-v1.1.0-20260528T003618Z,C0101,33,606,00000,000000,District - Tiruvannamalai,urban,jain,persons,2861
census-india-2011,sources/census-2011/c-series/state-mdds/c01-33-tamil-nadu.xls,5766414c82e96d26,census-c01-extract-v1.1.0-20260528T003618Z,C0101,33,606,00000,000000,District - Tiruvannamalai,urban,jain,males,1447
census-india-2011,sources/census-2011/c-series/state-mdds/c01-33-tamil-nadu.xls,5766414c82e96d26,census-c01-extract-v1.1.0-20260528T003618Z,C0101,33,606,00000,000000,District - Tiruvannamalai,urban,jain,females,1414
census-india-2011,sources/census-2011/c-series/state-mdds/c01-33-tamil-nadu.xls,5766414c82e96d26,census-c01-extract-v1.1.0-20260528T003618Z,C0101,33,606,00000,000000,District - Tiruvannamalai,urban,other,persons,28
census-india-2011,sources/census-2011/c-series/state-mdds/c01-33-tamil-nadu.xls,5766414c82e96d26,census-c01-extract-v1.1.0-20260528T003618Z,C0101,33,606,00000,000000,District - Tiruvannamalai,urban,other,males,13
census-india-2011,sources/census-2011/c-series/state-mdds/c01-33-tamil-nadu.xls,5766414c82e96d26,census-c01-extract-v1.1.0-20260528T003618Z,C0101,33,606,00000,000000,District - Tiruvannamalai,urban,other,females,15
census-india-2011,sources/census-2011/c-series/state-mdds/c01-33-tamil-nadu.xls,5766414c82e96d26,census-c01-extract-v1.1.0-20260528T003618Z,C0101,33,606,00000,000000,District - Tiruvannamalai,urban,not_stated,persons,1365
census-india-2011,sources/census-2011/c-series/state-mdds/c01-33-tamil-nadu.xls,5766414c82e96d26,census-c01-extract-v1.1.0-20260528T003618Z,C0101,33,606,00000,000000,District - Tiruvannamalai,urban,not_stated,males,588
census-india-2011,sources/census-2011/c-series/state-mdds/c01-33-tamil-nadu.xls,5766414c82e96d26,census-c01-extract-v1.1.0-20260528T003618Z,C0101,33,606,00000,000000,District - Tiruvannamalai,urban,not_stated,females,777
census-india-2011,sources/census-2011/c-series/state-mdds/c01-33-tamil-nadu.xls,5766414c82e96d26,census-c01-extract-v1.1.0-20260528T003618Z,C0101,33,607,00000,000000,District - Viluppuram,total,all,persons,3458873
census-india-2011,sources/census-2011/c-series/state-mdds/c01-33-tamil-nadu.xls,5766414c82e96d26,census-c01-extract-v1.1.0-20260528T003618Z,C0101,33,607,00000,000000,District - Viluppuram,total,all,males,1740819
census-india-2011,sources/census-2011/c-series/state-mdds/c01-33-tamil-nadu.xls,5766414c82e96d26,census-c01-extract-v1.1.0-20260528T003618Z,C0101,33,607,00000,000000,District - Viluppuram,total,all,females,1718054
census-india-2011,sources/census-2011/c-series/state-mdds/c01-33-tamil-nadu.xls,5766414c82e96d26,census-c01-extract-v1.1.0-20260528T003618Z,C0101,33,607,00000,000000,District - Viluppuram,total,hindu,persons,3174941
census-india-2011,sources/census-2011/c-series/state-mdds/c01-33-tamil-nadu.xls,5766414c82e96d26,census-c01-extract-v1.1.0-20260528T003618Z,C0101,33,607,00000,000000,District - Viluppuram,total,hindu,males,1599867
census-india-2011,sources/census-2011/c-series/state-mdds/c01-33-tamil-nadu.xls,5766414c82e96d26,census-c01-extract-v1.1.0-20260528T003618Z,C0101,33,607,00000,000000,District - Viluppuram,total,hindu,females,1575074
census-india-2011,sources/census-2011/c-series/state-mdds/c01-33-tamil-nadu.xls,5766414c82e96d26,census-c01-extract-v1.1.0-20260528T003618Z,C0101,33,607,00000,000000,District - Viluppuram,total,muslim,persons,133896
census-india-2011,sources/census-2011/c-series/state-mdds/c01-33-tamil-nadu.xls,5766414c82e96d26,census-c01-extract-v1.1.0-20260528T003618Z,C0101,33,607,00000,000000,District - Viluppuram,total,muslim,males,66343
census-india-2011,sources/census-2011/c-series/state-mdds/c01-33-tamil-nadu.xls,5766414c82e96d26,census-c01-extract-v1.1.0-20260528T003618Z,C0101,33,607,00000,000000,District - Viluppuram,total,muslim,females,67553
census-india-2011,sources/census-2011/c-series/state-mdds/c01-33-tamil-nadu.xls,5766414c82e96d26,census-c01-extract-v1.1.0-20260528T003618Z,C0101,33,607,00000,000000,District - Viluppuram,total,christian,persons,138279
census-india-2011,sources/census-2011/c-series/state-mdds/c01-33-tamil-nadu.xls,5766414c82e96d26,census-c01-extract-v1.1.0-20260528T003618Z,C0101,33,607,00000,000000,District - Viluppuram,total,christian,males,68929
census-india-2011,sources/census-2011/c-series/state-mdds/c01-33-tamil-nadu.xls,5766414c82e96d26,census-c01-extract-v1.1.0-20260528T003618Z,C0101,33,607,00000,000000,District - Viluppuram,total,christian,females,69350
census-india-2011,sources/census-2011/c-series/state-mdds/c01-33-tamil-nadu.xls,5766414c82e96d26,census-c01-extract-v1.1.0-20260528T003618Z,C0101,33,607,00000,000000,District - Viluppuram,total,sikh,persons,325
census-india-2011,sources/census-2011/c-series/state-mdds/c01-33-tamil-nadu.xls,5766414c82e96d26,census-c01-extract-v1.1.0-20260528T003618Z,C0101,33,607,00000,000000,District - Viluppuram,total,sikh,males,165
census-india-2011,sources/census-2011/c-series/state-mdds/c01-33-tamil-nadu.xls,5766414c82e96d26,census-c01-extract-v1.1.0-20260528T003618Z,C0101,33,607,00000,000000,District - Viluppuram,total,sikh,females,160
census-india-2011,sources/census-2011/c-series/state-mdds/c01-33-tamil-nadu.xls,5766414c82e96d26,census-c01-extract-v1.1.0-20260528T003618Z,C0101,33,607,00000,000000,District - Viluppuram,total,buddhist,persons,238
census-india-2011,sources/census-2011/c-series/state-mdds/c01-33-tamil-nadu.xls,5766414c82e96d26,census-c01-extract-v1.1.0-20260528T003618Z,C0101,33,607,00000,000000,District - Viluppuram,total,buddhist,males,119
census-india-2011,sources/census-2011/c-series/state-mdds/c01-33-tamil-nadu.xls,5766414c82e96d26,census-c01-extract-v1.1.0-20260528T003618Z,C0101,33,607,00000,000000,District - Viluppuram,total,buddhist,females,119
census-india-2011,sources/census-2011/c-series/state-mdds/c01-33-tamil-nadu.xls,5766414c82e96d26,census-c01-extract-v1.1.0-20260528T003618Z,C0101,33,607,00000,000000,District - Viluppuram,total,jain,persons,4032
census-india-2011,sources/census-2011/c-series/state-mdds/c01-33-tamil-nadu.xls,5766414c82e96d26,census-c01-extract-v1.1.0-20260528T003618Z,C0101,33,607,00000,000000,District - Viluppuram,total,jain,males,2003
census-india-2011,sources/census-2011/c-series/state-mdds/c01-33-tamil-nadu.xls,5766414c82e96d26,census-c01-extract-v1.1.0-20260528T003618Z,C0101,33,607,00000,000000,District - Viluppuram,total,jain,females,2029
census-india-2011,sources/census-2011/c-series/state-mdds/c01-33-tamil-nadu.xls,5766414c82e96d26,census-c01-extract-v1.1.0-20260528T003618Z,C0101,33,607,00000,000000,District - Viluppuram,total,other,persons,278
census-india-2011,sources/census-2011/c-series/state-mdds/c01-33-tamil-nadu.xls,5766414c82e96d26,census-c01-extract-v1.1.0-20260528T003618Z,C0101,33,607,00000,000000,District - Viluppuram,total,other,males,144
census-india-2011,sources/census-2011/c-series/state-mdds/c01-33-tamil-nadu.xls,5766414c82e96d26,census-c01-extract-v1.1.0-20260528T003618Z,C0101,33,607,00000,000000,District - Viluppuram,total,other,females,134
census-india-2011,sources/census-2011/c-series/state-mdds/c01-33-tamil-nadu.xls,5766414c82e96d26,census-c01-extract-v1.1.0-20260528T003618Z,C0101,33,607,00000,000000,District - Viluppuram,total,not_stated,persons,6884
census-india-2011,sources/census-2011/c-series/state-mdds/c01-33-tamil-nadu.xls,5766414c82e96d26,census-c01-extract-v1.1.0-20260528T003618Z,C0101,33,607,00000,000000,District - Viluppuram,total,not_stated,males,3249
census-india-2011,sources/census-2011/c-series/state-mdds/c01-33-tamil-nadu.xls,5766414c82e96d26,census-c01-extract-v1.1.0-20260528T003618Z,C0101,33,607,00000,000000,District - Viluppuram,total,not_stated,females,3635
census-india-2011,sources/census-2011/c-series/state-mdds/c01-33-tamil-nadu.xls,5766414c82e96d26,census-c01-extract-v1.1.0-20260528T003618Z,C0101,33,607,00000,000000,District - Viluppuram,rural,all,persons,2939785
census-india-2011,sources/census-2011/c-series/state-mdds/c01-33-tamil-nadu.xls,5766414c82e96d26,census-c01-extract-v1.1.0-20260528T003618Z,C0101,33,607,00000,000000,District - Viluppuram,rural,all,males,1481475
census-india-2011,sources/census-2011/c-series/state-mdds/c01-33-tamil-nadu.xls,5766414c82e96d26,census-c01-extract-v1.1.0-20260528T003618Z,C0101,33,607,00000,000000,District - Viluppuram,rural,all,females,1458310
census-india-2011,sources/census-2011/c-series/state-mdds/c01-33-tamil-nadu.xls,5766414c82e96d26,census-c01-extract-v1.1.0-20260528T003618Z,C0101,33,607,00000,000000,District - Viluppuram,rural,hindu,persons,2748837
census-india-2011,sources/census-2011/c-series/state-mdds/c01-33-tamil-nadu.xls,5766414c82e96d26,census-c01-extract-v1.1.0-20260528T003618Z,C0101,33,607,00000,000000,District - Viluppuram,rural,hindu,males,1386505
census-india-2011,sources/census-2011/c-series/state-mdds/c01-33-tamil-nadu.xls,5766414c82e96d26,census-c01-extract-v1.1.0-20260528T003618Z,C0101,33,607,00000,000000,District - Viluppuram,rural,hindu,females,1362332
census-india-2011,sources/census-2011/c-series/state-mdds/c01-33-tamil-nadu.xls,5766414c82e96d26,census-c01-extract-v1.1.0-20260528T003618Z,C0101,33,607,00000,000000,District - Viluppuram,rural,muslim,persons,64066
census-india-2011,sources/census-2011/c-series/state-mdds/c01-33-tamil-nadu.xls,5766414c82e96d26,census-c01-extract-v1.1.0-20260528T003618Z,C0101,33,607,00000,000000,District - Viluppuram,rural,muslim,males,31635
census-india-2011,sources/census-2011/c-series/state-mdds/c01-33-tamil-nadu.xls,5766414c82e96d26,census-c01-extract-v1.1.0-20260528T003618Z,C0101,33,607,00000,000000,District - Viluppuram,rural,muslim,females,32431
census-india-2011,sources/census-2011/c-series/state-mdds/c01-33-tamil-nadu.xls,5766414c82e96d26,census-c01-extract-v1.1.0-20260528T003618Z,C0101,33,607,00000,000000,District - Viluppuram,rural,christian,persons,118422
census-india-2011,sources/census-2011/c-series/state-mdds/c01-33-tamil-nadu.xls,5766414c82e96d26,census-c01-extract-v1.1.0-20260528T003618Z,C0101,33,607,00000,000000,District - Viluppuram,rural,christian,males,59230
census-india-2011,sources/census-2011/c-series/state-mdds/c01-33-tamil-nadu.xls,5766414c82e96d26,census-c01-extract-v1.1.0-20260528T003618Z,C0101,33,607,00000,000000,District - Viluppuram,rural,christian,females,59192
census-india-2011,sources/census-2011/c-series/state-mdds/c01-33-tamil-nadu.xls,5766414c82e96d26,census-c01-extract-v1.1.0-20260528T003618Z,C0101,33,607,00000,000000,District - Viluppuram,rural,sikh,persons,200
census-india-2011,sources/census-2011/c-series/state-mdds/c01-33-tamil-nadu.xls,5766414c82e96d26,census-c01-extract-v1.1.0-20260528T003618Z,C0101,33,607,00000,000000,District - Viluppuram,rural,sikh,males,100
census-india-2011,sources/census-2011/c-series/state-mdds/c01-33-tamil-nadu.xls,5766414c82e96d26,census-c01-extract-v1.1.0-20260528T003618Z,C0101,33,607,00000,000000,District - Viluppuram,rural,sikh,females,100
census-india-2011,sources/census-2011/c-series/state-mdds/c01-33-tamil-nadu.xls,5766414c82e96d26,census-c01-extract-v1.1.0-20260528T003618Z,C0101,33,607,00000,000000,District - Viluppuram,rural,buddhist,persons,165
census-india-2011,sources/census-2011/c-series/state-mdds/c01-33-tamil-nadu.xls,5766414c82e96d26,census-c01-extract-v1.1.0-20260528T003618Z,C0101,33,607,00000,000000,District - Viluppuram,rural,buddhist,males,83
census-india-2011,sources/census-2011/c-series/state-mdds/c01-33-tamil-nadu.xls,5766414c82e96d26,census-c01-extract-v1.1.0-20260528T003618Z,C0101,33,607,00000,000000,District - Viluppuram,rural,buddhist,females,82
census-india-2011,sources/census-2011/c-series/state-mdds/c01-33-tamil-nadu.xls,5766414c82e96d26,census-c01-extract-v1.1.0-20260528T003618Z,C0101,33,607,00000,000000,District - Viluppuram,rural,jain,persons,2265
census-india-2011,sources/census-2011/c-series/state-mdds/c01-33-tamil-nadu.xls,5766414c82e96d26,census-c01-extract-v1.1.0-20260528T003618Z,C0101,33,607,00000,000000,District - Viluppuram,rural,jain,males,1121
census-india-2011,sources/census-2011/c-series/state-mdds/c01-33-tamil-nadu.xls,5766414c82e96d26,census-c01-extract-v1.1.0-20260528T003618Z,C0101,33,607,00000,000000,District - Viluppuram,rural,jain,females,1144
census-india-2011,sources/census-2011/c-series/state-mdds/c01-33-tamil-nadu.xls,5766414c82e96d26,census-c01-extract-v1.1.0-20260528T003618Z,C0101,33,607,00000,000000,District - Viluppuram,rural,other,persons,211
census-india-2011,sources/census-2011/c-series/state-mdds/c01-33-tamil-nadu.xls,5766414c82e96d26,census-c01-extract-v1.1.0-20260528T003618Z,C0101,33,607,00000,000000,District - Viluppuram,rural,other,males,104
census-india-2011,sources/census-2011/c-series/state-mdds/c01-33-tamil-nadu.xls,5766414c82e96d26,census-c01-extract-v1.1.0-20260528T003618Z,C0101,33,607,00000,000000,District - Viluppuram,rural,other,females,107
census-india-2011,sources/census-2011/c-series/state-mdds/c01-33-tamil-nadu.xls,5766414c82e96d26,census-c01-extract-v1.1.0-20260528T003618Z,C0101,33,607,00000,000000,District - Viluppuram,rural,not_stated,persons,5619
census-india-2011,sources/census-2011/c-series/state-mdds/c01-33-tamil-nadu.xls,5766414c82e96d26,census-c01-extract-v1.1.0-20260528T003618Z,C0101,33,607,00000,000000,District - Viluppuram,rural,not_stated,males,2697
census-india-2011,sources/census-2011/c-series/state-mdds/c01-33-tamil-nadu.xls,5766414c82e96d26,census-c01-extract-v1.1.0-20260528T003618Z,C0101,33,607,00000,000000,District - Viluppuram,rural,not_stated,females,2922
census-india-2011,sources/census-2011/c-series/state-mdds/c01-33-tamil-nadu.xls,5766414c82e96d26,census-c01-extract-v1.1.0-20260528T003618Z,C0101,33,607,00000,000000,District - Viluppuram,urban,all,persons,519088
census-india-2011,sources/census-2011/c-series/state-mdds/c01-33-tamil-nadu.xls,5766414c82e96d26,census-c01-extract-v1.1.0-20260528T003618Z,C0101,33,607,00000,000000,District - Viluppuram,urban,all,males,259344
census-india-2011,sources/census-2011/c-series/state-mdds/c01-33-tamil-nadu.xls,5766414c82e96d26,census-c01-extract-v1.1.0-20260528T003618Z,C0101,33,607,00000,000000,District - Viluppuram,urban,all,females,259744
census-india-2011,sources/census-2011/c-series/state-mdds/c01-33-tamil-nadu.xls,5766414c82e96d26,census-c01-extract-v1.1.0-20260528T003618Z,C0101,33,607,00000,000000,District - Viluppuram,urban,hindu,persons,426104
census-india-2011,sources/census-2011/c-series/state-mdds/c01-33-tamil-nadu.xls,5766414c82e96d26,census-c01-extract-v1.1.0-20260528T003618Z,C0101,33,607,00000,000000,District - Viluppuram,urban,hindu,males,213362
census-india-2011,sources/census-2011/c-series/state-mdds/c01-33-tamil-nadu.xls,5766414c82e96d26,census-c01-extract-v1.1.0-20260528T003618Z,C0101,33,607,00000,000000,District - Viluppuram,urban,hindu,females,212742
census-india-2011,sources/census-2011/c-series/state-mdds/c01-33-tamil-nadu.xls,5766414c82e96d26,census-c01-extract-v1.1.0-20260528T003618Z,C0101,33,607,00000,000000,District - Viluppuram,urban,muslim,persons,69830
census-india-2011,sources/census-2011/c-series/state-mdds/c01-33-tamil-nadu.xls,5766414c82e96d26,census-c01-extract-v1.1.0-20260528T003618Z,C0101,33,607,00000,000000,District - Viluppuram,urban,muslim,males,34708
census-india-2011,sources/census-2011/c-series/state-mdds/c01-33-tamil-nadu.xls,5766414c82e96d26,census-c01-extract-v1.1.0-20260528T003618Z,C0101,33,607,00000,000000,District - Viluppuram,urban,muslim,females,35122
census-india-2011,sources/census-2011/c-series/state-mdds/c01-33-tamil-nadu.xls,5766414c82e96d26,census-c01-extract-v1.1.0-20260528T003618Z,C0101,33,607,00000,000000,District - Viluppuram,urban,christian,persons,19857
census-india-2011,sources/census-2011/c-series/state-mdds/c01-33-tamil-nadu.xls,5766414c82e96d26,census-c01-extract-v1.1.0-20260528T003618Z,C0101,33,607,00000,000000,District - Viluppuram,urban,christian,males,9699
census-india-2011,sources/census-2011/c-series/state-mdds/c01-33-tamil-nadu.xls,5766414c82e96d26,census-c01-extract-v1.1.0-20260528T003618Z,C0101,33,607,00000,000000,District - Viluppuram,urban,christian,females,10158
census-india-2011,sources/census-2011/c-series/state-mdds/c01-33-tamil-nadu.xls,5766414c82e96d26,census-c01-extract-v1.1.0-20260528T003618Z,C0101,33,607,00000,000000,District - Viluppuram,urban,sikh,persons,125
census-india-2011,sources/census-2011/c-series/state-mdds/c01-33-tamil-nadu.xls,5766414c82e96d26,census-c01-extract-v1.1.0-20260528T003618Z,C0101,33,607,00000,000000,District - Viluppuram,urban,sikh,males,65
census-india-2011,sources/census-2011/c-series/state-mdds/c01-33-tamil-nadu.xls,5766414c82e96d26,census-c01-extract-v1.1.0-20260528T003618Z,C0101,33,607,00000,000000,District - Viluppuram,urban,sikh,females,60
census-india-2011,sources/census-2011/c-series/state-mdds/c01-33-tamil-nadu.xls,5766414c82e96d26,census-c01-extract-v1.1.0-20260528T003618Z,C0101,33,607,00000,000000,District - Viluppuram,urban,buddhist,persons,73
census-india-2011,sources/census-2011/c-series/state-mdds/c01-33-tamil-nadu.xls,5766414c82e96d26,census-c01-extract-v1.1.0-20260528T003618Z,C0101,33,607,00000,000000,District - Viluppuram,urban,buddhist,males,36
census-india-2011,sources/census-2011/c-series/state-mdds/c01-33-tamil-nadu.xls,5766414c82e96d26,census-c01-extract-v1.1.0-20260528T003618Z,C0101,33,607,00000,000000,District - Viluppuram,urban,buddhist,females,37
census-india-2011,sources/census-2011/c-series/state-mdds/c01-33-tamil-nadu.xls,5766414c82e96d26,census-c01-extract-v1.1.0-20260528T003618Z,C0101,33,607,00000,000000,District - Viluppuram,urban,jain,persons,1767
census-india-2011,sources/census-2011/c-series/state-mdds/c01-33-tamil-nadu.xls,5766414c82e96d26,census-c01-extract-v1.1.0-20260528T003618Z,C0101,33,607,00000,000000,District - Viluppuram,urban,jain,males,882
census-india-2011,sources/census-2011/c-series/state-mdds/c01-33-tamil-nadu.xls,5766414c82e96d26,census-c01-extract-v1.1.0-20260528T003618Z,C0101,33,607,00000,000000,District - Viluppuram,urban,jain,females,885
census-india-2011,sources/census-2011/c-series/state-mdds/c01-33-tamil-nadu.xls,5766414c82e96d26,census-c01-extract-v1.1.0-20260528T003618Z,C0101,33,607,00000,000000,District - Viluppuram,urban,other,persons,67
census-india-2011,sources/census-2011/c-series/state-mdds/c01-33-tamil-nadu.xls,5766414c82e96d26,census-c01-extract-v1.1.0-20260528T003618Z,C0101,33,607,00000,000000,District - Viluppuram,urban,other,males,40
census-india-2011,sources/census-2011/c-series/state-mdds/c01-33-tamil-nadu.xls,5766414c82e96d26,census-c01-extract-v1.1.0-20260528T003618Z,C0101,33,607,00000,000000,District - Viluppuram,urban,other,females,27
census-india-2011,sources/census-2011/c-series/state-mdds/c01-33-tamil-nadu.xls,5766414c82e96d26,census-c01-extract-v1.1.0-20260528T003618Z,C0101,33,607,00000,000000,District - Viluppuram,urban,not_stated,persons,1265
census-india-2011,sources/census-2011/c-series/state-mdds/c01-33-tamil-nadu.xls,5766414c82e96d26,census-c01-extract-v1.1.0-20260528T003618Z,C0101,33,607,00000,000000,District - Viluppuram,urban,not_stated,males,552
census-india-2011,sources/census-2011/c-series/state-mdds/c01-33-tamil-nadu.xls,5766414c82e96d26,census-c01-extract-v1.1.0-20260528T003618Z,C0101,33,607,00000,000000,District - Viluppuram,urban,not_stated,females,713
census-india-2011,sources/census-2011/c-series/state-mdds/c01-33-tamil-nadu.xls,5766414c82e96d26,census-c01-extract-v1.1.0-20260528T003618Z,C0101,33,608,00000,000000,District - Salem,total,all,persons,3482056
census-india-2011,sources/census-2011/c-series/state-mdds/c01-33-tamil-nadu.xls,5766414c82e96d26,census-c01-extract-v1.1.0-20260528T003618Z,C0101,33,608,00000,000000,District - Salem,total,all,males,1781571
census-india-2011,sources/census-2011/c-series/state-mdds/c01-33-tamil-nadu.xls,5766414c82e96d26,census-c01-extract-v1.1.0-20260528T003618Z,C0101,33,608,00000,000000,District - Salem,total,all,females,1700485
census-india-2011,sources/census-2011/c-series/state-mdds/c01-33-tamil-nadu.xls,5766414c82e96d26,census-c01-extract-v1.1.0-20260528T003618Z,C0101,33,608,00000,000000,District - Salem,total,hindu,persons,3326357
census-india-2011,sources/census-2011/c-series/state-mdds/c01-33-tamil-nadu.xls,5766414c82e96d26,census-c01-extract-v1.1.0-20260528T003618Z,C0101,33,608,00000,000000,District - Salem,total,hindu,males,1704451
census-india-2011,sources/census-2011/c-series/state-mdds/c01-33-tamil-nadu.xls,5766414c82e96d26,census-c01-extract-v1.1.0-20260528T003618Z,C0101,33,608,00000,000000,District - Salem,total,hindu,females,1621906
census-india-2011,sources/census-2011/c-series/state-mdds/c01-33-tamil-nadu.xls,5766414c82e96d26,census-c01-extract-v1.1.0-20260528T003618Z,C0101,33,608,00000,000000,District - Salem,total,muslim,persons,95487
census-india-2011,sources/census-2011/c-series/state-mdds/c01-33-tamil-nadu.xls,5766414c82e96d26,census-c01-extract-v1.1.0-20260528T003618Z,C0101,33,608,00000,000000,District - Salem,total,muslim,males,47581
census-india-2011,sources/census-2011/c-series/state-mdds/c01-33-tamil-nadu.xls,5766414c82e96d26,census-c01-extract-v1.1.0-20260528T003618Z,C0101,33,608,00000,000000,District - Salem,total,muslim,females,47906
census-india-2011,sources/census-2011/c-series/state-mdds/c01-33-tamil-nadu.xls,5766414c82e96d26,census-c01-extract-v1.1.0-20260528T003618Z,C0101,33,608,00000,000000,District - Salem,total,christian,persons,53841
census-india-2011,sources/census-2011/c-series/state-mdds/c01-33-tamil-nadu.xls,5766414c82e96d26,census-c01-extract-v1.1.0-20260528T003618Z,C0101,33,608,00000,000000,District - Salem,total,christian,males,26134
census-india-2011,sources/census-2011/c-series/state-mdds/c01-33-tamil-nadu.xls,5766414c82e96d26,census-c01-extract-v1.1.0-20260528T003618Z,C0101,33,608,00000,000000,District - Salem,total,christian,females,27707
census-india-2011,sources/census-2011/c-series/state-mdds/c01-33-tamil-nadu.xls,5766414c82e96d26,census-c01-extract-v1.1.0-20260528T003618Z,C0101,33,608,00000,000000,District - Salem,total,sikh,persons,412
census-india-2011,sources/census-2011/c-series/state-mdds/c01-33-tamil-nadu.xls,5766414c82e96d26,census-c01-extract-v1.1.0-20260528T003618Z,C0101,33,608,00000,000000,District - Salem,total,sikh,males,235
census-india-2011,sources/census-2011/c-series/state-mdds/c01-33-tamil-nadu.xls,5766414c82e96d26,census-c01-extract-v1.1.0-20260528T003618Z,C0101,33,608,00000,000000,District - Salem,total,sikh,females,177
census-india-2011,sources/census-2011/c-series/state-mdds/c01-33-tamil-nadu.xls,5766414c82e96d26,census-c01-extract-v1.1.0-20260528T003618Z,C0101,33,608,00000,000000,District - Salem,total,buddhist,persons,174
census-india-2011,sources/census-2011/c-series/state-mdds/c01-33-tamil-nadu.xls,5766414c82e96d26,census-c01-extract-v1.1.0-20260528T003618Z,C0101,33,608,00000,000000,District - Salem,total,buddhist,males,94
census-india-2011,sources/census-2011/c-series/state-mdds/c01-33-tamil-nadu.xls,5766414c82e96d26,census-c01-extract-v1.1.0-20260528T003618Z,C0101,33,608,00000,000000,District - Salem,total,buddhist,females,80
census-india-2011,sources/census-2011/c-series/state-mdds/c01-33-tamil-nadu.xls,5766414c82e96d26,census-c01-extract-v1.1.0-20260528T003618Z,C0101,33,608,00000,000000,District - Salem,total,jain,persons,992
census-india-2011,sources/census-2011/c-series/state-mdds/c01-33-tamil-nadu.xls,5766414c82e96d26,census-c01-extract-v1.1.0-20260528T003618Z,C0101,33,608,00000,000000,District - Salem,total,jain,males,516
census-india-2011,sources/census-2011/c-series/state-mdds/c01-33-tamil-nadu.xls,5766414c82e96d26,census-c01-extract-v1.1.0-20260528T003618Z,C0101,33,608,00000,000000,District - Salem,total,jain,females,476
census-india-2011,sources/census-2011/c-series/state-mdds/c01-33-tamil-nadu.xls,5766414c82e96d26,census-c01-extract-v1.1.0-20260528T003618Z,C0101,33,608,00000,000000,District - Salem,total,other,persons,246
census-india-2011,sources/census-2011/c-series/state-mdds/c01-33-tamil-nadu.xls,5766414c82e96d26,census-c01-extract-v1.1.0-20260528T003618Z,C0101,33,608,00000,000000,District - Salem,total,other,males,132
census-india-2011,sources/census-2011/c-series/state-mdds/c01-33-tamil-nadu.xls,5766414c82e96d26,census-c01-extract-v1.1.0-20260528T003618Z,C0101,33,608,00000,000000,District - Salem,total,other,females,114
census-india-2011,sources/census-2011/c-series/state-mdds/c01-33-tamil-nadu.xls,5766414c82e96d26,census-c01-extract-v1.1.0-20260528T003618Z,C0101,33,608,00000,000000,District - Salem,total,not_stated,persons,4547
census-india-2011,sources/census-2011/c-series/state-mdds/c01-33-tamil-nadu.xls,5766414c82e96d26,census-c01-extract-v1.1.0-20260528T003618Z,C0101,33,608,00000,000000,District - Salem,total,not_stated,males,2428
census-india-2011,sources/census-2011/c-series/state-mdds/c01-33-tamil-nadu.xls,5766414c82e96d26,census-c01-extract-v1.1.0-20260528T003618Z,C0101,33,608,00000,000000,District - Salem,total,not_stated,females,2119
census-india-2011,sources/census-2011/c-series/state-mdds/c01-33-tamil-nadu.xls,5766414c82e96d26,census-c01-extract-v1.1.0-20260528T003618Z,C0101,33,608,00000,000000,District - Salem,rural,all,persons,1707934
census-india-2011,sources/census-2011/c-series/state-mdds/c01-33-tamil-nadu.xls,5766414c82e96d26,census-c01-extract-v1.1.0-20260528T003618Z,C0101,33,608,00000,000000,District - Salem,rural,all,males,883274
census-india-2011,sources/census-2011/c-series/state-mdds/c01-33-tamil-nadu.xls,5766414c82e96d26,census-c01-extract-v1.1.0-20260528T003618Z,C0101,33,608,00000,000000,District - Salem,rural,all,females,824660
census-india-2011,sources/census-2011/c-series/state-mdds/c01-33-tamil-nadu.xls,5766414c82e96d26,census-c01-extract-v1.1.0-20260528T003618Z,C0101,33,608,00000,000000,District - Salem,rural,hindu,persons,1683726
census-india-2011,sources/census-2011/c-series/state-mdds/c01-33-tamil-nadu.xls,5766414c82e96d26,census-c01-extract-v1.1.0-20260528T003618Z,C0101,33,608,00000,000000,District - Salem,rural,hindu,males,871325
census-india-2011,sources/census-2011/c-series/state-mdds/c01-33-tamil-nadu.xls,5766414c82e96d26,census-c01-extract-v1.1.0-20260528T003618Z,C0101,33,608,00000,000000,District - Salem,rural,hindu,females,812401
census-india-2011,sources/census-2011/c-series/state-mdds/c01-33-tamil-nadu.xls,5766414c82e96d26,census-c01-extract-v1.1.0-20260528T003618Z,C0101,33,608,00000,000000,District - Salem,rural,muslim,persons,8196
census-india-2011,sources/census-2011/c-series/state-mdds/c01-33-tamil-nadu.xls,5766414c82e96d26,census-c01-extract-v1.1.0-20260528T003618Z,C0101,33,608,00000,000000,District - Salem,rural,muslim,males,4121
census-india-2011,sources/census-2011/c-series/state-mdds/c01-33-tamil-nadu.xls,5766414c82e96d26,census-c01-extract-v1.1.0-20260528T003618Z,C0101,33,608,00000,000000,District - Salem,rural,muslim,females,4075
census-india-2011,sources/census-2011/c-series/state-mdds/c01-33-tamil-nadu.xls,5766414c82e96d26,census-c01-extract-v1.1.0-20260528T003618Z,C0101,33,608,00000,000000,District - Salem,rural,christian,persons,14453
census-india-2011,sources/census-2011/c-series/state-mdds/c01-33-tamil-nadu.xls,5766414c82e96d26,census-c01-extract-v1.1.0-20260528T003618Z,C0101,33,608,00000,000000,District - Salem,rural,christian,males,7055
census-india-2011,sources/census-2011/c-series/state-mdds/c01-33-tamil-nadu.xls,5766414c82e96d26,census-c01-extract-v1.1.0-20260528T003618Z,C0101,33,608,00000,000000,District - Salem,rural,christian,females,7398
census-india-2011,sources/census-2011/c-series/state-mdds/c01-33-tamil-nadu.xls,5766414c82e96d26,census-c01-extract-v1.1.0-20260528T003618Z,C0101,33,608,00000,000000,District - Salem,rural,sikh,persons,111
census-india-2011,sources/census-2011/c-series/state-mdds/c01-33-tamil-nadu.xls,5766414c82e96d26,census-c01-extract-v1.1.0-20260528T003618Z,C0101,33,608,00000,000000,District - Salem,rural,sikh,males,64
census-india-2011,sources/census-2011/c-series/state-mdds/c01-33-tamil-nadu.xls,5766414c82e96d26,census-c01-extract-v1.1.0-20260528T003618Z,C0101,33,608,00000,000000,District - Salem,rural,sikh,females,47
census-india-2011,sources/census-2011/c-series/state-mdds/c01-33-tamil-nadu.xls,5766414c82e96d26,census-c01-extract-v1.1.0-20260528T003618Z,C0101,33,608,00000,000000,District - Salem,rural,buddhist,persons,55
census-india-2011,sources/census-2011/c-series/state-mdds/c01-33-tamil-nadu.xls,5766414c82e96d26,census-c01-extract-v1.1.0-20260528T003618Z,C0101,33,608,00000,000000,District - Salem,rural,buddhist,males,27
census-india-2011,sources/census-2011/c-series/state-mdds/c01-33-tamil-nadu.xls,5766414c82e96d26,census-c01-extract-v1.1.0-20260528T003618Z,C0101,33,608,00000,000000,District - Salem,rural,buddhist,females,28
census-india-2011,sources/census-2011/c-series/state-mdds/c01-33-tamil-nadu.xls,5766414c82e96d26,census-c01-extract-v1.1.0-20260528T003618Z,C0101,33,608,00000,000000,District - Salem,rural,jain,persons,25
census-india-2011,sources/census-2011/c-series/state-mdds/c01-33-tamil-nadu.xls,5766414c82e96d26,census-c01-extract-v1.1.0-20260528T003618Z,C0101,33,608,00000,000000,District - Salem,rural,jain,males,10
census-india-2011,sources/census-2011/c-series/state-mdds/c01-33-tamil-nadu.xls,5766414c82e96d26,census-c01-extract-v1.1.0-20260528T003618Z,C0101,33,608,00000,000000,District - Salem,rural,jain,females,15
census-india-2011,sources/census-2011/c-series/state-mdds/c01-33-tamil-nadu.xls,5766414c82e96d26,census-c01-extract-v1.1.0-20260528T003618Z,C0101,33,608,00000,000000,District - Salem,rural,other,persons,75
census-india-2011,sources/census-2011/c-series/state-mdds/c01-33-tamil-nadu.xls,5766414c82e96d26,census-c01-extract-v1.1.0-20260528T003618Z,C0101,33,608,00000,000000,District - Salem,rural,other,males,41
census-india-2011,sources/census-2011/c-series/state-mdds/c01-33-tamil-nadu.xls,5766414c82e96d26,census-c01-extract-v1.1.0-20260528T003618Z,C0101,33,608,00000,000000,District - Salem,rural,other,females,34
census-india-2011,sources/census-2011/c-series/state-mdds/c01-33-tamil-nadu.xls,5766414c82e96d26,census-c01-extract-v1.1.0-20260528T003618Z,C0101,33,608,00000,000000,District - Salem,rural,not_stated,persons,1293
census-india-2011,sources/census-2011/c-series/state-mdds/c01-33-tamil-nadu.xls,5766414c82e96d26,census-c01-extract-v1.1.0-20260528T003618Z,C0101,33,608,00000,000000,District - Salem,rural,not_stated,males,631
census-india-2011,sources/census-2011/c-series/state-mdds/c01-33-tamil-nadu.xls,5766414c82e96d26,census-c01-extract-v1.1.0-20260528T003618Z,C0101,33,608,00000,000000,District - Salem,rural,not_stated,females,662
census-india-2011,sources/census-2011/c-series/state-mdds/c01-33-tamil-nadu.xls,5766414c82e96d26,census-c01-extract-v1.1.0-20260528T003618Z,C0101,33,608,00000,000000,District - Salem,urban,all,persons,1774122
census-india-2011,sources/census-2011/c-series/state-mdds/c01-33-tamil-nadu.xls,5766414c82e96d26,census-c01-extract-v1.1.0-20260528T003618Z,C0101,33,608,00000,000000,District - Salem,urban,all,males,898297
census-india-2011,sources/census-2011/c-series/state-mdds/c01-33-tamil-nadu.xls,5766414c82e96d26,census-c01-extract-v1.1.0-20260528T003618Z,C0101,33,608,00000,000000,District - Salem,urban,all,females,875825
census-india-2011,sources/census-2011/c-series/state-mdds/c01-33-tamil-nadu.xls,5766414c82e96d26,census-c01-extract-v1.1.0-20260528T003618Z,C0101,33,608,00000,000000,District - Salem,urban,hindu,persons,1642631
census-india-2011,sources/census-2011/c-series/state-mdds/c01-33-tamil-nadu.xls,5766414c82e96d26,census-c01-extract-v1.1.0-20260528T003618Z,C0101,33,608,00000,000000,District - Salem,urban,hindu,males,833126
census-india-2011,sources/census-2011/c-series/state-mdds/c01-33-tamil-nadu.xls,5766414c82e96d26,census-c01-extract-v1.1.0-20260528T003618Z,C0101,33,608,00000,000000,District - Salem,urban,hindu,females,809505
census-india-2011,sources/census-2011/c-series/state-mdds/c01-33-tamil-nadu.xls,5766414c82e96d26,census-c01-extract-v1.1.0-20260528T003618Z,C0101,33,608,00000,000000,District - Salem,urban,muslim,persons,87291
census-india-2011,sources/census-2011/c-series/state-mdds/c01-33-tamil-nadu.xls,5766414c82e96d26,census-c01-extract-v1.1.0-20260528T003618Z,C0101,33,608,00000,000000,District - Salem,urban,muslim,males,43460
census-india-2011,sources/census-2011/c-series/state-mdds/c01-33-tamil-nadu.xls,5766414c82e96d26,census-c01-extract-v1.1.0-20260528T003618Z,C0101,33,608,00000,000000,District - Salem,urban,muslim,females,43831
census-india-2011,sources/census-2011/c-series/state-mdds/c01-33-tamil-nadu.xls,5766414c82e96d26,census-c01-extract-v1.1.0-20260528T003618Z,C0101,33,608,00000,000000,District - Salem,urban,christian,persons,39388
census-india-2011,sources/census-2011/c-series/state-mdds/c01-33-tamil-nadu.xls,5766414c82e96d26,census-c01-extract-v1.1.0-20260528T003618Z,C0101,33,608,00000,000000,District - Salem,urban,christian,males,19079
census-india-2011,sources/census-2011/c-series/state-mdds/c01-33-tamil-nadu.xls,5766414c82e96d26,census-c01-extract-v1.1.0-20260528T003618Z,C0101,33,608,00000,000000,District - Salem,urban,christian,females,20309
census-india-2011,sources/census-2011/c-series/state-mdds/c01-33-tamil-nadu.xls,5766414c82e96d26,census-c01-extract-v1.1.0-20260528T003618Z,C0101,33,608,00000,000000,District - Salem,urban,sikh,persons,301
census-india-2011,sources/census-2011/c-series/state-mdds/c01-33-tamil-nadu.xls,5766414c82e96d26,census-c01-extract-v1.1.0-20260528T003618Z,C0101,33,608,00000,000000,District - Salem,urban,sikh,males,171
census-india-2011,sources/census-2011/c-series/state-mdds/c01-33-tamil-nadu.xls,5766414c82e96d26,census-c01-extract-v1.1.0-20260528T003618Z,C0101,33,608,00000,000000,District - Salem,urban,sikh,females,130
census-india-2011,sources/census-2011/c-series/state-mdds/c01-33-tamil-nadu.xls,5766414c82e96d26,census-c01-extract-v1.1.0-20260528T003618Z,C0101,33,608,00000,000000,District - Salem,urban,buddhist,persons,119
census-india-2011,sources/census-2011/c-series/state-mdds/c01-33-tamil-nadu.xls,5766414c82e96d26,census-c01-extract-v1.1.0-20260528T003618Z,C0101,33,608,00000,000000,District - Salem,urban,buddhist,males,67
census-india-2011,sources/census-2011/c-series/state-mdds/c01-33-tamil-nadu.xls,5766414c82e96d26,census-c01-extract-v1.1.0-20260528T003618Z,C0101,33,608,00000,000000,District - Salem,urban,buddhist,females,52
census-india-2011,sources/census-2011/c-series/state-mdds/c01-33-tamil-nadu.xls,5766414c82e96d26,census-c01-extract-v1.1.0-20260528T003618Z,C0101,33,608,00000,000000,District - Salem,urban,jain,persons,967
census-india-2011,sources/census-2011/c-series/state-mdds/c01-33-tamil-nadu.xls,5766414c82e96d26,census-c01-extract-v1.1.0-20260528T003618Z,C0101,33,608,00000,000000,District - Salem,urban,jain,males,506
census-india-2011,sources/census-2011/c-series/state-mdds/c01-33-tamil-nadu.xls,5766414c82e96d26,census-c01-extract-v1.1.0-20260528T003618Z,C0101,33,608,00000,000000,District - Salem,urban,jain,females,461
census-india-2011,sources/census-2011/c-series/state-mdds/c01-33-tamil-nadu.xls,5766414c82e96d26,census-c01-extract-v1.1.0-20260528T003618Z,C0101,33,608,00000,000000,District - Salem,urban,other,persons,171
census-india-2011,sources/census-2011/c-series/state-mdds/c01-33-tamil-nadu.xls,5766414c82e96d26,census-c01-extract-v1.1.0-20260528T003618Z,C0101,33,608,00000,000000,District - Salem,urban,other,males,91
census-india-2011,sources/census-2011/c-series/state-mdds/c01-33-tamil-nadu.xls,5766414c82e96d26,census-c01-extract-v1.1.0-20260528T003618Z,C0101,33,608,00000,000000,District - Salem,urban,other,females,80
census-india-2011,sources/census-2011/c-series/state-mdds/c01-33-tamil-nadu.xls,5766414c82e96d26,census-c01-extract-v1.1.0-20260528T003618Z,C0101,33,608,00000,000000,District - Salem,urban,not_stated,persons,3254
census-india-2011,sources/census-2011/c-series/state-mdds/c01-33-tamil-nadu.xls,5766414c82e96d26,census-c01-extract-v1.1.0-20260528T003618Z,C0101,33,608,00000,000000,District - Salem,urban,not_stated,males,1797
census-india-2011,sources/census-2011/c-series/state-mdds/c01-33-tamil-nadu.xls,5766414c82e96d26,census-c01-extract-v1.1.0-20260528T003618Z,C0101,33,608,00000,000000,District - Salem,urban,not_stated,females,1457
census-india-2011,sources/census-2011/c-series/state-mdds/c01-33-tamil-nadu.xls,5766414c82e96d26,census-c01-extract-v1.1.0-20260528T003618Z,C0101,33,609,00000,000000,District - Namakkal,total,all,persons,1726601
census-india-2011,sources/census-2011/c-series/state-mdds/c01-33-tamil-nadu.xls,5766414c82e96d26,census-c01-extract-v1.1.0-20260528T003618Z,C0101,33,609,00000,000000,District - Namakkal,total,all,males,869280
census-india-2011,sources/census-2011/c-series/state-mdds/c01-33-tamil-nadu.xls,5766414c82e96d26,census-c01-extract-v1.1.0-20260528T003618Z,C0101,33,609,00000,000000,District - Namakkal,total,all,females,857321
census-india-2011,sources/census-2011/c-series/state-mdds/c01-33-tamil-nadu.xls,5766414c82e96d26,census-c01-extract-v1.1.0-20260528T003618Z,C0101,33,609,00000,000000,District - Namakkal,total,hindu,persons,1673652
census-india-2011,sources/census-2011/c-series/state-mdds/c01-33-tamil-nadu.xls,5766414c82e96d26,census-c01-extract-v1.1.0-20260528T003618Z,C0101,33,609,00000,000000,District - Namakkal,total,hindu,males,842438
census-india-2011,sources/census-2011/c-series/state-mdds/c01-33-tamil-nadu.xls,5766414c82e96d26,census-c01-extract-v1.1.0-20260528T003618Z,C0101,33,609,00000,000000,District - Namakkal,total,hindu,females,831214
census-india-2011,sources/census-2011/c-series/state-mdds/c01-33-tamil-nadu.xls,5766414c82e96d26,census-c01-extract-v1.1.0-20260528T003618Z,C0101,33,609,00000,000000,District - Namakkal,total,muslim,persons,32483
census-india-2011,sources/census-2011/c-series/state-mdds/c01-33-tamil-nadu.xls,5766414c82e96d26,census-c01-extract-v1.1.0-20260528T003618Z,C0101,33,609,00000,000000,District - Namakkal,total,muslim,males,16350
census-india-2011,sources/census-2011/c-series/state-mdds/c01-33-tamil-nadu.xls,5766414c82e96d26,census-c01-extract-v1.1.0-20260528T003618Z,C0101,33,609,00000,000000,District - Namakkal,total,muslim,females,16133
census-india-2011,sources/census-2011/c-series/state-mdds/c01-33-tamil-nadu.xls,5766414c82e96d26,census-c01-extract-v1.1.0-20260528T003618Z,C0101,33,609,00000,000000,District - Namakkal,total,christian,persons,16909
census-india-2011,sources/census-2011/c-series/state-mdds/c01-33-tamil-nadu.xls,5766414c82e96d26,census-c01-extract-v1.1.0-20260528T003618Z,C0101,33,609,00000,000000,District - Namakkal,total,christian,males,8342
census-india-2011,sources/census-2011/c-series/state-mdds/c01-33-tamil-nadu.xls,5766414c82e96d26,census-c01-extract-v1.1.0-20260528T003618Z,C0101,33,609,00000,000000,District - Namakkal,total,christian,females,8567
census-india-2011,sources/census-2011/c-series/state-mdds/c01-33-tamil-nadu.xls,5766414c82e96d26,census-c01-extract-v1.1.0-20260528T003618Z,C0101,33,609,00000,000000,District - Namakkal,total,sikh,persons,183
census-india-2011,sources/census-2011/c-series/state-mdds/c01-33-tamil-nadu.xls,5766414c82e96d26,census-c01-extract-v1.1.0-20260528T003618Z,C0101,33,609,00000,000000,District - Namakkal,total,sikh,males,103
census-india-2011,sources/census-2011/c-series/state-mdds/c01-33-tamil-nadu.xls,5766414c82e96d26,census-c01-extract-v1.1.0-20260528T003618Z,C0101,33,609,00000,000000,District - Namakkal,total,sikh,females,80
census-india-2011,sources/census-2011/c-series/state-mdds/c01-33-tamil-nadu.xls,5766414c82e96d26,census-c01-extract-v1.1.0-20260528T003618Z,C0101,33,609,00000,000000,District - Namakkal,total,buddhist,persons,108
census-india-2011,sources/census-2011/c-series/state-mdds/c01-33-tamil-nadu.xls,5766414c82e96d26,census-c01-extract-v1.1.0-20260528T003618Z,C0101,33,609,00000,000000,District - Namakkal,total,buddhist,males,62
census-india-2011,sources/census-2011/c-series/state-mdds/c01-33-tamil-nadu.xls,5766414c82e96d26,census-c01-extract-v1.1.0-20260528T003618Z,C0101,33,609,00000,000000,District - Namakkal,total,buddhist,females,46
census-india-2011,sources/census-2011/c-series/state-mdds/c01-33-tamil-nadu.xls,5766414c82e96d26,census-c01-extract-v1.1.0-20260528T003618Z,C0101,33,609,00000,000000,District - Namakkal,total,jain,persons,84
census-india-2011,sources/census-2011/c-series/state-mdds/c01-33-tamil-nadu.xls,5766414c82e96d26,census-c01-extract-v1.1.0-20260528T003618Z,C0101,33,609,00000,000000,District - Namakkal,total,jain,males,51
census-india-2011,sources/census-2011/c-series/state-mdds/c01-33-tamil-nadu.xls,5766414c82e96d26,census-c01-extract-v1.1.0-20260528T003618Z,C0101,33,609,00000,000000,District - Namakkal,total,jain,females,33
census-india-2011,sources/census-2011/c-series/state-mdds/c01-33-tamil-nadu.xls,5766414c82e96d26,census-c01-extract-v1.1.0-20260528T003618Z,C0101,33,609,00000,000000,District - Namakkal,total,other,persons,199
census-india-2011,sources/census-2011/c-series/state-mdds/c01-33-tamil-nadu.xls,5766414c82e96d26,census-c01-extract-v1.1.0-20260528T003618Z,C0101,33,609,00000,000000,District - Namakkal,total,other,males,77
census-india-2011,sources/census-2011/c-series/state-mdds/c01-33-tamil-nadu.xls,5766414c82e96d26,census-c01-extract-v1.1.0-20260528T003618Z,C0101,33,609,00000,000000,District - Namakkal,total,other,females,122
census-india-2011,sources/census-2011/c-series/state-mdds/c01-33-tamil-nadu.xls,5766414c82e96d26,census-c01-extract-v1.1.0-20260528T003618Z,C0101,33,609,00000,000000,District - Namakkal,total,not_stated,persons,2983
census-india-2011,sources/census-2011/c-series/state-mdds/c01-33-tamil-nadu.xls,5766414c82e96d26,census-c01-extract-v1.1.0-20260528T003618Z,C0101,33,609,00000,000000,District - Namakkal,total,not_stated,males,1857
census-india-2011,sources/census-2011/c-series/state-mdds/c01-33-tamil-nadu.xls,5766414c82e96d26,census-c01-extract-v1.1.0-20260528T003618Z,C0101,33,609,00000,000000,District - Namakkal,total,not_stated,females,1126
census-india-2011,sources/census-2011/c-series/state-mdds/c01-33-tamil-nadu.xls,5766414c82e96d26,census-c01-extract-v1.1.0-20260528T003618Z,C0101,33,609,00000,000000,District - Namakkal,rural,all,persons,1030476
census-india-2011,sources/census-2011/c-series/state-mdds/c01-33-tamil-nadu.xls,5766414c82e96d26,census-c01-extract-v1.1.0-20260528T003618Z,C0101,33,609,00000,000000,District - Namakkal,rural,all,males,520684
census-india-2011,sources/census-2011/c-series/state-mdds/c01-33-tamil-nadu.xls,5766414c82e96d26,census-c01-extract-v1.1.0-20260528T003618Z,C0101,33,609,00000,000000,District - Namakkal,rural,all,females,509792
census-india-2011,sources/census-2011/c-series/state-mdds/c01-33-tamil-nadu.xls,5766414c82e96d26,census-c01-extract-v1.1.0-20260528T003618Z,C0101,33,609,00000,000000,District - Namakkal,rural,hindu,persons,1009301
census-india-2011,sources/census-2011/c-series/state-mdds/c01-33-tamil-nadu.xls,5766414c82e96d26,census-c01-extract-v1.1.0-20260528T003618Z,C0101,33,609,00000,000000,District - Namakkal,rural,hindu,males,509581
census-india-2011,sources/census-2011/c-series/state-mdds/c01-33-tamil-nadu.xls,5766414c82e96d26,census-c01-extract-v1.1.0-20260528T003618Z,C0101,33,609,00000,000000,District - Namakkal,rural,hindu,females,499720
census-india-2011,sources/census-2011/c-series/state-mdds/c01-33-tamil-nadu.xls,5766414c82e96d26,census-c01-extract-v1.1.0-20260528T003618Z,C0101,33,609,00000,000000,District - Namakkal,rural,muslim,persons,10278
census-india-2011,sources/census-2011/c-series/state-mdds/c01-33-tamil-nadu.xls,5766414c82e96d26,census-c01-extract-v1.1.0-20260528T003618Z,C0101,33,609,00000,000000,District - Namakkal,rural,muslim,males,5334
census-india-2011,sources/census-2011/c-series/state-mdds/c01-33-tamil-nadu.xls,5766414c82e96d26,census-c01-extract-v1.1.0-20260528T003618Z,C0101,33,609,00000,000000,District - Namakkal,rural,muslim,females,4944
census-india-2011,sources/census-2011/c-series/state-mdds/c01-33-tamil-nadu.xls,5766414c82e96d26,census-c01-extract-v1.1.0-20260528T003618Z,C0101,33,609,00000,000000,District - Namakkal,rural,christian,persons,8141
census-india-2011,sources/census-2011/c-series/state-mdds/c01-33-tamil-nadu.xls,5766414c82e96d26,census-c01-extract-v1.1.0-20260528T003618Z,C0101,33,609,00000,000000,District - Namakkal,rural,christian,males,4061
census-india-2011,sources/census-2011/c-series/state-mdds/c01-33-tamil-nadu.xls,5766414c82e96d26,census-c01-extract-v1.1.0-20260528T003618Z,C0101,33,609,00000,000000,District - Namakkal,rural,christian,females,4080
census-india-2011,sources/census-2011/c-series/state-mdds/c01-33-tamil-nadu.xls,5766414c82e96d26,census-c01-extract-v1.1.0-20260528T003618Z,C0101,33,609,00000,000000,District - Namakkal,rural,sikh,persons,100
census-india-2011,sources/census-2011/c-series/state-mdds/c01-33-tamil-nadu.xls,5766414c82e96d26,census-c01-extract-v1.1.0-20260528T003618Z,C0101,33,609,00000,000000,District - Namakkal,rural,sikh,males,58
census-india-2011,sources/census-2011/c-series/state-mdds/c01-33-tamil-nadu.xls,5766414c82e96d26,census-c01-extract-v1.1.0-20260528T003618Z,C0101,33,609,00000,000000,District - Namakkal,rural,sikh,females,42
census-india-2011,sources/census-2011/c-series/state-mdds/c01-33-tamil-nadu.xls,5766414c82e96d26,census-c01-extract-v1.1.0-20260528T003618Z,C0101,33,609,00000,000000,District - Namakkal,rural,buddhist,persons,83
census-india-2011,sources/census-2011/c-series/state-mdds/c01-33-tamil-nadu.xls,5766414c82e96d26,census-c01-extract-v1.1.0-20260528T003618Z,C0101,33,609,00000,000000,District - Namakkal,rural,buddhist,males,51
census-india-2011,sources/census-2011/c-series/state-mdds/c01-33-tamil-nadu.xls,5766414c82e96d26,census-c01-extract-v1.1.0-20260528T003618Z,C0101,33,609,00000,000000,District - Namakkal,rural,buddhist,females,32
census-india-2011,sources/census-2011/c-series/state-mdds/c01-33-tamil-nadu.xls,5766414c82e96d26,census-c01-extract-v1.1.0-20260528T003618Z,C0101,33,609,00000,000000,District - Namakkal,rural,jain,persons,65
census-india-2011,sources/census-2011/c-series/state-mdds/c01-33-tamil-nadu.xls,5766414c82e96d26,census-c01-extract-v1.1.0-20260528T003618Z,C0101,33,609,00000,000000,District - Namakkal,rural,jain,males,42
census-india-2011,sources/census-2011/c-series/state-mdds/c01-33-tamil-nadu.xls,5766414c82e96d26,census-c01-extract-v1.1.0-20260528T003618Z,C0101,33,609,00000,000000,District - Namakkal,rural,jain,females,23
census-india-2011,sources/census-2011/c-series/state-mdds/c01-33-tamil-nadu.xls,5766414c82e96d26,census-c01-extract-v1.1.0-20260528T003618Z,C0101,33,609,00000,000000,District - Namakkal,rural,other,persons,161
census-india-2011,sources/census-2011/c-series/state-mdds/c01-33-tamil-nadu.xls,5766414c82e96d26,census-c01-extract-v1.1.0-20260528T003618Z,C0101,33,609,00000,000000,District - Namakkal,rural,other,males,58
census-india-2011,sources/census-2011/c-series/state-mdds/c01-33-tamil-nadu.xls,5766414c82e96d26,census-c01-extract-v1.1.0-20260528T003618Z,C0101,33,609,00000,000000,District - Namakkal,rural,other,females,103
census-india-2011,sources/census-2011/c-series/state-mdds/c01-33-tamil-nadu.xls,5766414c82e96d26,census-c01-extract-v1.1.0-20260528T003618Z,C0101,33,609,00000,000000,District - Namakkal,rural,not_stated,persons,2347
census-india-2011,sources/census-2011/c-series/state-mdds/c01-33-tamil-nadu.xls,5766414c82e96d26,census-c01-extract-v1.1.0-20260528T003618Z,C0101,33,609,00000,000000,District - Namakkal,rural,not_stated,males,1499
census-india-2011,sources/census-2011/c-series/state-mdds/c01-33-tamil-nadu.xls,5766414c82e96d26,census-c01-extract-v1.1.0-20260528T003618Z,C0101,33,609,00000,000000,District - Namakkal,rural,not_stated,females,848
census-india-2011,sources/census-2011/c-series/state-mdds/c01-33-tamil-nadu.xls,5766414c82e96d26,census-c01-extract-v1.1.0-20260528T003618Z,C0101,33,609,00000,000000,District - Namakkal,urban,all,persons,696125
census-india-2011,sources/census-2011/c-series/state-mdds/c01-33-tamil-nadu.xls,5766414c82e96d26,census-c01-extract-v1.1.0-20260528T003618Z,C0101,33,609,00000,000000,District - Namakkal,urban,all,males,348596
census-india-2011,sources/census-2011/c-series/state-mdds/c01-33-tamil-nadu.xls,5766414c82e96d26,census-c01-extract-v1.1.0-20260528T003618Z,C0101,33,609,00000,000000,District - Namakkal,urban,all,females,347529
census-india-2011,sources/census-2011/c-series/state-mdds/c01-33-tamil-nadu.xls,5766414c82e96d26,census-c01-extract-v1.1.0-20260528T003618Z,C0101,33,609,00000,000000,District - Namakkal,urban,hindu,persons,664351
census-india-2011,sources/census-2011/c-series/state-mdds/c01-33-tamil-nadu.xls,5766414c82e96d26,census-c01-extract-v1.1.0-20260528T003618Z,C0101,33,609,00000,000000,District - Namakkal,urban,hindu,males,332857
census-india-2011,sources/census-2011/c-series/state-mdds/c01-33-tamil-nadu.xls,5766414c82e96d26,census-c01-extract-v1.1.0-20260528T003618Z,C0101,33,609,00000,000000,District - Namakkal,urban,hindu,females,331494
census-india-2011,sources/census-2011/c-series/state-mdds/c01-33-tamil-nadu.xls,5766414c82e96d26,census-c01-extract-v1.1.0-20260528T003618Z,C0101,33,609,00000,000000,District - Namakkal,urban,muslim,persons,22205
census-india-2011,sources/census-2011/c-series/state-mdds/c01-33-tamil-nadu.xls,5766414c82e96d26,census-c01-extract-v1.1.0-20260528T003618Z,C0101,33,609,00000,000000,District - Namakkal,urban,muslim,males,11016
census-india-2011,sources/census-2011/c-series/state-mdds/c01-33-tamil-nadu.xls,5766414c82e96d26,census-c01-extract-v1.1.0-20260528T003618Z,C0101,33,609,00000,000000,District - Namakkal,urban,muslim,females,11189
census-india-2011,sources/census-2011/c-series/state-mdds/c01-33-tamil-nadu.xls,5766414c82e96d26,census-c01-extract-v1.1.0-20260528T003618Z,C0101,33,609,00000,000000,District - Namakkal,urban,christian,persons,8768
census-india-2011,sources/census-2011/c-series/state-mdds/c01-33-tamil-nadu.xls,5766414c82e96d26,census-c01-extract-v1.1.0-20260528T003618Z,C0101,33,609,00000,000000,District - Namakkal,urban,christian,males,4281
census-india-2011,sources/census-2011/c-series/state-mdds/c01-33-tamil-nadu.xls,5766414c82e96d26,census-c01-extract-v1.1.0-20260528T003618Z,C0101,33,609,00000,000000,District - Namakkal,urban,christian,females,4487
census-india-2011,sources/census-2011/c-series/state-mdds/c01-33-tamil-nadu.xls,5766414c82e96d26,census-c01-extract-v1.1.0-20260528T003618Z,C0101,33,609,00000,000000,District - Namakkal,urban,sikh,persons,83
census-india-2011,sources/census-2011/c-series/state-mdds/c01-33-tamil-nadu.xls,5766414c82e96d26,census-c01-extract-v1.1.0-20260528T003618Z,C0101,33,609,00000,000000,District - Namakkal,urban,sikh,males,45
census-india-2011,sources/census-2011/c-series/state-mdds/c01-33-tamil-nadu.xls,5766414c82e96d26,census-c01-extract-v1.1.0-20260528T003618Z,C0101,33,609,00000,000000,District - Namakkal,urban,sikh,females,38
census-india-2011,sources/census-2011/c-series/state-mdds/c01-33-tamil-nadu.xls,5766414c82e96d26,census-c01-extract-v1.1.0-20260528T003618Z,C0101,33,609,00000,000000,District - Namakkal,urban,buddhist,persons,25
census-india-2011,sources/census-2011/c-series/state-mdds/c01-33-tamil-nadu.xls,5766414c82e96d26,census-c01-extract-v1.1.0-20260528T003618Z,C0101,33,609,00000,000000,District - Namakkal,urban,buddhist,males,11
census-india-2011,sources/census-2011/c-series/state-mdds/c01-33-tamil-nadu.xls,5766414c82e96d26,census-c01-extract-v1.1.0-20260528T003618Z,C0101,33,609,00000,000000,District - Namakkal,urban,buddhist,females,14
census-india-2011,sources/census-2011/c-series/state-mdds/c01-33-tamil-nadu.xls,5766414c82e96d26,census-c01-extract-v1.1.0-20260528T003618Z,C0101,33,609,00000,000000,District - Namakkal,urban,jain,persons,19
census-india-2011,sources/census-2011/c-series/state-mdds/c01-33-tamil-nadu.xls,5766414c82e96d26,census-c01-extract-v1.1.0-20260528T003618Z,C0101,33,609,00000,000000,District - Namakkal,urban,jain,males,9
census-india-2011,sources/census-2011/c-series/state-mdds/c01-33-tamil-nadu.xls,5766414c82e96d26,census-c01-extract-v1.1.0-20260528T003618Z,C0101,33,609,00000,000000,District - Namakkal,urban,jain,females,10
census-india-2011,sources/census-2011/c-series/state-mdds/c01-33-tamil-nadu.xls,5766414c82e96d26,census-c01-extract-v1.1.0-20260528T003618Z,C0101,33,609,00000,000000,District - Namakkal,urban,other,persons,38
census-india-2011,sources/census-2011/c-series/state-mdds/c01-33-tamil-nadu.xls,5766414c82e96d26,census-c01-extract-v1.1.0-20260528T003618Z,C0101,33,609,00000,000000,District - Namakkal,urban,other,males,19
census-india-2011,sources/census-2011/c-series/state-mdds/c01-33-tamil-nadu.xls,5766414c82e96d26,census-c01-extract-v1.1.0-20260528T003618Z,C0101,33,609,00000,000000,District - Namakkal,urban,other,females,19
census-india-2011,sources/census-2011/c-series/state-mdds/c01-33-tamil-nadu.xls,5766414c82e96d26,census-c01-extract-v1.1.0-20260528T003618Z,C0101,33,609,00000,000000,District - Namakkal,urban,not_stated,persons,636
census-india-2011,sources/census-2011/c-series/state-mdds/c01-33-tamil-nadu.xls,5766414c82e96d26,census-c01-extract-v1.1.0-20260528T003618Z,C0101,33,609,00000,000000,District - Namakkal,urban,not_stated,males,358
census-india-2011,sources/census-2011/c-series/state-mdds/c01-33-tamil-nadu.xls,5766414c82e96d26,census-c01-extract-v1.1.0-20260528T003618Z,C0101,33,609,00000,000000,District - Namakkal,urban,not_stated,females,278
census-india-2011,sources/census-2011/c-series/state-mdds/c01-33-tamil-nadu.xls,5766414c82e96d26,census-c01-extract-v1.1.0-20260528T003618Z,C0101,33,610,00000,000000,District - Erode,total,all,persons,2251744
census-india-2011,sources/census-2011/c-series/state-mdds/c01-33-tamil-nadu.xls,5766414c82e96d26,census-c01-extract-v1.1.0-20260528T003618Z,C0101,33,610,00000,000000,District - Erode,total,all,males,1129868
census-india-2011,sources/census-2011/c-series/state-mdds/c01-33-tamil-nadu.xls,5766414c82e96d26,census-c01-extract-v1.1.0-20260528T003618Z,C0101,33,610,00000,000000,District - Erode,total,all,females,1121876
census-india-2011,sources/census-2011/c-series/state-mdds/c01-33-tamil-nadu.xls,5766414c82e96d26,census-c01-extract-v1.1.0-20260528T003618Z,C0101,33,610,00000,000000,District - Erode,total,hindu,persons,2115455
census-india-2011,sources/census-2011/c-series/state-mdds/c01-33-tamil-nadu.xls,5766414c82e96d26,census-c01-extract-v1.1.0-20260528T003618Z,C0101,33,610,00000,000000,District - Erode,total,hindu,males,1062604
census-india-2011,sources/census-2011/c-series/state-mdds/c01-33-tamil-nadu.xls,5766414c82e96d26,census-c01-extract-v1.1.0-20260528T003618Z,C0101,33,610,00000,000000,District - Erode,total,hindu,females,1052851
census-india-2011,sources/census-2011/c-series/state-mdds/c01-33-tamil-nadu.xls,5766414c82e96d26,census-c01-extract-v1.1.0-20260528T003618Z,C0101,33,610,00000,000000,District - Erode,total,muslim,persons,76098
census-india-2011,sources/census-2011/c-series/state-mdds/c01-33-tamil-nadu.xls,5766414c82e96d26,census-c01-extract-v1.1.0-20260528T003618Z,C0101,33,610,00000,000000,District - Erode,total,muslim,males,37833
census-india-2011,sources/census-2011/c-series/state-mdds/c01-33-tamil-nadu.xls,5766414c82e96d26,census-c01-extract-v1.1.0-20260528T003618Z,C0101,33,610,00000,000000,District - Erode,total,muslim,females,38265
census-india-2011,sources/census-2011/c-series/state-mdds/c01-33-tamil-nadu.xls,5766414c82e96d26,census-c01-extract-v1.1.0-20260528T003618Z,C0101,33,610,00000,000000,District - Erode,total,christian,persons,55899
census-india-2011,sources/census-2011/c-series/state-mdds/c01-33-tamil-nadu.xls,5766414c82e96d26,census-c01-extract-v1.1.0-20260528T003618Z,C0101,33,610,00000,000000,District - Erode,total,christian,males,27294
census-india-2011,sources/census-2011/c-series/state-mdds/c01-33-tamil-nadu.xls,5766414c82e96d26,census-c01-extract-v1.1.0-20260528T003618Z,C0101,33,610,00000,000000,District - Erode,total,christian,females,28605
census-india-2011,sources/census-2011/c-series/state-mdds/c01-33-tamil-nadu.xls,5766414c82e96d26,census-c01-extract-v1.1.0-20260528T003618Z,C0101,33,610,00000,000000,District - Erode,total,sikh,persons,435
census-india-2011,sources/census-2011/c-series/state-mdds/c01-33-tamil-nadu.xls,5766414c82e96d26,census-c01-extract-v1.1.0-20260528T003618Z,C0101,33,610,00000,000000,District - Erode,total,sikh,males,242
census-india-2011,sources/census-2011/c-series/state-mdds/c01-33-tamil-nadu.xls,5766414c82e96d26,census-c01-extract-v1.1.0-20260528T003618Z,C0101,33,610,00000,000000,District - Erode,total,sikh,females,193
census-india-2011,sources/census-2011/c-series/state-mdds/c01-33-tamil-nadu.xls,5766414c82e96d26,census-c01-extract-v1.1.0-20260528T003618Z,C0101,33,610,00000,000000,District - Erode,total,buddhist,persons,148
census-india-2011,sources/census-2011/c-series/state-mdds/c01-33-tamil-nadu.xls,5766414c82e96d26,census-c01-extract-v1.1.0-20260528T003618Z,C0101,33,610,00000,000000,District - Erode,total,buddhist,males,73
census-india-2011,sources/census-2011/c-series/state-mdds/c01-33-tamil-nadu.xls,5766414c82e96d26,census-c01-extract-v1.1.0-20260528T003618Z,C0101,33,610,00000,000000,District - Erode,total,buddhist,females,75
census-india-2011,sources/census-2011/c-series/state-mdds/c01-33-tamil-nadu.xls,5766414c82e96d26,census-c01-extract-v1.1.0-20260528T003618Z,C0101,33,610,00000,000000,District - Erode,total,jain,persons,639
census-india-2011,sources/census-2011/c-series/state-mdds/c01-33-tamil-nadu.xls,5766414c82e96d26,census-c01-extract-v1.1.0-20260528T003618Z,C0101,33,610,00000,000000,District - Erode,total,jain,males,324
census-india-2011,sources/census-2011/c-series/state-mdds/c01-33-tamil-nadu.xls,5766414c82e96d26,census-c01-extract-v1.1.0-20260528T003618Z,C0101,33,610,00000,000000,District - Erode,total,jain,females,315
census-india-2011,sources/census-2011/c-series/state-mdds/c01-33-tamil-nadu.xls,5766414c82e96d26,census-c01-extract-v1.1.0-20260528T003618Z,C0101,33,610,00000,000000,District - Erode,total,other,persons,157
census-india-2011,sources/census-2011/c-series/state-mdds/c01-33-tamil-nadu.xls,5766414c82e96d26,census-c01-extract-v1.1.0-20260528T003618Z,C0101,33,610,00000,000000,District - Erode,total,other,males,72
census-india-2011,sources/census-2011/c-series/state-mdds/c01-33-tamil-nadu.xls,5766414c82e96d26,census-c01-extract-v1.1.0-20260528T003618Z,C0101,33,610,00000,000000,District - Erode,total,other,females,85
census-india-2011,sources/census-2011/c-series/state-mdds/c01-33-tamil-nadu.xls,5766414c82e96d26,census-c01-extract-v1.1.0-20260528T003618Z,C0101,33,610,00000,000000,District - Erode,total,not_stated,persons,2913
census-india-2011,sources/census-2011/c-series/state-mdds/c01-33-tamil-nadu.xls,5766414c82e96d26,census-c01-extract-v1.1.0-20260528T003618Z,C0101,33,610,00000,000000,District - Erode,total,not_stated,males,1426
census-india-2011,sources/census-2011/c-series/state-mdds/c01-33-tamil-nadu.xls,5766414c82e96d26,census-c01-extract-v1.1.0-20260528T003618Z,C0101,33,610,00000,000000,District - Erode,total,not_stated,females,1487
census-india-2011,sources/census-2011/c-series/state-mdds/c01-33-tamil-nadu.xls,5766414c82e96d26,census-c01-extract-v1.1.0-20260528T003618Z,C0101,33,610,00000,000000,District - Erode,rural,all,persons,1093768
census-india-2011,sources/census-2011/c-series/state-mdds/c01-33-tamil-nadu.xls,5766414c82e96d26,census-c01-extract-v1.1.0-20260528T003618Z,C0101,33,610,00000,000000,District - Erode,rural,all,males,552393
census-india-2011,sources/census-2011/c-series/state-mdds/c01-33-tamil-nadu.xls,5766414c82e96d26,census-c01-extract-v1.1.0-20260528T003618Z,C0101,33,610,00000,000000,District - Erode,rural,all,females,541375
census-india-2011,sources/census-2011/c-series/state-mdds/c01-33-tamil-nadu.xls,5766414c82e96d26,census-c01-extract-v1.1.0-20260528T003618Z,C0101,33,610,00000,000000,District - Erode,rural,hindu,persons,1062525
census-india-2011,sources/census-2011/c-series/state-mdds/c01-33-tamil-nadu.xls,5766414c82e96d26,census-c01-extract-v1.1.0-20260528T003618Z,C0101,33,610,00000,000000,District - Erode,rural,hindu,males,536938
census-india-2011,sources/census-2011/c-series/state-mdds/c01-33-tamil-nadu.xls,5766414c82e96d26,census-c01-extract-v1.1.0-20260528T003618Z,C0101,33,610,00000,000000,District - Erode,rural,hindu,females,525587
census-india-2011,sources/census-2011/c-series/state-mdds/c01-33-tamil-nadu.xls,5766414c82e96d26,census-c01-extract-v1.1.0-20260528T003618Z,C0101,33,610,00000,000000,District - Erode,rural,muslim,persons,9481
census-india-2011,sources/census-2011/c-series/state-mdds/c01-33-tamil-nadu.xls,5766414c82e96d26,census-c01-extract-v1.1.0-20260528T003618Z,C0101,33,610,00000,000000,District - Erode,rural,muslim,males,4739
census-india-2011,sources/census-2011/c-series/state-mdds/c01-33-tamil-nadu.xls,5766414c82e96d26,census-c01-extract-v1.1.0-20260528T003618Z,C0101,33,610,00000,000000,District - Erode,rural,muslim,females,4742
census-india-2011,sources/census-2011/c-series/state-mdds/c01-33-tamil-nadu.xls,5766414c82e96d26,census-c01-extract-v1.1.0-20260528T003618Z,C0101,33,610,00000,000000,District - Erode,rural,christian,persons,19886
census-india-2011,sources/census-2011/c-series/state-mdds/c01-33-tamil-nadu.xls,5766414c82e96d26,census-c01-extract-v1.1.0-20260528T003618Z,C0101,33,610,00000,000000,District - Erode,rural,christian,males,9753
census-india-2011,sources/census-2011/c-series/state-mdds/c01-33-tamil-nadu.xls,5766414c82e96d26,census-c01-extract-v1.1.0-20260528T003618Z,C0101,33,610,00000,000000,District - Erode,rural,christian,females,10133
census-india-2011,sources/census-2011/c-series/state-mdds/c01-33-tamil-nadu.xls,5766414c82e96d26,census-c01-extract-v1.1.0-20260528T003618Z,C0101,33,610,00000,000000,District - Erode,rural,sikh,persons,152
census-india-2011,sources/census-2011/c-series/state-mdds/c01-33-tamil-nadu.xls,5766414c82e96d26,census-c01-extract-v1.1.0-20260528T003618Z,C0101,33,610,00000,000000,District - Erode,rural,sikh,males,90
census-india-2011,sources/census-2011/c-series/state-mdds/c01-33-tamil-nadu.xls,5766414c82e96d26,census-c01-extract-v1.1.0-20260528T003618Z,C0101,33,610,00000,000000,District - Erode,rural,sikh,females,62
census-india-2011,sources/census-2011/c-series/state-mdds/c01-33-tamil-nadu.xls,5766414c82e96d26,census-c01-extract-v1.1.0-20260528T003618Z,C0101,33,610,00000,000000,District - Erode,rural,buddhist,persons,55
census-india-2011,sources/census-2011/c-series/state-mdds/c01-33-tamil-nadu.xls,5766414c82e96d26,census-c01-extract-v1.1.0-20260528T003618Z,C0101,33,610,00000,000000,District - Erode,rural,buddhist,males,26
census-india-2011,sources/census-2011/c-series/state-mdds/c01-33-tamil-nadu.xls,5766414c82e96d26,census-c01-extract-v1.1.0-20260528T003618Z,C0101,33,610,00000,000000,District - Erode,rural,buddhist,females,29
census-india-2011,sources/census-2011/c-series/state-mdds/c01-33-tamil-nadu.xls,5766414c82e96d26,census-c01-extract-v1.1.0-20260528T003618Z,C0101,33,610,00000,000000,District - Erode,rural,jain,persons,41
census-india-2011,sources/census-2011/c-series/state-mdds/c01-33-tamil-nadu.xls,5766414c82e96d26,census-c01-extract-v1.1.0-20260528T003618Z,C0101,33,610,00000,000000,District - Erode,rural,jain,males,22
census-india-2011,sources/census-2011/c-series/state-mdds/c01-33-tamil-nadu.xls,5766414c82e96d26,census-c01-extract-v1.1.0-20260528T003618Z,C0101,33,610,00000,000000,District - Erode,rural,jain,females,19
census-india-2011,sources/census-2011/c-series/state-mdds/c01-33-tamil-nadu.xls,5766414c82e96d26,census-c01-extract-v1.1.0-20260528T003618Z,C0101,33,610,00000,000000,District - Erode,rural,other,persons,67
census-india-2011,sources/census-2011/c-series/state-mdds/c01-33-tamil-nadu.xls,5766414c82e96d26,census-c01-extract-v1.1.0-20260528T003618Z,C0101,33,610,00000,000000,District - Erode,rural,other,males,29
census-india-2011,sources/census-2011/c-series/state-mdds/c01-33-tamil-nadu.xls,5766414c82e96d26,census-c01-extract-v1.1.0-20260528T003618Z,C0101,33,610,00000,000000,District - Erode,rural,other,females,38
census-india-2011,sources/census-2011/c-series/state-mdds/c01-33-tamil-nadu.xls,5766414c82e96d26,census-c01-extract-v1.1.0-20260528T003618Z,C0101,33,610,00000,000000,District - Erode,rural,not_stated,persons,1561
census-india-2011,sources/census-2011/c-series/state-mdds/c01-33-tamil-nadu.xls,5766414c82e96d26,census-c01-extract-v1.1.0-20260528T003618Z,C0101,33,610,00000,000000,District - Erode,rural,not_stated,males,796
census-india-2011,sources/census-2011/c-series/state-mdds/c01-33-tamil-nadu.xls,5766414c82e96d26,census-c01-extract-v1.1.0-20260528T003618Z,C0101,33,610,00000,000000,District - Erode,rural,not_stated,females,765
census-india-2011,sources/census-2011/c-series/state-mdds/c01-33-tamil-nadu.xls,5766414c82e96d26,census-c01-extract-v1.1.0-20260528T003618Z,C0101,33,610,00000,000000,District - Erode,urban,all,persons,1157976
census-india-2011,sources/census-2011/c-series/state-mdds/c01-33-tamil-nadu.xls,5766414c82e96d26,census-c01-extract-v1.1.0-20260528T003618Z,C0101,33,610,00000,000000,District - Erode,urban,all,males,577475
census-india-2011,sources/census-2011/c-series/state-mdds/c01-33-tamil-nadu.xls,5766414c82e96d26,census-c01-extract-v1.1.0-20260528T003618Z,C0101,33,610,00000,000000,District - Erode,urban,all,females,580501
census-india-2011,sources/census-2011/c-series/state-mdds/c01-33-tamil-nadu.xls,5766414c82e96d26,census-c01-extract-v1.1.0-20260528T003618Z,C0101,33,610,00000,000000,District - Erode,urban,hindu,persons,1052930
census-india-2011,sources/census-2011/c-series/state-mdds/c01-33-tamil-nadu.xls,5766414c82e96d26,census-c01-extract-v1.1.0-20260528T003618Z,C0101,33,610,00000,000000,District - Erode,urban,hindu,males,525666
census-india-2011,sources/census-2011/c-series/state-mdds/c01-33-tamil-nadu.xls,5766414c82e96d26,census-c01-extract-v1.1.0-20260528T003618Z,C0101,33,610,00000,000000,District - Erode,urban,hindu,females,527264
census-india-2011,sources/census-2011/c-series/state-mdds/c01-33-tamil-nadu.xls,5766414c82e96d26,census-c01-extract-v1.1.0-20260528T003618Z,C0101,33,610,00000,000000,District - Erode,urban,muslim,persons,66617
census-india-2011,sources/census-2011/c-series/state-mdds/c01-33-tamil-nadu.xls,5766414c82e96d26,census-c01-extract-v1.1.0-20260528T003618Z,C0101,33,610,00000,000000,District - Erode,urban,muslim,males,33094
census-india-2011,sources/census-2011/c-series/state-mdds/c01-33-tamil-nadu.xls,5766414c82e96d26,census-c01-extract-v1.1.0-20260528T003618Z,C0101,33,610,00000,000000,District - Erode,urban,muslim,females,33523
census-india-2011,sources/census-2011/c-series/state-mdds/c01-33-tamil-nadu.xls,5766414c82e96d26,census-c01-extract-v1.1.0-20260528T003618Z,C0101,33,610,00000,000000,District - Erode,urban,christian,persons,36013
census-india-2011,sources/census-2011/c-series/state-mdds/c01-33-tamil-nadu.xls,5766414c82e96d26,census-c01-extract-v1.1.0-20260528T003618Z,C0101,33,610,00000,000000,District - Erode,urban,christian,males,17541
census-india-2011,sources/census-2011/c-series/state-mdds/c01-33-tamil-nadu.xls,5766414c82e96d26,census-c01-extract-v1.1.0-20260528T003618Z,C0101,33,610,00000,000000,District - Erode,urban,christian,females,18472
census-india-2011,sources/census-2011/c-series/state-mdds/c01-33-tamil-nadu.xls,5766414c82e96d26,census-c01-extract-v1.1.0-20260528T003618Z,C0101,33,610,00000,000000,District - Erode,urban,sikh,persons,283
census-india-2011,sources/census-2011/c-series/state-mdds/c01-33-tamil-nadu.xls,5766414c82e96d26,census-c01-extract-v1.1.0-20260528T003618Z,C0101,33,610,00000,000000,District - Erode,urban,sikh,males,152
census-india-2011,sources/census-2011/c-series/state-mdds/c01-33-tamil-nadu.xls,5766414c82e96d26,census-c01-extract-v1.1.0-20260528T003618Z,C0101,33,610,00000,000000,District - Erode,urban,sikh,females,131
census-india-2011,sources/census-2011/c-series/state-mdds/c01-33-tamil-nadu.xls,5766414c82e96d26,census-c01-extract-v1.1.0-20260528T003618Z,C0101,33,610,00000,000000,District - Erode,urban,buddhist,persons,93
census-india-2011,sources/census-2011/c-series/state-mdds/c01-33-tamil-nadu.xls,5766414c82e96d26,census-c01-extract-v1.1.0-20260528T003618Z,C0101,33,610,00000,000000,District - Erode,urban,buddhist,males,47
census-india-2011,sources/census-2011/c-series/state-mdds/c01-33-tamil-nadu.xls,5766414c82e96d26,census-c01-extract-v1.1.0-20260528T003618Z,C0101,33,610,00000,000000,District - Erode,urban,buddhist,females,46
census-india-2011,sources/census-2011/c-series/state-mdds/c01-33-tamil-nadu.xls,5766414c82e96d26,census-c01-extract-v1.1.0-20260528T003618Z,C0101,33,610,00000,000000,District - Erode,urban,jain,persons,598
census-india-2011,sources/census-2011/c-series/state-mdds/c01-33-tamil-nadu.xls,5766414c82e96d26,census-c01-extract-v1.1.0-20260528T003618Z,C0101,33,610,00000,000000,District - Erode,urban,jain,males,302
census-india-2011,sources/census-2011/c-series/state-mdds/c01-33-tamil-nadu.xls,5766414c82e96d26,census-c01-extract-v1.1.0-20260528T003618Z,C0101,33,610,00000,000000,District - Erode,urban,jain,females,296
census-india-2011,sources/census-2011/c-series/state-mdds/c01-33-tamil-nadu.xls,5766414c82e96d26,census-c01-extract-v1.1.0-20260528T003618Z,C0101,33,610,00000,000000,District - Erode,urban,other,persons,90
census-india-2011,sources/census-2011/c-series/state-mdds/c01-33-tamil-nadu.xls,5766414c82e96d26,census-c01-extract-v1.1.0-20260528T003618Z,C0101,33,610,00000,000000,District - Erode,urban,other,males,43
census-india-2011,sources/census-2011/c-series/state-mdds/c01-33-tamil-nadu.xls,5766414c82e96d26,census-c01-extract-v1.1.0-20260528T003618Z,C0101,33,610,00000,000000,District - Erode,urban,other,females,47
census-india-2011,sources/census-2011/c-series/state-mdds/c01-33-tamil-nadu.xls,5766414c82e96d26,census-c01-extract-v1.1.0-20260528T003618Z,C0101,33,610,00000,000000,District - Erode,urban,not_stated,persons,1352
census-india-2011,sources/census-2011/c-series/state-mdds/c01-33-tamil-nadu.xls,5766414c82e96d26,census-c01-extract-v1.1.0-20260528T003618Z,C0101,33,610,00000,000000,District - Erode,urban,not_stated,males,630
census-india-2011,sources/census-2011/c-series/state-mdds/c01-33-tamil-nadu.xls,5766414c82e96d26,census-c01-extract-v1.1.0-20260528T003618Z,C0101,33,610,00000,000000,District - Erode,urban,not_stated,females,722
census-india-2011,sources/census-2011/c-series/state-mdds/c01-33-tamil-nadu.xls,5766414c82e96d26,census-c01-extract-v1.1.0-20260528T003618Z,C0101,33,611,00000,000000,District - The Nilgiris,total,all,persons,735394
census-india-2011,sources/census-2011/c-series/state-mdds/c01-33-tamil-nadu.xls,5766414c82e96d26,census-c01-extract-v1.1.0-20260528T003618Z,C0101,33,611,00000,000000,District - The Nilgiris,total,all,males,360143
census-india-2011,sources/census-2011/c-series/state-mdds/c01-33-tamil-nadu.xls,5766414c82e96d26,census-c01-extract-v1.1.0-20260528T003618Z,C0101,33,611,00000,000000,District - The Nilgiris,total,all,females,375251
census-india-2011,sources/census-2011/c-series/state-mdds/c01-33-tamil-nadu.xls,5766414c82e96d26,census-c01-extract-v1.1.0-20260528T003618Z,C0101,33,611,00000,000000,District - The Nilgiris,total,hindu,persons,569477
census-india-2011,sources/census-2011/c-series/state-mdds/c01-33-tamil-nadu.xls,5766414c82e96d26,census-c01-extract-v1.1.0-20260528T003618Z,C0101,33,611,00000,000000,District - The Nilgiris,total,hindu,males,279922
census-india-2011,sources/census-2011/c-series/state-mdds/c01-33-tamil-nadu.xls,5766414c82e96d26,census-c01-extract-v1.1.0-20260528T003618Z,C0101,33,611,00000,000000,District - The Nilgiris,total,hindu,females,289555
census-india-2011,sources/census-2011/c-series/state-mdds/c01-33-tamil-nadu.xls,5766414c82e96d26,census-c01-extract-v1.1.0-20260528T003618Z,C0101,33,611,00000,000000,District - The Nilgiris,total,muslim,persons,78452
census-india-2011,sources/census-2011/c-series/state-mdds/c01-33-tamil-nadu.xls,5766414c82e96d26,census-c01-extract-v1.1.0-20260528T003618Z,C0101,33,611,00000,000000,District - The Nilgiris,total,muslim,males,38185
census-india-2011,sources/census-2011/c-series/state-mdds/c01-33-tamil-nadu.xls,5766414c82e96d26,census-c01-extract-v1.1.0-20260528T003618Z,C0101,33,611,00000,000000,District - The Nilgiris,total,muslim,females,40267
census-india-2011,sources/census-2011/c-series/state-mdds/c01-33-tamil-nadu.xls,5766414c82e96d26,census-c01-extract-v1.1.0-20260528T003618Z,C0101,33,611,00000,000000,District - The Nilgiris,total,christian,persons,84610
census-india-2011,sources/census-2011/c-series/state-mdds/c01-33-tamil-nadu.xls,5766414c82e96d26,census-c01-extract-v1.1.0-20260528T003618Z,C0101,33,611,00000,000000,District - The Nilgiris,total,christian,males,40603
census-india-2011,sources/census-2011/c-series/state-mdds/c01-33-tamil-nadu.xls,5766414c82e96d26,census-c01-extract-v1.1.0-20260528T003618Z,C0101,33,611,00000,000000,District - The Nilgiris,total,christian,females,44007
census-india-2011,sources/census-2011/c-series/state-mdds/c01-33-tamil-nadu.xls,5766414c82e96d26,census-c01-extract-v1.1.0-20260528T003618Z,C0101,33,611,00000,000000,District - The Nilgiris,total,sikh,persons,338
census-india-2011,sources/census-2011/c-series/state-mdds/c01-33-tamil-nadu.xls,5766414c82e96d26,census-c01-extract-v1.1.0-20260528T003618Z,C0101,33,611,00000,000000,District - The Nilgiris,total,sikh,males,184
census-india-2011,sources/census-2011/c-series/state-mdds/c01-33-tamil-nadu.xls,5766414c82e96d26,census-c01-extract-v1.1.0-20260528T003618Z,C0101,33,611,00000,000000,District - The Nilgiris,total,sikh,females,154
census-india-2011,sources/census-2011/c-series/state-mdds/c01-33-tamil-nadu.xls,5766414c82e96d26,census-c01-extract-v1.1.0-20260528T003618Z,C0101,33,611,00000,000000,District - The Nilgiris,total,buddhist,persons,382
census-india-2011,sources/census-2011/c-series/state-mdds/c01-33-tamil-nadu.xls,5766414c82e96d26,census-c01-extract-v1.1.0-20260528T003618Z,C0101,33,611,00000,000000,District - The Nilgiris,total,buddhist,males,181
census-india-2011,sources/census-2011/c-series/state-mdds/c01-33-tamil-nadu.xls,5766414c82e96d26,census-c01-extract-v1.1.0-20260528T003618Z,C0101,33,611,00000,000000,District - The Nilgiris,total,buddhist,females,201
census-india-2011,sources/census-2011/c-series/state-mdds/c01-33-tamil-nadu.xls,5766414c82e96d26,census-c01-extract-v1.1.0-20260528T003618Z,C0101,33,611,00000,000000,District - The Nilgiris,total,jain,persons,910
census-india-2011,sources/census-2011/c-series/state-mdds/c01-33-tamil-nadu.xls,5766414c82e96d26,census-c01-extract-v1.1.0-20260528T003618Z,C0101,33,611,00000,000000,District - The Nilgiris,total,jain,males,467
census-india-2011,sources/census-2011/c-series/state-mdds/c01-33-tamil-nadu.xls,5766414c82e96d26,census-c01-extract-v1.1.0-20260528T003618Z,C0101,33,611,00000,000000,District - The Nilgiris,total,jain,females,443
census-india-2011,sources/census-2011/c-series/state-mdds/c01-33-tamil-nadu.xls,5766414c82e96d26,census-c01-extract-v1.1.0-20260528T003618Z,C0101,33,611,00000,000000,District - The Nilgiris,total,other,persons,87
census-india-2011,sources/census-2011/c-series/state-mdds/c01-33-tamil-nadu.xls,5766414c82e96d26,census-c01-extract-v1.1.0-20260528T003618Z,C0101,33,611,00000,000000,District - The Nilgiris,total,other,males,42
census-india-2011,sources/census-2011/c-series/state-mdds/c01-33-tamil-nadu.xls,5766414c82e96d26,census-c01-extract-v1.1.0-20260528T003618Z,C0101,33,611,00000,000000,District - The Nilgiris,total,other,females,45
census-india-2011,sources/census-2011/c-series/state-mdds/c01-33-tamil-nadu.xls,5766414c82e96d26,census-c01-extract-v1.1.0-20260528T003618Z,C0101,33,611,00000,000000,District - The Nilgiris,total,not_stated,persons,1138
census-india-2011,sources/census-2011/c-series/state-mdds/c01-33-tamil-nadu.xls,5766414c82e96d26,census-c01-extract-v1.1.0-20260528T003618Z,C0101,33,611,00000,000000,District - The Nilgiris,total,not_stated,males,559
census-india-2011,sources/census-2011/c-series/state-mdds/c01-33-tamil-nadu.xls,5766414c82e96d26,census-c01-extract-v1.1.0-20260528T003618Z,C0101,33,611,00000,000000,District - The Nilgiris,total,not_stated,females,579
census-india-2011,sources/census-2011/c-series/state-mdds/c01-33-tamil-nadu.xls,5766414c82e96d26,census-c01-extract-v1.1.0-20260528T003618Z,C0101,33,611,00000,000000,District - The Nilgiris,rural,all,persons,299739
census-india-2011,sources/census-2011/c-series/state-mdds/c01-33-tamil-nadu.xls,5766414c82e96d26,census-c01-extract-v1.1.0-20260528T003618Z,C0101,33,611,00000,000000,District - The Nilgiris,rural,all,males,145909
census-india-2011,sources/census-2011/c-series/state-mdds/c01-33-tamil-nadu.xls,5766414c82e96d26,census-c01-extract-v1.1.0-20260528T003618Z,C0101,33,611,00000,000000,District - The Nilgiris,rural,all,females,153830
census-india-2011,sources/census-2011/c-series/state-mdds/c01-33-tamil-nadu.xls,5766414c82e96d26,census-c01-extract-v1.1.0-20260528T003618Z,C0101,33,611,00000,000000,District - The Nilgiris,rural,hindu,persons,258102
census-india-2011,sources/census-2011/c-series/state-mdds/c01-33-tamil-nadu.xls,5766414c82e96d26,census-c01-extract-v1.1.0-20260528T003618Z,C0101,33,611,00000,000000,District - The Nilgiris,rural,hindu,males,125734
census-india-2011,sources/census-2011/c-series/state-mdds/c01-33-tamil-nadu.xls,5766414c82e96d26,census-c01-extract-v1.1.0-20260528T003618Z,C0101,33,611,00000,000000,District - The Nilgiris,rural,hindu,females,132368
census-india-2011,sources/census-2011/c-series/state-mdds/c01-33-tamil-nadu.xls,5766414c82e96d26,census-c01-extract-v1.1.0-20260528T003618Z,C0101,33,611,00000,000000,District - The Nilgiris,rural,muslim,persons,20509
census-india-2011,sources/census-2011/c-series/state-mdds/c01-33-tamil-nadu.xls,5766414c82e96d26,census-c01-extract-v1.1.0-20260528T003618Z,C0101,33,611,00000,000000,District - The Nilgiris,rural,muslim,males,9841
census-india-2011,sources/census-2011/c-series/state-mdds/c01-33-tamil-nadu.xls,5766414c82e96d26,census-c01-extract-v1.1.0-20260528T003618Z,C0101,33,611,00000,000000,District - The Nilgiris,rural,muslim,females,10668
census-india-2011,sources/census-2011/c-series/state-mdds/c01-33-tamil-nadu.xls,5766414c82e96d26,census-c01-extract-v1.1.0-20260528T003618Z,C0101,33,611,00000,000000,District - The Nilgiris,rural,christian,persons,20416
census-india-2011,sources/census-2011/c-series/state-mdds/c01-33-tamil-nadu.xls,5766414c82e96d26,census-c01-extract-v1.1.0-20260528T003618Z,C0101,33,611,00000,000000,District - The Nilgiris,rural,christian,males,9989
census-india-2011,sources/census-2011/c-series/state-mdds/c01-33-tamil-nadu.xls,5766414c82e96d26,census-c01-extract-v1.1.0-20260528T003618Z,C0101,33,611,00000,000000,District - The Nilgiris,rural,christian,females,10427
census-india-2011,sources/census-2011/c-series/state-mdds/c01-33-tamil-nadu.xls,5766414c82e96d26,census-c01-extract-v1.1.0-20260528T003618Z,C0101,33,611,00000,000000,District - The Nilgiris,rural,sikh,persons,53
census-india-2011,sources/census-2011/c-series/state-mdds/c01-33-tamil-nadu.xls,5766414c82e96d26,census-c01-extract-v1.1.0-20260528T003618Z,C0101,33,611,00000,000000,District - The Nilgiris,rural,sikh,males,31
census-india-2011,sources/census-2011/c-series/state-mdds/c01-33-tamil-nadu.xls,5766414c82e96d26,census-c01-extract-v1.1.0-20260528T003618Z,C0101,33,611,00000,000000,District - The Nilgiris,rural,sikh,females,22
census-india-2011,sources/census-2011/c-series/state-mdds/c01-33-tamil-nadu.xls,5766414c82e96d26,census-c01-extract-v1.1.0-20260528T003618Z,C0101,33,611,00000,000000,District - The Nilgiris,rural,buddhist,persons,56
census-india-2011,sources/census-2011/c-series/state-mdds/c01-33-tamil-nadu.xls,5766414c82e96d26,census-c01-extract-v1.1.0-20260528T003618Z,C0101,33,611,00000,000000,District - The Nilgiris,rural,buddhist,males,28
census-india-2011,sources/census-2011/c-series/state-mdds/c01-33-tamil-nadu.xls,5766414c82e96d26,census-c01-extract-v1.1.0-20260528T003618Z,C0101,33,611,00000,000000,District - The Nilgiris,rural,buddhist,females,28
census-india-2011,sources/census-2011/c-series/state-mdds/c01-33-tamil-nadu.xls,5766414c82e96d26,census-c01-extract-v1.1.0-20260528T003618Z,C0101,33,611,00000,000000,District - The Nilgiris,rural,jain,persons,40
census-india-2011,sources/census-2011/c-series/state-mdds/c01-33-tamil-nadu.xls,5766414c82e96d26,census-c01-extract-v1.1.0-20260528T003618Z,C0101,33,611,00000,000000,District - The Nilgiris,rural,jain,males,19
census-india-2011,sources/census-2011/c-series/state-mdds/c01-33-tamil-nadu.xls,5766414c82e96d26,census-c01-extract-v1.1.0-20260528T003618Z,C0101,33,611,00000,000000,District - The Nilgiris,rural,jain,females,21
census-india-2011,sources/census-2011/c-series/state-mdds/c01-33-tamil-nadu.xls,5766414c82e96d26,census-c01-extract-v1.1.0-20260528T003618Z,C0101,33,611,00000,000000,District - The Nilgiris,rural,other,persons,17
census-india-2011,sources/census-2011/c-series/state-mdds/c01-33-tamil-nadu.xls,5766414c82e96d26,census-c01-extract-v1.1.0-20260528T003618Z,C0101,33,611,00000,000000,District - The Nilgiris,rural,other,males,8
census-india-2011,sources/census-2011/c-series/state-mdds/c01-33-tamil-nadu.xls,5766414c82e96d26,census-c01-extract-v1.1.0-20260528T003618Z,C0101,33,611,00000,000000,District - The Nilgiris,rural,other,females,9
census-india-2011,sources/census-2011/c-series/state-mdds/c01-33-tamil-nadu.xls,5766414c82e96d26,census-c01-extract-v1.1.0-20260528T003618Z,C0101,33,611,00000,000000,District - The Nilgiris,rural,not_stated,persons,546
census-india-2011,sources/census-2011/c-series/state-mdds/c01-33-tamil-nadu.xls,5766414c82e96d26,census-c01-extract-v1.1.0-20260528T003618Z,C0101,33,611,00000,000000,District - The Nilgiris,rural,not_stated,males,259
census-india-2011,sources/census-2011/c-series/state-mdds/c01-33-tamil-nadu.xls,5766414c82e96d26,census-c01-extract-v1.1.0-20260528T003618Z,C0101,33,611,00000,000000,District - The Nilgiris,rural,not_stated,females,287
census-india-2011,sources/census-2011/c-series/state-mdds/c01-33-tamil-nadu.xls,5766414c82e96d26,census-c01-extract-v1.1.0-20260528T003618Z,C0101,33,611,00000,000000,District - The Nilgiris,urban,all,persons,435655
census-india-2011,sources/census-2011/c-series/state-mdds/c01-33-tamil-nadu.xls,5766414c82e96d26,census-c01-extract-v1.1.0-20260528T003618Z,C0101,33,611,00000,000000,District - The Nilgiris,urban,all,males,214234
census-india-2011,sources/census-2011/c-series/state-mdds/c01-33-tamil-nadu.xls,5766414c82e96d26,census-c01-extract-v1.1.0-20260528T003618Z,C0101,33,611,00000,000000,District - The Nilgiris,urban,all,females,221421
census-india-2011,sources/census-2011/c-series/state-mdds/c01-33-tamil-nadu.xls,5766414c82e96d26,census-c01-extract-v1.1.0-20260528T003618Z,C0101,33,611,00000,000000,District - The Nilgiris,urban,hindu,persons,311375
census-india-2011,sources/census-2011/c-series/state-mdds/c01-33-tamil-nadu.xls,5766414c82e96d26,census-c01-extract-v1.1.0-20260528T003618Z,C0101,33,611,00000,000000,District - The Nilgiris,urban,hindu,males,154188
census-india-2011,sources/census-2011/c-series/state-mdds/c01-33-tamil-nadu.xls,5766414c82e96d26,census-c01-extract-v1.1.0-20260528T003618Z,C0101,33,611,00000,000000,District - The Nilgiris,urban,hindu,females,157187
census-india-2011,sources/census-2011/c-series/state-mdds/c01-33-tamil-nadu.xls,5766414c82e96d26,census-c01-extract-v1.1.0-20260528T003618Z,C0101,33,611,00000,000000,District - The Nilgiris,urban,muslim,persons,57943
census-india-2011,sources/census-2011/c-series/state-mdds/c01-33-tamil-nadu.xls,5766414c82e96d26,census-c01-extract-v1.1.0-20260528T003618Z,C0101,33,611,00000,000000,District - The Nilgiris,urban,muslim,males,28344
census-india-2011,sources/census-2011/c-series/state-mdds/c01-33-tamil-nadu.xls,5766414c82e96d26,census-c01-extract-v1.1.0-20260528T003618Z,C0101,33,611,00000,000000,District - The Nilgiris,urban,muslim,females,29599
census-india-2011,sources/census-2011/c-series/state-mdds/c01-33-tamil-nadu.xls,5766414c82e96d26,census-c01-extract-v1.1.0-20260528T003618Z,C0101,33,611,00000,000000,District - The Nilgiris,urban,christian,persons,64194
census-india-2011,sources/census-2011/c-series/state-mdds/c01-33-tamil-nadu.xls,5766414c82e96d26,census-c01-extract-v1.1.0-20260528T003618Z,C0101,33,611,00000,000000,District - The Nilgiris,urban,christian,males,30614
census-india-2011,sources/census-2011/c-series/state-mdds/c01-33-tamil-nadu.xls,5766414c82e96d26,census-c01-extract-v1.1.0-20260528T003618Z,C0101,33,611,00000,000000,District - The Nilgiris,urban,christian,females,33580
census-india-2011,sources/census-2011/c-series/state-mdds/c01-33-tamil-nadu.xls,5766414c82e96d26,census-c01-extract-v1.1.0-20260528T003618Z,C0101,33,611,00000,000000,District - The Nilgiris,urban,sikh,persons,285
census-india-2011,sources/census-2011/c-series/state-mdds/c01-33-tamil-nadu.xls,5766414c82e96d26,census-c01-extract-v1.1.0-20260528T003618Z,C0101,33,611,00000,000000,District - The Nilgiris,urban,sikh,males,153
census-india-2011,sources/census-2011/c-series/state-mdds/c01-33-tamil-nadu.xls,5766414c82e96d26,census-c01-extract-v1.1.0-20260528T003618Z,C0101,33,611,00000,000000,District - The Nilgiris,urban,sikh,females,132
census-india-2011,sources/census-2011/c-series/state-mdds/c01-33-tamil-nadu.xls,5766414c82e96d26,census-c01-extract-v1.1.0-20260528T003618Z,C0101,33,611,00000,000000,District - The Nilgiris,urban,buddhist,persons,326
census-india-2011,sources/census-2011/c-series/state-mdds/c01-33-tamil-nadu.xls,5766414c82e96d26,census-c01-extract-v1.1.0-20260528T003618Z,C0101,33,611,00000,000000,District - The Nilgiris,urban,buddhist,males,153
census-india-2011,sources/census-2011/c-series/state-mdds/c01-33-tamil-nadu.xls,5766414c82e96d26,census-c01-extract-v1.1.0-20260528T003618Z,C0101,33,611,00000,000000,District - The Nilgiris,urban,buddhist,females,173
census-india-2011,sources/census-2011/c-series/state-mdds/c01-33-tamil-nadu.xls,5766414c82e96d26,census-c01-extract-v1.1.0-20260528T003618Z,C0101,33,611,00000,000000,District - The Nilgiris,urban,jain,persons,870
census-india-2011,sources/census-2011/c-series/state-mdds/c01-33-tamil-nadu.xls,5766414c82e96d26,census-c01-extract-v1.1.0-20260528T003618Z,C0101,33,611,00000,000000,District - The Nilgiris,urban,jain,males,448
census-india-2011,sources/census-2011/c-series/state-mdds/c01-33-tamil-nadu.xls,5766414c82e96d26,census-c01-extract-v1.1.0-20260528T003618Z,C0101,33,611,00000,000000,District - The Nilgiris,urban,jain,females,422
census-india-2011,sources/census-2011/c-series/state-mdds/c01-33-tamil-nadu.xls,5766414c82e96d26,census-c01-extract-v1.1.0-20260528T003618Z,C0101,33,611,00000,000000,District - The Nilgiris,urban,other,persons,70
census-india-2011,sources/census-2011/c-series/state-mdds/c01-33-tamil-nadu.xls,5766414c82e96d26,census-c01-extract-v1.1.0-20260528T003618Z,C0101,33,611,00000,000000,District - The Nilgiris,urban,other,males,34
census-india-2011,sources/census-2011/c-series/state-mdds/c01-33-tamil-nadu.xls,5766414c82e96d26,census-c01-extract-v1.1.0-20260528T003618Z,C0101,33,611,00000,000000,District - The Nilgiris,urban,other,females,36
census-india-2011,sources/census-2011/c-series/state-mdds/c01-33-tamil-nadu.xls,5766414c82e96d26,census-c01-extract-v1.1.0-20260528T003618Z,C0101,33,611,00000,000000,District - The Nilgiris,urban,not_stated,persons,592
census-india-2011,sources/census-2011/c-series/state-mdds/c01-33-tamil-nadu.xls,5766414c82e96d26,census-c01-extract-v1.1.0-20260528T003618Z,C0101,33,611,00000,000000,District - The Nilgiris,urban,not_stated,males,300
census-india-2011,sources/census-2011/c-series/state-mdds/c01-33-tamil-nadu.xls,5766414c82e96d26,census-c01-extract-v1.1.0-20260528T003618Z,C0101,33,611,00000,000000,District - The Nilgiris,urban,not_stated,females,292
census-india-2011,sources/census-2011/c-series/state-mdds/c01-33-tamil-nadu.xls,5766414c82e96d26,census-c01-extract-v1.1.0-20260528T003618Z,C0101,33,612,00000,000000,District - Dindigul,total,all,persons,2159775
census-india-2011,sources/census-2011/c-series/state-mdds/c01-33-tamil-nadu.xls,5766414c82e96d26,census-c01-extract-v1.1.0-20260528T003618Z,C0101,33,612,00000,000000,District - Dindigul,total,all,males,1080938
census-india-2011,sources/census-2011/c-series/state-mdds/c01-33-tamil-nadu.xls,5766414c82e96d26,census-c01-extract-v1.1.0-20260528T003618Z,C0101,33,612,00000,000000,District - Dindigul,total,all,females,1078837
census-india-2011,sources/census-2011/c-series/state-mdds/c01-33-tamil-nadu.xls,5766414c82e96d26,census-c01-extract-v1.1.0-20260528T003618Z,C0101,33,612,00000,000000,District - Dindigul,total,hindu,persons,1879494
census-india-2011,sources/census-2011/c-series/state-mdds/c01-33-tamil-nadu.xls,5766414c82e96d26,census-c01-extract-v1.1.0-20260528T003618Z,C0101,33,612,00000,000000,District - Dindigul,total,hindu,males,942472
census-india-2011,sources/census-2011/c-series/state-mdds/c01-33-tamil-nadu.xls,5766414c82e96d26,census-c01-extract-v1.1.0-20260528T003618Z,C0101,33,612,00000,000000,District - Dindigul,total,hindu,females,937022
census-india-2011,sources/census-2011/c-series/state-mdds/c01-33-tamil-nadu.xls,5766414c82e96d26,census-c01-extract-v1.1.0-20260528T003618Z,C0101,33,612,00000,000000,District - Dindigul,total,muslim,persons,105012
census-india-2011,sources/census-2011/c-series/state-mdds/c01-33-tamil-nadu.xls,5766414c82e96d26,census-c01-extract-v1.1.0-20260528T003618Z,C0101,33,612,00000,000000,District - Dindigul,total,muslim,males,52376
census-india-2011,sources/census-2011/c-series/state-mdds/c01-33-tamil-nadu.xls,5766414c82e96d26,census-c01-extract-v1.1.0-20260528T003618Z,C0101,33,612,00000,000000,District - Dindigul,total,muslim,females,52636
census-india-2011,sources/census-2011/c-series/state-mdds/c01-33-tamil-nadu.xls,5766414c82e96d26,census-c01-extract-v1.1.0-20260528T003618Z,C0101,33,612,00000,000000,District - Dindigul,total,christian,persons,169945
census-india-2011,sources/census-2011/c-series/state-mdds/c01-33-tamil-nadu.xls,5766414c82e96d26,census-c01-extract-v1.1.0-20260528T003618Z,C0101,33,612,00000,000000,District - Dindigul,total,christian,males,83394
census-india-2011,sources/census-2011/c-series/state-mdds/c01-33-tamil-nadu.xls,5766414c82e96d26,census-c01-extract-v1.1.0-20260528T003618Z,C0101,33,612,00000,000000,District - Dindigul,total,christian,females,86551
census-india-2011,sources/census-2011/c-series/state-mdds/c01-33-tamil-nadu.xls,5766414c82e96d26,census-c01-extract-v1.1.0-20260528T003618Z,C0101,33,612,00000,000000,District - Dindigul,total,sikh,persons,313
census-india-2011,sources/census-2011/c-series/state-mdds/c01-33-tamil-nadu.xls,5766414c82e96d26,census-c01-extract-v1.1.0-20260528T003618Z,C0101,33,612,00000,000000,District - Dindigul,total,sikh,males,172
census-india-2011,sources/census-2011/c-series/state-mdds/c01-33-tamil-nadu.xls,5766414c82e96d26,census-c01-extract-v1.1.0-20260528T003618Z,C0101,33,612,00000,000000,District - Dindigul,total,sikh,females,141
census-india-2011,sources/census-2011/c-series/state-mdds/c01-33-tamil-nadu.xls,5766414c82e96d26,census-c01-extract-v1.1.0-20260528T003618Z,C0101,33,612,00000,000000,District - Dindigul,total,buddhist,persons,256
census-india-2011,sources/census-2011/c-series/state-mdds/c01-33-tamil-nadu.xls,5766414c82e96d26,census-c01-extract-v1.1.0-20260528T003618Z,C0101,33,612,00000,000000,District - Dindigul,total,buddhist,males,115
census-india-2011,sources/census-2011/c-series/state-mdds/c01-33-tamil-nadu.xls,5766414c82e96d26,census-c01-extract-v1.1.0-20260528T003618Z,C0101,33,612,00000,000000,District - Dindigul,total,buddhist,females,141
census-india-2011,sources/census-2011/c-series/state-mdds/c01-33-tamil-nadu.xls,5766414c82e96d26,census-c01-extract-v1.1.0-20260528T003618Z,C0101,33,612,00000,000000,District - Dindigul,total,jain,persons,71
census-india-2011,sources/census-2011/c-series/state-mdds/c01-33-tamil-nadu.xls,5766414c82e96d26,census-c01-extract-v1.1.0-20260528T003618Z,C0101,33,612,00000,000000,District - Dindigul,total,jain,males,25
census-india-2011,sources/census-2011/c-series/state-mdds/c01-33-tamil-nadu.xls,5766414c82e96d26,census-c01-extract-v1.1.0-20260528T003618Z,C0101,33,612,00000,000000,District - Dindigul,total,jain,females,46
census-india-2011,sources/census-2011/c-series/state-mdds/c01-33-tamil-nadu.xls,5766414c82e96d26,census-c01-extract-v1.1.0-20260528T003618Z,C0101,33,612,00000,000000,District - Dindigul,total,other,persons,138
census-india-2011,sources/census-2011/c-series/state-mdds/c01-33-tamil-nadu.xls,5766414c82e96d26,census-c01-extract-v1.1.0-20260528T003618Z,C0101,33,612,00000,000000,District - Dindigul,total,other,males,66
census-india-2011,sources/census-2011/c-series/state-mdds/c01-33-tamil-nadu.xls,5766414c82e96d26,census-c01-extract-v1.1.0-20260528T003618Z,C0101,33,612,00000,000000,District - Dindigul,total,other,females,72
census-india-2011,sources/census-2011/c-series/state-mdds/c01-33-tamil-nadu.xls,5766414c82e96d26,census-c01-extract-v1.1.0-20260528T003618Z,C0101,33,612,00000,000000,District - Dindigul,total,not_stated,persons,4546
census-india-2011,sources/census-2011/c-series/state-mdds/c01-33-tamil-nadu.xls,5766414c82e96d26,census-c01-extract-v1.1.0-20260528T003618Z,C0101,33,612,00000,000000,District - Dindigul,total,not_stated,males,2318
census-india-2011,sources/census-2011/c-series/state-mdds/c01-33-tamil-nadu.xls,5766414c82e96d26,census-c01-extract-v1.1.0-20260528T003618Z,C0101,33,612,00000,000000,District - Dindigul,total,not_stated,females,2228
census-india-2011,sources/census-2011/c-series/state-mdds/c01-33-tamil-nadu.xls,5766414c82e96d26,census-c01-extract-v1.1.0-20260528T003618Z,C0101,33,612,00000,000000,District - Dindigul,rural,all,persons,1351735
census-india-2011,sources/census-2011/c-series/state-mdds/c01-33-tamil-nadu.xls,5766414c82e96d26,census-c01-extract-v1.1.0-20260528T003618Z,C0101,33,612,00000,000000,District - Dindigul,rural,all,males,678605
census-india-2011,sources/census-2011/c-series/state-mdds/c01-33-tamil-nadu.xls,5766414c82e96d26,census-c01-extract-v1.1.0-20260528T003618Z,C0101,33,612,00000,000000,District - Dindigul,rural,all,females,673130
census-india-2011,sources/census-2011/c-series/state-mdds/c01-33-tamil-nadu.xls,5766414c82e96d26,census-c01-extract-v1.1.0-20260528T003618Z,C0101,33,612,00000,000000,District - Dindigul,rural,hindu,persons,1226289
census-india-2011,sources/census-2011/c-series/state-mdds/c01-33-tamil-nadu.xls,5766414c82e96d26,census-c01-extract-v1.1.0-20260528T003618Z,C0101,33,612,00000,000000,District - Dindigul,rural,hindu,males,616685
census-india-2011,sources/census-2011/c-series/state-mdds/c01-33-tamil-nadu.xls,5766414c82e96d26,census-c01-extract-v1.1.0-20260528T003618Z,C0101,33,612,00000,000000,District - Dindigul,rural,hindu,females,609604
census-india-2011,sources/census-2011/c-series/state-mdds/c01-33-tamil-nadu.xls,5766414c82e96d26,census-c01-extract-v1.1.0-20260528T003618Z,C0101,33,612,00000,000000,District - Dindigul,rural,muslim,persons,29572
census-india-2011,sources/census-2011/c-series/state-mdds/c01-33-tamil-nadu.xls,5766414c82e96d26,census-c01-extract-v1.1.0-20260528T003618Z,C0101,33,612,00000,000000,District - Dindigul,rural,muslim,males,14611
census-india-2011,sources/census-2011/c-series/state-mdds/c01-33-tamil-nadu.xls,5766414c82e96d26,census-c01-extract-v1.1.0-20260528T003618Z,C0101,33,612,00000,000000,District - Dindigul,rural,muslim,females,14961
census-india-2011,sources/census-2011/c-series/state-mdds/c01-33-tamil-nadu.xls,5766414c82e96d26,census-c01-extract-v1.1.0-20260528T003618Z,C0101,33,612,00000,000000,District - Dindigul,rural,christian,persons,92288
census-india-2011,sources/census-2011/c-series/state-mdds/c01-33-tamil-nadu.xls,5766414c82e96d26,census-c01-extract-v1.1.0-20260528T003618Z,C0101,33,612,00000,000000,District - Dindigul,rural,christian,males,45395
census-india-2011,sources/census-2011/c-series/state-mdds/c01-33-tamil-nadu.xls,5766414c82e96d26,census-c01-extract-v1.1.0-20260528T003618Z,C0101,33,612,00000,000000,District - Dindigul,rural,christian,females,46893
census-india-2011,sources/census-2011/c-series/state-mdds/c01-33-tamil-nadu.xls,5766414c82e96d26,census-c01-extract-v1.1.0-20260528T003618Z,C0101,33,612,00000,000000,District - Dindigul,rural,sikh,persons,170
census-india-2011,sources/census-2011/c-series/state-mdds/c01-33-tamil-nadu.xls,5766414c82e96d26,census-c01-extract-v1.1.0-20260528T003618Z,C0101,33,612,00000,000000,District - Dindigul,rural,sikh,males,100
census-india-2011,sources/census-2011/c-series/state-mdds/c01-33-tamil-nadu.xls,5766414c82e96d26,census-c01-extract-v1.1.0-20260528T003618Z,C0101,33,612,00000,000000,District - Dindigul,rural,sikh,females,70
census-india-2011,sources/census-2011/c-series/state-mdds/c01-33-tamil-nadu.xls,5766414c82e96d26,census-c01-extract-v1.1.0-20260528T003618Z,C0101,33,612,00000,000000,District - Dindigul,rural,buddhist,persons,96
census-india-2011,sources/census-2011/c-series/state-mdds/c01-33-tamil-nadu.xls,5766414c82e96d26,census-c01-extract-v1.1.0-20260528T003618Z,C0101,33,612,00000,000000,District - Dindigul,rural,buddhist,males,47
census-india-2011,sources/census-2011/c-series/state-mdds/c01-33-tamil-nadu.xls,5766414c82e96d26,census-c01-extract-v1.1.0-20260528T003618Z,C0101,33,612,00000,000000,District - Dindigul,rural,buddhist,females,49
census-india-2011,sources/census-2011/c-series/state-mdds/c01-33-tamil-nadu.xls,5766414c82e96d26,census-c01-extract-v1.1.0-20260528T003618Z,C0101,33,612,00000,000000,District - Dindigul,rural,jain,persons,30
census-india-2011,sources/census-2011/c-series/state-mdds/c01-33-tamil-nadu.xls,5766414c82e96d26,census-c01-extract-v1.1.0-20260528T003618Z,C0101,33,612,00000,000000,District - Dindigul,rural,jain,males,10
census-india-2011,sources/census-2011/c-series/state-mdds/c01-33-tamil-nadu.xls,5766414c82e96d26,census-c01-extract-v1.1.0-20260528T003618Z,C0101,33,612,00000,000000,District - Dindigul,rural,jain,females,20
census-india-2011,sources/census-2011/c-series/state-mdds/c01-33-tamil-nadu.xls,5766414c82e96d26,census-c01-extract-v1.1.0-20260528T003618Z,C0101,33,612,00000,000000,District - Dindigul,rural,other,persons,86
census-india-2011,sources/census-2011/c-series/state-mdds/c01-33-tamil-nadu.xls,5766414c82e96d26,census-c01-extract-v1.1.0-20260528T003618Z,C0101,33,612,00000,000000,District - Dindigul,rural,other,males,42
census-india-2011,sources/census-2011/c-series/state-mdds/c01-33-tamil-nadu.xls,5766414c82e96d26,census-c01-extract-v1.1.0-20260528T003618Z,C0101,33,612,00000,000000,District - Dindigul,rural,other,females,44
census-india-2011,sources/census-2011/c-series/state-mdds/c01-33-tamil-nadu.xls,5766414c82e96d26,census-c01-extract-v1.1.0-20260528T003618Z,C0101,33,612,00000,000000,District - Dindigul,rural,not_stated,persons,3204
census-india-2011,sources/census-2011/c-series/state-mdds/c01-33-tamil-nadu.xls,5766414c82e96d26,census-c01-extract-v1.1.0-20260528T003618Z,C0101,33,612,00000,000000,District - Dindigul,rural,not_stated,males,1715
census-india-2011,sources/census-2011/c-series/state-mdds/c01-33-tamil-nadu.xls,5766414c82e96d26,census-c01-extract-v1.1.0-20260528T003618Z,C0101,33,612,00000,000000,District - Dindigul,rural,not_stated,females,1489
census-india-2011,sources/census-2011/c-series/state-mdds/c01-33-tamil-nadu.xls,5766414c82e96d26,census-c01-extract-v1.1.0-20260528T003618Z,C0101,33,612,00000,000000,District - Dindigul,urban,all,persons,808040
census-india-2011,sources/census-2011/c-series/state-mdds/c01-33-tamil-nadu.xls,5766414c82e96d26,census-c01-extract-v1.1.0-20260528T003618Z,C0101,33,612,00000,000000,District - Dindigul,urban,all,males,402333
census-india-2011,sources/census-2011/c-series/state-mdds/c01-33-tamil-nadu.xls,5766414c82e96d26,census-c01-extract-v1.1.0-20260528T003618Z,C0101,33,612,00000,000000,District - Dindigul,urban,all,females,405707
census-india-2011,sources/census-2011/c-series/state-mdds/c01-33-tamil-nadu.xls,5766414c82e96d26,census-c01-extract-v1.1.0-20260528T003618Z,C0101,33,612,00000,000000,District - Dindigul,urban,hindu,persons,653205
census-india-2011,sources/census-2011/c-series/state-mdds/c01-33-tamil-nadu.xls,5766414c82e96d26,census-c01-extract-v1.1.0-20260528T003618Z,C0101,33,612,00000,000000,District - Dindigul,urban,hindu,males,325787
census-india-2011,sources/census-2011/c-series/state-mdds/c01-33-tamil-nadu.xls,5766414c82e96d26,census-c01-extract-v1.1.0-20260528T003618Z,C0101,33,612,00000,000000,District - Dindigul,urban,hindu,females,327418
census-india-2011,sources/census-2011/c-series/state-mdds/c01-33-tamil-nadu.xls,5766414c82e96d26,census-c01-extract-v1.1.0-20260528T003618Z,C0101,33,612,00000,000000,District - Dindigul,urban,muslim,persons,75440
census-india-2011,sources/census-2011/c-series/state-mdds/c01-33-tamil-nadu.xls,5766414c82e96d26,census-c01-extract-v1.1.0-20260528T003618Z,C0101,33,612,00000,000000,District - Dindigul,urban,muslim,males,37765
census-india-2011,sources/census-2011/c-series/state-mdds/c01-33-tamil-nadu.xls,5766414c82e96d26,census-c01-extract-v1.1.0-20260528T003618Z,C0101,33,612,00000,000000,District - Dindigul,urban,muslim,females,37675
census-india-2011,sources/census-2011/c-series/state-mdds/c01-33-tamil-nadu.xls,5766414c82e96d26,census-c01-extract-v1.1.0-20260528T003618Z,C0101,33,612,00000,000000,District - Dindigul,urban,christian,persons,77657
census-india-2011,sources/census-2011/c-series/state-mdds/c01-33-tamil-nadu.xls,5766414c82e96d26,census-c01-extract-v1.1.0-20260528T003618Z,C0101,33,612,00000,000000,District - Dindigul,urban,christian,males,37999
census-india-2011,sources/census-2011/c-series/state-mdds/c01-33-tamil-nadu.xls,5766414c82e96d26,census-c01-extract-v1.1.0-20260528T003618Z,C0101,33,612,00000,000000,District - Dindigul,urban,christian,females,39658
census-india-2011,sources/census-2011/c-series/state-mdds/c01-33-tamil-nadu.xls,5766414c82e96d26,census-c01-extract-v1.1.0-20260528T003618Z,C0101,33,612,00000,000000,District - Dindigul,urban,sikh,persons,143
census-india-2011,sources/census-2011/c-series/state-mdds/c01-33-tamil-nadu.xls,5766414c82e96d26,census-c01-extract-v1.1.0-20260528T003618Z,C0101,33,612,00000,000000,District - Dindigul,urban,sikh,males,72
census-india-2011,sources/census-2011/c-series/state-mdds/c01-33-tamil-nadu.xls,5766414c82e96d26,census-c01-extract-v1.1.0-20260528T003618Z,C0101,33,612,00000,000000,District - Dindigul,urban,sikh,females,71
census-india-2011,sources/census-2011/c-series/state-mdds/c01-33-tamil-nadu.xls,5766414c82e96d26,census-c01-extract-v1.1.0-20260528T003618Z,C0101,33,612,00000,000000,District - Dindigul,urban,buddhist,persons,160
census-india-2011,sources/census-2011/c-series/state-mdds/c01-33-tamil-nadu.xls,5766414c82e96d26,census-c01-extract-v1.1.0-20260528T003618Z,C0101,33,612,00000,000000,District - Dindigul,urban,buddhist,males,68
census-india-2011,sources/census-2011/c-series/state-mdds/c01-33-tamil-nadu.xls,5766414c82e96d26,census-c01-extract-v1.1.0-20260528T003618Z,C0101,33,612,00000,000000,District - Dindigul,urban,buddhist,females,92
census-india-2011,sources/census-2011/c-series/state-mdds/c01-33-tamil-nadu.xls,5766414c82e96d26,census-c01-extract-v1.1.0-20260528T003618Z,C0101,33,612,00000,000000,District - Dindigul,urban,jain,persons,41
census-india-2011,sources/census-2011/c-series/state-mdds/c01-33-tamil-nadu.xls,5766414c82e96d26,census-c01-extract-v1.1.0-20260528T003618Z,C0101,33,612,00000,000000,District - Dindigul,urban,jain,males,15
census-india-2011,sources/census-2011/c-series/state-mdds/c01-33-tamil-nadu.xls,5766414c82e96d26,census-c01-extract-v1.1.0-20260528T003618Z,C0101,33,612,00000,000000,District - Dindigul,urban,jain,females,26
census-india-2011,sources/census-2011/c-series/state-mdds/c01-33-tamil-nadu.xls,5766414c82e96d26,census-c01-extract-v1.1.0-20260528T003618Z,C0101,33,612,00000,000000,District - Dindigul,urban,other,persons,52
census-india-2011,sources/census-2011/c-series/state-mdds/c01-33-tamil-nadu.xls,5766414c82e96d26,census-c01-extract-v1.1.0-20260528T003618Z,C0101,33,612,00000,000000,District - Dindigul,urban,other,males,24
census-india-2011,sources/census-2011/c-series/state-mdds/c01-33-tamil-nadu.xls,5766414c82e96d26,census-c01-extract-v1.1.0-20260528T003618Z,C0101,33,612,00000,000000,District - Dindigul,urban,other,females,28
census-india-2011,sources/census-2011/c-series/state-mdds/c01-33-tamil-nadu.xls,5766414c82e96d26,census-c01-extract-v1.1.0-20260528T003618Z,C0101,33,612,00000,000000,District - Dindigul,urban,not_stated,persons,1342
census-india-2011,sources/census-2011/c-series/state-mdds/c01-33-tamil-nadu.xls,5766414c82e96d26,census-c01-extract-v1.1.0-20260528T003618Z,C0101,33,612,00000,000000,District - Dindigul,urban,not_stated,males,603
census-india-2011,sources/census-2011/c-series/state-mdds/c01-33-tamil-nadu.xls,5766414c82e96d26,census-c01-extract-v1.1.0-20260528T003618Z,C0101,33,612,00000,000000,District - Dindigul,urban,not_stated,females,739
census-india-2011,sources/census-2011/c-series/state-mdds/c01-33-tamil-nadu.xls,5766414c82e96d26,census-c01-extract-v1.1.0-20260528T003618Z,C0101,33,613,00000,000000,District - Karur,total,all,persons,1064493
census-india-2011,sources/census-2011/c-series/state-mdds/c01-33-tamil-nadu.xls,5766414c82e96d26,census-c01-extract-v1.1.0-20260528T003618Z,C0101,33,613,00000,000000,District - Karur,total,all,males,528184
census-india-2011,sources/census-2011/c-series/state-mdds/c01-33-tamil-nadu.xls,5766414c82e96d26,census-c01-extract-v1.1.0-20260528T003618Z,C0101,33,613,00000,000000,District - Karur,total,all,females,536309
census-india-2011,sources/census-2011/c-series/state-mdds/c01-33-tamil-nadu.xls,5766414c82e96d26,census-c01-extract-v1.1.0-20260528T003618Z,C0101,33,613,00000,000000,District - Karur,total,hindu,persons,993666
census-india-2011,sources/census-2011/c-series/state-mdds/c01-33-tamil-nadu.xls,5766414c82e96d26,census-c01-extract-v1.1.0-20260528T003618Z,C0101,33,613,00000,000000,District - Karur,total,hindu,males,493227
census-india-2011,sources/census-2011/c-series/state-mdds/c01-33-tamil-nadu.xls,5766414c82e96d26,census-c01-extract-v1.1.0-20260528T003618Z,C0101,33,613,00000,000000,District - Karur,total,hindu,females,500439
census-india-2011,sources/census-2011/c-series/state-mdds/c01-33-tamil-nadu.xls,5766414c82e96d26,census-c01-extract-v1.1.0-20260528T003618Z,C0101,33,613,00000,000000,District - Karur,total,muslim,persons,53292
census-india-2011,sources/census-2011/c-series/state-mdds/c01-33-tamil-nadu.xls,5766414c82e96d26,census-c01-extract-v1.1.0-20260528T003618Z,C0101,33,613,00000,000000,District - Karur,total,muslim,males,26332
census-india-2011,sources/census-2011/c-series/state-mdds/c01-33-tamil-nadu.xls,5766414c82e96d26,census-c01-extract-v1.1.0-20260528T003618Z,C0101,33,613,00000,000000,District - Karur,total,muslim,females,26960
census-india-2011,sources/census-2011/c-series/state-mdds/c01-33-tamil-nadu.xls,5766414c82e96d26,census-c01-extract-v1.1.0-20260528T003618Z,C0101,33,613,00000,000000,District - Karur,total,christian,persons,16483
census-india-2011,sources/census-2011/c-series/state-mdds/c01-33-tamil-nadu.xls,5766414c82e96d26,census-c01-extract-v1.1.0-20260528T003618Z,C0101,33,613,00000,000000,District - Karur,total,christian,males,8115
census-india-2011,sources/census-2011/c-series/state-mdds/c01-33-tamil-nadu.xls,5766414c82e96d26,census-c01-extract-v1.1.0-20260528T003618Z,C0101,33,613,00000,000000,District - Karur,total,christian,females,8368
census-india-2011,sources/census-2011/c-series/state-mdds/c01-33-tamil-nadu.xls,5766414c82e96d26,census-c01-extract-v1.1.0-20260528T003618Z,C0101,33,613,00000,000000,District - Karur,total,sikh,persons,115
census-india-2011,sources/census-2011/c-series/state-mdds/c01-33-tamil-nadu.xls,5766414c82e96d26,census-c01-extract-v1.1.0-20260528T003618Z,C0101,33,613,00000,000000,District - Karur,total,sikh,males,63
census-india-2011,sources/census-2011/c-series/state-mdds/c01-33-tamil-nadu.xls,5766414c82e96d26,census-c01-extract-v1.1.0-20260528T003618Z,C0101,33,613,00000,000000,District - Karur,total,sikh,females,52
census-india-2011,sources/census-2011/c-series/state-mdds/c01-33-tamil-nadu.xls,5766414c82e96d26,census-c01-extract-v1.1.0-20260528T003618Z,C0101,33,613,00000,000000,District - Karur,total,buddhist,persons,29
census-india-2011,sources/census-2011/c-series/state-mdds/c01-33-tamil-nadu.xls,5766414c82e96d26,census-c01-extract-v1.1.0-20260528T003618Z,C0101,33,613,00000,000000,District - Karur,total,buddhist,males,15
census-india-2011,sources/census-2011/c-series/state-mdds/c01-33-tamil-nadu.xls,5766414c82e96d26,census-c01-extract-v1.1.0-20260528T003618Z,C0101,33,613,00000,000000,District - Karur,total,buddhist,females,14
census-india-2011,sources/census-2011/c-series/state-mdds/c01-33-tamil-nadu.xls,5766414c82e96d26,census-c01-extract-v1.1.0-20260528T003618Z,C0101,33,613,00000,000000,District - Karur,total,jain,persons,7
census-india-2011,sources/census-2011/c-series/state-mdds/c01-33-tamil-nadu.xls,5766414c82e96d26,census-c01-extract-v1.1.0-20260528T003618Z,C0101,33,613,00000,000000,District - Karur,total,jain,males,3
census-india-2011,sources/census-2011/c-series/state-mdds/c01-33-tamil-nadu.xls,5766414c82e96d26,census-c01-extract-v1.1.0-20260528T003618Z,C0101,33,613,00000,000000,District - Karur,total,jain,females,4
census-india-2011,sources/census-2011/c-series/state-mdds/c01-33-tamil-nadu.xls,5766414c82e96d26,census-c01-extract-v1.1.0-20260528T003618Z,C0101,33,613,00000,000000,District - Karur,total,other,persons,79
census-india-2011,sources/census-2011/c-series/state-mdds/c01-33-tamil-nadu.xls,5766414c82e96d26,census-c01-extract-v1.1.0-20260528T003618Z,C0101,33,613,00000,000000,District - Karur,total,other,males,36
census-india-2011,sources/census-2011/c-series/state-mdds/c01-33-tamil-nadu.xls,5766414c82e96d26,census-c01-extract-v1.1.0-20260528T003618Z,C0101,33,613,00000,000000,District - Karur,total,other,females,43
census-india-2011,sources/census-2011/c-series/state-mdds/c01-33-tamil-nadu.xls,5766414c82e96d26,census-c01-extract-v1.1.0-20260528T003618Z,C0101,33,613,00000,000000,District - Karur,total,not_stated,persons,822
census-india-2011,sources/census-2011/c-series/state-mdds/c01-33-tamil-nadu.xls,5766414c82e96d26,census-c01-extract-v1.1.0-20260528T003618Z,C0101,33,613,00000,000000,District - Karur,total,not_stated,males,393
census-india-2011,sources/census-2011/c-series/state-mdds/c01-33-tamil-nadu.xls,5766414c82e96d26,census-c01-extract-v1.1.0-20260528T003618Z,C0101,33,613,00000,000000,District - Karur,total,not_stated,females,429
census-india-2011,sources/census-2011/c-series/state-mdds/c01-33-tamil-nadu.xls,5766414c82e96d26,census-c01-extract-v1.1.0-20260528T003618Z,C0101,33,613,00000,000000,District - Karur,rural,all,persons,629976
census-india-2011,sources/census-2011/c-series/state-mdds/c01-33-tamil-nadu.xls,5766414c82e96d26,census-c01-extract-v1.1.0-20260528T003618Z,C0101,33,613,00000,000000,District - Karur,rural,all,males,312628
census-india-2011,sources/census-2011/c-series/state-mdds/c01-33-tamil-nadu.xls,5766414c82e96d26,census-c01-extract-v1.1.0-20260528T003618Z,C0101,33,613,00000,000000,District - Karur,rural,all,females,317348
census-india-2011,sources/census-2011/c-series/state-mdds/c01-33-tamil-nadu.xls,5766414c82e96d26,census-c01-extract-v1.1.0-20260528T003618Z,C0101,33,613,00000,000000,District - Karur,rural,hindu,persons,611828
census-india-2011,sources/census-2011/c-series/state-mdds/c01-33-tamil-nadu.xls,5766414c82e96d26,census-c01-extract-v1.1.0-20260528T003618Z,C0101,33,613,00000,000000,District - Karur,rural,hindu,males,303624
census-india-2011,sources/census-2011/c-series/state-mdds/c01-33-tamil-nadu.xls,5766414c82e96d26,census-c01-extract-v1.1.0-20260528T003618Z,C0101,33,613,00000,000000,District - Karur,rural,hindu,females,308204
census-india-2011,sources/census-2011/c-series/state-mdds/c01-33-tamil-nadu.xls,5766414c82e96d26,census-c01-extract-v1.1.0-20260528T003618Z,C0101,33,613,00000,000000,District - Karur,rural,muslim,persons,9945
census-india-2011,sources/census-2011/c-series/state-mdds/c01-33-tamil-nadu.xls,5766414c82e96d26,census-c01-extract-v1.1.0-20260528T003618Z,C0101,33,613,00000,000000,District - Karur,rural,muslim,males,4952
census-india-2011,sources/census-2011/c-series/state-mdds/c01-33-tamil-nadu.xls,5766414c82e96d26,census-c01-extract-v1.1.0-20260528T003618Z,C0101,33,613,00000,000000,District - Karur,rural,muslim,females,4993
census-india-2011,sources/census-2011/c-series/state-mdds/c01-33-tamil-nadu.xls,5766414c82e96d26,census-c01-extract-v1.1.0-20260528T003618Z,C0101,33,613,00000,000000,District - Karur,rural,christian,persons,7612
census-india-2011,sources/census-2011/c-series/state-mdds/c01-33-tamil-nadu.xls,5766414c82e96d26,census-c01-extract-v1.1.0-20260528T003618Z,C0101,33,613,00000,000000,District - Karur,rural,christian,males,3753
census-india-2011,sources/census-2011/c-series/state-mdds/c01-33-tamil-nadu.xls,5766414c82e96d26,census-c01-extract-v1.1.0-20260528T003618Z,C0101,33,613,00000,000000,District - Karur,rural,christian,females,3859
census-india-2011,sources/census-2011/c-series/state-mdds/c01-33-tamil-nadu.xls,5766414c82e96d26,census-c01-extract-v1.1.0-20260528T003618Z,C0101,33,613,00000,000000,District - Karur,rural,sikh,persons,42
census-india-2011,sources/census-2011/c-series/state-mdds/c01-33-tamil-nadu.xls,5766414c82e96d26,census-c01-extract-v1.1.0-20260528T003618Z,C0101,33,613,00000,000000,District - Karur,rural,sikh,males,28
census-india-2011,sources/census-2011/c-series/state-mdds/c01-33-tamil-nadu.xls,5766414c82e96d26,census-c01-extract-v1.1.0-20260528T003618Z,C0101,33,613,00000,000000,District - Karur,rural,sikh,females,14
census-india-2011,sources/census-2011/c-series/state-mdds/c01-33-tamil-nadu.xls,5766414c82e96d26,census-c01-extract-v1.1.0-20260528T003618Z,C0101,33,613,00000,000000,District - Karur,rural,buddhist,persons,11
census-india-2011,sources/census-2011/c-series/state-mdds/c01-33-tamil-nadu.xls,5766414c82e96d26,census-c01-extract-v1.1.0-20260528T003618Z,C0101,33,613,00000,000000,District - Karur,rural,buddhist,males,5
census-india-2011,sources/census-2011/c-series/state-mdds/c01-33-tamil-nadu.xls,5766414c82e96d26,census-c01-extract-v1.1.0-20260528T003618Z,C0101,33,613,00000,000000,District - Karur,rural,buddhist,females,6
census-india-2011,sources/census-2011/c-series/state-mdds/c01-33-tamil-nadu.xls,5766414c82e96d26,census-c01-extract-v1.1.0-20260528T003618Z,C0101,33,613,00000,000000,District - Karur,rural,jain,persons,3
census-india-2011,sources/census-2011/c-series/state-mdds/c01-33-tamil-nadu.xls,5766414c82e96d26,census-c01-extract-v1.1.0-20260528T003618Z,C0101,33,613,00000,000000,District - Karur,rural,jain,males,2
census-india-2011,sources/census-2011/c-series/state-mdds/c01-33-tamil-nadu.xls,5766414c82e96d26,census-c01-extract-v1.1.0-20260528T003618Z,C0101,33,613,00000,000000,District - Karur,rural,jain,females,1
census-india-2011,sources/census-2011/c-series/state-mdds/c01-33-tamil-nadu.xls,5766414c82e96d26,census-c01-extract-v1.1.0-20260528T003618Z,C0101,33,613,00000,000000,District - Karur,rural,other,persons,35
census-india-2011,sources/census-2011/c-series/state-mdds/c01-33-tamil-nadu.xls,5766414c82e96d26,census-c01-extract-v1.1.0-20260528T003618Z,C0101,33,613,00000,000000,District - Karur,rural,other,males,17
census-india-2011,sources/census-2011/c-series/state-mdds/c01-33-tamil-nadu.xls,5766414c82e96d26,census-c01-extract-v1.1.0-20260528T003618Z,C0101,33,613,00000,000000,District - Karur,rural,other,females,18
census-india-2011,sources/census-2011/c-series/state-mdds/c01-33-tamil-nadu.xls,5766414c82e96d26,census-c01-extract-v1.1.0-20260528T003618Z,C0101,33,613,00000,000000,District - Karur,rural,not_stated,persons,500
census-india-2011,sources/census-2011/c-series/state-mdds/c01-33-tamil-nadu.xls,5766414c82e96d26,census-c01-extract-v1.1.0-20260528T003618Z,C0101,33,613,00000,000000,District - Karur,rural,not_stated,males,247
census-india-2011,sources/census-2011/c-series/state-mdds/c01-33-tamil-nadu.xls,5766414c82e96d26,census-c01-extract-v1.1.0-20260528T003618Z,C0101,33,613,00000,000000,District - Karur,rural,not_stated,females,253
census-india-2011,sources/census-2011/c-series/state-mdds/c01-33-tamil-nadu.xls,5766414c82e96d26,census-c01-extract-v1.1.0-20260528T003618Z,C0101,33,613,00000,000000,District - Karur,urban,all,persons,434517
census-india-2011,sources/census-2011/c-series/state-mdds/c01-33-tamil-nadu.xls,5766414c82e96d26,census-c01-extract-v1.1.0-20260528T003618Z,C0101,33,613,00000,000000,District - Karur,urban,all,males,215556
census-india-2011,sources/census-2011/c-series/state-mdds/c01-33-tamil-nadu.xls,5766414c82e96d26,census-c01-extract-v1.1.0-20260528T003618Z,C0101,33,613,00000,000000,District - Karur,urban,all,females,218961
census-india-2011,sources/census-2011/c-series/state-mdds/c01-33-tamil-nadu.xls,5766414c82e96d26,census-c01-extract-v1.1.0-20260528T003618Z,C0101,33,613,00000,000000,District - Karur,urban,hindu,persons,381838
census-india-2011,sources/census-2011/c-series/state-mdds/c01-33-tamil-nadu.xls,5766414c82e96d26,census-c01-extract-v1.1.0-20260528T003618Z,C0101,33,613,00000,000000,District - Karur,urban,hindu,males,189603
census-india-2011,sources/census-2011/c-series/state-mdds/c01-33-tamil-nadu.xls,5766414c82e96d26,census-c01-extract-v1.1.0-20260528T003618Z,C0101,33,613,00000,000000,District - Karur,urban,hindu,females,192235
census-india-2011,sources/census-2011/c-series/state-mdds/c01-33-tamil-nadu.xls,5766414c82e96d26,census-c01-extract-v1.1.0-20260528T003618Z,C0101,33,613,00000,000000,District - Karur,urban,muslim,persons,43347
census-india-2011,sources/census-2011/c-series/state-mdds/c01-33-tamil-nadu.xls,5766414c82e96d26,census-c01-extract-v1.1.0-20260528T003618Z,C0101,33,613,00000,000000,District - Karur,urban,muslim,males,21380
census-india-2011,sources/census-2011/c-series/state-mdds/c01-33-tamil-nadu.xls,5766414c82e96d26,census-c01-extract-v1.1.0-20260528T003618Z,C0101,33,613,00000,000000,District - Karur,urban,muslim,females,21967
census-india-2011,sources/census-2011/c-series/state-mdds/c01-33-tamil-nadu.xls,5766414c82e96d26,census-c01-extract-v1.1.0-20260528T003618Z,C0101,33,613,00000,000000,District - Karur,urban,christian,persons,8871
census-india-2011,sources/census-2011/c-series/state-mdds/c01-33-tamil-nadu.xls,5766414c82e96d26,census-c01-extract-v1.1.0-20260528T003618Z,C0101,33,613,00000,000000,District - Karur,urban,christian,males,4362
census-india-2011,sources/census-2011/c-series/state-mdds/c01-33-tamil-nadu.xls,5766414c82e96d26,census-c01-extract-v1.1.0-20260528T003618Z,C0101,33,613,00000,000000,District - Karur,urban,christian,females,4509
census-india-2011,sources/census-2011/c-series/state-mdds/c01-33-tamil-nadu.xls,5766414c82e96d26,census-c01-extract-v1.1.0-20260528T003618Z,C0101,33,613,00000,000000,District - Karur,urban,sikh,persons,73
census-india-2011,sources/census-2011/c-series/state-mdds/c01-33-tamil-nadu.xls,5766414c82e96d26,census-c01-extract-v1.1.0-20260528T003618Z,C0101,33,613,00000,000000,District - Karur,urban,sikh,males,35
census-india-2011,sources/census-2011/c-series/state-mdds/c01-33-tamil-nadu.xls,5766414c82e96d26,census-c01-extract-v1.1.0-20260528T003618Z,C0101,33,613,00000,000000,District - Karur,urban,sikh,females,38
census-india-2011,sources/census-2011/c-series/state-mdds/c01-33-tamil-nadu.xls,5766414c82e96d26,census-c01-extract-v1.1.0-20260528T003618Z,C0101,33,613,00000,000000,District - Karur,urban,buddhist,persons,18
census-india-2011,sources/census-2011/c-series/state-mdds/c01-33-tamil-nadu.xls,5766414c82e96d26,census-c01-extract-v1.1.0-20260528T003618Z,C0101,33,613,00000,000000,District - Karur,urban,buddhist,males,10
census-india-2011,sources/census-2011/c-series/state-mdds/c01-33-tamil-nadu.xls,5766414c82e96d26,census-c01-extract-v1.1.0-20260528T003618Z,C0101,33,613,00000,000000,District - Karur,urban,buddhist,females,8
census-india-2011,sources/census-2011/c-series/state-mdds/c01-33-tamil-nadu.xls,5766414c82e96d26,census-c01-extract-v1.1.0-20260528T003618Z,C0101,33,613,00000,000000,District - Karur,urban,jain,persons,4
census-india-2011,sources/census-2011/c-series/state-mdds/c01-33-tamil-nadu.xls,5766414c82e96d26,census-c01-extract-v1.1.0-20260528T003618Z,C0101,33,613,00000,000000,District - Karur,urban,jain,males,1
census-india-2011,sources/census-2011/c-series/state-mdds/c01-33-tamil-nadu.xls,5766414c82e96d26,census-c01-extract-v1.1.0-20260528T003618Z,C0101,33,613,00000,000000,District - Karur,urban,jain,females,3
census-india-2011,sources/census-2011/c-series/state-mdds/c01-33-tamil-nadu.xls,5766414c82e96d26,census-c01-extract-v1.1.0-20260528T003618Z,C0101,33,613,00000,000000,District - Karur,urban,other,persons,44
census-india-2011,sources/census-2011/c-series/state-mdds/c01-33-tamil-nadu.xls,5766414c82e96d26,census-c01-extract-v1.1.0-20260528T003618Z,C0101,33,613,00000,000000,District - Karur,urban,other,males,19
census-india-2011,sources/census-2011/c-series/state-mdds/c01-33-tamil-nadu.xls,5766414c82e96d26,census-c01-extract-v1.1.0-20260528T003618Z,C0101,33,613,00000,000000,District - Karur,urban,other,females,25
census-india-2011,sources/census-2011/c-series/state-mdds/c01-33-tamil-nadu.xls,5766414c82e96d26,census-c01-extract-v1.1.0-20260528T003618Z,C0101,33,613,00000,000000,District - Karur,urban,not_stated,persons,322
census-india-2011,sources/census-2011/c-series/state-mdds/c01-33-tamil-nadu.xls,5766414c82e96d26,census-c01-extract-v1.1.0-20260528T003618Z,C0101,33,613,00000,000000,District - Karur,urban,not_stated,males,146
census-india-2011,sources/census-2011/c-series/state-mdds/c01-33-tamil-nadu.xls,5766414c82e96d26,census-c01-extract-v1.1.0-20260528T003618Z,C0101,33,613,00000,000000,District - Karur,urban,not_stated,females,176
census-india-2011,sources/census-2011/c-series/state-mdds/c01-33-tamil-nadu.xls,5766414c82e96d26,census-c01-extract-v1.1.0-20260528T003618Z,C0101,33,614,00000,000000,District - Tiruchirappalli,total,all,persons,2722290
census-india-2011,sources/census-2011/c-series/state-mdds/c01-33-tamil-nadu.xls,5766414c82e96d26,census-c01-extract-v1.1.0-20260528T003618Z,C0101,33,614,00000,000000,District - Tiruchirappalli,total,all,males,1352284
census-india-2011,sources/census-2011/c-series/state-mdds/c01-33-tamil-nadu.xls,5766414c82e96d26,census-c01-extract-v1.1.0-20260528T003618Z,C0101,33,614,00000,000000,District - Tiruchirappalli,total,all,females,1370006
census-india-2011,sources/census-2011/c-series/state-mdds/c01-33-tamil-nadu.xls,5766414c82e96d26,census-c01-extract-v1.1.0-20260528T003618Z,C0101,33,614,00000,000000,District - Tiruchirappalli,total,hindu,persons,2279413
census-india-2011,sources/census-2011/c-series/state-mdds/c01-33-tamil-nadu.xls,5766414c82e96d26,census-c01-extract-v1.1.0-20260528T003618Z,C0101,33,614,00000,000000,District - Tiruchirappalli,total,hindu,males,1135359
census-india-2011,sources/census-2011/c-series/state-mdds/c01-33-tamil-nadu.xls,5766414c82e96d26,census-c01-extract-v1.1.0-20260528T003618Z,C0101,33,614,00000,000000,District - Tiruchirappalli,total,hindu,females,1144054
census-india-2011,sources/census-2011/c-series/state-mdds/c01-33-tamil-nadu.xls,5766414c82e96d26,census-c01-extract-v1.1.0-20260528T003618Z,C0101,33,614,00000,000000,District - Tiruchirappalli,total,muslim,persons,190964
census-india-2011,sources/census-2011/c-series/state-mdds/c01-33-tamil-nadu.xls,5766414c82e96d26,census-c01-extract-v1.1.0-20260528T003618Z,C0101,33,614,00000,000000,District - Tiruchirappalli,total,muslim,males,94057
census-india-2011,sources/census-2011/c-series/state-mdds/c01-33-tamil-nadu.xls,5766414c82e96d26,census-c01-extract-v1.1.0-20260528T003618Z,C0101,33,614,00000,000000,District - Tiruchirappalli,total,muslim,females,96907
census-india-2011,sources/census-2011/c-series/state-mdds/c01-33-tamil-nadu.xls,5766414c82e96d26,census-c01-extract-v1.1.0-20260528T003618Z,C0101,33,614,00000,000000,District - Tiruchirappalli,total,christian,persons,246156
census-india-2011,sources/census-2011/c-series/state-mdds/c01-33-tamil-nadu.xls,5766414c82e96d26,census-c01-extract-v1.1.0-20260528T003618Z,C0101,33,614,00000,000000,District - Tiruchirappalli,total,christian,males,120093
census-india-2011,sources/census-2011/c-series/state-mdds/c01-33-tamil-nadu.xls,5766414c82e96d26,census-c01-extract-v1.1.0-20260528T003618Z,C0101,33,614,00000,000000,District - Tiruchirappalli,total,christian,females,126063
census-india-2011,sources/census-2011/c-series/state-mdds/c01-33-tamil-nadu.xls,5766414c82e96d26,census-c01-extract-v1.1.0-20260528T003618Z,C0101,33,614,00000,000000,District - Tiruchirappalli,total,sikh,persons,324
census-india-2011,sources/census-2011/c-series/state-mdds/c01-33-tamil-nadu.xls,5766414c82e96d26,census-c01-extract-v1.1.0-20260528T003618Z,C0101,33,614,00000,000000,District - Tiruchirappalli,total,sikh,males,176
census-india-2011,sources/census-2011/c-series/state-mdds/c01-33-tamil-nadu.xls,5766414c82e96d26,census-c01-extract-v1.1.0-20260528T003618Z,C0101,33,614,00000,000000,District - Tiruchirappalli,total,sikh,females,148
census-india-2011,sources/census-2011/c-series/state-mdds/c01-33-tamil-nadu.xls,5766414c82e96d26,census-c01-extract-v1.1.0-20260528T003618Z,C0101,33,614,00000,000000,District - Tiruchirappalli,total,buddhist,persons,250
census-india-2011,sources/census-2011/c-series/state-mdds/c01-33-tamil-nadu.xls,5766414c82e96d26,census-c01-extract-v1.1.0-20260528T003618Z,C0101,33,614,00000,000000,District - Tiruchirappalli,total,buddhist,males,128
census-india-2011,sources/census-2011/c-series/state-mdds/c01-33-tamil-nadu.xls,5766414c82e96d26,census-c01-extract-v1.1.0-20260528T003618Z,C0101,33,614,00000,000000,District - Tiruchirappalli,total,buddhist,females,122
census-india-2011,sources/census-2011/c-series/state-mdds/c01-33-tamil-nadu.xls,5766414c82e96d26,census-c01-extract-v1.1.0-20260528T003618Z,C0101,33,614,00000,000000,District - Tiruchirappalli,total,jain,persons,628
census-india-2011,sources/census-2011/c-series/state-mdds/c01-33-tamil-nadu.xls,5766414c82e96d26,census-c01-extract-v1.1.0-20260528T003618Z,C0101,33,614,00000,000000,District - Tiruchirappalli,total,jain,males,323
census-india-2011,sources/census-2011/c-series/state-mdds/c01-33-tamil-nadu.xls,5766414c82e96d26,census-c01-extract-v1.1.0-20260528T003618Z,C0101,33,614,00000,000000,District - Tiruchirappalli,total,jain,females,305
census-india-2011,sources/census-2011/c-series/state-mdds/c01-33-tamil-nadu.xls,5766414c82e96d26,census-c01-extract-v1.1.0-20260528T003618Z,C0101,33,614,00000,000000,District - Tiruchirappalli,total,other,persons,253
census-india-2011,sources/census-2011/c-series/state-mdds/c01-33-tamil-nadu.xls,5766414c82e96d26,census-c01-extract-v1.1.0-20260528T003618Z,C0101,33,614,00000,000000,District - Tiruchirappalli,total,other,males,130
census-india-2011,sources/census-2011/c-series/state-mdds/c01-33-tamil-nadu.xls,5766414c82e96d26,census-c01-extract-v1.1.0-20260528T003618Z,C0101,33,614,00000,000000,District - Tiruchirappalli,total,other,females,123
census-india-2011,sources/census-2011/c-series/state-mdds/c01-33-tamil-nadu.xls,5766414c82e96d26,census-c01-extract-v1.1.0-20260528T003618Z,C0101,33,614,00000,000000,District - Tiruchirappalli,total,not_stated,persons,4302
census-india-2011,sources/census-2011/c-series/state-mdds/c01-33-tamil-nadu.xls,5766414c82e96d26,census-c01-extract-v1.1.0-20260528T003618Z,C0101,33,614,00000,000000,District - Tiruchirappalli,total,not_stated,males,2018
census-india-2011,sources/census-2011/c-series/state-mdds/c01-33-tamil-nadu.xls,5766414c82e96d26,census-c01-extract-v1.1.0-20260528T003618Z,C0101,33,614,00000,000000,District - Tiruchirappalli,total,not_stated,females,2284
census-india-2011,sources/census-2011/c-series/state-mdds/c01-33-tamil-nadu.xls,5766414c82e96d26,census-c01-extract-v1.1.0-20260528T003618Z,C0101,33,614,00000,000000,District - Tiruchirappalli,rural,all,persons,1384257
census-india-2011,sources/census-2011/c-series/state-mdds/c01-33-tamil-nadu.xls,5766414c82e96d26,census-c01-extract-v1.1.0-20260528T003618Z,C0101,33,614,00000,000000,District - Tiruchirappalli,rural,all,males,688552
census-india-2011,sources/census-2011/c-series/state-mdds/c01-33-tamil-nadu.xls,5766414c82e96d26,census-c01-extract-v1.1.0-20260528T003618Z,C0101,33,614,00000,000000,District - Tiruchirappalli,rural,all,females,695705
census-india-2011,sources/census-2011/c-series/state-mdds/c01-33-tamil-nadu.xls,5766414c82e96d26,census-c01-extract-v1.1.0-20260528T003618Z,C0101,33,614,00000,000000,District - Tiruchirappalli,rural,hindu,persons,1246567
census-india-2011,sources/census-2011/c-series/state-mdds/c01-33-tamil-nadu.xls,5766414c82e96d26,census-c01-extract-v1.1.0-20260528T003618Z,C0101,33,614,00000,000000,District - Tiruchirappalli,rural,hindu,males,620980
census-india-2011,sources/census-2011/c-series/state-mdds/c01-33-tamil-nadu.xls,5766414c82e96d26,census-c01-extract-v1.1.0-20260528T003618Z,C0101,33,614,00000,000000,District - Tiruchirappalli,rural,hindu,females,625587
census-india-2011,sources/census-2011/c-series/state-mdds/c01-33-tamil-nadu.xls,5766414c82e96d26,census-c01-extract-v1.1.0-20260528T003618Z,C0101,33,614,00000,000000,District - Tiruchirappalli,rural,muslim,persons,29196
census-india-2011,sources/census-2011/c-series/state-mdds/c01-33-tamil-nadu.xls,5766414c82e96d26,census-c01-extract-v1.1.0-20260528T003618Z,C0101,33,614,00000,000000,District - Tiruchirappalli,rural,muslim,males,14413
census-india-2011,sources/census-2011/c-series/state-mdds/c01-33-tamil-nadu.xls,5766414c82e96d26,census-c01-extract-v1.1.0-20260528T003618Z,C0101,33,614,00000,000000,District - Tiruchirappalli,rural,muslim,females,14783
census-india-2011,sources/census-2011/c-series/state-mdds/c01-33-tamil-nadu.xls,5766414c82e96d26,census-c01-extract-v1.1.0-20260528T003618Z,C0101,33,614,00000,000000,District - Tiruchirappalli,rural,christian,persons,106655
census-india-2011,sources/census-2011/c-series/state-mdds/c01-33-tamil-nadu.xls,5766414c82e96d26,census-c01-extract-v1.1.0-20260528T003618Z,C0101,33,614,00000,000000,District - Tiruchirappalli,rural,christian,males,52262
census-india-2011,sources/census-2011/c-series/state-mdds/c01-33-tamil-nadu.xls,5766414c82e96d26,census-c01-extract-v1.1.0-20260528T003618Z,C0101,33,614,00000,000000,District - Tiruchirappalli,rural,christian,females,54393
census-india-2011,sources/census-2011/c-series/state-mdds/c01-33-tamil-nadu.xls,5766414c82e96d26,census-c01-extract-v1.1.0-20260528T003618Z,C0101,33,614,00000,000000,District - Tiruchirappalli,rural,sikh,persons,107
census-india-2011,sources/census-2011/c-series/state-mdds/c01-33-tamil-nadu.xls,5766414c82e96d26,census-c01-extract-v1.1.0-20260528T003618Z,C0101,33,614,00000,000000,District - Tiruchirappalli,rural,sikh,males,50
census-india-2011,sources/census-2011/c-series/state-mdds/c01-33-tamil-nadu.xls,5766414c82e96d26,census-c01-extract-v1.1.0-20260528T003618Z,C0101,33,614,00000,000000,District - Tiruchirappalli,rural,sikh,females,57
census-india-2011,sources/census-2011/c-series/state-mdds/c01-33-tamil-nadu.xls,5766414c82e96d26,census-c01-extract-v1.1.0-20260528T003618Z,C0101,33,614,00000,000000,District - Tiruchirappalli,rural,buddhist,persons,106
census-india-2011,sources/census-2011/c-series/state-mdds/c01-33-tamil-nadu.xls,5766414c82e96d26,census-c01-extract-v1.1.0-20260528T003618Z,C0101,33,614,00000,000000,District - Tiruchirappalli,rural,buddhist,males,50
census-india-2011,sources/census-2011/c-series/state-mdds/c01-33-tamil-nadu.xls,5766414c82e96d26,census-c01-extract-v1.1.0-20260528T003618Z,C0101,33,614,00000,000000,District - Tiruchirappalli,rural,buddhist,females,56
census-india-2011,sources/census-2011/c-series/state-mdds/c01-33-tamil-nadu.xls,5766414c82e96d26,census-c01-extract-v1.1.0-20260528T003618Z,C0101,33,614,00000,000000,District - Tiruchirappalli,rural,jain,persons,33
census-india-2011,sources/census-2011/c-series/state-mdds/c01-33-tamil-nadu.xls,5766414c82e96d26,census-c01-extract-v1.1.0-20260528T003618Z,C0101,33,614,00000,000000,District - Tiruchirappalli,rural,jain,males,20
census-india-2011,sources/census-2011/c-series/state-mdds/c01-33-tamil-nadu.xls,5766414c82e96d26,census-c01-extract-v1.1.0-20260528T003618Z,C0101,33,614,00000,000000,District - Tiruchirappalli,rural,jain,females,13
census-india-2011,sources/census-2011/c-series/state-mdds/c01-33-tamil-nadu.xls,5766414c82e96d26,census-c01-extract-v1.1.0-20260528T003618Z,C0101,33,614,00000,000000,District - Tiruchirappalli,rural,other,persons,94
census-india-2011,sources/census-2011/c-series/state-mdds/c01-33-tamil-nadu.xls,5766414c82e96d26,census-c01-extract-v1.1.0-20260528T003618Z,C0101,33,614,00000,000000,District - Tiruchirappalli,rural,other,males,51
census-india-2011,sources/census-2011/c-series/state-mdds/c01-33-tamil-nadu.xls,5766414c82e96d26,census-c01-extract-v1.1.0-20260528T003618Z,C0101,33,614,00000,000000,District - Tiruchirappalli,rural,other,females,43
census-india-2011,sources/census-2011/c-series/state-mdds/c01-33-tamil-nadu.xls,5766414c82e96d26,census-c01-extract-v1.1.0-20260528T003618Z,C0101,33,614,00000,000000,District - Tiruchirappalli,rural,not_stated,persons,1499
census-india-2011,sources/census-2011/c-series/state-mdds/c01-33-tamil-nadu.xls,5766414c82e96d26,census-c01-extract-v1.1.0-20260528T003618Z,C0101,33,614,00000,000000,District - Tiruchirappalli,rural,not_stated,males,726
census-india-2011,sources/census-2011/c-series/state-mdds/c01-33-tamil-nadu.xls,5766414c82e96d26,census-c01-extract-v1.1.0-20260528T003618Z,C0101,33,614,00000,000000,District - Tiruchirappalli,rural,not_stated,females,773
census-india-2011,sources/census-2011/c-series/state-mdds/c01-33-tamil-nadu.xls,5766414c82e96d26,census-c01-extract-v1.1.0-20260528T003618Z,C0101,33,614,00000,000000,District - Tiruchirappalli,urban,all,persons,1338033
census-india-2011,sources/census-2011/c-series/state-mdds/c01-33-tamil-nadu.xls,5766414c82e96d26,census-c01-extract-v1.1.0-20260528T003618Z,C0101,33,614,00000,000000,District - Tiruchirappalli,urban,all,males,663732
census-india-2011,sources/census-2011/c-series/state-mdds/c01-33-tamil-nadu.xls,5766414c82e96d26,census-c01-extract-v1.1.0-20260528T003618Z,C0101,33,614,00000,000000,District - Tiruchirappalli,urban,all,females,674301
census-india-2011,sources/census-2011/c-series/state-mdds/c01-33-tamil-nadu.xls,5766414c82e96d26,census-c01-extract-v1.1.0-20260528T003618Z,C0101,33,614,00000,000000,District - Tiruchirappalli,urban,hindu,persons,1032846
census-india-2011,sources/census-2011/c-series/state-mdds/c01-33-tamil-nadu.xls,5766414c82e96d26,census-c01-extract-v1.1.0-20260528T003618Z,C0101,33,614,00000,000000,District - Tiruchirappalli,urban,hindu,males,514379
census-india-2011,sources/census-2011/c-series/state-mdds/c01-33-tamil-nadu.xls,5766414c82e96d26,census-c01-extract-v1.1.0-20260528T003618Z,C0101,33,614,00000,000000,District - Tiruchirappalli,urban,hindu,females,518467
census-india-2011,sources/census-2011/c-series/state-mdds/c01-33-tamil-nadu.xls,5766414c82e96d26,census-c01-extract-v1.1.0-20260528T003618Z,C0101,33,614,00000,000000,District - Tiruchirappalli,urban,muslim,persons,161768
census-india-2011,sources/census-2011/c-series/state-mdds/c01-33-tamil-nadu.xls,5766414c82e96d26,census-c01-extract-v1.1.0-20260528T003618Z,C0101,33,614,00000,000000,District - Tiruchirappalli,urban,muslim,males,79644
census-india-2011,sources/census-2011/c-series/state-mdds/c01-33-tamil-nadu.xls,5766414c82e96d26,census-c01-extract-v1.1.0-20260528T003618Z,C0101,33,614,00000,000000,District - Tiruchirappalli,urban,muslim,females,82124
census-india-2011,sources/census-2011/c-series/state-mdds/c01-33-tamil-nadu.xls,5766414c82e96d26,census-c01-extract-v1.1.0-20260528T003618Z,C0101,33,614,00000,000000,District - Tiruchirappalli,urban,christian,persons,139501
census-india-2011,sources/census-2011/c-series/state-mdds/c01-33-tamil-nadu.xls,5766414c82e96d26,census-c01-extract-v1.1.0-20260528T003618Z,C0101,33,614,00000,000000,District - Tiruchirappalli,urban,christian,males,67831
census-india-2011,sources/census-2011/c-series/state-mdds/c01-33-tamil-nadu.xls,5766414c82e96d26,census-c01-extract-v1.1.0-20260528T003618Z,C0101,33,614,00000,000000,District - Tiruchirappalli,urban,christian,females,71670
census-india-2011,sources/census-2011/c-series/state-mdds/c01-33-tamil-nadu.xls,5766414c82e96d26,census-c01-extract-v1.1.0-20260528T003618Z,C0101,33,614,00000,000000,District - Tiruchirappalli,urban,sikh,persons,217
census-india-2011,sources/census-2011/c-series/state-mdds/c01-33-tamil-nadu.xls,5766414c82e96d26,census-c01-extract-v1.1.0-20260528T003618Z,C0101,33,614,00000,000000,District - Tiruchirappalli,urban,sikh,males,126
census-india-2011,sources/census-2011/c-series/state-mdds/c01-33-tamil-nadu.xls,5766414c82e96d26,census-c01-extract-v1.1.0-20260528T003618Z,C0101,33,614,00000,000000,District - Tiruchirappalli,urban,sikh,females,91
census-india-2011,sources/census-2011/c-series/state-mdds/c01-33-tamil-nadu.xls,5766414c82e96d26,census-c01-extract-v1.1.0-20260528T003618Z,C0101,33,614,00000,000000,District - Tiruchirappalli,urban,buddhist,persons,144
census-india-2011,sources/census-2011/c-series/state-mdds/c01-33-tamil-nadu.xls,5766414c82e96d26,census-c01-extract-v1.1.0-20260528T003618Z,C0101,33,614,00000,000000,District - Tiruchirappalli,urban,buddhist,males,78
census-india-2011,sources/census-2011/c-series/state-mdds/c01-33-tamil-nadu.xls,5766414c82e96d26,census-c01-extract-v1.1.0-20260528T003618Z,C0101,33,614,00000,000000,District - Tiruchirappalli,urban,buddhist,females,66
census-india-2011,sources/census-2011/c-series/state-mdds/c01-33-tamil-nadu.xls,5766414c82e96d26,census-c01-extract-v1.1.0-20260528T003618Z,C0101,33,614,00000,000000,District - Tiruchirappalli,urban,jain,persons,595
census-india-2011,sources/census-2011/c-series/state-mdds/c01-33-tamil-nadu.xls,5766414c82e96d26,census-c01-extract-v1.1.0-20260528T003618Z,C0101,33,614,00000,000000,District - Tiruchirappalli,urban,jain,males,303
census-india-2011,sources/census-2011/c-series/state-mdds/c01-33-tamil-nadu.xls,5766414c82e96d26,census-c01-extract-v1.1.0-20260528T003618Z,C0101,33,614,00000,000000,District - Tiruchirappalli,urban,jain,females,292
census-india-2011,sources/census-2011/c-series/state-mdds/c01-33-tamil-nadu.xls,5766414c82e96d26,census-c01-extract-v1.1.0-20260528T003618Z,C0101,33,614,00000,000000,District - Tiruchirappalli,urban,other,persons,159
census-india-2011,sources/census-2011/c-series/state-mdds/c01-33-tamil-nadu.xls,5766414c82e96d26,census-c01-extract-v1.1.0-20260528T003618Z,C0101,33,614,00000,000000,District - Tiruchirappalli,urban,other,males,79
census-india-2011,sources/census-2011/c-series/state-mdds/c01-33-tamil-nadu.xls,5766414c82e96d26,census-c01-extract-v1.1.0-20260528T003618Z,C0101,33,614,00000,000000,District - Tiruchirappalli,urban,other,females,80
census-india-2011,sources/census-2011/c-series/state-mdds/c01-33-tamil-nadu.xls,5766414c82e96d26,census-c01-extract-v1.1.0-20260528T003618Z,C0101,33,614,00000,000000,District - Tiruchirappalli,urban,not_stated,persons,2803
census-india-2011,sources/census-2011/c-series/state-mdds/c01-33-tamil-nadu.xls,5766414c82e96d26,census-c01-extract-v1.1.0-20260528T003618Z,C0101,33,614,00000,000000,District - Tiruchirappalli,urban,not_stated,males,1292
census-india-2011,sources/census-2011/c-series/state-mdds/c01-33-tamil-nadu.xls,5766414c82e96d26,census-c01-extract-v1.1.0-20260528T003618Z,C0101,33,614,00000,000000,District - Tiruchirappalli,urban,not_stated,females,1511
census-india-2011,sources/census-2011/c-series/state-mdds/c01-33-tamil-nadu.xls,5766414c82e96d26,census-c01-extract-v1.1.0-20260528T003618Z,C0101,33,615,00000,000000,District - Perambalur,total,all,persons,565223
census-india-2011,sources/census-2011/c-series/state-mdds/c01-33-tamil-nadu.xls,5766414c82e96d26,census-c01-extract-v1.1.0-20260528T003618Z,C0101,33,615,00000,000000,District - Perambalur,total,all,males,282157
census-india-2011,sources/census-2011/c-series/state-mdds/c01-33-tamil-nadu.xls,5766414c82e96d26,census-c01-extract-v1.1.0-20260528T003618Z,C0101,33,615,00000,000000,District - Perambalur,total,all,females,283066
census-india-2011,sources/census-2011/c-series/state-mdds/c01-33-tamil-nadu.xls,5766414c82e96d26,census-c01-extract-v1.1.0-20260528T003618Z,C0101,33,615,00000,000000,District - Perambalur,total,hindu,persons,521658
census-india-2011,sources/census-2011/c-series/state-mdds/c01-33-tamil-nadu.xls,5766414c82e96d26,census-c01-extract-v1.1.0-20260528T003618Z,C0101,33,615,00000,000000,District - Perambalur,total,hindu,males,260853
census-india-2011,sources/census-2011/c-series/state-mdds/c01-33-tamil-nadu.xls,5766414c82e96d26,census-c01-extract-v1.1.0-20260528T003618Z,C0101,33,615,00000,000000,District - Perambalur,total,hindu,females,260805
census-india-2011,sources/census-2011/c-series/state-mdds/c01-33-tamil-nadu.xls,5766414c82e96d26,census-c01-extract-v1.1.0-20260528T003618Z,C0101,33,615,00000,000000,District - Perambalur,total,muslim,persons,32702
census-india-2011,sources/census-2011/c-series/state-mdds/c01-33-tamil-nadu.xls,5766414c82e96d26,census-c01-extract-v1.1.0-20260528T003618Z,C0101,33,615,00000,000000,District - Perambalur,total,muslim,males,15893
census-india-2011,sources/census-2011/c-series/state-mdds/c01-33-tamil-nadu.xls,5766414c82e96d26,census-c01-extract-v1.1.0-20260528T003618Z,C0101,33,615,00000,000000,District - Perambalur,total,muslim,females,16809
census-india-2011,sources/census-2011/c-series/state-mdds/c01-33-tamil-nadu.xls,5766414c82e96d26,census-c01-extract-v1.1.0-20260528T003618Z,C0101,33,615,00000,000000,District - Perambalur,total,christian,persons,10301
census-india-2011,sources/census-2011/c-series/state-mdds/c01-33-tamil-nadu.xls,5766414c82e96d26,census-c01-extract-v1.1.0-20260528T003618Z,C0101,33,615,00000,000000,District - Perambalur,total,christian,males,5145
census-india-2011,sources/census-2011/c-series/state-mdds/c01-33-tamil-nadu.xls,5766414c82e96d26,census-c01-extract-v1.1.0-20260528T003618Z,C0101,33,615,00000,000000,District - Perambalur,total,christian,females,5156
census-india-2011,sources/census-2011/c-series/state-mdds/c01-33-tamil-nadu.xls,5766414c82e96d26,census-c01-extract-v1.1.0-20260528T003618Z,C0101,33,615,00000,000000,District - Perambalur,total,sikh,persons,83
census-india-2011,sources/census-2011/c-series/state-mdds/c01-33-tamil-nadu.xls,5766414c82e96d26,census-c01-extract-v1.1.0-20260528T003618Z,C0101,33,615,00000,000000,District - Perambalur,total,sikh,males,33
census-india-2011,sources/census-2011/c-series/state-mdds/c01-33-tamil-nadu.xls,5766414c82e96d26,census-c01-extract-v1.1.0-20260528T003618Z,C0101,33,615,00000,000000,District - Perambalur,total,sikh,females,50
census-india-2011,sources/census-2011/c-series/state-mdds/c01-33-tamil-nadu.xls,5766414c82e96d26,census-c01-extract-v1.1.0-20260528T003618Z,C0101,33,615,00000,000000,District - Perambalur,total,buddhist,persons,39
census-india-2011,sources/census-2011/c-series/state-mdds/c01-33-tamil-nadu.xls,5766414c82e96d26,census-c01-extract-v1.1.0-20260528T003618Z,C0101,33,615,00000,000000,District - Perambalur,total,buddhist,males,21
census-india-2011,sources/census-2011/c-series/state-mdds/c01-33-tamil-nadu.xls,5766414c82e96d26,census-c01-extract-v1.1.0-20260528T003618Z,C0101,33,615,00000,000000,District - Perambalur,total,buddhist,females,18
census-india-2011,sources/census-2011/c-series/state-mdds/c01-33-tamil-nadu.xls,5766414c82e96d26,census-c01-extract-v1.1.0-20260528T003618Z,C0101,33,615,00000,000000,District - Perambalur,total,jain,persons,38
census-india-2011,sources/census-2011/c-series/state-mdds/c01-33-tamil-nadu.xls,5766414c82e96d26,census-c01-extract-v1.1.0-20260528T003618Z,C0101,33,615,00000,000000,District - Perambalur,total,jain,males,15
census-india-2011,sources/census-2011/c-series/state-mdds/c01-33-tamil-nadu.xls,5766414c82e96d26,census-c01-extract-v1.1.0-20260528T003618Z,C0101,33,615,00000,000000,District - Perambalur,total,jain,females,23
census-india-2011,sources/census-2011/c-series/state-mdds/c01-33-tamil-nadu.xls,5766414c82e96d26,census-c01-extract-v1.1.0-20260528T003618Z,C0101,33,615,00000,000000,District - Perambalur,total,other,persons,26
census-india-2011,sources/census-2011/c-series/state-mdds/c01-33-tamil-nadu.xls,5766414c82e96d26,census-c01-extract-v1.1.0-20260528T003618Z,C0101,33,615,00000,000000,District - Perambalur,total,other,males,11
census-india-2011,sources/census-2011/c-series/state-mdds/c01-33-tamil-nadu.xls,5766414c82e96d26,census-c01-extract-v1.1.0-20260528T003618Z,C0101,33,615,00000,000000,District - Perambalur,total,other,females,15
census-india-2011,sources/census-2011/c-series/state-mdds/c01-33-tamil-nadu.xls,5766414c82e96d26,census-c01-extract-v1.1.0-20260528T003618Z,C0101,33,615,00000,000000,District - Perambalur,total,not_stated,persons,376
census-india-2011,sources/census-2011/c-series/state-mdds/c01-33-tamil-nadu.xls,5766414c82e96d26,census-c01-extract-v1.1.0-20260528T003618Z,C0101,33,615,00000,000000,District - Perambalur,total,not_stated,males,186
census-india-2011,sources/census-2011/c-series/state-mdds/c01-33-tamil-nadu.xls,5766414c82e96d26,census-c01-extract-v1.1.0-20260528T003618Z,C0101,33,615,00000,000000,District - Perambalur,total,not_stated,females,190
census-india-2011,sources/census-2011/c-series/state-mdds/c01-33-tamil-nadu.xls,5766414c82e96d26,census-c01-extract-v1.1.0-20260528T003618Z,C0101,33,615,00000,000000,District - Perambalur,rural,all,persons,468060
census-india-2011,sources/census-2011/c-series/state-mdds/c01-33-tamil-nadu.xls,5766414c82e96d26,census-c01-extract-v1.1.0-20260528T003618Z,C0101,33,615,00000,000000,District - Perambalur,rural,all,males,233926
census-india-2011,sources/census-2011/c-series/state-mdds/c01-33-tamil-nadu.xls,5766414c82e96d26,census-c01-extract-v1.1.0-20260528T003618Z,C0101,33,615,00000,000000,District - Perambalur,rural,all,females,234134
census-india-2011,sources/census-2011/c-series/state-mdds/c01-33-tamil-nadu.xls,5766414c82e96d26,census-c01-extract-v1.1.0-20260528T003618Z,C0101,33,615,00000,000000,District - Perambalur,rural,hindu,persons,445128
census-india-2011,sources/census-2011/c-series/state-mdds/c01-33-tamil-nadu.xls,5766414c82e96d26,census-c01-extract-v1.1.0-20260528T003618Z,C0101,33,615,00000,000000,District - Perambalur,rural,hindu,males,222776
census-india-2011,sources/census-2011/c-series/state-mdds/c01-33-tamil-nadu.xls,5766414c82e96d26,census-c01-extract-v1.1.0-20260528T003618Z,C0101,33,615,00000,000000,District - Perambalur,rural,hindu,females,222352
census-india-2011,sources/census-2011/c-series/state-mdds/c01-33-tamil-nadu.xls,5766414c82e96d26,census-c01-extract-v1.1.0-20260528T003618Z,C0101,33,615,00000,000000,District - Perambalur,rural,muslim,persons,14857
census-india-2011,sources/census-2011/c-series/state-mdds/c01-33-tamil-nadu.xls,5766414c82e96d26,census-c01-extract-v1.1.0-20260528T003618Z,C0101,33,615,00000,000000,District - Perambalur,rural,muslim,males,7106
census-india-2011,sources/census-2011/c-series/state-mdds/c01-33-tamil-nadu.xls,5766414c82e96d26,census-c01-extract-v1.1.0-20260528T003618Z,C0101,33,615,00000,000000,District - Perambalur,rural,muslim,females,7751
census-india-2011,sources/census-2011/c-series/state-mdds/c01-33-tamil-nadu.xls,5766414c82e96d26,census-c01-extract-v1.1.0-20260528T003618Z,C0101,33,615,00000,000000,District - Perambalur,rural,christian,persons,7639
census-india-2011,sources/census-2011/c-series/state-mdds/c01-33-tamil-nadu.xls,5766414c82e96d26,census-c01-extract-v1.1.0-20260528T003618Z,C0101,33,615,00000,000000,District - Perambalur,rural,christian,males,3840
census-india-2011,sources/census-2011/c-series/state-mdds/c01-33-tamil-nadu.xls,5766414c82e96d26,census-c01-extract-v1.1.0-20260528T003618Z,C0101,33,615,00000,000000,District - Perambalur,rural,christian,females,3799
census-india-2011,sources/census-2011/c-series/state-mdds/c01-33-tamil-nadu.xls,5766414c82e96d26,census-c01-extract-v1.1.0-20260528T003618Z,C0101,33,615,00000,000000,District - Perambalur,rural,sikh,persons,71
census-india-2011,sources/census-2011/c-series/state-mdds/c01-33-tamil-nadu.xls,5766414c82e96d26,census-c01-extract-v1.1.0-20260528T003618Z,C0101,33,615,00000,000000,District - Perambalur,rural,sikh,males,27
census-india-2011,sources/census-2011/c-series/state-mdds/c01-33-tamil-nadu.xls,5766414c82e96d26,census-c01-extract-v1.1.0-20260528T003618Z,C0101,33,615,00000,000000,District - Perambalur,rural,sikh,females,44
census-india-2011,sources/census-2011/c-series/state-mdds/c01-33-tamil-nadu.xls,5766414c82e96d26,census-c01-extract-v1.1.0-20260528T003618Z,C0101,33,615,00000,000000,District - Perambalur,rural,buddhist,persons,35
census-india-2011,sources/census-2011/c-series/state-mdds/c01-33-tamil-nadu.xls,5766414c82e96d26,census-c01-extract-v1.1.0-20260528T003618Z,C0101,33,615,00000,000000,District - Perambalur,rural,buddhist,males,18
census-india-2011,sources/census-2011/c-series/state-mdds/c01-33-tamil-nadu.xls,5766414c82e96d26,census-c01-extract-v1.1.0-20260528T003618Z,C0101,33,615,00000,000000,District - Perambalur,rural,buddhist,females,17
census-india-2011,sources/census-2011/c-series/state-mdds/c01-33-tamil-nadu.xls,5766414c82e96d26,census-c01-extract-v1.1.0-20260528T003618Z,C0101,33,615,00000,000000,District - Perambalur,rural,jain,persons,31
census-india-2011,sources/census-2011/c-series/state-mdds/c01-33-tamil-nadu.xls,5766414c82e96d26,census-c01-extract-v1.1.0-20260528T003618Z,C0101,33,615,00000,000000,District - Perambalur,rural,jain,males,14
census-india-2011,sources/census-2011/c-series/state-mdds/c01-33-tamil-nadu.xls,5766414c82e96d26,census-c01-extract-v1.1.0-20260528T003618Z,C0101,33,615,00000,000000,District - Perambalur,rural,jain,females,17
census-india-2011,sources/census-2011/c-series/state-mdds/c01-33-tamil-nadu.xls,5766414c82e96d26,census-c01-extract-v1.1.0-20260528T003618Z,C0101,33,615,00000,000000,District - Perambalur,rural,other,persons,7
census-india-2011,sources/census-2011/c-series/state-mdds/c01-33-tamil-nadu.xls,5766414c82e96d26,census-c01-extract-v1.1.0-20260528T003618Z,C0101,33,615,00000,000000,District - Perambalur,rural,other,males,2
census-india-2011,sources/census-2011/c-series/state-mdds/c01-33-tamil-nadu.xls,5766414c82e96d26,census-c01-extract-v1.1.0-20260528T003618Z,C0101,33,615,00000,000000,District - Perambalur,rural,other,females,5
census-india-2011,sources/census-2011/c-series/state-mdds/c01-33-tamil-nadu.xls,5766414c82e96d26,census-c01-extract-v1.1.0-20260528T003618Z,C0101,33,615,00000,000000,District - Perambalur,rural,not_stated,persons,292
census-india-2011,sources/census-2011/c-series/state-mdds/c01-33-tamil-nadu.xls,5766414c82e96d26,census-c01-extract-v1.1.0-20260528T003618Z,C0101,33,615,00000,000000,District - Perambalur,rural,not_stated,males,143
census-india-2011,sources/census-2011/c-series/state-mdds/c01-33-tamil-nadu.xls,5766414c82e96d26,census-c01-extract-v1.1.0-20260528T003618Z,C0101,33,615,00000,000000,District - Perambalur,rural,not_stated,females,149
census-india-2011,sources/census-2011/c-series/state-mdds/c01-33-tamil-nadu.xls,5766414c82e96d26,census-c01-extract-v1.1.0-20260528T003618Z,C0101,33,615,00000,000000,District - Perambalur,urban,all,persons,97163
census-india-2011,sources/census-2011/c-series/state-mdds/c01-33-tamil-nadu.xls,5766414c82e96d26,census-c01-extract-v1.1.0-20260528T003618Z,C0101,33,615,00000,000000,District - Perambalur,urban,all,males,48231
census-india-2011,sources/census-2011/c-series/state-mdds/c01-33-tamil-nadu.xls,5766414c82e96d26,census-c01-extract-v1.1.0-20260528T003618Z,C0101,33,615,00000,000000,District - Perambalur,urban,all,females,48932
census-india-2011,sources/census-2011/c-series/state-mdds/c01-33-tamil-nadu.xls,5766414c82e96d26,census-c01-extract-v1.1.0-20260528T003618Z,C0101,33,615,00000,000000,District - Perambalur,urban,hindu,persons,76530
census-india-2011,sources/census-2011/c-series/state-mdds/c01-33-tamil-nadu.xls,5766414c82e96d26,census-c01-extract-v1.1.0-20260528T003618Z,C0101,33,615,00000,000000,District - Perambalur,urban,hindu,males,38077
census-india-2011,sources/census-2011/c-series/state-mdds/c01-33-tamil-nadu.xls,5766414c82e96d26,census-c01-extract-v1.1.0-20260528T003618Z,C0101,33,615,00000,000000,District - Perambalur,urban,hindu,females,38453
census-india-2011,sources/census-2011/c-series/state-mdds/c01-33-tamil-nadu.xls,5766414c82e96d26,census-c01-extract-v1.1.0-20260528T003618Z,C0101,33,615,00000,000000,District - Perambalur,urban,muslim,persons,17845
census-india-2011,sources/census-2011/c-series/state-mdds/c01-33-tamil-nadu.xls,5766414c82e96d26,census-c01-extract-v1.1.0-20260528T003618Z,C0101,33,615,00000,000000,District - Perambalur,urban,muslim,males,8787
census-india-2011,sources/census-2011/c-series/state-mdds/c01-33-tamil-nadu.xls,5766414c82e96d26,census-c01-extract-v1.1.0-20260528T003618Z,C0101,33,615,00000,000000,District - Perambalur,urban,muslim,females,9058
census-india-2011,sources/census-2011/c-series/state-mdds/c01-33-tamil-nadu.xls,5766414c82e96d26,census-c01-extract-v1.1.0-20260528T003618Z,C0101,33,615,00000,000000,District - Perambalur,urban,christian,persons,2662
census-india-2011,sources/census-2011/c-series/state-mdds/c01-33-tamil-nadu.xls,5766414c82e96d26,census-c01-extract-v1.1.0-20260528T003618Z,C0101,33,615,00000,000000,District - Perambalur,urban,christian,males,1305
census-india-2011,sources/census-2011/c-series/state-mdds/c01-33-tamil-nadu.xls,5766414c82e96d26,census-c01-extract-v1.1.0-20260528T003618Z,C0101,33,615,00000,000000,District - Perambalur,urban,christian,females,1357
census-india-2011,sources/census-2011/c-series/state-mdds/c01-33-tamil-nadu.xls,5766414c82e96d26,census-c01-extract-v1.1.0-20260528T003618Z,C0101,33,615,00000,000000,District - Perambalur,urban,sikh,persons,12
census-india-2011,sources/census-2011/c-series/state-mdds/c01-33-tamil-nadu.xls,5766414c82e96d26,census-c01-extract-v1.1.0-20260528T003618Z,C0101,33,615,00000,000000,District - Perambalur,urban,sikh,males,6
census-india-2011,sources/census-2011/c-series/state-mdds/c01-33-tamil-nadu.xls,5766414c82e96d26,census-c01-extract-v1.1.0-20260528T003618Z,C0101,33,615,00000,000000,District - Perambalur,urban,sikh,females,6
census-india-2011,sources/census-2011/c-series/state-mdds/c01-33-tamil-nadu.xls,5766414c82e96d26,census-c01-extract-v1.1.0-20260528T003618Z,C0101,33,615,00000,000000,District - Perambalur,urban,buddhist,persons,4
census-india-2011,sources/census-2011/c-series/state-mdds/c01-33-tamil-nadu.xls,5766414c82e96d26,census-c01-extract-v1.1.0-20260528T003618Z,C0101,33,615,00000,000000,District - Perambalur,urban,buddhist,males,3
census-india-2011,sources/census-2011/c-series/state-mdds/c01-33-tamil-nadu.xls,5766414c82e96d26,census-c01-extract-v1.1.0-20260528T003618Z,C0101,33,615,00000,000000,District - Perambalur,urban,buddhist,females,1
census-india-2011,sources/census-2011/c-series/state-mdds/c01-33-tamil-nadu.xls,5766414c82e96d26,census-c01-extract-v1.1.0-20260528T003618Z,C0101,33,615,00000,000000,District - Perambalur,urban,jain,persons,7
census-india-2011,sources/census-2011/c-series/state-mdds/c01-33-tamil-nadu.xls,5766414c82e96d26,census-c01-extract-v1.1.0-20260528T003618Z,C0101,33,615,00000,000000,District - Perambalur,urban,jain,males,1
census-india-2011,sources/census-2011/c-series/state-mdds/c01-33-tamil-nadu.xls,5766414c82e96d26,census-c01-extract-v1.1.0-20260528T003618Z,C0101,33,615,00000,000000,District - Perambalur,urban,jain,females,6
census-india-2011,sources/census-2011/c-series/state-mdds/c01-33-tamil-nadu.xls,5766414c82e96d26,census-c01-extract-v1.1.0-20260528T003618Z,C0101,33,615,00000,000000,District - Perambalur,urban,other,persons,19
census-india-2011,sources/census-2011/c-series/state-mdds/c01-33-tamil-nadu.xls,5766414c82e96d26,census-c01-extract-v1.1.0-20260528T003618Z,C0101,33,615,00000,000000,District - Perambalur,urban,other,males,9
census-india-2011,sources/census-2011/c-series/state-mdds/c01-33-tamil-nadu.xls,5766414c82e96d26,census-c01-extract-v1.1.0-20260528T003618Z,C0101,33,615,00000,000000,District - Perambalur,urban,other,females,10
census-india-2011,sources/census-2011/c-series/state-mdds/c01-33-tamil-nadu.xls,5766414c82e96d26,census-c01-extract-v1.1.0-20260528T003618Z,C0101,33,615,00000,000000,District - Perambalur,urban,not_stated,persons,84
census-india-2011,sources/census-2011/c-series/state-mdds/c01-33-tamil-nadu.xls,5766414c82e96d26,census-c01-extract-v1.1.0-20260528T003618Z,C0101,33,615,00000,000000,District - Perambalur,urban,not_stated,males,43
census-india-2011,sources/census-2011/c-series/state-mdds/c01-33-tamil-nadu.xls,5766414c82e96d26,census-c01-extract-v1.1.0-20260528T003618Z,C0101,33,615,00000,000000,District - Perambalur,urban,not_stated,females,41
census-india-2011,sources/census-2011/c-series/state-mdds/c01-33-tamil-nadu.xls,5766414c82e96d26,census-c01-extract-v1.1.0-20260528T003618Z,C0101,33,616,00000,000000,District - Ariyalur,total,all,persons,754894
census-india-2011,sources/census-2011/c-series/state-mdds/c01-33-tamil-nadu.xls,5766414c82e96d26,census-c01-extract-v1.1.0-20260528T003618Z,C0101,33,616,00000,000000,District - Ariyalur,total,all,males,374703
census-india-2011,sources/census-2011/c-series/state-mdds/c01-33-tamil-nadu.xls,5766414c82e96d26,census-c01-extract-v1.1.0-20260528T003618Z,C0101,33,616,00000,000000,District - Ariyalur,total,all,females,380191
census-india-2011,sources/census-2011/c-series/state-mdds/c01-33-tamil-nadu.xls,5766414c82e96d26,census-c01-extract-v1.1.0-20260528T003618Z,C0101,33,616,00000,000000,District - Ariyalur,total,hindu,persons,708397
census-india-2011,sources/census-2011/c-series/state-mdds/c01-33-tamil-nadu.xls,5766414c82e96d26,census-c01-extract-v1.1.0-20260528T003618Z,C0101,33,616,00000,000000,District - Ariyalur,total,hindu,males,352022
census-india-2011,sources/census-2011/c-series/state-mdds/c01-33-tamil-nadu.xls,5766414c82e96d26,census-c01-extract-v1.1.0-20260528T003618Z,C0101,33,616,00000,000000,District - Ariyalur,total,hindu,females,356375
census-india-2011,sources/census-2011/c-series/state-mdds/c01-33-tamil-nadu.xls,5766414c82e96d26,census-c01-extract-v1.1.0-20260528T003618Z,C0101,33,616,00000,000000,District - Ariyalur,total,muslim,persons,7942
census-india-2011,sources/census-2011/c-series/state-mdds/c01-33-tamil-nadu.xls,5766414c82e96d26,census-c01-extract-v1.1.0-20260528T003618Z,C0101,33,616,00000,000000,District - Ariyalur,total,muslim,males,3821
census-india-2011,sources/census-2011/c-series/state-mdds/c01-33-tamil-nadu.xls,5766414c82e96d26,census-c01-extract-v1.1.0-20260528T003618Z,C0101,33,616,00000,000000,District - Ariyalur,total,muslim,females,4121
census-india-2011,sources/census-2011/c-series/state-mdds/c01-33-tamil-nadu.xls,5766414c82e96d26,census-c01-extract-v1.1.0-20260528T003618Z,C0101,33,616,00000,000000,District - Ariyalur,total,christian,persons,37403
census-india-2011,sources/census-2011/c-series/state-mdds/c01-33-tamil-nadu.xls,5766414c82e96d26,census-c01-extract-v1.1.0-20260528T003618Z,C0101,33,616,00000,000000,District - Ariyalur,total,christian,males,18313
census-india-2011,sources/census-2011/c-series/state-mdds/c01-33-tamil-nadu.xls,5766414c82e96d26,census-c01-extract-v1.1.0-20260528T003618Z,C0101,33,616,00000,000000,District - Ariyalur,total,christian,females,19090
census-india-2011,sources/census-2011/c-series/state-mdds/c01-33-tamil-nadu.xls,5766414c82e96d26,census-c01-extract-v1.1.0-20260528T003618Z,C0101,33,616,00000,000000,District - Ariyalur,total,sikh,persons,104
census-india-2011,sources/census-2011/c-series/state-mdds/c01-33-tamil-nadu.xls,5766414c82e96d26,census-c01-extract-v1.1.0-20260528T003618Z,C0101,33,616,00000,000000,District - Ariyalur,total,sikh,males,52
census-india-2011,sources/census-2011/c-series/state-mdds/c01-33-tamil-nadu.xls,5766414c82e96d26,census-c01-extract-v1.1.0-20260528T003618Z,C0101,33,616,00000,000000,District - Ariyalur,total,sikh,females,52
census-india-2011,sources/census-2011/c-series/state-mdds/c01-33-tamil-nadu.xls,5766414c82e96d26,census-c01-extract-v1.1.0-20260528T003618Z,C0101,33,616,00000,000000,District - Ariyalur,total,buddhist,persons,88
census-india-2011,sources/census-2011/c-series/state-mdds/c01-33-tamil-nadu.xls,5766414c82e96d26,census-c01-extract-v1.1.0-20260528T003618Z,C0101,33,616,00000,000000,District - Ariyalur,total,buddhist,males,52
census-india-2011,sources/census-2011/c-series/state-mdds/c01-33-tamil-nadu.xls,5766414c82e96d26,census-c01-extract-v1.1.0-20260528T003618Z,C0101,33,616,00000,000000,District - Ariyalur,total,buddhist,females,36
census-india-2011,sources/census-2011/c-series/state-mdds/c01-33-tamil-nadu.xls,5766414c82e96d26,census-c01-extract-v1.1.0-20260528T003618Z,C0101,33,616,00000,000000,District - Ariyalur,total,jain,persons,65
census-india-2011,sources/census-2011/c-series/state-mdds/c01-33-tamil-nadu.xls,5766414c82e96d26,census-c01-extract-v1.1.0-20260528T003618Z,C0101,33,616,00000,000000,District - Ariyalur,total,jain,males,22
census-india-2011,sources/census-2011/c-series/state-mdds/c01-33-tamil-nadu.xls,5766414c82e96d26,census-c01-extract-v1.1.0-20260528T003618Z,C0101,33,616,00000,000000,District - Ariyalur,total,jain,females,43
census-india-2011,sources/census-2011/c-series/state-mdds/c01-33-tamil-nadu.xls,5766414c82e96d26,census-c01-extract-v1.1.0-20260528T003618Z,C0101,33,616,00000,000000,District - Ariyalur,total,other,persons,42
census-india-2011,sources/census-2011/c-series/state-mdds/c01-33-tamil-nadu.xls,5766414c82e96d26,census-c01-extract-v1.1.0-20260528T003618Z,C0101,33,616,00000,000000,District - Ariyalur,total,other,males,20
census-india-2011,sources/census-2011/c-series/state-mdds/c01-33-tamil-nadu.xls,5766414c82e96d26,census-c01-extract-v1.1.0-20260528T003618Z,C0101,33,616,00000,000000,District - Ariyalur,total,other,females,22
census-india-2011,sources/census-2011/c-series/state-mdds/c01-33-tamil-nadu.xls,5766414c82e96d26,census-c01-extract-v1.1.0-20260528T003618Z,C0101,33,616,00000,000000,District - Ariyalur,total,not_stated,persons,853
census-india-2011,sources/census-2011/c-series/state-mdds/c01-33-tamil-nadu.xls,5766414c82e96d26,census-c01-extract-v1.1.0-20260528T003618Z,C0101,33,616,00000,000000,District - Ariyalur,total,not_stated,males,401
census-india-2011,sources/census-2011/c-series/state-mdds/c01-33-tamil-nadu.xls,5766414c82e96d26,census-c01-extract-v1.1.0-20260528T003618Z,C0101,33,616,00000,000000,District - Ariyalur,total,not_stated,females,452
census-india-2011,sources/census-2011/c-series/state-mdds/c01-33-tamil-nadu.xls,5766414c82e96d26,census-c01-extract-v1.1.0-20260528T003618Z,C0101,33,616,00000,000000,District - Ariyalur,rural,all,persons,671100
census-india-2011,sources/census-2011/c-series/state-mdds/c01-33-tamil-nadu.xls,5766414c82e96d26,census-c01-extract-v1.1.0-20260528T003618Z,C0101,33,616,00000,000000,District - Ariyalur,rural,all,males,333253
census-india-2011,sources/census-2011/c-series/state-mdds/c01-33-tamil-nadu.xls,5766414c82e96d26,census-c01-extract-v1.1.0-20260528T003618Z,C0101,33,616,00000,000000,District - Ariyalur,rural,all,females,337847
census-india-2011,sources/census-2011/c-series/state-mdds/c01-33-tamil-nadu.xls,5766414c82e96d26,census-c01-extract-v1.1.0-20260528T003618Z,C0101,33,616,00000,000000,District - Ariyalur,rural,hindu,persons,637960
census-india-2011,sources/census-2011/c-series/state-mdds/c01-33-tamil-nadu.xls,5766414c82e96d26,census-c01-extract-v1.1.0-20260528T003618Z,C0101,33,616,00000,000000,District - Ariyalur,rural,hindu,males,317120
census-india-2011,sources/census-2011/c-series/state-mdds/c01-33-tamil-nadu.xls,5766414c82e96d26,census-c01-extract-v1.1.0-20260528T003618Z,C0101,33,616,00000,000000,District - Ariyalur,rural,hindu,females,320840
census-india-2011,sources/census-2011/c-series/state-mdds/c01-33-tamil-nadu.xls,5766414c82e96d26,census-c01-extract-v1.1.0-20260528T003618Z,C0101,33,616,00000,000000,District - Ariyalur,rural,muslim,persons,4232
census-india-2011,sources/census-2011/c-series/state-mdds/c01-33-tamil-nadu.xls,5766414c82e96d26,census-c01-extract-v1.1.0-20260528T003618Z,C0101,33,616,00000,000000,District - Ariyalur,rural,muslim,males,1991
census-india-2011,sources/census-2011/c-series/state-mdds/c01-33-tamil-nadu.xls,5766414c82e96d26,census-c01-extract-v1.1.0-20260528T003618Z,C0101,33,616,00000,000000,District - Ariyalur,rural,muslim,females,2241
census-india-2011,sources/census-2011/c-series/state-mdds/c01-33-tamil-nadu.xls,5766414c82e96d26,census-c01-extract-v1.1.0-20260528T003618Z,C0101,33,616,00000,000000,District - Ariyalur,rural,christian,persons,28213
census-india-2011,sources/census-2011/c-series/state-mdds/c01-33-tamil-nadu.xls,5766414c82e96d26,census-c01-extract-v1.1.0-20260528T003618Z,C0101,33,616,00000,000000,District - Ariyalur,rural,christian,males,13815
census-india-2011,sources/census-2011/c-series/state-mdds/c01-33-tamil-nadu.xls,5766414c82e96d26,census-c01-extract-v1.1.0-20260528T003618Z,C0101,33,616,00000,000000,District - Ariyalur,rural,christian,females,14398
census-india-2011,sources/census-2011/c-series/state-mdds/c01-33-tamil-nadu.xls,5766414c82e96d26,census-c01-extract-v1.1.0-20260528T003618Z,C0101,33,616,00000,000000,District - Ariyalur,rural,sikh,persons,77
census-india-2011,sources/census-2011/c-series/state-mdds/c01-33-tamil-nadu.xls,5766414c82e96d26,census-c01-extract-v1.1.0-20260528T003618Z,C0101,33,616,00000,000000,District - Ariyalur,rural,sikh,males,35
census-india-2011,sources/census-2011/c-series/state-mdds/c01-33-tamil-nadu.xls,5766414c82e96d26,census-c01-extract-v1.1.0-20260528T003618Z,C0101,33,616,00000,000000,District - Ariyalur,rural,sikh,females,42
census-india-2011,sources/census-2011/c-series/state-mdds/c01-33-tamil-nadu.xls,5766414c82e96d26,census-c01-extract-v1.1.0-20260528T003618Z,C0101,33,616,00000,000000,District - Ariyalur,rural,buddhist,persons,70
census-india-2011,sources/census-2011/c-series/state-mdds/c01-33-tamil-nadu.xls,5766414c82e96d26,census-c01-extract-v1.1.0-20260528T003618Z,C0101,33,616,00000,000000,District - Ariyalur,rural,buddhist,males,43
census-india-2011,sources/census-2011/c-series/state-mdds/c01-33-tamil-nadu.xls,5766414c82e96d26,census-c01-extract-v1.1.0-20260528T003618Z,C0101,33,616,00000,000000,District - Ariyalur,rural,buddhist,females,27
census-india-2011,sources/census-2011/c-series/state-mdds/c01-33-tamil-nadu.xls,5766414c82e96d26,census-c01-extract-v1.1.0-20260528T003618Z,C0101,33,616,00000,000000,District - Ariyalur,rural,jain,persons,55
census-india-2011,sources/census-2011/c-series/state-mdds/c01-33-tamil-nadu.xls,5766414c82e96d26,census-c01-extract-v1.1.0-20260528T003618Z,C0101,33,616,00000,000000,District - Ariyalur,rural,jain,males,18
census-india-2011,sources/census-2011/c-series/state-mdds/c01-33-tamil-nadu.xls,5766414c82e96d26,census-c01-extract-v1.1.0-20260528T003618Z,C0101,33,616,00000,000000,District - Ariyalur,rural,jain,females,37
census-india-2011,sources/census-2011/c-series/state-mdds/c01-33-tamil-nadu.xls,5766414c82e96d26,census-c01-extract-v1.1.0-20260528T003618Z,C0101,33,616,00000,000000,District - Ariyalur,rural,other,persons,30
census-india-2011,sources/census-2011/c-series/state-mdds/c01-33-tamil-nadu.xls,5766414c82e96d26,census-c01-extract-v1.1.0-20260528T003618Z,C0101,33,616,00000,000000,District - Ariyalur,rural,other,males,15
census-india-2011,sources/census-2011/c-series/state-mdds/c01-33-tamil-nadu.xls,5766414c82e96d26,census-c01-extract-v1.1.0-20260528T003618Z,C0101,33,616,00000,000000,District - Ariyalur,rural,other,females,15
census-india-2011,sources/census-2011/c-series/state-mdds/c01-33-tamil-nadu.xls,5766414c82e96d26,census-c01-extract-v1.1.0-20260528T003618Z,C0101,33,616,00000,000000,District - Ariyalur,rural,not_stated,persons,463
census-india-2011,sources/census-2011/c-series/state-mdds/c01-33-tamil-nadu.xls,5766414c82e96d26,census-c01-extract-v1.1.0-20260528T003618Z,C0101,33,616,00000,000000,District - Ariyalur,rural,not_stated,males,216
census-india-2011,sources/census-2011/c-series/state-mdds/c01-33-tamil-nadu.xls,5766414c82e96d26,census-c01-extract-v1.1.0-20260528T003618Z,C0101,33,616,00000,000000,District - Ariyalur,rural,not_stated,females,247
census-india-2011,sources/census-2011/c-series/state-mdds/c01-33-tamil-nadu.xls,5766414c82e96d26,census-c01-extract-v1.1.0-20260528T003618Z,C0101,33,616,00000,000000,District - Ariyalur,urban,all,persons,83794
census-india-2011,sources/census-2011/c-series/state-mdds/c01-33-tamil-nadu.xls,5766414c82e96d26,census-c01-extract-v1.1.0-20260528T003618Z,C0101,33,616,00000,000000,District - Ariyalur,urban,all,males,41450
census-india-2011,sources/census-2011/c-series/state-mdds/c01-33-tamil-nadu.xls,5766414c82e96d26,census-c01-extract-v1.1.0-20260528T003618Z,C0101,33,616,00000,000000,District - Ariyalur,urban,all,females,42344
census-india-2011,sources/census-2011/c-series/state-mdds/c01-33-tamil-nadu.xls,5766414c82e96d26,census-c01-extract-v1.1.0-20260528T003618Z,C0101,33,616,00000,000000,District - Ariyalur,urban,hindu,persons,70437
census-india-2011,sources/census-2011/c-series/state-mdds/c01-33-tamil-nadu.xls,5766414c82e96d26,census-c01-extract-v1.1.0-20260528T003618Z,C0101,33,616,00000,000000,District - Ariyalur,urban,hindu,males,34902
census-india-2011,sources/census-2011/c-series/state-mdds/c01-33-tamil-nadu.xls,5766414c82e96d26,census-c01-extract-v1.1.0-20260528T003618Z,C0101,33,616,00000,000000,District - Ariyalur,urban,hindu,females,35535
census-india-2011,sources/census-2011/c-series/state-mdds/c01-33-tamil-nadu.xls,5766414c82e96d26,census-c01-extract-v1.1.0-20260528T003618Z,C0101,33,616,00000,000000,District - Ariyalur,urban,muslim,persons,3710
census-india-2011,sources/census-2011/c-series/state-mdds/c01-33-tamil-nadu.xls,5766414c82e96d26,census-c01-extract-v1.1.0-20260528T003618Z,C0101,33,616,00000,000000,District - Ariyalur,urban,muslim,males,1830
census-india-2011,sources/census-2011/c-series/state-mdds/c01-33-tamil-nadu.xls,5766414c82e96d26,census-c01-extract-v1.1.0-20260528T003618Z,C0101,33,616,00000,000000,District - Ariyalur,urban,muslim,females,1880
census-india-2011,sources/census-2011/c-series/state-mdds/c01-33-tamil-nadu.xls,5766414c82e96d26,census-c01-extract-v1.1.0-20260528T003618Z,C0101,33,616,00000,000000,District - Ariyalur,urban,christian,persons,9190
census-india-2011,sources/census-2011/c-series/state-mdds/c01-33-tamil-nadu.xls,5766414c82e96d26,census-c01-extract-v1.1.0-20260528T003618Z,C0101,33,616,00000,000000,District - Ariyalur,urban,christian,males,4498
census-india-2011,sources/census-2011/c-series/state-mdds/c01-33-tamil-nadu.xls,5766414c82e96d26,census-c01-extract-v1.1.0-20260528T003618Z,C0101,33,616,00000,000000,District - Ariyalur,urban,christian,females,4692
census-india-2011,sources/census-2011/c-series/state-mdds/c01-33-tamil-nadu.xls,5766414c82e96d26,census-c01-extract-v1.1.0-20260528T003618Z,C0101,33,616,00000,000000,District - Ariyalur,urban,sikh,persons,27
census-india-2011,sources/census-2011/c-series/state-mdds/c01-33-tamil-nadu.xls,5766414c82e96d26,census-c01-extract-v1.1.0-20260528T003618Z,C0101,33,616,00000,000000,District - Ariyalur,urban,sikh,males,17
census-india-2011,sources/census-2011/c-series/state-mdds/c01-33-tamil-nadu.xls,5766414c82e96d26,census-c01-extract-v1.1.0-20260528T003618Z,C0101,33,616,00000,000000,District - Ariyalur,urban,sikh,females,10
census-india-2011,sources/census-2011/c-series/state-mdds/c01-33-tamil-nadu.xls,5766414c82e96d26,census-c01-extract-v1.1.0-20260528T003618Z,C0101,33,616,00000,000000,District - Ariyalur,urban,buddhist,persons,18
census-india-2011,sources/census-2011/c-series/state-mdds/c01-33-tamil-nadu.xls,5766414c82e96d26,census-c01-extract-v1.1.0-20260528T003618Z,C0101,33,616,00000,000000,District - Ariyalur,urban,buddhist,males,9
census-india-2011,sources/census-2011/c-series/state-mdds/c01-33-tamil-nadu.xls,5766414c82e96d26,census-c01-extract-v1.1.0-20260528T003618Z,C0101,33,616,00000,000000,District - Ariyalur,urban,buddhist,females,9
census-india-2011,sources/census-2011/c-series/state-mdds/c01-33-tamil-nadu.xls,5766414c82e96d26,census-c01-extract-v1.1.0-20260528T003618Z,C0101,33,616,00000,000000,District - Ariyalur,urban,jain,persons,10
census-india-2011,sources/census-2011/c-series/state-mdds/c01-33-tamil-nadu.xls,5766414c82e96d26,census-c01-extract-v1.1.0-20260528T003618Z,C0101,33,616,00000,000000,District - Ariyalur,urban,jain,males,4
census-india-2011,sources/census-2011/c-series/state-mdds/c01-33-tamil-nadu.xls,5766414c82e96d26,census-c01-extract-v1.1.0-20260528T003618Z,C0101,33,616,00000,000000,District - Ariyalur,urban,jain,females,6
census-india-2011,sources/census-2011/c-series/state-mdds/c01-33-tamil-nadu.xls,5766414c82e96d26,census-c01-extract-v1.1.0-20260528T003618Z,C0101,33,616,00000,000000,District - Ariyalur,urban,other,persons,12
census-india-2011,sources/census-2011/c-series/state-mdds/c01-33-tamil-nadu.xls,5766414c82e96d26,census-c01-extract-v1.1.0-20260528T003618Z,C0101,33,616,00000,000000,District - Ariyalur,urban,other,males,5
census-india-2011,sources/census-2011/c-series/state-mdds/c01-33-tamil-nadu.xls,5766414c82e96d26,census-c01-extract-v1.1.0-20260528T003618Z,C0101,33,616,00000,000000,District - Ariyalur,urban,other,females,7
census-india-2011,sources/census-2011/c-series/state-mdds/c01-33-tamil-nadu.xls,5766414c82e96d26,census-c01-extract-v1.1.0-20260528T003618Z,C0101,33,616,00000,000000,District - Ariyalur,urban,not_stated,persons,390
census-india-2011,sources/census-2011/c-series/state-mdds/c01-33-tamil-nadu.xls,5766414c82e96d26,census-c01-extract-v1.1.0-20260528T003618Z,C0101,33,616,00000,000000,District - Ariyalur,urban,not_stated,males,185
census-india-2011,sources/census-2011/c-series/state-mdds/c01-33-tamil-nadu.xls,5766414c82e96d26,census-c01-extract-v1.1.0-20260528T003618Z,C0101,33,616,00000,000000,District - Ariyalur,urban,not_stated,females,205
census-india-2011,sources/census-2011/c-series/state-mdds/c01-33-tamil-nadu.xls,5766414c82e96d26,census-c01-extract-v1.1.0-20260528T003618Z,C0101,33,617,00000,000000,District - Cuddalore,total,all,persons,2605914
census-india-2011,sources/census-2011/c-series/state-mdds/c01-33-tamil-nadu.xls,5766414c82e96d26,census-c01-extract-v1.1.0-20260528T003618Z,C0101,33,617,00000,000000,District - Cuddalore,total,all,males,1311697
census-india-2011,sources/census-2011/c-series/state-mdds/c01-33-tamil-nadu.xls,5766414c82e96d26,census-c01-extract-v1.1.0-20260528T003618Z,C0101,33,617,00000,000000,District - Cuddalore,total,all,females,1294217
census-india-2011,sources/census-2011/c-series/state-mdds/c01-33-tamil-nadu.xls,5766414c82e96d26,census-c01-extract-v1.1.0-20260528T003618Z,C0101,33,617,00000,000000,District - Cuddalore,total,hindu,persons,2391675
census-india-2011,sources/census-2011/c-series/state-mdds/c01-33-tamil-nadu.xls,5766414c82e96d26,census-c01-extract-v1.1.0-20260528T003618Z,C0101,33,617,00000,000000,District - Cuddalore,total,hindu,males,1205590
census-india-2011,sources/census-2011/c-series/state-mdds/c01-33-tamil-nadu.xls,5766414c82e96d26,census-c01-extract-v1.1.0-20260528T003618Z,C0101,33,617,00000,000000,District - Cuddalore,total,hindu,females,1186085
census-india-2011,sources/census-2011/c-series/state-mdds/c01-33-tamil-nadu.xls,5766414c82e96d26,census-c01-extract-v1.1.0-20260528T003618Z,C0101,33,617,00000,000000,District - Cuddalore,total,muslim,persons,123749
census-india-2011,sources/census-2011/c-series/state-mdds/c01-33-tamil-nadu.xls,5766414c82e96d26,census-c01-extract-v1.1.0-20260528T003618Z,C0101,33,617,00000,000000,District - Cuddalore,total,muslim,males,61294
census-india-2011,sources/census-2011/c-series/state-mdds/c01-33-tamil-nadu.xls,5766414c82e96d26,census-c01-extract-v1.1.0-20260528T003618Z,C0101,33,617,00000,000000,District - Cuddalore,total,muslim,females,62455
census-india-2011,sources/census-2011/c-series/state-mdds/c01-33-tamil-nadu.xls,5766414c82e96d26,census-c01-extract-v1.1.0-20260528T003618Z,C0101,33,617,00000,000000,District - Cuddalore,total,christian,persons,83334
census-india-2011,sources/census-2011/c-series/state-mdds/c01-33-tamil-nadu.xls,5766414c82e96d26,census-c01-extract-v1.1.0-20260528T003618Z,C0101,33,617,00000,000000,District - Cuddalore,total,christian,males,41372
census-india-2011,sources/census-2011/c-series/state-mdds/c01-33-tamil-nadu.xls,5766414c82e96d26,census-c01-extract-v1.1.0-20260528T003618Z,C0101,33,617,00000,000000,District - Cuddalore,total,christian,females,41962
census-india-2011,sources/census-2011/c-series/state-mdds/c01-33-tamil-nadu.xls,5766414c82e96d26,census-c01-extract-v1.1.0-20260528T003618Z,C0101,33,617,00000,000000,District - Cuddalore,total,sikh,persons,401
census-india-2011,sources/census-2011/c-series/state-mdds/c01-33-tamil-nadu.xls,5766414c82e96d26,census-c01-extract-v1.1.0-20260528T003618Z,C0101,33,617,00000,000000,District - Cuddalore,total,sikh,males,209
census-india-2011,sources/census-2011/c-series/state-mdds/c01-33-tamil-nadu.xls,5766414c82e96d26,census-c01-extract-v1.1.0-20260528T003618Z,C0101,33,617,00000,000000,District - Cuddalore,total,sikh,females,192
census-india-2011,sources/census-2011/c-series/state-mdds/c01-33-tamil-nadu.xls,5766414c82e96d26,census-c01-extract-v1.1.0-20260528T003618Z,C0101,33,617,00000,000000,District - Cuddalore,total,buddhist,persons,236
census-india-2011,sources/census-2011/c-series/state-mdds/c01-33-tamil-nadu.xls,5766414c82e96d26,census-c01-extract-v1.1.0-20260528T003618Z,C0101,33,617,00000,000000,District - Cuddalore,total,buddhist,males,133
census-india-2011,sources/census-2011/c-series/state-mdds/c01-33-tamil-nadu.xls,5766414c82e96d26,census-c01-extract-v1.1.0-20260528T003618Z,C0101,33,617,00000,000000,District - Cuddalore,total,buddhist,females,103
census-india-2011,sources/census-2011/c-series/state-mdds/c01-33-tamil-nadu.xls,5766414c82e96d26,census-c01-extract-v1.1.0-20260528T003618Z,C0101,33,617,00000,000000,District - Cuddalore,total,jain,persons,1280
census-india-2011,sources/census-2011/c-series/state-mdds/c01-33-tamil-nadu.xls,5766414c82e96d26,census-c01-extract-v1.1.0-20260528T003618Z,C0101,33,617,00000,000000,District - Cuddalore,total,jain,males,649
census-india-2011,sources/census-2011/c-series/state-mdds/c01-33-tamil-nadu.xls,5766414c82e96d26,census-c01-extract-v1.1.0-20260528T003618Z,C0101,33,617,00000,000000,District - Cuddalore,total,jain,females,631
census-india-2011,sources/census-2011/c-series/state-mdds/c01-33-tamil-nadu.xls,5766414c82e96d26,census-c01-extract-v1.1.0-20260528T003618Z,C0101,33,617,00000,000000,District - Cuddalore,total,other,persons,138
census-india-2011,sources/census-2011/c-series/state-mdds/c01-33-tamil-nadu.xls,5766414c82e96d26,census-c01-extract-v1.1.0-20260528T003618Z,C0101,33,617,00000,000000,District - Cuddalore,total,other,males,65
census-india-2011,sources/census-2011/c-series/state-mdds/c01-33-tamil-nadu.xls,5766414c82e96d26,census-c01-extract-v1.1.0-20260528T003618Z,C0101,33,617,00000,000000,District - Cuddalore,total,other,females,73
census-india-2011,sources/census-2011/c-series/state-mdds/c01-33-tamil-nadu.xls,5766414c82e96d26,census-c01-extract-v1.1.0-20260528T003618Z,C0101,33,617,00000,000000,District - Cuddalore,total,not_stated,persons,5101
census-india-2011,sources/census-2011/c-series/state-mdds/c01-33-tamil-nadu.xls,5766414c82e96d26,census-c01-extract-v1.1.0-20260528T003618Z,C0101,33,617,00000,000000,District - Cuddalore,total,not_stated,males,2385
census-india-2011,sources/census-2011/c-series/state-mdds/c01-33-tamil-nadu.xls,5766414c82e96d26,census-c01-extract-v1.1.0-20260528T003618Z,C0101,33,617,00000,000000,District - Cuddalore,total,not_stated,females,2716
census-india-2011,sources/census-2011/c-series/state-mdds/c01-33-tamil-nadu.xls,5766414c82e96d26,census-c01-extract-v1.1.0-20260528T003618Z,C0101,33,617,00000,000000,District - Cuddalore,rural,all,persons,1720725
census-india-2011,sources/census-2011/c-series/state-mdds/c01-33-tamil-nadu.xls,5766414c82e96d26,census-c01-extract-v1.1.0-20260528T003618Z,C0101,33,617,00000,000000,District - Cuddalore,rural,all,males,868861
census-india-2011,sources/census-2011/c-series/state-mdds/c01-33-tamil-nadu.xls,5766414c82e96d26,census-c01-extract-v1.1.0-20260528T003618Z,C0101,33,617,00000,000000,District - Cuddalore,rural,all,females,851864
census-india-2011,sources/census-2011/c-series/state-mdds/c01-33-tamil-nadu.xls,5766414c82e96d26,census-c01-extract-v1.1.0-20260528T003618Z,C0101,33,617,00000,000000,District - Cuddalore,rural,hindu,persons,1632394
census-india-2011,sources/census-2011/c-series/state-mdds/c01-33-tamil-nadu.xls,5766414c82e96d26,census-c01-extract-v1.1.0-20260528T003618Z,C0101,33,617,00000,000000,District - Cuddalore,rural,hindu,males,824875
census-india-2011,sources/census-2011/c-series/state-mdds/c01-33-tamil-nadu.xls,5766414c82e96d26,census-c01-extract-v1.1.0-20260528T003618Z,C0101,33,617,00000,000000,District - Cuddalore,rural,hindu,females,807519
census-india-2011,sources/census-2011/c-series/state-mdds/c01-33-tamil-nadu.xls,5766414c82e96d26,census-c01-extract-v1.1.0-20260528T003618Z,C0101,33,617,00000,000000,District - Cuddalore,rural,muslim,persons,33294
census-india-2011,sources/census-2011/c-series/state-mdds/c01-33-tamil-nadu.xls,5766414c82e96d26,census-c01-extract-v1.1.0-20260528T003618Z,C0101,33,617,00000,000000,District - Cuddalore,rural,muslim,males,16314
census-india-2011,sources/census-2011/c-series/state-mdds/c01-33-tamil-nadu.xls,5766414c82e96d26,census-c01-extract-v1.1.0-20260528T003618Z,C0101,33,617,00000,000000,District - Cuddalore,rural,muslim,females,16980
census-india-2011,sources/census-2011/c-series/state-mdds/c01-33-tamil-nadu.xls,5766414c82e96d26,census-c01-extract-v1.1.0-20260528T003618Z,C0101,33,617,00000,000000,District - Cuddalore,rural,christian,persons,51568
census-india-2011,sources/census-2011/c-series/state-mdds/c01-33-tamil-nadu.xls,5766414c82e96d26,census-c01-extract-v1.1.0-20260528T003618Z,C0101,33,617,00000,000000,District - Cuddalore,rural,christian,males,26030
census-india-2011,sources/census-2011/c-series/state-mdds/c01-33-tamil-nadu.xls,5766414c82e96d26,census-c01-extract-v1.1.0-20260528T003618Z,C0101,33,617,00000,000000,District - Cuddalore,rural,christian,females,25538
census-india-2011,sources/census-2011/c-series/state-mdds/c01-33-tamil-nadu.xls,5766414c82e96d26,census-c01-extract-v1.1.0-20260528T003618Z,C0101,33,617,00000,000000,District - Cuddalore,rural,sikh,persons,185
census-india-2011,sources/census-2011/c-series/state-mdds/c01-33-tamil-nadu.xls,5766414c82e96d26,census-c01-extract-v1.1.0-20260528T003618Z,C0101,33,617,00000,000000,District - Cuddalore,rural,sikh,males,93
census-india-2011,sources/census-2011/c-series/state-mdds/c01-33-tamil-nadu.xls,5766414c82e96d26,census-c01-extract-v1.1.0-20260528T003618Z,C0101,33,617,00000,000000,District - Cuddalore,rural,sikh,females,92
census-india-2011,sources/census-2011/c-series/state-mdds/c01-33-tamil-nadu.xls,5766414c82e96d26,census-c01-extract-v1.1.0-20260528T003618Z,C0101,33,617,00000,000000,District - Cuddalore,rural,buddhist,persons,79
census-india-2011,sources/census-2011/c-series/state-mdds/c01-33-tamil-nadu.xls,5766414c82e96d26,census-c01-extract-v1.1.0-20260528T003618Z,C0101,33,617,00000,000000,District - Cuddalore,rural,buddhist,males,45
census-india-2011,sources/census-2011/c-series/state-mdds/c01-33-tamil-nadu.xls,5766414c82e96d26,census-c01-extract-v1.1.0-20260528T003618Z,C0101,33,617,00000,000000,District - Cuddalore,rural,buddhist,females,34
census-india-2011,sources/census-2011/c-series/state-mdds/c01-33-tamil-nadu.xls,5766414c82e96d26,census-c01-extract-v1.1.0-20260528T003618Z,C0101,33,617,00000,000000,District - Cuddalore,rural,jain,persons,100
census-india-2011,sources/census-2011/c-series/state-mdds/c01-33-tamil-nadu.xls,5766414c82e96d26,census-c01-extract-v1.1.0-20260528T003618Z,C0101,33,617,00000,000000,District - Cuddalore,rural,jain,males,49
census-india-2011,sources/census-2011/c-series/state-mdds/c01-33-tamil-nadu.xls,5766414c82e96d26,census-c01-extract-v1.1.0-20260528T003618Z,C0101,33,617,00000,000000,District - Cuddalore,rural,jain,females,51
census-india-2011,sources/census-2011/c-series/state-mdds/c01-33-tamil-nadu.xls,5766414c82e96d26,census-c01-extract-v1.1.0-20260528T003618Z,C0101,33,617,00000,000000,District - Cuddalore,rural,other,persons,61
census-india-2011,sources/census-2011/c-series/state-mdds/c01-33-tamil-nadu.xls,5766414c82e96d26,census-c01-extract-v1.1.0-20260528T003618Z,C0101,33,617,00000,000000,District - Cuddalore,rural,other,males,25
census-india-2011,sources/census-2011/c-series/state-mdds/c01-33-tamil-nadu.xls,5766414c82e96d26,census-c01-extract-v1.1.0-20260528T003618Z,C0101,33,617,00000,000000,District - Cuddalore,rural,other,females,36
census-india-2011,sources/census-2011/c-series/state-mdds/c01-33-tamil-nadu.xls,5766414c82e96d26,census-c01-extract-v1.1.0-20260528T003618Z,C0101,33,617,00000,000000,District - Cuddalore,rural,not_stated,persons,3044
census-india-2011,sources/census-2011/c-series/state-mdds/c01-33-tamil-nadu.xls,5766414c82e96d26,census-c01-extract-v1.1.0-20260528T003618Z,C0101,33,617,00000,000000,District - Cuddalore,rural,not_stated,males,1430
census-india-2011,sources/census-2011/c-series/state-mdds/c01-33-tamil-nadu.xls,5766414c82e96d26,census-c01-extract-v1.1.0-20260528T003618Z,C0101,33,617,00000,000000,District - Cuddalore,rural,not_stated,females,1614
census-india-2011,sources/census-2011/c-series/state-mdds/c01-33-tamil-nadu.xls,5766414c82e96d26,census-c01-extract-v1.1.0-20260528T003618Z,C0101,33,617,00000,000000,District - Cuddalore,urban,all,persons,885189
census-india-2011,sources/census-2011/c-series/state-mdds/c01-33-tamil-nadu.xls,5766414c82e96d26,census-c01-extract-v1.1.0-20260528T003618Z,C0101,33,617,00000,000000,District - Cuddalore,urban,all,males,442836
census-india-2011,sources/census-2011/c-series/state-mdds/c01-33-tamil-nadu.xls,5766414c82e96d26,census-c01-extract-v1.1.0-20260528T003618Z,C0101,33,617,00000,000000,District - Cuddalore,urban,all,females,442353
census-india-2011,sources/census-2011/c-series/state-mdds/c01-33-tamil-nadu.xls,5766414c82e96d26,census-c01-extract-v1.1.0-20260528T003618Z,C0101,33,617,00000,000000,District - Cuddalore,urban,hindu,persons,759281
census-india-2011,sources/census-2011/c-series/state-mdds/c01-33-tamil-nadu.xls,5766414c82e96d26,census-c01-extract-v1.1.0-20260528T003618Z,C0101,33,617,00000,000000,District - Cuddalore,urban,hindu,males,380715
census-india-2011,sources/census-2011/c-series/state-mdds/c01-33-tamil-nadu.xls,5766414c82e96d26,census-c01-extract-v1.1.0-20260528T003618Z,C0101,33,617,00000,000000,District - Cuddalore,urban,hindu,females,378566
census-india-2011,sources/census-2011/c-series/state-mdds/c01-33-tamil-nadu.xls,5766414c82e96d26,census-c01-extract-v1.1.0-20260528T003618Z,C0101,33,617,00000,000000,District - Cuddalore,urban,muslim,persons,90455
census-india-2011,sources/census-2011/c-series/state-mdds/c01-33-tamil-nadu.xls,5766414c82e96d26,census-c01-extract-v1.1.0-20260528T003618Z,C0101,33,617,00000,000000,District - Cuddalore,urban,muslim,males,44980
census-india-2011,sources/census-2011/c-series/state-mdds/c01-33-tamil-nadu.xls,5766414c82e96d26,census-c01-extract-v1.1.0-20260528T003618Z,C0101,33,617,00000,000000,District - Cuddalore,urban,muslim,females,45475
census-india-2011,sources/census-2011/c-series/state-mdds/c01-33-tamil-nadu.xls,5766414c82e96d26,census-c01-extract-v1.1.0-20260528T003618Z,C0101,33,617,00000,000000,District - Cuddalore,urban,christian,persons,31766
census-india-2011,sources/census-2011/c-series/state-mdds/c01-33-tamil-nadu.xls,5766414c82e96d26,census-c01-extract-v1.1.0-20260528T003618Z,C0101,33,617,00000,000000,District - Cuddalore,urban,christian,males,15342
census-india-2011,sources/census-2011/c-series/state-mdds/c01-33-tamil-nadu.xls,5766414c82e96d26,census-c01-extract-v1.1.0-20260528T003618Z,C0101,33,617,00000,000000,District - Cuddalore,urban,christian,females,16424
census-india-2011,sources/census-2011/c-series/state-mdds/c01-33-tamil-nadu.xls,5766414c82e96d26,census-c01-extract-v1.1.0-20260528T003618Z,C0101,33,617,00000,000000,District - Cuddalore,urban,sikh,persons,216
census-india-2011,sources/census-2011/c-series/state-mdds/c01-33-tamil-nadu.xls,5766414c82e96d26,census-c01-extract-v1.1.0-20260528T003618Z,C0101,33,617,00000,000000,District - Cuddalore,urban,sikh,males,116
census-india-2011,sources/census-2011/c-series/state-mdds/c01-33-tamil-nadu.xls,5766414c82e96d26,census-c01-extract-v1.1.0-20260528T003618Z,C0101,33,617,00000,000000,District - Cuddalore,urban,sikh,females,100
census-india-2011,sources/census-2011/c-series/state-mdds/c01-33-tamil-nadu.xls,5766414c82e96d26,census-c01-extract-v1.1.0-20260528T003618Z,C0101,33,617,00000,000000,District - Cuddalore,urban,buddhist,persons,157
census-india-2011,sources/census-2011/c-series/state-mdds/c01-33-tamil-nadu.xls,5766414c82e96d26,census-c01-extract-v1.1.0-20260528T003618Z,C0101,33,617,00000,000000,District - Cuddalore,urban,buddhist,males,88
census-india-2011,sources/census-2011/c-series/state-mdds/c01-33-tamil-nadu.xls,5766414c82e96d26,census-c01-extract-v1.1.0-20260528T003618Z,C0101,33,617,00000,000000,District - Cuddalore,urban,buddhist,females,69
census-india-2011,sources/census-2011/c-series/state-mdds/c01-33-tamil-nadu.xls,5766414c82e96d26,census-c01-extract-v1.1.0-20260528T003618Z,C0101,33,617,00000,000000,District - Cuddalore,urban,jain,persons,1180
census-india-2011,sources/census-2011/c-series/state-mdds/c01-33-tamil-nadu.xls,5766414c82e96d26,census-c01-extract-v1.1.0-20260528T003618Z,C0101,33,617,00000,000000,District - Cuddalore,urban,jain,males,600
census-india-2011,sources/census-2011/c-series/state-mdds/c01-33-tamil-nadu.xls,5766414c82e96d26,census-c01-extract-v1.1.0-20260528T003618Z,C0101,33,617,00000,000000,District - Cuddalore,urban,jain,females,580
census-india-2011,sources/census-2011/c-series/state-mdds/c01-33-tamil-nadu.xls,5766414c82e96d26,census-c01-extract-v1.1.0-20260528T003618Z,C0101,33,617,00000,000000,District - Cuddalore,urban,other,persons,77
census-india-2011,sources/census-2011/c-series/state-mdds/c01-33-tamil-nadu.xls,5766414c82e96d26,census-c01-extract-v1.1.0-20260528T003618Z,C0101,33,617,00000,000000,District - Cuddalore,urban,other,males,40
census-india-2011,sources/census-2011/c-series/state-mdds/c01-33-tamil-nadu.xls,5766414c82e96d26,census-c01-extract-v1.1.0-20260528T003618Z,C0101,33,617,00000,000000,District - Cuddalore,urban,other,females,37
census-india-2011,sources/census-2011/c-series/state-mdds/c01-33-tamil-nadu.xls,5766414c82e96d26,census-c01-extract-v1.1.0-20260528T003618Z,C0101,33,617,00000,000000,District - Cuddalore,urban,not_stated,persons,2057
census-india-2011,sources/census-2011/c-series/state-mdds/c01-33-tamil-nadu.xls,5766414c82e96d26,census-c01-extract-v1.1.0-20260528T003618Z,C0101,33,617,00000,000000,District - Cuddalore,urban,not_stated,males,955
census-india-2011,sources/census-2011/c-series/state-mdds/c01-33-tamil-nadu.xls,5766414c82e96d26,census-c01-extract-v1.1.0-20260528T003618Z,C0101,33,617,00000,000000,District - Cuddalore,urban,not_stated,females,1102
census-india-2011,sources/census-2011/c-series/state-mdds/c01-33-tamil-nadu.xls,5766414c82e96d26,census-c01-extract-v1.1.0-20260528T003618Z,C0101,33,618,00000,000000,District - Nagapattinam,total,all,persons,1616450
census-india-2011,sources/census-2011/c-series/state-mdds/c01-33-tamil-nadu.xls,5766414c82e96d26,census-c01-extract-v1.1.0-20260528T003618Z,C0101,33,618,00000,000000,District - Nagapattinam,total,all,males,798127
census-india-2011,sources/census-2011/c-series/state-mdds/c01-33-tamil-nadu.xls,5766414c82e96d26,census-c01-extract-v1.1.0-20260528T003618Z,C0101,33,618,00000,000000,District - Nagapattinam,total,all,females,818323
census-india-2011,sources/census-2011/c-series/state-mdds/c01-33-tamil-nadu.xls,5766414c82e96d26,census-c01-extract-v1.1.0-20260528T003618Z,C0101,33,618,00000,000000,District - Nagapattinam,total,hindu,persons,1435072
census-india-2011,sources/census-2011/c-series/state-mdds/c01-33-tamil-nadu.xls,5766414c82e96d26,census-c01-extract-v1.1.0-20260528T003618Z,C0101,33,618,00000,000000,District - Nagapattinam,total,hindu,males,711990
census-india-2011,sources/census-2011/c-series/state-mdds/c01-33-tamil-nadu.xls,5766414c82e96d26,census-c01-extract-v1.1.0-20260528T003618Z,C0101,33,618,00000,000000,District - Nagapattinam,total,hindu,females,723082
census-india-2011,sources/census-2011/c-series/state-mdds/c01-33-tamil-nadu.xls,5766414c82e96d26,census-c01-extract-v1.1.0-20260528T003618Z,C0101,33,618,00000,000000,District - Nagapattinam,total,muslim,persons,128617
census-india-2011,sources/census-2011/c-series/state-mdds/c01-33-tamil-nadu.xls,5766414c82e96d26,census-c01-extract-v1.1.0-20260528T003618Z,C0101,33,618,00000,000000,District - Nagapattinam,total,muslim,males,60418
census-india-2011,sources/census-2011/c-series/state-mdds/c01-33-tamil-nadu.xls,5766414c82e96d26,census-c01-extract-v1.1.0-20260528T003618Z,C0101,33,618,00000,000000,District - Nagapattinam,total,muslim,females,68199
census-india-2011,sources/census-2011/c-series/state-mdds/c01-33-tamil-nadu.xls,5766414c82e96d26,census-c01-extract-v1.1.0-20260528T003618Z,C0101,33,618,00000,000000,District - Nagapattinam,total,christian,persons,47579
census-india-2011,sources/census-2011/c-series/state-mdds/c01-33-tamil-nadu.xls,5766414c82e96d26,census-c01-extract-v1.1.0-20260528T003618Z,C0101,33,618,00000,000000,District - Nagapattinam,total,christian,males,23082
census-india-2011,sources/census-2011/c-series/state-mdds/c01-33-tamil-nadu.xls,5766414c82e96d26,census-c01-extract-v1.1.0-20260528T003618Z,C0101,33,618,00000,000000,District - Nagapattinam,total,christian,females,24497
census-india-2011,sources/census-2011/c-series/state-mdds/c01-33-tamil-nadu.xls,5766414c82e96d26,census-c01-extract-v1.1.0-20260528T003618Z,C0101,33,618,00000,000000,District - Nagapattinam,total,sikh,persons,184
census-india-2011,sources/census-2011/c-series/state-mdds/c01-33-tamil-nadu.xls,5766414c82e96d26,census-c01-extract-v1.1.0-20260528T003618Z,C0101,33,618,00000,000000,District - Nagapattinam,total,sikh,males,103
census-india-2011,sources/census-2011/c-series/state-mdds/c01-33-tamil-nadu.xls,5766414c82e96d26,census-c01-extract-v1.1.0-20260528T003618Z,C0101,33,618,00000,000000,District - Nagapattinam,total,sikh,females,81
census-india-2011,sources/census-2011/c-series/state-mdds/c01-33-tamil-nadu.xls,5766414c82e96d26,census-c01-extract-v1.1.0-20260528T003618Z,C0101,33,618,00000,000000,District - Nagapattinam,total,buddhist,persons,450
census-india-2011,sources/census-2011/c-series/state-mdds/c01-33-tamil-nadu.xls,5766414c82e96d26,census-c01-extract-v1.1.0-20260528T003618Z,C0101,33,618,00000,000000,District - Nagapattinam,total,buddhist,males,250
census-india-2011,sources/census-2011/c-series/state-mdds/c01-33-tamil-nadu.xls,5766414c82e96d26,census-c01-extract-v1.1.0-20260528T003618Z,C0101,33,618,00000,000000,District - Nagapattinam,total,buddhist,females,200
census-india-2011,sources/census-2011/c-series/state-mdds/c01-33-tamil-nadu.xls,5766414c82e96d26,census-c01-extract-v1.1.0-20260528T003618Z,C0101,33,618,00000,000000,District - Nagapattinam,total,jain,persons,963
census-india-2011,sources/census-2011/c-series/state-mdds/c01-33-tamil-nadu.xls,5766414c82e96d26,census-c01-extract-v1.1.0-20260528T003618Z,C0101,33,618,00000,000000,District - Nagapattinam,total,jain,males,522
census-india-2011,sources/census-2011/c-series/state-mdds/c01-33-tamil-nadu.xls,5766414c82e96d26,census-c01-extract-v1.1.0-20260528T003618Z,C0101,33,618,00000,000000,District - Nagapattinam,total,jain,females,441
census-india-2011,sources/census-2011/c-series/state-mdds/c01-33-tamil-nadu.xls,5766414c82e96d26,census-c01-extract-v1.1.0-20260528T003618Z,C0101,33,618,00000,000000,District - Nagapattinam,total,other,persons,110
census-india-2011,sources/census-2011/c-series/state-mdds/c01-33-tamil-nadu.xls,5766414c82e96d26,census-c01-extract-v1.1.0-20260528T003618Z,C0101,33,618,00000,000000,District - Nagapattinam,total,other,males,57
census-india-2011,sources/census-2011/c-series/state-mdds/c01-33-tamil-nadu.xls,5766414c82e96d26,census-c01-extract-v1.1.0-20260528T003618Z,C0101,33,618,00000,000000,District - Nagapattinam,total,other,females,53
census-india-2011,sources/census-2011/c-series/state-mdds/c01-33-tamil-nadu.xls,5766414c82e96d26,census-c01-extract-v1.1.0-20260528T003618Z,C0101,33,618,00000,000000,District - Nagapattinam,total,not_stated,persons,3475
census-india-2011,sources/census-2011/c-series/state-mdds/c01-33-tamil-nadu.xls,5766414c82e96d26,census-c01-extract-v1.1.0-20260528T003618Z,C0101,33,618,00000,000000,District - Nagapattinam,total,not_stated,males,1705
census-india-2011,sources/census-2011/c-series/state-mdds/c01-33-tamil-nadu.xls,5766414c82e96d26,census-c01-extract-v1.1.0-20260528T003618Z,C0101,33,618,00000,000000,District - Nagapattinam,total,not_stated,females,1770
census-india-2011,sources/census-2011/c-series/state-mdds/c01-33-tamil-nadu.xls,5766414c82e96d26,census-c01-extract-v1.1.0-20260528T003618Z,C0101,33,618,00000,000000,District - Nagapattinam,rural,all,persons,1251826
census-india-2011,sources/census-2011/c-series/state-mdds/c01-33-tamil-nadu.xls,5766414c82e96d26,census-c01-extract-v1.1.0-20260528T003618Z,C0101,33,618,00000,000000,District - Nagapattinam,rural,all,males,619369
census-india-2011,sources/census-2011/c-series/state-mdds/c01-33-tamil-nadu.xls,5766414c82e96d26,census-c01-extract-v1.1.0-20260528T003618Z,C0101,33,618,00000,000000,District - Nagapattinam,rural,all,females,632457
census-india-2011,sources/census-2011/c-series/state-mdds/c01-33-tamil-nadu.xls,5766414c82e96d26,census-c01-extract-v1.1.0-20260528T003618Z,C0101,33,618,00000,000000,District - Nagapattinam,rural,hindu,persons,1140163
census-india-2011,sources/census-2011/c-series/state-mdds/c01-33-tamil-nadu.xls,5766414c82e96d26,census-c01-extract-v1.1.0-20260528T003618Z,C0101,33,618,00000,000000,District - Nagapattinam,rural,hindu,males,566984
census-india-2011,sources/census-2011/c-series/state-mdds/c01-33-tamil-nadu.xls,5766414c82e96d26,census-c01-extract-v1.1.0-20260528T003618Z,C0101,33,618,00000,000000,District - Nagapattinam,rural,hindu,females,573179
census-india-2011,sources/census-2011/c-series/state-mdds/c01-33-tamil-nadu.xls,5766414c82e96d26,census-c01-extract-v1.1.0-20260528T003618Z,C0101,33,618,00000,000000,District - Nagapattinam,rural,muslim,persons,75980
census-india-2011,sources/census-2011/c-series/state-mdds/c01-33-tamil-nadu.xls,5766414c82e96d26,census-c01-extract-v1.1.0-20260528T003618Z,C0101,33,618,00000,000000,District - Nagapattinam,rural,muslim,males,34742
census-india-2011,sources/census-2011/c-series/state-mdds/c01-33-tamil-nadu.xls,5766414c82e96d26,census-c01-extract-v1.1.0-20260528T003618Z,C0101,33,618,00000,000000,District - Nagapattinam,rural,muslim,females,41238
census-india-2011,sources/census-2011/c-series/state-mdds/c01-33-tamil-nadu.xls,5766414c82e96d26,census-c01-extract-v1.1.0-20260528T003618Z,C0101,33,618,00000,000000,District - Nagapattinam,rural,christian,persons,32297
census-india-2011,sources/census-2011/c-series/state-mdds/c01-33-tamil-nadu.xls,5766414c82e96d26,census-c01-extract-v1.1.0-20260528T003618Z,C0101,33,618,00000,000000,District - Nagapattinam,rural,christian,males,15924
census-india-2011,sources/census-2011/c-series/state-mdds/c01-33-tamil-nadu.xls,5766414c82e96d26,census-c01-extract-v1.1.0-20260528T003618Z,C0101,33,618,00000,000000,District - Nagapattinam,rural,christian,females,16373
census-india-2011,sources/census-2011/c-series/state-mdds/c01-33-tamil-nadu.xls,5766414c82e96d26,census-c01-extract-v1.1.0-20260528T003618Z,C0101,33,618,00000,000000,District - Nagapattinam,rural,sikh,persons,117
census-india-2011,sources/census-2011/c-series/state-mdds/c01-33-tamil-nadu.xls,5766414c82e96d26,census-c01-extract-v1.1.0-20260528T003618Z,C0101,33,618,00000,000000,District - Nagapattinam,rural,sikh,males,61
census-india-2011,sources/census-2011/c-series/state-mdds/c01-33-tamil-nadu.xls,5766414c82e96d26,census-c01-extract-v1.1.0-20260528T003618Z,C0101,33,618,00000,000000,District - Nagapattinam,rural,sikh,females,56
census-india-2011,sources/census-2011/c-series/state-mdds/c01-33-tamil-nadu.xls,5766414c82e96d26,census-c01-extract-v1.1.0-20260528T003618Z,C0101,33,618,00000,000000,District - Nagapattinam,rural,buddhist,persons,195
census-india-2011,sources/census-2011/c-series/state-mdds/c01-33-tamil-nadu.xls,5766414c82e96d26,census-c01-extract-v1.1.0-20260528T003618Z,C0101,33,618,00000,000000,District - Nagapattinam,rural,buddhist,males,106
census-india-2011,sources/census-2011/c-series/state-mdds/c01-33-tamil-nadu.xls,5766414c82e96d26,census-c01-extract-v1.1.0-20260528T003618Z,C0101,33,618,00000,000000,District - Nagapattinam,rural,buddhist,females,89
census-india-2011,sources/census-2011/c-series/state-mdds/c01-33-tamil-nadu.xls,5766414c82e96d26,census-c01-extract-v1.1.0-20260528T003618Z,C0101,33,618,00000,000000,District - Nagapattinam,rural,jain,persons,442
census-india-2011,sources/census-2011/c-series/state-mdds/c01-33-tamil-nadu.xls,5766414c82e96d26,census-c01-extract-v1.1.0-20260528T003618Z,C0101,33,618,00000,000000,District - Nagapattinam,rural,jain,males,229
census-india-2011,sources/census-2011/c-series/state-mdds/c01-33-tamil-nadu.xls,5766414c82e96d26,census-c01-extract-v1.1.0-20260528T003618Z,C0101,33,618,00000,000000,District - Nagapattinam,rural,jain,females,213
census-india-2011,sources/census-2011/c-series/state-mdds/c01-33-tamil-nadu.xls,5766414c82e96d26,census-c01-extract-v1.1.0-20260528T003618Z,C0101,33,618,00000,000000,District - Nagapattinam,rural,other,persons,74
census-india-2011,sources/census-2011/c-series/state-mdds/c01-33-tamil-nadu.xls,5766414c82e96d26,census-c01-extract-v1.1.0-20260528T003618Z,C0101,33,618,00000,000000,District - Nagapattinam,rural,other,males,37
census-india-2011,sources/census-2011/c-series/state-mdds/c01-33-tamil-nadu.xls,5766414c82e96d26,census-c01-extract-v1.1.0-20260528T003618Z,C0101,33,618,00000,000000,District - Nagapattinam,rural,other,females,37
census-india-2011,sources/census-2011/c-series/state-mdds/c01-33-tamil-nadu.xls,5766414c82e96d26,census-c01-extract-v1.1.0-20260528T003618Z,C0101,33,618,00000,000000,District - Nagapattinam,rural,not_stated,persons,2558
census-india-2011,sources/census-2011/c-series/state-mdds/c01-33-tamil-nadu.xls,5766414c82e96d26,census-c01-extract-v1.1.0-20260528T003618Z,C0101,33,618,00000,000000,District - Nagapattinam,rural,not_stated,males,1286
census-india-2011,sources/census-2011/c-series/state-mdds/c01-33-tamil-nadu.xls,5766414c82e96d26,census-c01-extract-v1.1.0-20260528T003618Z,C0101,33,618,00000,000000,District - Nagapattinam,rural,not_stated,females,1272
census-india-2011,sources/census-2011/c-series/state-mdds/c01-33-tamil-nadu.xls,5766414c82e96d26,census-c01-extract-v1.1.0-20260528T003618Z,C0101,33,618,00000,000000,District - Nagapattinam,urban,all,persons,364624
census-india-2011,sources/census-2011/c-series/state-mdds/c01-33-tamil-nadu.xls,5766414c82e96d26,census-c01-extract-v1.1.0-20260528T003618Z,C0101,33,618,00000,000000,District - Nagapattinam,urban,all,males,178758
census-india-2011,sources/census-2011/c-series/state-mdds/c01-33-tamil-nadu.xls,5766414c82e96d26,census-c01-extract-v1.1.0-20260528T003618Z,C0101,33,618,00000,000000,District - Nagapattinam,urban,all,females,185866
census-india-2011,sources/census-2011/c-series/state-mdds/c01-33-tamil-nadu.xls,5766414c82e96d26,census-c01-extract-v1.1.0-20260528T003618Z,C0101,33,618,00000,000000,District - Nagapattinam,urban,hindu,persons,294909
census-india-2011,sources/census-2011/c-series/state-mdds/c01-33-tamil-nadu.xls,5766414c82e96d26,census-c01-extract-v1.1.0-20260528T003618Z,C0101,33,618,00000,000000,District - Nagapattinam,urban,hindu,males,145006
census-india-2011,sources/census-2011/c-series/state-mdds/c01-33-tamil-nadu.xls,5766414c82e96d26,census-c01-extract-v1.1.0-20260528T003618Z,C0101,33,618,00000,000000,District - Nagapattinam,urban,hindu,females,149903
census-india-2011,sources/census-2011/c-series/state-mdds/c01-33-tamil-nadu.xls,5766414c82e96d26,census-c01-extract-v1.1.0-20260528T003618Z,C0101,33,618,00000,000000,District - Nagapattinam,urban,muslim,persons,52637
census-india-2011,sources/census-2011/c-series/state-mdds/c01-33-tamil-nadu.xls,5766414c82e96d26,census-c01-extract-v1.1.0-20260528T003618Z,C0101,33,618,00000,000000,District - Nagapattinam,urban,muslim,males,25676
census-india-2011,sources/census-2011/c-series/state-mdds/c01-33-tamil-nadu.xls,5766414c82e96d26,census-c01-extract-v1.1.0-20260528T003618Z,C0101,33,618,00000,000000,District - Nagapattinam,urban,muslim,females,26961
census-india-2011,sources/census-2011/c-series/state-mdds/c01-33-tamil-nadu.xls,5766414c82e96d26,census-c01-extract-v1.1.0-20260528T003618Z,C0101,33,618,00000,000000,District - Nagapattinam,urban,christian,persons,15282
census-india-2011,sources/census-2011/c-series/state-mdds/c01-33-tamil-nadu.xls,5766414c82e96d26,census-c01-extract-v1.1.0-20260528T003618Z,C0101,33,618,00000,000000,District - Nagapattinam,urban,christian,males,7158
census-india-2011,sources/census-2011/c-series/state-mdds/c01-33-tamil-nadu.xls,5766414c82e96d26,census-c01-extract-v1.1.0-20260528T003618Z,C0101,33,618,00000,000000,District - Nagapattinam,urban,christian,females,8124
census-india-2011,sources/census-2011/c-series/state-mdds/c01-33-tamil-nadu.xls,5766414c82e96d26,census-c01-extract-v1.1.0-20260528T003618Z,C0101,33,618,00000,000000,District - Nagapattinam,urban,sikh,persons,67
census-india-2011,sources/census-2011/c-series/state-mdds/c01-33-tamil-nadu.xls,5766414c82e96d26,census-c01-extract-v1.1.0-20260528T003618Z,C0101,33,618,00000,000000,District - Nagapattinam,urban,sikh,males,42
census-india-2011,sources/census-2011/c-series/state-mdds/c01-33-tamil-nadu.xls,5766414c82e96d26,census-c01-extract-v1.1.0-20260528T003618Z,C0101,33,618,00000,000000,District - Nagapattinam,urban,sikh,females,25
census-india-2011,sources/census-2011/c-series/state-mdds/c01-33-tamil-nadu.xls,5766414c82e96d26,census-c01-extract-v1.1.0-20260528T003618Z,C0101,33,618,00000,000000,District - Nagapattinam,urban,buddhist,persons,255
census-india-2011,sources/census-2011/c-series/state-mdds/c01-33-tamil-nadu.xls,5766414c82e96d26,census-c01-extract-v1.1.0-20260528T003618Z,C0101,33,618,00000,000000,District - Nagapattinam,urban,buddhist,males,144
census-india-2011,sources/census-2011/c-series/state-mdds/c01-33-tamil-nadu.xls,5766414c82e96d26,census-c01-extract-v1.1.0-20260528T003618Z,C0101,33,618,00000,000000,District - Nagapattinam,urban,buddhist,females,111
census-india-2011,sources/census-2011/c-series/state-mdds/c01-33-tamil-nadu.xls,5766414c82e96d26,census-c01-extract-v1.1.0-20260528T003618Z,C0101,33,618,00000,000000,District - Nagapattinam,urban,jain,persons,521
census-india-2011,sources/census-2011/c-series/state-mdds/c01-33-tamil-nadu.xls,5766414c82e96d26,census-c01-extract-v1.1.0-20260528T003618Z,C0101,33,618,00000,000000,District - Nagapattinam,urban,jain,males,293
census-india-2011,sources/census-2011/c-series/state-mdds/c01-33-tamil-nadu.xls,5766414c82e96d26,census-c01-extract-v1.1.0-20260528T003618Z,C0101,33,618,00000,000000,District - Nagapattinam,urban,jain,females,228
census-india-2011,sources/census-2011/c-series/state-mdds/c01-33-tamil-nadu.xls,5766414c82e96d26,census-c01-extract-v1.1.0-20260528T003618Z,C0101,33,618,00000,000000,District - Nagapattinam,urban,other,persons,36
census-india-2011,sources/census-2011/c-series/state-mdds/c01-33-tamil-nadu.xls,5766414c82e96d26,census-c01-extract-v1.1.0-20260528T003618Z,C0101,33,618,00000,000000,District - Nagapattinam,urban,other,males,20
census-india-2011,sources/census-2011/c-series/state-mdds/c01-33-tamil-nadu.xls,5766414c82e96d26,census-c01-extract-v1.1.0-20260528T003618Z,C0101,33,618,00000,000000,District - Nagapattinam,urban,other,females,16
census-india-2011,sources/census-2011/c-series/state-mdds/c01-33-tamil-nadu.xls,5766414c82e96d26,census-c01-extract-v1.1.0-20260528T003618Z,C0101,33,618,00000,000000,District - Nagapattinam,urban,not_stated,persons,917
census-india-2011,sources/census-2011/c-series/state-mdds/c01-33-tamil-nadu.xls,5766414c82e96d26,census-c01-extract-v1.1.0-20260528T003618Z,C0101,33,618,00000,000000,District - Nagapattinam,urban,not_stated,males,419
census-india-2011,sources/census-2011/c-series/state-mdds/c01-33-tamil-nadu.xls,5766414c82e96d26,census-c01-extract-v1.1.0-20260528T003618Z,C0101,33,618,00000,000000,District - Nagapattinam,urban,not_stated,females,498
census-india-2011,sources/census-2011/c-series/state-mdds/c01-33-tamil-nadu.xls,5766414c82e96d26,census-c01-extract-v1.1.0-20260528T003618Z,C0101,33,619,00000,000000,District - Thiruvarur,total,all,persons,1264277
census-india-2011,sources/census-2011/c-series/state-mdds/c01-33-tamil-nadu.xls,5766414c82e96d26,census-c01-extract-v1.1.0-20260528T003618Z,C0101,33,619,00000,000000,District - Thiruvarur,total,all,males,626693
census-india-2011,sources/census-2011/c-series/state-mdds/c01-33-tamil-nadu.xls,5766414c82e96d26,census-c01-extract-v1.1.0-20260528T003618Z,C0101,33,619,00000,000000,District - Thiruvarur,total,all,females,637584
census-india-2011,sources/census-2011/c-series/state-mdds/c01-33-tamil-nadu.xls,5766414c82e96d26,census-c01-extract-v1.1.0-20260528T003618Z,C0101,33,619,00000,000000,District - Thiruvarur,total,hindu,persons,1132785
census-india-2011,sources/census-2011/c-series/state-mdds/c01-33-tamil-nadu.xls,5766414c82e96d26,census-c01-extract-v1.1.0-20260528T003618Z,C0101,33,619,00000,000000,District - Thiruvarur,total,hindu,males,563648
census-india-2011,sources/census-2011/c-series/state-mdds/c01-33-tamil-nadu.xls,5766414c82e96d26,census-c01-extract-v1.1.0-20260528T003618Z,C0101,33,619,00000,000000,District - Thiruvarur,total,hindu,females,569137
census-india-2011,sources/census-2011/c-series/state-mdds/c01-33-tamil-nadu.xls,5766414c82e96d26,census-c01-extract-v1.1.0-20260528T003618Z,C0101,33,619,00000,000000,District - Thiruvarur,total,muslim,persons,96092
census-india-2011,sources/census-2011/c-series/state-mdds/c01-33-tamil-nadu.xls,5766414c82e96d26,census-c01-extract-v1.1.0-20260528T003618Z,C0101,33,619,00000,000000,District - Thiruvarur,total,muslim,males,45508
census-india-2011,sources/census-2011/c-series/state-mdds/c01-33-tamil-nadu.xls,5766414c82e96d26,census-c01-extract-v1.1.0-20260528T003618Z,C0101,33,619,00000,000000,District - Thiruvarur,total,muslim,females,50584
census-india-2011,sources/census-2011/c-series/state-mdds/c01-33-tamil-nadu.xls,5766414c82e96d26,census-c01-extract-v1.1.0-20260528T003618Z,C0101,33,619,00000,000000,District - Thiruvarur,total,christian,persons,33192
census-india-2011,sources/census-2011/c-series/state-mdds/c01-33-tamil-nadu.xls,5766414c82e96d26,census-c01-extract-v1.1.0-20260528T003618Z,C0101,33,619,00000,000000,District - Thiruvarur,total,christian,males,16448
census-india-2011,sources/census-2011/c-series/state-mdds/c01-33-tamil-nadu.xls,5766414c82e96d26,census-c01-extract-v1.1.0-20260528T003618Z,C0101,33,619,00000,000000,District - Thiruvarur,total,christian,females,16744
census-india-2011,sources/census-2011/c-series/state-mdds/c01-33-tamil-nadu.xls,5766414c82e96d26,census-c01-extract-v1.1.0-20260528T003618Z,C0101,33,619,00000,000000,District - Thiruvarur,total,sikh,persons,258
census-india-2011,sources/census-2011/c-series/state-mdds/c01-33-tamil-nadu.xls,5766414c82e96d26,census-c01-extract-v1.1.0-20260528T003618Z,C0101,33,619,00000,000000,District - Thiruvarur,total,sikh,males,140
census-india-2011,sources/census-2011/c-series/state-mdds/c01-33-tamil-nadu.xls,5766414c82e96d26,census-c01-extract-v1.1.0-20260528T003618Z,C0101,33,619,00000,000000,District - Thiruvarur,total,sikh,females,118
census-india-2011,sources/census-2011/c-series/state-mdds/c01-33-tamil-nadu.xls,5766414c82e96d26,census-c01-extract-v1.1.0-20260528T003618Z,C0101,33,619,00000,000000,District - Thiruvarur,total,buddhist,persons,151
census-india-2011,sources/census-2011/c-series/state-mdds/c01-33-tamil-nadu.xls,5766414c82e96d26,census-c01-extract-v1.1.0-20260528T003618Z,C0101,33,619,00000,000000,District - Thiruvarur,total,buddhist,males,80
census-india-2011,sources/census-2011/c-series/state-mdds/c01-33-tamil-nadu.xls,5766414c82e96d26,census-c01-extract-v1.1.0-20260528T003618Z,C0101,33,619,00000,000000,District - Thiruvarur,total,buddhist,females,71
census-india-2011,sources/census-2011/c-series/state-mdds/c01-33-tamil-nadu.xls,5766414c82e96d26,census-c01-extract-v1.1.0-20260528T003618Z,C0101,33,619,00000,000000,District - Thiruvarur,total,jain,persons,279
census-india-2011,sources/census-2011/c-series/state-mdds/c01-33-tamil-nadu.xls,5766414c82e96d26,census-c01-extract-v1.1.0-20260528T003618Z,C0101,33,619,00000,000000,District - Thiruvarur,total,jain,males,149
census-india-2011,sources/census-2011/c-series/state-mdds/c01-33-tamil-nadu.xls,5766414c82e96d26,census-c01-extract-v1.1.0-20260528T003618Z,C0101,33,619,00000,000000,District - Thiruvarur,total,jain,females,130
census-india-2011,sources/census-2011/c-series/state-mdds/c01-33-tamil-nadu.xls,5766414c82e96d26,census-c01-extract-v1.1.0-20260528T003618Z,C0101,33,619,00000,000000,District - Thiruvarur,total,other,persons,64
census-india-2011,sources/census-2011/c-series/state-mdds/c01-33-tamil-nadu.xls,5766414c82e96d26,census-c01-extract-v1.1.0-20260528T003618Z,C0101,33,619,00000,000000,District - Thiruvarur,total,other,males,30
census-india-2011,sources/census-2011/c-series/state-mdds/c01-33-tamil-nadu.xls,5766414c82e96d26,census-c01-extract-v1.1.0-20260528T003618Z,C0101,33,619,00000,000000,District - Thiruvarur,total,other,females,34
census-india-2011,sources/census-2011/c-series/state-mdds/c01-33-tamil-nadu.xls,5766414c82e96d26,census-c01-extract-v1.1.0-20260528T003618Z,C0101,33,619,00000,000000,District - Thiruvarur,total,not_stated,persons,1456
census-india-2011,sources/census-2011/c-series/state-mdds/c01-33-tamil-nadu.xls,5766414c82e96d26,census-c01-extract-v1.1.0-20260528T003618Z,C0101,33,619,00000,000000,District - Thiruvarur,total,not_stated,males,690
census-india-2011,sources/census-2011/c-series/state-mdds/c01-33-tamil-nadu.xls,5766414c82e96d26,census-c01-extract-v1.1.0-20260528T003618Z,C0101,33,619,00000,000000,District - Thiruvarur,total,not_stated,females,766
census-india-2011,sources/census-2011/c-series/state-mdds/c01-33-tamil-nadu.xls,5766414c82e96d26,census-c01-extract-v1.1.0-20260528T003618Z,C0101,33,619,00000,000000,District - Thiruvarur,rural,all,persons,1006482
census-india-2011,sources/census-2011/c-series/state-mdds/c01-33-tamil-nadu.xls,5766414c82e96d26,census-c01-extract-v1.1.0-20260528T003618Z,C0101,33,619,00000,000000,District - Thiruvarur,rural,all,males,499954
census-india-2011,sources/census-2011/c-series/state-mdds/c01-33-tamil-nadu.xls,5766414c82e96d26,census-c01-extract-v1.1.0-20260528T003618Z,C0101,33,619,00000,000000,District - Thiruvarur,rural,all,females,506528
census-india-2011,sources/census-2011/c-series/state-mdds/c01-33-tamil-nadu.xls,5766414c82e96d26,census-c01-extract-v1.1.0-20260528T003618Z,C0101,33,619,00000,000000,District - Thiruvarur,rural,hindu,persons,926303
census-india-2011,sources/census-2011/c-series/state-mdds/c01-33-tamil-nadu.xls,5766414c82e96d26,census-c01-extract-v1.1.0-20260528T003618Z,C0101,33,619,00000,000000,District - Thiruvarur,rural,hindu,males,461300
census-india-2011,sources/census-2011/c-series/state-mdds/c01-33-tamil-nadu.xls,5766414c82e96d26,census-c01-extract-v1.1.0-20260528T003618Z,C0101,33,619,00000,000000,District - Thiruvarur,rural,hindu,females,465003
census-india-2011,sources/census-2011/c-series/state-mdds/c01-33-tamil-nadu.xls,5766414c82e96d26,census-c01-extract-v1.1.0-20260528T003618Z,C0101,33,619,00000,000000,District - Thiruvarur,rural,muslim,persons,51361
census-india-2011,sources/census-2011/c-series/state-mdds/c01-33-tamil-nadu.xls,5766414c82e96d26,census-c01-extract-v1.1.0-20260528T003618Z,C0101,33,619,00000,000000,District - Thiruvarur,rural,muslim,males,24253
census-india-2011,sources/census-2011/c-series/state-mdds/c01-33-tamil-nadu.xls,5766414c82e96d26,census-c01-extract-v1.1.0-20260528T003618Z,C0101,33,619,00000,000000,District - Thiruvarur,rural,muslim,females,27108
census-india-2011,sources/census-2011/c-series/state-mdds/c01-33-tamil-nadu.xls,5766414c82e96d26,census-c01-extract-v1.1.0-20260528T003618Z,C0101,33,619,00000,000000,District - Thiruvarur,rural,christian,persons,27237
census-india-2011,sources/census-2011/c-series/state-mdds/c01-33-tamil-nadu.xls,5766414c82e96d26,census-c01-extract-v1.1.0-20260528T003618Z,C0101,33,619,00000,000000,District - Thiruvarur,rural,christian,males,13620
census-india-2011,sources/census-2011/c-series/state-mdds/c01-33-tamil-nadu.xls,5766414c82e96d26,census-c01-extract-v1.1.0-20260528T003618Z,C0101,33,619,00000,000000,District - Thiruvarur,rural,christian,females,13617
census-india-2011,sources/census-2011/c-series/state-mdds/c01-33-tamil-nadu.xls,5766414c82e96d26,census-c01-extract-v1.1.0-20260528T003618Z,C0101,33,619,00000,000000,District - Thiruvarur,rural,sikh,persons,165
census-india-2011,sources/census-2011/c-series/state-mdds/c01-33-tamil-nadu.xls,5766414c82e96d26,census-c01-extract-v1.1.0-20260528T003618Z,C0101,33,619,00000,000000,District - Thiruvarur,rural,sikh,males,89
census-india-2011,sources/census-2011/c-series/state-mdds/c01-33-tamil-nadu.xls,5766414c82e96d26,census-c01-extract-v1.1.0-20260528T003618Z,C0101,33,619,00000,000000,District - Thiruvarur,rural,sikh,females,76
census-india-2011,sources/census-2011/c-series/state-mdds/c01-33-tamil-nadu.xls,5766414c82e96d26,census-c01-extract-v1.1.0-20260528T003618Z,C0101,33,619,00000,000000,District - Thiruvarur,rural,buddhist,persons,132
census-india-2011,sources/census-2011/c-series/state-mdds/c01-33-tamil-nadu.xls,5766414c82e96d26,census-c01-extract-v1.1.0-20260528T003618Z,C0101,33,619,00000,000000,District - Thiruvarur,rural,buddhist,males,69
census-india-2011,sources/census-2011/c-series/state-mdds/c01-33-tamil-nadu.xls,5766414c82e96d26,census-c01-extract-v1.1.0-20260528T003618Z,C0101,33,619,00000,000000,District - Thiruvarur,rural,buddhist,females,63
census-india-2011,sources/census-2011/c-series/state-mdds/c01-33-tamil-nadu.xls,5766414c82e96d26,census-c01-extract-v1.1.0-20260528T003618Z,C0101,33,619,00000,000000,District - Thiruvarur,rural,jain,persons,96
census-india-2011,sources/census-2011/c-series/state-mdds/c01-33-tamil-nadu.xls,5766414c82e96d26,census-c01-extract-v1.1.0-20260528T003618Z,C0101,33,619,00000,000000,District - Thiruvarur,rural,jain,males,54
census-india-2011,sources/census-2011/c-series/state-mdds/c01-33-tamil-nadu.xls,5766414c82e96d26,census-c01-extract-v1.1.0-20260528T003618Z,C0101,33,619,00000,000000,District - Thiruvarur,rural,jain,females,42
census-india-2011,sources/census-2011/c-series/state-mdds/c01-33-tamil-nadu.xls,5766414c82e96d26,census-c01-extract-v1.1.0-20260528T003618Z,C0101,33,619,00000,000000,District - Thiruvarur,rural,other,persons,38
census-india-2011,sources/census-2011/c-series/state-mdds/c01-33-tamil-nadu.xls,5766414c82e96d26,census-c01-extract-v1.1.0-20260528T003618Z,C0101,33,619,00000,000000,District - Thiruvarur,rural,other,males,17
census-india-2011,sources/census-2011/c-series/state-mdds/c01-33-tamil-nadu.xls,5766414c82e96d26,census-c01-extract-v1.1.0-20260528T003618Z,C0101,33,619,00000,000000,District - Thiruvarur,rural,other,females,21
census-india-2011,sources/census-2011/c-series/state-mdds/c01-33-tamil-nadu.xls,5766414c82e96d26,census-c01-extract-v1.1.0-20260528T003618Z,C0101,33,619,00000,000000,District - Thiruvarur,rural,not_stated,persons,1150
census-india-2011,sources/census-2011/c-series/state-mdds/c01-33-tamil-nadu.xls,5766414c82e96d26,census-c01-extract-v1.1.0-20260528T003618Z,C0101,33,619,00000,000000,District - Thiruvarur,rural,not_stated,males,552
census-india-2011,sources/census-2011/c-series/state-mdds/c01-33-tamil-nadu.xls,5766414c82e96d26,census-c01-extract-v1.1.0-20260528T003618Z,C0101,33,619,00000,000000,District - Thiruvarur,rural,not_stated,females,598
census-india-2011,sources/census-2011/c-series/state-mdds/c01-33-tamil-nadu.xls,5766414c82e96d26,census-c01-extract-v1.1.0-20260528T003618Z,C0101,33,619,00000,000000,District - Thiruvarur,urban,all,persons,257795
census-india-2011,sources/census-2011/c-series/state-mdds/c01-33-tamil-nadu.xls,5766414c82e96d26,census-c01-extract-v1.1.0-20260528T003618Z,C0101,33,619,00000,000000,District - Thiruvarur,urban,all,males,126739
census-india-2011,sources/census-2011/c-series/state-mdds/c01-33-tamil-nadu.xls,5766414c82e96d26,census-c01-extract-v1.1.0-20260528T003618Z,C0101,33,619,00000,000000,District - Thiruvarur,urban,all,females,131056
census-india-2011,sources/census-2011/c-series/state-mdds/c01-33-tamil-nadu.xls,5766414c82e96d26,census-c01-extract-v1.1.0-20260528T003618Z,C0101,33,619,00000,000000,District - Thiruvarur,urban,hindu,persons,206482
census-india-2011,sources/census-2011/c-series/state-mdds/c01-33-tamil-nadu.xls,5766414c82e96d26,census-c01-extract-v1.1.0-20260528T003618Z,C0101,33,619,00000,000000,District - Thiruvarur,urban,hindu,males,102348
census-india-2011,sources/census-2011/c-series/state-mdds/c01-33-tamil-nadu.xls,5766414c82e96d26,census-c01-extract-v1.1.0-20260528T003618Z,C0101,33,619,00000,000000,District - Thiruvarur,urban,hindu,females,104134
census-india-2011,sources/census-2011/c-series/state-mdds/c01-33-tamil-nadu.xls,5766414c82e96d26,census-c01-extract-v1.1.0-20260528T003618Z,C0101,33,619,00000,000000,District - Thiruvarur,urban,muslim,persons,44731
census-india-2011,sources/census-2011/c-series/state-mdds/c01-33-tamil-nadu.xls,5766414c82e96d26,census-c01-extract-v1.1.0-20260528T003618Z,C0101,33,619,00000,000000,District - Thiruvarur,urban,muslim,males,21255
census-india-2011,sources/census-2011/c-series/state-mdds/c01-33-tamil-nadu.xls,5766414c82e96d26,census-c01-extract-v1.1.0-20260528T003618Z,C0101,33,619,00000,000000,District - Thiruvarur,urban,muslim,females,23476
census-india-2011,sources/census-2011/c-series/state-mdds/c01-33-tamil-nadu.xls,5766414c82e96d26,census-c01-extract-v1.1.0-20260528T003618Z,C0101,33,619,00000,000000,District - Thiruvarur,urban,christian,persons,5955
census-india-2011,sources/census-2011/c-series/state-mdds/c01-33-tamil-nadu.xls,5766414c82e96d26,census-c01-extract-v1.1.0-20260528T003618Z,C0101,33,619,00000,000000,District - Thiruvarur,urban,christian,males,2828
census-india-2011,sources/census-2011/c-series/state-mdds/c01-33-tamil-nadu.xls,5766414c82e96d26,census-c01-extract-v1.1.0-20260528T003618Z,C0101,33,619,00000,000000,District - Thiruvarur,urban,christian,females,3127
census-india-2011,sources/census-2011/c-series/state-mdds/c01-33-tamil-nadu.xls,5766414c82e96d26,census-c01-extract-v1.1.0-20260528T003618Z,C0101,33,619,00000,000000,District - Thiruvarur,urban,sikh,persons,93
census-india-2011,sources/census-2011/c-series/state-mdds/c01-33-tamil-nadu.xls,5766414c82e96d26,census-c01-extract-v1.1.0-20260528T003618Z,C0101,33,619,00000,000000,District - Thiruvarur,urban,sikh,males,51
census-india-2011,sources/census-2011/c-series/state-mdds/c01-33-tamil-nadu.xls,5766414c82e96d26,census-c01-extract-v1.1.0-20260528T003618Z,C0101,33,619,00000,000000,District - Thiruvarur,urban,sikh,females,42
census-india-2011,sources/census-2011/c-series/state-mdds/c01-33-tamil-nadu.xls,5766414c82e96d26,census-c01-extract-v1.1.0-20260528T003618Z,C0101,33,619,00000,000000,District - Thiruvarur,urban,buddhist,persons,19
census-india-2011,sources/census-2011/c-series/state-mdds/c01-33-tamil-nadu.xls,5766414c82e96d26,census-c01-extract-v1.1.0-20260528T003618Z,C0101,33,619,00000,000000,District - Thiruvarur,urban,buddhist,males,11
census-india-2011,sources/census-2011/c-series/state-mdds/c01-33-tamil-nadu.xls,5766414c82e96d26,census-c01-extract-v1.1.0-20260528T003618Z,C0101,33,619,00000,000000,District - Thiruvarur,urban,buddhist,females,8
census-india-2011,sources/census-2011/c-series/state-mdds/c01-33-tamil-nadu.xls,5766414c82e96d26,census-c01-extract-v1.1.0-20260528T003618Z,C0101,33,619,00000,000000,District - Thiruvarur,urban,jain,persons,183
census-india-2011,sources/census-2011/c-series/state-mdds/c01-33-tamil-nadu.xls,5766414c82e96d26,census-c01-extract-v1.1.0-20260528T003618Z,C0101,33,619,00000,000000,District - Thiruvarur,urban,jain,males,95
census-india-2011,sources/census-2011/c-series/state-mdds/c01-33-tamil-nadu.xls,5766414c82e96d26,census-c01-extract-v1.1.0-20260528T003618Z,C0101,33,619,00000,000000,District - Thiruvarur,urban,jain,females,88
census-india-2011,sources/census-2011/c-series/state-mdds/c01-33-tamil-nadu.xls,5766414c82e96d26,census-c01-extract-v1.1.0-20260528T003618Z,C0101,33,619,00000,000000,District - Thiruvarur,urban,other,persons,26
census-india-2011,sources/census-2011/c-series/state-mdds/c01-33-tamil-nadu.xls,5766414c82e96d26,census-c01-extract-v1.1.0-20260528T003618Z,C0101,33,619,00000,000000,District - Thiruvarur,urban,other,males,13
census-india-2011,sources/census-2011/c-series/state-mdds/c01-33-tamil-nadu.xls,5766414c82e96d26,census-c01-extract-v1.1.0-20260528T003618Z,C0101,33,619,00000,000000,District - Thiruvarur,urban,other,females,13
census-india-2011,sources/census-2011/c-series/state-mdds/c01-33-tamil-nadu.xls,5766414c82e96d26,census-c01-extract-v1.1.0-20260528T003618Z,C0101,33,619,00000,000000,District - Thiruvarur,urban,not_stated,persons,306
census-india-2011,sources/census-2011/c-series/state-mdds/c01-33-tamil-nadu.xls,5766414c82e96d26,census-c01-extract-v1.1.0-20260528T003618Z,C0101,33,619,00000,000000,District - Thiruvarur,urban,not_stated,males,138
census-india-2011,sources/census-2011/c-series/state-mdds/c01-33-tamil-nadu.xls,5766414c82e96d26,census-c01-extract-v1.1.0-20260528T003618Z,C0101,33,619,00000,000000,District - Thiruvarur,urban,not_stated,females,168
census-india-2011,sources/census-2011/c-series/state-mdds/c01-33-tamil-nadu.xls,5766414c82e96d26,census-c01-extract-v1.1.0-20260528T003618Z,C0101,33,620,00000,000000,District - Thanjavur,total,all,persons,2405890
census-india-2011,sources/census-2011/c-series/state-mdds/c01-33-tamil-nadu.xls,5766414c82e96d26,census-c01-extract-v1.1.0-20260528T003618Z,C0101,33,620,00000,000000,District - Thanjavur,total,all,males,1182416
census-india-2011,sources/census-2011/c-series/state-mdds/c01-33-tamil-nadu.xls,5766414c82e96d26,census-c01-extract-v1.1.0-20260528T003618Z,C0101,33,620,00000,000000,District - Thanjavur,total,all,females,1223474
census-india-2011,sources/census-2011/c-series/state-mdds/c01-33-tamil-nadu.xls,5766414c82e96d26,census-c01-extract-v1.1.0-20260528T003618Z,C0101,33,620,00000,000000,District - Thanjavur,total,hindu,persons,2075870
census-india-2011,sources/census-2011/c-series/state-mdds/c01-33-tamil-nadu.xls,5766414c82e96d26,census-c01-extract-v1.1.0-20260528T003618Z,C0101,33,620,00000,000000,District - Thanjavur,total,hindu,males,1024883
census-india-2011,sources/census-2011/c-series/state-mdds/c01-33-tamil-nadu.xls,5766414c82e96d26,census-c01-extract-v1.1.0-20260528T003618Z,C0101,33,620,00000,000000,District - Thanjavur,total,hindu,females,1050987
census-india-2011,sources/census-2011/c-series/state-mdds/c01-33-tamil-nadu.xls,5766414c82e96d26,census-c01-extract-v1.1.0-20260528T003618Z,C0101,33,620,00000,000000,District - Thanjavur,total,muslim,persons,190814
census-india-2011,sources/census-2011/c-series/state-mdds/c01-33-tamil-nadu.xls,5766414c82e96d26,census-c01-extract-v1.1.0-20260528T003618Z,C0101,33,620,00000,000000,District - Thanjavur,total,muslim,males,89681
census-india-2011,sources/census-2011/c-series/state-mdds/c01-33-tamil-nadu.xls,5766414c82e96d26,census-c01-extract-v1.1.0-20260528T003618Z,C0101,33,620,00000,000000,District - Thanjavur,total,muslim,females,101133
census-india-2011,sources/census-2011/c-series/state-mdds/c01-33-tamil-nadu.xls,5766414c82e96d26,census-c01-extract-v1.1.0-20260528T003618Z,C0101,33,620,00000,000000,District - Thanjavur,total,christian,persons,133971
census-india-2011,sources/census-2011/c-series/state-mdds/c01-33-tamil-nadu.xls,5766414c82e96d26,census-c01-extract-v1.1.0-20260528T003618Z,C0101,33,620,00000,000000,District - Thanjavur,total,christian,males,65273
census-india-2011,sources/census-2011/c-series/state-mdds/c01-33-tamil-nadu.xls,5766414c82e96d26,census-c01-extract-v1.1.0-20260528T003618Z,C0101,33,620,00000,000000,District - Thanjavur,total,christian,females,68698
census-india-2011,sources/census-2011/c-series/state-mdds/c01-33-tamil-nadu.xls,5766414c82e96d26,census-c01-extract-v1.1.0-20260528T003618Z,C0101,33,620,00000,000000,District - Thanjavur,total,sikh,persons,231
census-india-2011,sources/census-2011/c-series/state-mdds/c01-33-tamil-nadu.xls,5766414c82e96d26,census-c01-extract-v1.1.0-20260528T003618Z,C0101,33,620,00000,000000,District - Thanjavur,total,sikh,males,118
census-india-2011,sources/census-2011/c-series/state-mdds/c01-33-tamil-nadu.xls,5766414c82e96d26,census-c01-extract-v1.1.0-20260528T003618Z,C0101,33,620,00000,000000,District - Thanjavur,total,sikh,females,113
census-india-2011,sources/census-2011/c-series/state-mdds/c01-33-tamil-nadu.xls,5766414c82e96d26,census-c01-extract-v1.1.0-20260528T003618Z,C0101,33,620,00000,000000,District - Thanjavur,total,buddhist,persons,795
census-india-2011,sources/census-2011/c-series/state-mdds/c01-33-tamil-nadu.xls,5766414c82e96d26,census-c01-extract-v1.1.0-20260528T003618Z,C0101,33,620,00000,000000,District - Thanjavur,total,buddhist,males,402
census-india-2011,sources/census-2011/c-series/state-mdds/c01-33-tamil-nadu.xls,5766414c82e96d26,census-c01-extract-v1.1.0-20260528T003618Z,C0101,33,620,00000,000000,District - Thanjavur,total,buddhist,females,393
census-india-2011,sources/census-2011/c-series/state-mdds/c01-33-tamil-nadu.xls,5766414c82e96d26,census-c01-extract-v1.1.0-20260528T003618Z,C0101,33,620,00000,000000,District - Thanjavur,total,jain,persons,1256
census-india-2011,sources/census-2011/c-series/state-mdds/c01-33-tamil-nadu.xls,5766414c82e96d26,census-c01-extract-v1.1.0-20260528T003618Z,C0101,33,620,00000,000000,District - Thanjavur,total,jain,males,629
census-india-2011,sources/census-2011/c-series/state-mdds/c01-33-tamil-nadu.xls,5766414c82e96d26,census-c01-extract-v1.1.0-20260528T003618Z,C0101,33,620,00000,000000,District - Thanjavur,total,jain,females,627
census-india-2011,sources/census-2011/c-series/state-mdds/c01-33-tamil-nadu.xls,5766414c82e96d26,census-c01-extract-v1.1.0-20260528T003618Z,C0101,33,620,00000,000000,District - Thanjavur,total,other,persons,148
census-india-2011,sources/census-2011/c-series/state-mdds/c01-33-tamil-nadu.xls,5766414c82e96d26,census-c01-extract-v1.1.0-20260528T003618Z,C0101,33,620,00000,000000,District - Thanjavur,total,other,males,66
census-india-2011,sources/census-2011/c-series/state-mdds/c01-33-tamil-nadu.xls,5766414c82e96d26,census-c01-extract-v1.1.0-20260528T003618Z,C0101,33,620,00000,000000,District - Thanjavur,total,other,females,82
census-india-2011,sources/census-2011/c-series/state-mdds/c01-33-tamil-nadu.xls,5766414c82e96d26,census-c01-extract-v1.1.0-20260528T003618Z,C0101,33,620,00000,000000,District - Thanjavur,total,not_stated,persons,2805
census-india-2011,sources/census-2011/c-series/state-mdds/c01-33-tamil-nadu.xls,5766414c82e96d26,census-c01-extract-v1.1.0-20260528T003618Z,C0101,33,620,00000,000000,District - Thanjavur,total,not_stated,males,1364
census-india-2011,sources/census-2011/c-series/state-mdds/c01-33-tamil-nadu.xls,5766414c82e96d26,census-c01-extract-v1.1.0-20260528T003618Z,C0101,33,620,00000,000000,District - Thanjavur,total,not_stated,females,1441
census-india-2011,sources/census-2011/c-series/state-mdds/c01-33-tamil-nadu.xls,5766414c82e96d26,census-c01-extract-v1.1.0-20260528T003618Z,C0101,33,620,00000,000000,District - Thanjavur,rural,all,persons,1554531
census-india-2011,sources/census-2011/c-series/state-mdds/c01-33-tamil-nadu.xls,5766414c82e96d26,census-c01-extract-v1.1.0-20260528T003618Z,C0101,33,620,00000,000000,District - Thanjavur,rural,all,males,765177
census-india-2011,sources/census-2011/c-series/state-mdds/c01-33-tamil-nadu.xls,5766414c82e96d26,census-c01-extract-v1.1.0-20260528T003618Z,C0101,33,620,00000,000000,District - Thanjavur,rural,all,females,789354
census-india-2011,sources/census-2011/c-series/state-mdds/c01-33-tamil-nadu.xls,5766414c82e96d26,census-c01-extract-v1.1.0-20260528T003618Z,C0101,33,620,00000,000000,District - Thanjavur,rural,hindu,persons,1392607
census-india-2011,sources/census-2011/c-series/state-mdds/c01-33-tamil-nadu.xls,5766414c82e96d26,census-c01-extract-v1.1.0-20260528T003618Z,C0101,33,620,00000,000000,District - Thanjavur,rural,hindu,males,687301
census-india-2011,sources/census-2011/c-series/state-mdds/c01-33-tamil-nadu.xls,5766414c82e96d26,census-c01-extract-v1.1.0-20260528T003618Z,C0101,33,620,00000,000000,District - Thanjavur,rural,hindu,females,705306
census-india-2011,sources/census-2011/c-series/state-mdds/c01-33-tamil-nadu.xls,5766414c82e96d26,census-c01-extract-v1.1.0-20260528T003618Z,C0101,33,620,00000,000000,District - Thanjavur,rural,muslim,persons,78621
census-india-2011,sources/census-2011/c-series/state-mdds/c01-33-tamil-nadu.xls,5766414c82e96d26,census-c01-extract-v1.1.0-20260528T003618Z,C0101,33,620,00000,000000,District - Thanjavur,rural,muslim,males,36739
census-india-2011,sources/census-2011/c-series/state-mdds/c01-33-tamil-nadu.xls,5766414c82e96d26,census-c01-extract-v1.1.0-20260528T003618Z,C0101,33,620,00000,000000,District - Thanjavur,rural,muslim,females,41882
census-india-2011,sources/census-2011/c-series/state-mdds/c01-33-tamil-nadu.xls,5766414c82e96d26,census-c01-extract-v1.1.0-20260528T003618Z,C0101,33,620,00000,000000,District - Thanjavur,rural,christian,persons,79821
census-india-2011,sources/census-2011/c-series/state-mdds/c01-33-tamil-nadu.xls,5766414c82e96d26,census-c01-extract-v1.1.0-20260528T003618Z,C0101,33,620,00000,000000,District - Thanjavur,rural,christian,males,39401
census-india-2011,sources/census-2011/c-series/state-mdds/c01-33-tamil-nadu.xls,5766414c82e96d26,census-c01-extract-v1.1.0-20260528T003618Z,C0101,33,620,00000,000000,District - Thanjavur,rural,christian,females,40420
census-india-2011,sources/census-2011/c-series/state-mdds/c01-33-tamil-nadu.xls,5766414c82e96d26,census-c01-extract-v1.1.0-20260528T003618Z,C0101,33,620,00000,000000,District - Thanjavur,rural,sikh,persons,157
census-india-2011,sources/census-2011/c-series/state-mdds/c01-33-tamil-nadu.xls,5766414c82e96d26,census-c01-extract-v1.1.0-20260528T003618Z,C0101,33,620,00000,000000,District - Thanjavur,rural,sikh,males,87
census-india-2011,sources/census-2011/c-series/state-mdds/c01-33-tamil-nadu.xls,5766414c82e96d26,census-c01-extract-v1.1.0-20260528T003618Z,C0101,33,620,00000,000000,District - Thanjavur,rural,sikh,females,70
census-india-2011,sources/census-2011/c-series/state-mdds/c01-33-tamil-nadu.xls,5766414c82e96d26,census-c01-extract-v1.1.0-20260528T003618Z,C0101,33,620,00000,000000,District - Thanjavur,rural,buddhist,persons,670
census-india-2011,sources/census-2011/c-series/state-mdds/c01-33-tamil-nadu.xls,5766414c82e96d26,census-c01-extract-v1.1.0-20260528T003618Z,C0101,33,620,00000,000000,District - Thanjavur,rural,buddhist,males,347
census-india-2011,sources/census-2011/c-series/state-mdds/c01-33-tamil-nadu.xls,5766414c82e96d26,census-c01-extract-v1.1.0-20260528T003618Z,C0101,33,620,00000,000000,District - Thanjavur,rural,buddhist,females,323
census-india-2011,sources/census-2011/c-series/state-mdds/c01-33-tamil-nadu.xls,5766414c82e96d26,census-c01-extract-v1.1.0-20260528T003618Z,C0101,33,620,00000,000000,District - Thanjavur,rural,jain,persons,636
census-india-2011,sources/census-2011/c-series/state-mdds/c01-33-tamil-nadu.xls,5766414c82e96d26,census-c01-extract-v1.1.0-20260528T003618Z,C0101,33,620,00000,000000,District - Thanjavur,rural,jain,males,313
census-india-2011,sources/census-2011/c-series/state-mdds/c01-33-tamil-nadu.xls,5766414c82e96d26,census-c01-extract-v1.1.0-20260528T003618Z,C0101,33,620,00000,000000,District - Thanjavur,rural,jain,females,323
census-india-2011,sources/census-2011/c-series/state-mdds/c01-33-tamil-nadu.xls,5766414c82e96d26,census-c01-extract-v1.1.0-20260528T003618Z,C0101,33,620,00000,000000,District - Thanjavur,rural,other,persons,93
census-india-2011,sources/census-2011/c-series/state-mdds/c01-33-tamil-nadu.xls,5766414c82e96d26,census-c01-extract-v1.1.0-20260528T003618Z,C0101,33,620,00000,000000,District - Thanjavur,rural,other,males,42
census-india-2011,sources/census-2011/c-series/state-mdds/c01-33-tamil-nadu.xls,5766414c82e96d26,census-c01-extract-v1.1.0-20260528T003618Z,C0101,33,620,00000,000000,District - Thanjavur,rural,other,females,51
census-india-2011,sources/census-2011/c-series/state-mdds/c01-33-tamil-nadu.xls,5766414c82e96d26,census-c01-extract-v1.1.0-20260528T003618Z,C0101,33,620,00000,000000,District - Thanjavur,rural,not_stated,persons,1926
census-india-2011,sources/census-2011/c-series/state-mdds/c01-33-tamil-nadu.xls,5766414c82e96d26,census-c01-extract-v1.1.0-20260528T003618Z,C0101,33,620,00000,000000,District - Thanjavur,rural,not_stated,males,947
census-india-2011,sources/census-2011/c-series/state-mdds/c01-33-tamil-nadu.xls,5766414c82e96d26,census-c01-extract-v1.1.0-20260528T003618Z,C0101,33,620,00000,000000,District - Thanjavur,rural,not_stated,females,979
census-india-2011,sources/census-2011/c-series/state-mdds/c01-33-tamil-nadu.xls,5766414c82e96d26,census-c01-extract-v1.1.0-20260528T003618Z,C0101,33,620,00000,000000,District - Thanjavur,urban,all,persons,851359
census-india-2011,sources/census-2011/c-series/state-mdds/c01-33-tamil-nadu.xls,5766414c82e96d26,census-c01-extract-v1.1.0-20260528T003618Z,C0101,33,620,00000,000000,District - Thanjavur,urban,all,males,417239
census-india-2011,sources/census-2011/c-series/state-mdds/c01-33-tamil-nadu.xls,5766414c82e96d26,census-c01-extract-v1.1.0-20260528T003618Z,C0101,33,620,00000,000000,District - Thanjavur,urban,all,females,434120
census-india-2011,sources/census-2011/c-series/state-mdds/c01-33-tamil-nadu.xls,5766414c82e96d26,census-c01-extract-v1.1.0-20260528T003618Z,C0101,33,620,00000,000000,District - Thanjavur,urban,hindu,persons,683263
census-india-2011,sources/census-2011/c-series/state-mdds/c01-33-tamil-nadu.xls,5766414c82e96d26,census-c01-extract-v1.1.0-20260528T003618Z,C0101,33,620,00000,000000,District - Thanjavur,urban,hindu,males,337582
census-india-2011,sources/census-2011/c-series/state-mdds/c01-33-tamil-nadu.xls,5766414c82e96d26,census-c01-extract-v1.1.0-20260528T003618Z,C0101,33,620,00000,000000,District - Thanjavur,urban,hindu,females,345681
census-india-2011,sources/census-2011/c-series/state-mdds/c01-33-tamil-nadu.xls,5766414c82e96d26,census-c01-extract-v1.1.0-20260528T003618Z,C0101,33,620,00000,000000,District - Thanjavur,urban,muslim,persons,112193
census-india-2011,sources/census-2011/c-series/state-mdds/c01-33-tamil-nadu.xls,5766414c82e96d26,census-c01-extract-v1.1.0-20260528T003618Z,C0101,33,620,00000,000000,District - Thanjavur,urban,muslim,males,52942
census-india-2011,sources/census-2011/c-series/state-mdds/c01-33-tamil-nadu.xls,5766414c82e96d26,census-c01-extract-v1.1.0-20260528T003618Z,C0101,33,620,00000,000000,District - Thanjavur,urban,muslim,females,59251
census-india-2011,sources/census-2011/c-series/state-mdds/c01-33-tamil-nadu.xls,5766414c82e96d26,census-c01-extract-v1.1.0-20260528T003618Z,C0101,33,620,00000,000000,District - Thanjavur,urban,christian,persons,54150
census-india-2011,sources/census-2011/c-series/state-mdds/c01-33-tamil-nadu.xls,5766414c82e96d26,census-c01-extract-v1.1.0-20260528T003618Z,C0101,33,620,00000,000000,District - Thanjavur,urban,christian,males,25872
census-india-2011,sources/census-2011/c-series/state-mdds/c01-33-tamil-nadu.xls,5766414c82e96d26,census-c01-extract-v1.1.0-20260528T003618Z,C0101,33,620,00000,000000,District - Thanjavur,urban,christian,females,28278
census-india-2011,sources/census-2011/c-series/state-mdds/c01-33-tamil-nadu.xls,5766414c82e96d26,census-c01-extract-v1.1.0-20260528T003618Z,C0101,33,620,00000,000000,District - Thanjavur,urban,sikh,persons,74
census-india-2011,sources/census-2011/c-series/state-mdds/c01-33-tamil-nadu.xls,5766414c82e96d26,census-c01-extract-v1.1.0-20260528T003618Z,C0101,33,620,00000,000000,District - Thanjavur,urban,sikh,males,31
census-india-2011,sources/census-2011/c-series/state-mdds/c01-33-tamil-nadu.xls,5766414c82e96d26,census-c01-extract-v1.1.0-20260528T003618Z,C0101,33,620,00000,000000,District - Thanjavur,urban,sikh,females,43
census-india-2011,sources/census-2011/c-series/state-mdds/c01-33-tamil-nadu.xls,5766414c82e96d26,census-c01-extract-v1.1.0-20260528T003618Z,C0101,33,620,00000,000000,District - Thanjavur,urban,buddhist,persons,125
census-india-2011,sources/census-2011/c-series/state-mdds/c01-33-tamil-nadu.xls,5766414c82e96d26,census-c01-extract-v1.1.0-20260528T003618Z,C0101,33,620,00000,000000,District - Thanjavur,urban,buddhist,males,55
census-india-2011,sources/census-2011/c-series/state-mdds/c01-33-tamil-nadu.xls,5766414c82e96d26,census-c01-extract-v1.1.0-20260528T003618Z,C0101,33,620,00000,000000,District - Thanjavur,urban,buddhist,females,70
census-india-2011,sources/census-2011/c-series/state-mdds/c01-33-tamil-nadu.xls,5766414c82e96d26,census-c01-extract-v1.1.0-20260528T003618Z,C0101,33,620,00000,000000,District - Thanjavur,urban,jain,persons,620
census-india-2011,sources/census-2011/c-series/state-mdds/c01-33-tamil-nadu.xls,5766414c82e96d26,census-c01-extract-v1.1.0-20260528T003618Z,C0101,33,620,00000,000000,District - Thanjavur,urban,jain,males,316
census-india-2011,sources/census-2011/c-series/state-mdds/c01-33-tamil-nadu.xls,5766414c82e96d26,census-c01-extract-v1.1.0-20260528T003618Z,C0101,33,620,00000,000000,District - Thanjavur,urban,jain,females,304
census-india-2011,sources/census-2011/c-series/state-mdds/c01-33-tamil-nadu.xls,5766414c82e96d26,census-c01-extract-v1.1.0-20260528T003618Z,C0101,33,620,00000,000000,District - Thanjavur,urban,other,persons,55
census-india-2011,sources/census-2011/c-series/state-mdds/c01-33-tamil-nadu.xls,5766414c82e96d26,census-c01-extract-v1.1.0-20260528T003618Z,C0101,33,620,00000,000000,District - Thanjavur,urban,other,males,24
census-india-2011,sources/census-2011/c-series/state-mdds/c01-33-tamil-nadu.xls,5766414c82e96d26,census-c01-extract-v1.1.0-20260528T003618Z,C0101,33,620,00000,000000,District - Thanjavur,urban,other,females,31
census-india-2011,sources/census-2011/c-series/state-mdds/c01-33-tamil-nadu.xls,5766414c82e96d26,census-c01-extract-v1.1.0-20260528T003618Z,C0101,33,620,00000,000000,District - Thanjavur,urban,not_stated,persons,879
census-india-2011,sources/census-2011/c-series/state-mdds/c01-33-tamil-nadu.xls,5766414c82e96d26,census-c01-extract-v1.1.0-20260528T003618Z,C0101,33,620,00000,000000,District - Thanjavur,urban,not_stated,males,417
census-india-2011,sources/census-2011/c-series/state-mdds/c01-33-tamil-nadu.xls,5766414c82e96d26,census-c01-extract-v1.1.0-20260528T003618Z,C0101,33,620,00000,000000,District - Thanjavur,urban,not_stated,females,462
census-india-2011,sources/census-2011/c-series/state-mdds/c01-33-tamil-nadu.xls,5766414c82e96d26,census-c01-extract-v1.1.0-20260528T003618Z,C0101,33,621,00000,000000,District - Pudukkottai,total,all,persons,1618345
census-india-2011,sources/census-2011/c-series/state-mdds/c01-33-tamil-nadu.xls,5766414c82e96d26,census-c01-extract-v1.1.0-20260528T003618Z,C0101,33,621,00000,000000,District - Pudukkottai,total,all,males,803188
census-india-2011,sources/census-2011/c-series/state-mdds/c01-33-tamil-nadu.xls,5766414c82e96d26,census-c01-extract-v1.1.0-20260528T003618Z,C0101,33,621,00000,000000,District - Pudukkottai,total,all,females,815157
census-india-2011,sources/census-2011/c-series/state-mdds/c01-33-tamil-nadu.xls,5766414c82e96d26,census-c01-extract-v1.1.0-20260528T003618Z,C0101,33,621,00000,000000,District - Pudukkottai,total,hindu,persons,1428784
census-india-2011,sources/census-2011/c-series/state-mdds/c01-33-tamil-nadu.xls,5766414c82e96d26,census-c01-extract-v1.1.0-20260528T003618Z,C0101,33,621,00000,000000,District - Pudukkottai,total,hindu,males,709977
census-india-2011,sources/census-2011/c-series/state-mdds/c01-33-tamil-nadu.xls,5766414c82e96d26,census-c01-extract-v1.1.0-20260528T003618Z,C0101,33,621,00000,000000,District - Pudukkottai,total,hindu,females,718807
census-india-2011,sources/census-2011/c-series/state-mdds/c01-33-tamil-nadu.xls,5766414c82e96d26,census-c01-extract-v1.1.0-20260528T003618Z,C0101,33,621,00000,000000,District - Pudukkottai,total,muslim,persons,114194
census-india-2011,sources/census-2011/c-series/state-mdds/c01-33-tamil-nadu.xls,5766414c82e96d26,census-c01-extract-v1.1.0-20260528T003618Z,C0101,33,621,00000,000000,District - Pudukkottai,total,muslim,males,55943
census-india-2011,sources/census-2011/c-series/state-mdds/c01-33-tamil-nadu.xls,5766414c82e96d26,census-c01-extract-v1.1.0-20260528T003618Z,C0101,33,621,00000,000000,District - Pudukkottai,total,muslim,females,58251
census-india-2011,sources/census-2011/c-series/state-mdds/c01-33-tamil-nadu.xls,5766414c82e96d26,census-c01-extract-v1.1.0-20260528T003618Z,C0101,33,621,00000,000000,District - Pudukkottai,total,christian,persons,72850
census-india-2011,sources/census-2011/c-series/state-mdds/c01-33-tamil-nadu.xls,5766414c82e96d26,census-c01-extract-v1.1.0-20260528T003618Z,C0101,33,621,00000,000000,District - Pudukkottai,total,christian,males,36049
census-india-2011,sources/census-2011/c-series/state-mdds/c01-33-tamil-nadu.xls,5766414c82e96d26,census-c01-extract-v1.1.0-20260528T003618Z,C0101,33,621,00000,000000,District - Pudukkottai,total,christian,females,36801
census-india-2011,sources/census-2011/c-series/state-mdds/c01-33-tamil-nadu.xls,5766414c82e96d26,census-c01-extract-v1.1.0-20260528T003618Z,C0101,33,621,00000,000000,District - Pudukkottai,total,sikh,persons,119
census-india-2011,sources/census-2011/c-series/state-mdds/c01-33-tamil-nadu.xls,5766414c82e96d26,census-c01-extract-v1.1.0-20260528T003618Z,C0101,33,621,00000,000000,District - Pudukkottai,total,sikh,males,62
census-india-2011,sources/census-2011/c-series/state-mdds/c01-33-tamil-nadu.xls,5766414c82e96d26,census-c01-extract-v1.1.0-20260528T003618Z,C0101,33,621,00000,000000,District - Pudukkottai,total,sikh,females,57
census-india-2011,sources/census-2011/c-series/state-mdds/c01-33-tamil-nadu.xls,5766414c82e96d26,census-c01-extract-v1.1.0-20260528T003618Z,C0101,33,621,00000,000000,District - Pudukkottai,total,buddhist,persons,81
census-india-2011,sources/census-2011/c-series/state-mdds/c01-33-tamil-nadu.xls,5766414c82e96d26,census-c01-extract-v1.1.0-20260528T003618Z,C0101,33,621,00000,000000,District - Pudukkottai,total,buddhist,males,48
census-india-2011,sources/census-2011/c-series/state-mdds/c01-33-tamil-nadu.xls,5766414c82e96d26,census-c01-extract-v1.1.0-20260528T003618Z,C0101,33,621,00000,000000,District - Pudukkottai,total,buddhist,females,33
census-india-2011,sources/census-2011/c-series/state-mdds/c01-33-tamil-nadu.xls,5766414c82e96d26,census-c01-extract-v1.1.0-20260528T003618Z,C0101,33,621,00000,000000,District - Pudukkottai,total,jain,persons,32
census-india-2011,sources/census-2011/c-series/state-mdds/c01-33-tamil-nadu.xls,5766414c82e96d26,census-c01-extract-v1.1.0-20260528T003618Z,C0101,33,621,00000,000000,District - Pudukkottai,total,jain,males,16
census-india-2011,sources/census-2011/c-series/state-mdds/c01-33-tamil-nadu.xls,5766414c82e96d26,census-c01-extract-v1.1.0-20260528T003618Z,C0101,33,621,00000,000000,District - Pudukkottai,total,jain,females,16
census-india-2011,sources/census-2011/c-series/state-mdds/c01-33-tamil-nadu.xls,5766414c82e96d26,census-c01-extract-v1.1.0-20260528T003618Z,C0101,33,621,00000,000000,District - Pudukkottai,total,other,persons,293
census-india-2011,sources/census-2011/c-series/state-mdds/c01-33-tamil-nadu.xls,5766414c82e96d26,census-c01-extract-v1.1.0-20260528T003618Z,C0101,33,621,00000,000000,District - Pudukkottai,total,other,males,133
census-india-2011,sources/census-2011/c-series/state-mdds/c01-33-tamil-nadu.xls,5766414c82e96d26,census-c01-extract-v1.1.0-20260528T003618Z,C0101,33,621,00000,000000,District - Pudukkottai,total,other,females,160
census-india-2011,sources/census-2011/c-series/state-mdds/c01-33-tamil-nadu.xls,5766414c82e96d26,census-c01-extract-v1.1.0-20260528T003618Z,C0101,33,621,00000,000000,District - Pudukkottai,total,not_stated,persons,1992
census-india-2011,sources/census-2011/c-series/state-mdds/c01-33-tamil-nadu.xls,5766414c82e96d26,census-c01-extract-v1.1.0-20260528T003618Z,C0101,33,621,00000,000000,District - Pudukkottai,total,not_stated,males,960
census-india-2011,sources/census-2011/c-series/state-mdds/c01-33-tamil-nadu.xls,5766414c82e96d26,census-c01-extract-v1.1.0-20260528T003618Z,C0101,33,621,00000,000000,District - Pudukkottai,total,not_stated,females,1032
census-india-2011,sources/census-2011/c-series/state-mdds/c01-33-tamil-nadu.xls,5766414c82e96d26,census-c01-extract-v1.1.0-20260528T003618Z,C0101,33,621,00000,000000,District - Pudukkottai,rural,all,persons,1301991
census-india-2011,sources/census-2011/c-series/state-mdds/c01-33-tamil-nadu.xls,5766414c82e96d26,census-c01-extract-v1.1.0-20260528T003618Z,C0101,33,621,00000,000000,District - Pudukkottai,rural,all,males,645505
census-india-2011,sources/census-2011/c-series/state-mdds/c01-33-tamil-nadu.xls,5766414c82e96d26,census-c01-extract-v1.1.0-20260528T003618Z,C0101,33,621,00000,000000,District - Pudukkottai,rural,all,females,656486
census-india-2011,sources/census-2011/c-series/state-mdds/c01-33-tamil-nadu.xls,5766414c82e96d26,census-c01-extract-v1.1.0-20260528T003618Z,C0101,33,621,00000,000000,District - Pudukkottai,rural,hindu,persons,1182872
census-india-2011,sources/census-2011/c-series/state-mdds/c01-33-tamil-nadu.xls,5766414c82e96d26,census-c01-extract-v1.1.0-20260528T003618Z,C0101,33,621,00000,000000,District - Pudukkottai,rural,hindu,males,587225
census-india-2011,sources/census-2011/c-series/state-mdds/c01-33-tamil-nadu.xls,5766414c82e96d26,census-c01-extract-v1.1.0-20260528T003618Z,C0101,33,621,00000,000000,District - Pudukkottai,rural,hindu,females,595647
census-india-2011,sources/census-2011/c-series/state-mdds/c01-33-tamil-nadu.xls,5766414c82e96d26,census-c01-extract-v1.1.0-20260528T003618Z,C0101,33,621,00000,000000,District - Pudukkottai,rural,muslim,persons,60197
census-india-2011,sources/census-2011/c-series/state-mdds/c01-33-tamil-nadu.xls,5766414c82e96d26,census-c01-extract-v1.1.0-20260528T003618Z,C0101,33,621,00000,000000,District - Pudukkottai,rural,muslim,males,29048
census-india-2011,sources/census-2011/c-series/state-mdds/c01-33-tamil-nadu.xls,5766414c82e96d26,census-c01-extract-v1.1.0-20260528T003618Z,C0101,33,621,00000,000000,District - Pudukkottai,rural,muslim,females,31149
census-india-2011,sources/census-2011/c-series/state-mdds/c01-33-tamil-nadu.xls,5766414c82e96d26,census-c01-extract-v1.1.0-20260528T003618Z,C0101,33,621,00000,000000,District - Pudukkottai,rural,christian,persons,57210
census-india-2011,sources/census-2011/c-series/state-mdds/c01-33-tamil-nadu.xls,5766414c82e96d26,census-c01-extract-v1.1.0-20260528T003618Z,C0101,33,621,00000,000000,District - Pudukkottai,rural,christian,males,28432
census-india-2011,sources/census-2011/c-series/state-mdds/c01-33-tamil-nadu.xls,5766414c82e96d26,census-c01-extract-v1.1.0-20260528T003618Z,C0101,33,621,00000,000000,District - Pudukkottai,rural,christian,females,28778
census-india-2011,sources/census-2011/c-series/state-mdds/c01-33-tamil-nadu.xls,5766414c82e96d26,census-c01-extract-v1.1.0-20260528T003618Z,C0101,33,621,00000,000000,District - Pudukkottai,rural,sikh,persons,76
census-india-2011,sources/census-2011/c-series/state-mdds/c01-33-tamil-nadu.xls,5766414c82e96d26,census-c01-extract-v1.1.0-20260528T003618Z,C0101,33,621,00000,000000,District - Pudukkottai,rural,sikh,males,42
census-india-2011,sources/census-2011/c-series/state-mdds/c01-33-tamil-nadu.xls,5766414c82e96d26,census-c01-extract-v1.1.0-20260528T003618Z,C0101,33,621,00000,000000,District - Pudukkottai,rural,sikh,females,34
census-india-2011,sources/census-2011/c-series/state-mdds/c01-33-tamil-nadu.xls,5766414c82e96d26,census-c01-extract-v1.1.0-20260528T003618Z,C0101,33,621,00000,000000,District - Pudukkottai,rural,buddhist,persons,70
census-india-2011,sources/census-2011/c-series/state-mdds/c01-33-tamil-nadu.xls,5766414c82e96d26,census-c01-extract-v1.1.0-20260528T003618Z,C0101,33,621,00000,000000,District - Pudukkottai,rural,buddhist,males,40
census-india-2011,sources/census-2011/c-series/state-mdds/c01-33-tamil-nadu.xls,5766414c82e96d26,census-c01-extract-v1.1.0-20260528T003618Z,C0101,33,621,00000,000000,District - Pudukkottai,rural,buddhist,females,30
census-india-2011,sources/census-2011/c-series/state-mdds/c01-33-tamil-nadu.xls,5766414c82e96d26,census-c01-extract-v1.1.0-20260528T003618Z,C0101,33,621,00000,000000,District - Pudukkottai,rural,jain,persons,26
census-india-2011,sources/census-2011/c-series/state-mdds/c01-33-tamil-nadu.xls,5766414c82e96d26,census-c01-extract-v1.1.0-20260528T003618Z,C0101,33,621,00000,000000,District - Pudukkottai,rural,jain,males,13
census-india-2011,sources/census-2011/c-series/state-mdds/c01-33-tamil-nadu.xls,5766414c82e96d26,census-c01-extract-v1.1.0-20260528T003618Z,C0101,33,621,00000,000000,District - Pudukkottai,rural,jain,females,13
census-india-2011,sources/census-2011/c-series/state-mdds/c01-33-tamil-nadu.xls,5766414c82e96d26,census-c01-extract-v1.1.0-20260528T003618Z,C0101,33,621,00000,000000,District - Pudukkottai,rural,other,persons,243
census-india-2011,sources/census-2011/c-series/state-mdds/c01-33-tamil-nadu.xls,5766414c82e96d26,census-c01-extract-v1.1.0-20260528T003618Z,C0101,33,621,00000,000000,District - Pudukkottai,rural,other,males,108
census-india-2011,sources/census-2011/c-series/state-mdds/c01-33-tamil-nadu.xls,5766414c82e96d26,census-c01-extract-v1.1.0-20260528T003618Z,C0101,33,621,00000,000000,District - Pudukkottai,rural,other,females,135
census-india-2011,sources/census-2011/c-series/state-mdds/c01-33-tamil-nadu.xls,5766414c82e96d26,census-c01-extract-v1.1.0-20260528T003618Z,C0101,33,621,00000,000000,District - Pudukkottai,rural,not_stated,persons,1297
census-india-2011,sources/census-2011/c-series/state-mdds/c01-33-tamil-nadu.xls,5766414c82e96d26,census-c01-extract-v1.1.0-20260528T003618Z,C0101,33,621,00000,000000,District - Pudukkottai,rural,not_stated,males,597
census-india-2011,sources/census-2011/c-series/state-mdds/c01-33-tamil-nadu.xls,5766414c82e96d26,census-c01-extract-v1.1.0-20260528T003618Z,C0101,33,621,00000,000000,District - Pudukkottai,rural,not_stated,females,700
census-india-2011,sources/census-2011/c-series/state-mdds/c01-33-tamil-nadu.xls,5766414c82e96d26,census-c01-extract-v1.1.0-20260528T003618Z,C0101,33,621,00000,000000,District - Pudukkottai,urban,all,persons,316354
census-india-2011,sources/census-2011/c-series/state-mdds/c01-33-tamil-nadu.xls,5766414c82e96d26,census-c01-extract-v1.1.0-20260528T003618Z,C0101,33,621,00000,000000,District - Pudukkottai,urban,all,males,157683
census-india-2011,sources/census-2011/c-series/state-mdds/c01-33-tamil-nadu.xls,5766414c82e96d26,census-c01-extract-v1.1.0-20260528T003618Z,C0101,33,621,00000,000000,District - Pudukkottai,urban,all,females,158671
census-india-2011,sources/census-2011/c-series/state-mdds/c01-33-tamil-nadu.xls,5766414c82e96d26,census-c01-extract-v1.1.0-20260528T003618Z,C0101,33,621,00000,000000,District - Pudukkottai,urban,hindu,persons,245912
census-india-2011,sources/census-2011/c-series/state-mdds/c01-33-tamil-nadu.xls,5766414c82e96d26,census-c01-extract-v1.1.0-20260528T003618Z,C0101,33,621,00000,000000,District - Pudukkottai,urban,hindu,males,122752
census-india-2011,sources/census-2011/c-series/state-mdds/c01-33-tamil-nadu.xls,5766414c82e96d26,census-c01-extract-v1.1.0-20260528T003618Z,C0101,33,621,00000,000000,District - Pudukkottai,urban,hindu,females,123160
census-india-2011,sources/census-2011/c-series/state-mdds/c01-33-tamil-nadu.xls,5766414c82e96d26,census-c01-extract-v1.1.0-20260528T003618Z,C0101,33,621,00000,000000,District - Pudukkottai,urban,muslim,persons,53997
census-india-2011,sources/census-2011/c-series/state-mdds/c01-33-tamil-nadu.xls,5766414c82e96d26,census-c01-extract-v1.1.0-20260528T003618Z,C0101,33,621,00000,000000,District - Pudukkottai,urban,muslim,males,26895
census-india-2011,sources/census-2011/c-series/state-mdds/c01-33-tamil-nadu.xls,5766414c82e96d26,census-c01-extract-v1.1.0-20260528T003618Z,C0101,33,621,00000,000000,District - Pudukkottai,urban,muslim,females,27102
census-india-2011,sources/census-2011/c-series/state-mdds/c01-33-tamil-nadu.xls,5766414c82e96d26,census-c01-extract-v1.1.0-20260528T003618Z,C0101,33,621,00000,000000,District - Pudukkottai,urban,christian,persons,15640
census-india-2011,sources/census-2011/c-series/state-mdds/c01-33-tamil-nadu.xls,5766414c82e96d26,census-c01-extract-v1.1.0-20260528T003618Z,C0101,33,621,00000,000000,District - Pudukkottai,urban,christian,males,7617
census-india-2011,sources/census-2011/c-series/state-mdds/c01-33-tamil-nadu.xls,5766414c82e96d26,census-c01-extract-v1.1.0-20260528T003618Z,C0101,33,621,00000,000000,District - Pudukkottai,urban,christian,females,8023
census-india-2011,sources/census-2011/c-series/state-mdds/c01-33-tamil-nadu.xls,5766414c82e96d26,census-c01-extract-v1.1.0-20260528T003618Z,C0101,33,621,00000,000000,District - Pudukkottai,urban,sikh,persons,43
census-india-2011,sources/census-2011/c-series/state-mdds/c01-33-tamil-nadu.xls,5766414c82e96d26,census-c01-extract-v1.1.0-20260528T003618Z,C0101,33,621,00000,000000,District - Pudukkottai,urban,sikh,males,20
census-india-2011,sources/census-2011/c-series/state-mdds/c01-33-tamil-nadu.xls,5766414c82e96d26,census-c01-extract-v1.1.0-20260528T003618Z,C0101,33,621,00000,000000,District - Pudukkottai,urban,sikh,females,23
census-india-2011,sources/census-2011/c-series/state-mdds/c01-33-tamil-nadu.xls,5766414c82e96d26,census-c01-extract-v1.1.0-20260528T003618Z,C0101,33,621,00000,000000,District - Pudukkottai,urban,buddhist,persons,11
census-india-2011,sources/census-2011/c-series/state-mdds/c01-33-tamil-nadu.xls,5766414c82e96d26,census-c01-extract-v1.1.0-20260528T003618Z,C0101,33,621,00000,000000,District - Pudukkottai,urban,buddhist,males,8
census-india-2011,sources/census-2011/c-series/state-mdds/c01-33-tamil-nadu.xls,5766414c82e96d26,census-c01-extract-v1.1.0-20260528T003618Z,C0101,33,621,00000,000000,District - Pudukkottai,urban,buddhist,females,3
census-india-2011,sources/census-2011/c-series/state-mdds/c01-33-tamil-nadu.xls,5766414c82e96d26,census-c01-extract-v1.1.0-20260528T003618Z,C0101,33,621,00000,000000,District - Pudukkottai,urban,jain,persons,6
census-india-2011,sources/census-2011/c-series/state-mdds/c01-33-tamil-nadu.xls,5766414c82e96d26,census-c01-extract-v1.1.0-20260528T003618Z,C0101,33,621,00000,000000,District - Pudukkottai,urban,jain,males,3
census-india-2011,sources/census-2011/c-series/state-mdds/c01-33-tamil-nadu.xls,5766414c82e96d26,census-c01-extract-v1.1.0-20260528T003618Z,C0101,33,621,00000,000000,District - Pudukkottai,urban,jain,females,3
census-india-2011,sources/census-2011/c-series/state-mdds/c01-33-tamil-nadu.xls,5766414c82e96d26,census-c01-extract-v1.1.0-20260528T003618Z,C0101,33,621,00000,000000,District - Pudukkottai,urban,other,persons,50
census-india-2011,sources/census-2011/c-series/state-mdds/c01-33-tamil-nadu.xls,5766414c82e96d26,census-c01-extract-v1.1.0-20260528T003618Z,C0101,33,621,00000,000000,District - Pudukkottai,urban,other,males,25
census-india-2011,sources/census-2011/c-series/state-mdds/c01-33-tamil-nadu.xls,5766414c82e96d26,census-c01-extract-v1.1.0-20260528T003618Z,C0101,33,621,00000,000000,District - Pudukkottai,urban,other,females,25
census-india-2011,sources/census-2011/c-series/state-mdds/c01-33-tamil-nadu.xls,5766414c82e96d26,census-c01-extract-v1.1.0-20260528T003618Z,C0101,33,621,00000,000000,District - Pudukkottai,urban,not_stated,persons,695
census-india-2011,sources/census-2011/c-series/state-mdds/c01-33-tamil-nadu.xls,5766414c82e96d26,census-c01-extract-v1.1.0-20260528T003618Z,C0101,33,621,00000,000000,District - Pudukkottai,urban,not_stated,males,363
census-india-2011,sources/census-2011/c-series/state-mdds/c01-33-tamil-nadu.xls,5766414c82e96d26,census-c01-extract-v1.1.0-20260528T003618Z,C0101,33,621,00000,000000,District - Pudukkottai,urban,not_stated,females,332
census-india-2011,sources/census-2011/c-series/state-mdds/c01-33-tamil-nadu.xls,5766414c82e96d26,census-c01-extract-v1.1.0-20260528T003618Z,C0101,33,622,00000,000000,District - Sivaganga,total,all,persons,1339101
census-india-2011,sources/census-2011/c-series/state-mdds/c01-33-tamil-nadu.xls,5766414c82e96d26,census-c01-extract-v1.1.0-20260528T003618Z,C0101,33,622,00000,000000,District - Sivaganga,total,all,males,668672
census-india-2011,sources/census-2011/c-series/state-mdds/c01-33-tamil-nadu.xls,5766414c82e96d26,census-c01-extract-v1.1.0-20260528T003618Z,C0101,33,622,00000,000000,District - Sivaganga,total,all,females,670429
census-india-2011,sources/census-2011/c-series/state-mdds/c01-33-tamil-nadu.xls,5766414c82e96d26,census-c01-extract-v1.1.0-20260528T003618Z,C0101,33,622,00000,000000,District - Sivaganga,total,hindu,persons,1186078
census-india-2011,sources/census-2011/c-series/state-mdds/c01-33-tamil-nadu.xls,5766414c82e96d26,census-c01-extract-v1.1.0-20260528T003618Z,C0101,33,622,00000,000000,District - Sivaganga,total,hindu,males,592770
census-india-2011,sources/census-2011/c-series/state-mdds/c01-33-tamil-nadu.xls,5766414c82e96d26,census-c01-extract-v1.1.0-20260528T003618Z,C0101,33,622,00000,000000,District - Sivaganga,total,hindu,females,593308
census-india-2011,sources/census-2011/c-series/state-mdds/c01-33-tamil-nadu.xls,5766414c82e96d26,census-c01-extract-v1.1.0-20260528T003618Z,C0101,33,622,00000,000000,District - Sivaganga,total,muslim,persons,74310
census-india-2011,sources/census-2011/c-series/state-mdds/c01-33-tamil-nadu.xls,5766414c82e96d26,census-c01-extract-v1.1.0-20260528T003618Z,C0101,33,622,00000,000000,District - Sivaganga,total,muslim,males,37200
census-india-2011,sources/census-2011/c-series/state-mdds/c01-33-tamil-nadu.xls,5766414c82e96d26,census-c01-extract-v1.1.0-20260528T003618Z,C0101,33,622,00000,000000,District - Sivaganga,total,muslim,females,37110
census-india-2011,sources/census-2011/c-series/state-mdds/c01-33-tamil-nadu.xls,5766414c82e96d26,census-c01-extract-v1.1.0-20260528T003618Z,C0101,33,622,00000,000000,District - Sivaganga,total,christian,persons,75481
census-india-2011,sources/census-2011/c-series/state-mdds/c01-33-tamil-nadu.xls,5766414c82e96d26,census-c01-extract-v1.1.0-20260528T003618Z,C0101,33,622,00000,000000,District - Sivaganga,total,christian,males,37160
census-india-2011,sources/census-2011/c-series/state-mdds/c01-33-tamil-nadu.xls,5766414c82e96d26,census-c01-extract-v1.1.0-20260528T003618Z,C0101,33,622,00000,000000,District - Sivaganga,total,christian,females,38321
census-india-2011,sources/census-2011/c-series/state-mdds/c01-33-tamil-nadu.xls,5766414c82e96d26,census-c01-extract-v1.1.0-20260528T003618Z,C0101,33,622,00000,000000,District - Sivaganga,total,sikh,persons,150
census-india-2011,sources/census-2011/c-series/state-mdds/c01-33-tamil-nadu.xls,5766414c82e96d26,census-c01-extract-v1.1.0-20260528T003618Z,C0101,33,622,00000,000000,District - Sivaganga,total,sikh,males,78
census-india-2011,sources/census-2011/c-series/state-mdds/c01-33-tamil-nadu.xls,5766414c82e96d26,census-c01-extract-v1.1.0-20260528T003618Z,C0101,33,622,00000,000000,District - Sivaganga,total,sikh,females,72
census-india-2011,sources/census-2011/c-series/state-mdds/c01-33-tamil-nadu.xls,5766414c82e96d26,census-c01-extract-v1.1.0-20260528T003618Z,C0101,33,622,00000,000000,District - Sivaganga,total,buddhist,persons,80
census-india-2011,sources/census-2011/c-series/state-mdds/c01-33-tamil-nadu.xls,5766414c82e96d26,census-c01-extract-v1.1.0-20260528T003618Z,C0101,33,622,00000,000000,District - Sivaganga,total,buddhist,males,36
census-india-2011,sources/census-2011/c-series/state-mdds/c01-33-tamil-nadu.xls,5766414c82e96d26,census-c01-extract-v1.1.0-20260528T003618Z,C0101,33,622,00000,000000,District - Sivaganga,total,buddhist,females,44
census-india-2011,sources/census-2011/c-series/state-mdds/c01-33-tamil-nadu.xls,5766414c82e96d26,census-c01-extract-v1.1.0-20260528T003618Z,C0101,33,622,00000,000000,District - Sivaganga,total,jain,persons,109
census-india-2011,sources/census-2011/c-series/state-mdds/c01-33-tamil-nadu.xls,5766414c82e96d26,census-c01-extract-v1.1.0-20260528T003618Z,C0101,33,622,00000,000000,District - Sivaganga,total,jain,males,52
census-india-2011,sources/census-2011/c-series/state-mdds/c01-33-tamil-nadu.xls,5766414c82e96d26,census-c01-extract-v1.1.0-20260528T003618Z,C0101,33,622,00000,000000,District - Sivaganga,total,jain,females,57
census-india-2011,sources/census-2011/c-series/state-mdds/c01-33-tamil-nadu.xls,5766414c82e96d26,census-c01-extract-v1.1.0-20260528T003618Z,C0101,33,622,00000,000000,District - Sivaganga,total,other,persons,24
census-india-2011,sources/census-2011/c-series/state-mdds/c01-33-tamil-nadu.xls,5766414c82e96d26,census-c01-extract-v1.1.0-20260528T003618Z,C0101,33,622,00000,000000,District - Sivaganga,total,other,males,13
census-india-2011,sources/census-2011/c-series/state-mdds/c01-33-tamil-nadu.xls,5766414c82e96d26,census-c01-extract-v1.1.0-20260528T003618Z,C0101,33,622,00000,000000,District - Sivaganga,total,other,females,11
census-india-2011,sources/census-2011/c-series/state-mdds/c01-33-tamil-nadu.xls,5766414c82e96d26,census-c01-extract-v1.1.0-20260528T003618Z,C0101,33,622,00000,000000,District - Sivaganga,total,not_stated,persons,2869
census-india-2011,sources/census-2011/c-series/state-mdds/c01-33-tamil-nadu.xls,5766414c82e96d26,census-c01-extract-v1.1.0-20260528T003618Z,C0101,33,622,00000,000000,District - Sivaganga,total,not_stated,males,1363
census-india-2011,sources/census-2011/c-series/state-mdds/c01-33-tamil-nadu.xls,5766414c82e96d26,census-c01-extract-v1.1.0-20260528T003618Z,C0101,33,622,00000,000000,District - Sivaganga,total,not_stated,females,1506
census-india-2011,sources/census-2011/c-series/state-mdds/c01-33-tamil-nadu.xls,5766414c82e96d26,census-c01-extract-v1.1.0-20260528T003618Z,C0101,33,622,00000,000000,District - Sivaganga,rural,all,persons,926256
census-india-2011,sources/census-2011/c-series/state-mdds/c01-33-tamil-nadu.xls,5766414c82e96d26,census-c01-extract-v1.1.0-20260528T003618Z,C0101,33,622,00000,000000,District - Sivaganga,rural,all,males,462210
census-india-2011,sources/census-2011/c-series/state-mdds/c01-33-tamil-nadu.xls,5766414c82e96d26,census-c01-extract-v1.1.0-20260528T003618Z,C0101,33,622,00000,000000,District - Sivaganga,rural,all,females,464046
census-india-2011,sources/census-2011/c-series/state-mdds/c01-33-tamil-nadu.xls,5766414c82e96d26,census-c01-extract-v1.1.0-20260528T003618Z,C0101,33,622,00000,000000,District - Sivaganga,rural,hindu,persons,846522
census-india-2011,sources/census-2011/c-series/state-mdds/c01-33-tamil-nadu.xls,5766414c82e96d26,census-c01-extract-v1.1.0-20260528T003618Z,C0101,33,622,00000,000000,District - Sivaganga,rural,hindu,males,422924
census-india-2011,sources/census-2011/c-series/state-mdds/c01-33-tamil-nadu.xls,5766414c82e96d26,census-c01-extract-v1.1.0-20260528T003618Z,C0101,33,622,00000,000000,District - Sivaganga,rural,hindu,females,423598
census-india-2011,sources/census-2011/c-series/state-mdds/c01-33-tamil-nadu.xls,5766414c82e96d26,census-c01-extract-v1.1.0-20260528T003618Z,C0101,33,622,00000,000000,District - Sivaganga,rural,muslim,persons,19349
census-india-2011,sources/census-2011/c-series/state-mdds/c01-33-tamil-nadu.xls,5766414c82e96d26,census-c01-extract-v1.1.0-20260528T003618Z,C0101,33,622,00000,000000,District - Sivaganga,rural,muslim,males,9617
census-india-2011,sources/census-2011/c-series/state-mdds/c01-33-tamil-nadu.xls,5766414c82e96d26,census-c01-extract-v1.1.0-20260528T003618Z,C0101,33,622,00000,000000,District - Sivaganga,rural,muslim,females,9732
census-india-2011,sources/census-2011/c-series/state-mdds/c01-33-tamil-nadu.xls,5766414c82e96d26,census-c01-extract-v1.1.0-20260528T003618Z,C0101,33,622,00000,000000,District - Sivaganga,rural,christian,persons,58268
census-india-2011,sources/census-2011/c-series/state-mdds/c01-33-tamil-nadu.xls,5766414c82e96d26,census-c01-extract-v1.1.0-20260528T003618Z,C0101,33,622,00000,000000,District - Sivaganga,rural,christian,males,28651
census-india-2011,sources/census-2011/c-series/state-mdds/c01-33-tamil-nadu.xls,5766414c82e96d26,census-c01-extract-v1.1.0-20260528T003618Z,C0101,33,622,00000,000000,District - Sivaganga,rural,christian,females,29617
census-india-2011,sources/census-2011/c-series/state-mdds/c01-33-tamil-nadu.xls,5766414c82e96d26,census-c01-extract-v1.1.0-20260528T003618Z,C0101,33,622,00000,000000,District - Sivaganga,rural,sikh,persons,91
census-india-2011,sources/census-2011/c-series/state-mdds/c01-33-tamil-nadu.xls,5766414c82e96d26,census-c01-extract-v1.1.0-20260528T003618Z,C0101,33,622,00000,000000,District - Sivaganga,rural,sikh,males,46
census-india-2011,sources/census-2011/c-series/state-mdds/c01-33-tamil-nadu.xls,5766414c82e96d26,census-c01-extract-v1.1.0-20260528T003618Z,C0101,33,622,00000,000000,District - Sivaganga,rural,sikh,females,45
census-india-2011,sources/census-2011/c-series/state-mdds/c01-33-tamil-nadu.xls,5766414c82e96d26,census-c01-extract-v1.1.0-20260528T003618Z,C0101,33,622,00000,000000,District - Sivaganga,rural,buddhist,persons,58
census-india-2011,sources/census-2011/c-series/state-mdds/c01-33-tamil-nadu.xls,5766414c82e96d26,census-c01-extract-v1.1.0-20260528T003618Z,C0101,33,622,00000,000000,District - Sivaganga,rural,buddhist,males,26
census-india-2011,sources/census-2011/c-series/state-mdds/c01-33-tamil-nadu.xls,5766414c82e96d26,census-c01-extract-v1.1.0-20260528T003618Z,C0101,33,622,00000,000000,District - Sivaganga,rural,buddhist,females,32
census-india-2011,sources/census-2011/c-series/state-mdds/c01-33-tamil-nadu.xls,5766414c82e96d26,census-c01-extract-v1.1.0-20260528T003618Z,C0101,33,622,00000,000000,District - Sivaganga,rural,jain,persons,43
census-india-2011,sources/census-2011/c-series/state-mdds/c01-33-tamil-nadu.xls,5766414c82e96d26,census-c01-extract-v1.1.0-20260528T003618Z,C0101,33,622,00000,000000,District - Sivaganga,rural,jain,males,17
census-india-2011,sources/census-2011/c-series/state-mdds/c01-33-tamil-nadu.xls,5766414c82e96d26,census-c01-extract-v1.1.0-20260528T003618Z,C0101,33,622,00000,000000,District - Sivaganga,rural,jain,females,26
census-india-2011,sources/census-2011/c-series/state-mdds/c01-33-tamil-nadu.xls,5766414c82e96d26,census-c01-extract-v1.1.0-20260528T003618Z,C0101,33,622,00000,000000,District - Sivaganga,rural,other,persons,16
census-india-2011,sources/census-2011/c-series/state-mdds/c01-33-tamil-nadu.xls,5766414c82e96d26,census-c01-extract-v1.1.0-20260528T003618Z,C0101,33,622,00000,000000,District - Sivaganga,rural,other,males,9
census-india-2011,sources/census-2011/c-series/state-mdds/c01-33-tamil-nadu.xls,5766414c82e96d26,census-c01-extract-v1.1.0-20260528T003618Z,C0101,33,622,00000,000000,District - Sivaganga,rural,other,females,7
census-india-2011,sources/census-2011/c-series/state-mdds/c01-33-tamil-nadu.xls,5766414c82e96d26,census-c01-extract-v1.1.0-20260528T003618Z,C0101,33,622,00000,000000,District - Sivaganga,rural,not_stated,persons,1909
census-india-2011,sources/census-2011/c-series/state-mdds/c01-33-tamil-nadu.xls,5766414c82e96d26,census-c01-extract-v1.1.0-20260528T003618Z,C0101,33,622,00000,000000,District - Sivaganga,rural,not_stated,males,920
census-india-2011,sources/census-2011/c-series/state-mdds/c01-33-tamil-nadu.xls,5766414c82e96d26,census-c01-extract-v1.1.0-20260528T003618Z,C0101,33,622,00000,000000,District - Sivaganga,rural,not_stated,females,989
census-india-2011,sources/census-2011/c-series/state-mdds/c01-33-tamil-nadu.xls,5766414c82e96d26,census-c01-extract-v1.1.0-20260528T003618Z,C0101,33,622,00000,000000,District - Sivaganga,urban,all,persons,412845
census-india-2011,sources/census-2011/c-series/state-mdds/c01-33-tamil-nadu.xls,5766414c82e96d26,census-c01-extract-v1.1.0-20260528T003618Z,C0101,33,622,00000,000000,District - Sivaganga,urban,all,males,206462
census-india-2011,sources/census-2011/c-series/state-mdds/c01-33-tamil-nadu.xls,5766414c82e96d26,census-c01-extract-v1.1.0-20260528T003618Z,C0101,33,622,00000,000000,District - Sivaganga,urban,all,females,206383
census-india-2011,sources/census-2011/c-series/state-mdds/c01-33-tamil-nadu.xls,5766414c82e96d26,census-c01-extract-v1.1.0-20260528T003618Z,C0101,33,622,00000,000000,District - Sivaganga,urban,hindu,persons,339556
census-india-2011,sources/census-2011/c-series/state-mdds/c01-33-tamil-nadu.xls,5766414c82e96d26,census-c01-extract-v1.1.0-20260528T003618Z,C0101,33,622,00000,000000,District - Sivaganga,urban,hindu,males,169846
census-india-2011,sources/census-2011/c-series/state-mdds/c01-33-tamil-nadu.xls,5766414c82e96d26,census-c01-extract-v1.1.0-20260528T003618Z,C0101,33,622,00000,000000,District - Sivaganga,urban,hindu,females,169710
census-india-2011,sources/census-2011/c-series/state-mdds/c01-33-tamil-nadu.xls,5766414c82e96d26,census-c01-extract-v1.1.0-20260528T003618Z,C0101,33,622,00000,000000,District - Sivaganga,urban,muslim,persons,54961
census-india-2011,sources/census-2011/c-series/state-mdds/c01-33-tamil-nadu.xls,5766414c82e96d26,census-c01-extract-v1.1.0-20260528T003618Z,C0101,33,622,00000,000000,District - Sivaganga,urban,muslim,males,27583
census-india-2011,sources/census-2011/c-series/state-mdds/c01-33-tamil-nadu.xls,5766414c82e96d26,census-c01-extract-v1.1.0-20260528T003618Z,C0101,33,622,00000,000000,District - Sivaganga,urban,muslim,females,27378
census-india-2011,sources/census-2011/c-series/state-mdds/c01-33-tamil-nadu.xls,5766414c82e96d26,census-c01-extract-v1.1.0-20260528T003618Z,C0101,33,622,00000,000000,District - Sivaganga,urban,christian,persons,17213
census-india-2011,sources/census-2011/c-series/state-mdds/c01-33-tamil-nadu.xls,5766414c82e96d26,census-c01-extract-v1.1.0-20260528T003618Z,C0101,33,622,00000,000000,District - Sivaganga,urban,christian,males,8509
census-india-2011,sources/census-2011/c-series/state-mdds/c01-33-tamil-nadu.xls,5766414c82e96d26,census-c01-extract-v1.1.0-20260528T003618Z,C0101,33,622,00000,000000,District - Sivaganga,urban,christian,females,8704
census-india-2011,sources/census-2011/c-series/state-mdds/c01-33-tamil-nadu.xls,5766414c82e96d26,census-c01-extract-v1.1.0-20260528T003618Z,C0101,33,622,00000,000000,District - Sivaganga,urban,sikh,persons,59
census-india-2011,sources/census-2011/c-series/state-mdds/c01-33-tamil-nadu.xls,5766414c82e96d26,census-c01-extract-v1.1.0-20260528T003618Z,C0101,33,622,00000,000000,District - Sivaganga,urban,sikh,males,32
census-india-2011,sources/census-2011/c-series/state-mdds/c01-33-tamil-nadu.xls,5766414c82e96d26,census-c01-extract-v1.1.0-20260528T003618Z,C0101,33,622,00000,000000,District - Sivaganga,urban,sikh,females,27
census-india-2011,sources/census-2011/c-series/state-mdds/c01-33-tamil-nadu.xls,5766414c82e96d26,census-c01-extract-v1.1.0-20260528T003618Z,C0101,33,622,00000,000000,District - Sivaganga,urban,buddhist,persons,22
census-india-2011,sources/census-2011/c-series/state-mdds/c01-33-tamil-nadu.xls,5766414c82e96d26,census-c01-extract-v1.1.0-20260528T003618Z,C0101,33,622,00000,000000,District - Sivaganga,urban,buddhist,males,10
census-india-2011,sources/census-2011/c-series/state-mdds/c01-33-tamil-nadu.xls,5766414c82e96d26,census-c01-extract-v1.1.0-20260528T003618Z,C0101,33,622,00000,000000,District - Sivaganga,urban,buddhist,females,12
census-india-2011,sources/census-2011/c-series/state-mdds/c01-33-tamil-nadu.xls,5766414c82e96d26,census-c01-extract-v1.1.0-20260528T003618Z,C0101,33,622,00000,000000,District - Sivaganga,urban,jain,persons,66
census-india-2011,sources/census-2011/c-series/state-mdds/c01-33-tamil-nadu.xls,5766414c82e96d26,census-c01-extract-v1.1.0-20260528T003618Z,C0101,33,622,00000,000000,District - Sivaganga,urban,jain,males,35
census-india-2011,sources/census-2011/c-series/state-mdds/c01-33-tamil-nadu.xls,5766414c82e96d26,census-c01-extract-v1.1.0-20260528T003618Z,C0101,33,622,00000,000000,District - Sivaganga,urban,jain,females,31
census-india-2011,sources/census-2011/c-series/state-mdds/c01-33-tamil-nadu.xls,5766414c82e96d26,census-c01-extract-v1.1.0-20260528T003618Z,C0101,33,622,00000,000000,District - Sivaganga,urban,other,persons,8
census-india-2011,sources/census-2011/c-series/state-mdds/c01-33-tamil-nadu.xls,5766414c82e96d26,census-c01-extract-v1.1.0-20260528T003618Z,C0101,33,622,00000,000000,District - Sivaganga,urban,other,males,4
census-india-2011,sources/census-2011/c-series/state-mdds/c01-33-tamil-nadu.xls,5766414c82e96d26,census-c01-extract-v1.1.0-20260528T003618Z,C0101,33,622,00000,000000,District - Sivaganga,urban,other,females,4
census-india-2011,sources/census-2011/c-series/state-mdds/c01-33-tamil-nadu.xls,5766414c82e96d26,census-c01-extract-v1.1.0-20260528T003618Z,C0101,33,622,00000,000000,District - Sivaganga,urban,not_stated,persons,960
census-india-2011,sources/census-2011/c-series/state-mdds/c01-33-tamil-nadu.xls,5766414c82e96d26,census-c01-extract-v1.1.0-20260528T003618Z,C0101,33,622,00000,000000,District - Sivaganga,urban,not_stated,males,443
census-india-2011,sources/census-2011/c-series/state-mdds/c01-33-tamil-nadu.xls,5766414c82e96d26,census-c01-extract-v1.1.0-20260528T003618Z,C0101,33,622,00000,000000,District - Sivaganga,urban,not_stated,females,517
census-india-2011,sources/census-2011/c-series/state-mdds/c01-33-tamil-nadu.xls,5766414c82e96d26,census-c01-extract-v1.1.0-20260528T003618Z,C0101,33,623,00000,000000,District - Madurai,total,all,persons,3038252
census-india-2011,sources/census-2011/c-series/state-mdds/c01-33-tamil-nadu.xls,5766414c82e96d26,census-c01-extract-v1.1.0-20260528T003618Z,C0101,33,623,00000,000000,District - Madurai,total,all,males,1526475
census-india-2011,sources/census-2011/c-series/state-mdds/c01-33-tamil-nadu.xls,5766414c82e96d26,census-c01-extract-v1.1.0-20260528T003618Z,C0101,33,623,00000,000000,District - Madurai,total,all,females,1511777
census-india-2011,sources/census-2011/c-series/state-mdds/c01-33-tamil-nadu.xls,5766414c82e96d26,census-c01-extract-v1.1.0-20260528T003618Z,C0101,33,623,00000,000000,District - Madurai,total,hindu,persons,2760502
census-india-2011,sources/census-2011/c-series/state-mdds/c01-33-tamil-nadu.xls,5766414c82e96d26,census-c01-extract-v1.1.0-20260528T003618Z,C0101,33,623,00000,000000,District - Madurai,total,hindu,males,1388684
census-india-2011,sources/census-2011/c-series/state-mdds/c01-33-tamil-nadu.xls,5766414c82e96d26,census-c01-extract-v1.1.0-20260528T003618Z,C0101,33,623,00000,000000,District - Madurai,total,hindu,females,1371818
census-india-2011,sources/census-2011/c-series/state-mdds/c01-33-tamil-nadu.xls,5766414c82e96d26,census-c01-extract-v1.1.0-20260528T003618Z,C0101,33,623,00000,000000,District - Madurai,total,muslim,persons,168881
census-india-2011,sources/census-2011/c-series/state-mdds/c01-33-tamil-nadu.xls,5766414c82e96d26,census-c01-extract-v1.1.0-20260528T003618Z,C0101,33,623,00000,000000,District - Madurai,total,muslim,males,84900
census-india-2011,sources/census-2011/c-series/state-mdds/c01-33-tamil-nadu.xls,5766414c82e96d26,census-c01-extract-v1.1.0-20260528T003618Z,C0101,33,623,00000,000000,District - Madurai,total,muslim,females,83981
census-india-2011,sources/census-2011/c-series/state-mdds/c01-33-tamil-nadu.xls,5766414c82e96d26,census-c01-extract-v1.1.0-20260528T003618Z,C0101,33,623,00000,000000,District - Madurai,total,christian,persons,97711
census-india-2011,sources/census-2011/c-series/state-mdds/c01-33-tamil-nadu.xls,5766414c82e96d26,census-c01-extract-v1.1.0-20260528T003618Z,C0101,33,623,00000,000000,District - Madurai,total,christian,males,47605
census-india-2011,sources/census-2011/c-series/state-mdds/c01-33-tamil-nadu.xls,5766414c82e96d26,census-c01-extract-v1.1.0-20260528T003618Z,C0101,33,623,00000,000000,District - Madurai,total,christian,females,50106
census-india-2011,sources/census-2011/c-series/state-mdds/c01-33-tamil-nadu.xls,5766414c82e96d26,census-c01-extract-v1.1.0-20260528T003618Z,C0101,33,623,00000,000000,District - Madurai,total,sikh,persons,520
census-india-2011,sources/census-2011/c-series/state-mdds/c01-33-tamil-nadu.xls,5766414c82e96d26,census-c01-extract-v1.1.0-20260528T003618Z,C0101,33,623,00000,000000,District - Madurai,total,sikh,males,292
census-india-2011,sources/census-2011/c-series/state-mdds/c01-33-tamil-nadu.xls,5766414c82e96d26,census-c01-extract-v1.1.0-20260528T003618Z,C0101,33,623,00000,000000,District - Madurai,total,sikh,females,228
census-india-2011,sources/census-2011/c-series/state-mdds/c01-33-tamil-nadu.xls,5766414c82e96d26,census-c01-extract-v1.1.0-20260528T003618Z,C0101,33,623,00000,000000,District - Madurai,total,buddhist,persons,199
census-india-2011,sources/census-2011/c-series/state-mdds/c01-33-tamil-nadu.xls,5766414c82e96d26,census-c01-extract-v1.1.0-20260528T003618Z,C0101,33,623,00000,000000,District - Madurai,total,buddhist,males,102
census-india-2011,sources/census-2011/c-series/state-mdds/c01-33-tamil-nadu.xls,5766414c82e96d26,census-c01-extract-v1.1.0-20260528T003618Z,C0101,33,623,00000,000000,District - Madurai,total,buddhist,females,97
census-india-2011,sources/census-2011/c-series/state-mdds/c01-33-tamil-nadu.xls,5766414c82e96d26,census-c01-extract-v1.1.0-20260528T003618Z,C0101,33,623,00000,000000,District - Madurai,total,jain,persons,1532
census-india-2011,sources/census-2011/c-series/state-mdds/c01-33-tamil-nadu.xls,5766414c82e96d26,census-c01-extract-v1.1.0-20260528T003618Z,C0101,33,623,00000,000000,District - Madurai,total,jain,males,780
census-india-2011,sources/census-2011/c-series/state-mdds/c01-33-tamil-nadu.xls,5766414c82e96d26,census-c01-extract-v1.1.0-20260528T003618Z,C0101,33,623,00000,000000,District - Madurai,total,jain,females,752
census-india-2011,sources/census-2011/c-series/state-mdds/c01-33-tamil-nadu.xls,5766414c82e96d26,census-c01-extract-v1.1.0-20260528T003618Z,C0101,33,623,00000,000000,District - Madurai,total,other,persons,305
census-india-2011,sources/census-2011/c-series/state-mdds/c01-33-tamil-nadu.xls,5766414c82e96d26,census-c01-extract-v1.1.0-20260528T003618Z,C0101,33,623,00000,000000,District - Madurai,total,other,males,162
census-india-2011,sources/census-2011/c-series/state-mdds/c01-33-tamil-nadu.xls,5766414c82e96d26,census-c01-extract-v1.1.0-20260528T003618Z,C0101,33,623,00000,000000,District - Madurai,total,other,females,143
census-india-2011,sources/census-2011/c-series/state-mdds/c01-33-tamil-nadu.xls,5766414c82e96d26,census-c01-extract-v1.1.0-20260528T003618Z,C0101,33,623,00000,000000,District - Madurai,total,not_stated,persons,8602
census-india-2011,sources/census-2011/c-series/state-mdds/c01-33-tamil-nadu.xls,5766414c82e96d26,census-c01-extract-v1.1.0-20260528T003618Z,C0101,33,623,00000,000000,District - Madurai,total,not_stated,males,3950
census-india-2011,sources/census-2011/c-series/state-mdds/c01-33-tamil-nadu.xls,5766414c82e96d26,census-c01-extract-v1.1.0-20260528T003618Z,C0101,33,623,00000,000000,District - Madurai,total,not_stated,females,4652
census-india-2011,sources/census-2011/c-series/state-mdds/c01-33-tamil-nadu.xls,5766414c82e96d26,census-c01-extract-v1.1.0-20260528T003618Z,C0101,33,623,00000,000000,District - Madurai,rural,all,persons,1191451
census-india-2011,sources/census-2011/c-series/state-mdds/c01-33-tamil-nadu.xls,5766414c82e96d26,census-c01-extract-v1.1.0-20260528T003618Z,C0101,33,623,00000,000000,District - Madurai,rural,all,males,601247
census-india-2011,sources/census-2011/c-series/state-mdds/c01-33-tamil-nadu.xls,5766414c82e96d26,census-c01-extract-v1.1.0-20260528T003618Z,C0101,33,623,00000,000000,District - Madurai,rural,all,females,590204
census-india-2011,sources/census-2011/c-series/state-mdds/c01-33-tamil-nadu.xls,5766414c82e96d26,census-c01-extract-v1.1.0-20260528T003618Z,C0101,33,623,00000,000000,District - Madurai,rural,hindu,persons,1148814
census-india-2011,sources/census-2011/c-series/state-mdds/c01-33-tamil-nadu.xls,5766414c82e96d26,census-c01-extract-v1.1.0-20260528T003618Z,C0101,33,623,00000,000000,District - Madurai,rural,hindu,males,579739
census-india-2011,sources/census-2011/c-series/state-mdds/c01-33-tamil-nadu.xls,5766414c82e96d26,census-c01-extract-v1.1.0-20260528T003618Z,C0101,33,623,00000,000000,District - Madurai,rural,hindu,females,569075
census-india-2011,sources/census-2011/c-series/state-mdds/c01-33-tamil-nadu.xls,5766414c82e96d26,census-c01-extract-v1.1.0-20260528T003618Z,C0101,33,623,00000,000000,District - Madurai,rural,muslim,persons,28648
census-india-2011,sources/census-2011/c-series/state-mdds/c01-33-tamil-nadu.xls,5766414c82e96d26,census-c01-extract-v1.1.0-20260528T003618Z,C0101,33,623,00000,000000,District - Madurai,rural,muslim,males,14481
census-india-2011,sources/census-2011/c-series/state-mdds/c01-33-tamil-nadu.xls,5766414c82e96d26,census-c01-extract-v1.1.0-20260528T003618Z,C0101,33,623,00000,000000,District - Madurai,rural,muslim,females,14167
census-india-2011,sources/census-2011/c-series/state-mdds/c01-33-tamil-nadu.xls,5766414c82e96d26,census-c01-extract-v1.1.0-20260528T003618Z,C0101,33,623,00000,000000,District - Madurai,rural,christian,persons,10523
census-india-2011,sources/census-2011/c-series/state-mdds/c01-33-tamil-nadu.xls,5766414c82e96d26,census-c01-extract-v1.1.0-20260528T003618Z,C0101,33,623,00000,000000,District - Madurai,rural,christian,males,5318
census-india-2011,sources/census-2011/c-series/state-mdds/c01-33-tamil-nadu.xls,5766414c82e96d26,census-c01-extract-v1.1.0-20260528T003618Z,C0101,33,623,00000,000000,District - Madurai,rural,christian,females,5205
census-india-2011,sources/census-2011/c-series/state-mdds/c01-33-tamil-nadu.xls,5766414c82e96d26,census-c01-extract-v1.1.0-20260528T003618Z,C0101,33,623,00000,000000,District - Madurai,rural,sikh,persons,194
census-india-2011,sources/census-2011/c-series/state-mdds/c01-33-tamil-nadu.xls,5766414c82e96d26,census-c01-extract-v1.1.0-20260528T003618Z,C0101,33,623,00000,000000,District - Madurai,rural,sikh,males,118
census-india-2011,sources/census-2011/c-series/state-mdds/c01-33-tamil-nadu.xls,5766414c82e96d26,census-c01-extract-v1.1.0-20260528T003618Z,C0101,33,623,00000,000000,District - Madurai,rural,sikh,females,76
census-india-2011,sources/census-2011/c-series/state-mdds/c01-33-tamil-nadu.xls,5766414c82e96d26,census-c01-extract-v1.1.0-20260528T003618Z,C0101,33,623,00000,000000,District - Madurai,rural,buddhist,persons,67
census-india-2011,sources/census-2011/c-series/state-mdds/c01-33-tamil-nadu.xls,5766414c82e96d26,census-c01-extract-v1.1.0-20260528T003618Z,C0101,33,623,00000,000000,District - Madurai,rural,buddhist,males,41
census-india-2011,sources/census-2011/c-series/state-mdds/c01-33-tamil-nadu.xls,5766414c82e96d26,census-c01-extract-v1.1.0-20260528T003618Z,C0101,33,623,00000,000000,District - Madurai,rural,buddhist,females,26
census-india-2011,sources/census-2011/c-series/state-mdds/c01-33-tamil-nadu.xls,5766414c82e96d26,census-c01-extract-v1.1.0-20260528T003618Z,C0101,33,623,00000,000000,District - Madurai,rural,jain,persons,37
census-india-2011,sources/census-2011/c-series/state-mdds/c01-33-tamil-nadu.xls,5766414c82e96d26,census-c01-extract-v1.1.0-20260528T003618Z,C0101,33,623,00000,000000,District - Madurai,rural,jain,males,22
census-india-2011,sources/census-2011/c-series/state-mdds/c01-33-tamil-nadu.xls,5766414c82e96d26,census-c01-extract-v1.1.0-20260528T003618Z,C0101,33,623,00000,000000,District - Madurai,rural,jain,females,15
census-india-2011,sources/census-2011/c-series/state-mdds/c01-33-tamil-nadu.xls,5766414c82e96d26,census-c01-extract-v1.1.0-20260528T003618Z,C0101,33,623,00000,000000,District - Madurai,rural,other,persons,60
census-india-2011,sources/census-2011/c-series/state-mdds/c01-33-tamil-nadu.xls,5766414c82e96d26,census-c01-extract-v1.1.0-20260528T003618Z,C0101,33,623,00000,000000,District - Madurai,rural,other,males,39
census-india-2011,sources/census-2011/c-series/state-mdds/c01-33-tamil-nadu.xls,5766414c82e96d26,census-c01-extract-v1.1.0-20260528T003618Z,C0101,33,623,00000,000000,District - Madurai,rural,other,females,21
census-india-2011,sources/census-2011/c-series/state-mdds/c01-33-tamil-nadu.xls,5766414c82e96d26,census-c01-extract-v1.1.0-20260528T003618Z,C0101,33,623,00000,000000,District - Madurai,rural,not_stated,persons,3108
census-india-2011,sources/census-2011/c-series/state-mdds/c01-33-tamil-nadu.xls,5766414c82e96d26,census-c01-extract-v1.1.0-20260528T003618Z,C0101,33,623,00000,000000,District - Madurai,rural,not_stated,males,1489
census-india-2011,sources/census-2011/c-series/state-mdds/c01-33-tamil-nadu.xls,5766414c82e96d26,census-c01-extract-v1.1.0-20260528T003618Z,C0101,33,623,00000,000000,District - Madurai,rural,not_stated,females,1619
census-india-2011,sources/census-2011/c-series/state-mdds/c01-33-tamil-nadu.xls,5766414c82e96d26,census-c01-extract-v1.1.0-20260528T003618Z,C0101,33,623,00000,000000,District - Madurai,urban,all,persons,1846801
census-india-2011,sources/census-2011/c-series/state-mdds/c01-33-tamil-nadu.xls,5766414c82e96d26,census-c01-extract-v1.1.0-20260528T003618Z,C0101,33,623,00000,000000,District - Madurai,urban,all,males,925228
census-india-2011,sources/census-2011/c-series/state-mdds/c01-33-tamil-nadu.xls,5766414c82e96d26,census-c01-extract-v1.1.0-20260528T003618Z,C0101,33,623,00000,000000,District - Madurai,urban,all,females,921573
census-india-2011,sources/census-2011/c-series/state-mdds/c01-33-tamil-nadu.xls,5766414c82e96d26,census-c01-extract-v1.1.0-20260528T003618Z,C0101,33,623,00000,000000,District - Madurai,urban,hindu,persons,1611688
census-india-2011,sources/census-2011/c-series/state-mdds/c01-33-tamil-nadu.xls,5766414c82e96d26,census-c01-extract-v1.1.0-20260528T003618Z,C0101,33,623,00000,000000,District - Madurai,urban,hindu,males,808945
census-india-2011,sources/census-2011/c-series/state-mdds/c01-33-tamil-nadu.xls,5766414c82e96d26,census-c01-extract-v1.1.0-20260528T003618Z,C0101,33,623,00000,000000,District - Madurai,urban,hindu,females,802743
census-india-2011,sources/census-2011/c-series/state-mdds/c01-33-tamil-nadu.xls,5766414c82e96d26,census-c01-extract-v1.1.0-20260528T003618Z,C0101,33,623,00000,000000,District - Madurai,urban,muslim,persons,140233
census-india-2011,sources/census-2011/c-series/state-mdds/c01-33-tamil-nadu.xls,5766414c82e96d26,census-c01-extract-v1.1.0-20260528T003618Z,C0101,33,623,00000,000000,District - Madurai,urban,muslim,males,70419
census-india-2011,sources/census-2011/c-series/state-mdds/c01-33-tamil-nadu.xls,5766414c82e96d26,census-c01-extract-v1.1.0-20260528T003618Z,C0101,33,623,00000,000000,District - Madurai,urban,muslim,females,69814
census-india-2011,sources/census-2011/c-series/state-mdds/c01-33-tamil-nadu.xls,5766414c82e96d26,census-c01-extract-v1.1.0-20260528T003618Z,C0101,33,623,00000,000000,District - Madurai,urban,christian,persons,87188
census-india-2011,sources/census-2011/c-series/state-mdds/c01-33-tamil-nadu.xls,5766414c82e96d26,census-c01-extract-v1.1.0-20260528T003618Z,C0101,33,623,00000,000000,District - Madurai,urban,christian,males,42287
census-india-2011,sources/census-2011/c-series/state-mdds/c01-33-tamil-nadu.xls,5766414c82e96d26,census-c01-extract-v1.1.0-20260528T003618Z,C0101,33,623,00000,000000,District - Madurai,urban,christian,females,44901
census-india-2011,sources/census-2011/c-series/state-mdds/c01-33-tamil-nadu.xls,5766414c82e96d26,census-c01-extract-v1.1.0-20260528T003618Z,C0101,33,623,00000,000000,District - Madurai,urban,sikh,persons,326
census-india-2011,sources/census-2011/c-series/state-mdds/c01-33-tamil-nadu.xls,5766414c82e96d26,census-c01-extract-v1.1.0-20260528T003618Z,C0101,33,623,00000,000000,District - Madurai,urban,sikh,males,174
census-india-2011,sources/census-2011/c-series/state-mdds/c01-33-tamil-nadu.xls,5766414c82e96d26,census-c01-extract-v1.1.0-20260528T003618Z,C0101,33,623,00000,000000,District - Madurai,urban,sikh,females,152
census-india-2011,sources/census-2011/c-series/state-mdds/c01-33-tamil-nadu.xls,5766414c82e96d26,census-c01-extract-v1.1.0-20260528T003618Z,C0101,33,623,00000,000000,District - Madurai,urban,buddhist,persons,132
census-india-2011,sources/census-2011/c-series/state-mdds/c01-33-tamil-nadu.xls,5766414c82e96d26,census-c01-extract-v1.1.0-20260528T003618Z,C0101,33,623,00000,000000,District - Madurai,urban,buddhist,males,61
census-india-2011,sources/census-2011/c-series/state-mdds/c01-33-tamil-nadu.xls,5766414c82e96d26,census-c01-extract-v1.1.0-20260528T003618Z,C0101,33,623,00000,000000,District - Madurai,urban,buddhist,females,71
census-india-2011,sources/census-2011/c-series/state-mdds/c01-33-tamil-nadu.xls,5766414c82e96d26,census-c01-extract-v1.1.0-20260528T003618Z,C0101,33,623,00000,000000,District - Madurai,urban,jain,persons,1495
census-india-2011,sources/census-2011/c-series/state-mdds/c01-33-tamil-nadu.xls,5766414c82e96d26,census-c01-extract-v1.1.0-20260528T003618Z,C0101,33,623,00000,000000,District - Madurai,urban,jain,males,758
census-india-2011,sources/census-2011/c-series/state-mdds/c01-33-tamil-nadu.xls,5766414c82e96d26,census-c01-extract-v1.1.0-20260528T003618Z,C0101,33,623,00000,000000,District - Madurai,urban,jain,females,737
census-india-2011,sources/census-2011/c-series/state-mdds/c01-33-tamil-nadu.xls,5766414c82e96d26,census-c01-extract-v1.1.0-20260528T003618Z,C0101,33,623,00000,000000,District - Madurai,urban,other,persons,245
census-india-2011,sources/census-2011/c-series/state-mdds/c01-33-tamil-nadu.xls,5766414c82e96d26,census-c01-extract-v1.1.0-20260528T003618Z,C0101,33,623,00000,000000,District - Madurai,urban,other,males,123
census-india-2011,sources/census-2011/c-series/state-mdds/c01-33-tamil-nadu.xls,5766414c82e96d26,census-c01-extract-v1.1.0-20260528T003618Z,C0101,33,623,00000,000000,District - Madurai,urban,other,females,122
census-india-2011,sources/census-2011/c-series/state-mdds/c01-33-tamil-nadu.xls,5766414c82e96d26,census-c01-extract-v1.1.0-20260528T003618Z,C0101,33,623,00000,000000,District - Madurai,urban,not_stated,persons,5494
census-india-2011,sources/census-2011/c-series/state-mdds/c01-33-tamil-nadu.xls,5766414c82e96d26,census-c01-extract-v1.1.0-20260528T003618Z,C0101,33,623,00000,000000,District - Madurai,urban,not_stated,males,2461
census-india-2011,sources/census-2011/c-series/state-mdds/c01-33-tamil-nadu.xls,5766414c82e96d26,census-c01-extract-v1.1.0-20260528T003618Z,C0101,33,623,00000,000000,District - Madurai,urban,not_stated,females,3033
census-india-2011,sources/census-2011/c-series/state-mdds/c01-33-tamil-nadu.xls,5766414c82e96d26,census-c01-extract-v1.1.0-20260528T003618Z,C0101,33,624,00000,000000,District - Theni,total,all,persons,1245899
census-india-2011,sources/census-2011/c-series/state-mdds/c01-33-tamil-nadu.xls,5766414c82e96d26,census-c01-extract-v1.1.0-20260528T003618Z,C0101,33,624,00000,000000,District - Theni,total,all,males,625683
census-india-2011,sources/census-2011/c-series/state-mdds/c01-33-tamil-nadu.xls,5766414c82e96d26,census-c01-extract-v1.1.0-20260528T003618Z,C0101,33,624,00000,000000,District - Theni,total,all,females,620216
census-india-2011,sources/census-2011/c-series/state-mdds/c01-33-tamil-nadu.xls,5766414c82e96d26,census-c01-extract-v1.1.0-20260528T003618Z,C0101,33,624,00000,000000,District - Theni,total,hindu,persons,1148990
census-india-2011,sources/census-2011/c-series/state-mdds/c01-33-tamil-nadu.xls,5766414c82e96d26,census-c01-extract-v1.1.0-20260528T003618Z,C0101,33,624,00000,000000,District - Theni,total,hindu,males,577839
census-india-2011,sources/census-2011/c-series/state-mdds/c01-33-tamil-nadu.xls,5766414c82e96d26,census-c01-extract-v1.1.0-20260528T003618Z,C0101,33,624,00000,000000,District - Theni,total,hindu,females,571151
census-india-2011,sources/census-2011/c-series/state-mdds/c01-33-tamil-nadu.xls,5766414c82e96d26,census-c01-extract-v1.1.0-20260528T003618Z,C0101,33,624,00000,000000,District - Theni,total,muslim,persons,56751
census-india-2011,sources/census-2011/c-series/state-mdds/c01-33-tamil-nadu.xls,5766414c82e96d26,census-c01-extract-v1.1.0-20260528T003618Z,C0101,33,624,00000,000000,District - Theni,total,muslim,males,28189
census-india-2011,sources/census-2011/c-series/state-mdds/c01-33-tamil-nadu.xls,5766414c82e96d26,census-c01-extract-v1.1.0-20260528T003618Z,C0101,33,624,00000,000000,District - Theni,total,muslim,females,28562
census-india-2011,sources/census-2011/c-series/state-mdds/c01-33-tamil-nadu.xls,5766414c82e96d26,census-c01-extract-v1.1.0-20260528T003618Z,C0101,33,624,00000,000000,District - Theni,total,christian,persons,37574
census-india-2011,sources/census-2011/c-series/state-mdds/c01-33-tamil-nadu.xls,5766414c82e96d26,census-c01-extract-v1.1.0-20260528T003618Z,C0101,33,624,00000,000000,District - Theni,total,christian,males,18404
census-india-2011,sources/census-2011/c-series/state-mdds/c01-33-tamil-nadu.xls,5766414c82e96d26,census-c01-extract-v1.1.0-20260528T003618Z,C0101,33,624,00000,000000,District - Theni,total,christian,females,19170
census-india-2011,sources/census-2011/c-series/state-mdds/c01-33-tamil-nadu.xls,5766414c82e96d26,census-c01-extract-v1.1.0-20260528T003618Z,C0101,33,624,00000,000000,District - Theni,total,sikh,persons,152
census-india-2011,sources/census-2011/c-series/state-mdds/c01-33-tamil-nadu.xls,5766414c82e96d26,census-c01-extract-v1.1.0-20260528T003618Z,C0101,33,624,00000,000000,District - Theni,total,sikh,males,83
census-india-2011,sources/census-2011/c-series/state-mdds/c01-33-tamil-nadu.xls,5766414c82e96d26,census-c01-extract-v1.1.0-20260528T003618Z,C0101,33,624,00000,000000,District - Theni,total,sikh,females,69
census-india-2011,sources/census-2011/c-series/state-mdds/c01-33-tamil-nadu.xls,5766414c82e96d26,census-c01-extract-v1.1.0-20260528T003618Z,C0101,33,624,00000,000000,District - Theni,total,buddhist,persons,79
census-india-2011,sources/census-2011/c-series/state-mdds/c01-33-tamil-nadu.xls,5766414c82e96d26,census-c01-extract-v1.1.0-20260528T003618Z,C0101,33,624,00000,000000,District - Theni,total,buddhist,males,43
census-india-2011,sources/census-2011/c-series/state-mdds/c01-33-tamil-nadu.xls,5766414c82e96d26,census-c01-extract-v1.1.0-20260528T003618Z,C0101,33,624,00000,000000,District - Theni,total,buddhist,females,36
census-india-2011,sources/census-2011/c-series/state-mdds/c01-33-tamil-nadu.xls,5766414c82e96d26,census-c01-extract-v1.1.0-20260528T003618Z,C0101,33,624,00000,000000,District - Theni,total,jain,persons,28
census-india-2011,sources/census-2011/c-series/state-mdds/c01-33-tamil-nadu.xls,5766414c82e96d26,census-c01-extract-v1.1.0-20260528T003618Z,C0101,33,624,00000,000000,District - Theni,total,jain,males,14
census-india-2011,sources/census-2011/c-series/state-mdds/c01-33-tamil-nadu.xls,5766414c82e96d26,census-c01-extract-v1.1.0-20260528T003618Z,C0101,33,624,00000,000000,District - Theni,total,jain,females,14
census-india-2011,sources/census-2011/c-series/state-mdds/c01-33-tamil-nadu.xls,5766414c82e96d26,census-c01-extract-v1.1.0-20260528T003618Z,C0101,33,624,00000,000000,District - Theni,total,other,persons,74
census-india-2011,sources/census-2011/c-series/state-mdds/c01-33-tamil-nadu.xls,5766414c82e96d26,census-c01-extract-v1.1.0-20260528T003618Z,C0101,33,624,00000,000000,District - Theni,total,other,males,41
census-india-2011,sources/census-2011/c-series/state-mdds/c01-33-tamil-nadu.xls,5766414c82e96d26,census-c01-extract-v1.1.0-20260528T003618Z,C0101,33,624,00000,000000,District - Theni,total,other,females,33
census-india-2011,sources/census-2011/c-series/state-mdds/c01-33-tamil-nadu.xls,5766414c82e96d26,census-c01-extract-v1.1.0-20260528T003618Z,C0101,33,624,00000,000000,District - Theni,total,not_stated,persons,2251
census-india-2011,sources/census-2011/c-series/state-mdds/c01-33-tamil-nadu.xls,5766414c82e96d26,census-c01-extract-v1.1.0-20260528T003618Z,C0101,33,624,00000,000000,District - Theni,total,not_stated,males,1070
census-india-2011,sources/census-2011/c-series/state-mdds/c01-33-tamil-nadu.xls,5766414c82e96d26,census-c01-extract-v1.1.0-20260528T003618Z,C0101,33,624,00000,000000,District - Theni,total,not_stated,females,1181
census-india-2011,sources/census-2011/c-series/state-mdds/c01-33-tamil-nadu.xls,5766414c82e96d26,census-c01-extract-v1.1.0-20260528T003618Z,C0101,33,624,00000,000000,District - Theni,rural,all,persons,575418
census-india-2011,sources/census-2011/c-series/state-mdds/c01-33-tamil-nadu.xls,5766414c82e96d26,census-c01-extract-v1.1.0-20260528T003618Z,C0101,33,624,00000,000000,District - Theni,rural,all,males,290880
census-india-2011,sources/census-2011/c-series/state-mdds/c01-33-tamil-nadu.xls,5766414c82e96d26,census-c01-extract-v1.1.0-20260528T003618Z,C0101,33,624,00000,000000,District - Theni,rural,all,females,284538
census-india-2011,sources/census-2011/c-series/state-mdds/c01-33-tamil-nadu.xls,5766414c82e96d26,census-c01-extract-v1.1.0-20260528T003618Z,C0101,33,624,00000,000000,District - Theni,rural,hindu,persons,550080
census-india-2011,sources/census-2011/c-series/state-mdds/c01-33-tamil-nadu.xls,5766414c82e96d26,census-c01-extract-v1.1.0-20260528T003618Z,C0101,33,624,00000,000000,District - Theni,rural,hindu,males,278278
census-india-2011,sources/census-2011/c-series/state-mdds/c01-33-tamil-nadu.xls,5766414c82e96d26,census-c01-extract-v1.1.0-20260528T003618Z,C0101,33,624,00000,000000,District - Theni,rural,hindu,females,271802
census-india-2011,sources/census-2011/c-series/state-mdds/c01-33-tamil-nadu.xls,5766414c82e96d26,census-c01-extract-v1.1.0-20260528T003618Z,C0101,33,624,00000,000000,District - Theni,rural,muslim,persons,7363
census-india-2011,sources/census-2011/c-series/state-mdds/c01-33-tamil-nadu.xls,5766414c82e96d26,census-c01-extract-v1.1.0-20260528T003618Z,C0101,33,624,00000,000000,District - Theni,rural,muslim,males,3678
census-india-2011,sources/census-2011/c-series/state-mdds/c01-33-tamil-nadu.xls,5766414c82e96d26,census-c01-extract-v1.1.0-20260528T003618Z,C0101,33,624,00000,000000,District - Theni,rural,muslim,females,3685
census-india-2011,sources/census-2011/c-series/state-mdds/c01-33-tamil-nadu.xls,5766414c82e96d26,census-c01-extract-v1.1.0-20260528T003618Z,C0101,33,624,00000,000000,District - Theni,rural,christian,persons,16554
census-india-2011,sources/census-2011/c-series/state-mdds/c01-33-tamil-nadu.xls,5766414c82e96d26,census-c01-extract-v1.1.0-20260528T003618Z,C0101,33,624,00000,000000,District - Theni,rural,christian,males,8235
census-india-2011,sources/census-2011/c-series/state-mdds/c01-33-tamil-nadu.xls,5766414c82e96d26,census-c01-extract-v1.1.0-20260528T003618Z,C0101,33,624,00000,000000,District - Theni,rural,christian,females,8319
census-india-2011,sources/census-2011/c-series/state-mdds/c01-33-tamil-nadu.xls,5766414c82e96d26,census-c01-extract-v1.1.0-20260528T003618Z,C0101,33,624,00000,000000,District - Theni,rural,sikh,persons,67
census-india-2011,sources/census-2011/c-series/state-mdds/c01-33-tamil-nadu.xls,5766414c82e96d26,census-c01-extract-v1.1.0-20260528T003618Z,C0101,33,624,00000,000000,District - Theni,rural,sikh,males,33
census-india-2011,sources/census-2011/c-series/state-mdds/c01-33-tamil-nadu.xls,5766414c82e96d26,census-c01-extract-v1.1.0-20260528T003618Z,C0101,33,624,00000,000000,District - Theni,rural,sikh,females,34
census-india-2011,sources/census-2011/c-series/state-mdds/c01-33-tamil-nadu.xls,5766414c82e96d26,census-c01-extract-v1.1.0-20260528T003618Z,C0101,33,624,00000,000000,District - Theni,rural,buddhist,persons,38
census-india-2011,sources/census-2011/c-series/state-mdds/c01-33-tamil-nadu.xls,5766414c82e96d26,census-c01-extract-v1.1.0-20260528T003618Z,C0101,33,624,00000,000000,District - Theni,rural,buddhist,males,24
census-india-2011,sources/census-2011/c-series/state-mdds/c01-33-tamil-nadu.xls,5766414c82e96d26,census-c01-extract-v1.1.0-20260528T003618Z,C0101,33,624,00000,000000,District - Theni,rural,buddhist,females,14
census-india-2011,sources/census-2011/c-series/state-mdds/c01-33-tamil-nadu.xls,5766414c82e96d26,census-c01-extract-v1.1.0-20260528T003618Z,C0101,33,624,00000,000000,District - Theni,rural,jain,persons,10
census-india-2011,sources/census-2011/c-series/state-mdds/c01-33-tamil-nadu.xls,5766414c82e96d26,census-c01-extract-v1.1.0-20260528T003618Z,C0101,33,624,00000,000000,District - Theni,rural,jain,males,5
census-india-2011,sources/census-2011/c-series/state-mdds/c01-33-tamil-nadu.xls,5766414c82e96d26,census-c01-extract-v1.1.0-20260528T003618Z,C0101,33,624,00000,000000,District - Theni,rural,jain,females,5
census-india-2011,sources/census-2011/c-series/state-mdds/c01-33-tamil-nadu.xls,5766414c82e96d26,census-c01-extract-v1.1.0-20260528T003618Z,C0101,33,624,00000,000000,District - Theni,rural,other,persons,36
census-india-2011,sources/census-2011/c-series/state-mdds/c01-33-tamil-nadu.xls,5766414c82e96d26,census-c01-extract-v1.1.0-20260528T003618Z,C0101,33,624,00000,000000,District - Theni,rural,other,males,25
census-india-2011,sources/census-2011/c-series/state-mdds/c01-33-tamil-nadu.xls,5766414c82e96d26,census-c01-extract-v1.1.0-20260528T003618Z,C0101,33,624,00000,000000,District - Theni,rural,other,females,11
census-india-2011,sources/census-2011/c-series/state-mdds/c01-33-tamil-nadu.xls,5766414c82e96d26,census-c01-extract-v1.1.0-20260528T003618Z,C0101,33,624,00000,000000,District - Theni,rural,not_stated,persons,1270
census-india-2011,sources/census-2011/c-series/state-mdds/c01-33-tamil-nadu.xls,5766414c82e96d26,census-c01-extract-v1.1.0-20260528T003618Z,C0101,33,624,00000,000000,District - Theni,rural,not_stated,males,602
census-india-2011,sources/census-2011/c-series/state-mdds/c01-33-tamil-nadu.xls,5766414c82e96d26,census-c01-extract-v1.1.0-20260528T003618Z,C0101,33,624,00000,000000,District - Theni,rural,not_stated,females,668
census-india-2011,sources/census-2011/c-series/state-mdds/c01-33-tamil-nadu.xls,5766414c82e96d26,census-c01-extract-v1.1.0-20260528T003618Z,C0101,33,624,00000,000000,District - Theni,urban,all,persons,670481
census-india-2011,sources/census-2011/c-series/state-mdds/c01-33-tamil-nadu.xls,5766414c82e96d26,census-c01-extract-v1.1.0-20260528T003618Z,C0101,33,624,00000,000000,District - Theni,urban,all,males,334803
census-india-2011,sources/census-2011/c-series/state-mdds/c01-33-tamil-nadu.xls,5766414c82e96d26,census-c01-extract-v1.1.0-20260528T003618Z,C0101,33,624,00000,000000,District - Theni,urban,all,females,335678
census-india-2011,sources/census-2011/c-series/state-mdds/c01-33-tamil-nadu.xls,5766414c82e96d26,census-c01-extract-v1.1.0-20260528T003618Z,C0101,33,624,00000,000000,District - Theni,urban,hindu,persons,598910
census-india-2011,sources/census-2011/c-series/state-mdds/c01-33-tamil-nadu.xls,5766414c82e96d26,census-c01-extract-v1.1.0-20260528T003618Z,C0101,33,624,00000,000000,District - Theni,urban,hindu,males,299561
census-india-2011,sources/census-2011/c-series/state-mdds/c01-33-tamil-nadu.xls,5766414c82e96d26,census-c01-extract-v1.1.0-20260528T003618Z,C0101,33,624,00000,000000,District - Theni,urban,hindu,females,299349
census-india-2011,sources/census-2011/c-series/state-mdds/c01-33-tamil-nadu.xls,5766414c82e96d26,census-c01-extract-v1.1.0-20260528T003618Z,C0101,33,624,00000,000000,District - Theni,urban,muslim,persons,49388
census-india-2011,sources/census-2011/c-series/state-mdds/c01-33-tamil-nadu.xls,5766414c82e96d26,census-c01-extract-v1.1.0-20260528T003618Z,C0101,33,624,00000,000000,District - Theni,urban,muslim,males,24511
census-india-2011,sources/census-2011/c-series/state-mdds/c01-33-tamil-nadu.xls,5766414c82e96d26,census-c01-extract-v1.1.0-20260528T003618Z,C0101,33,624,00000,000000,District - Theni,urban,muslim,females,24877
census-india-2011,sources/census-2011/c-series/state-mdds/c01-33-tamil-nadu.xls,5766414c82e96d26,census-c01-extract-v1.1.0-20260528T003618Z,C0101,33,624,00000,000000,District - Theni,urban,christian,persons,21020
census-india-2011,sources/census-2011/c-series/state-mdds/c01-33-tamil-nadu.xls,5766414c82e96d26,census-c01-extract-v1.1.0-20260528T003618Z,C0101,33,624,00000,000000,District - Theni,urban,christian,males,10169
census-india-2011,sources/census-2011/c-series/state-mdds/c01-33-tamil-nadu.xls,5766414c82e96d26,census-c01-extract-v1.1.0-20260528T003618Z,C0101,33,624,00000,000000,District - Theni,urban,christian,females,10851
census-india-2011,sources/census-2011/c-series/state-mdds/c01-33-tamil-nadu.xls,5766414c82e96d26,census-c01-extract-v1.1.0-20260528T003618Z,C0101,33,624,00000,000000,District - Theni,urban,sikh,persons,85
census-india-2011,sources/census-2011/c-series/state-mdds/c01-33-tamil-nadu.xls,5766414c82e96d26,census-c01-extract-v1.1.0-20260528T003618Z,C0101,33,624,00000,000000,District - Theni,urban,sikh,males,50
census-india-2011,sources/census-2011/c-series/state-mdds/c01-33-tamil-nadu.xls,5766414c82e96d26,census-c01-extract-v1.1.0-20260528T003618Z,C0101,33,624,00000,000000,District - Theni,urban,sikh,females,35
census-india-2011,sources/census-2011/c-series/state-mdds/c01-33-tamil-nadu.xls,5766414c82e96d26,census-c01-extract-v1.1.0-20260528T003618Z,C0101,33,624,00000,000000,District - Theni,urban,buddhist,persons,41
census-india-2011,sources/census-2011/c-series/state-mdds/c01-33-tamil-nadu.xls,5766414c82e96d26,census-c01-extract-v1.1.0-20260528T003618Z,C0101,33,624,00000,000000,District - Theni,urban,buddhist,males,19
census-india-2011,sources/census-2011/c-series/state-mdds/c01-33-tamil-nadu.xls,5766414c82e96d26,census-c01-extract-v1.1.0-20260528T003618Z,C0101,33,624,00000,000000,District - Theni,urban,buddhist,females,22
census-india-2011,sources/census-2011/c-series/state-mdds/c01-33-tamil-nadu.xls,5766414c82e96d26,census-c01-extract-v1.1.0-20260528T003618Z,C0101,33,624,00000,000000,District - Theni,urban,jain,persons,18
census-india-2011,sources/census-2011/c-series/state-mdds/c01-33-tamil-nadu.xls,5766414c82e96d26,census-c01-extract-v1.1.0-20260528T003618Z,C0101,33,624,00000,000000,District - Theni,urban,jain,males,9
census-india-2011,sources/census-2011/c-series/state-mdds/c01-33-tamil-nadu.xls,5766414c82e96d26,census-c01-extract-v1.1.0-20260528T003618Z,C0101,33,624,00000,000000,District - Theni,urban,jain,females,9
census-india-2011,sources/census-2011/c-series/state-mdds/c01-33-tamil-nadu.xls,5766414c82e96d26,census-c01-extract-v1.1.0-20260528T003618Z,C0101,33,624,00000,000000,District - Theni,urban,other,persons,38
census-india-2011,sources/census-2011/c-series/state-mdds/c01-33-tamil-nadu.xls,5766414c82e96d26,census-c01-extract-v1.1.0-20260528T003618Z,C0101,33,624,00000,000000,District - Theni,urban,other,males,16
census-india-2011,sources/census-2011/c-series/state-mdds/c01-33-tamil-nadu.xls,5766414c82e96d26,census-c01-extract-v1.1.0-20260528T003618Z,C0101,33,624,00000,000000,District - Theni,urban,other,females,22
census-india-2011,sources/census-2011/c-series/state-mdds/c01-33-tamil-nadu.xls,5766414c82e96d26,census-c01-extract-v1.1.0-20260528T003618Z,C0101,33,624,00000,000000,District - Theni,urban,not_stated,persons,981
census-india-2011,sources/census-2011/c-series/state-mdds/c01-33-tamil-nadu.xls,5766414c82e96d26,census-c01-extract-v1.1.0-20260528T003618Z,C0101,33,624,00000,000000,District - Theni,urban,not_stated,males,468
census-india-2011,sources/census-2011/c-series/state-mdds/c01-33-tamil-nadu.xls,5766414c82e96d26,census-c01-extract-v1.1.0-20260528T003618Z,C0101,33,624,00000,000000,District - Theni,urban,not_stated,females,513
census-india-2011,sources/census-2011/c-series/state-mdds/c01-33-tamil-nadu.xls,5766414c82e96d26,census-c01-extract-v1.1.0-20260528T003618Z,C0101,33,625,00000,000000,District - Virudhunagar,total,all,persons,1942288
census-india-2011,sources/census-2011/c-series/state-mdds/c01-33-tamil-nadu.xls,5766414c82e96d26,census-c01-extract-v1.1.0-20260528T003618Z,C0101,33,625,00000,000000,District - Virudhunagar,total,all,males,967709
census-india-2011,sources/census-2011/c-series/state-mdds/c01-33-tamil-nadu.xls,5766414c82e96d26,census-c01-extract-v1.1.0-20260528T003618Z,C0101,33,625,00000,000000,District - Virudhunagar,total,all,females,974579
census-india-2011,sources/census-2011/c-series/state-mdds/c01-33-tamil-nadu.xls,5766414c82e96d26,census-c01-extract-v1.1.0-20260528T003618Z,C0101,33,625,00000,000000,District - Virudhunagar,total,hindu,persons,1822626
census-india-2011,sources/census-2011/c-series/state-mdds/c01-33-tamil-nadu.xls,5766414c82e96d26,census-c01-extract-v1.1.0-20260528T003618Z,C0101,33,625,00000,000000,District - Virudhunagar,total,hindu,males,908801
census-india-2011,sources/census-2011/c-series/state-mdds/c01-33-tamil-nadu.xls,5766414c82e96d26,census-c01-extract-v1.1.0-20260528T003618Z,C0101,33,625,00000,000000,District - Virudhunagar,total,hindu,females,913825
census-india-2011,sources/census-2011/c-series/state-mdds/c01-33-tamil-nadu.xls,5766414c82e96d26,census-c01-extract-v1.1.0-20260528T003618Z,C0101,33,625,00000,000000,District - Virudhunagar,total,muslim,persons,47838
census-india-2011,sources/census-2011/c-series/state-mdds/c01-33-tamil-nadu.xls,5766414c82e96d26,census-c01-extract-v1.1.0-20260528T003618Z,C0101,33,625,00000,000000,District - Virudhunagar,total,muslim,males,24014
census-india-2011,sources/census-2011/c-series/state-mdds/c01-33-tamil-nadu.xls,5766414c82e96d26,census-c01-extract-v1.1.0-20260528T003618Z,C0101,33,625,00000,000000,District - Virudhunagar,total,muslim,females,23824
census-india-2011,sources/census-2011/c-series/state-mdds/c01-33-tamil-nadu.xls,5766414c82e96d26,census-c01-extract-v1.1.0-20260528T003618Z,C0101,33,625,00000,000000,District - Virudhunagar,total,christian,persons,67405
census-india-2011,sources/census-2011/c-series/state-mdds/c01-33-tamil-nadu.xls,5766414c82e96d26,census-c01-extract-v1.1.0-20260528T003618Z,C0101,33,625,00000,000000,District - Virudhunagar,total,christian,males,32743
census-india-2011,sources/census-2011/c-series/state-mdds/c01-33-tamil-nadu.xls,5766414c82e96d26,census-c01-extract-v1.1.0-20260528T003618Z,C0101,33,625,00000,000000,District - Virudhunagar,total,christian,females,34662
census-india-2011,sources/census-2011/c-series/state-mdds/c01-33-tamil-nadu.xls,5766414c82e96d26,census-c01-extract-v1.1.0-20260528T003618Z,C0101,33,625,00000,000000,District - Virudhunagar,total,sikh,persons,245
census-india-2011,sources/census-2011/c-series/state-mdds/c01-33-tamil-nadu.xls,5766414c82e96d26,census-c01-extract-v1.1.0-20260528T003618Z,C0101,33,625,00000,000000,District - Virudhunagar,total,sikh,males,148
census-india-2011,sources/census-2011/c-series/state-mdds/c01-33-tamil-nadu.xls,5766414c82e96d26,census-c01-extract-v1.1.0-20260528T003618Z,C0101,33,625,00000,000000,District - Virudhunagar,total,sikh,females,97
census-india-2011,sources/census-2011/c-series/state-mdds/c01-33-tamil-nadu.xls,5766414c82e96d26,census-c01-extract-v1.1.0-20260528T003618Z,C0101,33,625,00000,000000,District - Virudhunagar,total,buddhist,persons,87
census-india-2011,sources/census-2011/c-series/state-mdds/c01-33-tamil-nadu.xls,5766414c82e96d26,census-c01-extract-v1.1.0-20260528T003618Z,C0101,33,625,00000,000000,District - Virudhunagar,total,buddhist,males,45
census-india-2011,sources/census-2011/c-series/state-mdds/c01-33-tamil-nadu.xls,5766414c82e96d26,census-c01-extract-v1.1.0-20260528T003618Z,C0101,33,625,00000,000000,District - Virudhunagar,total,buddhist,females,42
census-india-2011,sources/census-2011/c-series/state-mdds/c01-33-tamil-nadu.xls,5766414c82e96d26,census-c01-extract-v1.1.0-20260528T003618Z,C0101,33,625,00000,000000,District - Virudhunagar,total,jain,persons,98
census-india-2011,sources/census-2011/c-series/state-mdds/c01-33-tamil-nadu.xls,5766414c82e96d26,census-c01-extract-v1.1.0-20260528T003618Z,C0101,33,625,00000,000000,District - Virudhunagar,total,jain,males,47
census-india-2011,sources/census-2011/c-series/state-mdds/c01-33-tamil-nadu.xls,5766414c82e96d26,census-c01-extract-v1.1.0-20260528T003618Z,C0101,33,625,00000,000000,District - Virudhunagar,total,jain,females,51
census-india-2011,sources/census-2011/c-series/state-mdds/c01-33-tamil-nadu.xls,5766414c82e96d26,census-c01-extract-v1.1.0-20260528T003618Z,C0101,33,625,00000,000000,District - Virudhunagar,total,other,persons,75
census-india-2011,sources/census-2011/c-series/state-mdds/c01-33-tamil-nadu.xls,5766414c82e96d26,census-c01-extract-v1.1.0-20260528T003618Z,C0101,33,625,00000,000000,District - Virudhunagar,total,other,males,31
census-india-2011,sources/census-2011/c-series/state-mdds/c01-33-tamil-nadu.xls,5766414c82e96d26,census-c01-extract-v1.1.0-20260528T003618Z,C0101,33,625,00000,000000,District - Virudhunagar,total,other,females,44
census-india-2011,sources/census-2011/c-series/state-mdds/c01-33-tamil-nadu.xls,5766414c82e96d26,census-c01-extract-v1.1.0-20260528T003618Z,C0101,33,625,00000,000000,District - Virudhunagar,total,not_stated,persons,3914
census-india-2011,sources/census-2011/c-series/state-mdds/c01-33-tamil-nadu.xls,5766414c82e96d26,census-c01-extract-v1.1.0-20260528T003618Z,C0101,33,625,00000,000000,District - Virudhunagar,total,not_stated,males,1880
census-india-2011,sources/census-2011/c-series/state-mdds/c01-33-tamil-nadu.xls,5766414c82e96d26,census-c01-extract-v1.1.0-20260528T003618Z,C0101,33,625,00000,000000,District - Virudhunagar,total,not_stated,females,2034
census-india-2011,sources/census-2011/c-series/state-mdds/c01-33-tamil-nadu.xls,5766414c82e96d26,census-c01-extract-v1.1.0-20260528T003618Z,C0101,33,625,00000,000000,District - Virudhunagar,rural,all,persons,962062
census-india-2011,sources/census-2011/c-series/state-mdds/c01-33-tamil-nadu.xls,5766414c82e96d26,census-c01-extract-v1.1.0-20260528T003618Z,C0101,33,625,00000,000000,District - Virudhunagar,rural,all,males,480360
census-india-2011,sources/census-2011/c-series/state-mdds/c01-33-tamil-nadu.xls,5766414c82e96d26,census-c01-extract-v1.1.0-20260528T003618Z,C0101,33,625,00000,000000,District - Virudhunagar,rural,all,females,481702
census-india-2011,sources/census-2011/c-series/state-mdds/c01-33-tamil-nadu.xls,5766414c82e96d26,census-c01-extract-v1.1.0-20260528T003618Z,C0101,33,625,00000,000000,District - Virudhunagar,rural,hindu,persons,918984
census-india-2011,sources/census-2011/c-series/state-mdds/c01-33-tamil-nadu.xls,5766414c82e96d26,census-c01-extract-v1.1.0-20260528T003618Z,C0101,33,625,00000,000000,District - Virudhunagar,rural,hindu,males,459130
census-india-2011,sources/census-2011/c-series/state-mdds/c01-33-tamil-nadu.xls,5766414c82e96d26,census-c01-extract-v1.1.0-20260528T003618Z,C0101,33,625,00000,000000,District - Virudhunagar,rural,hindu,females,459854
census-india-2011,sources/census-2011/c-series/state-mdds/c01-33-tamil-nadu.xls,5766414c82e96d26,census-c01-extract-v1.1.0-20260528T003618Z,C0101,33,625,00000,000000,District - Virudhunagar,rural,muslim,persons,14206
census-india-2011,sources/census-2011/c-series/state-mdds/c01-33-tamil-nadu.xls,5766414c82e96d26,census-c01-extract-v1.1.0-20260528T003618Z,C0101,33,625,00000,000000,District - Virudhunagar,rural,muslim,males,7183
census-india-2011,sources/census-2011/c-series/state-mdds/c01-33-tamil-nadu.xls,5766414c82e96d26,census-c01-extract-v1.1.0-20260528T003618Z,C0101,33,625,00000,000000,District - Virudhunagar,rural,muslim,females,7023
census-india-2011,sources/census-2011/c-series/state-mdds/c01-33-tamil-nadu.xls,5766414c82e96d26,census-c01-extract-v1.1.0-20260528T003618Z,C0101,33,625,00000,000000,District - Virudhunagar,rural,christian,persons,26389
census-india-2011,sources/census-2011/c-series/state-mdds/c01-33-tamil-nadu.xls,5766414c82e96d26,census-c01-extract-v1.1.0-20260528T003618Z,C0101,33,625,00000,000000,District - Virudhunagar,rural,christian,males,12867
census-india-2011,sources/census-2011/c-series/state-mdds/c01-33-tamil-nadu.xls,5766414c82e96d26,census-c01-extract-v1.1.0-20260528T003618Z,C0101,33,625,00000,000000,District - Virudhunagar,rural,christian,females,13522
census-india-2011,sources/census-2011/c-series/state-mdds/c01-33-tamil-nadu.xls,5766414c82e96d26,census-c01-extract-v1.1.0-20260528T003618Z,C0101,33,625,00000,000000,District - Virudhunagar,rural,sikh,persons,120
census-india-2011,sources/census-2011/c-series/state-mdds/c01-33-tamil-nadu.xls,5766414c82e96d26,census-c01-extract-v1.1.0-20260528T003618Z,C0101,33,625,00000,000000,District - Virudhunagar,rural,sikh,males,63
census-india-2011,sources/census-2011/c-series/state-mdds/c01-33-tamil-nadu.xls,5766414c82e96d26,census-c01-extract-v1.1.0-20260528T003618Z,C0101,33,625,00000,000000,District - Virudhunagar,rural,sikh,females,57
census-india-2011,sources/census-2011/c-series/state-mdds/c01-33-tamil-nadu.xls,5766414c82e96d26,census-c01-extract-v1.1.0-20260528T003618Z,C0101,33,625,00000,000000,District - Virudhunagar,rural,buddhist,persons,49
census-india-2011,sources/census-2011/c-series/state-mdds/c01-33-tamil-nadu.xls,5766414c82e96d26,census-c01-extract-v1.1.0-20260528T003618Z,C0101,33,625,00000,000000,District - Virudhunagar,rural,buddhist,males,25
census-india-2011,sources/census-2011/c-series/state-mdds/c01-33-tamil-nadu.xls,5766414c82e96d26,census-c01-extract-v1.1.0-20260528T003618Z,C0101,33,625,00000,000000,District - Virudhunagar,rural,buddhist,females,24
census-india-2011,sources/census-2011/c-series/state-mdds/c01-33-tamil-nadu.xls,5766414c82e96d26,census-c01-extract-v1.1.0-20260528T003618Z,C0101,33,625,00000,000000,District - Virudhunagar,rural,jain,persons,24
census-india-2011,sources/census-2011/c-series/state-mdds/c01-33-tamil-nadu.xls,5766414c82e96d26,census-c01-extract-v1.1.0-20260528T003618Z,C0101,33,625,00000,000000,District - Virudhunagar,rural,jain,males,11
census-india-2011,sources/census-2011/c-series/state-mdds/c01-33-tamil-nadu.xls,5766414c82e96d26,census-c01-extract-v1.1.0-20260528T003618Z,C0101,33,625,00000,000000,District - Virudhunagar,rural,jain,females,13
census-india-2011,sources/census-2011/c-series/state-mdds/c01-33-tamil-nadu.xls,5766414c82e96d26,census-c01-extract-v1.1.0-20260528T003618Z,C0101,33,625,00000,000000,District - Virudhunagar,rural,other,persons,21
census-india-2011,sources/census-2011/c-series/state-mdds/c01-33-tamil-nadu.xls,5766414c82e96d26,census-c01-extract-v1.1.0-20260528T003618Z,C0101,33,625,00000,000000,District - Virudhunagar,rural,other,males,7
census-india-2011,sources/census-2011/c-series/state-mdds/c01-33-tamil-nadu.xls,5766414c82e96d26,census-c01-extract-v1.1.0-20260528T003618Z,C0101,33,625,00000,000000,District - Virudhunagar,rural,other,females,14
census-india-2011,sources/census-2011/c-series/state-mdds/c01-33-tamil-nadu.xls,5766414c82e96d26,census-c01-extract-v1.1.0-20260528T003618Z,C0101,33,625,00000,000000,District - Virudhunagar,rural,not_stated,persons,2269
census-india-2011,sources/census-2011/c-series/state-mdds/c01-33-tamil-nadu.xls,5766414c82e96d26,census-c01-extract-v1.1.0-20260528T003618Z,C0101,33,625,00000,000000,District - Virudhunagar,rural,not_stated,males,1074
census-india-2011,sources/census-2011/c-series/state-mdds/c01-33-tamil-nadu.xls,5766414c82e96d26,census-c01-extract-v1.1.0-20260528T003618Z,C0101,33,625,00000,000000,District - Virudhunagar,rural,not_stated,females,1195
census-india-2011,sources/census-2011/c-series/state-mdds/c01-33-tamil-nadu.xls,5766414c82e96d26,census-c01-extract-v1.1.0-20260528T003618Z,C0101,33,625,00000,000000,District - Virudhunagar,urban,all,persons,980226
census-india-2011,sources/census-2011/c-series/state-mdds/c01-33-tamil-nadu.xls,5766414c82e96d26,census-c01-extract-v1.1.0-20260528T003618Z,C0101,33,625,00000,000000,District - Virudhunagar,urban,all,males,487349
census-india-2011,sources/census-2011/c-series/state-mdds/c01-33-tamil-nadu.xls,5766414c82e96d26,census-c01-extract-v1.1.0-20260528T003618Z,C0101,33,625,00000,000000,District - Virudhunagar,urban,all,females,492877
census-india-2011,sources/census-2011/c-series/state-mdds/c01-33-tamil-nadu.xls,5766414c82e96d26,census-c01-extract-v1.1.0-20260528T003618Z,C0101,33,625,00000,000000,District - Virudhunagar,urban,hindu,persons,903642
census-india-2011,sources/census-2011/c-series/state-mdds/c01-33-tamil-nadu.xls,5766414c82e96d26,census-c01-extract-v1.1.0-20260528T003618Z,C0101,33,625,00000,000000,District - Virudhunagar,urban,hindu,males,449671
census-india-2011,sources/census-2011/c-series/state-mdds/c01-33-tamil-nadu.xls,5766414c82e96d26,census-c01-extract-v1.1.0-20260528T003618Z,C0101,33,625,00000,000000,District - Virudhunagar,urban,hindu,females,453971
census-india-2011,sources/census-2011/c-series/state-mdds/c01-33-tamil-nadu.xls,5766414c82e96d26,census-c01-extract-v1.1.0-20260528T003618Z,C0101,33,625,00000,000000,District - Virudhunagar,urban,muslim,persons,33632
census-india-2011,sources/census-2011/c-series/state-mdds/c01-33-tamil-nadu.xls,5766414c82e96d26,census-c01-extract-v1.1.0-20260528T003618Z,C0101,33,625,00000,000000,District - Virudhunagar,urban,muslim,males,16831
census-india-2011,sources/census-2011/c-series/state-mdds/c01-33-tamil-nadu.xls,5766414c82e96d26,census-c01-extract-v1.1.0-20260528T003618Z,C0101,33,625,00000,000000,District - Virudhunagar,urban,muslim,females,16801
census-india-2011,sources/census-2011/c-series/state-mdds/c01-33-tamil-nadu.xls,5766414c82e96d26,census-c01-extract-v1.1.0-20260528T003618Z,C0101,33,625,00000,000000,District - Virudhunagar,urban,christian,persons,41016
census-india-2011,sources/census-2011/c-series/state-mdds/c01-33-tamil-nadu.xls,5766414c82e96d26,census-c01-extract-v1.1.0-20260528T003618Z,C0101,33,625,00000,000000,District - Virudhunagar,urban,christian,males,19876
census-india-2011,sources/census-2011/c-series/state-mdds/c01-33-tamil-nadu.xls,5766414c82e96d26,census-c01-extract-v1.1.0-20260528T003618Z,C0101,33,625,00000,000000,District - Virudhunagar,urban,christian,females,21140
census-india-2011,sources/census-2011/c-series/state-mdds/c01-33-tamil-nadu.xls,5766414c82e96d26,census-c01-extract-v1.1.0-20260528T003618Z,C0101,33,625,00000,000000,District - Virudhunagar,urban,sikh,persons,125
census-india-2011,sources/census-2011/c-series/state-mdds/c01-33-tamil-nadu.xls,5766414c82e96d26,census-c01-extract-v1.1.0-20260528T003618Z,C0101,33,625,00000,000000,District - Virudhunagar,urban,sikh,males,85
census-india-2011,sources/census-2011/c-series/state-mdds/c01-33-tamil-nadu.xls,5766414c82e96d26,census-c01-extract-v1.1.0-20260528T003618Z,C0101,33,625,00000,000000,District - Virudhunagar,urban,sikh,females,40
census-india-2011,sources/census-2011/c-series/state-mdds/c01-33-tamil-nadu.xls,5766414c82e96d26,census-c01-extract-v1.1.0-20260528T003618Z,C0101,33,625,00000,000000,District - Virudhunagar,urban,buddhist,persons,38
census-india-2011,sources/census-2011/c-series/state-mdds/c01-33-tamil-nadu.xls,5766414c82e96d26,census-c01-extract-v1.1.0-20260528T003618Z,C0101,33,625,00000,000000,District - Virudhunagar,urban,buddhist,males,20
census-india-2011,sources/census-2011/c-series/state-mdds/c01-33-tamil-nadu.xls,5766414c82e96d26,census-c01-extract-v1.1.0-20260528T003618Z,C0101,33,625,00000,000000,District - Virudhunagar,urban,buddhist,females,18
census-india-2011,sources/census-2011/c-series/state-mdds/c01-33-tamil-nadu.xls,5766414c82e96d26,census-c01-extract-v1.1.0-20260528T003618Z,C0101,33,625,00000,000000,District - Virudhunagar,urban,jain,persons,74
census-india-2011,sources/census-2011/c-series/state-mdds/c01-33-tamil-nadu.xls,5766414c82e96d26,census-c01-extract-v1.1.0-20260528T003618Z,C0101,33,625,00000,000000,District - Virudhunagar,urban,jain,males,36
census-india-2011,sources/census-2011/c-series/state-mdds/c01-33-tamil-nadu.xls,5766414c82e96d26,census-c01-extract-v1.1.0-20260528T003618Z,C0101,33,625,00000,000000,District - Virudhunagar,urban,jain,females,38
census-india-2011,sources/census-2011/c-series/state-mdds/c01-33-tamil-nadu.xls,5766414c82e96d26,census-c01-extract-v1.1.0-20260528T003618Z,C0101,33,625,00000,000000,District - Virudhunagar,urban,other,persons,54
census-india-2011,sources/census-2011/c-series/state-mdds/c01-33-tamil-nadu.xls,5766414c82e96d26,census-c01-extract-v1.1.0-20260528T003618Z,C0101,33,625,00000,000000,District - Virudhunagar,urban,other,males,24
census-india-2011,sources/census-2011/c-series/state-mdds/c01-33-tamil-nadu.xls,5766414c82e96d26,census-c01-extract-v1.1.0-20260528T003618Z,C0101,33,625,00000,000000,District - Virudhunagar,urban,other,females,30
census-india-2011,sources/census-2011/c-series/state-mdds/c01-33-tamil-nadu.xls,5766414c82e96d26,census-c01-extract-v1.1.0-20260528T003618Z,C0101,33,625,00000,000000,District - Virudhunagar,urban,not_stated,persons,1645
census-india-2011,sources/census-2011/c-series/state-mdds/c01-33-tamil-nadu.xls,5766414c82e96d26,census-c01-extract-v1.1.0-20260528T003618Z,C0101,33,625,00000,000000,District - Virudhunagar,urban,not_stated,males,806
census-india-2011,sources/census-2011/c-series/state-mdds/c01-33-tamil-nadu.xls,5766414c82e96d26,census-c01-extract-v1.1.0-20260528T003618Z,C0101,33,625,00000,000000,District - Virudhunagar,urban,not_stated,females,839
census-india-2011,sources/census-2011/c-series/state-mdds/c01-33-tamil-nadu.xls,5766414c82e96d26,census-c01-extract-v1.1.0-20260528T003618Z,C0101,33,626,00000,000000,District - Ramanathapuram,total,all,persons,1353445
census-india-2011,sources/census-2011/c-series/state-mdds/c01-33-tamil-nadu.xls,5766414c82e96d26,census-c01-extract-v1.1.0-20260528T003618Z,C0101,33,626,00000,000000,District - Ramanathapuram,total,all,males,682658
census-india-2011,sources/census-2011/c-series/state-mdds/c01-33-tamil-nadu.xls,5766414c82e96d26,census-c01-extract-v1.1.0-20260528T003618Z,C0101,33,626,00000,000000,District - Ramanathapuram,total,all,females,670787
census-india-2011,sources/census-2011/c-series/state-mdds/c01-33-tamil-nadu.xls,5766414c82e96d26,census-c01-extract-v1.1.0-20260528T003618Z,C0101,33,626,00000,000000,District - Ramanathapuram,total,hindu,persons,1047411
census-india-2011,sources/census-2011/c-series/state-mdds/c01-33-tamil-nadu.xls,5766414c82e96d26,census-c01-extract-v1.1.0-20260528T003618Z,C0101,33,626,00000,000000,District - Ramanathapuram,total,hindu,males,529279
census-india-2011,sources/census-2011/c-series/state-mdds/c01-33-tamil-nadu.xls,5766414c82e96d26,census-c01-extract-v1.1.0-20260528T003618Z,C0101,33,626,00000,000000,District - Ramanathapuram,total,hindu,females,518132
census-india-2011,sources/census-2011/c-series/state-mdds/c01-33-tamil-nadu.xls,5766414c82e96d26,census-c01-extract-v1.1.0-20260528T003618Z,C0101,33,626,00000,000000,District - Ramanathapuram,total,muslim,persons,208038
census-india-2011,sources/census-2011/c-series/state-mdds/c01-33-tamil-nadu.xls,5766414c82e96d26,census-c01-extract-v1.1.0-20260528T003618Z,C0101,33,626,00000,000000,District - Ramanathapuram,total,muslim,males,104243
census-india-2011,sources/census-2011/c-series/state-mdds/c01-33-tamil-nadu.xls,5766414c82e96d26,census-c01-extract-v1.1.0-20260528T003618Z,C0101,33,626,00000,000000,District - Ramanathapuram,total,muslim,females,103795
census-india-2011,sources/census-2011/c-series/state-mdds/c01-33-tamil-nadu.xls,5766414c82e96d26,census-c01-extract-v1.1.0-20260528T003618Z,C0101,33,626,00000,000000,District - Ramanathapuram,total,christian,persons,91139
census-india-2011,sources/census-2011/c-series/state-mdds/c01-33-tamil-nadu.xls,5766414c82e96d26,census-c01-extract-v1.1.0-20260528T003618Z,C0101,33,626,00000,000000,District - Ramanathapuram,total,christian,males,45773
census-india-2011,sources/census-2011/c-series/state-mdds/c01-33-tamil-nadu.xls,5766414c82e96d26,census-c01-extract-v1.1.0-20260528T003618Z,C0101,33,626,00000,000000,District - Ramanathapuram,total,christian,females,45366
census-india-2011,sources/census-2011/c-series/state-mdds/c01-33-tamil-nadu.xls,5766414c82e96d26,census-c01-extract-v1.1.0-20260528T003618Z,C0101,33,626,00000,000000,District - Ramanathapuram,total,sikh,persons,154
census-india-2011,sources/census-2011/c-series/state-mdds/c01-33-tamil-nadu.xls,5766414c82e96d26,census-c01-extract-v1.1.0-20260528T003618Z,C0101,33,626,00000,000000,District - Ramanathapuram,total,sikh,males,91
census-india-2011,sources/census-2011/c-series/state-mdds/c01-33-tamil-nadu.xls,5766414c82e96d26,census-c01-extract-v1.1.0-20260528T003618Z,C0101,33,626,00000,000000,District - Ramanathapuram,total,sikh,females,63
census-india-2011,sources/census-2011/c-series/state-mdds/c01-33-tamil-nadu.xls,5766414c82e96d26,census-c01-extract-v1.1.0-20260528T003618Z,C0101,33,626,00000,000000,District - Ramanathapuram,total,buddhist,persons,86
census-india-2011,sources/census-2011/c-series/state-mdds/c01-33-tamil-nadu.xls,5766414c82e96d26,census-c01-extract-v1.1.0-20260528T003618Z,C0101,33,626,00000,000000,District - Ramanathapuram,total,buddhist,males,37
census-india-2011,sources/census-2011/c-series/state-mdds/c01-33-tamil-nadu.xls,5766414c82e96d26,census-c01-extract-v1.1.0-20260528T003618Z,C0101,33,626,00000,000000,District - Ramanathapuram,total,buddhist,females,49
census-india-2011,sources/census-2011/c-series/state-mdds/c01-33-tamil-nadu.xls,5766414c82e96d26,census-c01-extract-v1.1.0-20260528T003618Z,C0101,33,626,00000,000000,District - Ramanathapuram,total,jain,persons,29
census-india-2011,sources/census-2011/c-series/state-mdds/c01-33-tamil-nadu.xls,5766414c82e96d26,census-c01-extract-v1.1.0-20260528T003618Z,C0101,33,626,00000,000000,District - Ramanathapuram,total,jain,males,10
census-india-2011,sources/census-2011/c-series/state-mdds/c01-33-tamil-nadu.xls,5766414c82e96d26,census-c01-extract-v1.1.0-20260528T003618Z,C0101,33,626,00000,000000,District - Ramanathapuram,total,jain,females,19
census-india-2011,sources/census-2011/c-series/state-mdds/c01-33-tamil-nadu.xls,5766414c82e96d26,census-c01-extract-v1.1.0-20260528T003618Z,C0101,33,626,00000,000000,District - Ramanathapuram,total,other,persons,36
census-india-2011,sources/census-2011/c-series/state-mdds/c01-33-tamil-nadu.xls,5766414c82e96d26,census-c01-extract-v1.1.0-20260528T003618Z,C0101,33,626,00000,000000,District - Ramanathapuram,total,other,males,20
census-india-2011,sources/census-2011/c-series/state-mdds/c01-33-tamil-nadu.xls,5766414c82e96d26,census-c01-extract-v1.1.0-20260528T003618Z,C0101,33,626,00000,000000,District - Ramanathapuram,total,other,females,16
census-india-2011,sources/census-2011/c-series/state-mdds/c01-33-tamil-nadu.xls,5766414c82e96d26,census-c01-extract-v1.1.0-20260528T003618Z,C0101,33,626,00000,000000,District - Ramanathapuram,total,not_stated,persons,6552
census-india-2011,sources/census-2011/c-series/state-mdds/c01-33-tamil-nadu.xls,5766414c82e96d26,census-c01-extract-v1.1.0-20260528T003618Z,C0101,33,626,00000,000000,District - Ramanathapuram,total,not_stated,males,3205
census-india-2011,sources/census-2011/c-series/state-mdds/c01-33-tamil-nadu.xls,5766414c82e96d26,census-c01-extract-v1.1.0-20260528T003618Z,C0101,33,626,00000,000000,District - Ramanathapuram,total,not_stated,females,3347
census-india-2011,sources/census-2011/c-series/state-mdds/c01-33-tamil-nadu.xls,5766414c82e96d26,census-c01-extract-v1.1.0-20260528T003618Z,C0101,33,626,00000,000000,District - Ramanathapuram,rural,all,persons,942746
census-india-2011,sources/census-2011/c-series/state-mdds/c01-33-tamil-nadu.xls,5766414c82e96d26,census-c01-extract-v1.1.0-20260528T003618Z,C0101,33,626,00000,000000,District - Ramanathapuram,rural,all,males,474508
census-india-2011,sources/census-2011/c-series/state-mdds/c01-33-tamil-nadu.xls,5766414c82e96d26,census-c01-extract-v1.1.0-20260528T003618Z,C0101,33,626,00000,000000,District - Ramanathapuram,rural,all,females,468238
census-india-2011,sources/census-2011/c-series/state-mdds/c01-33-tamil-nadu.xls,5766414c82e96d26,census-c01-extract-v1.1.0-20260528T003618Z,C0101,33,626,00000,000000,District - Ramanathapuram,rural,hindu,persons,762742
census-india-2011,sources/census-2011/c-series/state-mdds/c01-33-tamil-nadu.xls,5766414c82e96d26,census-c01-extract-v1.1.0-20260528T003618Z,C0101,33,626,00000,000000,District - Ramanathapuram,rural,hindu,males,384564
census-india-2011,sources/census-2011/c-series/state-mdds/c01-33-tamil-nadu.xls,5766414c82e96d26,census-c01-extract-v1.1.0-20260528T003618Z,C0101,33,626,00000,000000,District - Ramanathapuram,rural,hindu,females,378178
census-india-2011,sources/census-2011/c-series/state-mdds/c01-33-tamil-nadu.xls,5766414c82e96d26,census-c01-extract-v1.1.0-20260528T003618Z,C0101,33,626,00000,000000,District - Ramanathapuram,rural,muslim,persons,102936
census-india-2011,sources/census-2011/c-series/state-mdds/c01-33-tamil-nadu.xls,5766414c82e96d26,census-c01-extract-v1.1.0-20260528T003618Z,C0101,33,626,00000,000000,District - Ramanathapuram,rural,muslim,males,51220
census-india-2011,sources/census-2011/c-series/state-mdds/c01-33-tamil-nadu.xls,5766414c82e96d26,census-c01-extract-v1.1.0-20260528T003618Z,C0101,33,626,00000,000000,District - Ramanathapuram,rural,muslim,females,51716
census-india-2011,sources/census-2011/c-series/state-mdds/c01-33-tamil-nadu.xls,5766414c82e96d26,census-c01-extract-v1.1.0-20260528T003618Z,C0101,33,626,00000,000000,District - Ramanathapuram,rural,christian,persons,72426
census-india-2011,sources/census-2011/c-series/state-mdds/c01-33-tamil-nadu.xls,5766414c82e96d26,census-c01-extract-v1.1.0-20260528T003618Z,C0101,33,626,00000,000000,District - Ramanathapuram,rural,christian,males,36467
census-india-2011,sources/census-2011/c-series/state-mdds/c01-33-tamil-nadu.xls,5766414c82e96d26,census-c01-extract-v1.1.0-20260528T003618Z,C0101,33,626,00000,000000,District - Ramanathapuram,rural,christian,females,35959
census-india-2011,sources/census-2011/c-series/state-mdds/c01-33-tamil-nadu.xls,5766414c82e96d26,census-c01-extract-v1.1.0-20260528T003618Z,C0101,33,626,00000,000000,District - Ramanathapuram,rural,sikh,persons,84
census-india-2011,sources/census-2011/c-series/state-mdds/c01-33-tamil-nadu.xls,5766414c82e96d26,census-c01-extract-v1.1.0-20260528T003618Z,C0101,33,626,00000,000000,District - Ramanathapuram,rural,sikh,males,50
census-india-2011,sources/census-2011/c-series/state-mdds/c01-33-tamil-nadu.xls,5766414c82e96d26,census-c01-extract-v1.1.0-20260528T003618Z,C0101,33,626,00000,000000,District - Ramanathapuram,rural,sikh,females,34
census-india-2011,sources/census-2011/c-series/state-mdds/c01-33-tamil-nadu.xls,5766414c82e96d26,census-c01-extract-v1.1.0-20260528T003618Z,C0101,33,626,00000,000000,District - Ramanathapuram,rural,buddhist,persons,72
census-india-2011,sources/census-2011/c-series/state-mdds/c01-33-tamil-nadu.xls,5766414c82e96d26,census-c01-extract-v1.1.0-20260528T003618Z,C0101,33,626,00000,000000,District - Ramanathapuram,rural,buddhist,males,34
census-india-2011,sources/census-2011/c-series/state-mdds/c01-33-tamil-nadu.xls,5766414c82e96d26,census-c01-extract-v1.1.0-20260528T003618Z,C0101,33,626,00000,000000,District - Ramanathapuram,rural,buddhist,females,38
census-india-2011,sources/census-2011/c-series/state-mdds/c01-33-tamil-nadu.xls,5766414c82e96d26,census-c01-extract-v1.1.0-20260528T003618Z,C0101,33,626,00000,000000,District - Ramanathapuram,rural,jain,persons,18
census-india-2011,sources/census-2011/c-series/state-mdds/c01-33-tamil-nadu.xls,5766414c82e96d26,census-c01-extract-v1.1.0-20260528T003618Z,C0101,33,626,00000,000000,District - Ramanathapuram,rural,jain,males,6
census-india-2011,sources/census-2011/c-series/state-mdds/c01-33-tamil-nadu.xls,5766414c82e96d26,census-c01-extract-v1.1.0-20260528T003618Z,C0101,33,626,00000,000000,District - Ramanathapuram,rural,jain,females,12
census-india-2011,sources/census-2011/c-series/state-mdds/c01-33-tamil-nadu.xls,5766414c82e96d26,census-c01-extract-v1.1.0-20260528T003618Z,C0101,33,626,00000,000000,District - Ramanathapuram,rural,other,persons,19
census-india-2011,sources/census-2011/c-series/state-mdds/c01-33-tamil-nadu.xls,5766414c82e96d26,census-c01-extract-v1.1.0-20260528T003618Z,C0101,33,626,00000,000000,District - Ramanathapuram,rural,other,males,11
census-india-2011,sources/census-2011/c-series/state-mdds/c01-33-tamil-nadu.xls,5766414c82e96d26,census-c01-extract-v1.1.0-20260528T003618Z,C0101,33,626,00000,000000,District - Ramanathapuram,rural,other,females,8
census-india-2011,sources/census-2011/c-series/state-mdds/c01-33-tamil-nadu.xls,5766414c82e96d26,census-c01-extract-v1.1.0-20260528T003618Z,C0101,33,626,00000,000000,District - Ramanathapuram,rural,not_stated,persons,4449
census-india-2011,sources/census-2011/c-series/state-mdds/c01-33-tamil-nadu.xls,5766414c82e96d26,census-c01-extract-v1.1.0-20260528T003618Z,C0101,33,626,00000,000000,District - Ramanathapuram,rural,not_stated,males,2156
census-india-2011,sources/census-2011/c-series/state-mdds/c01-33-tamil-nadu.xls,5766414c82e96d26,census-c01-extract-v1.1.0-20260528T003618Z,C0101,33,626,00000,000000,District - Ramanathapuram,rural,not_stated,females,2293
census-india-2011,sources/census-2011/c-series/state-mdds/c01-33-tamil-nadu.xls,5766414c82e96d26,census-c01-extract-v1.1.0-20260528T003618Z,C0101,33,626,00000,000000,District - Ramanathapuram,urban,all,persons,410699
census-india-2011,sources/census-2011/c-series/state-mdds/c01-33-tamil-nadu.xls,5766414c82e96d26,census-c01-extract-v1.1.0-20260528T003618Z,C0101,33,626,00000,000000,District - Ramanathapuram,urban,all,males,208150
census-india-2011,sources/census-2011/c-series/state-mdds/c01-33-tamil-nadu.xls,5766414c82e96d26,census-c01-extract-v1.1.0-20260528T003618Z,C0101,33,626,00000,000000,District - Ramanathapuram,urban,all,females,202549
census-india-2011,sources/census-2011/c-series/state-mdds/c01-33-tamil-nadu.xls,5766414c82e96d26,census-c01-extract-v1.1.0-20260528T003618Z,C0101,33,626,00000,000000,District - Ramanathapuram,urban,hindu,persons,284669
census-india-2011,sources/census-2011/c-series/state-mdds/c01-33-tamil-nadu.xls,5766414c82e96d26,census-c01-extract-v1.1.0-20260528T003618Z,C0101,33,626,00000,000000,District - Ramanathapuram,urban,hindu,males,144715
census-india-2011,sources/census-2011/c-series/state-mdds/c01-33-tamil-nadu.xls,5766414c82e96d26,census-c01-extract-v1.1.0-20260528T003618Z,C0101,33,626,00000,000000,District - Ramanathapuram,urban,hindu,females,139954
census-india-2011,sources/census-2011/c-series/state-mdds/c01-33-tamil-nadu.xls,5766414c82e96d26,census-c01-extract-v1.1.0-20260528T003618Z,C0101,33,626,00000,000000,District - Ramanathapuram,urban,muslim,persons,105102
census-india-2011,sources/census-2011/c-series/state-mdds/c01-33-tamil-nadu.xls,5766414c82e96d26,census-c01-extract-v1.1.0-20260528T003618Z,C0101,33,626,00000,000000,District - Ramanathapuram,urban,muslim,males,53023
census-india-2011,sources/census-2011/c-series/state-mdds/c01-33-tamil-nadu.xls,5766414c82e96d26,census-c01-extract-v1.1.0-20260528T003618Z,C0101,33,626,00000,000000,District - Ramanathapuram,urban,muslim,females,52079
census-india-2011,sources/census-2011/c-series/state-mdds/c01-33-tamil-nadu.xls,5766414c82e96d26,census-c01-extract-v1.1.0-20260528T003618Z,C0101,33,626,00000,000000,District - Ramanathapuram,urban,christian,persons,18713
census-india-2011,sources/census-2011/c-series/state-mdds/c01-33-tamil-nadu.xls,5766414c82e96d26,census-c01-extract-v1.1.0-20260528T003618Z,C0101,33,626,00000,000000,District - Ramanathapuram,urban,christian,males,9306
census-india-2011,sources/census-2011/c-series/state-mdds/c01-33-tamil-nadu.xls,5766414c82e96d26,census-c01-extract-v1.1.0-20260528T003618Z,C0101,33,626,00000,000000,District - Ramanathapuram,urban,christian,females,9407
census-india-2011,sources/census-2011/c-series/state-mdds/c01-33-tamil-nadu.xls,5766414c82e96d26,census-c01-extract-v1.1.0-20260528T003618Z,C0101,33,626,00000,000000,District - Ramanathapuram,urban,sikh,persons,70
census-india-2011,sources/census-2011/c-series/state-mdds/c01-33-tamil-nadu.xls,5766414c82e96d26,census-c01-extract-v1.1.0-20260528T003618Z,C0101,33,626,00000,000000,District - Ramanathapuram,urban,sikh,males,41
census-india-2011,sources/census-2011/c-series/state-mdds/c01-33-tamil-nadu.xls,5766414c82e96d26,census-c01-extract-v1.1.0-20260528T003618Z,C0101,33,626,00000,000000,District - Ramanathapuram,urban,sikh,females,29
census-india-2011,sources/census-2011/c-series/state-mdds/c01-33-tamil-nadu.xls,5766414c82e96d26,census-c01-extract-v1.1.0-20260528T003618Z,C0101,33,626,00000,000000,District - Ramanathapuram,urban,buddhist,persons,14
census-india-2011,sources/census-2011/c-series/state-mdds/c01-33-tamil-nadu.xls,5766414c82e96d26,census-c01-extract-v1.1.0-20260528T003618Z,C0101,33,626,00000,000000,District - Ramanathapuram,urban,buddhist,males,3
census-india-2011,sources/census-2011/c-series/state-mdds/c01-33-tamil-nadu.xls,5766414c82e96d26,census-c01-extract-v1.1.0-20260528T003618Z,C0101,33,626,00000,000000,District - Ramanathapuram,urban,buddhist,females,11
census-india-2011,sources/census-2011/c-series/state-mdds/c01-33-tamil-nadu.xls,5766414c82e96d26,census-c01-extract-v1.1.0-20260528T003618Z,C0101,33,626,00000,000000,District - Ramanathapuram,urban,jain,persons,11
census-india-2011,sources/census-2011/c-series/state-mdds/c01-33-tamil-nadu.xls,5766414c82e96d26,census-c01-extract-v1.1.0-20260528T003618Z,C0101,33,626,00000,000000,District - Ramanathapuram,urban,jain,males,4
census-india-2011,sources/census-2011/c-series/state-mdds/c01-33-tamil-nadu.xls,5766414c82e96d26,census-c01-extract-v1.1.0-20260528T003618Z,C0101,33,626,00000,000000,District - Ramanathapuram,urban,jain,females,7
census-india-2011,sources/census-2011/c-series/state-mdds/c01-33-tamil-nadu.xls,5766414c82e96d26,census-c01-extract-v1.1.0-20260528T003618Z,C0101,33,626,00000,000000,District - Ramanathapuram,urban,other,persons,17
census-india-2011,sources/census-2011/c-series/state-mdds/c01-33-tamil-nadu.xls,5766414c82e96d26,census-c01-extract-v1.1.0-20260528T003618Z,C0101,33,626,00000,000000,District - Ramanathapuram,urban,other,males,9
census-india-2011,sources/census-2011/c-series/state-mdds/c01-33-tamil-nadu.xls,5766414c82e96d26,census-c01-extract-v1.1.0-20260528T003618Z,C0101,33,626,00000,000000,District - Ramanathapuram,urban,other,females,8
census-india-2011,sources/census-2011/c-series/state-mdds/c01-33-tamil-nadu.xls,5766414c82e96d26,census-c01-extract-v1.1.0-20260528T003618Z,C0101,33,626,00000,000000,District - Ramanathapuram,urban,not_stated,persons,2103
census-india-2011,sources/census-2011/c-series/state-mdds/c01-33-tamil-nadu.xls,5766414c82e96d26,census-c01-extract-v1.1.0-20260528T003618Z,C0101,33,626,00000,000000,District - Ramanathapuram,urban,not_stated,males,1049
census-india-2011,sources/census-2011/c-series/state-mdds/c01-33-tamil-nadu.xls,5766414c82e96d26,census-c01-extract-v1.1.0-20260528T003618Z,C0101,33,626,00000,000000,District - Ramanathapuram,urban,not_stated,females,1054
census-india-2011,sources/census-2011/c-series/state-mdds/c01-33-tamil-nadu.xls,5766414c82e96d26,census-c01-extract-v1.1.0-20260528T003618Z,C0101,33,627,00000,000000,District - Thoothukkudi,total,all,persons,1750176
census-india-2011,sources/census-2011/c-series/state-mdds/c01-33-tamil-nadu.xls,5766414c82e96d26,census-c01-extract-v1.1.0-20260528T003618Z,C0101,33,627,00000,000000,District - Thoothukkudi,total,all,males,865021
census-india-2011,sources/census-2011/c-series/state-mdds/c01-33-tamil-nadu.xls,5766414c82e96d26,census-c01-extract-v1.1.0-20260528T003618Z,C0101,33,627,00000,000000,District - Thoothukkudi,total,all,females,885155
census-india-2011,sources/census-2011/c-series/state-mdds/c01-33-tamil-nadu.xls,5766414c82e96d26,census-c01-extract-v1.1.0-20260528T003618Z,C0101,33,627,00000,000000,District - Thoothukkudi,total,hindu,persons,1373920
census-india-2011,sources/census-2011/c-series/state-mdds/c01-33-tamil-nadu.xls,5766414c82e96d26,census-c01-extract-v1.1.0-20260528T003618Z,C0101,33,627,00000,000000,District - Thoothukkudi,total,hindu,males,680881
census-india-2011,sources/census-2011/c-series/state-mdds/c01-33-tamil-nadu.xls,5766414c82e96d26,census-c01-extract-v1.1.0-20260528T003618Z,C0101,33,627,00000,000000,District - Thoothukkudi,total,hindu,females,693039
census-india-2011,sources/census-2011/c-series/state-mdds/c01-33-tamil-nadu.xls,5766414c82e96d26,census-c01-extract-v1.1.0-20260528T003618Z,C0101,33,627,00000,000000,District - Thoothukkudi,total,muslim,persons,80740
census-india-2011,sources/census-2011/c-series/state-mdds/c01-33-tamil-nadu.xls,5766414c82e96d26,census-c01-extract-v1.1.0-20260528T003618Z,C0101,33,627,00000,000000,District - Thoothukkudi,total,muslim,males,38970
census-india-2011,sources/census-2011/c-series/state-mdds/c01-33-tamil-nadu.xls,5766414c82e96d26,census-c01-extract-v1.1.0-20260528T003618Z,C0101,33,627,00000,000000,District - Thoothukkudi,total,muslim,females,41770
census-india-2011,sources/census-2011/c-series/state-mdds/c01-33-tamil-nadu.xls,5766414c82e96d26,census-c01-extract-v1.1.0-20260528T003618Z,C0101,33,627,00000,000000,District - Thoothukkudi,total,christian,persons,291908
census-india-2011,sources/census-2011/c-series/state-mdds/c01-33-tamil-nadu.xls,5766414c82e96d26,census-c01-extract-v1.1.0-20260528T003618Z,C0101,33,627,00000,000000,District - Thoothukkudi,total,christian,males,143462
census-india-2011,sources/census-2011/c-series/state-mdds/c01-33-tamil-nadu.xls,5766414c82e96d26,census-c01-extract-v1.1.0-20260528T003618Z,C0101,33,627,00000,000000,District - Thoothukkudi,total,christian,females,148446
census-india-2011,sources/census-2011/c-series/state-mdds/c01-33-tamil-nadu.xls,5766414c82e96d26,census-c01-extract-v1.1.0-20260528T003618Z,C0101,33,627,00000,000000,District - Thoothukkudi,total,sikh,persons,127
census-india-2011,sources/census-2011/c-series/state-mdds/c01-33-tamil-nadu.xls,5766414c82e96d26,census-c01-extract-v1.1.0-20260528T003618Z,C0101,33,627,00000,000000,District - Thoothukkudi,total,sikh,males,73
census-india-2011,sources/census-2011/c-series/state-mdds/c01-33-tamil-nadu.xls,5766414c82e96d26,census-c01-extract-v1.1.0-20260528T003618Z,C0101,33,627,00000,000000,District - Thoothukkudi,total,sikh,females,54
census-india-2011,sources/census-2011/c-series/state-mdds/c01-33-tamil-nadu.xls,5766414c82e96d26,census-c01-extract-v1.1.0-20260528T003618Z,C0101,33,627,00000,000000,District - Thoothukkudi,total,buddhist,persons,286
census-india-2011,sources/census-2011/c-series/state-mdds/c01-33-tamil-nadu.xls,5766414c82e96d26,census-c01-extract-v1.1.0-20260528T003618Z,C0101,33,627,00000,000000,District - Thoothukkudi,total,buddhist,males,161
census-india-2011,sources/census-2011/c-series/state-mdds/c01-33-tamil-nadu.xls,5766414c82e96d26,census-c01-extract-v1.1.0-20260528T003618Z,C0101,33,627,00000,000000,District - Thoothukkudi,total,buddhist,females,125
census-india-2011,sources/census-2011/c-series/state-mdds/c01-33-tamil-nadu.xls,5766414c82e96d26,census-c01-extract-v1.1.0-20260528T003618Z,C0101,33,627,00000,000000,District - Thoothukkudi,total,jain,persons,53
census-india-2011,sources/census-2011/c-series/state-mdds/c01-33-tamil-nadu.xls,5766414c82e96d26,census-c01-extract-v1.1.0-20260528T003618Z,C0101,33,627,00000,000000,District - Thoothukkudi,total,jain,males,30
census-india-2011,sources/census-2011/c-series/state-mdds/c01-33-tamil-nadu.xls,5766414c82e96d26,census-c01-extract-v1.1.0-20260528T003618Z,C0101,33,627,00000,000000,District - Thoothukkudi,total,jain,females,23
census-india-2011,sources/census-2011/c-series/state-mdds/c01-33-tamil-nadu.xls,5766414c82e96d26,census-c01-extract-v1.1.0-20260528T003618Z,C0101,33,627,00000,000000,District - Thoothukkudi,total,other,persons,112
census-india-2011,sources/census-2011/c-series/state-mdds/c01-33-tamil-nadu.xls,5766414c82e96d26,census-c01-extract-v1.1.0-20260528T003618Z,C0101,33,627,00000,000000,District - Thoothukkudi,total,other,males,85
census-india-2011,sources/census-2011/c-series/state-mdds/c01-33-tamil-nadu.xls,5766414c82e96d26,census-c01-extract-v1.1.0-20260528T003618Z,C0101,33,627,00000,000000,District - Thoothukkudi,total,other,females,27
census-india-2011,sources/census-2011/c-series/state-mdds/c01-33-tamil-nadu.xls,5766414c82e96d26,census-c01-extract-v1.1.0-20260528T003618Z,C0101,33,627,00000,000000,District - Thoothukkudi,total,not_stated,persons,3030
census-india-2011,sources/census-2011/c-series/state-mdds/c01-33-tamil-nadu.xls,5766414c82e96d26,census-c01-extract-v1.1.0-20260528T003618Z,C0101,33,627,00000,000000,District - Thoothukkudi,total,not_stated,males,1359
census-india-2011,sources/census-2011/c-series/state-mdds/c01-33-tamil-nadu.xls,5766414c82e96d26,census-c01-extract-v1.1.0-20260528T003618Z,C0101,33,627,00000,000000,District - Thoothukkudi,total,not_stated,females,1671
census-india-2011,sources/census-2011/c-series/state-mdds/c01-33-tamil-nadu.xls,5766414c82e96d26,census-c01-extract-v1.1.0-20260528T003618Z,C0101,33,627,00000,000000,District - Thoothukkudi,rural,all,persons,873374
census-india-2011,sources/census-2011/c-series/state-mdds/c01-33-tamil-nadu.xls,5766414c82e96d26,census-c01-extract-v1.1.0-20260528T003618Z,C0101,33,627,00000,000000,District - Thoothukkudi,rural,all,males,430361
census-india-2011,sources/census-2011/c-series/state-mdds/c01-33-tamil-nadu.xls,5766414c82e96d26,census-c01-extract-v1.1.0-20260528T003618Z,C0101,33,627,00000,000000,District - Thoothukkudi,rural,all,females,443013
census-india-2011,sources/census-2011/c-series/state-mdds/c01-33-tamil-nadu.xls,5766414c82e96d26,census-c01-extract-v1.1.0-20260528T003618Z,C0101,33,627,00000,000000,District - Thoothukkudi,rural,hindu,persons,718081
census-india-2011,sources/census-2011/c-series/state-mdds/c01-33-tamil-nadu.xls,5766414c82e96d26,census-c01-extract-v1.1.0-20260528T003618Z,C0101,33,627,00000,000000,District - Thoothukkudi,rural,hindu,males,354666
census-india-2011,sources/census-2011/c-series/state-mdds/c01-33-tamil-nadu.xls,5766414c82e96d26,census-c01-extract-v1.1.0-20260528T003618Z,C0101,33,627,00000,000000,District - Thoothukkudi,rural,hindu,females,363415
census-india-2011,sources/census-2011/c-series/state-mdds/c01-33-tamil-nadu.xls,5766414c82e96d26,census-c01-extract-v1.1.0-20260528T003618Z,C0101,33,627,00000,000000,District - Thoothukkudi,rural,muslim,persons,22277
census-india-2011,sources/census-2011/c-series/state-mdds/c01-33-tamil-nadu.xls,5766414c82e96d26,census-c01-extract-v1.1.0-20260528T003618Z,C0101,33,627,00000,000000,District - Thoothukkudi,rural,muslim,males,10705
census-india-2011,sources/census-2011/c-series/state-mdds/c01-33-tamil-nadu.xls,5766414c82e96d26,census-c01-extract-v1.1.0-20260528T003618Z,C0101,33,627,00000,000000,District - Thoothukkudi,rural,muslim,females,11572
census-india-2011,sources/census-2011/c-series/state-mdds/c01-33-tamil-nadu.xls,5766414c82e96d26,census-c01-extract-v1.1.0-20260528T003618Z,C0101,33,627,00000,000000,District - Thoothukkudi,rural,christian,persons,131124
census-india-2011,sources/census-2011/c-series/state-mdds/c01-33-tamil-nadu.xls,5766414c82e96d26,census-c01-extract-v1.1.0-20260528T003618Z,C0101,33,627,00000,000000,District - Thoothukkudi,rural,christian,males,64101
census-india-2011,sources/census-2011/c-series/state-mdds/c01-33-tamil-nadu.xls,5766414c82e96d26,census-c01-extract-v1.1.0-20260528T003618Z,C0101,33,627,00000,000000,District - Thoothukkudi,rural,christian,females,67023
census-india-2011,sources/census-2011/c-series/state-mdds/c01-33-tamil-nadu.xls,5766414c82e96d26,census-c01-extract-v1.1.0-20260528T003618Z,C0101,33,627,00000,000000,District - Thoothukkudi,rural,sikh,persons,65
census-india-2011,sources/census-2011/c-series/state-mdds/c01-33-tamil-nadu.xls,5766414c82e96d26,census-c01-extract-v1.1.0-20260528T003618Z,C0101,33,627,00000,000000,District - Thoothukkudi,rural,sikh,males,31
census-india-2011,sources/census-2011/c-series/state-mdds/c01-33-tamil-nadu.xls,5766414c82e96d26,census-c01-extract-v1.1.0-20260528T003618Z,C0101,33,627,00000,000000,District - Thoothukkudi,rural,sikh,females,34
census-india-2011,sources/census-2011/c-series/state-mdds/c01-33-tamil-nadu.xls,5766414c82e96d26,census-c01-extract-v1.1.0-20260528T003618Z,C0101,33,627,00000,000000,District - Thoothukkudi,rural,buddhist,persons,108
census-india-2011,sources/census-2011/c-series/state-mdds/c01-33-tamil-nadu.xls,5766414c82e96d26,census-c01-extract-v1.1.0-20260528T003618Z,C0101,33,627,00000,000000,District - Thoothukkudi,rural,buddhist,males,62
census-india-2011,sources/census-2011/c-series/state-mdds/c01-33-tamil-nadu.xls,5766414c82e96d26,census-c01-extract-v1.1.0-20260528T003618Z,C0101,33,627,00000,000000,District - Thoothukkudi,rural,buddhist,females,46
census-india-2011,sources/census-2011/c-series/state-mdds/c01-33-tamil-nadu.xls,5766414c82e96d26,census-c01-extract-v1.1.0-20260528T003618Z,C0101,33,627,00000,000000,District - Thoothukkudi,rural,jain,persons,18
census-india-2011,sources/census-2011/c-series/state-mdds/c01-33-tamil-nadu.xls,5766414c82e96d26,census-c01-extract-v1.1.0-20260528T003618Z,C0101,33,627,00000,000000,District - Thoothukkudi,rural,jain,males,11
census-india-2011,sources/census-2011/c-series/state-mdds/c01-33-tamil-nadu.xls,5766414c82e96d26,census-c01-extract-v1.1.0-20260528T003618Z,C0101,33,627,00000,000000,District - Thoothukkudi,rural,jain,females,7
census-india-2011,sources/census-2011/c-series/state-mdds/c01-33-tamil-nadu.xls,5766414c82e96d26,census-c01-extract-v1.1.0-20260528T003618Z,C0101,33,627,00000,000000,District - Thoothukkudi,rural,other,persons,14
census-india-2011,sources/census-2011/c-series/state-mdds/c01-33-tamil-nadu.xls,5766414c82e96d26,census-c01-extract-v1.1.0-20260528T003618Z,C0101,33,627,00000,000000,District - Thoothukkudi,rural,other,males,5
census-india-2011,sources/census-2011/c-series/state-mdds/c01-33-tamil-nadu.xls,5766414c82e96d26,census-c01-extract-v1.1.0-20260528T003618Z,C0101,33,627,00000,000000,District - Thoothukkudi,rural,other,females,9
census-india-2011,sources/census-2011/c-series/state-mdds/c01-33-tamil-nadu.xls,5766414c82e96d26,census-c01-extract-v1.1.0-20260528T003618Z,C0101,33,627,00000,000000,District - Thoothukkudi,rural,not_stated,persons,1687
census-india-2011,sources/census-2011/c-series/state-mdds/c01-33-tamil-nadu.xls,5766414c82e96d26,census-c01-extract-v1.1.0-20260528T003618Z,C0101,33,627,00000,000000,District - Thoothukkudi,rural,not_stated,males,780
census-india-2011,sources/census-2011/c-series/state-mdds/c01-33-tamil-nadu.xls,5766414c82e96d26,census-c01-extract-v1.1.0-20260528T003618Z,C0101,33,627,00000,000000,District - Thoothukkudi,rural,not_stated,females,907
census-india-2011,sources/census-2011/c-series/state-mdds/c01-33-tamil-nadu.xls,5766414c82e96d26,census-c01-extract-v1.1.0-20260528T003618Z,C0101,33,627,00000,000000,District - Thoothukkudi,urban,all,persons,876802
census-india-2011,sources/census-2011/c-series/state-mdds/c01-33-tamil-nadu.xls,5766414c82e96d26,census-c01-extract-v1.1.0-20260528T003618Z,C0101,33,627,00000,000000,District - Thoothukkudi,urban,all,males,434660
census-india-2011,sources/census-2011/c-series/state-mdds/c01-33-tamil-nadu.xls,5766414c82e96d26,census-c01-extract-v1.1.0-20260528T003618Z,C0101,33,627,00000,000000,District - Thoothukkudi,urban,all,females,442142
census-india-2011,sources/census-2011/c-series/state-mdds/c01-33-tamil-nadu.xls,5766414c82e96d26,census-c01-extract-v1.1.0-20260528T003618Z,C0101,33,627,00000,000000,District - Thoothukkudi,urban,hindu,persons,655839
census-india-2011,sources/census-2011/c-series/state-mdds/c01-33-tamil-nadu.xls,5766414c82e96d26,census-c01-extract-v1.1.0-20260528T003618Z,C0101,33,627,00000,000000,District - Thoothukkudi,urban,hindu,males,326215
census-india-2011,sources/census-2011/c-series/state-mdds/c01-33-tamil-nadu.xls,5766414c82e96d26,census-c01-extract-v1.1.0-20260528T003618Z,C0101,33,627,00000,000000,District - Thoothukkudi,urban,hindu,females,329624
census-india-2011,sources/census-2011/c-series/state-mdds/c01-33-tamil-nadu.xls,5766414c82e96d26,census-c01-extract-v1.1.0-20260528T003618Z,C0101,33,627,00000,000000,District - Thoothukkudi,urban,muslim,persons,58463
census-india-2011,sources/census-2011/c-series/state-mdds/c01-33-tamil-nadu.xls,5766414c82e96d26,census-c01-extract-v1.1.0-20260528T003618Z,C0101,33,627,00000,000000,District - Thoothukkudi,urban,muslim,males,28265
census-india-2011,sources/census-2011/c-series/state-mdds/c01-33-tamil-nadu.xls,5766414c82e96d26,census-c01-extract-v1.1.0-20260528T003618Z,C0101,33,627,00000,000000,District - Thoothukkudi,urban,muslim,females,30198
census-india-2011,sources/census-2011/c-series/state-mdds/c01-33-tamil-nadu.xls,5766414c82e96d26,census-c01-extract-v1.1.0-20260528T003618Z,C0101,33,627,00000,000000,District - Thoothukkudi,urban,christian,persons,160784
census-india-2011,sources/census-2011/c-series/state-mdds/c01-33-tamil-nadu.xls,5766414c82e96d26,census-c01-extract-v1.1.0-20260528T003618Z,C0101,33,627,00000,000000,District - Thoothukkudi,urban,christian,males,79361
census-india-2011,sources/census-2011/c-series/state-mdds/c01-33-tamil-nadu.xls,5766414c82e96d26,census-c01-extract-v1.1.0-20260528T003618Z,C0101,33,627,00000,000000,District - Thoothukkudi,urban,christian,females,81423
census-india-2011,sources/census-2011/c-series/state-mdds/c01-33-tamil-nadu.xls,5766414c82e96d26,census-c01-extract-v1.1.0-20260528T003618Z,C0101,33,627,00000,000000,District - Thoothukkudi,urban,sikh,persons,62
census-india-2011,sources/census-2011/c-series/state-mdds/c01-33-tamil-nadu.xls,5766414c82e96d26,census-c01-extract-v1.1.0-20260528T003618Z,C0101,33,627,00000,000000,District - Thoothukkudi,urban,sikh,males,42
census-india-2011,sources/census-2011/c-series/state-mdds/c01-33-tamil-nadu.xls,5766414c82e96d26,census-c01-extract-v1.1.0-20260528T003618Z,C0101,33,627,00000,000000,District - Thoothukkudi,urban,sikh,females,20
census-india-2011,sources/census-2011/c-series/state-mdds/c01-33-tamil-nadu.xls,5766414c82e96d26,census-c01-extract-v1.1.0-20260528T003618Z,C0101,33,627,00000,000000,District - Thoothukkudi,urban,buddhist,persons,178
census-india-2011,sources/census-2011/c-series/state-mdds/c01-33-tamil-nadu.xls,5766414c82e96d26,census-c01-extract-v1.1.0-20260528T003618Z,C0101,33,627,00000,000000,District - Thoothukkudi,urban,buddhist,males,99
census-india-2011,sources/census-2011/c-series/state-mdds/c01-33-tamil-nadu.xls,5766414c82e96d26,census-c01-extract-v1.1.0-20260528T003618Z,C0101,33,627,00000,000000,District - Thoothukkudi,urban,buddhist,females,79
census-india-2011,sources/census-2011/c-series/state-mdds/c01-33-tamil-nadu.xls,5766414c82e96d26,census-c01-extract-v1.1.0-20260528T003618Z,C0101,33,627,00000,000000,District - Thoothukkudi,urban,jain,persons,35
census-india-2011,sources/census-2011/c-series/state-mdds/c01-33-tamil-nadu.xls,5766414c82e96d26,census-c01-extract-v1.1.0-20260528T003618Z,C0101,33,627,00000,000000,District - Thoothukkudi,urban,jain,males,19
census-india-2011,sources/census-2011/c-series/state-mdds/c01-33-tamil-nadu.xls,5766414c82e96d26,census-c01-extract-v1.1.0-20260528T003618Z,C0101,33,627,00000,000000,District - Thoothukkudi,urban,jain,females,16
census-india-2011,sources/census-2011/c-series/state-mdds/c01-33-tamil-nadu.xls,5766414c82e96d26,census-c01-extract-v1.1.0-20260528T003618Z,C0101,33,627,00000,000000,District - Thoothukkudi,urban,other,persons,98
census-india-2011,sources/census-2011/c-series/state-mdds/c01-33-tamil-nadu.xls,5766414c82e96d26,census-c01-extract-v1.1.0-20260528T003618Z,C0101,33,627,00000,000000,District - Thoothukkudi,urban,other,males,80
census-india-2011,sources/census-2011/c-series/state-mdds/c01-33-tamil-nadu.xls,5766414c82e96d26,census-c01-extract-v1.1.0-20260528T003618Z,C0101,33,627,00000,000000,District - Thoothukkudi,urban,other,females,18
census-india-2011,sources/census-2011/c-series/state-mdds/c01-33-tamil-nadu.xls,5766414c82e96d26,census-c01-extract-v1.1.0-20260528T003618Z,C0101,33,627,00000,000000,District - Thoothukkudi,urban,not_stated,persons,1343
census-india-2011,sources/census-2011/c-series/state-mdds/c01-33-tamil-nadu.xls,5766414c82e96d26,census-c01-extract-v1.1.0-20260528T003618Z,C0101,33,627,00000,000000,District - Thoothukkudi,urban,not_stated,males,579
census-india-2011,sources/census-2011/c-series/state-mdds/c01-33-tamil-nadu.xls,5766414c82e96d26,census-c01-extract-v1.1.0-20260528T003618Z,C0101,33,627,00000,000000,District - Thoothukkudi,urban,not_stated,females,764
census-india-2011,sources/census-2011/c-series/state-mdds/c01-33-tamil-nadu.xls,5766414c82e96d26,census-c01-extract-v1.1.0-20260528T003618Z,C0101,33,628,00000,000000,District - Tirunelveli,total,all,persons,3077233
census-india-2011,sources/census-2011/c-series/state-mdds/c01-33-tamil-nadu.xls,5766414c82e96d26,census-c01-extract-v1.1.0-20260528T003618Z,C0101,33,628,00000,000000,District - Tirunelveli,total,all,males,1520912
census-india-2011,sources/census-2011/c-series/state-mdds/c01-33-tamil-nadu.xls,5766414c82e96d26,census-c01-extract-v1.1.0-20260528T003618Z,C0101,33,628,00000,000000,District - Tirunelveli,total,all,females,1556321
census-india-2011,sources/census-2011/c-series/state-mdds/c01-33-tamil-nadu.xls,5766414c82e96d26,census-c01-extract-v1.1.0-20260528T003618Z,C0101,33,628,00000,000000,District - Tirunelveli,total,hindu,persons,2425630
census-india-2011,sources/census-2011/c-series/state-mdds/c01-33-tamil-nadu.xls,5766414c82e96d26,census-c01-extract-v1.1.0-20260528T003618Z,C0101,33,628,00000,000000,District - Tirunelveli,total,hindu,males,1199635
census-india-2011,sources/census-2011/c-series/state-mdds/c01-33-tamil-nadu.xls,5766414c82e96d26,census-c01-extract-v1.1.0-20260528T003618Z,C0101,33,628,00000,000000,District - Tirunelveli,total,hindu,females,1225995
census-india-2011,sources/census-2011/c-series/state-mdds/c01-33-tamil-nadu.xls,5766414c82e96d26,census-c01-extract-v1.1.0-20260528T003618Z,C0101,33,628,00000,000000,District - Tirunelveli,total,muslim,persons,303368
census-india-2011,sources/census-2011/c-series/state-mdds/c01-33-tamil-nadu.xls,5766414c82e96d26,census-c01-extract-v1.1.0-20260528T003618Z,C0101,33,628,00000,000000,District - Tirunelveli,total,muslim,males,151056
census-india-2011,sources/census-2011/c-series/state-mdds/c01-33-tamil-nadu.xls,5766414c82e96d26,census-c01-extract-v1.1.0-20260528T003618Z,C0101,33,628,00000,000000,District - Tirunelveli,total,muslim,females,152312
census-india-2011,sources/census-2011/c-series/state-mdds/c01-33-tamil-nadu.xls,5766414c82e96d26,census-c01-extract-v1.1.0-20260528T003618Z,C0101,33,628,00000,000000,District - Tirunelveli,total,christian,persons,342254
census-india-2011,sources/census-2011/c-series/state-mdds/c01-33-tamil-nadu.xls,5766414c82e96d26,census-c01-extract-v1.1.0-20260528T003618Z,C0101,33,628,00000,000000,District - Tirunelveli,total,christian,males,167247
census-india-2011,sources/census-2011/c-series/state-mdds/c01-33-tamil-nadu.xls,5766414c82e96d26,census-c01-extract-v1.1.0-20260528T003618Z,C0101,33,628,00000,000000,District - Tirunelveli,total,christian,females,175007
census-india-2011,sources/census-2011/c-series/state-mdds/c01-33-tamil-nadu.xls,5766414c82e96d26,census-c01-extract-v1.1.0-20260528T003618Z,C0101,33,628,00000,000000,District - Tirunelveli,total,sikh,persons,268
census-india-2011,sources/census-2011/c-series/state-mdds/c01-33-tamil-nadu.xls,5766414c82e96d26,census-c01-extract-v1.1.0-20260528T003618Z,C0101,33,628,00000,000000,District - Tirunelveli,total,sikh,males,129
census-india-2011,sources/census-2011/c-series/state-mdds/c01-33-tamil-nadu.xls,5766414c82e96d26,census-c01-extract-v1.1.0-20260528T003618Z,C0101,33,628,00000,000000,District - Tirunelveli,total,sikh,females,139
census-india-2011,sources/census-2011/c-series/state-mdds/c01-33-tamil-nadu.xls,5766414c82e96d26,census-c01-extract-v1.1.0-20260528T003618Z,C0101,33,628,00000,000000,District - Tirunelveli,total,buddhist,persons,373
census-india-2011,sources/census-2011/c-series/state-mdds/c01-33-tamil-nadu.xls,5766414c82e96d26,census-c01-extract-v1.1.0-20260528T003618Z,C0101,33,628,00000,000000,District - Tirunelveli,total,buddhist,males,197
census-india-2011,sources/census-2011/c-series/state-mdds/c01-33-tamil-nadu.xls,5766414c82e96d26,census-c01-extract-v1.1.0-20260528T003618Z,C0101,33,628,00000,000000,District - Tirunelveli,total,buddhist,females,176
census-india-2011,sources/census-2011/c-series/state-mdds/c01-33-tamil-nadu.xls,5766414c82e96d26,census-c01-extract-v1.1.0-20260528T003618Z,C0101,33,628,00000,000000,District - Tirunelveli,total,jain,persons,144
census-india-2011,sources/census-2011/c-series/state-mdds/c01-33-tamil-nadu.xls,5766414c82e96d26,census-c01-extract-v1.1.0-20260528T003618Z,C0101,33,628,00000,000000,District - Tirunelveli,total,jain,males,83
census-india-2011,sources/census-2011/c-series/state-mdds/c01-33-tamil-nadu.xls,5766414c82e96d26,census-c01-extract-v1.1.0-20260528T003618Z,C0101,33,628,00000,000000,District - Tirunelveli,total,jain,females,61
census-india-2011,sources/census-2011/c-series/state-mdds/c01-33-tamil-nadu.xls,5766414c82e96d26,census-c01-extract-v1.1.0-20260528T003618Z,C0101,33,628,00000,000000,District - Tirunelveli,total,other,persons,450
census-india-2011,sources/census-2011/c-series/state-mdds/c01-33-tamil-nadu.xls,5766414c82e96d26,census-c01-extract-v1.1.0-20260528T003618Z,C0101,33,628,00000,000000,District - Tirunelveli,total,other,males,182
census-india-2011,sources/census-2011/c-series/state-mdds/c01-33-tamil-nadu.xls,5766414c82e96d26,census-c01-extract-v1.1.0-20260528T003618Z,C0101,33,628,00000,000000,District - Tirunelveli,total,other,females,268
census-india-2011,sources/census-2011/c-series/state-mdds/c01-33-tamil-nadu.xls,5766414c82e96d26,census-c01-extract-v1.1.0-20260528T003618Z,C0101,33,628,00000,000000,District - Tirunelveli,total,not_stated,persons,4746
census-india-2011,sources/census-2011/c-series/state-mdds/c01-33-tamil-nadu.xls,5766414c82e96d26,census-c01-extract-v1.1.0-20260528T003618Z,C0101,33,628,00000,000000,District - Tirunelveli,total,not_stated,males,2383
census-india-2011,sources/census-2011/c-series/state-mdds/c01-33-tamil-nadu.xls,5766414c82e96d26,census-c01-extract-v1.1.0-20260528T003618Z,C0101,33,628,00000,000000,District - Tirunelveli,total,not_stated,females,2363
census-india-2011,sources/census-2011/c-series/state-mdds/c01-33-tamil-nadu.xls,5766414c82e96d26,census-c01-extract-v1.1.0-20260528T003618Z,C0101,33,628,00000,000000,District - Tirunelveli,rural,all,persons,1557004
census-india-2011,sources/census-2011/c-series/state-mdds/c01-33-tamil-nadu.xls,5766414c82e96d26,census-c01-extract-v1.1.0-20260528T003618Z,C0101,33,628,00000,000000,District - Tirunelveli,rural,all,males,768728
census-india-2011,sources/census-2011/c-series/state-mdds/c01-33-tamil-nadu.xls,5766414c82e96d26,census-c01-extract-v1.1.0-20260528T003618Z,C0101,33,628,00000,000000,District - Tirunelveli,rural,all,females,788276
census-india-2011,sources/census-2011/c-series/state-mdds/c01-33-tamil-nadu.xls,5766414c82e96d26,census-c01-extract-v1.1.0-20260528T003618Z,C0101,33,628,00000,000000,District - Tirunelveli,rural,hindu,persons,1313009
census-india-2011,sources/census-2011/c-series/state-mdds/c01-33-tamil-nadu.xls,5766414c82e96d26,census-c01-extract-v1.1.0-20260528T003618Z,C0101,33,628,00000,000000,District - Tirunelveli,rural,hindu,males,649096
census-india-2011,sources/census-2011/c-series/state-mdds/c01-33-tamil-nadu.xls,5766414c82e96d26,census-c01-extract-v1.1.0-20260528T003618Z,C0101,33,628,00000,000000,District - Tirunelveli,rural,hindu,females,663913
census-india-2011,sources/census-2011/c-series/state-mdds/c01-33-tamil-nadu.xls,5766414c82e96d26,census-c01-extract-v1.1.0-20260528T003618Z,C0101,33,628,00000,000000,District - Tirunelveli,rural,muslim,persons,48899
census-india-2011,sources/census-2011/c-series/state-mdds/c01-33-tamil-nadu.xls,5766414c82e96d26,census-c01-extract-v1.1.0-20260528T003618Z,C0101,33,628,00000,000000,District - Tirunelveli,rural,muslim,males,24040
census-india-2011,sources/census-2011/c-series/state-mdds/c01-33-tamil-nadu.xls,5766414c82e96d26,census-c01-extract-v1.1.0-20260528T003618Z,C0101,33,628,00000,000000,District - Tirunelveli,rural,muslim,females,24859
census-india-2011,sources/census-2011/c-series/state-mdds/c01-33-tamil-nadu.xls,5766414c82e96d26,census-c01-extract-v1.1.0-20260528T003618Z,C0101,33,628,00000,000000,District - Tirunelveli,rural,christian,persons,192173
census-india-2011,sources/census-2011/c-series/state-mdds/c01-33-tamil-nadu.xls,5766414c82e96d26,census-c01-extract-v1.1.0-20260528T003618Z,C0101,33,628,00000,000000,District - Tirunelveli,rural,christian,males,94220
census-india-2011,sources/census-2011/c-series/state-mdds/c01-33-tamil-nadu.xls,5766414c82e96d26,census-c01-extract-v1.1.0-20260528T003618Z,C0101,33,628,00000,000000,District - Tirunelveli,rural,christian,females,97953
census-india-2011,sources/census-2011/c-series/state-mdds/c01-33-tamil-nadu.xls,5766414c82e96d26,census-c01-extract-v1.1.0-20260528T003618Z,C0101,33,628,00000,000000,District - Tirunelveli,rural,sikh,persons,138
census-india-2011,sources/census-2011/c-series/state-mdds/c01-33-tamil-nadu.xls,5766414c82e96d26,census-c01-extract-v1.1.0-20260528T003618Z,C0101,33,628,00000,000000,District - Tirunelveli,rural,sikh,males,67
census-india-2011,sources/census-2011/c-series/state-mdds/c01-33-tamil-nadu.xls,5766414c82e96d26,census-c01-extract-v1.1.0-20260528T003618Z,C0101,33,628,00000,000000,District - Tirunelveli,rural,sikh,females,71
census-india-2011,sources/census-2011/c-series/state-mdds/c01-33-tamil-nadu.xls,5766414c82e96d26,census-c01-extract-v1.1.0-20260528T003618Z,C0101,33,628,00000,000000,District - Tirunelveli,rural,buddhist,persons,205
census-india-2011,sources/census-2011/c-series/state-mdds/c01-33-tamil-nadu.xls,5766414c82e96d26,census-c01-extract-v1.1.0-20260528T003618Z,C0101,33,628,00000,000000,District - Tirunelveli,rural,buddhist,males,99
census-india-2011,sources/census-2011/c-series/state-mdds/c01-33-tamil-nadu.xls,5766414c82e96d26,census-c01-extract-v1.1.0-20260528T003618Z,C0101,33,628,00000,000000,District - Tirunelveli,rural,buddhist,females,106
census-india-2011,sources/census-2011/c-series/state-mdds/c01-33-tamil-nadu.xls,5766414c82e96d26,census-c01-extract-v1.1.0-20260528T003618Z,C0101,33,628,00000,000000,District - Tirunelveli,rural,jain,persons,43
census-india-2011,sources/census-2011/c-series/state-mdds/c01-33-tamil-nadu.xls,5766414c82e96d26,census-c01-extract-v1.1.0-20260528T003618Z,C0101,33,628,00000,000000,District - Tirunelveli,rural,jain,males,23
census-india-2011,sources/census-2011/c-series/state-mdds/c01-33-tamil-nadu.xls,5766414c82e96d26,census-c01-extract-v1.1.0-20260528T003618Z,C0101,33,628,00000,000000,District - Tirunelveli,rural,jain,females,20
census-india-2011,sources/census-2011/c-series/state-mdds/c01-33-tamil-nadu.xls,5766414c82e96d26,census-c01-extract-v1.1.0-20260528T003618Z,C0101,33,628,00000,000000,District - Tirunelveli,rural,other,persons,418
census-india-2011,sources/census-2011/c-series/state-mdds/c01-33-tamil-nadu.xls,5766414c82e96d26,census-c01-extract-v1.1.0-20260528T003618Z,C0101,33,628,00000,000000,District - Tirunelveli,rural,other,males,164
census-india-2011,sources/census-2011/c-series/state-mdds/c01-33-tamil-nadu.xls,5766414c82e96d26,census-c01-extract-v1.1.0-20260528T003618Z,C0101,33,628,00000,000000,District - Tirunelveli,rural,other,females,254
census-india-2011,sources/census-2011/c-series/state-mdds/c01-33-tamil-nadu.xls,5766414c82e96d26,census-c01-extract-v1.1.0-20260528T003618Z,C0101,33,628,00000,000000,District - Tirunelveli,rural,not_stated,persons,2119
census-india-2011,sources/census-2011/c-series/state-mdds/c01-33-tamil-nadu.xls,5766414c82e96d26,census-c01-extract-v1.1.0-20260528T003618Z,C0101,33,628,00000,000000,District - Tirunelveli,rural,not_stated,males,1019
census-india-2011,sources/census-2011/c-series/state-mdds/c01-33-tamil-nadu.xls,5766414c82e96d26,census-c01-extract-v1.1.0-20260528T003618Z,C0101,33,628,00000,000000,District - Tirunelveli,rural,not_stated,females,1100
census-india-2011,sources/census-2011/c-series/state-mdds/c01-33-tamil-nadu.xls,5766414c82e96d26,census-c01-extract-v1.1.0-20260528T003618Z,C0101,33,628,00000,000000,District - Tirunelveli,urban,all,persons,1520229
census-india-2011,sources/census-2011/c-series/state-mdds/c01-33-tamil-nadu.xls,5766414c82e96d26,census-c01-extract-v1.1.0-20260528T003618Z,C0101,33,628,00000,000000,District - Tirunelveli,urban,all,males,752184
census-india-2011,sources/census-2011/c-series/state-mdds/c01-33-tamil-nadu.xls,5766414c82e96d26,census-c01-extract-v1.1.0-20260528T003618Z,C0101,33,628,00000,000000,District - Tirunelveli,urban,all,females,768045
census-india-2011,sources/census-2011/c-series/state-mdds/c01-33-tamil-nadu.xls,5766414c82e96d26,census-c01-extract-v1.1.0-20260528T003618Z,C0101,33,628,00000,000000,District - Tirunelveli,urban,hindu,persons,1112621
census-india-2011,sources/census-2011/c-series/state-mdds/c01-33-tamil-nadu.xls,5766414c82e96d26,census-c01-extract-v1.1.0-20260528T003618Z,C0101,33,628,00000,000000,District - Tirunelveli,urban,hindu,males,550539
census-india-2011,sources/census-2011/c-series/state-mdds/c01-33-tamil-nadu.xls,5766414c82e96d26,census-c01-extract-v1.1.0-20260528T003618Z,C0101,33,628,00000,000000,District - Tirunelveli,urban,hindu,females,562082
census-india-2011,sources/census-2011/c-series/state-mdds/c01-33-tamil-nadu.xls,5766414c82e96d26,census-c01-extract-v1.1.0-20260528T003618Z,C0101,33,628,00000,000000,District - Tirunelveli,urban,muslim,persons,254469
census-india-2011,sources/census-2011/c-series/state-mdds/c01-33-tamil-nadu.xls,5766414c82e96d26,census-c01-extract-v1.1.0-20260528T003618Z,C0101,33,628,00000,000000,District - Tirunelveli,urban,muslim,males,127016
census-india-2011,sources/census-2011/c-series/state-mdds/c01-33-tamil-nadu.xls,5766414c82e96d26,census-c01-extract-v1.1.0-20260528T003618Z,C0101,33,628,00000,000000,District - Tirunelveli,urban,muslim,females,127453
census-india-2011,sources/census-2011/c-series/state-mdds/c01-33-tamil-nadu.xls,5766414c82e96d26,census-c01-extract-v1.1.0-20260528T003618Z,C0101,33,628,00000,000000,District - Tirunelveli,urban,christian,persons,150081
census-india-2011,sources/census-2011/c-series/state-mdds/c01-33-tamil-nadu.xls,5766414c82e96d26,census-c01-extract-v1.1.0-20260528T003618Z,C0101,33,628,00000,000000,District - Tirunelveli,urban,christian,males,73027
census-india-2011,sources/census-2011/c-series/state-mdds/c01-33-tamil-nadu.xls,5766414c82e96d26,census-c01-extract-v1.1.0-20260528T003618Z,C0101,33,628,00000,000000,District - Tirunelveli,urban,christian,females,77054
census-india-2011,sources/census-2011/c-series/state-mdds/c01-33-tamil-nadu.xls,5766414c82e96d26,census-c01-extract-v1.1.0-20260528T003618Z,C0101,33,628,00000,000000,District - Tirunelveli,urban,sikh,persons,130
census-india-2011,sources/census-2011/c-series/state-mdds/c01-33-tamil-nadu.xls,5766414c82e96d26,census-c01-extract-v1.1.0-20260528T003618Z,C0101,33,628,00000,000000,District - Tirunelveli,urban,sikh,males,62
census-india-2011,sources/census-2011/c-series/state-mdds/c01-33-tamil-nadu.xls,5766414c82e96d26,census-c01-extract-v1.1.0-20260528T003618Z,C0101,33,628,00000,000000,District - Tirunelveli,urban,sikh,females,68
census-india-2011,sources/census-2011/c-series/state-mdds/c01-33-tamil-nadu.xls,5766414c82e96d26,census-c01-extract-v1.1.0-20260528T003618Z,C0101,33,628,00000,000000,District - Tirunelveli,urban,buddhist,persons,168
census-india-2011,sources/census-2011/c-series/state-mdds/c01-33-tamil-nadu.xls,5766414c82e96d26,census-c01-extract-v1.1.0-20260528T003618Z,C0101,33,628,00000,000000,District - Tirunelveli,urban,buddhist,males,98
census-india-2011,sources/census-2011/c-series/state-mdds/c01-33-tamil-nadu.xls,5766414c82e96d26,census-c01-extract-v1.1.0-20260528T003618Z,C0101,33,628,00000,000000,District - Tirunelveli,urban,buddhist,females,70
census-india-2011,sources/census-2011/c-series/state-mdds/c01-33-tamil-nadu.xls,5766414c82e96d26,census-c01-extract-v1.1.0-20260528T003618Z,C0101,33,628,00000,000000,District - Tirunelveli,urban,jain,persons,101
census-india-2011,sources/census-2011/c-series/state-mdds/c01-33-tamil-nadu.xls,5766414c82e96d26,census-c01-extract-v1.1.0-20260528T003618Z,C0101,33,628,00000,000000,District - Tirunelveli,urban,jain,males,60
census-india-2011,sources/census-2011/c-series/state-mdds/c01-33-tamil-nadu.xls,5766414c82e96d26,census-c01-extract-v1.1.0-20260528T003618Z,C0101,33,628,00000,000000,District - Tirunelveli,urban,jain,females,41
census-india-2011,sources/census-2011/c-series/state-mdds/c01-33-tamil-nadu.xls,5766414c82e96d26,census-c01-extract-v1.1.0-20260528T003618Z,C0101,33,628,00000,000000,District - Tirunelveli,urban,other,persons,32
census-india-2011,sources/census-2011/c-series/state-mdds/c01-33-tamil-nadu.xls,5766414c82e96d26,census-c01-extract-v1.1.0-20260528T003618Z,C0101,33,628,00000,000000,District - Tirunelveli,urban,other,males,18
census-india-2011,sources/census-2011/c-series/state-mdds/c01-33-tamil-nadu.xls,5766414c82e96d26,census-c01-extract-v1.1.0-20260528T003618Z,C0101,33,628,00000,000000,District - Tirunelveli,urban,other,females,14
census-india-2011,sources/census-2011/c-series/state-mdds/c01-33-tamil-nadu.xls,5766414c82e96d26,census-c01-extract-v1.1.0-20260528T003618Z,C0101,33,628,00000,000000,District - Tirunelveli,urban,not_stated,persons,2627
census-india-2011,sources/census-2011/c-series/state-mdds/c01-33-tamil-nadu.xls,5766414c82e96d26,census-c01-extract-v1.1.0-20260528T003618Z,C0101,33,628,00000,000000,District - Tirunelveli,urban,not_stated,males,1364
census-india-2011,sources/census-2011/c-series/state-mdds/c01-33-tamil-nadu.xls,5766414c82e96d26,census-c01-extract-v1.1.0-20260528T003618Z,C0101,33,628,00000,000000,District - Tirunelveli,urban,not_stated,females,1263
census-india-2011,sources/census-2011/c-series/state-mdds/c01-33-tamil-nadu.xls,5766414c82e96d26,census-c01-extract-v1.1.0-20260528T003618Z,C0101,33,629,00000,000000,District - Kanniyakumari,total,all,persons,1870374
census-india-2011,sources/census-2011/c-series/state-mdds/c01-33-tamil-nadu.xls,5766414c82e96d26,census-c01-extract-v1.1.0-20260528T003618Z,C0101,33,629,00000,000000,District - Kanniyakumari,total,all,males,926345
census-india-2011,sources/census-2011/c-series/state-mdds/c01-33-tamil-nadu.xls,5766414c82e96d26,census-c01-extract-v1.1.0-20260528T003618Z,C0101,33,629,00000,000000,District - Kanniyakumari,total,all,females,944029
census-india-2011,sources/census-2011/c-series/state-mdds/c01-33-tamil-nadu.xls,5766414c82e96d26,census-c01-extract-v1.1.0-20260528T003618Z,C0101,33,629,00000,000000,District - Kanniyakumari,total,hindu,persons,909872
census-india-2011,sources/census-2011/c-series/state-mdds/c01-33-tamil-nadu.xls,5766414c82e96d26,census-c01-extract-v1.1.0-20260528T003618Z,C0101,33,629,00000,000000,District - Kanniyakumari,total,hindu,males,453009
census-india-2011,sources/census-2011/c-series/state-mdds/c01-33-tamil-nadu.xls,5766414c82e96d26,census-c01-extract-v1.1.0-20260528T003618Z,C0101,33,629,00000,000000,District - Kanniyakumari,total,hindu,females,456863
census-india-2011,sources/census-2011/c-series/state-mdds/c01-33-tamil-nadu.xls,5766414c82e96d26,census-c01-extract-v1.1.0-20260528T003618Z,C0101,33,629,00000,000000,District - Kanniyakumari,total,muslim,persons,78590
census-india-2011,sources/census-2011/c-series/state-mdds/c01-33-tamil-nadu.xls,5766414c82e96d26,census-c01-extract-v1.1.0-20260528T003618Z,C0101,33,629,00000,000000,District - Kanniyakumari,total,muslim,males,38462
census-india-2011,sources/census-2011/c-series/state-mdds/c01-33-tamil-nadu.xls,5766414c82e96d26,census-c01-extract-v1.1.0-20260528T003618Z,C0101,33,629,00000,000000,District - Kanniyakumari,total,muslim,females,40128
census-india-2011,sources/census-2011/c-series/state-mdds/c01-33-tamil-nadu.xls,5766414c82e96d26,census-c01-extract-v1.1.0-20260528T003618Z,C0101,33,629,00000,000000,District - Kanniyakumari,total,christian,persons,876299
census-india-2011,sources/census-2011/c-series/state-mdds/c01-33-tamil-nadu.xls,5766414c82e96d26,census-c01-extract-v1.1.0-20260528T003618Z,C0101,33,629,00000,000000,District - Kanniyakumari,total,christian,males,432363
census-india-2011,sources/census-2011/c-series/state-mdds/c01-33-tamil-nadu.xls,5766414c82e96d26,census-c01-extract-v1.1.0-20260528T003618Z,C0101,33,629,00000,000000,District - Kanniyakumari,total,christian,females,443936
census-india-2011,sources/census-2011/c-series/state-mdds/c01-33-tamil-nadu.xls,5766414c82e96d26,census-c01-extract-v1.1.0-20260528T003618Z,C0101,33,629,00000,000000,District - Kanniyakumari,total,sikh,persons,160
census-india-2011,sources/census-2011/c-series/state-mdds/c01-33-tamil-nadu.xls,5766414c82e96d26,census-c01-extract-v1.1.0-20260528T003618Z,C0101,33,629,00000,000000,District - Kanniyakumari,total,sikh,males,80
census-india-2011,sources/census-2011/c-series/state-mdds/c01-33-tamil-nadu.xls,5766414c82e96d26,census-c01-extract-v1.1.0-20260528T003618Z,C0101,33,629,00000,000000,District - Kanniyakumari,total,sikh,females,80
census-india-2011,sources/census-2011/c-series/state-mdds/c01-33-tamil-nadu.xls,5766414c82e96d26,census-c01-extract-v1.1.0-20260528T003618Z,C0101,33,629,00000,000000,District - Kanniyakumari,total,buddhist,persons,438
census-india-2011,sources/census-2011/c-series/state-mdds/c01-33-tamil-nadu.xls,5766414c82e96d26,census-c01-extract-v1.1.0-20260528T003618Z,C0101,33,629,00000,000000,District - Kanniyakumari,total,buddhist,males,217
census-india-2011,sources/census-2011/c-series/state-mdds/c01-33-tamil-nadu.xls,5766414c82e96d26,census-c01-extract-v1.1.0-20260528T003618Z,C0101,33,629,00000,000000,District - Kanniyakumari,total,buddhist,females,221
census-india-2011,sources/census-2011/c-series/state-mdds/c01-33-tamil-nadu.xls,5766414c82e96d26,census-c01-extract-v1.1.0-20260528T003618Z,C0101,33,629,00000,000000,District - Kanniyakumari,total,jain,persons,156
census-india-2011,sources/census-2011/c-series/state-mdds/c01-33-tamil-nadu.xls,5766414c82e96d26,census-c01-extract-v1.1.0-20260528T003618Z,C0101,33,629,00000,000000,District - Kanniyakumari,total,jain,males,77
census-india-2011,sources/census-2011/c-series/state-mdds/c01-33-tamil-nadu.xls,5766414c82e96d26,census-c01-extract-v1.1.0-20260528T003618Z,C0101,33,629,00000,000000,District - Kanniyakumari,total,jain,females,79
census-india-2011,sources/census-2011/c-series/state-mdds/c01-33-tamil-nadu.xls,5766414c82e96d26,census-c01-extract-v1.1.0-20260528T003618Z,C0101,33,629,00000,000000,District - Kanniyakumari,total,other,persons,10
census-india-2011,sources/census-2011/c-series/state-mdds/c01-33-tamil-nadu.xls,5766414c82e96d26,census-c01-extract-v1.1.0-20260528T003618Z,C0101,33,629,00000,000000,District - Kanniyakumari,total,other,males,5
census-india-2011,sources/census-2011/c-series/state-mdds/c01-33-tamil-nadu.xls,5766414c82e96d26,census-c01-extract-v1.1.0-20260528T003618Z,C0101,33,629,00000,000000,District - Kanniyakumari,total,other,females,5
census-india-2011,sources/census-2011/c-series/state-mdds/c01-33-tamil-nadu.xls,5766414c82e96d26,census-c01-extract-v1.1.0-20260528T003618Z,C0101,33,629,00000,000000,District - Kanniyakumari,total,not_stated,persons,4849
census-india-2011,sources/census-2011/c-series/state-mdds/c01-33-tamil-nadu.xls,5766414c82e96d26,census-c01-extract-v1.1.0-20260528T003618Z,C0101,33,629,00000,000000,District - Kanniyakumari,total,not_stated,males,2132
census-india-2011,sources/census-2011/c-series/state-mdds/c01-33-tamil-nadu.xls,5766414c82e96d26,census-c01-extract-v1.1.0-20260528T003618Z,C0101,33,629,00000,000000,District - Kanniyakumari,total,not_stated,females,2717
census-india-2011,sources/census-2011/c-series/state-mdds/c01-33-tamil-nadu.xls,5766414c82e96d26,census-c01-extract-v1.1.0-20260528T003618Z,C0101,33,629,00000,000000,District - Kanniyakumari,rural,all,persons,330572
census-india-2011,sources/census-2011/c-series/state-mdds/c01-33-tamil-nadu.xls,5766414c82e96d26,census-c01-extract-v1.1.0-20260528T003618Z,C0101,33,629,00000,000000,District - Kanniyakumari,rural,all,males,164938
census-india-2011,sources/census-2011/c-series/state-mdds/c01-33-tamil-nadu.xls,5766414c82e96d26,census-c01-extract-v1.1.0-20260528T003618Z,C0101,33,629,00000,000000,District - Kanniyakumari,rural,all,females,165634
census-india-2011,sources/census-2011/c-series/state-mdds/c01-33-tamil-nadu.xls,5766414c82e96d26,census-c01-extract-v1.1.0-20260528T003618Z,C0101,33,629,00000,000000,District - Kanniyakumari,rural,hindu,persons,163428
census-india-2011,sources/census-2011/c-series/state-mdds/c01-33-tamil-nadu.xls,5766414c82e96d26,census-c01-extract-v1.1.0-20260528T003618Z,C0101,33,629,00000,000000,District - Kanniyakumari,rural,hindu,males,81816
census-india-2011,sources/census-2011/c-series/state-mdds/c01-33-tamil-nadu.xls,5766414c82e96d26,census-c01-extract-v1.1.0-20260528T003618Z,C0101,33,629,00000,000000,District - Kanniyakumari,rural,hindu,females,81612
census-india-2011,sources/census-2011/c-series/state-mdds/c01-33-tamil-nadu.xls,5766414c82e96d26,census-c01-extract-v1.1.0-20260528T003618Z,C0101,33,629,00000,000000,District - Kanniyakumari,rural,muslim,persons,6768
census-india-2011,sources/census-2011/c-series/state-mdds/c01-33-tamil-nadu.xls,5766414c82e96d26,census-c01-extract-v1.1.0-20260528T003618Z,C0101,33,629,00000,000000,District - Kanniyakumari,rural,muslim,males,3364
census-india-2011,sources/census-2011/c-series/state-mdds/c01-33-tamil-nadu.xls,5766414c82e96d26,census-c01-extract-v1.1.0-20260528T003618Z,C0101,33,629,00000,000000,District - Kanniyakumari,rural,muslim,females,3404
census-india-2011,sources/census-2011/c-series/state-mdds/c01-33-tamil-nadu.xls,5766414c82e96d26,census-c01-extract-v1.1.0-20260528T003618Z,C0101,33,629,00000,000000,District - Kanniyakumari,rural,christian,persons,159208
census-india-2011,sources/census-2011/c-series/state-mdds/c01-33-tamil-nadu.xls,5766414c82e96d26,census-c01-extract-v1.1.0-20260528T003618Z,C0101,33,629,00000,000000,District - Kanniyakumari,rural,christian,males,79242
census-india-2011,sources/census-2011/c-series/state-mdds/c01-33-tamil-nadu.xls,5766414c82e96d26,census-c01-extract-v1.1.0-20260528T003618Z,C0101,33,629,00000,000000,District - Kanniyakumari,rural,christian,females,79966
census-india-2011,sources/census-2011/c-series/state-mdds/c01-33-tamil-nadu.xls,5766414c82e96d26,census-c01-extract-v1.1.0-20260528T003618Z,C0101,33,629,00000,000000,District - Kanniyakumari,rural,sikh,persons,27
census-india-2011,sources/census-2011/c-series/state-mdds/c01-33-tamil-nadu.xls,5766414c82e96d26,census-c01-extract-v1.1.0-20260528T003618Z,C0101,33,629,00000,000000,District - Kanniyakumari,rural,sikh,males,11
census-india-2011,sources/census-2011/c-series/state-mdds/c01-33-tamil-nadu.xls,5766414c82e96d26,census-c01-extract-v1.1.0-20260528T003618Z,C0101,33,629,00000,000000,District - Kanniyakumari,rural,sikh,females,16
census-india-2011,sources/census-2011/c-series/state-mdds/c01-33-tamil-nadu.xls,5766414c82e96d26,census-c01-extract-v1.1.0-20260528T003618Z,C0101,33,629,00000,000000,District - Kanniyakumari,rural,buddhist,persons,103
census-india-2011,sources/census-2011/c-series/state-mdds/c01-33-tamil-nadu.xls,5766414c82e96d26,census-c01-extract-v1.1.0-20260528T003618Z,C0101,33,629,00000,000000,District - Kanniyakumari,rural,buddhist,males,46
census-india-2011,sources/census-2011/c-series/state-mdds/c01-33-tamil-nadu.xls,5766414c82e96d26,census-c01-extract-v1.1.0-20260528T003618Z,C0101,33,629,00000,000000,District - Kanniyakumari,rural,buddhist,females,57
census-india-2011,sources/census-2011/c-series/state-mdds/c01-33-tamil-nadu.xls,5766414c82e96d26,census-c01-extract-v1.1.0-20260528T003618Z,C0101,33,629,00000,000000,District - Kanniyakumari,rural,jain,persons,28
census-india-2011,sources/census-2011/c-series/state-mdds/c01-33-tamil-nadu.xls,5766414c82e96d26,census-c01-extract-v1.1.0-20260528T003618Z,C0101,33,629,00000,000000,District - Kanniyakumari,rural,jain,males,16
census-india-2011,sources/census-2011/c-series/state-mdds/c01-33-tamil-nadu.xls,5766414c82e96d26,census-c01-extract-v1.1.0-20260528T003618Z,C0101,33,629,00000,000000,District - Kanniyakumari,rural,jain,females,12
census-india-2011,sources/census-2011/c-series/state-mdds/c01-33-tamil-nadu.xls,5766414c82e96d26,census-c01-extract-v1.1.0-20260528T003618Z,C0101,33,629,00000,000000,District - Kanniyakumari,rural,other,persons,4
census-india-2011,sources/census-2011/c-series/state-mdds/c01-33-tamil-nadu.xls,5766414c82e96d26,census-c01-extract-v1.1.0-20260528T003618Z,C0101,33,629,00000,000000,District - Kanniyakumari,rural,other,males,2
census-india-2011,sources/census-2011/c-series/state-mdds/c01-33-tamil-nadu.xls,5766414c82e96d26,census-c01-extract-v1.1.0-20260528T003618Z,C0101,33,629,00000,000000,District - Kanniyakumari,rural,other,females,2
census-india-2011,sources/census-2011/c-series/state-mdds/c01-33-tamil-nadu.xls,5766414c82e96d26,census-c01-extract-v1.1.0-20260528T003618Z,C0101,33,629,00000,000000,District - Kanniyakumari,rural,not_stated,persons,1006
census-india-2011,sources/census-2011/c-series/state-mdds/c01-33-tamil-nadu.xls,5766414c82e96d26,census-c01-extract-v1.1.0-20260528T003618Z,C0101,33,629,00000,000000,District - Kanniyakumari,rural,not_stated,males,441
census-india-2011,sources/census-2011/c-series/state-mdds/c01-33-tamil-nadu.xls,5766414c82e96d26,census-c01-extract-v1.1.0-20260528T003618Z,C0101,33,629,00000,000000,District - Kanniyakumari,rural,not_stated,females,565
census-india-2011,sources/census-2011/c-series/state-mdds/c01-33-tamil-nadu.xls,5766414c82e96d26,census-c01-extract-v1.1.0-20260528T003618Z,C0101,33,629,00000,000000,District - Kanniyakumari,urban,all,persons,1539802
census-india-2011,sources/census-2011/c-series/state-mdds/c01-33-tamil-nadu.xls,5766414c82e96d26,census-c01-extract-v1.1.0-20260528T003618Z,C0101,33,629,00000,000000,District - Kanniyakumari,urban,all,males,761407
census-india-2011,sources/census-2011/c-series/state-mdds/c01-33-tamil-nadu.xls,5766414c82e96d26,census-c01-extract-v1.1.0-20260528T003618Z,C0101,33,629,00000,000000,District - Kanniyakumari,urban,all,females,778395
census-india-2011,sources/census-2011/c-series/state-mdds/c01-33-tamil-nadu.xls,5766414c82e96d26,census-c01-extract-v1.1.0-20260528T003618Z,C0101,33,629,00000,000000,District - Kanniyakumari,urban,hindu,persons,746444
census-india-2011,sources/census-2011/c-series/state-mdds/c01-33-tamil-nadu.xls,5766414c82e96d26,census-c01-extract-v1.1.0-20260528T003618Z,C0101,33,629,00000,000000,District - Kanniyakumari,urban,hindu,males,371193
census-india-2011,sources/census-2011/c-series/state-mdds/c01-33-tamil-nadu.xls,5766414c82e96d26,census-c01-extract-v1.1.0-20260528T003618Z,C0101,33,629,00000,000000,District - Kanniyakumari,urban,hindu,females,375251
census-india-2011,sources/census-2011/c-series/state-mdds/c01-33-tamil-nadu.xls,5766414c82e96d26,census-c01-extract-v1.1.0-20260528T003618Z,C0101,33,629,00000,000000,District - Kanniyakumari,urban,muslim,persons,71822
census-india-2011,sources/census-2011/c-series/state-mdds/c01-33-tamil-nadu.xls,5766414c82e96d26,census-c01-extract-v1.1.0-20260528T003618Z,C0101,33,629,00000,000000,District - Kanniyakumari,urban,muslim,males,35098
census-india-2011,sources/census-2011/c-series/state-mdds/c01-33-tamil-nadu.xls,5766414c82e96d26,census-c01-extract-v1.1.0-20260528T003618Z,C0101,33,629,00000,000000,District - Kanniyakumari,urban,muslim,females,36724
census-india-2011,sources/census-2011/c-series/state-mdds/c01-33-tamil-nadu.xls,5766414c82e96d26,census-c01-extract-v1.1.0-20260528T003618Z,C0101,33,629,00000,000000,District - Kanniyakumari,urban,christian,persons,717091
census-india-2011,sources/census-2011/c-series/state-mdds/c01-33-tamil-nadu.xls,5766414c82e96d26,census-c01-extract-v1.1.0-20260528T003618Z,C0101,33,629,00000,000000,District - Kanniyakumari,urban,christian,males,353121
census-india-2011,sources/census-2011/c-series/state-mdds/c01-33-tamil-nadu.xls,5766414c82e96d26,census-c01-extract-v1.1.0-20260528T003618Z,C0101,33,629,00000,000000,District - Kanniyakumari,urban,christian,females,363970
census-india-2011,sources/census-2011/c-series/state-mdds/c01-33-tamil-nadu.xls,5766414c82e96d26,census-c01-extract-v1.1.0-20260528T003618Z,C0101,33,629,00000,000000,District - Kanniyakumari,urban,sikh,persons,133
census-india-2011,sources/census-2011/c-series/state-mdds/c01-33-tamil-nadu.xls,5766414c82e96d26,census-c01-extract-v1.1.0-20260528T003618Z,C0101,33,629,00000,000000,District - Kanniyakumari,urban,sikh,males,69
census-india-2011,sources/census-2011/c-series/state-mdds/c01-33-tamil-nadu.xls,5766414c82e96d26,census-c01-extract-v1.1.0-20260528T003618Z,C0101,33,629,00000,000000,District - Kanniyakumari,urban,sikh,females,64
census-india-2011,sources/census-2011/c-series/state-mdds/c01-33-tamil-nadu.xls,5766414c82e96d26,census-c01-extract-v1.1.0-20260528T003618Z,C0101,33,629,00000,000000,District - Kanniyakumari,urban,buddhist,persons,335
census-india-2011,sources/census-2011/c-series/state-mdds/c01-33-tamil-nadu.xls,5766414c82e96d26,census-c01-extract-v1.1.0-20260528T003618Z,C0101,33,629,00000,000000,District - Kanniyakumari,urban,buddhist,males,171
census-india-2011,sources/census-2011/c-series/state-mdds/c01-33-tamil-nadu.xls,5766414c82e96d26,census-c01-extract-v1.1.0-20260528T003618Z,C0101,33,629,00000,000000,District - Kanniyakumari,urban,buddhist,females,164
census-india-2011,sources/census-2011/c-series/state-mdds/c01-33-tamil-nadu.xls,5766414c82e96d26,census-c01-extract-v1.1.0-20260528T003618Z,C0101,33,629,00000,000000,District - Kanniyakumari,urban,jain,persons,128
census-india-2011,sources/census-2011/c-series/state-mdds/c01-33-tamil-nadu.xls,5766414c82e96d26,census-c01-extract-v1.1.0-20260528T003618Z,C0101,33,629,00000,000000,District - Kanniyakumari,urban,jain,males,61
census-india-2011,sources/census-2011/c-series/state-mdds/c01-33-tamil-nadu.xls,5766414c82e96d26,census-c01-extract-v1.1.0-20260528T003618Z,C0101,33,629,00000,000000,District - Kanniyakumari,urban,jain,females,67
census-india-2011,sources/census-2011/c-series/state-mdds/c01-33-tamil-nadu.xls,5766414c82e96d26,census-c01-extract-v1.1.0-20260528T003618Z,C0101,33,629,00000,000000,District - Kanniyakumari,urban,other,persons,6
census-india-2011,sources/census-2011/c-series/state-mdds/c01-33-tamil-nadu.xls,5766414c82e96d26,census-c01-extract-v1.1.0-20260528T003618Z,C0101,33,629,00000,000000,District - Kanniyakumari,urban,other,males,3
census-india-2011,sources/census-2011/c-series/state-mdds/c01-33-tamil-nadu.xls,5766414c82e96d26,census-c01-extract-v1.1.0-20260528T003618Z,C0101,33,629,00000,000000,District - Kanniyakumari,urban,other,females,3
census-india-2011,sources/census-2011/c-series/state-mdds/c01-33-tamil-nadu.xls,5766414c82e96d26,census-c01-extract-v1.1.0-20260528T003618Z,C0101,33,629,00000,000000,District - Kanniyakumari,urban,not_stated,persons,3843
census-india-2011,sources/census-2011/c-series/state-mdds/c01-33-tamil-nadu.xls,5766414c82e96d26,census-c01-extract-v1.1.0-20260528T003618Z,C0101,33,629,00000,000000,District - Kanniyakumari,urban,not_stated,males,1691
census-india-2011,sources/census-2011/c-series/state-mdds/c01-33-tamil-nadu.xls,5766414c82e96d26,census-c01-extract-v1.1.0-20260528T003618Z,C0101,33,629,00000,000000,District - Kanniyakumari,urban,not_stated,females,2152
census-india-2011,sources/census-2011/c-series/state-mdds/c01-33-tamil-nadu.xls,5766414c82e96d26,census-c01-extract-v1.1.0-20260528T003618Z,C0101,33,630,00000,000000,District - Dharmapuri,total,all,persons,1506843
census-india-2011,sources/census-2011/c-series/state-mdds/c01-33-tamil-nadu.xls,5766414c82e96d26,census-c01-extract-v1.1.0-20260528T003618Z,C0101,33,630,00000,000000,District - Dharmapuri,total,all,males,774303
census-india-2011,sources/census-2011/c-series/state-mdds/c01-33-tamil-nadu.xls,5766414c82e96d26,census-c01-extract-v1.1.0-20260528T003618Z,C0101,33,630,00000,000000,District - Dharmapuri,total,all,females,732540
census-india-2011,sources/census-2011/c-series/state-mdds/c01-33-tamil-nadu.xls,5766414c82e96d26,census-c01-extract-v1.1.0-20260528T003618Z,C0101,33,630,00000,000000,District - Dharmapuri,total,hindu,persons,1452956
census-india-2011,sources/census-2011/c-series/state-mdds/c01-33-tamil-nadu.xls,5766414c82e96d26,census-c01-extract-v1.1.0-20260528T003618Z,C0101,33,630,00000,000000,District - Dharmapuri,total,hindu,males,747236
census-india-2011,sources/census-2011/c-series/state-mdds/c01-33-tamil-nadu.xls,5766414c82e96d26,census-c01-extract-v1.1.0-20260528T003618Z,C0101,33,630,00000,000000,District - Dharmapuri,total,hindu,females,705720
census-india-2011,sources/census-2011/c-series/state-mdds/c01-33-tamil-nadu.xls,5766414c82e96d26,census-c01-extract-v1.1.0-20260528T003618Z,C0101,33,630,00000,000000,District - Dharmapuri,total,muslim,persons,38304
census-india-2011,sources/census-2011/c-series/state-mdds/c01-33-tamil-nadu.xls,5766414c82e96d26,census-c01-extract-v1.1.0-20260528T003618Z,C0101,33,630,00000,000000,District - Dharmapuri,total,muslim,males,19316
census-india-2011,sources/census-2011/c-series/state-mdds/c01-33-tamil-nadu.xls,5766414c82e96d26,census-c01-extract-v1.1.0-20260528T003618Z,C0101,33,630,00000,000000,District - Dharmapuri,total,muslim,females,18988
census-india-2011,sources/census-2011/c-series/state-mdds/c01-33-tamil-nadu.xls,5766414c82e96d26,census-c01-extract-v1.1.0-20260528T003618Z,C0101,33,630,00000,000000,District - Dharmapuri,total,christian,persons,14089
census-india-2011,sources/census-2011/c-series/state-mdds/c01-33-tamil-nadu.xls,5766414c82e96d26,census-c01-extract-v1.1.0-20260528T003618Z,C0101,33,630,00000,000000,District - Dharmapuri,total,christian,males,6984
census-india-2011,sources/census-2011/c-series/state-mdds/c01-33-tamil-nadu.xls,5766414c82e96d26,census-c01-extract-v1.1.0-20260528T003618Z,C0101,33,630,00000,000000,District - Dharmapuri,total,christian,females,7105
census-india-2011,sources/census-2011/c-series/state-mdds/c01-33-tamil-nadu.xls,5766414c82e96d26,census-c01-extract-v1.1.0-20260528T003618Z,C0101,33,630,00000,000000,District - Dharmapuri,total,sikh,persons,164
census-india-2011,sources/census-2011/c-series/state-mdds/c01-33-tamil-nadu.xls,5766414c82e96d26,census-c01-extract-v1.1.0-20260528T003618Z,C0101,33,630,00000,000000,District - Dharmapuri,total,sikh,males,90
census-india-2011,sources/census-2011/c-series/state-mdds/c01-33-tamil-nadu.xls,5766414c82e96d26,census-c01-extract-v1.1.0-20260528T003618Z,C0101,33,630,00000,000000,District - Dharmapuri,total,sikh,females,74
census-india-2011,sources/census-2011/c-series/state-mdds/c01-33-tamil-nadu.xls,5766414c82e96d26,census-c01-extract-v1.1.0-20260528T003618Z,C0101,33,630,00000,000000,District - Dharmapuri,total,buddhist,persons,39
census-india-2011,sources/census-2011/c-series/state-mdds/c01-33-tamil-nadu.xls,5766414c82e96d26,census-c01-extract-v1.1.0-20260528T003618Z,C0101,33,630,00000,000000,District - Dharmapuri,total,buddhist,males,16
census-india-2011,sources/census-2011/c-series/state-mdds/c01-33-tamil-nadu.xls,5766414c82e96d26,census-c01-extract-v1.1.0-20260528T003618Z,C0101,33,630,00000,000000,District - Dharmapuri,total,buddhist,females,23
census-india-2011,sources/census-2011/c-series/state-mdds/c01-33-tamil-nadu.xls,5766414c82e96d26,census-c01-extract-v1.1.0-20260528T003618Z,C0101,33,630,00000,000000,District - Dharmapuri,total,jain,persons,37
census-india-2011,sources/census-2011/c-series/state-mdds/c01-33-tamil-nadu.xls,5766414c82e96d26,census-c01-extract-v1.1.0-20260528T003618Z,C0101,33,630,00000,000000,District - Dharmapuri,total,jain,males,17
census-india-2011,sources/census-2011/c-series/state-mdds/c01-33-tamil-nadu.xls,5766414c82e96d26,census-c01-extract-v1.1.0-20260528T003618Z,C0101,33,630,00000,000000,District - Dharmapuri,total,jain,females,20
census-india-2011,sources/census-2011/c-series/state-mdds/c01-33-tamil-nadu.xls,5766414c82e96d26,census-c01-extract-v1.1.0-20260528T003618Z,C0101,33,630,00000,000000,District - Dharmapuri,total,other,persons,87
census-india-2011,sources/census-2011/c-series/state-mdds/c01-33-tamil-nadu.xls,5766414c82e96d26,census-c01-extract-v1.1.0-20260528T003618Z,C0101,33,630,00000,000000,District - Dharmapuri,total,other,males,50
census-india-2011,sources/census-2011/c-series/state-mdds/c01-33-tamil-nadu.xls,5766414c82e96d26,census-c01-extract-v1.1.0-20260528T003618Z,C0101,33,630,00000,000000,District - Dharmapuri,total,other,females,37
census-india-2011,sources/census-2011/c-series/state-mdds/c01-33-tamil-nadu.xls,5766414c82e96d26,census-c01-extract-v1.1.0-20260528T003618Z,C0101,33,630,00000,000000,District - Dharmapuri,total,not_stated,persons,1167
census-india-2011,sources/census-2011/c-series/state-mdds/c01-33-tamil-nadu.xls,5766414c82e96d26,census-c01-extract-v1.1.0-20260528T003618Z,C0101,33,630,00000,000000,District - Dharmapuri,total,not_stated,males,594
census-india-2011,sources/census-2011/c-series/state-mdds/c01-33-tamil-nadu.xls,5766414c82e96d26,census-c01-extract-v1.1.0-20260528T003618Z,C0101,33,630,00000,000000,District - Dharmapuri,total,not_stated,females,573
census-india-2011,sources/census-2011/c-series/state-mdds/c01-33-tamil-nadu.xls,5766414c82e96d26,census-c01-extract-v1.1.0-20260528T003618Z,C0101,33,630,00000,000000,District - Dharmapuri,rural,all,persons,1245931
census-india-2011,sources/census-2011/c-series/state-mdds/c01-33-tamil-nadu.xls,5766414c82e96d26,census-c01-extract-v1.1.0-20260528T003618Z,C0101,33,630,00000,000000,District - Dharmapuri,rural,all,males,643215
census-india-2011,sources/census-2011/c-series/state-mdds/c01-33-tamil-nadu.xls,5766414c82e96d26,census-c01-extract-v1.1.0-20260528T003618Z,C0101,33,630,00000,000000,District - Dharmapuri,rural,all,females,602716
census-india-2011,sources/census-2011/c-series/state-mdds/c01-33-tamil-nadu.xls,5766414c82e96d26,census-c01-extract-v1.1.0-20260528T003618Z,C0101,33,630,00000,000000,District - Dharmapuri,rural,hindu,persons,1221915
census-india-2011,sources/census-2011/c-series/state-mdds/c01-33-tamil-nadu.xls,5766414c82e96d26,census-c01-extract-v1.1.0-20260528T003618Z,C0101,33,630,00000,000000,District - Dharmapuri,rural,hindu,males,631112
census-india-2011,sources/census-2011/c-series/state-mdds/c01-33-tamil-nadu.xls,5766414c82e96d26,census-c01-extract-v1.1.0-20260528T003618Z,C0101,33,630,00000,000000,District - Dharmapuri,rural,hindu,females,590803
census-india-2011,sources/census-2011/c-series/state-mdds/c01-33-tamil-nadu.xls,5766414c82e96d26,census-c01-extract-v1.1.0-20260528T003618Z,C0101,33,630,00000,000000,District - Dharmapuri,rural,muslim,persons,12361
census-india-2011,sources/census-2011/c-series/state-mdds/c01-33-tamil-nadu.xls,5766414c82e96d26,census-c01-extract-v1.1.0-20260528T003618Z,C0101,33,630,00000,000000,District - Dharmapuri,rural,muslim,males,6276
census-india-2011,sources/census-2011/c-series/state-mdds/c01-33-tamil-nadu.xls,5766414c82e96d26,census-c01-extract-v1.1.0-20260528T003618Z,C0101,33,630,00000,000000,District - Dharmapuri,rural,muslim,females,6085
census-india-2011,sources/census-2011/c-series/state-mdds/c01-33-tamil-nadu.xls,5766414c82e96d26,census-c01-extract-v1.1.0-20260528T003618Z,C0101,33,630,00000,000000,District - Dharmapuri,rural,christian,persons,10607
census-india-2011,sources/census-2011/c-series/state-mdds/c01-33-tamil-nadu.xls,5766414c82e96d26,census-c01-extract-v1.1.0-20260528T003618Z,C0101,33,630,00000,000000,District - Dharmapuri,rural,christian,males,5285
census-india-2011,sources/census-2011/c-series/state-mdds/c01-33-tamil-nadu.xls,5766414c82e96d26,census-c01-extract-v1.1.0-20260528T003618Z,C0101,33,630,00000,000000,District - Dharmapuri,rural,christian,females,5322
census-india-2011,sources/census-2011/c-series/state-mdds/c01-33-tamil-nadu.xls,5766414c82e96d26,census-c01-extract-v1.1.0-20260528T003618Z,C0101,33,630,00000,000000,District - Dharmapuri,rural,sikh,persons,137
census-india-2011,sources/census-2011/c-series/state-mdds/c01-33-tamil-nadu.xls,5766414c82e96d26,census-c01-extract-v1.1.0-20260528T003618Z,C0101,33,630,00000,000000,District - Dharmapuri,rural,sikh,males,72
census-india-2011,sources/census-2011/c-series/state-mdds/c01-33-tamil-nadu.xls,5766414c82e96d26,census-c01-extract-v1.1.0-20260528T003618Z,C0101,33,630,00000,000000,District - Dharmapuri,rural,sikh,females,65
census-india-2011,sources/census-2011/c-series/state-mdds/c01-33-tamil-nadu.xls,5766414c82e96d26,census-c01-extract-v1.1.0-20260528T003618Z,C0101,33,630,00000,000000,District - Dharmapuri,rural,buddhist,persons,33
census-india-2011,sources/census-2011/c-series/state-mdds/c01-33-tamil-nadu.xls,5766414c82e96d26,census-c01-extract-v1.1.0-20260528T003618Z,C0101,33,630,00000,000000,District - Dharmapuri,rural,buddhist,males,14
census-india-2011,sources/census-2011/c-series/state-mdds/c01-33-tamil-nadu.xls,5766414c82e96d26,census-c01-extract-v1.1.0-20260528T003618Z,C0101,33,630,00000,000000,District - Dharmapuri,rural,buddhist,females,19
census-india-2011,sources/census-2011/c-series/state-mdds/c01-33-tamil-nadu.xls,5766414c82e96d26,census-c01-extract-v1.1.0-20260528T003618Z,C0101,33,630,00000,000000,District - Dharmapuri,rural,jain,persons,19
census-india-2011,sources/census-2011/c-series/state-mdds/c01-33-tamil-nadu.xls,5766414c82e96d26,census-c01-extract-v1.1.0-20260528T003618Z,C0101,33,630,00000,000000,District - Dharmapuri,rural,jain,males,7
census-india-2011,sources/census-2011/c-series/state-mdds/c01-33-tamil-nadu.xls,5766414c82e96d26,census-c01-extract-v1.1.0-20260528T003618Z,C0101,33,630,00000,000000,District - Dharmapuri,rural,jain,females,12
census-india-2011,sources/census-2011/c-series/state-mdds/c01-33-tamil-nadu.xls,5766414c82e96d26,census-c01-extract-v1.1.0-20260528T003618Z,C0101,33,630,00000,000000,District - Dharmapuri,rural,other,persons,53
census-india-2011,sources/census-2011/c-series/state-mdds/c01-33-tamil-nadu.xls,5766414c82e96d26,census-c01-extract-v1.1.0-20260528T003618Z,C0101,33,630,00000,000000,District - Dharmapuri,rural,other,males,29
census-india-2011,sources/census-2011/c-series/state-mdds/c01-33-tamil-nadu.xls,5766414c82e96d26,census-c01-extract-v1.1.0-20260528T003618Z,C0101,33,630,00000,000000,District - Dharmapuri,rural,other,females,24
census-india-2011,sources/census-2011/c-series/state-mdds/c01-33-tamil-nadu.xls,5766414c82e96d26,census-c01-extract-v1.1.0-20260528T003618Z,C0101,33,630,00000,000000,District - Dharmapuri,rural,not_stated,persons,806
census-india-2011,sources/census-2011/c-series/state-mdds/c01-33-tamil-nadu.xls,5766414c82e96d26,census-c01-extract-v1.1.0-20260528T003618Z,C0101,33,630,00000,000000,District - Dharmapuri,rural,not_stated,males,420
census-india-2011,sources/census-2011/c-series/state-mdds/c01-33-tamil-nadu.xls,5766414c82e96d26,census-c01-extract-v1.1.0-20260528T003618Z,C0101,33,630,00000,000000,District - Dharmapuri,rural,not_stated,females,386
census-india-2011,sources/census-2011/c-series/state-mdds/c01-33-tamil-nadu.xls,5766414c82e96d26,census-c01-extract-v1.1.0-20260528T003618Z,C0101,33,630,00000,000000,District - Dharmapuri,urban,all,persons,260912
census-india-2011,sources/census-2011/c-series/state-mdds/c01-33-tamil-nadu.xls,5766414c82e96d26,census-c01-extract-v1.1.0-20260528T003618Z,C0101,33,630,00000,000000,District - Dharmapuri,urban,all,males,131088
census-india-2011,sources/census-2011/c-series/state-mdds/c01-33-tamil-nadu.xls,5766414c82e96d26,census-c01-extract-v1.1.0-20260528T003618Z,C0101,33,630,00000,000000,District - Dharmapuri,urban,all,females,129824
census-india-2011,sources/census-2011/c-series/state-mdds/c01-33-tamil-nadu.xls,5766414c82e96d26,census-c01-extract-v1.1.0-20260528T003618Z,C0101,33,630,00000,000000,District - Dharmapuri,urban,hindu,persons,231041
census-india-2011,sources/census-2011/c-series/state-mdds/c01-33-tamil-nadu.xls,5766414c82e96d26,census-c01-extract-v1.1.0-20260528T003618Z,C0101,33,630,00000,000000,District - Dharmapuri,urban,hindu,males,116124
census-india-2011,sources/census-2011/c-series/state-mdds/c01-33-tamil-nadu.xls,5766414c82e96d26,census-c01-extract-v1.1.0-20260528T003618Z,C0101,33,630,00000,000000,District - Dharmapuri,urban,hindu,females,114917
census-india-2011,sources/census-2011/c-series/state-mdds/c01-33-tamil-nadu.xls,5766414c82e96d26,census-c01-extract-v1.1.0-20260528T003618Z,C0101,33,630,00000,000000,District - Dharmapuri,urban,muslim,persons,25943
census-india-2011,sources/census-2011/c-series/state-mdds/c01-33-tamil-nadu.xls,5766414c82e96d26,census-c01-extract-v1.1.0-20260528T003618Z,C0101,33,630,00000,000000,District - Dharmapuri,urban,muslim,males,13040
census-india-2011,sources/census-2011/c-series/state-mdds/c01-33-tamil-nadu.xls,5766414c82e96d26,census-c01-extract-v1.1.0-20260528T003618Z,C0101,33,630,00000,000000,District - Dharmapuri,urban,muslim,females,12903
census-india-2011,sources/census-2011/c-series/state-mdds/c01-33-tamil-nadu.xls,5766414c82e96d26,census-c01-extract-v1.1.0-20260528T003618Z,C0101,33,630,00000,000000,District - Dharmapuri,urban,christian,persons,3482
census-india-2011,sources/census-2011/c-series/state-mdds/c01-33-tamil-nadu.xls,5766414c82e96d26,census-c01-extract-v1.1.0-20260528T003618Z,C0101,33,630,00000,000000,District - Dharmapuri,urban,christian,males,1699
census-india-2011,sources/census-2011/c-series/state-mdds/c01-33-tamil-nadu.xls,5766414c82e96d26,census-c01-extract-v1.1.0-20260528T003618Z,C0101,33,630,00000,000000,District - Dharmapuri,urban,christian,females,1783
census-india-2011,sources/census-2011/c-series/state-mdds/c01-33-tamil-nadu.xls,5766414c82e96d26,census-c01-extract-v1.1.0-20260528T003618Z,C0101,33,630,00000,000000,District - Dharmapuri,urban,sikh,persons,27
census-india-2011,sources/census-2011/c-series/state-mdds/c01-33-tamil-nadu.xls,5766414c82e96d26,census-c01-extract-v1.1.0-20260528T003618Z,C0101,33,630,00000,000000,District - Dharmapuri,urban,sikh,males,18
census-india-2011,sources/census-2011/c-series/state-mdds/c01-33-tamil-nadu.xls,5766414c82e96d26,census-c01-extract-v1.1.0-20260528T003618Z,C0101,33,630,00000,000000,District - Dharmapuri,urban,sikh,females,9
census-india-2011,sources/census-2011/c-series/state-mdds/c01-33-tamil-nadu.xls,5766414c82e96d26,census-c01-extract-v1.1.0-20260528T003618Z,C0101,33,630,00000,000000,District - Dharmapuri,urban,buddhist,persons,6
census-india-2011,sources/census-2011/c-series/state-mdds/c01-33-tamil-nadu.xls,5766414c82e96d26,census-c01-extract-v1.1.0-20260528T003618Z,C0101,33,630,00000,000000,District - Dharmapuri,urban,buddhist,males,2
census-india-2011,sources/census-2011/c-series/state-mdds/c01-33-tamil-nadu.xls,5766414c82e96d26,census-c01-extract-v1.1.0-20260528T003618Z,C0101,33,630,00000,000000,District - Dharmapuri,urban,buddhist,females,4
census-india-2011,sources/census-2011/c-series/state-mdds/c01-33-tamil-nadu.xls,5766414c82e96d26,census-c01-extract-v1.1.0-20260528T003618Z,C0101,33,630,00000,000000,District - Dharmapuri,urban,jain,persons,18
census-india-2011,sources/census-2011/c-series/state-mdds/c01-33-tamil-nadu.xls,5766414c82e96d26,census-c01-extract-v1.1.0-20260528T003618Z,C0101,33,630,00000,000000,District - Dharmapuri,urban,jain,males,10
census-india-2011,sources/census-2011/c-series/state-mdds/c01-33-tamil-nadu.xls,5766414c82e96d26,census-c01-extract-v1.1.0-20260528T003618Z,C0101,33,630,00000,000000,District - Dharmapuri,urban,jain,females,8
census-india-2011,sources/census-2011/c-series/state-mdds/c01-33-tamil-nadu.xls,5766414c82e96d26,census-c01-extract-v1.1.0-20260528T003618Z,C0101,33,630,00000,000000,District - Dharmapuri,urban,other,persons,34
census-india-2011,sources/census-2011/c-series/state-mdds/c01-33-tamil-nadu.xls,5766414c82e96d26,census-c01-extract-v1.1.0-20260528T003618Z,C0101,33,630,00000,000000,District - Dharmapuri,urban,other,males,21
census-india-2011,sources/census-2011/c-series/state-mdds/c01-33-tamil-nadu.xls,5766414c82e96d26,census-c01-extract-v1.1.0-20260528T003618Z,C0101,33,630,00000,000000,District - Dharmapuri,urban,other,females,13
census-india-2011,sources/census-2011/c-series/state-mdds/c01-33-tamil-nadu.xls,5766414c82e96d26,census-c01-extract-v1.1.0-20260528T003618Z,C0101,33,630,00000,000000,District - Dharmapuri,urban,not_stated,persons,361
census-india-2011,sources/census-2011/c-series/state-mdds/c01-33-tamil-nadu.xls,5766414c82e96d26,census-c01-extract-v1.1.0-20260528T003618Z,C0101,33,630,00000,000000,District - Dharmapuri,urban,not_stated,males,174
census-india-2011,sources/census-2011/c-series/state-mdds/c01-33-tamil-nadu.xls,5766414c82e96d26,census-c01-extract-v1.1.0-20260528T003618Z,C0101,33,630,00000,000000,District - Dharmapuri,urban,not_stated,females,187
census-india-2011,sources/census-2011/c-series/state-mdds/c01-33-tamil-nadu.xls,5766414c82e96d26,census-c01-extract-v1.1.0-20260528T003618Z,C0101,33,631,00000,000000,District - Krishnagiri,total,all,persons,1879809
census-india-2011,sources/census-2011/c-series/state-mdds/c01-33-tamil-nadu.xls,5766414c82e96d26,census-c01-extract-v1.1.0-20260528T003618Z,C0101,33,631,00000,000000,District - Krishnagiri,total,all,males,960232
census-india-2011,sources/census-2011/c-series/state-mdds/c01-33-tamil-nadu.xls,5766414c82e96d26,census-c01-extract-v1.1.0-20260528T003618Z,C0101,33,631,00000,000000,District - Krishnagiri,total,all,females,919577
census-india-2011,sources/census-2011/c-series/state-mdds/c01-33-tamil-nadu.xls,5766414c82e96d26,census-c01-extract-v1.1.0-20260528T003618Z,C0101,33,631,00000,000000,District - Krishnagiri,total,hindu,persons,1723737
census-india-2011,sources/census-2011/c-series/state-mdds/c01-33-tamil-nadu.xls,5766414c82e96d26,census-c01-extract-v1.1.0-20260528T003618Z,C0101,33,631,00000,000000,District - Krishnagiri,total,hindu,males,881396
census-india-2011,sources/census-2011/c-series/state-mdds/c01-33-tamil-nadu.xls,5766414c82e96d26,census-c01-extract-v1.1.0-20260528T003618Z,C0101,33,631,00000,000000,District - Krishnagiri,total,hindu,females,842341
census-india-2011,sources/census-2011/c-series/state-mdds/c01-33-tamil-nadu.xls,5766414c82e96d26,census-c01-extract-v1.1.0-20260528T003618Z,C0101,33,631,00000,000000,District - Krishnagiri,total,muslim,persons,115303
census-india-2011,sources/census-2011/c-series/state-mdds/c01-33-tamil-nadu.xls,5766414c82e96d26,census-c01-extract-v1.1.0-20260528T003618Z,C0101,33,631,00000,000000,District - Krishnagiri,total,muslim,males,58608
census-india-2011,sources/census-2011/c-series/state-mdds/c01-33-tamil-nadu.xls,5766414c82e96d26,census-c01-extract-v1.1.0-20260528T003618Z,C0101,33,631,00000,000000,District - Krishnagiri,total,muslim,females,56695
census-india-2011,sources/census-2011/c-series/state-mdds/c01-33-tamil-nadu.xls,5766414c82e96d26,census-c01-extract-v1.1.0-20260528T003618Z,C0101,33,631,00000,000000,District - Krishnagiri,total,christian,persons,35956
census-india-2011,sources/census-2011/c-series/state-mdds/c01-33-tamil-nadu.xls,5766414c82e96d26,census-c01-extract-v1.1.0-20260528T003618Z,C0101,33,631,00000,000000,District - Krishnagiri,total,christian,males,17832
census-india-2011,sources/census-2011/c-series/state-mdds/c01-33-tamil-nadu.xls,5766414c82e96d26,census-c01-extract-v1.1.0-20260528T003618Z,C0101,33,631,00000,000000,District - Krishnagiri,total,christian,females,18124
census-india-2011,sources/census-2011/c-series/state-mdds/c01-33-tamil-nadu.xls,5766414c82e96d26,census-c01-extract-v1.1.0-20260528T003618Z,C0101,33,631,00000,000000,District - Krishnagiri,total,sikh,persons,468
census-india-2011,sources/census-2011/c-series/state-mdds/c01-33-tamil-nadu.xls,5766414c82e96d26,census-c01-extract-v1.1.0-20260528T003618Z,C0101,33,631,00000,000000,District - Krishnagiri,total,sikh,males,252
census-india-2011,sources/census-2011/c-series/state-mdds/c01-33-tamil-nadu.xls,5766414c82e96d26,census-c01-extract-v1.1.0-20260528T003618Z,C0101,33,631,00000,000000,District - Krishnagiri,total,sikh,females,216
census-india-2011,sources/census-2011/c-series/state-mdds/c01-33-tamil-nadu.xls,5766414c82e96d26,census-c01-extract-v1.1.0-20260528T003618Z,C0101,33,631,00000,000000,District - Krishnagiri,total,buddhist,persons,121
census-india-2011,sources/census-2011/c-series/state-mdds/c01-33-tamil-nadu.xls,5766414c82e96d26,census-c01-extract-v1.1.0-20260528T003618Z,C0101,33,631,00000,000000,District - Krishnagiri,total,buddhist,males,65
census-india-2011,sources/census-2011/c-series/state-mdds/c01-33-tamil-nadu.xls,5766414c82e96d26,census-c01-extract-v1.1.0-20260528T003618Z,C0101,33,631,00000,000000,District - Krishnagiri,total,buddhist,females,56
census-india-2011,sources/census-2011/c-series/state-mdds/c01-33-tamil-nadu.xls,5766414c82e96d26,census-c01-extract-v1.1.0-20260528T003618Z,C0101,33,631,00000,000000,District - Krishnagiri,total,jain,persons,373
census-india-2011,sources/census-2011/c-series/state-mdds/c01-33-tamil-nadu.xls,5766414c82e96d26,census-c01-extract-v1.1.0-20260528T003618Z,C0101,33,631,00000,000000,District - Krishnagiri,total,jain,males,192
census-india-2011,sources/census-2011/c-series/state-mdds/c01-33-tamil-nadu.xls,5766414c82e96d26,census-c01-extract-v1.1.0-20260528T003618Z,C0101,33,631,00000,000000,District - Krishnagiri,total,jain,females,181
census-india-2011,sources/census-2011/c-series/state-mdds/c01-33-tamil-nadu.xls,5766414c82e96d26,census-c01-extract-v1.1.0-20260528T003618Z,C0101,33,631,00000,000000,District - Krishnagiri,total,other,persons,221
census-india-2011,sources/census-2011/c-series/state-mdds/c01-33-tamil-nadu.xls,5766414c82e96d26,census-c01-extract-v1.1.0-20260528T003618Z,C0101,33,631,00000,000000,District - Krishnagiri,total,other,males,107
census-india-2011,sources/census-2011/c-series/state-mdds/c01-33-tamil-nadu.xls,5766414c82e96d26,census-c01-extract-v1.1.0-20260528T003618Z,C0101,33,631,00000,000000,District - Krishnagiri,total,other,females,114
census-india-2011,sources/census-2011/c-series/state-mdds/c01-33-tamil-nadu.xls,5766414c82e96d26,census-c01-extract-v1.1.0-20260528T003618Z,C0101,33,631,00000,000000,District - Krishnagiri,total,not_stated,persons,3630
census-india-2011,sources/census-2011/c-series/state-mdds/c01-33-tamil-nadu.xls,5766414c82e96d26,census-c01-extract-v1.1.0-20260528T003618Z,C0101,33,631,00000,000000,District - Krishnagiri,total,not_stated,males,1780
census-india-2011,sources/census-2011/c-series/state-mdds/c01-33-tamil-nadu.xls,5766414c82e96d26,census-c01-extract-v1.1.0-20260528T003618Z,C0101,33,631,00000,000000,District - Krishnagiri,total,not_stated,females,1850
census-india-2011,sources/census-2011/c-series/state-mdds/c01-33-tamil-nadu.xls,5766414c82e96d26,census-c01-extract-v1.1.0-20260528T003618Z,C0101,33,631,00000,000000,District - Krishnagiri,rural,all,persons,1451446
census-india-2011,sources/census-2011/c-series/state-mdds/c01-33-tamil-nadu.xls,5766414c82e96d26,census-c01-extract-v1.1.0-20260528T003618Z,C0101,33,631,00000,000000,District - Krishnagiri,rural,all,males,742444
census-india-2011,sources/census-2011/c-series/state-mdds/c01-33-tamil-nadu.xls,5766414c82e96d26,census-c01-extract-v1.1.0-20260528T003618Z,C0101,33,631,00000,000000,District - Krishnagiri,rural,all,females,709002
census-india-2011,sources/census-2011/c-series/state-mdds/c01-33-tamil-nadu.xls,5766414c82e96d26,census-c01-extract-v1.1.0-20260528T003618Z,C0101,33,631,00000,000000,District - Krishnagiri,rural,hindu,persons,1367670
census-india-2011,sources/census-2011/c-series/state-mdds/c01-33-tamil-nadu.xls,5766414c82e96d26,census-c01-extract-v1.1.0-20260528T003618Z,C0101,33,631,00000,000000,District - Krishnagiri,rural,hindu,males,700050
census-india-2011,sources/census-2011/c-series/state-mdds/c01-33-tamil-nadu.xls,5766414c82e96d26,census-c01-extract-v1.1.0-20260528T003618Z,C0101,33,631,00000,000000,District - Krishnagiri,rural,hindu,females,667620
census-india-2011,sources/census-2011/c-series/state-mdds/c01-33-tamil-nadu.xls,5766414c82e96d26,census-c01-extract-v1.1.0-20260528T003618Z,C0101,33,631,00000,000000,District - Krishnagiri,rural,muslim,persons,61039
census-india-2011,sources/census-2011/c-series/state-mdds/c01-33-tamil-nadu.xls,5766414c82e96d26,census-c01-extract-v1.1.0-20260528T003618Z,C0101,33,631,00000,000000,District - Krishnagiri,rural,muslim,males,31125
census-india-2011,sources/census-2011/c-series/state-mdds/c01-33-tamil-nadu.xls,5766414c82e96d26,census-c01-extract-v1.1.0-20260528T003618Z,C0101,33,631,00000,000000,District - Krishnagiri,rural,muslim,females,29914
census-india-2011,sources/census-2011/c-series/state-mdds/c01-33-tamil-nadu.xls,5766414c82e96d26,census-c01-extract-v1.1.0-20260528T003618Z,C0101,33,631,00000,000000,District - Krishnagiri,rural,christian,persons,19064
census-india-2011,sources/census-2011/c-series/state-mdds/c01-33-tamil-nadu.xls,5766414c82e96d26,census-c01-extract-v1.1.0-20260528T003618Z,C0101,33,631,00000,000000,District - Krishnagiri,rural,christian,males,9432
census-india-2011,sources/census-2011/c-series/state-mdds/c01-33-tamil-nadu.xls,5766414c82e96d26,census-c01-extract-v1.1.0-20260528T003618Z,C0101,33,631,00000,000000,District - Krishnagiri,rural,christian,females,9632
census-india-2011,sources/census-2011/c-series/state-mdds/c01-33-tamil-nadu.xls,5766414c82e96d26,census-c01-extract-v1.1.0-20260528T003618Z,C0101,33,631,00000,000000,District - Krishnagiri,rural,sikh,persons,245
census-india-2011,sources/census-2011/c-series/state-mdds/c01-33-tamil-nadu.xls,5766414c82e96d26,census-c01-extract-v1.1.0-20260528T003618Z,C0101,33,631,00000,000000,District - Krishnagiri,rural,sikh,males,130
census-india-2011,sources/census-2011/c-series/state-mdds/c01-33-tamil-nadu.xls,5766414c82e96d26,census-c01-extract-v1.1.0-20260528T003618Z,C0101,33,631,00000,000000,District - Krishnagiri,rural,sikh,females,115
census-india-2011,sources/census-2011/c-series/state-mdds/c01-33-tamil-nadu.xls,5766414c82e96d26,census-c01-extract-v1.1.0-20260528T003618Z,C0101,33,631,00000,000000,District - Krishnagiri,rural,buddhist,persons,82
census-india-2011,sources/census-2011/c-series/state-mdds/c01-33-tamil-nadu.xls,5766414c82e96d26,census-c01-extract-v1.1.0-20260528T003618Z,C0101,33,631,00000,000000,District - Krishnagiri,rural,buddhist,males,42
census-india-2011,sources/census-2011/c-series/state-mdds/c01-33-tamil-nadu.xls,5766414c82e96d26,census-c01-extract-v1.1.0-20260528T003618Z,C0101,33,631,00000,000000,District - Krishnagiri,rural,buddhist,females,40
census-india-2011,sources/census-2011/c-series/state-mdds/c01-33-tamil-nadu.xls,5766414c82e96d26,census-c01-extract-v1.1.0-20260528T003618Z,C0101,33,631,00000,000000,District - Krishnagiri,rural,jain,persons,97
census-india-2011,sources/census-2011/c-series/state-mdds/c01-33-tamil-nadu.xls,5766414c82e96d26,census-c01-extract-v1.1.0-20260528T003618Z,C0101,33,631,00000,000000,District - Krishnagiri,rural,jain,males,46
census-india-2011,sources/census-2011/c-series/state-mdds/c01-33-tamil-nadu.xls,5766414c82e96d26,census-c01-extract-v1.1.0-20260528T003618Z,C0101,33,631,00000,000000,District - Krishnagiri,rural,jain,females,51
census-india-2011,sources/census-2011/c-series/state-mdds/c01-33-tamil-nadu.xls,5766414c82e96d26,census-c01-extract-v1.1.0-20260528T003618Z,C0101,33,631,00000,000000,District - Krishnagiri,rural,other,persons,150
census-india-2011,sources/census-2011/c-series/state-mdds/c01-33-tamil-nadu.xls,5766414c82e96d26,census-c01-extract-v1.1.0-20260528T003618Z,C0101,33,631,00000,000000,District - Krishnagiri,rural,other,males,73
census-india-2011,sources/census-2011/c-series/state-mdds/c01-33-tamil-nadu.xls,5766414c82e96d26,census-c01-extract-v1.1.0-20260528T003618Z,C0101,33,631,00000,000000,District - Krishnagiri,rural,other,females,77
census-india-2011,sources/census-2011/c-series/state-mdds/c01-33-tamil-nadu.xls,5766414c82e96d26,census-c01-extract-v1.1.0-20260528T003618Z,C0101,33,631,00000,000000,District - Krishnagiri,rural,not_stated,persons,3099
census-india-2011,sources/census-2011/c-series/state-mdds/c01-33-tamil-nadu.xls,5766414c82e96d26,census-c01-extract-v1.1.0-20260528T003618Z,C0101,33,631,00000,000000,District - Krishnagiri,rural,not_stated,males,1546
census-india-2011,sources/census-2011/c-series/state-mdds/c01-33-tamil-nadu.xls,5766414c82e96d26,census-c01-extract-v1.1.0-20260528T003618Z,C0101,33,631,00000,000000,District - Krishnagiri,rural,not_stated,females,1553
census-india-2011,sources/census-2011/c-series/state-mdds/c01-33-tamil-nadu.xls,5766414c82e96d26,census-c01-extract-v1.1.0-20260528T003618Z,C0101,33,631,00000,000000,District - Krishnagiri,urban,all,persons,428363
census-india-2011,sources/census-2011/c-series/state-mdds/c01-33-tamil-nadu.xls,5766414c82e96d26,census-c01-extract-v1.1.0-20260528T003618Z,C0101,33,631,00000,000000,District - Krishnagiri,urban,all,males,217788
census-india-2011,sources/census-2011/c-series/state-mdds/c01-33-tamil-nadu.xls,5766414c82e96d26,census-c01-extract-v1.1.0-20260528T003618Z,C0101,33,631,00000,000000,District - Krishnagiri,urban,all,females,210575
census-india-2011,sources/census-2011/c-series/state-mdds/c01-33-tamil-nadu.xls,5766414c82e96d26,census-c01-extract-v1.1.0-20260528T003618Z,C0101,33,631,00000,000000,District - Krishnagiri,urban,hindu,persons,356067
census-india-2011,sources/census-2011/c-series/state-mdds/c01-33-tamil-nadu.xls,5766414c82e96d26,census-c01-extract-v1.1.0-20260528T003618Z,C0101,33,631,00000,000000,District - Krishnagiri,urban,hindu,males,181346
census-india-2011,sources/census-2011/c-series/state-mdds/c01-33-tamil-nadu.xls,5766414c82e96d26,census-c01-extract-v1.1.0-20260528T003618Z,C0101,33,631,00000,000000,District - Krishnagiri,urban,hindu,females,174721
census-india-2011,sources/census-2011/c-series/state-mdds/c01-33-tamil-nadu.xls,5766414c82e96d26,census-c01-extract-v1.1.0-20260528T003618Z,C0101,33,631,00000,000000,District - Krishnagiri,urban,muslim,persons,54264
census-india-2011,sources/census-2011/c-series/state-mdds/c01-33-tamil-nadu.xls,5766414c82e96d26,census-c01-extract-v1.1.0-20260528T003618Z,C0101,33,631,00000,000000,District - Krishnagiri,urban,muslim,males,27483
census-india-2011,sources/census-2011/c-series/state-mdds/c01-33-tamil-nadu.xls,5766414c82e96d26,census-c01-extract-v1.1.0-20260528T003618Z,C0101,33,631,00000,000000,District - Krishnagiri,urban,muslim,females,26781
census-india-2011,sources/census-2011/c-series/state-mdds/c01-33-tamil-nadu.xls,5766414c82e96d26,census-c01-extract-v1.1.0-20260528T003618Z,C0101,33,631,00000,000000,District - Krishnagiri,urban,christian,persons,16892
census-india-2011,sources/census-2011/c-series/state-mdds/c01-33-tamil-nadu.xls,5766414c82e96d26,census-c01-extract-v1.1.0-20260528T003618Z,C0101,33,631,00000,000000,District - Krishnagiri,urban,christian,males,8400
census-india-2011,sources/census-2011/c-series/state-mdds/c01-33-tamil-nadu.xls,5766414c82e96d26,census-c01-extract-v1.1.0-20260528T003618Z,C0101,33,631,00000,000000,District - Krishnagiri,urban,christian,females,8492
census-india-2011,sources/census-2011/c-series/state-mdds/c01-33-tamil-nadu.xls,5766414c82e96d26,census-c01-extract-v1.1.0-20260528T003618Z,C0101,33,631,00000,000000,District - Krishnagiri,urban,sikh,persons,223
census-india-2011,sources/census-2011/c-series/state-mdds/c01-33-tamil-nadu.xls,5766414c82e96d26,census-c01-extract-v1.1.0-20260528T003618Z,C0101,33,631,00000,000000,District - Krishnagiri,urban,sikh,males,122
census-india-2011,sources/census-2011/c-series/state-mdds/c01-33-tamil-nadu.xls,5766414c82e96d26,census-c01-extract-v1.1.0-20260528T003618Z,C0101,33,631,00000,000000,District - Krishnagiri,urban,sikh,females,101
census-india-2011,sources/census-2011/c-series/state-mdds/c01-33-tamil-nadu.xls,5766414c82e96d26,census-c01-extract-v1.1.0-20260528T003618Z,C0101,33,631,00000,000000,District - Krishnagiri,urban,buddhist,persons,39
census-india-2011,sources/census-2011/c-series/state-mdds/c01-33-tamil-nadu.xls,5766414c82e96d26,census-c01-extract-v1.1.0-20260528T003618Z,C0101,33,631,00000,000000,District - Krishnagiri,urban,buddhist,males,23
census-india-2011,sources/census-2011/c-series/state-mdds/c01-33-tamil-nadu.xls,5766414c82e96d26,census-c01-extract-v1.1.0-20260528T003618Z,C0101,33,631,00000,000000,District - Krishnagiri,urban,buddhist,females,16
census-india-2011,sources/census-2011/c-series/state-mdds/c01-33-tamil-nadu.xls,5766414c82e96d26,census-c01-extract-v1.1.0-20260528T003618Z,C0101,33,631,00000,000000,District - Krishnagiri,urban,jain,persons,276
census-india-2011,sources/census-2011/c-series/state-mdds/c01-33-tamil-nadu.xls,5766414c82e96d26,census-c01-extract-v1.1.0-20260528T003618Z,C0101,33,631,00000,000000,District - Krishnagiri,urban,jain,males,146
census-india-2011,sources/census-2011/c-series/state-mdds/c01-33-tamil-nadu.xls,5766414c82e96d26,census-c01-extract-v1.1.0-20260528T003618Z,C0101,33,631,00000,000000,District - Krishnagiri,urban,jain,females,130
census-india-2011,sources/census-2011/c-series/state-mdds/c01-33-tamil-nadu.xls,5766414c82e96d26,census-c01-extract-v1.1.0-20260528T003618Z,C0101,33,631,00000,000000,District - Krishnagiri,urban,other,persons,71
census-india-2011,sources/census-2011/c-series/state-mdds/c01-33-tamil-nadu.xls,5766414c82e96d26,census-c01-extract-v1.1.0-20260528T003618Z,C0101,33,631,00000,000000,District - Krishnagiri,urban,other,males,34
census-india-2011,sources/census-2011/c-series/state-mdds/c01-33-tamil-nadu.xls,5766414c82e96d26,census-c01-extract-v1.1.0-20260528T003618Z,C0101,33,631,00000,000000,District - Krishnagiri,urban,other,females,37
census-india-2011,sources/census-2011/c-series/state-mdds/c01-33-tamil-nadu.xls,5766414c82e96d26,census-c01-extract-v1.1.0-20260528T003618Z,C0101,33,631,00000,000000,District - Krishnagiri,urban,not_stated,persons,531
census-india-2011,sources/census-2011/c-series/state-mdds/c01-33-tamil-nadu.xls,5766414c82e96d26,census-c01-extract-v1.1.0-20260528T003618Z,C0101,33,631,00000,000000,District - Krishnagiri,urban,not_stated,males,234
census-india-2011,sources/census-2011/c-series/state-mdds/c01-33-tamil-nadu.xls,5766414c82e96d26,census-c01-extract-v1.1.0-20260528T003618Z,C0101,33,631,00000,000000,District - Krishnagiri,urban,not_stated,females,297
census-india-2011,sources/census-2011/c-series/state-mdds/c01-33-tamil-nadu.xls,5766414c82e96d26,census-c01-extract-v1.1.0-20260528T003618Z,C0101,33,632,00000,000000,District - Coimbatore,total,all,persons,3458045
census-india-2011,sources/census-2011/c-series/state-mdds/c01-33-tamil-nadu.xls,5766414c82e96d26,census-c01-extract-v1.1.0-20260528T003618Z,C0101,33,632,00000,000000,District - Coimbatore,total,all,males,1729297
census-india-2011,sources/census-2011/c-series/state-mdds/c01-33-tamil-nadu.xls,5766414c82e96d26,census-c01-extract-v1.1.0-20260528T003618Z,C0101,33,632,00000,000000,District - Coimbatore,total,all,females,1728748
census-india-2011,sources/census-2011/c-series/state-mdds/c01-33-tamil-nadu.xls,5766414c82e96d26,census-c01-extract-v1.1.0-20260528T003618Z,C0101,33,632,00000,000000,District - Coimbatore,total,hindu,persons,3044145
census-india-2011,sources/census-2011/c-series/state-mdds/c01-33-tamil-nadu.xls,5766414c82e96d26,census-c01-extract-v1.1.0-20260528T003618Z,C0101,33,632,00000,000000,District - Coimbatore,total,hindu,males,1524074
census-india-2011,sources/census-2011/c-series/state-mdds/c01-33-tamil-nadu.xls,5766414c82e96d26,census-c01-extract-v1.1.0-20260528T003618Z,C0101,33,632,00000,000000,District - Coimbatore,total,hindu,females,1520071
census-india-2011,sources/census-2011/c-series/state-mdds/c01-33-tamil-nadu.xls,5766414c82e96d26,census-c01-extract-v1.1.0-20260528T003618Z,C0101,33,632,00000,000000,District - Coimbatore,total,muslim,persons,211035
census-india-2011,sources/census-2011/c-series/state-mdds/c01-33-tamil-nadu.xls,5766414c82e96d26,census-c01-extract-v1.1.0-20260528T003618Z,C0101,33,632,00000,000000,District - Coimbatore,total,muslim,males,105692
census-india-2011,sources/census-2011/c-series/state-mdds/c01-33-tamil-nadu.xls,5766414c82e96d26,census-c01-extract-v1.1.0-20260528T003618Z,C0101,33,632,00000,000000,District - Coimbatore,total,muslim,females,105343
census-india-2011,sources/census-2011/c-series/state-mdds/c01-33-tamil-nadu.xls,5766414c82e96d26,census-c01-extract-v1.1.0-20260528T003618Z,C0101,33,632,00000,000000,District - Coimbatore,total,christian,persons,190314
census-india-2011,sources/census-2011/c-series/state-mdds/c01-33-tamil-nadu.xls,5766414c82e96d26,census-c01-extract-v1.1.0-20260528T003618Z,C0101,33,632,00000,000000,District - Coimbatore,total,christian,males,93494
census-india-2011,sources/census-2011/c-series/state-mdds/c01-33-tamil-nadu.xls,5766414c82e96d26,census-c01-extract-v1.1.0-20260528T003618Z,C0101,33,632,00000,000000,District - Coimbatore,total,christian,females,96820
census-india-2011,sources/census-2011/c-series/state-mdds/c01-33-tamil-nadu.xls,5766414c82e96d26,census-c01-extract-v1.1.0-20260528T003618Z,C0101,33,632,00000,000000,District - Coimbatore,total,sikh,persons,1112
census-india-2011,sources/census-2011/c-series/state-mdds/c01-33-tamil-nadu.xls,5766414c82e96d26,census-c01-extract-v1.1.0-20260528T003618Z,C0101,33,632,00000,000000,District - Coimbatore,total,sikh,males,619
census-india-2011,sources/census-2011/c-series/state-mdds/c01-33-tamil-nadu.xls,5766414c82e96d26,census-c01-extract-v1.1.0-20260528T003618Z,C0101,33,632,00000,000000,District - Coimbatore,total,sikh,females,493
census-india-2011,sources/census-2011/c-series/state-mdds/c01-33-tamil-nadu.xls,5766414c82e96d26,census-c01-extract-v1.1.0-20260528T003618Z,C0101,33,632,00000,000000,District - Coimbatore,total,buddhist,persons,435
census-india-2011,sources/census-2011/c-series/state-mdds/c01-33-tamil-nadu.xls,5766414c82e96d26,census-c01-extract-v1.1.0-20260528T003618Z,C0101,33,632,00000,000000,District - Coimbatore,total,buddhist,males,229
census-india-2011,sources/census-2011/c-series/state-mdds/c01-33-tamil-nadu.xls,5766414c82e96d26,census-c01-extract-v1.1.0-20260528T003618Z,C0101,33,632,00000,000000,District - Coimbatore,total,buddhist,females,206
census-india-2011,sources/census-2011/c-series/state-mdds/c01-33-tamil-nadu.xls,5766414c82e96d26,census-c01-extract-v1.1.0-20260528T003618Z,C0101,33,632,00000,000000,District - Coimbatore,total,jain,persons,3284
census-india-2011,sources/census-2011/c-series/state-mdds/c01-33-tamil-nadu.xls,5766414c82e96d26,census-c01-extract-v1.1.0-20260528T003618Z,C0101,33,632,00000,000000,District - Coimbatore,total,jain,males,1669
census-india-2011,sources/census-2011/c-series/state-mdds/c01-33-tamil-nadu.xls,5766414c82e96d26,census-c01-extract-v1.1.0-20260528T003618Z,C0101,33,632,00000,000000,District - Coimbatore,total,jain,females,1615
census-india-2011,sources/census-2011/c-series/state-mdds/c01-33-tamil-nadu.xls,5766414c82e96d26,census-c01-extract-v1.1.0-20260528T003618Z,C0101,33,632,00000,000000,District - Coimbatore,total,other,persons,237
census-india-2011,sources/census-2011/c-series/state-mdds/c01-33-tamil-nadu.xls,5766414c82e96d26,census-c01-extract-v1.1.0-20260528T003618Z,C0101,33,632,00000,000000,District - Coimbatore,total,other,males,128
census-india-2011,sources/census-2011/c-series/state-mdds/c01-33-tamil-nadu.xls,5766414c82e96d26,census-c01-extract-v1.1.0-20260528T003618Z,C0101,33,632,00000,000000,District - Coimbatore,total,other,females,109
census-india-2011,sources/census-2011/c-series/state-mdds/c01-33-tamil-nadu.xls,5766414c82e96d26,census-c01-extract-v1.1.0-20260528T003618Z,C0101,33,632,00000,000000,District - Coimbatore,total,not_stated,persons,7483
census-india-2011,sources/census-2011/c-series/state-mdds/c01-33-tamil-nadu.xls,5766414c82e96d26,census-c01-extract-v1.1.0-20260528T003618Z,C0101,33,632,00000,000000,District - Coimbatore,total,not_stated,males,3392
census-india-2011,sources/census-2011/c-series/state-mdds/c01-33-tamil-nadu.xls,5766414c82e96d26,census-c01-extract-v1.1.0-20260528T003618Z,C0101,33,632,00000,000000,District - Coimbatore,total,not_stated,females,4091
census-india-2011,sources/census-2011/c-series/state-mdds/c01-33-tamil-nadu.xls,5766414c82e96d26,census-c01-extract-v1.1.0-20260528T003618Z,C0101,33,632,00000,000000,District - Coimbatore,rural,all,persons,839105
census-india-2011,sources/census-2011/c-series/state-mdds/c01-33-tamil-nadu.xls,5766414c82e96d26,census-c01-extract-v1.1.0-20260528T003618Z,C0101,33,632,00000,000000,District - Coimbatore,rural,all,males,419032
census-india-2011,sources/census-2011/c-series/state-mdds/c01-33-tamil-nadu.xls,5766414c82e96d26,census-c01-extract-v1.1.0-20260528T003618Z,C0101,33,632,00000,000000,District - Coimbatore,rural,all,females,420073
census-india-2011,sources/census-2011/c-series/state-mdds/c01-33-tamil-nadu.xls,5766414c82e96d26,census-c01-extract-v1.1.0-20260528T003618Z,C0101,33,632,00000,000000,District - Coimbatore,rural,hindu,persons,810879
census-india-2011,sources/census-2011/c-series/state-mdds/c01-33-tamil-nadu.xls,5766414c82e96d26,census-c01-extract-v1.1.0-20260528T003618Z,C0101,33,632,00000,000000,District - Coimbatore,rural,hindu,males,405017
census-india-2011,sources/census-2011/c-series/state-mdds/c01-33-tamil-nadu.xls,5766414c82e96d26,census-c01-extract-v1.1.0-20260528T003618Z,C0101,33,632,00000,000000,District - Coimbatore,rural,hindu,females,405862
census-india-2011,sources/census-2011/c-series/state-mdds/c01-33-tamil-nadu.xls,5766414c82e96d26,census-c01-extract-v1.1.0-20260528T003618Z,C0101,33,632,00000,000000,District - Coimbatore,rural,muslim,persons,11574
census-india-2011,sources/census-2011/c-series/state-mdds/c01-33-tamil-nadu.xls,5766414c82e96d26,census-c01-extract-v1.1.0-20260528T003618Z,C0101,33,632,00000,000000,District - Coimbatore,rural,muslim,males,5748
census-india-2011,sources/census-2011/c-series/state-mdds/c01-33-tamil-nadu.xls,5766414c82e96d26,census-c01-extract-v1.1.0-20260528T003618Z,C0101,33,632,00000,000000,District - Coimbatore,rural,muslim,females,5826
census-india-2011,sources/census-2011/c-series/state-mdds/c01-33-tamil-nadu.xls,5766414c82e96d26,census-c01-extract-v1.1.0-20260528T003618Z,C0101,33,632,00000,000000,District - Coimbatore,rural,christian,persons,14059
census-india-2011,sources/census-2011/c-series/state-mdds/c01-33-tamil-nadu.xls,5766414c82e96d26,census-c01-extract-v1.1.0-20260528T003618Z,C0101,33,632,00000,000000,District - Coimbatore,rural,christian,males,6992
census-india-2011,sources/census-2011/c-series/state-mdds/c01-33-tamil-nadu.xls,5766414c82e96d26,census-c01-extract-v1.1.0-20260528T003618Z,C0101,33,632,00000,000000,District - Coimbatore,rural,christian,females,7067
census-india-2011,sources/census-2011/c-series/state-mdds/c01-33-tamil-nadu.xls,5766414c82e96d26,census-c01-extract-v1.1.0-20260528T003618Z,C0101,33,632,00000,000000,District - Coimbatore,rural,sikh,persons,168
census-india-2011,sources/census-2011/c-series/state-mdds/c01-33-tamil-nadu.xls,5766414c82e96d26,census-c01-extract-v1.1.0-20260528T003618Z,C0101,33,632,00000,000000,District - Coimbatore,rural,sikh,males,95
census-india-2011,sources/census-2011/c-series/state-mdds/c01-33-tamil-nadu.xls,5766414c82e96d26,census-c01-extract-v1.1.0-20260528T003618Z,C0101,33,632,00000,000000,District - Coimbatore,rural,sikh,females,73
census-india-2011,sources/census-2011/c-series/state-mdds/c01-33-tamil-nadu.xls,5766414c82e96d26,census-c01-extract-v1.1.0-20260528T003618Z,C0101,33,632,00000,000000,District - Coimbatore,rural,buddhist,persons,55
census-india-2011,sources/census-2011/c-series/state-mdds/c01-33-tamil-nadu.xls,5766414c82e96d26,census-c01-extract-v1.1.0-20260528T003618Z,C0101,33,632,00000,000000,District - Coimbatore,rural,buddhist,males,31
census-india-2011,sources/census-2011/c-series/state-mdds/c01-33-tamil-nadu.xls,5766414c82e96d26,census-c01-extract-v1.1.0-20260528T003618Z,C0101,33,632,00000,000000,District - Coimbatore,rural,buddhist,females,24
census-india-2011,sources/census-2011/c-series/state-mdds/c01-33-tamil-nadu.xls,5766414c82e96d26,census-c01-extract-v1.1.0-20260528T003618Z,C0101,33,632,00000,000000,District - Coimbatore,rural,jain,persons,27
census-india-2011,sources/census-2011/c-series/state-mdds/c01-33-tamil-nadu.xls,5766414c82e96d26,census-c01-extract-v1.1.0-20260528T003618Z,C0101,33,632,00000,000000,District - Coimbatore,rural,jain,males,12
census-india-2011,sources/census-2011/c-series/state-mdds/c01-33-tamil-nadu.xls,5766414c82e96d26,census-c01-extract-v1.1.0-20260528T003618Z,C0101,33,632,00000,000000,District - Coimbatore,rural,jain,females,15
census-india-2011,sources/census-2011/c-series/state-mdds/c01-33-tamil-nadu.xls,5766414c82e96d26,census-c01-extract-v1.1.0-20260528T003618Z,C0101,33,632,00000,000000,District - Coimbatore,rural,other,persons,31
census-india-2011,sources/census-2011/c-series/state-mdds/c01-33-tamil-nadu.xls,5766414c82e96d26,census-c01-extract-v1.1.0-20260528T003618Z,C0101,33,632,00000,000000,District - Coimbatore,rural,other,males,14
census-india-2011,sources/census-2011/c-series/state-mdds/c01-33-tamil-nadu.xls,5766414c82e96d26,census-c01-extract-v1.1.0-20260528T003618Z,C0101,33,632,00000,000000,District - Coimbatore,rural,other,females,17
census-india-2011,sources/census-2011/c-series/state-mdds/c01-33-tamil-nadu.xls,5766414c82e96d26,census-c01-extract-v1.1.0-20260528T003618Z,C0101,33,632,00000,000000,District - Coimbatore,rural,not_stated,persons,2312
census-india-2011,sources/census-2011/c-series/state-mdds/c01-33-tamil-nadu.xls,5766414c82e96d26,census-c01-extract-v1.1.0-20260528T003618Z,C0101,33,632,00000,000000,District - Coimbatore,rural,not_stated,males,1123
census-india-2011,sources/census-2011/c-series/state-mdds/c01-33-tamil-nadu.xls,5766414c82e96d26,census-c01-extract-v1.1.0-20260528T003618Z,C0101,33,632,00000,000000,District - Coimbatore,rural,not_stated,females,1189
census-india-2011,sources/census-2011/c-series/state-mdds/c01-33-tamil-nadu.xls,5766414c82e96d26,census-c01-extract-v1.1.0-20260528T003618Z,C0101,33,632,00000,000000,District - Coimbatore,urban,all,persons,2618940
census-india-2011,sources/census-2011/c-series/state-mdds/c01-33-tamil-nadu.xls,5766414c82e96d26,census-c01-extract-v1.1.0-20260528T003618Z,C0101,33,632,00000,000000,District - Coimbatore,urban,all,males,1310265
census-india-2011,sources/census-2011/c-series/state-mdds/c01-33-tamil-nadu.xls,5766414c82e96d26,census-c01-extract-v1.1.0-20260528T003618Z,C0101,33,632,00000,000000,District - Coimbatore,urban,all,females,1308675
census-india-2011,sources/census-2011/c-series/state-mdds/c01-33-tamil-nadu.xls,5766414c82e96d26,census-c01-extract-v1.1.0-20260528T003618Z,C0101,33,632,00000,000000,District - Coimbatore,urban,hindu,persons,2233266
census-india-2011,sources/census-2011/c-series/state-mdds/c01-33-tamil-nadu.xls,5766414c82e96d26,census-c01-extract-v1.1.0-20260528T003618Z,C0101,33,632,00000,000000,District - Coimbatore,urban,hindu,males,1119057
census-india-2011,sources/census-2011/c-series/state-mdds/c01-33-tamil-nadu.xls,5766414c82e96d26,census-c01-extract-v1.1.0-20260528T003618Z,C0101,33,632,00000,000000,District - Coimbatore,urban,hindu,females,1114209
census-india-2011,sources/census-2011/c-series/state-mdds/c01-33-tamil-nadu.xls,5766414c82e96d26,census-c01-extract-v1.1.0-20260528T003618Z,C0101,33,632,00000,000000,District - Coimbatore,urban,muslim,persons,199461
census-india-2011,sources/census-2011/c-series/state-mdds/c01-33-tamil-nadu.xls,5766414c82e96d26,census-c01-extract-v1.1.0-20260528T003618Z,C0101,33,632,00000,000000,District - Coimbatore,urban,muslim,males,99944
census-india-2011,sources/census-2011/c-series/state-mdds/c01-33-tamil-nadu.xls,5766414c82e96d26,census-c01-extract-v1.1.0-20260528T003618Z,C0101,33,632,00000,000000,District - Coimbatore,urban,muslim,females,99517
census-india-2011,sources/census-2011/c-series/state-mdds/c01-33-tamil-nadu.xls,5766414c82e96d26,census-c01-extract-v1.1.0-20260528T003618Z,C0101,33,632,00000,000000,District - Coimbatore,urban,christian,persons,176255
census-india-2011,sources/census-2011/c-series/state-mdds/c01-33-tamil-nadu.xls,5766414c82e96d26,census-c01-extract-v1.1.0-20260528T003618Z,C0101,33,632,00000,000000,District - Coimbatore,urban,christian,males,86502
census-india-2011,sources/census-2011/c-series/state-mdds/c01-33-tamil-nadu.xls,5766414c82e96d26,census-c01-extract-v1.1.0-20260528T003618Z,C0101,33,632,00000,000000,District - Coimbatore,urban,christian,females,89753
census-india-2011,sources/census-2011/c-series/state-mdds/c01-33-tamil-nadu.xls,5766414c82e96d26,census-c01-extract-v1.1.0-20260528T003618Z,C0101,33,632,00000,000000,District - Coimbatore,urban,sikh,persons,944
census-india-2011,sources/census-2011/c-series/state-mdds/c01-33-tamil-nadu.xls,5766414c82e96d26,census-c01-extract-v1.1.0-20260528T003618Z,C0101,33,632,00000,000000,District - Coimbatore,urban,sikh,males,524
census-india-2011,sources/census-2011/c-series/state-mdds/c01-33-tamil-nadu.xls,5766414c82e96d26,census-c01-extract-v1.1.0-20260528T003618Z,C0101,33,632,00000,000000,District - Coimbatore,urban,sikh,females,420
census-india-2011,sources/census-2011/c-series/state-mdds/c01-33-tamil-nadu.xls,5766414c82e96d26,census-c01-extract-v1.1.0-20260528T003618Z,C0101,33,632,00000,000000,District - Coimbatore,urban,buddhist,persons,380
census-india-2011,sources/census-2011/c-series/state-mdds/c01-33-tamil-nadu.xls,5766414c82e96d26,census-c01-extract-v1.1.0-20260528T003618Z,C0101,33,632,00000,000000,District - Coimbatore,urban,buddhist,males,198
census-india-2011,sources/census-2011/c-series/state-mdds/c01-33-tamil-nadu.xls,5766414c82e96d26,census-c01-extract-v1.1.0-20260528T003618Z,C0101,33,632,00000,000000,District - Coimbatore,urban,buddhist,females,182
census-india-2011,sources/census-2011/c-series/state-mdds/c01-33-tamil-nadu.xls,5766414c82e96d26,census-c01-extract-v1.1.0-20260528T003618Z,C0101,33,632,00000,000000,District - Coimbatore,urban,jain,persons,3257
census-india-2011,sources/census-2011/c-series/state-mdds/c01-33-tamil-nadu.xls,5766414c82e96d26,census-c01-extract-v1.1.0-20260528T003618Z,C0101,33,632,00000,000000,District - Coimbatore,urban,jain,males,1657
census-india-2011,sources/census-2011/c-series/state-mdds/c01-33-tamil-nadu.xls,5766414c82e96d26,census-c01-extract-v1.1.0-20260528T003618Z,C0101,33,632,00000,000000,District - Coimbatore,urban,jain,females,1600
census-india-2011,sources/census-2011/c-series/state-mdds/c01-33-tamil-nadu.xls,5766414c82e96d26,census-c01-extract-v1.1.0-20260528T003618Z,C0101,33,632,00000,000000,District - Coimbatore,urban,other,persons,206
census-india-2011,sources/census-2011/c-series/state-mdds/c01-33-tamil-nadu.xls,5766414c82e96d26,census-c01-extract-v1.1.0-20260528T003618Z,C0101,33,632,00000,000000,District - Coimbatore,urban,other,males,114
census-india-2011,sources/census-2011/c-series/state-mdds/c01-33-tamil-nadu.xls,5766414c82e96d26,census-c01-extract-v1.1.0-20260528T003618Z,C0101,33,632,00000,000000,District - Coimbatore,urban,other,females,92
census-india-2011,sources/census-2011/c-series/state-mdds/c01-33-tamil-nadu.xls,5766414c82e96d26,census-c01-extract-v1.1.0-20260528T003618Z,C0101,33,632,00000,000000,District - Coimbatore,urban,not_stated,persons,5171
census-india-2011,sources/census-2011/c-series/state-mdds/c01-33-tamil-nadu.xls,5766414c82e96d26,census-c01-extract-v1.1.0-20260528T003618Z,C0101,33,632,00000,000000,District - Coimbatore,urban,not_stated,males,2269
census-india-2011,sources/census-2011/c-series/state-mdds/c01-33-tamil-nadu.xls,5766414c82e96d26,census-c01-extract-v1.1.0-20260528T003618Z,C0101,33,632,00000,000000,District - Coimbatore,urban,not_stated,females,2902
census-india-2011,sources/census-2011/c-series/state-mdds/c01-33-tamil-nadu.xls,5766414c82e96d26,census-c01-extract-v1.1.0-20260528T003618Z,C0101,33,633,00000,000000,District - Tiruppur,total,all,persons,2479052
census-india-2011,sources/census-2011/c-series/state-mdds/c01-33-tamil-nadu.xls,5766414c82e96d26,census-c01-extract-v1.1.0-20260528T003618Z,C0101,33,633,00000,000000,District - Tiruppur,total,all,males,1246159
census-india-2011,sources/census-2011/c-series/state-mdds/c01-33-tamil-nadu.xls,5766414c82e96d26,census-c01-extract-v1.1.0-20260528T003618Z,C0101,33,633,00000,000000,District - Tiruppur,total,all,females,1232893
census-india-2011,sources/census-2011/c-series/state-mdds/c01-33-tamil-nadu.xls,5766414c82e96d26,census-c01-extract-v1.1.0-20260528T003618Z,C0101,33,633,00000,000000,District - Tiruppur,total,hindu,persons,2278835
census-india-2011,sources/census-2011/c-series/state-mdds/c01-33-tamil-nadu.xls,5766414c82e96d26,census-c01-extract-v1.1.0-20260528T003618Z,C0101,33,633,00000,000000,District - Tiruppur,total,hindu,males,1146733
census-india-2011,sources/census-2011/c-series/state-mdds/c01-33-tamil-nadu.xls,5766414c82e96d26,census-c01-extract-v1.1.0-20260528T003618Z,C0101,33,633,00000,000000,District - Tiruppur,total,hindu,females,1132102
census-india-2011,sources/census-2011/c-series/state-mdds/c01-33-tamil-nadu.xls,5766414c82e96d26,census-c01-extract-v1.1.0-20260528T003618Z,C0101,33,633,00000,000000,District - Tiruppur,total,muslim,persons,123983
census-india-2011,sources/census-2011/c-series/state-mdds/c01-33-tamil-nadu.xls,5766414c82e96d26,census-c01-extract-v1.1.0-20260528T003618Z,C0101,33,633,00000,000000,District - Tiruppur,total,muslim,males,61835
census-india-2011,sources/census-2011/c-series/state-mdds/c01-33-tamil-nadu.xls,5766414c82e96d26,census-c01-extract-v1.1.0-20260528T003618Z,C0101,33,633,00000,000000,District - Tiruppur,total,muslim,females,62148
census-india-2011,sources/census-2011/c-series/state-mdds/c01-33-tamil-nadu.xls,5766414c82e96d26,census-c01-extract-v1.1.0-20260528T003618Z,C0101,33,633,00000,000000,District - Tiruppur,total,christian,persons,70015
census-india-2011,sources/census-2011/c-series/state-mdds/c01-33-tamil-nadu.xls,5766414c82e96d26,census-c01-extract-v1.1.0-20260528T003618Z,C0101,33,633,00000,000000,District - Tiruppur,total,christian,males,34509
census-india-2011,sources/census-2011/c-series/state-mdds/c01-33-tamil-nadu.xls,5766414c82e96d26,census-c01-extract-v1.1.0-20260528T003618Z,C0101,33,633,00000,000000,District - Tiruppur,total,christian,females,35506
census-india-2011,sources/census-2011/c-series/state-mdds/c01-33-tamil-nadu.xls,5766414c82e96d26,census-c01-extract-v1.1.0-20260528T003618Z,C0101,33,633,00000,000000,District - Tiruppur,total,sikh,persons,455
census-india-2011,sources/census-2011/c-series/state-mdds/c01-33-tamil-nadu.xls,5766414c82e96d26,census-c01-extract-v1.1.0-20260528T003618Z,C0101,33,633,00000,000000,District - Tiruppur,total,sikh,males,282
census-india-2011,sources/census-2011/c-series/state-mdds/c01-33-tamil-nadu.xls,5766414c82e96d26,census-c01-extract-v1.1.0-20260528T003618Z,C0101,33,633,00000,000000,District - Tiruppur,total,sikh,females,173
census-india-2011,sources/census-2011/c-series/state-mdds/c01-33-tamil-nadu.xls,5766414c82e96d26,census-c01-extract-v1.1.0-20260528T003618Z,C0101,33,633,00000,000000,District - Tiruppur,total,buddhist,persons,198
census-india-2011,sources/census-2011/c-series/state-mdds/c01-33-tamil-nadu.xls,5766414c82e96d26,census-c01-extract-v1.1.0-20260528T003618Z,C0101,33,633,00000,000000,District - Tiruppur,total,buddhist,males,109
census-india-2011,sources/census-2011/c-series/state-mdds/c01-33-tamil-nadu.xls,5766414c82e96d26,census-c01-extract-v1.1.0-20260528T003618Z,C0101,33,633,00000,000000,District - Tiruppur,total,buddhist,females,89
census-india-2011,sources/census-2011/c-series/state-mdds/c01-33-tamil-nadu.xls,5766414c82e96d26,census-c01-extract-v1.1.0-20260528T003618Z,C0101,33,633,00000,000000,District - Tiruppur,total,jain,persons,371
census-india-2011,sources/census-2011/c-series/state-mdds/c01-33-tamil-nadu.xls,5766414c82e96d26,census-c01-extract-v1.1.0-20260528T003618Z,C0101,33,633,00000,000000,District - Tiruppur,total,jain,males,195
census-india-2011,sources/census-2011/c-series/state-mdds/c01-33-tamil-nadu.xls,5766414c82e96d26,census-c01-extract-v1.1.0-20260528T003618Z,C0101,33,633,00000,000000,District - Tiruppur,total,jain,females,176
census-india-2011,sources/census-2011/c-series/state-mdds/c01-33-tamil-nadu.xls,5766414c82e96d26,census-c01-extract-v1.1.0-20260528T003618Z,C0101,33,633,00000,000000,District - Tiruppur,total,other,persons,119
census-india-2011,sources/census-2011/c-series/state-mdds/c01-33-tamil-nadu.xls,5766414c82e96d26,census-c01-extract-v1.1.0-20260528T003618Z,C0101,33,633,00000,000000,District - Tiruppur,total,other,males,62
census-india-2011,sources/census-2011/c-series/state-mdds/c01-33-tamil-nadu.xls,5766414c82e96d26,census-c01-extract-v1.1.0-20260528T003618Z,C0101,33,633,00000,000000,District - Tiruppur,total,other,females,57
census-india-2011,sources/census-2011/c-series/state-mdds/c01-33-tamil-nadu.xls,5766414c82e96d26,census-c01-extract-v1.1.0-20260528T003618Z,C0101,33,633,00000,000000,District - Tiruppur,total,not_stated,persons,5076
census-india-2011,sources/census-2011/c-series/state-mdds/c01-33-tamil-nadu.xls,5766414c82e96d26,census-c01-extract-v1.1.0-20260528T003618Z,C0101,33,633,00000,000000,District - Tiruppur,total,not_stated,males,2434
census-india-2011,sources/census-2011/c-series/state-mdds/c01-33-tamil-nadu.xls,5766414c82e96d26,census-c01-extract-v1.1.0-20260528T003618Z,C0101,33,633,00000,000000,District - Tiruppur,total,not_stated,females,2642
census-india-2011,sources/census-2011/c-series/state-mdds/c01-33-tamil-nadu.xls,5766414c82e96d26,census-c01-extract-v1.1.0-20260528T003618Z,C0101,33,633,00000,000000,District - Tiruppur,rural,all,persons,957941
census-india-2011,sources/census-2011/c-series/state-mdds/c01-33-tamil-nadu.xls,5766414c82e96d26,census-c01-extract-v1.1.0-20260528T003618Z,C0101,33,633,00000,000000,District - Tiruppur,rural,all,males,479309
census-india-2011,sources/census-2011/c-series/state-mdds/c01-33-tamil-nadu.xls,5766414c82e96d26,census-c01-extract-v1.1.0-20260528T003618Z,C0101,33,633,00000,000000,District - Tiruppur,rural,all,females,478632
census-india-2011,sources/census-2011/c-series/state-mdds/c01-33-tamil-nadu.xls,5766414c82e96d26,census-c01-extract-v1.1.0-20260528T003618Z,C0101,33,633,00000,000000,District - Tiruppur,rural,hindu,persons,924970
census-india-2011,sources/census-2011/c-series/state-mdds/c01-33-tamil-nadu.xls,5766414c82e96d26,census-c01-extract-v1.1.0-20260528T003618Z,C0101,33,633,00000,000000,District - Tiruppur,rural,hindu,males,463026
census-india-2011,sources/census-2011/c-series/state-mdds/c01-33-tamil-nadu.xls,5766414c82e96d26,census-c01-extract-v1.1.0-20260528T003618Z,C0101,33,633,00000,000000,District - Tiruppur,rural,hindu,females,461944
census-india-2011,sources/census-2011/c-series/state-mdds/c01-33-tamil-nadu.xls,5766414c82e96d26,census-c01-extract-v1.1.0-20260528T003618Z,C0101,33,633,00000,000000,District - Tiruppur,rural,muslim,persons,13877
census-india-2011,sources/census-2011/c-series/state-mdds/c01-33-tamil-nadu.xls,5766414c82e96d26,census-c01-extract-v1.1.0-20260528T003618Z,C0101,33,633,00000,000000,District - Tiruppur,rural,muslim,males,6871
census-india-2011,sources/census-2011/c-series/state-mdds/c01-33-tamil-nadu.xls,5766414c82e96d26,census-c01-extract-v1.1.0-20260528T003618Z,C0101,33,633,00000,000000,District - Tiruppur,rural,muslim,females,7006
census-india-2011,sources/census-2011/c-series/state-mdds/c01-33-tamil-nadu.xls,5766414c82e96d26,census-c01-extract-v1.1.0-20260528T003618Z,C0101,33,633,00000,000000,District - Tiruppur,rural,christian,persons,16586
census-india-2011,sources/census-2011/c-series/state-mdds/c01-33-tamil-nadu.xls,5766414c82e96d26,census-c01-extract-v1.1.0-20260528T003618Z,C0101,33,633,00000,000000,District - Tiruppur,rural,christian,males,8160
census-india-2011,sources/census-2011/c-series/state-mdds/c01-33-tamil-nadu.xls,5766414c82e96d26,census-c01-extract-v1.1.0-20260528T003618Z,C0101,33,633,00000,000000,District - Tiruppur,rural,christian,females,8426
census-india-2011,sources/census-2011/c-series/state-mdds/c01-33-tamil-nadu.xls,5766414c82e96d26,census-c01-extract-v1.1.0-20260528T003618Z,C0101,33,633,00000,000000,District - Tiruppur,rural,sikh,persons,113
census-india-2011,sources/census-2011/c-series/state-mdds/c01-33-tamil-nadu.xls,5766414c82e96d26,census-c01-extract-v1.1.0-20260528T003618Z,C0101,33,633,00000,000000,District - Tiruppur,rural,sikh,males,70
census-india-2011,sources/census-2011/c-series/state-mdds/c01-33-tamil-nadu.xls,5766414c82e96d26,census-c01-extract-v1.1.0-20260528T003618Z,C0101,33,633,00000,000000,District - Tiruppur,rural,sikh,females,43
census-india-2011,sources/census-2011/c-series/state-mdds/c01-33-tamil-nadu.xls,5766414c82e96d26,census-c01-extract-v1.1.0-20260528T003618Z,C0101,33,633,00000,000000,District - Tiruppur,rural,buddhist,persons,40
census-india-2011,sources/census-2011/c-series/state-mdds/c01-33-tamil-nadu.xls,5766414c82e96d26,census-c01-extract-v1.1.0-20260528T003618Z,C0101,33,633,00000,000000,District - Tiruppur,rural,buddhist,males,31
census-india-2011,sources/census-2011/c-series/state-mdds/c01-33-tamil-nadu.xls,5766414c82e96d26,census-c01-extract-v1.1.0-20260528T003618Z,C0101,33,633,00000,000000,District - Tiruppur,rural,buddhist,females,9
census-india-2011,sources/census-2011/c-series/state-mdds/c01-33-tamil-nadu.xls,5766414c82e96d26,census-c01-extract-v1.1.0-20260528T003618Z,C0101,33,633,00000,000000,District - Tiruppur,rural,jain,persons,21
census-india-2011,sources/census-2011/c-series/state-mdds/c01-33-tamil-nadu.xls,5766414c82e96d26,census-c01-extract-v1.1.0-20260528T003618Z,C0101,33,633,00000,000000,District - Tiruppur,rural,jain,males,15
census-india-2011,sources/census-2011/c-series/state-mdds/c01-33-tamil-nadu.xls,5766414c82e96d26,census-c01-extract-v1.1.0-20260528T003618Z,C0101,33,633,00000,000000,District - Tiruppur,rural,jain,females,6
census-india-2011,sources/census-2011/c-series/state-mdds/c01-33-tamil-nadu.xls,5766414c82e96d26,census-c01-extract-v1.1.0-20260528T003618Z,C0101,33,633,00000,000000,District - Tiruppur,rural,other,persons,26
census-india-2011,sources/census-2011/c-series/state-mdds/c01-33-tamil-nadu.xls,5766414c82e96d26,census-c01-extract-v1.1.0-20260528T003618Z,C0101,33,633,00000,000000,District - Tiruppur,rural,other,males,14
census-india-2011,sources/census-2011/c-series/state-mdds/c01-33-tamil-nadu.xls,5766414c82e96d26,census-c01-extract-v1.1.0-20260528T003618Z,C0101,33,633,00000,000000,District - Tiruppur,rural,other,females,12
census-india-2011,sources/census-2011/c-series/state-mdds/c01-33-tamil-nadu.xls,5766414c82e96d26,census-c01-extract-v1.1.0-20260528T003618Z,C0101,33,633,00000,000000,District - Tiruppur,rural,not_stated,persons,2308
census-india-2011,sources/census-2011/c-series/state-mdds/c01-33-tamil-nadu.xls,5766414c82e96d26,census-c01-extract-v1.1.0-20260528T003618Z,C0101,33,633,00000,000000,District - Tiruppur,rural,not_stated,males,1122
census-india-2011,sources/census-2011/c-series/state-mdds/c01-33-tamil-nadu.xls,5766414c82e96d26,census-c01-extract-v1.1.0-20260528T003618Z,C0101,33,633,00000,000000,District - Tiruppur,rural,not_stated,females,1186
census-india-2011,sources/census-2011/c-series/state-mdds/c01-33-tamil-nadu.xls,5766414c82e96d26,census-c01-extract-v1.1.0-20260528T003618Z,C0101,33,633,00000,000000,District - Tiruppur,urban,all,persons,1521111
census-india-2011,sources/census-2011/c-series/state-mdds/c01-33-tamil-nadu.xls,5766414c82e96d26,census-c01-extract-v1.1.0-20260528T003618Z,C0101,33,633,00000,000000,District - Tiruppur,urban,all,males,766850
census-india-2011,sources/census-2011/c-series/state-mdds/c01-33-tamil-nadu.xls,5766414c82e96d26,census-c01-extract-v1.1.0-20260528T003618Z,C0101,33,633,00000,000000,District - Tiruppur,urban,all,females,754261
census-india-2011,sources/census-2011/c-series/state-mdds/c01-33-tamil-nadu.xls,5766414c82e96d26,census-c01-extract-v1.1.0-20260528T003618Z,C0101,33,633,00000,000000,District - Tiruppur,urban,hindu,persons,1353865
census-india-2011,sources/census-2011/c-series/state-mdds/c01-33-tamil-nadu.xls,5766414c82e96d26,census-c01-extract-v1.1.0-20260528T003618Z,C0101,33,633,00000,000000,District - Tiruppur,urban,hindu,males,683707
census-india-2011,sources/census-2011/c-series/state-mdds/c01-33-tamil-nadu.xls,5766414c82e96d26,census-c01-extract-v1.1.0-20260528T003618Z,C0101,33,633,00000,000000,District - Tiruppur,urban,hindu,females,670158
census-india-2011,sources/census-2011/c-series/state-mdds/c01-33-tamil-nadu.xls,5766414c82e96d26,census-c01-extract-v1.1.0-20260528T003618Z,C0101,33,633,00000,000000,District - Tiruppur,urban,muslim,persons,110106
census-india-2011,sources/census-2011/c-series/state-mdds/c01-33-tamil-nadu.xls,5766414c82e96d26,census-c01-extract-v1.1.0-20260528T003618Z,C0101,33,633,00000,000000,District - Tiruppur,urban,muslim,males,54964
census-india-2011,sources/census-2011/c-series/state-mdds/c01-33-tamil-nadu.xls,5766414c82e96d26,census-c01-extract-v1.1.0-20260528T003618Z,C0101,33,633,00000,000000,District - Tiruppur,urban,muslim,females,55142
census-india-2011,sources/census-2011/c-series/state-mdds/c01-33-tamil-nadu.xls,5766414c82e96d26,census-c01-extract-v1.1.0-20260528T003618Z,C0101,33,633,00000,000000,District - Tiruppur,urban,christian,persons,53429
census-india-2011,sources/census-2011/c-series/state-mdds/c01-33-tamil-nadu.xls,5766414c82e96d26,census-c01-extract-v1.1.0-20260528T003618Z,C0101,33,633,00000,000000,District - Tiruppur,urban,christian,males,26349
census-india-2011,sources/census-2011/c-series/state-mdds/c01-33-tamil-nadu.xls,5766414c82e96d26,census-c01-extract-v1.1.0-20260528T003618Z,C0101,33,633,00000,000000,District - Tiruppur,urban,christian,females,27080
census-india-2011,sources/census-2011/c-series/state-mdds/c01-33-tamil-nadu.xls,5766414c82e96d26,census-c01-extract-v1.1.0-20260528T003618Z,C0101,33,633,00000,000000,District - Tiruppur,urban,sikh,persons,342
census-india-2011,sources/census-2011/c-series/state-mdds/c01-33-tamil-nadu.xls,5766414c82e96d26,census-c01-extract-v1.1.0-20260528T003618Z,C0101,33,633,00000,000000,District - Tiruppur,urban,sikh,males,212
census-india-2011,sources/census-2011/c-series/state-mdds/c01-33-tamil-nadu.xls,5766414c82e96d26,census-c01-extract-v1.1.0-20260528T003618Z,C0101,33,633,00000,000000,District - Tiruppur,urban,sikh,females,130
census-india-2011,sources/census-2011/c-series/state-mdds/c01-33-tamil-nadu.xls,5766414c82e96d26,census-c01-extract-v1.1.0-20260528T003618Z,C0101,33,633,00000,000000,District - Tiruppur,urban,buddhist,persons,158
census-india-2011,sources/census-2011/c-series/state-mdds/c01-33-tamil-nadu.xls,5766414c82e96d26,census-c01-extract-v1.1.0-20260528T003618Z,C0101,33,633,00000,000000,District - Tiruppur,urban,buddhist,males,78
census-india-2011,sources/census-2011/c-series/state-mdds/c01-33-tamil-nadu.xls,5766414c82e96d26,census-c01-extract-v1.1.0-20260528T003618Z,C0101,33,633,00000,000000,District - Tiruppur,urban,buddhist,females,80
census-india-2011,sources/census-2011/c-series/state-mdds/c01-33-tamil-nadu.xls,5766414c82e96d26,census-c01-extract-v1.1.0-20260528T003618Z,C0101,33,633,00000,000000,District - Tiruppur,urban,jain,persons,350
census-india-2011,sources/census-2011/c-series/state-mdds/c01-33-tamil-nadu.xls,5766414c82e96d26,census-c01-extract-v1.1.0-20260528T003618Z,C0101,33,633,00000,000000,District - Tiruppur,urban,jain,males,180
census-india-2011,sources/census-2011/c-series/state-mdds/c01-33-tamil-nadu.xls,5766414c82e96d26,census-c01-extract-v1.1.0-20260528T003618Z,C0101,33,633,00000,000000,District - Tiruppur,urban,jain,females,170
census-india-2011,sources/census-2011/c-series/state-mdds/c01-33-tamil-nadu.xls,5766414c82e96d26,census-c01-extract-v1.1.0-20260528T003618Z,C0101,33,633,00000,000000,District - Tiruppur,urban,other,persons,93
census-india-2011,sources/census-2011/c-series/state-mdds/c01-33-tamil-nadu.xls,5766414c82e96d26,census-c01-extract-v1.1.0-20260528T003618Z,C0101,33,633,00000,000000,District - Tiruppur,urban,other,males,48
census-india-2011,sources/census-2011/c-series/state-mdds/c01-33-tamil-nadu.xls,5766414c82e96d26,census-c01-extract-v1.1.0-20260528T003618Z,C0101,33,633,00000,000000,District - Tiruppur,urban,other,females,45
census-india-2011,sources/census-2011/c-series/state-mdds/c01-33-tamil-nadu.xls,5766414c82e96d26,census-c01-extract-v1.1.0-20260528T003618Z,C0101,33,633,00000,000000,District - Tiruppur,urban,not_stated,persons,2768
census-india-2011,sources/census-2011/c-series/state-mdds/c01-33-tamil-nadu.xls,5766414c82e96d26,census-c01-extract-v1.1.0-20260528T003618Z,C0101,33,633,00000,000000,District - Tiruppur,urban,not_stated,males,1312
census-india-2011,sources/census-2011/c-series/state-mdds/c01-33-tamil-nadu.xls,5766414c82e96d26,census-c01-extract-v1.1.0-20260528T003618Z,C0101,33,633,00000,000000,District - Tiruppur,urban,not_stated,females,1456
