source_id,source_document,source_sha256_prefix,extraction_run,table_name,state_code,distt_code,tehsil_code,town_code,area_name,residence,religion,sex,value
census-india-2011,sources/census-2011/c-series/state-mdds/c01-19-west-bengal.xls,723b9edf6254c86a,census-c01-extract-v1.1.0-20260527T234036Z,C0101,19,000,00000,000000,State - WEST BENGAL,total,all,persons,91276115
census-india-2011,sources/census-2011/c-series/state-mdds/c01-19-west-bengal.xls,723b9edf6254c86a,census-c01-extract-v1.1.0-20260527T234036Z,C0101,19,000,00000,000000,State - WEST BENGAL,total,all,males,46809027
census-india-2011,sources/census-2011/c-series/state-mdds/c01-19-west-bengal.xls,723b9edf6254c86a,census-c01-extract-v1.1.0-20260527T234036Z,C0101,19,000,00000,000000,State - WEST BENGAL,total,all,females,44467088
census-india-2011,sources/census-2011/c-series/state-mdds/c01-19-west-bengal.xls,723b9edf6254c86a,census-c01-extract-v1.1.0-20260527T234036Z,C0101,19,000,00000,000000,State - WEST BENGAL,total,hindu,persons,64385546
census-india-2011,sources/census-2011/c-series/state-mdds/c01-19-west-bengal.xls,723b9edf6254c86a,census-c01-extract-v1.1.0-20260527T234036Z,C0101,19,000,00000,000000,State - WEST BENGAL,total,hindu,males,33046557
census-india-2011,sources/census-2011/c-series/state-mdds/c01-19-west-bengal.xls,723b9edf6254c86a,census-c01-extract-v1.1.0-20260527T234036Z,C0101,19,000,00000,000000,State - WEST BENGAL,total,hindu,females,31338989
census-india-2011,sources/census-2011/c-series/state-mdds/c01-19-west-bengal.xls,723b9edf6254c86a,census-c01-extract-v1.1.0-20260527T234036Z,C0101,19,000,00000,000000,State - WEST BENGAL,total,muslim,persons,24654825
census-india-2011,sources/census-2011/c-series/state-mdds/c01-19-west-bengal.xls,723b9edf6254c86a,census-c01-extract-v1.1.0-20260527T234036Z,C0101,19,000,00000,000000,State - WEST BENGAL,total,muslim,males,12640092
census-india-2011,sources/census-2011/c-series/state-mdds/c01-19-west-bengal.xls,723b9edf6254c86a,census-c01-extract-v1.1.0-20260527T234036Z,C0101,19,000,00000,000000,State - WEST BENGAL,total,muslim,females,12014733
census-india-2011,sources/census-2011/c-series/state-mdds/c01-19-west-bengal.xls,723b9edf6254c86a,census-c01-extract-v1.1.0-20260527T234036Z,C0101,19,000,00000,000000,State - WEST BENGAL,total,christian,persons,658618
census-india-2011,sources/census-2011/c-series/state-mdds/c01-19-west-bengal.xls,723b9edf6254c86a,census-c01-extract-v1.1.0-20260527T234036Z,C0101,19,000,00000,000000,State - WEST BENGAL,total,christian,males,325986
census-india-2011,sources/census-2011/c-series/state-mdds/c01-19-west-bengal.xls,723b9edf6254c86a,census-c01-extract-v1.1.0-20260527T234036Z,C0101,19,000,00000,000000,State - WEST BENGAL,total,christian,females,332632
census-india-2011,sources/census-2011/c-series/state-mdds/c01-19-west-bengal.xls,723b9edf6254c86a,census-c01-extract-v1.1.0-20260527T234036Z,C0101,19,000,00000,000000,State - WEST BENGAL,total,sikh,persons,63523
census-india-2011,sources/census-2011/c-series/state-mdds/c01-19-west-bengal.xls,723b9edf6254c86a,census-c01-extract-v1.1.0-20260527T234036Z,C0101,19,000,00000,000000,State - WEST BENGAL,total,sikh,males,34168
census-india-2011,sources/census-2011/c-series/state-mdds/c01-19-west-bengal.xls,723b9edf6254c86a,census-c01-extract-v1.1.0-20260527T234036Z,C0101,19,000,00000,000000,State - WEST BENGAL,total,sikh,females,29355
census-india-2011,sources/census-2011/c-series/state-mdds/c01-19-west-bengal.xls,723b9edf6254c86a,census-c01-extract-v1.1.0-20260527T234036Z,C0101,19,000,00000,000000,State - WEST BENGAL,total,buddhist,persons,282898
census-india-2011,sources/census-2011/c-series/state-mdds/c01-19-west-bengal.xls,723b9edf6254c86a,census-c01-extract-v1.1.0-20260527T234036Z,C0101,19,000,00000,000000,State - WEST BENGAL,total,buddhist,males,141388
census-india-2011,sources/census-2011/c-series/state-mdds/c01-19-west-bengal.xls,723b9edf6254c86a,census-c01-extract-v1.1.0-20260527T234036Z,C0101,19,000,00000,000000,State - WEST BENGAL,total,buddhist,females,141510
census-india-2011,sources/census-2011/c-series/state-mdds/c01-19-west-bengal.xls,723b9edf6254c86a,census-c01-extract-v1.1.0-20260527T234036Z,C0101,19,000,00000,000000,State - WEST BENGAL,total,jain,persons,60141
census-india-2011,sources/census-2011/c-series/state-mdds/c01-19-west-bengal.xls,723b9edf6254c86a,census-c01-extract-v1.1.0-20260527T234036Z,C0101,19,000,00000,000000,State - WEST BENGAL,total,jain,males,30718
census-india-2011,sources/census-2011/c-series/state-mdds/c01-19-west-bengal.xls,723b9edf6254c86a,census-c01-extract-v1.1.0-20260527T234036Z,C0101,19,000,00000,000000,State - WEST BENGAL,total,jain,females,29423
census-india-2011,sources/census-2011/c-series/state-mdds/c01-19-west-bengal.xls,723b9edf6254c86a,census-c01-extract-v1.1.0-20260527T234036Z,C0101,19,000,00000,000000,State - WEST BENGAL,total,other,persons,942297
census-india-2011,sources/census-2011/c-series/state-mdds/c01-19-west-bengal.xls,723b9edf6254c86a,census-c01-extract-v1.1.0-20260527T234036Z,C0101,19,000,00000,000000,State - WEST BENGAL,total,other,males,469865
census-india-2011,sources/census-2011/c-series/state-mdds/c01-19-west-bengal.xls,723b9edf6254c86a,census-c01-extract-v1.1.0-20260527T234036Z,C0101,19,000,00000,000000,State - WEST BENGAL,total,other,females,472432
census-india-2011,sources/census-2011/c-series/state-mdds/c01-19-west-bengal.xls,723b9edf6254c86a,census-c01-extract-v1.1.0-20260527T234036Z,C0101,19,000,00000,000000,State - WEST BENGAL,total,not_stated,persons,228267
census-india-2011,sources/census-2011/c-series/state-mdds/c01-19-west-bengal.xls,723b9edf6254c86a,census-c01-extract-v1.1.0-20260527T234036Z,C0101,19,000,00000,000000,State - WEST BENGAL,total,not_stated,males,120253
census-india-2011,sources/census-2011/c-series/state-mdds/c01-19-west-bengal.xls,723b9edf6254c86a,census-c01-extract-v1.1.0-20260527T234036Z,C0101,19,000,00000,000000,State - WEST BENGAL,total,not_stated,females,108014
census-india-2011,sources/census-2011/c-series/state-mdds/c01-19-west-bengal.xls,723b9edf6254c86a,census-c01-extract-v1.1.0-20260527T234036Z,C0101,19,000,00000,000000,State - WEST BENGAL,rural,all,persons,62183113
census-india-2011,sources/census-2011/c-series/state-mdds/c01-19-west-bengal.xls,723b9edf6254c86a,census-c01-extract-v1.1.0-20260527T234036Z,C0101,19,000,00000,000000,State - WEST BENGAL,rural,all,males,31844945
census-india-2011,sources/census-2011/c-series/state-mdds/c01-19-west-bengal.xls,723b9edf6254c86a,census-c01-extract-v1.1.0-20260527T234036Z,C0101,19,000,00000,000000,State - WEST BENGAL,rural,all,females,30338168
census-india-2011,sources/census-2011/c-series/state-mdds/c01-19-west-bengal.xls,723b9edf6254c86a,census-c01-extract-v1.1.0-20260527T234036Z,C0101,19,000,00000,000000,State - WEST BENGAL,rural,hindu,persons,41331600
census-india-2011,sources/census-2011/c-series/state-mdds/c01-19-west-bengal.xls,723b9edf6254c86a,census-c01-extract-v1.1.0-20260527T234036Z,C0101,19,000,00000,000000,State - WEST BENGAL,rural,hindu,males,21209432
census-india-2011,sources/census-2011/c-series/state-mdds/c01-19-west-bengal.xls,723b9edf6254c86a,census-c01-extract-v1.1.0-20260527T234036Z,C0101,19,000,00000,000000,State - WEST BENGAL,rural,hindu,females,20122168
census-india-2011,sources/census-2011/c-series/state-mdds/c01-19-west-bengal.xls,723b9edf6254c86a,census-c01-extract-v1.1.0-20260527T234036Z,C0101,19,000,00000,000000,State - WEST BENGAL,rural,muslim,persons,19146627
census-india-2011,sources/census-2011/c-series/state-mdds/c01-19-west-bengal.xls,723b9edf6254c86a,census-c01-extract-v1.1.0-20260527T234036Z,C0101,19,000,00000,000000,State - WEST BENGAL,rural,muslim,males,9784832
census-india-2011,sources/census-2011/c-series/state-mdds/c01-19-west-bengal.xls,723b9edf6254c86a,census-c01-extract-v1.1.0-20260527T234036Z,C0101,19,000,00000,000000,State - WEST BENGAL,rural,muslim,females,9361795
census-india-2011,sources/census-2011/c-series/state-mdds/c01-19-west-bengal.xls,723b9edf6254c86a,census-c01-extract-v1.1.0-20260527T234036Z,C0101,19,000,00000,000000,State - WEST BENGAL,rural,christian,persons,490624
census-india-2011,sources/census-2011/c-series/state-mdds/c01-19-west-bengal.xls,723b9edf6254c86a,census-c01-extract-v1.1.0-20260527T234036Z,C0101,19,000,00000,000000,State - WEST BENGAL,rural,christian,males,243900
census-india-2011,sources/census-2011/c-series/state-mdds/c01-19-west-bengal.xls,723b9edf6254c86a,census-c01-extract-v1.1.0-20260527T234036Z,C0101,19,000,00000,000000,State - WEST BENGAL,rural,christian,females,246724
census-india-2011,sources/census-2011/c-series/state-mdds/c01-19-west-bengal.xls,723b9edf6254c86a,census-c01-extract-v1.1.0-20260527T234036Z,C0101,19,000,00000,000000,State - WEST BENGAL,rural,sikh,persons,9600
census-india-2011,sources/census-2011/c-series/state-mdds/c01-19-west-bengal.xls,723b9edf6254c86a,census-c01-extract-v1.1.0-20260527T234036Z,C0101,19,000,00000,000000,State - WEST BENGAL,rural,sikh,males,5261
census-india-2011,sources/census-2011/c-series/state-mdds/c01-19-west-bengal.xls,723b9edf6254c86a,census-c01-extract-v1.1.0-20260527T234036Z,C0101,19,000,00000,000000,State - WEST BENGAL,rural,sikh,females,4339
census-india-2011,sources/census-2011/c-series/state-mdds/c01-19-west-bengal.xls,723b9edf6254c86a,census-c01-extract-v1.1.0-20260527T234036Z,C0101,19,000,00000,000000,State - WEST BENGAL,rural,buddhist,persons,184759
census-india-2011,sources/census-2011/c-series/state-mdds/c01-19-west-bengal.xls,723b9edf6254c86a,census-c01-extract-v1.1.0-20260527T234036Z,C0101,19,000,00000,000000,State - WEST BENGAL,rural,buddhist,males,92502
census-india-2011,sources/census-2011/c-series/state-mdds/c01-19-west-bengal.xls,723b9edf6254c86a,census-c01-extract-v1.1.0-20260527T234036Z,C0101,19,000,00000,000000,State - WEST BENGAL,rural,buddhist,females,92257
census-india-2011,sources/census-2011/c-series/state-mdds/c01-19-west-bengal.xls,723b9edf6254c86a,census-c01-extract-v1.1.0-20260527T234036Z,C0101,19,000,00000,000000,State - WEST BENGAL,rural,jain,persons,10963
census-india-2011,sources/census-2011/c-series/state-mdds/c01-19-west-bengal.xls,723b9edf6254c86a,census-c01-extract-v1.1.0-20260527T234036Z,C0101,19,000,00000,000000,State - WEST BENGAL,rural,jain,males,5780
census-india-2011,sources/census-2011/c-series/state-mdds/c01-19-west-bengal.xls,723b9edf6254c86a,census-c01-extract-v1.1.0-20260527T234036Z,C0101,19,000,00000,000000,State - WEST BENGAL,rural,jain,females,5183
census-india-2011,sources/census-2011/c-series/state-mdds/c01-19-west-bengal.xls,723b9edf6254c86a,census-c01-extract-v1.1.0-20260527T234036Z,C0101,19,000,00000,000000,State - WEST BENGAL,rural,other,persons,918374
census-india-2011,sources/census-2011/c-series/state-mdds/c01-19-west-bengal.xls,723b9edf6254c86a,census-c01-extract-v1.1.0-20260527T234036Z,C0101,19,000,00000,000000,State - WEST BENGAL,rural,other,males,457713
census-india-2011,sources/census-2011/c-series/state-mdds/c01-19-west-bengal.xls,723b9edf6254c86a,census-c01-extract-v1.1.0-20260527T234036Z,C0101,19,000,00000,000000,State - WEST BENGAL,rural,other,females,460661
census-india-2011,sources/census-2011/c-series/state-mdds/c01-19-west-bengal.xls,723b9edf6254c86a,census-c01-extract-v1.1.0-20260527T234036Z,C0101,19,000,00000,000000,State - WEST BENGAL,rural,not_stated,persons,90566
census-india-2011,sources/census-2011/c-series/state-mdds/c01-19-west-bengal.xls,723b9edf6254c86a,census-c01-extract-v1.1.0-20260527T234036Z,C0101,19,000,00000,000000,State - WEST BENGAL,rural,not_stated,males,45525
census-india-2011,sources/census-2011/c-series/state-mdds/c01-19-west-bengal.xls,723b9edf6254c86a,census-c01-extract-v1.1.0-20260527T234036Z,C0101,19,000,00000,000000,State - WEST BENGAL,rural,not_stated,females,45041
census-india-2011,sources/census-2011/c-series/state-mdds/c01-19-west-bengal.xls,723b9edf6254c86a,census-c01-extract-v1.1.0-20260527T234036Z,C0101,19,000,00000,000000,State - WEST BENGAL,urban,all,persons,29093002
census-india-2011,sources/census-2011/c-series/state-mdds/c01-19-west-bengal.xls,723b9edf6254c86a,census-c01-extract-v1.1.0-20260527T234036Z,C0101,19,000,00000,000000,State - WEST BENGAL,urban,all,males,14964082
census-india-2011,sources/census-2011/c-series/state-mdds/c01-19-west-bengal.xls,723b9edf6254c86a,census-c01-extract-v1.1.0-20260527T234036Z,C0101,19,000,00000,000000,State - WEST BENGAL,urban,all,females,14128920
census-india-2011,sources/census-2011/c-series/state-mdds/c01-19-west-bengal.xls,723b9edf6254c86a,census-c01-extract-v1.1.0-20260527T234036Z,C0101,19,000,00000,000000,State - WEST BENGAL,urban,hindu,persons,23053946
census-india-2011,sources/census-2011/c-series/state-mdds/c01-19-west-bengal.xls,723b9edf6254c86a,census-c01-extract-v1.1.0-20260527T234036Z,C0101,19,000,00000,000000,State - WEST BENGAL,urban,hindu,males,11837125
census-india-2011,sources/census-2011/c-series/state-mdds/c01-19-west-bengal.xls,723b9edf6254c86a,census-c01-extract-v1.1.0-20260527T234036Z,C0101,19,000,00000,000000,State - WEST BENGAL,urban,hindu,females,11216821
census-india-2011,sources/census-2011/c-series/state-mdds/c01-19-west-bengal.xls,723b9edf6254c86a,census-c01-extract-v1.1.0-20260527T234036Z,C0101,19,000,00000,000000,State - WEST BENGAL,urban,muslim,persons,5508198
census-india-2011,sources/census-2011/c-series/state-mdds/c01-19-west-bengal.xls,723b9edf6254c86a,census-c01-extract-v1.1.0-20260527T234036Z,C0101,19,000,00000,000000,State - WEST BENGAL,urban,muslim,males,2855260
census-india-2011,sources/census-2011/c-series/state-mdds/c01-19-west-bengal.xls,723b9edf6254c86a,census-c01-extract-v1.1.0-20260527T234036Z,C0101,19,000,00000,000000,State - WEST BENGAL,urban,muslim,females,2652938
census-india-2011,sources/census-2011/c-series/state-mdds/c01-19-west-bengal.xls,723b9edf6254c86a,census-c01-extract-v1.1.0-20260527T234036Z,C0101,19,000,00000,000000,State - WEST BENGAL,urban,christian,persons,167994
census-india-2011,sources/census-2011/c-series/state-mdds/c01-19-west-bengal.xls,723b9edf6254c86a,census-c01-extract-v1.1.0-20260527T234036Z,C0101,19,000,00000,000000,State - WEST BENGAL,urban,christian,males,82086
census-india-2011,sources/census-2011/c-series/state-mdds/c01-19-west-bengal.xls,723b9edf6254c86a,census-c01-extract-v1.1.0-20260527T234036Z,C0101,19,000,00000,000000,State - WEST BENGAL,urban,christian,females,85908
census-india-2011,sources/census-2011/c-series/state-mdds/c01-19-west-bengal.xls,723b9edf6254c86a,census-c01-extract-v1.1.0-20260527T234036Z,C0101,19,000,00000,000000,State - WEST BENGAL,urban,sikh,persons,53923
census-india-2011,sources/census-2011/c-series/state-mdds/c01-19-west-bengal.xls,723b9edf6254c86a,census-c01-extract-v1.1.0-20260527T234036Z,C0101,19,000,00000,000000,State - WEST BENGAL,urban,sikh,males,28907
census-india-2011,sources/census-2011/c-series/state-mdds/c01-19-west-bengal.xls,723b9edf6254c86a,census-c01-extract-v1.1.0-20260527T234036Z,C0101,19,000,00000,000000,State - WEST BENGAL,urban,sikh,females,25016
census-india-2011,sources/census-2011/c-series/state-mdds/c01-19-west-bengal.xls,723b9edf6254c86a,census-c01-extract-v1.1.0-20260527T234036Z,C0101,19,000,00000,000000,State - WEST BENGAL,urban,buddhist,persons,98139
census-india-2011,sources/census-2011/c-series/state-mdds/c01-19-west-bengal.xls,723b9edf6254c86a,census-c01-extract-v1.1.0-20260527T234036Z,C0101,19,000,00000,000000,State - WEST BENGAL,urban,buddhist,males,48886
census-india-2011,sources/census-2011/c-series/state-mdds/c01-19-west-bengal.xls,723b9edf6254c86a,census-c01-extract-v1.1.0-20260527T234036Z,C0101,19,000,00000,000000,State - WEST BENGAL,urban,buddhist,females,49253
census-india-2011,sources/census-2011/c-series/state-mdds/c01-19-west-bengal.xls,723b9edf6254c86a,census-c01-extract-v1.1.0-20260527T234036Z,C0101,19,000,00000,000000,State - WEST BENGAL,urban,jain,persons,49178
census-india-2011,sources/census-2011/c-series/state-mdds/c01-19-west-bengal.xls,723b9edf6254c86a,census-c01-extract-v1.1.0-20260527T234036Z,C0101,19,000,00000,000000,State - WEST BENGAL,urban,jain,males,24938
census-india-2011,sources/census-2011/c-series/state-mdds/c01-19-west-bengal.xls,723b9edf6254c86a,census-c01-extract-v1.1.0-20260527T234036Z,C0101,19,000,00000,000000,State - WEST BENGAL,urban,jain,females,24240
census-india-2011,sources/census-2011/c-series/state-mdds/c01-19-west-bengal.xls,723b9edf6254c86a,census-c01-extract-v1.1.0-20260527T234036Z,C0101,19,000,00000,000000,State - WEST BENGAL,urban,other,persons,23923
census-india-2011,sources/census-2011/c-series/state-mdds/c01-19-west-bengal.xls,723b9edf6254c86a,census-c01-extract-v1.1.0-20260527T234036Z,C0101,19,000,00000,000000,State - WEST BENGAL,urban,other,males,12152
census-india-2011,sources/census-2011/c-series/state-mdds/c01-19-west-bengal.xls,723b9edf6254c86a,census-c01-extract-v1.1.0-20260527T234036Z,C0101,19,000,00000,000000,State - WEST BENGAL,urban,other,females,11771
census-india-2011,sources/census-2011/c-series/state-mdds/c01-19-west-bengal.xls,723b9edf6254c86a,census-c01-extract-v1.1.0-20260527T234036Z,C0101,19,000,00000,000000,State - WEST BENGAL,urban,not_stated,persons,137701
census-india-2011,sources/census-2011/c-series/state-mdds/c01-19-west-bengal.xls,723b9edf6254c86a,census-c01-extract-v1.1.0-20260527T234036Z,C0101,19,000,00000,000000,State - WEST BENGAL,urban,not_stated,males,74728
census-india-2011,sources/census-2011/c-series/state-mdds/c01-19-west-bengal.xls,723b9edf6254c86a,census-c01-extract-v1.1.0-20260527T234036Z,C0101,19,000,00000,000000,State - WEST BENGAL,urban,not_stated,females,62973
census-india-2011,sources/census-2011/c-series/state-mdds/c01-19-west-bengal.xls,723b9edf6254c86a,census-c01-extract-v1.1.0-20260527T234036Z,C0101,19,327,00000,000000,District - Darjiling,total,all,persons,1846823
census-india-2011,sources/census-2011/c-series/state-mdds/c01-19-west-bengal.xls,723b9edf6254c86a,census-c01-extract-v1.1.0-20260527T234036Z,C0101,19,327,00000,000000,District - Darjiling,total,all,males,937259
census-india-2011,sources/census-2011/c-series/state-mdds/c01-19-west-bengal.xls,723b9edf6254c86a,census-c01-extract-v1.1.0-20260527T234036Z,C0101,19,327,00000,000000,District - Darjiling,total,all,females,909564
census-india-2011,sources/census-2011/c-series/state-mdds/c01-19-west-bengal.xls,723b9edf6254c86a,census-c01-extract-v1.1.0-20260527T234036Z,C0101,19,327,00000,000000,District - Darjiling,total,hindu,persons,1366681
census-india-2011,sources/census-2011/c-series/state-mdds/c01-19-west-bengal.xls,723b9edf6254c86a,census-c01-extract-v1.1.0-20260527T234036Z,C0101,19,327,00000,000000,District - Darjiling,total,hindu,males,696173
census-india-2011,sources/census-2011/c-series/state-mdds/c01-19-west-bengal.xls,723b9edf6254c86a,census-c01-extract-v1.1.0-20260527T234036Z,C0101,19,327,00000,000000,District - Darjiling,total,hindu,females,670508
census-india-2011,sources/census-2011/c-series/state-mdds/c01-19-west-bengal.xls,723b9edf6254c86a,census-c01-extract-v1.1.0-20260527T234036Z,C0101,19,327,00000,000000,District - Darjiling,total,muslim,persons,105086
census-india-2011,sources/census-2011/c-series/state-mdds/c01-19-west-bengal.xls,723b9edf6254c86a,census-c01-extract-v1.1.0-20260527T234036Z,C0101,19,327,00000,000000,District - Darjiling,total,muslim,males,54684
census-india-2011,sources/census-2011/c-series/state-mdds/c01-19-west-bengal.xls,723b9edf6254c86a,census-c01-extract-v1.1.0-20260527T234036Z,C0101,19,327,00000,000000,District - Darjiling,total,muslim,females,50402
census-india-2011,sources/census-2011/c-series/state-mdds/c01-19-west-bengal.xls,723b9edf6254c86a,census-c01-extract-v1.1.0-20260527T234036Z,C0101,19,327,00000,000000,District - Darjiling,total,christian,persons,141848
census-india-2011,sources/census-2011/c-series/state-mdds/c01-19-west-bengal.xls,723b9edf6254c86a,census-c01-extract-v1.1.0-20260527T234036Z,C0101,19,327,00000,000000,District - Darjiling,total,christian,males,69543
census-india-2011,sources/census-2011/c-series/state-mdds/c01-19-west-bengal.xls,723b9edf6254c86a,census-c01-extract-v1.1.0-20260527T234036Z,C0101,19,327,00000,000000,District - Darjiling,total,christian,females,72305
census-india-2011,sources/census-2011/c-series/state-mdds/c01-19-west-bengal.xls,723b9edf6254c86a,census-c01-extract-v1.1.0-20260527T234036Z,C0101,19,327,00000,000000,District - Darjiling,total,sikh,persons,2032
census-india-2011,sources/census-2011/c-series/state-mdds/c01-19-west-bengal.xls,723b9edf6254c86a,census-c01-extract-v1.1.0-20260527T234036Z,C0101,19,327,00000,000000,District - Darjiling,total,sikh,males,1211
census-india-2011,sources/census-2011/c-series/state-mdds/c01-19-west-bengal.xls,723b9edf6254c86a,census-c01-extract-v1.1.0-20260527T234036Z,C0101,19,327,00000,000000,District - Darjiling,total,sikh,females,821
census-india-2011,sources/census-2011/c-series/state-mdds/c01-19-west-bengal.xls,723b9edf6254c86a,census-c01-extract-v1.1.0-20260527T234036Z,C0101,19,327,00000,000000,District - Darjiling,total,buddhist,persons,209240
census-india-2011,sources/census-2011/c-series/state-mdds/c01-19-west-bengal.xls,723b9edf6254c86a,census-c01-extract-v1.1.0-20260527T234036Z,C0101,19,327,00000,000000,District - Darjiling,total,buddhist,males,104519
census-india-2011,sources/census-2011/c-series/state-mdds/c01-19-west-bengal.xls,723b9edf6254c86a,census-c01-extract-v1.1.0-20260527T234036Z,C0101,19,327,00000,000000,District - Darjiling,total,buddhist,females,104721
census-india-2011,sources/census-2011/c-series/state-mdds/c01-19-west-bengal.xls,723b9edf6254c86a,census-c01-extract-v1.1.0-20260527T234036Z,C0101,19,327,00000,000000,District - Darjiling,total,jain,persons,1840
census-india-2011,sources/census-2011/c-series/state-mdds/c01-19-west-bengal.xls,723b9edf6254c86a,census-c01-extract-v1.1.0-20260527T234036Z,C0101,19,327,00000,000000,District - Darjiling,total,jain,males,977
census-india-2011,sources/census-2011/c-series/state-mdds/c01-19-west-bengal.xls,723b9edf6254c86a,census-c01-extract-v1.1.0-20260527T234036Z,C0101,19,327,00000,000000,District - Darjiling,total,jain,females,863
census-india-2011,sources/census-2011/c-series/state-mdds/c01-19-west-bengal.xls,723b9edf6254c86a,census-c01-extract-v1.1.0-20260527T234036Z,C0101,19,327,00000,000000,District - Darjiling,total,other,persons,15523
census-india-2011,sources/census-2011/c-series/state-mdds/c01-19-west-bengal.xls,723b9edf6254c86a,census-c01-extract-v1.1.0-20260527T234036Z,C0101,19,327,00000,000000,District - Darjiling,total,other,males,7849
census-india-2011,sources/census-2011/c-series/state-mdds/c01-19-west-bengal.xls,723b9edf6254c86a,census-c01-extract-v1.1.0-20260527T234036Z,C0101,19,327,00000,000000,District - Darjiling,total,other,females,7674
census-india-2011,sources/census-2011/c-series/state-mdds/c01-19-west-bengal.xls,723b9edf6254c86a,census-c01-extract-v1.1.0-20260527T234036Z,C0101,19,327,00000,000000,District - Darjiling,total,not_stated,persons,4573
census-india-2011,sources/census-2011/c-series/state-mdds/c01-19-west-bengal.xls,723b9edf6254c86a,census-c01-extract-v1.1.0-20260527T234036Z,C0101,19,327,00000,000000,District - Darjiling,total,not_stated,males,2303
census-india-2011,sources/census-2011/c-series/state-mdds/c01-19-west-bengal.xls,723b9edf6254c86a,census-c01-extract-v1.1.0-20260527T234036Z,C0101,19,327,00000,000000,District - Darjiling,total,not_stated,females,2270
census-india-2011,sources/census-2011/c-series/state-mdds/c01-19-west-bengal.xls,723b9edf6254c86a,census-c01-extract-v1.1.0-20260527T234036Z,C0101,19,327,00000,000000,District - Darjiling,rural,all,persons,1118860
census-india-2011,sources/census-2011/c-series/state-mdds/c01-19-west-bengal.xls,723b9edf6254c86a,census-c01-extract-v1.1.0-20260527T234036Z,C0101,19,327,00000,000000,District - Darjiling,rural,all,males,566965
census-india-2011,sources/census-2011/c-series/state-mdds/c01-19-west-bengal.xls,723b9edf6254c86a,census-c01-extract-v1.1.0-20260527T234036Z,C0101,19,327,00000,000000,District - Darjiling,rural,all,females,551895
census-india-2011,sources/census-2011/c-series/state-mdds/c01-19-west-bengal.xls,723b9edf6254c86a,census-c01-extract-v1.1.0-20260527T234036Z,C0101,19,327,00000,000000,District - Darjiling,rural,hindu,persons,780498
census-india-2011,sources/census-2011/c-series/state-mdds/c01-19-west-bengal.xls,723b9edf6254c86a,census-c01-extract-v1.1.0-20260527T234036Z,C0101,19,327,00000,000000,District - Darjiling,rural,hindu,males,397139
census-india-2011,sources/census-2011/c-series/state-mdds/c01-19-west-bengal.xls,723b9edf6254c86a,census-c01-extract-v1.1.0-20260527T234036Z,C0101,19,327,00000,000000,District - Darjiling,rural,hindu,females,383359
census-india-2011,sources/census-2011/c-series/state-mdds/c01-19-west-bengal.xls,723b9edf6254c86a,census-c01-extract-v1.1.0-20260527T234036Z,C0101,19,327,00000,000000,District - Darjiling,rural,muslim,persons,69413
census-india-2011,sources/census-2011/c-series/state-mdds/c01-19-west-bengal.xls,723b9edf6254c86a,census-c01-extract-v1.1.0-20260527T234036Z,C0101,19,327,00000,000000,District - Darjiling,rural,muslim,males,35713
census-india-2011,sources/census-2011/c-series/state-mdds/c01-19-west-bengal.xls,723b9edf6254c86a,census-c01-extract-v1.1.0-20260527T234036Z,C0101,19,327,00000,000000,District - Darjiling,rural,muslim,females,33700
census-india-2011,sources/census-2011/c-series/state-mdds/c01-19-west-bengal.xls,723b9edf6254c86a,census-c01-extract-v1.1.0-20260527T234036Z,C0101,19,327,00000,000000,District - Darjiling,rural,christian,persons,114698
census-india-2011,sources/census-2011/c-series/state-mdds/c01-19-west-bengal.xls,723b9edf6254c86a,census-c01-extract-v1.1.0-20260527T234036Z,C0101,19,327,00000,000000,District - Darjiling,rural,christian,males,56654
census-india-2011,sources/census-2011/c-series/state-mdds/c01-19-west-bengal.xls,723b9edf6254c86a,census-c01-extract-v1.1.0-20260527T234036Z,C0101,19,327,00000,000000,District - Darjiling,rural,christian,females,58044
census-india-2011,sources/census-2011/c-series/state-mdds/c01-19-west-bengal.xls,723b9edf6254c86a,census-c01-extract-v1.1.0-20260527T234036Z,C0101,19,327,00000,000000,District - Darjiling,rural,sikh,persons,520
census-india-2011,sources/census-2011/c-series/state-mdds/c01-19-west-bengal.xls,723b9edf6254c86a,census-c01-extract-v1.1.0-20260527T234036Z,C0101,19,327,00000,000000,District - Darjiling,rural,sikh,males,275
census-india-2011,sources/census-2011/c-series/state-mdds/c01-19-west-bengal.xls,723b9edf6254c86a,census-c01-extract-v1.1.0-20260527T234036Z,C0101,19,327,00000,000000,District - Darjiling,rural,sikh,females,245
census-india-2011,sources/census-2011/c-series/state-mdds/c01-19-west-bengal.xls,723b9edf6254c86a,census-c01-extract-v1.1.0-20260527T234036Z,C0101,19,327,00000,000000,District - Darjiling,rural,buddhist,persons,138655
census-india-2011,sources/census-2011/c-series/state-mdds/c01-19-west-bengal.xls,723b9edf6254c86a,census-c01-extract-v1.1.0-20260527T234036Z,C0101,19,327,00000,000000,District - Darjiling,rural,buddhist,males,69589
census-india-2011,sources/census-2011/c-series/state-mdds/c01-19-west-bengal.xls,723b9edf6254c86a,census-c01-extract-v1.1.0-20260527T234036Z,C0101,19,327,00000,000000,District - Darjiling,rural,buddhist,females,69066
census-india-2011,sources/census-2011/c-series/state-mdds/c01-19-west-bengal.xls,723b9edf6254c86a,census-c01-extract-v1.1.0-20260527T234036Z,C0101,19,327,00000,000000,District - Darjiling,rural,jain,persons,422
census-india-2011,sources/census-2011/c-series/state-mdds/c01-19-west-bengal.xls,723b9edf6254c86a,census-c01-extract-v1.1.0-20260527T234036Z,C0101,19,327,00000,000000,District - Darjiling,rural,jain,males,228
census-india-2011,sources/census-2011/c-series/state-mdds/c01-19-west-bengal.xls,723b9edf6254c86a,census-c01-extract-v1.1.0-20260527T234036Z,C0101,19,327,00000,000000,District - Darjiling,rural,jain,females,194
census-india-2011,sources/census-2011/c-series/state-mdds/c01-19-west-bengal.xls,723b9edf6254c86a,census-c01-extract-v1.1.0-20260527T234036Z,C0101,19,327,00000,000000,District - Darjiling,rural,other,persons,13031
census-india-2011,sources/census-2011/c-series/state-mdds/c01-19-west-bengal.xls,723b9edf6254c86a,census-c01-extract-v1.1.0-20260527T234036Z,C0101,19,327,00000,000000,District - Darjiling,rural,other,males,6609
census-india-2011,sources/census-2011/c-series/state-mdds/c01-19-west-bengal.xls,723b9edf6254c86a,census-c01-extract-v1.1.0-20260527T234036Z,C0101,19,327,00000,000000,District - Darjiling,rural,other,females,6422
census-india-2011,sources/census-2011/c-series/state-mdds/c01-19-west-bengal.xls,723b9edf6254c86a,census-c01-extract-v1.1.0-20260527T234036Z,C0101,19,327,00000,000000,District - Darjiling,rural,not_stated,persons,1623
census-india-2011,sources/census-2011/c-series/state-mdds/c01-19-west-bengal.xls,723b9edf6254c86a,census-c01-extract-v1.1.0-20260527T234036Z,C0101,19,327,00000,000000,District - Darjiling,rural,not_stated,males,758
census-india-2011,sources/census-2011/c-series/state-mdds/c01-19-west-bengal.xls,723b9edf6254c86a,census-c01-extract-v1.1.0-20260527T234036Z,C0101,19,327,00000,000000,District - Darjiling,rural,not_stated,females,865
census-india-2011,sources/census-2011/c-series/state-mdds/c01-19-west-bengal.xls,723b9edf6254c86a,census-c01-extract-v1.1.0-20260527T234036Z,C0101,19,327,00000,000000,District - Darjiling,urban,all,persons,727963
census-india-2011,sources/census-2011/c-series/state-mdds/c01-19-west-bengal.xls,723b9edf6254c86a,census-c01-extract-v1.1.0-20260527T234036Z,C0101,19,327,00000,000000,District - Darjiling,urban,all,males,370294
census-india-2011,sources/census-2011/c-series/state-mdds/c01-19-west-bengal.xls,723b9edf6254c86a,census-c01-extract-v1.1.0-20260527T234036Z,C0101,19,327,00000,000000,District - Darjiling,urban,all,females,357669
census-india-2011,sources/census-2011/c-series/state-mdds/c01-19-west-bengal.xls,723b9edf6254c86a,census-c01-extract-v1.1.0-20260527T234036Z,C0101,19,327,00000,000000,District - Darjiling,urban,hindu,persons,586183
census-india-2011,sources/census-2011/c-series/state-mdds/c01-19-west-bengal.xls,723b9edf6254c86a,census-c01-extract-v1.1.0-20260527T234036Z,C0101,19,327,00000,000000,District - Darjiling,urban,hindu,males,299034
census-india-2011,sources/census-2011/c-series/state-mdds/c01-19-west-bengal.xls,723b9edf6254c86a,census-c01-extract-v1.1.0-20260527T234036Z,C0101,19,327,00000,000000,District - Darjiling,urban,hindu,females,287149
census-india-2011,sources/census-2011/c-series/state-mdds/c01-19-west-bengal.xls,723b9edf6254c86a,census-c01-extract-v1.1.0-20260527T234036Z,C0101,19,327,00000,000000,District - Darjiling,urban,muslim,persons,35673
census-india-2011,sources/census-2011/c-series/state-mdds/c01-19-west-bengal.xls,723b9edf6254c86a,census-c01-extract-v1.1.0-20260527T234036Z,C0101,19,327,00000,000000,District - Darjiling,urban,muslim,males,18971
census-india-2011,sources/census-2011/c-series/state-mdds/c01-19-west-bengal.xls,723b9edf6254c86a,census-c01-extract-v1.1.0-20260527T234036Z,C0101,19,327,00000,000000,District - Darjiling,urban,muslim,females,16702
census-india-2011,sources/census-2011/c-series/state-mdds/c01-19-west-bengal.xls,723b9edf6254c86a,census-c01-extract-v1.1.0-20260527T234036Z,C0101,19,327,00000,000000,District - Darjiling,urban,christian,persons,27150
census-india-2011,sources/census-2011/c-series/state-mdds/c01-19-west-bengal.xls,723b9edf6254c86a,census-c01-extract-v1.1.0-20260527T234036Z,C0101,19,327,00000,000000,District - Darjiling,urban,christian,males,12889
census-india-2011,sources/census-2011/c-series/state-mdds/c01-19-west-bengal.xls,723b9edf6254c86a,census-c01-extract-v1.1.0-20260527T234036Z,C0101,19,327,00000,000000,District - Darjiling,urban,christian,females,14261
census-india-2011,sources/census-2011/c-series/state-mdds/c01-19-west-bengal.xls,723b9edf6254c86a,census-c01-extract-v1.1.0-20260527T234036Z,C0101,19,327,00000,000000,District - Darjiling,urban,sikh,persons,1512
census-india-2011,sources/census-2011/c-series/state-mdds/c01-19-west-bengal.xls,723b9edf6254c86a,census-c01-extract-v1.1.0-20260527T234036Z,C0101,19,327,00000,000000,District - Darjiling,urban,sikh,males,936
census-india-2011,sources/census-2011/c-series/state-mdds/c01-19-west-bengal.xls,723b9edf6254c86a,census-c01-extract-v1.1.0-20260527T234036Z,C0101,19,327,00000,000000,District - Darjiling,urban,sikh,females,576
census-india-2011,sources/census-2011/c-series/state-mdds/c01-19-west-bengal.xls,723b9edf6254c86a,census-c01-extract-v1.1.0-20260527T234036Z,C0101,19,327,00000,000000,District - Darjiling,urban,buddhist,persons,70585
census-india-2011,sources/census-2011/c-series/state-mdds/c01-19-west-bengal.xls,723b9edf6254c86a,census-c01-extract-v1.1.0-20260527T234036Z,C0101,19,327,00000,000000,District - Darjiling,urban,buddhist,males,34930
census-india-2011,sources/census-2011/c-series/state-mdds/c01-19-west-bengal.xls,723b9edf6254c86a,census-c01-extract-v1.1.0-20260527T234036Z,C0101,19,327,00000,000000,District - Darjiling,urban,buddhist,females,35655
census-india-2011,sources/census-2011/c-series/state-mdds/c01-19-west-bengal.xls,723b9edf6254c86a,census-c01-extract-v1.1.0-20260527T234036Z,C0101,19,327,00000,000000,District - Darjiling,urban,jain,persons,1418
census-india-2011,sources/census-2011/c-series/state-mdds/c01-19-west-bengal.xls,723b9edf6254c86a,census-c01-extract-v1.1.0-20260527T234036Z,C0101,19,327,00000,000000,District - Darjiling,urban,jain,males,749
census-india-2011,sources/census-2011/c-series/state-mdds/c01-19-west-bengal.xls,723b9edf6254c86a,census-c01-extract-v1.1.0-20260527T234036Z,C0101,19,327,00000,000000,District - Darjiling,urban,jain,females,669
census-india-2011,sources/census-2011/c-series/state-mdds/c01-19-west-bengal.xls,723b9edf6254c86a,census-c01-extract-v1.1.0-20260527T234036Z,C0101,19,327,00000,000000,District - Darjiling,urban,other,persons,2492
census-india-2011,sources/census-2011/c-series/state-mdds/c01-19-west-bengal.xls,723b9edf6254c86a,census-c01-extract-v1.1.0-20260527T234036Z,C0101,19,327,00000,000000,District - Darjiling,urban,other,males,1240
census-india-2011,sources/census-2011/c-series/state-mdds/c01-19-west-bengal.xls,723b9edf6254c86a,census-c01-extract-v1.1.0-20260527T234036Z,C0101,19,327,00000,000000,District - Darjiling,urban,other,females,1252
census-india-2011,sources/census-2011/c-series/state-mdds/c01-19-west-bengal.xls,723b9edf6254c86a,census-c01-extract-v1.1.0-20260527T234036Z,C0101,19,327,00000,000000,District - Darjiling,urban,not_stated,persons,2950
census-india-2011,sources/census-2011/c-series/state-mdds/c01-19-west-bengal.xls,723b9edf6254c86a,census-c01-extract-v1.1.0-20260527T234036Z,C0101,19,327,00000,000000,District - Darjiling,urban,not_stated,males,1545
census-india-2011,sources/census-2011/c-series/state-mdds/c01-19-west-bengal.xls,723b9edf6254c86a,census-c01-extract-v1.1.0-20260527T234036Z,C0101,19,327,00000,000000,District - Darjiling,urban,not_stated,females,1405
census-india-2011,sources/census-2011/c-series/state-mdds/c01-19-west-bengal.xls,723b9edf6254c86a,census-c01-extract-v1.1.0-20260527T234036Z,C0101,19,328,00000,000000,District - Jalpaiguri,total,all,persons,3872846
census-india-2011,sources/census-2011/c-series/state-mdds/c01-19-west-bengal.xls,723b9edf6254c86a,census-c01-extract-v1.1.0-20260527T234036Z,C0101,19,328,00000,000000,District - Jalpaiguri,total,all,males,1983064
census-india-2011,sources/census-2011/c-series/state-mdds/c01-19-west-bengal.xls,723b9edf6254c86a,census-c01-extract-v1.1.0-20260527T234036Z,C0101,19,328,00000,000000,District - Jalpaiguri,total,all,females,1889782
census-india-2011,sources/census-2011/c-series/state-mdds/c01-19-west-bengal.xls,723b9edf6254c86a,census-c01-extract-v1.1.0-20260527T234036Z,C0101,19,328,00000,000000,District - Jalpaiguri,total,hindu,persons,3156781
census-india-2011,sources/census-2011/c-series/state-mdds/c01-19-west-bengal.xls,723b9edf6254c86a,census-c01-extract-v1.1.0-20260527T234036Z,C0101,19,328,00000,000000,District - Jalpaiguri,total,hindu,males,1620614
census-india-2011,sources/census-2011/c-series/state-mdds/c01-19-west-bengal.xls,723b9edf6254c86a,census-c01-extract-v1.1.0-20260527T234036Z,C0101,19,328,00000,000000,District - Jalpaiguri,total,hindu,females,1536167
census-india-2011,sources/census-2011/c-series/state-mdds/c01-19-west-bengal.xls,723b9edf6254c86a,census-c01-extract-v1.1.0-20260527T234036Z,C0101,19,328,00000,000000,District - Jalpaiguri,total,muslim,persons,445817
census-india-2011,sources/census-2011/c-series/state-mdds/c01-19-west-bengal.xls,723b9edf6254c86a,census-c01-extract-v1.1.0-20260527T234036Z,C0101,19,328,00000,000000,District - Jalpaiguri,total,muslim,males,228009
census-india-2011,sources/census-2011/c-series/state-mdds/c01-19-west-bengal.xls,723b9edf6254c86a,census-c01-extract-v1.1.0-20260527T234036Z,C0101,19,328,00000,000000,District - Jalpaiguri,total,muslim,females,217808
census-india-2011,sources/census-2011/c-series/state-mdds/c01-19-west-bengal.xls,723b9edf6254c86a,census-c01-extract-v1.1.0-20260527T234036Z,C0101,19,328,00000,000000,District - Jalpaiguri,total,christian,persons,186279
census-india-2011,sources/census-2011/c-series/state-mdds/c01-19-west-bengal.xls,723b9edf6254c86a,census-c01-extract-v1.1.0-20260527T234036Z,C0101,19,328,00000,000000,District - Jalpaiguri,total,christian,males,91997
census-india-2011,sources/census-2011/c-series/state-mdds/c01-19-west-bengal.xls,723b9edf6254c86a,census-c01-extract-v1.1.0-20260527T234036Z,C0101,19,328,00000,000000,District - Jalpaiguri,total,christian,females,94282
census-india-2011,sources/census-2011/c-series/state-mdds/c01-19-west-bengal.xls,723b9edf6254c86a,census-c01-extract-v1.1.0-20260527T234036Z,C0101,19,328,00000,000000,District - Jalpaiguri,total,sikh,persons,2994
census-india-2011,sources/census-2011/c-series/state-mdds/c01-19-west-bengal.xls,723b9edf6254c86a,census-c01-extract-v1.1.0-20260527T234036Z,C0101,19,328,00000,000000,District - Jalpaiguri,total,sikh,males,1945
census-india-2011,sources/census-2011/c-series/state-mdds/c01-19-west-bengal.xls,723b9edf6254c86a,census-c01-extract-v1.1.0-20260527T234036Z,C0101,19,328,00000,000000,District - Jalpaiguri,total,sikh,females,1049
census-india-2011,sources/census-2011/c-series/state-mdds/c01-19-west-bengal.xls,723b9edf6254c86a,census-c01-extract-v1.1.0-20260527T234036Z,C0101,19,328,00000,000000,District - Jalpaiguri,total,buddhist,persons,50676
census-india-2011,sources/census-2011/c-series/state-mdds/c01-19-west-bengal.xls,723b9edf6254c86a,census-c01-extract-v1.1.0-20260527T234036Z,C0101,19,328,00000,000000,District - Jalpaiguri,total,buddhist,males,25182
census-india-2011,sources/census-2011/c-series/state-mdds/c01-19-west-bengal.xls,723b9edf6254c86a,census-c01-extract-v1.1.0-20260527T234036Z,C0101,19,328,00000,000000,District - Jalpaiguri,total,buddhist,females,25494
census-india-2011,sources/census-2011/c-series/state-mdds/c01-19-west-bengal.xls,723b9edf6254c86a,census-c01-extract-v1.1.0-20260527T234036Z,C0101,19,328,00000,000000,District - Jalpaiguri,total,jain,persons,1461
census-india-2011,sources/census-2011/c-series/state-mdds/c01-19-west-bengal.xls,723b9edf6254c86a,census-c01-extract-v1.1.0-20260527T234036Z,C0101,19,328,00000,000000,District - Jalpaiguri,total,jain,males,776
census-india-2011,sources/census-2011/c-series/state-mdds/c01-19-west-bengal.xls,723b9edf6254c86a,census-c01-extract-v1.1.0-20260527T234036Z,C0101,19,328,00000,000000,District - Jalpaiguri,total,jain,females,685
census-india-2011,sources/census-2011/c-series/state-mdds/c01-19-west-bengal.xls,723b9edf6254c86a,census-c01-extract-v1.1.0-20260527T234036Z,C0101,19,328,00000,000000,District - Jalpaiguri,total,other,persons,23816
census-india-2011,sources/census-2011/c-series/state-mdds/c01-19-west-bengal.xls,723b9edf6254c86a,census-c01-extract-v1.1.0-20260527T234036Z,C0101,19,328,00000,000000,District - Jalpaiguri,total,other,males,11930
census-india-2011,sources/census-2011/c-series/state-mdds/c01-19-west-bengal.xls,723b9edf6254c86a,census-c01-extract-v1.1.0-20260527T234036Z,C0101,19,328,00000,000000,District - Jalpaiguri,total,other,females,11886
census-india-2011,sources/census-2011/c-series/state-mdds/c01-19-west-bengal.xls,723b9edf6254c86a,census-c01-extract-v1.1.0-20260527T234036Z,C0101,19,328,00000,000000,District - Jalpaiguri,total,not_stated,persons,5022
census-india-2011,sources/census-2011/c-series/state-mdds/c01-19-west-bengal.xls,723b9edf6254c86a,census-c01-extract-v1.1.0-20260527T234036Z,C0101,19,328,00000,000000,District - Jalpaiguri,total,not_stated,males,2611
census-india-2011,sources/census-2011/c-series/state-mdds/c01-19-west-bengal.xls,723b9edf6254c86a,census-c01-extract-v1.1.0-20260527T234036Z,C0101,19,328,00000,000000,District - Jalpaiguri,total,not_stated,females,2411
census-india-2011,sources/census-2011/c-series/state-mdds/c01-19-west-bengal.xls,723b9edf6254c86a,census-c01-extract-v1.1.0-20260527T234036Z,C0101,19,328,00000,000000,District - Jalpaiguri,rural,all,persons,2812495
census-india-2011,sources/census-2011/c-series/state-mdds/c01-19-west-bengal.xls,723b9edf6254c86a,census-c01-extract-v1.1.0-20260527T234036Z,C0101,19,328,00000,000000,District - Jalpaiguri,rural,all,males,1437286
census-india-2011,sources/census-2011/c-series/state-mdds/c01-19-west-bengal.xls,723b9edf6254c86a,census-c01-extract-v1.1.0-20260527T234036Z,C0101,19,328,00000,000000,District - Jalpaiguri,rural,all,females,1375209
census-india-2011,sources/census-2011/c-series/state-mdds/c01-19-west-bengal.xls,723b9edf6254c86a,census-c01-extract-v1.1.0-20260527T234036Z,C0101,19,328,00000,000000,District - Jalpaiguri,rural,hindu,persons,2205462
census-india-2011,sources/census-2011/c-series/state-mdds/c01-19-west-bengal.xls,723b9edf6254c86a,census-c01-extract-v1.1.0-20260527T234036Z,C0101,19,328,00000,000000,District - Jalpaiguri,rural,hindu,males,1131062
census-india-2011,sources/census-2011/c-series/state-mdds/c01-19-west-bengal.xls,723b9edf6254c86a,census-c01-extract-v1.1.0-20260527T234036Z,C0101,19,328,00000,000000,District - Jalpaiguri,rural,hindu,females,1074400
census-india-2011,sources/census-2011/c-series/state-mdds/c01-19-west-bengal.xls,723b9edf6254c86a,census-c01-extract-v1.1.0-20260527T234036Z,C0101,19,328,00000,000000,District - Jalpaiguri,rural,muslim,persons,367078
census-india-2011,sources/census-2011/c-series/state-mdds/c01-19-west-bengal.xls,723b9edf6254c86a,census-c01-extract-v1.1.0-20260527T234036Z,C0101,19,328,00000,000000,District - Jalpaiguri,rural,muslim,males,187582
census-india-2011,sources/census-2011/c-series/state-mdds/c01-19-west-bengal.xls,723b9edf6254c86a,census-c01-extract-v1.1.0-20260527T234036Z,C0101,19,328,00000,000000,District - Jalpaiguri,rural,muslim,females,179496
census-india-2011,sources/census-2011/c-series/state-mdds/c01-19-west-bengal.xls,723b9edf6254c86a,census-c01-extract-v1.1.0-20260527T234036Z,C0101,19,328,00000,000000,District - Jalpaiguri,rural,christian,persons,171399
census-india-2011,sources/census-2011/c-series/state-mdds/c01-19-west-bengal.xls,723b9edf6254c86a,census-c01-extract-v1.1.0-20260527T234036Z,C0101,19,328,00000,000000,District - Jalpaiguri,rural,christian,males,84435
census-india-2011,sources/census-2011/c-series/state-mdds/c01-19-west-bengal.xls,723b9edf6254c86a,census-c01-extract-v1.1.0-20260527T234036Z,C0101,19,328,00000,000000,District - Jalpaiguri,rural,christian,females,86964
census-india-2011,sources/census-2011/c-series/state-mdds/c01-19-west-bengal.xls,723b9edf6254c86a,census-c01-extract-v1.1.0-20260527T234036Z,C0101,19,328,00000,000000,District - Jalpaiguri,rural,sikh,persons,896
census-india-2011,sources/census-2011/c-series/state-mdds/c01-19-west-bengal.xls,723b9edf6254c86a,census-c01-extract-v1.1.0-20260527T234036Z,C0101,19,328,00000,000000,District - Jalpaiguri,rural,sikh,males,516
census-india-2011,sources/census-2011/c-series/state-mdds/c01-19-west-bengal.xls,723b9edf6254c86a,census-c01-extract-v1.1.0-20260527T234036Z,C0101,19,328,00000,000000,District - Jalpaiguri,rural,sikh,females,380
census-india-2011,sources/census-2011/c-series/state-mdds/c01-19-west-bengal.xls,723b9edf6254c86a,census-c01-extract-v1.1.0-20260527T234036Z,C0101,19,328,00000,000000,District - Jalpaiguri,rural,buddhist,persons,40907
census-india-2011,sources/census-2011/c-series/state-mdds/c01-19-west-bengal.xls,723b9edf6254c86a,census-c01-extract-v1.1.0-20260527T234036Z,C0101,19,328,00000,000000,District - Jalpaiguri,rural,buddhist,males,20249
census-india-2011,sources/census-2011/c-series/state-mdds/c01-19-west-bengal.xls,723b9edf6254c86a,census-c01-extract-v1.1.0-20260527T234036Z,C0101,19,328,00000,000000,District - Jalpaiguri,rural,buddhist,females,20658
census-india-2011,sources/census-2011/c-series/state-mdds/c01-19-west-bengal.xls,723b9edf6254c86a,census-c01-extract-v1.1.0-20260527T234036Z,C0101,19,328,00000,000000,District - Jalpaiguri,rural,jain,persons,396
census-india-2011,sources/census-2011/c-series/state-mdds/c01-19-west-bengal.xls,723b9edf6254c86a,census-c01-extract-v1.1.0-20260527T234036Z,C0101,19,328,00000,000000,District - Jalpaiguri,rural,jain,males,213
census-india-2011,sources/census-2011/c-series/state-mdds/c01-19-west-bengal.xls,723b9edf6254c86a,census-c01-extract-v1.1.0-20260527T234036Z,C0101,19,328,00000,000000,District - Jalpaiguri,rural,jain,females,183
census-india-2011,sources/census-2011/c-series/state-mdds/c01-19-west-bengal.xls,723b9edf6254c86a,census-c01-extract-v1.1.0-20260527T234036Z,C0101,19,328,00000,000000,District - Jalpaiguri,rural,other,persons,23645
census-india-2011,sources/census-2011/c-series/state-mdds/c01-19-west-bengal.xls,723b9edf6254c86a,census-c01-extract-v1.1.0-20260527T234036Z,C0101,19,328,00000,000000,District - Jalpaiguri,rural,other,males,11841
census-india-2011,sources/census-2011/c-series/state-mdds/c01-19-west-bengal.xls,723b9edf6254c86a,census-c01-extract-v1.1.0-20260527T234036Z,C0101,19,328,00000,000000,District - Jalpaiguri,rural,other,females,11804
census-india-2011,sources/census-2011/c-series/state-mdds/c01-19-west-bengal.xls,723b9edf6254c86a,census-c01-extract-v1.1.0-20260527T234036Z,C0101,19,328,00000,000000,District - Jalpaiguri,rural,not_stated,persons,2712
census-india-2011,sources/census-2011/c-series/state-mdds/c01-19-west-bengal.xls,723b9edf6254c86a,census-c01-extract-v1.1.0-20260527T234036Z,C0101,19,328,00000,000000,District - Jalpaiguri,rural,not_stated,males,1388
census-india-2011,sources/census-2011/c-series/state-mdds/c01-19-west-bengal.xls,723b9edf6254c86a,census-c01-extract-v1.1.0-20260527T234036Z,C0101,19,328,00000,000000,District - Jalpaiguri,rural,not_stated,females,1324
census-india-2011,sources/census-2011/c-series/state-mdds/c01-19-west-bengal.xls,723b9edf6254c86a,census-c01-extract-v1.1.0-20260527T234036Z,C0101,19,328,00000,000000,District - Jalpaiguri,urban,all,persons,1060351
census-india-2011,sources/census-2011/c-series/state-mdds/c01-19-west-bengal.xls,723b9edf6254c86a,census-c01-extract-v1.1.0-20260527T234036Z,C0101,19,328,00000,000000,District - Jalpaiguri,urban,all,males,545778
census-india-2011,sources/census-2011/c-series/state-mdds/c01-19-west-bengal.xls,723b9edf6254c86a,census-c01-extract-v1.1.0-20260527T234036Z,C0101,19,328,00000,000000,District - Jalpaiguri,urban,all,females,514573
census-india-2011,sources/census-2011/c-series/state-mdds/c01-19-west-bengal.xls,723b9edf6254c86a,census-c01-extract-v1.1.0-20260527T234036Z,C0101,19,328,00000,000000,District - Jalpaiguri,urban,hindu,persons,951319
census-india-2011,sources/census-2011/c-series/state-mdds/c01-19-west-bengal.xls,723b9edf6254c86a,census-c01-extract-v1.1.0-20260527T234036Z,C0101,19,328,00000,000000,District - Jalpaiguri,urban,hindu,males,489552
census-india-2011,sources/census-2011/c-series/state-mdds/c01-19-west-bengal.xls,723b9edf6254c86a,census-c01-extract-v1.1.0-20260527T234036Z,C0101,19,328,00000,000000,District - Jalpaiguri,urban,hindu,females,461767
census-india-2011,sources/census-2011/c-series/state-mdds/c01-19-west-bengal.xls,723b9edf6254c86a,census-c01-extract-v1.1.0-20260527T234036Z,C0101,19,328,00000,000000,District - Jalpaiguri,urban,muslim,persons,78739
census-india-2011,sources/census-2011/c-series/state-mdds/c01-19-west-bengal.xls,723b9edf6254c86a,census-c01-extract-v1.1.0-20260527T234036Z,C0101,19,328,00000,000000,District - Jalpaiguri,urban,muslim,males,40427
census-india-2011,sources/census-2011/c-series/state-mdds/c01-19-west-bengal.xls,723b9edf6254c86a,census-c01-extract-v1.1.0-20260527T234036Z,C0101,19,328,00000,000000,District - Jalpaiguri,urban,muslim,females,38312
census-india-2011,sources/census-2011/c-series/state-mdds/c01-19-west-bengal.xls,723b9edf6254c86a,census-c01-extract-v1.1.0-20260527T234036Z,C0101,19,328,00000,000000,District - Jalpaiguri,urban,christian,persons,14880
census-india-2011,sources/census-2011/c-series/state-mdds/c01-19-west-bengal.xls,723b9edf6254c86a,census-c01-extract-v1.1.0-20260527T234036Z,C0101,19,328,00000,000000,District - Jalpaiguri,urban,christian,males,7562
census-india-2011,sources/census-2011/c-series/state-mdds/c01-19-west-bengal.xls,723b9edf6254c86a,census-c01-extract-v1.1.0-20260527T234036Z,C0101,19,328,00000,000000,District - Jalpaiguri,urban,christian,females,7318
census-india-2011,sources/census-2011/c-series/state-mdds/c01-19-west-bengal.xls,723b9edf6254c86a,census-c01-extract-v1.1.0-20260527T234036Z,C0101,19,328,00000,000000,District - Jalpaiguri,urban,sikh,persons,2098
census-india-2011,sources/census-2011/c-series/state-mdds/c01-19-west-bengal.xls,723b9edf6254c86a,census-c01-extract-v1.1.0-20260527T234036Z,C0101,19,328,00000,000000,District - Jalpaiguri,urban,sikh,males,1429
census-india-2011,sources/census-2011/c-series/state-mdds/c01-19-west-bengal.xls,723b9edf6254c86a,census-c01-extract-v1.1.0-20260527T234036Z,C0101,19,328,00000,000000,District - Jalpaiguri,urban,sikh,females,669
census-india-2011,sources/census-2011/c-series/state-mdds/c01-19-west-bengal.xls,723b9edf6254c86a,census-c01-extract-v1.1.0-20260527T234036Z,C0101,19,328,00000,000000,District - Jalpaiguri,urban,buddhist,persons,9769
census-india-2011,sources/census-2011/c-series/state-mdds/c01-19-west-bengal.xls,723b9edf6254c86a,census-c01-extract-v1.1.0-20260527T234036Z,C0101,19,328,00000,000000,District - Jalpaiguri,urban,buddhist,males,4933
census-india-2011,sources/census-2011/c-series/state-mdds/c01-19-west-bengal.xls,723b9edf6254c86a,census-c01-extract-v1.1.0-20260527T234036Z,C0101,19,328,00000,000000,District - Jalpaiguri,urban,buddhist,females,4836
census-india-2011,sources/census-2011/c-series/state-mdds/c01-19-west-bengal.xls,723b9edf6254c86a,census-c01-extract-v1.1.0-20260527T234036Z,C0101,19,328,00000,000000,District - Jalpaiguri,urban,jain,persons,1065
census-india-2011,sources/census-2011/c-series/state-mdds/c01-19-west-bengal.xls,723b9edf6254c86a,census-c01-extract-v1.1.0-20260527T234036Z,C0101,19,328,00000,000000,District - Jalpaiguri,urban,jain,males,563
census-india-2011,sources/census-2011/c-series/state-mdds/c01-19-west-bengal.xls,723b9edf6254c86a,census-c01-extract-v1.1.0-20260527T234036Z,C0101,19,328,00000,000000,District - Jalpaiguri,urban,jain,females,502
census-india-2011,sources/census-2011/c-series/state-mdds/c01-19-west-bengal.xls,723b9edf6254c86a,census-c01-extract-v1.1.0-20260527T234036Z,C0101,19,328,00000,000000,District - Jalpaiguri,urban,other,persons,171
census-india-2011,sources/census-2011/c-series/state-mdds/c01-19-west-bengal.xls,723b9edf6254c86a,census-c01-extract-v1.1.0-20260527T234036Z,C0101,19,328,00000,000000,District - Jalpaiguri,urban,other,males,89
census-india-2011,sources/census-2011/c-series/state-mdds/c01-19-west-bengal.xls,723b9edf6254c86a,census-c01-extract-v1.1.0-20260527T234036Z,C0101,19,328,00000,000000,District - Jalpaiguri,urban,other,females,82
census-india-2011,sources/census-2011/c-series/state-mdds/c01-19-west-bengal.xls,723b9edf6254c86a,census-c01-extract-v1.1.0-20260527T234036Z,C0101,19,328,00000,000000,District - Jalpaiguri,urban,not_stated,persons,2310
census-india-2011,sources/census-2011/c-series/state-mdds/c01-19-west-bengal.xls,723b9edf6254c86a,census-c01-extract-v1.1.0-20260527T234036Z,C0101,19,328,00000,000000,District - Jalpaiguri,urban,not_stated,males,1223
census-india-2011,sources/census-2011/c-series/state-mdds/c01-19-west-bengal.xls,723b9edf6254c86a,census-c01-extract-v1.1.0-20260527T234036Z,C0101,19,328,00000,000000,District - Jalpaiguri,urban,not_stated,females,1087
census-india-2011,sources/census-2011/c-series/state-mdds/c01-19-west-bengal.xls,723b9edf6254c86a,census-c01-extract-v1.1.0-20260527T234036Z,C0101,19,329,00000,000000,District - Koch Bihar,total,all,persons,2819086
census-india-2011,sources/census-2011/c-series/state-mdds/c01-19-west-bengal.xls,723b9edf6254c86a,census-c01-extract-v1.1.0-20260527T234036Z,C0101,19,329,00000,000000,District - Koch Bihar,total,all,males,1451542
census-india-2011,sources/census-2011/c-series/state-mdds/c01-19-west-bengal.xls,723b9edf6254c86a,census-c01-extract-v1.1.0-20260527T234036Z,C0101,19,329,00000,000000,District - Koch Bihar,total,all,females,1367544
census-india-2011,sources/census-2011/c-series/state-mdds/c01-19-west-bengal.xls,723b9edf6254c86a,census-c01-extract-v1.1.0-20260527T234036Z,C0101,19,329,00000,000000,District - Koch Bihar,total,hindu,persons,2087766
census-india-2011,sources/census-2011/c-series/state-mdds/c01-19-west-bengal.xls,723b9edf6254c86a,census-c01-extract-v1.1.0-20260527T234036Z,C0101,19,329,00000,000000,District - Koch Bihar,total,hindu,males,1076413
census-india-2011,sources/census-2011/c-series/state-mdds/c01-19-west-bengal.xls,723b9edf6254c86a,census-c01-extract-v1.1.0-20260527T234036Z,C0101,19,329,00000,000000,District - Koch Bihar,total,hindu,females,1011353
census-india-2011,sources/census-2011/c-series/state-mdds/c01-19-west-bengal.xls,723b9edf6254c86a,census-c01-extract-v1.1.0-20260527T234036Z,C0101,19,329,00000,000000,District - Koch Bihar,total,muslim,persons,720033
census-india-2011,sources/census-2011/c-series/state-mdds/c01-19-west-bengal.xls,723b9edf6254c86a,census-c01-extract-v1.1.0-20260527T234036Z,C0101,19,329,00000,000000,District - Koch Bihar,total,muslim,males,369383
census-india-2011,sources/census-2011/c-series/state-mdds/c01-19-west-bengal.xls,723b9edf6254c86a,census-c01-extract-v1.1.0-20260527T234036Z,C0101,19,329,00000,000000,District - Koch Bihar,total,muslim,females,350650
census-india-2011,sources/census-2011/c-series/state-mdds/c01-19-west-bengal.xls,723b9edf6254c86a,census-c01-extract-v1.1.0-20260527T234036Z,C0101,19,329,00000,000000,District - Koch Bihar,total,christian,persons,4122
census-india-2011,sources/census-2011/c-series/state-mdds/c01-19-west-bengal.xls,723b9edf6254c86a,census-c01-extract-v1.1.0-20260527T234036Z,C0101,19,329,00000,000000,District - Koch Bihar,total,christian,males,2077
census-india-2011,sources/census-2011/c-series/state-mdds/c01-19-west-bengal.xls,723b9edf6254c86a,census-c01-extract-v1.1.0-20260527T234036Z,C0101,19,329,00000,000000,District - Koch Bihar,total,christian,females,2045
census-india-2011,sources/census-2011/c-series/state-mdds/c01-19-west-bengal.xls,723b9edf6254c86a,census-c01-extract-v1.1.0-20260527T234036Z,C0101,19,329,00000,000000,District - Koch Bihar,total,sikh,persons,449
census-india-2011,sources/census-2011/c-series/state-mdds/c01-19-west-bengal.xls,723b9edf6254c86a,census-c01-extract-v1.1.0-20260527T234036Z,C0101,19,329,00000,000000,District - Koch Bihar,total,sikh,males,267
census-india-2011,sources/census-2011/c-series/state-mdds/c01-19-west-bengal.xls,723b9edf6254c86a,census-c01-extract-v1.1.0-20260527T234036Z,C0101,19,329,00000,000000,District - Koch Bihar,total,sikh,females,182
census-india-2011,sources/census-2011/c-series/state-mdds/c01-19-west-bengal.xls,723b9edf6254c86a,census-c01-extract-v1.1.0-20260527T234036Z,C0101,19,329,00000,000000,District - Koch Bihar,total,buddhist,persons,445
census-india-2011,sources/census-2011/c-series/state-mdds/c01-19-west-bengal.xls,723b9edf6254c86a,census-c01-extract-v1.1.0-20260527T234036Z,C0101,19,329,00000,000000,District - Koch Bihar,total,buddhist,males,213
census-india-2011,sources/census-2011/c-series/state-mdds/c01-19-west-bengal.xls,723b9edf6254c86a,census-c01-extract-v1.1.0-20260527T234036Z,C0101,19,329,00000,000000,District - Koch Bihar,total,buddhist,females,232
census-india-2011,sources/census-2011/c-series/state-mdds/c01-19-west-bengal.xls,723b9edf6254c86a,census-c01-extract-v1.1.0-20260527T234036Z,C0101,19,329,00000,000000,District - Koch Bihar,total,jain,persons,1869
census-india-2011,sources/census-2011/c-series/state-mdds/c01-19-west-bengal.xls,723b9edf6254c86a,census-c01-extract-v1.1.0-20260527T234036Z,C0101,19,329,00000,000000,District - Koch Bihar,total,jain,males,952
census-india-2011,sources/census-2011/c-series/state-mdds/c01-19-west-bengal.xls,723b9edf6254c86a,census-c01-extract-v1.1.0-20260527T234036Z,C0101,19,329,00000,000000,District - Koch Bihar,total,jain,females,917
census-india-2011,sources/census-2011/c-series/state-mdds/c01-19-west-bengal.xls,723b9edf6254c86a,census-c01-extract-v1.1.0-20260527T234036Z,C0101,19,329,00000,000000,District - Koch Bihar,total,other,persons,158
census-india-2011,sources/census-2011/c-series/state-mdds/c01-19-west-bengal.xls,723b9edf6254c86a,census-c01-extract-v1.1.0-20260527T234036Z,C0101,19,329,00000,000000,District - Koch Bihar,total,other,males,92
census-india-2011,sources/census-2011/c-series/state-mdds/c01-19-west-bengal.xls,723b9edf6254c86a,census-c01-extract-v1.1.0-20260527T234036Z,C0101,19,329,00000,000000,District - Koch Bihar,total,other,females,66
census-india-2011,sources/census-2011/c-series/state-mdds/c01-19-west-bengal.xls,723b9edf6254c86a,census-c01-extract-v1.1.0-20260527T234036Z,C0101,19,329,00000,000000,District - Koch Bihar,total,not_stated,persons,4244
census-india-2011,sources/census-2011/c-series/state-mdds/c01-19-west-bengal.xls,723b9edf6254c86a,census-c01-extract-v1.1.0-20260527T234036Z,C0101,19,329,00000,000000,District - Koch Bihar,total,not_stated,males,2145
census-india-2011,sources/census-2011/c-series/state-mdds/c01-19-west-bengal.xls,723b9edf6254c86a,census-c01-extract-v1.1.0-20260527T234036Z,C0101,19,329,00000,000000,District - Koch Bihar,total,not_stated,females,2099
census-india-2011,sources/census-2011/c-series/state-mdds/c01-19-west-bengal.xls,723b9edf6254c86a,census-c01-extract-v1.1.0-20260527T234036Z,C0101,19,329,00000,000000,District - Koch Bihar,rural,all,persons,2529652
census-india-2011,sources/census-2011/c-series/state-mdds/c01-19-west-bengal.xls,723b9edf6254c86a,census-c01-extract-v1.1.0-20260527T234036Z,C0101,19,329,00000,000000,District - Koch Bihar,rural,all,males,1304916
census-india-2011,sources/census-2011/c-series/state-mdds/c01-19-west-bengal.xls,723b9edf6254c86a,census-c01-extract-v1.1.0-20260527T234036Z,C0101,19,329,00000,000000,District - Koch Bihar,rural,all,females,1224736
census-india-2011,sources/census-2011/c-series/state-mdds/c01-19-west-bengal.xls,723b9edf6254c86a,census-c01-extract-v1.1.0-20260527T234036Z,C0101,19,329,00000,000000,District - Koch Bihar,rural,hindu,persons,1833358
census-india-2011,sources/census-2011/c-series/state-mdds/c01-19-west-bengal.xls,723b9edf6254c86a,census-c01-extract-v1.1.0-20260527T234036Z,C0101,19,329,00000,000000,District - Koch Bihar,rural,hindu,males,947548
census-india-2011,sources/census-2011/c-series/state-mdds/c01-19-west-bengal.xls,723b9edf6254c86a,census-c01-extract-v1.1.0-20260527T234036Z,C0101,19,329,00000,000000,District - Koch Bihar,rural,hindu,females,885810
census-india-2011,sources/census-2011/c-series/state-mdds/c01-19-west-bengal.xls,723b9edf6254c86a,census-c01-extract-v1.1.0-20260527T234036Z,C0101,19,329,00000,000000,District - Koch Bihar,rural,muslim,persons,688243
census-india-2011,sources/census-2011/c-series/state-mdds/c01-19-west-bengal.xls,723b9edf6254c86a,census-c01-extract-v1.1.0-20260527T234036Z,C0101,19,329,00000,000000,District - Koch Bihar,rural,muslim,males,353247
census-india-2011,sources/census-2011/c-series/state-mdds/c01-19-west-bengal.xls,723b9edf6254c86a,census-c01-extract-v1.1.0-20260527T234036Z,C0101,19,329,00000,000000,District - Koch Bihar,rural,muslim,females,334996
census-india-2011,sources/census-2011/c-series/state-mdds/c01-19-west-bengal.xls,723b9edf6254c86a,census-c01-extract-v1.1.0-20260527T234036Z,C0101,19,329,00000,000000,District - Koch Bihar,rural,christian,persons,3494
census-india-2011,sources/census-2011/c-series/state-mdds/c01-19-west-bengal.xls,723b9edf6254c86a,census-c01-extract-v1.1.0-20260527T234036Z,C0101,19,329,00000,000000,District - Koch Bihar,rural,christian,males,1784
census-india-2011,sources/census-2011/c-series/state-mdds/c01-19-west-bengal.xls,723b9edf6254c86a,census-c01-extract-v1.1.0-20260527T234036Z,C0101,19,329,00000,000000,District - Koch Bihar,rural,christian,females,1710
census-india-2011,sources/census-2011/c-series/state-mdds/c01-19-west-bengal.xls,723b9edf6254c86a,census-c01-extract-v1.1.0-20260527T234036Z,C0101,19,329,00000,000000,District - Koch Bihar,rural,sikh,persons,367
census-india-2011,sources/census-2011/c-series/state-mdds/c01-19-west-bengal.xls,723b9edf6254c86a,census-c01-extract-v1.1.0-20260527T234036Z,C0101,19,329,00000,000000,District - Koch Bihar,rural,sikh,males,220
census-india-2011,sources/census-2011/c-series/state-mdds/c01-19-west-bengal.xls,723b9edf6254c86a,census-c01-extract-v1.1.0-20260527T234036Z,C0101,19,329,00000,000000,District - Koch Bihar,rural,sikh,females,147
census-india-2011,sources/census-2011/c-series/state-mdds/c01-19-west-bengal.xls,723b9edf6254c86a,census-c01-extract-v1.1.0-20260527T234036Z,C0101,19,329,00000,000000,District - Koch Bihar,rural,buddhist,persons,135
census-india-2011,sources/census-2011/c-series/state-mdds/c01-19-west-bengal.xls,723b9edf6254c86a,census-c01-extract-v1.1.0-20260527T234036Z,C0101,19,329,00000,000000,District - Koch Bihar,rural,buddhist,males,73
census-india-2011,sources/census-2011/c-series/state-mdds/c01-19-west-bengal.xls,723b9edf6254c86a,census-c01-extract-v1.1.0-20260527T234036Z,C0101,19,329,00000,000000,District - Koch Bihar,rural,buddhist,females,62
census-india-2011,sources/census-2011/c-series/state-mdds/c01-19-west-bengal.xls,723b9edf6254c86a,census-c01-extract-v1.1.0-20260527T234036Z,C0101,19,329,00000,000000,District - Koch Bihar,rural,jain,persons,337
census-india-2011,sources/census-2011/c-series/state-mdds/c01-19-west-bengal.xls,723b9edf6254c86a,census-c01-extract-v1.1.0-20260527T234036Z,C0101,19,329,00000,000000,District - Koch Bihar,rural,jain,males,182
census-india-2011,sources/census-2011/c-series/state-mdds/c01-19-west-bengal.xls,723b9edf6254c86a,census-c01-extract-v1.1.0-20260527T234036Z,C0101,19,329,00000,000000,District - Koch Bihar,rural,jain,females,155
census-india-2011,sources/census-2011/c-series/state-mdds/c01-19-west-bengal.xls,723b9edf6254c86a,census-c01-extract-v1.1.0-20260527T234036Z,C0101,19,329,00000,000000,District - Koch Bihar,rural,other,persons,137
census-india-2011,sources/census-2011/c-series/state-mdds/c01-19-west-bengal.xls,723b9edf6254c86a,census-c01-extract-v1.1.0-20260527T234036Z,C0101,19,329,00000,000000,District - Koch Bihar,rural,other,males,81
census-india-2011,sources/census-2011/c-series/state-mdds/c01-19-west-bengal.xls,723b9edf6254c86a,census-c01-extract-v1.1.0-20260527T234036Z,C0101,19,329,00000,000000,District - Koch Bihar,rural,other,females,56
census-india-2011,sources/census-2011/c-series/state-mdds/c01-19-west-bengal.xls,723b9edf6254c86a,census-c01-extract-v1.1.0-20260527T234036Z,C0101,19,329,00000,000000,District - Koch Bihar,rural,not_stated,persons,3581
census-india-2011,sources/census-2011/c-series/state-mdds/c01-19-west-bengal.xls,723b9edf6254c86a,census-c01-extract-v1.1.0-20260527T234036Z,C0101,19,329,00000,000000,District - Koch Bihar,rural,not_stated,males,1781
census-india-2011,sources/census-2011/c-series/state-mdds/c01-19-west-bengal.xls,723b9edf6254c86a,census-c01-extract-v1.1.0-20260527T234036Z,C0101,19,329,00000,000000,District - Koch Bihar,rural,not_stated,females,1800
census-india-2011,sources/census-2011/c-series/state-mdds/c01-19-west-bengal.xls,723b9edf6254c86a,census-c01-extract-v1.1.0-20260527T234036Z,C0101,19,329,00000,000000,District - Koch Bihar,urban,all,persons,289434
census-india-2011,sources/census-2011/c-series/state-mdds/c01-19-west-bengal.xls,723b9edf6254c86a,census-c01-extract-v1.1.0-20260527T234036Z,C0101,19,329,00000,000000,District - Koch Bihar,urban,all,males,146626
census-india-2011,sources/census-2011/c-series/state-mdds/c01-19-west-bengal.xls,723b9edf6254c86a,census-c01-extract-v1.1.0-20260527T234036Z,C0101,19,329,00000,000000,District - Koch Bihar,urban,all,females,142808
census-india-2011,sources/census-2011/c-series/state-mdds/c01-19-west-bengal.xls,723b9edf6254c86a,census-c01-extract-v1.1.0-20260527T234036Z,C0101,19,329,00000,000000,District - Koch Bihar,urban,hindu,persons,254408
census-india-2011,sources/census-2011/c-series/state-mdds/c01-19-west-bengal.xls,723b9edf6254c86a,census-c01-extract-v1.1.0-20260527T234036Z,C0101,19,329,00000,000000,District - Koch Bihar,urban,hindu,males,128865
census-india-2011,sources/census-2011/c-series/state-mdds/c01-19-west-bengal.xls,723b9edf6254c86a,census-c01-extract-v1.1.0-20260527T234036Z,C0101,19,329,00000,000000,District - Koch Bihar,urban,hindu,females,125543
census-india-2011,sources/census-2011/c-series/state-mdds/c01-19-west-bengal.xls,723b9edf6254c86a,census-c01-extract-v1.1.0-20260527T234036Z,C0101,19,329,00000,000000,District - Koch Bihar,urban,muslim,persons,31790
census-india-2011,sources/census-2011/c-series/state-mdds/c01-19-west-bengal.xls,723b9edf6254c86a,census-c01-extract-v1.1.0-20260527T234036Z,C0101,19,329,00000,000000,District - Koch Bihar,urban,muslim,males,16136
census-india-2011,sources/census-2011/c-series/state-mdds/c01-19-west-bengal.xls,723b9edf6254c86a,census-c01-extract-v1.1.0-20260527T234036Z,C0101,19,329,00000,000000,District - Koch Bihar,urban,muslim,females,15654
census-india-2011,sources/census-2011/c-series/state-mdds/c01-19-west-bengal.xls,723b9edf6254c86a,census-c01-extract-v1.1.0-20260527T234036Z,C0101,19,329,00000,000000,District - Koch Bihar,urban,christian,persons,628
census-india-2011,sources/census-2011/c-series/state-mdds/c01-19-west-bengal.xls,723b9edf6254c86a,census-c01-extract-v1.1.0-20260527T234036Z,C0101,19,329,00000,000000,District - Koch Bihar,urban,christian,males,293
census-india-2011,sources/census-2011/c-series/state-mdds/c01-19-west-bengal.xls,723b9edf6254c86a,census-c01-extract-v1.1.0-20260527T234036Z,C0101,19,329,00000,000000,District - Koch Bihar,urban,christian,females,335
census-india-2011,sources/census-2011/c-series/state-mdds/c01-19-west-bengal.xls,723b9edf6254c86a,census-c01-extract-v1.1.0-20260527T234036Z,C0101,19,329,00000,000000,District - Koch Bihar,urban,sikh,persons,82
census-india-2011,sources/census-2011/c-series/state-mdds/c01-19-west-bengal.xls,723b9edf6254c86a,census-c01-extract-v1.1.0-20260527T234036Z,C0101,19,329,00000,000000,District - Koch Bihar,urban,sikh,males,47
census-india-2011,sources/census-2011/c-series/state-mdds/c01-19-west-bengal.xls,723b9edf6254c86a,census-c01-extract-v1.1.0-20260527T234036Z,C0101,19,329,00000,000000,District - Koch Bihar,urban,sikh,females,35
census-india-2011,sources/census-2011/c-series/state-mdds/c01-19-west-bengal.xls,723b9edf6254c86a,census-c01-extract-v1.1.0-20260527T234036Z,C0101,19,329,00000,000000,District - Koch Bihar,urban,buddhist,persons,310
census-india-2011,sources/census-2011/c-series/state-mdds/c01-19-west-bengal.xls,723b9edf6254c86a,census-c01-extract-v1.1.0-20260527T234036Z,C0101,19,329,00000,000000,District - Koch Bihar,urban,buddhist,males,140
census-india-2011,sources/census-2011/c-series/state-mdds/c01-19-west-bengal.xls,723b9edf6254c86a,census-c01-extract-v1.1.0-20260527T234036Z,C0101,19,329,00000,000000,District - Koch Bihar,urban,buddhist,females,170
census-india-2011,sources/census-2011/c-series/state-mdds/c01-19-west-bengal.xls,723b9edf6254c86a,census-c01-extract-v1.1.0-20260527T234036Z,C0101,19,329,00000,000000,District - Koch Bihar,urban,jain,persons,1532
census-india-2011,sources/census-2011/c-series/state-mdds/c01-19-west-bengal.xls,723b9edf6254c86a,census-c01-extract-v1.1.0-20260527T234036Z,C0101,19,329,00000,000000,District - Koch Bihar,urban,jain,males,770
census-india-2011,sources/census-2011/c-series/state-mdds/c01-19-west-bengal.xls,723b9edf6254c86a,census-c01-extract-v1.1.0-20260527T234036Z,C0101,19,329,00000,000000,District - Koch Bihar,urban,jain,females,762
census-india-2011,sources/census-2011/c-series/state-mdds/c01-19-west-bengal.xls,723b9edf6254c86a,census-c01-extract-v1.1.0-20260527T234036Z,C0101,19,329,00000,000000,District - Koch Bihar,urban,other,persons,21
census-india-2011,sources/census-2011/c-series/state-mdds/c01-19-west-bengal.xls,723b9edf6254c86a,census-c01-extract-v1.1.0-20260527T234036Z,C0101,19,329,00000,000000,District - Koch Bihar,urban,other,males,11
census-india-2011,sources/census-2011/c-series/state-mdds/c01-19-west-bengal.xls,723b9edf6254c86a,census-c01-extract-v1.1.0-20260527T234036Z,C0101,19,329,00000,000000,District - Koch Bihar,urban,other,females,10
census-india-2011,sources/census-2011/c-series/state-mdds/c01-19-west-bengal.xls,723b9edf6254c86a,census-c01-extract-v1.1.0-20260527T234036Z,C0101,19,329,00000,000000,District - Koch Bihar,urban,not_stated,persons,663
census-india-2011,sources/census-2011/c-series/state-mdds/c01-19-west-bengal.xls,723b9edf6254c86a,census-c01-extract-v1.1.0-20260527T234036Z,C0101,19,329,00000,000000,District - Koch Bihar,urban,not_stated,males,364
census-india-2011,sources/census-2011/c-series/state-mdds/c01-19-west-bengal.xls,723b9edf6254c86a,census-c01-extract-v1.1.0-20260527T234036Z,C0101,19,329,00000,000000,District - Koch Bihar,urban,not_stated,females,299
census-india-2011,sources/census-2011/c-series/state-mdds/c01-19-west-bengal.xls,723b9edf6254c86a,census-c01-extract-v1.1.0-20260527T234036Z,C0101,19,330,00000,000000,District - Uttar Dinajpur,total,all,persons,3007134
census-india-2011,sources/census-2011/c-series/state-mdds/c01-19-west-bengal.xls,723b9edf6254c86a,census-c01-extract-v1.1.0-20260527T234036Z,C0101,19,330,00000,000000,District - Uttar Dinajpur,total,all,males,1551066
census-india-2011,sources/census-2011/c-series/state-mdds/c01-19-west-bengal.xls,723b9edf6254c86a,census-c01-extract-v1.1.0-20260527T234036Z,C0101,19,330,00000,000000,District - Uttar Dinajpur,total,all,females,1456068
census-india-2011,sources/census-2011/c-series/state-mdds/c01-19-west-bengal.xls,723b9edf6254c86a,census-c01-extract-v1.1.0-20260527T234036Z,C0101,19,330,00000,000000,District - Uttar Dinajpur,total,hindu,persons,1482943
census-india-2011,sources/census-2011/c-series/state-mdds/c01-19-west-bengal.xls,723b9edf6254c86a,census-c01-extract-v1.1.0-20260527T234036Z,C0101,19,330,00000,000000,District - Uttar Dinajpur,total,hindu,males,768309
census-india-2011,sources/census-2011/c-series/state-mdds/c01-19-west-bengal.xls,723b9edf6254c86a,census-c01-extract-v1.1.0-20260527T234036Z,C0101,19,330,00000,000000,District - Uttar Dinajpur,total,hindu,females,714634
census-india-2011,sources/census-2011/c-series/state-mdds/c01-19-west-bengal.xls,723b9edf6254c86a,census-c01-extract-v1.1.0-20260527T234036Z,C0101,19,330,00000,000000,District - Uttar Dinajpur,total,muslim,persons,1501170
census-india-2011,sources/census-2011/c-series/state-mdds/c01-19-west-bengal.xls,723b9edf6254c86a,census-c01-extract-v1.1.0-20260527T234036Z,C0101,19,330,00000,000000,District - Uttar Dinajpur,total,muslim,males,771198
census-india-2011,sources/census-2011/c-series/state-mdds/c01-19-west-bengal.xls,723b9edf6254c86a,census-c01-extract-v1.1.0-20260527T234036Z,C0101,19,330,00000,000000,District - Uttar Dinajpur,total,muslim,females,729972
census-india-2011,sources/census-2011/c-series/state-mdds/c01-19-west-bengal.xls,723b9edf6254c86a,census-c01-extract-v1.1.0-20260527T234036Z,C0101,19,330,00000,000000,District - Uttar Dinajpur,total,christian,persons,16702
census-india-2011,sources/census-2011/c-series/state-mdds/c01-19-west-bengal.xls,723b9edf6254c86a,census-c01-extract-v1.1.0-20260527T234036Z,C0101,19,330,00000,000000,District - Uttar Dinajpur,total,christian,males,8307
census-india-2011,sources/census-2011/c-series/state-mdds/c01-19-west-bengal.xls,723b9edf6254c86a,census-c01-extract-v1.1.0-20260527T234036Z,C0101,19,330,00000,000000,District - Uttar Dinajpur,total,christian,females,8395
census-india-2011,sources/census-2011/c-series/state-mdds/c01-19-west-bengal.xls,723b9edf6254c86a,census-c01-extract-v1.1.0-20260527T234036Z,C0101,19,330,00000,000000,District - Uttar Dinajpur,total,sikh,persons,477
census-india-2011,sources/census-2011/c-series/state-mdds/c01-19-west-bengal.xls,723b9edf6254c86a,census-c01-extract-v1.1.0-20260527T234036Z,C0101,19,330,00000,000000,District - Uttar Dinajpur,total,sikh,males,288
census-india-2011,sources/census-2011/c-series/state-mdds/c01-19-west-bengal.xls,723b9edf6254c86a,census-c01-extract-v1.1.0-20260527T234036Z,C0101,19,330,00000,000000,District - Uttar Dinajpur,total,sikh,females,189
census-india-2011,sources/census-2011/c-series/state-mdds/c01-19-west-bengal.xls,723b9edf6254c86a,census-c01-extract-v1.1.0-20260527T234036Z,C0101,19,330,00000,000000,District - Uttar Dinajpur,total,buddhist,persons,432
census-india-2011,sources/census-2011/c-series/state-mdds/c01-19-west-bengal.xls,723b9edf6254c86a,census-c01-extract-v1.1.0-20260527T234036Z,C0101,19,330,00000,000000,District - Uttar Dinajpur,total,buddhist,males,219
census-india-2011,sources/census-2011/c-series/state-mdds/c01-19-west-bengal.xls,723b9edf6254c86a,census-c01-extract-v1.1.0-20260527T234036Z,C0101,19,330,00000,000000,District - Uttar Dinajpur,total,buddhist,females,213
census-india-2011,sources/census-2011/c-series/state-mdds/c01-19-west-bengal.xls,723b9edf6254c86a,census-c01-extract-v1.1.0-20260527T234036Z,C0101,19,330,00000,000000,District - Uttar Dinajpur,total,jain,persons,1324
census-india-2011,sources/census-2011/c-series/state-mdds/c01-19-west-bengal.xls,723b9edf6254c86a,census-c01-extract-v1.1.0-20260527T234036Z,C0101,19,330,00000,000000,District - Uttar Dinajpur,total,jain,males,689
census-india-2011,sources/census-2011/c-series/state-mdds/c01-19-west-bengal.xls,723b9edf6254c86a,census-c01-extract-v1.1.0-20260527T234036Z,C0101,19,330,00000,000000,District - Uttar Dinajpur,total,jain,females,635
census-india-2011,sources/census-2011/c-series/state-mdds/c01-19-west-bengal.xls,723b9edf6254c86a,census-c01-extract-v1.1.0-20260527T234036Z,C0101,19,330,00000,000000,District - Uttar Dinajpur,total,other,persons,1622
census-india-2011,sources/census-2011/c-series/state-mdds/c01-19-west-bengal.xls,723b9edf6254c86a,census-c01-extract-v1.1.0-20260527T234036Z,C0101,19,330,00000,000000,District - Uttar Dinajpur,total,other,males,805
census-india-2011,sources/census-2011/c-series/state-mdds/c01-19-west-bengal.xls,723b9edf6254c86a,census-c01-extract-v1.1.0-20260527T234036Z,C0101,19,330,00000,000000,District - Uttar Dinajpur,total,other,females,817
census-india-2011,sources/census-2011/c-series/state-mdds/c01-19-west-bengal.xls,723b9edf6254c86a,census-c01-extract-v1.1.0-20260527T234036Z,C0101,19,330,00000,000000,District - Uttar Dinajpur,total,not_stated,persons,2464
census-india-2011,sources/census-2011/c-series/state-mdds/c01-19-west-bengal.xls,723b9edf6254c86a,census-c01-extract-v1.1.0-20260527T234036Z,C0101,19,330,00000,000000,District - Uttar Dinajpur,total,not_stated,males,1251
census-india-2011,sources/census-2011/c-series/state-mdds/c01-19-west-bengal.xls,723b9edf6254c86a,census-c01-extract-v1.1.0-20260527T234036Z,C0101,19,330,00000,000000,District - Uttar Dinajpur,total,not_stated,females,1213
census-india-2011,sources/census-2011/c-series/state-mdds/c01-19-west-bengal.xls,723b9edf6254c86a,census-c01-extract-v1.1.0-20260527T234036Z,C0101,19,330,00000,000000,District - Uttar Dinajpur,rural,all,persons,2644906
census-india-2011,sources/census-2011/c-series/state-mdds/c01-19-west-bengal.xls,723b9edf6254c86a,census-c01-extract-v1.1.0-20260527T234036Z,C0101,19,330,00000,000000,District - Uttar Dinajpur,rural,all,males,1362469
census-india-2011,sources/census-2011/c-series/state-mdds/c01-19-west-bengal.xls,723b9edf6254c86a,census-c01-extract-v1.1.0-20260527T234036Z,C0101,19,330,00000,000000,District - Uttar Dinajpur,rural,all,females,1282437
census-india-2011,sources/census-2011/c-series/state-mdds/c01-19-west-bengal.xls,723b9edf6254c86a,census-c01-extract-v1.1.0-20260527T234036Z,C0101,19,330,00000,000000,District - Uttar Dinajpur,rural,hindu,persons,1169085
census-india-2011,sources/census-2011/c-series/state-mdds/c01-19-west-bengal.xls,723b9edf6254c86a,census-c01-extract-v1.1.0-20260527T234036Z,C0101,19,330,00000,000000,District - Uttar Dinajpur,rural,hindu,males,605108
census-india-2011,sources/census-2011/c-series/state-mdds/c01-19-west-bengal.xls,723b9edf6254c86a,census-c01-extract-v1.1.0-20260527T234036Z,C0101,19,330,00000,000000,District - Uttar Dinajpur,rural,hindu,females,563977
census-india-2011,sources/census-2011/c-series/state-mdds/c01-19-west-bengal.xls,723b9edf6254c86a,census-c01-extract-v1.1.0-20260527T234036Z,C0101,19,330,00000,000000,District - Uttar Dinajpur,rural,muslim,persons,1455303
census-india-2011,sources/census-2011/c-series/state-mdds/c01-19-west-bengal.xls,723b9edf6254c86a,census-c01-extract-v1.1.0-20260527T234036Z,C0101,19,330,00000,000000,District - Uttar Dinajpur,rural,muslim,males,747092
census-india-2011,sources/census-2011/c-series/state-mdds/c01-19-west-bengal.xls,723b9edf6254c86a,census-c01-extract-v1.1.0-20260527T234036Z,C0101,19,330,00000,000000,District - Uttar Dinajpur,rural,muslim,females,708211
census-india-2011,sources/census-2011/c-series/state-mdds/c01-19-west-bengal.xls,723b9edf6254c86a,census-c01-extract-v1.1.0-20260527T234036Z,C0101,19,330,00000,000000,District - Uttar Dinajpur,rural,christian,persons,15820
census-india-2011,sources/census-2011/c-series/state-mdds/c01-19-west-bengal.xls,723b9edf6254c86a,census-c01-extract-v1.1.0-20260527T234036Z,C0101,19,330,00000,000000,District - Uttar Dinajpur,rural,christian,males,7859
census-india-2011,sources/census-2011/c-series/state-mdds/c01-19-west-bengal.xls,723b9edf6254c86a,census-c01-extract-v1.1.0-20260527T234036Z,C0101,19,330,00000,000000,District - Uttar Dinajpur,rural,christian,females,7961
census-india-2011,sources/census-2011/c-series/state-mdds/c01-19-west-bengal.xls,723b9edf6254c86a,census-c01-extract-v1.1.0-20260527T234036Z,C0101,19,330,00000,000000,District - Uttar Dinajpur,rural,sikh,persons,362
census-india-2011,sources/census-2011/c-series/state-mdds/c01-19-west-bengal.xls,723b9edf6254c86a,census-c01-extract-v1.1.0-20260527T234036Z,C0101,19,330,00000,000000,District - Uttar Dinajpur,rural,sikh,males,224
census-india-2011,sources/census-2011/c-series/state-mdds/c01-19-west-bengal.xls,723b9edf6254c86a,census-c01-extract-v1.1.0-20260527T234036Z,C0101,19,330,00000,000000,District - Uttar Dinajpur,rural,sikh,females,138
census-india-2011,sources/census-2011/c-series/state-mdds/c01-19-west-bengal.xls,723b9edf6254c86a,census-c01-extract-v1.1.0-20260527T234036Z,C0101,19,330,00000,000000,District - Uttar Dinajpur,rural,buddhist,persons,336
census-india-2011,sources/census-2011/c-series/state-mdds/c01-19-west-bengal.xls,723b9edf6254c86a,census-c01-extract-v1.1.0-20260527T234036Z,C0101,19,330,00000,000000,District - Uttar Dinajpur,rural,buddhist,males,171
census-india-2011,sources/census-2011/c-series/state-mdds/c01-19-west-bengal.xls,723b9edf6254c86a,census-c01-extract-v1.1.0-20260527T234036Z,C0101,19,330,00000,000000,District - Uttar Dinajpur,rural,buddhist,females,165
census-india-2011,sources/census-2011/c-series/state-mdds/c01-19-west-bengal.xls,723b9edf6254c86a,census-c01-extract-v1.1.0-20260527T234036Z,C0101,19,330,00000,000000,District - Uttar Dinajpur,rural,jain,persons,363
census-india-2011,sources/census-2011/c-series/state-mdds/c01-19-west-bengal.xls,723b9edf6254c86a,census-c01-extract-v1.1.0-20260527T234036Z,C0101,19,330,00000,000000,District - Uttar Dinajpur,rural,jain,males,194
census-india-2011,sources/census-2011/c-series/state-mdds/c01-19-west-bengal.xls,723b9edf6254c86a,census-c01-extract-v1.1.0-20260527T234036Z,C0101,19,330,00000,000000,District - Uttar Dinajpur,rural,jain,females,169
census-india-2011,sources/census-2011/c-series/state-mdds/c01-19-west-bengal.xls,723b9edf6254c86a,census-c01-extract-v1.1.0-20260527T234036Z,C0101,19,330,00000,000000,District - Uttar Dinajpur,rural,other,persons,1582
census-india-2011,sources/census-2011/c-series/state-mdds/c01-19-west-bengal.xls,723b9edf6254c86a,census-c01-extract-v1.1.0-20260527T234036Z,C0101,19,330,00000,000000,District - Uttar Dinajpur,rural,other,males,783
census-india-2011,sources/census-2011/c-series/state-mdds/c01-19-west-bengal.xls,723b9edf6254c86a,census-c01-extract-v1.1.0-20260527T234036Z,C0101,19,330,00000,000000,District - Uttar Dinajpur,rural,other,females,799
census-india-2011,sources/census-2011/c-series/state-mdds/c01-19-west-bengal.xls,723b9edf6254c86a,census-c01-extract-v1.1.0-20260527T234036Z,C0101,19,330,00000,000000,District - Uttar Dinajpur,rural,not_stated,persons,2055
census-india-2011,sources/census-2011/c-series/state-mdds/c01-19-west-bengal.xls,723b9edf6254c86a,census-c01-extract-v1.1.0-20260527T234036Z,C0101,19,330,00000,000000,District - Uttar Dinajpur,rural,not_stated,males,1038
census-india-2011,sources/census-2011/c-series/state-mdds/c01-19-west-bengal.xls,723b9edf6254c86a,census-c01-extract-v1.1.0-20260527T234036Z,C0101,19,330,00000,000000,District - Uttar Dinajpur,rural,not_stated,females,1017
census-india-2011,sources/census-2011/c-series/state-mdds/c01-19-west-bengal.xls,723b9edf6254c86a,census-c01-extract-v1.1.0-20260527T234036Z,C0101,19,330,00000,000000,District - Uttar Dinajpur,urban,all,persons,362228
census-india-2011,sources/census-2011/c-series/state-mdds/c01-19-west-bengal.xls,723b9edf6254c86a,census-c01-extract-v1.1.0-20260527T234036Z,C0101,19,330,00000,000000,District - Uttar Dinajpur,urban,all,males,188597
census-india-2011,sources/census-2011/c-series/state-mdds/c01-19-west-bengal.xls,723b9edf6254c86a,census-c01-extract-v1.1.0-20260527T234036Z,C0101,19,330,00000,000000,District - Uttar Dinajpur,urban,all,females,173631
census-india-2011,sources/census-2011/c-series/state-mdds/c01-19-west-bengal.xls,723b9edf6254c86a,census-c01-extract-v1.1.0-20260527T234036Z,C0101,19,330,00000,000000,District - Uttar Dinajpur,urban,hindu,persons,313858
census-india-2011,sources/census-2011/c-series/state-mdds/c01-19-west-bengal.xls,723b9edf6254c86a,census-c01-extract-v1.1.0-20260527T234036Z,C0101,19,330,00000,000000,District - Uttar Dinajpur,urban,hindu,males,163201
census-india-2011,sources/census-2011/c-series/state-mdds/c01-19-west-bengal.xls,723b9edf6254c86a,census-c01-extract-v1.1.0-20260527T234036Z,C0101,19,330,00000,000000,District - Uttar Dinajpur,urban,hindu,females,150657
census-india-2011,sources/census-2011/c-series/state-mdds/c01-19-west-bengal.xls,723b9edf6254c86a,census-c01-extract-v1.1.0-20260527T234036Z,C0101,19,330,00000,000000,District - Uttar Dinajpur,urban,muslim,persons,45867
census-india-2011,sources/census-2011/c-series/state-mdds/c01-19-west-bengal.xls,723b9edf6254c86a,census-c01-extract-v1.1.0-20260527T234036Z,C0101,19,330,00000,000000,District - Uttar Dinajpur,urban,muslim,males,24106
census-india-2011,sources/census-2011/c-series/state-mdds/c01-19-west-bengal.xls,723b9edf6254c86a,census-c01-extract-v1.1.0-20260527T234036Z,C0101,19,330,00000,000000,District - Uttar Dinajpur,urban,muslim,females,21761
census-india-2011,sources/census-2011/c-series/state-mdds/c01-19-west-bengal.xls,723b9edf6254c86a,census-c01-extract-v1.1.0-20260527T234036Z,C0101,19,330,00000,000000,District - Uttar Dinajpur,urban,christian,persons,882
census-india-2011,sources/census-2011/c-series/state-mdds/c01-19-west-bengal.xls,723b9edf6254c86a,census-c01-extract-v1.1.0-20260527T234036Z,C0101,19,330,00000,000000,District - Uttar Dinajpur,urban,christian,males,448
census-india-2011,sources/census-2011/c-series/state-mdds/c01-19-west-bengal.xls,723b9edf6254c86a,census-c01-extract-v1.1.0-20260527T234036Z,C0101,19,330,00000,000000,District - Uttar Dinajpur,urban,christian,females,434
census-india-2011,sources/census-2011/c-series/state-mdds/c01-19-west-bengal.xls,723b9edf6254c86a,census-c01-extract-v1.1.0-20260527T234036Z,C0101,19,330,00000,000000,District - Uttar Dinajpur,urban,sikh,persons,115
census-india-2011,sources/census-2011/c-series/state-mdds/c01-19-west-bengal.xls,723b9edf6254c86a,census-c01-extract-v1.1.0-20260527T234036Z,C0101,19,330,00000,000000,District - Uttar Dinajpur,urban,sikh,males,64
census-india-2011,sources/census-2011/c-series/state-mdds/c01-19-west-bengal.xls,723b9edf6254c86a,census-c01-extract-v1.1.0-20260527T234036Z,C0101,19,330,00000,000000,District - Uttar Dinajpur,urban,sikh,females,51
census-india-2011,sources/census-2011/c-series/state-mdds/c01-19-west-bengal.xls,723b9edf6254c86a,census-c01-extract-v1.1.0-20260527T234036Z,C0101,19,330,00000,000000,District - Uttar Dinajpur,urban,buddhist,persons,96
census-india-2011,sources/census-2011/c-series/state-mdds/c01-19-west-bengal.xls,723b9edf6254c86a,census-c01-extract-v1.1.0-20260527T234036Z,C0101,19,330,00000,000000,District - Uttar Dinajpur,urban,buddhist,males,48
census-india-2011,sources/census-2011/c-series/state-mdds/c01-19-west-bengal.xls,723b9edf6254c86a,census-c01-extract-v1.1.0-20260527T234036Z,C0101,19,330,00000,000000,District - Uttar Dinajpur,urban,buddhist,females,48
census-india-2011,sources/census-2011/c-series/state-mdds/c01-19-west-bengal.xls,723b9edf6254c86a,census-c01-extract-v1.1.0-20260527T234036Z,C0101,19,330,00000,000000,District - Uttar Dinajpur,urban,jain,persons,961
census-india-2011,sources/census-2011/c-series/state-mdds/c01-19-west-bengal.xls,723b9edf6254c86a,census-c01-extract-v1.1.0-20260527T234036Z,C0101,19,330,00000,000000,District - Uttar Dinajpur,urban,jain,males,495
census-india-2011,sources/census-2011/c-series/state-mdds/c01-19-west-bengal.xls,723b9edf6254c86a,census-c01-extract-v1.1.0-20260527T234036Z,C0101,19,330,00000,000000,District - Uttar Dinajpur,urban,jain,females,466
census-india-2011,sources/census-2011/c-series/state-mdds/c01-19-west-bengal.xls,723b9edf6254c86a,census-c01-extract-v1.1.0-20260527T234036Z,C0101,19,330,00000,000000,District - Uttar Dinajpur,urban,other,persons,40
census-india-2011,sources/census-2011/c-series/state-mdds/c01-19-west-bengal.xls,723b9edf6254c86a,census-c01-extract-v1.1.0-20260527T234036Z,C0101,19,330,00000,000000,District - Uttar Dinajpur,urban,other,males,22
census-india-2011,sources/census-2011/c-series/state-mdds/c01-19-west-bengal.xls,723b9edf6254c86a,census-c01-extract-v1.1.0-20260527T234036Z,C0101,19,330,00000,000000,District - Uttar Dinajpur,urban,other,females,18
census-india-2011,sources/census-2011/c-series/state-mdds/c01-19-west-bengal.xls,723b9edf6254c86a,census-c01-extract-v1.1.0-20260527T234036Z,C0101,19,330,00000,000000,District - Uttar Dinajpur,urban,not_stated,persons,409
census-india-2011,sources/census-2011/c-series/state-mdds/c01-19-west-bengal.xls,723b9edf6254c86a,census-c01-extract-v1.1.0-20260527T234036Z,C0101,19,330,00000,000000,District - Uttar Dinajpur,urban,not_stated,males,213
census-india-2011,sources/census-2011/c-series/state-mdds/c01-19-west-bengal.xls,723b9edf6254c86a,census-c01-extract-v1.1.0-20260527T234036Z,C0101,19,330,00000,000000,District - Uttar Dinajpur,urban,not_stated,females,196
census-india-2011,sources/census-2011/c-series/state-mdds/c01-19-west-bengal.xls,723b9edf6254c86a,census-c01-extract-v1.1.0-20260527T234036Z,C0101,19,331,00000,000000,District - Dakshin Dinajpur,total,all,persons,1676276
census-india-2011,sources/census-2011/c-series/state-mdds/c01-19-west-bengal.xls,723b9edf6254c86a,census-c01-extract-v1.1.0-20260527T234036Z,C0101,19,331,00000,000000,District - Dakshin Dinajpur,total,all,males,857199
census-india-2011,sources/census-2011/c-series/state-mdds/c01-19-west-bengal.xls,723b9edf6254c86a,census-c01-extract-v1.1.0-20260527T234036Z,C0101,19,331,00000,000000,District - Dakshin Dinajpur,total,all,females,819077
census-india-2011,sources/census-2011/c-series/state-mdds/c01-19-west-bengal.xls,723b9edf6254c86a,census-c01-extract-v1.1.0-20260527T234036Z,C0101,19,331,00000,000000,District - Dakshin Dinajpur,total,hindu,persons,1232850
census-india-2011,sources/census-2011/c-series/state-mdds/c01-19-west-bengal.xls,723b9edf6254c86a,census-c01-extract-v1.1.0-20260527T234036Z,C0101,19,331,00000,000000,District - Dakshin Dinajpur,total,hindu,males,630344
census-india-2011,sources/census-2011/c-series/state-mdds/c01-19-west-bengal.xls,723b9edf6254c86a,census-c01-extract-v1.1.0-20260527T234036Z,C0101,19,331,00000,000000,District - Dakshin Dinajpur,total,hindu,females,602506
census-india-2011,sources/census-2011/c-series/state-mdds/c01-19-west-bengal.xls,723b9edf6254c86a,census-c01-extract-v1.1.0-20260527T234036Z,C0101,19,331,00000,000000,District - Dakshin Dinajpur,total,muslim,persons,412788
census-india-2011,sources/census-2011/c-series/state-mdds/c01-19-west-bengal.xls,723b9edf6254c86a,census-c01-extract-v1.1.0-20260527T234036Z,C0101,19,331,00000,000000,District - Dakshin Dinajpur,total,muslim,males,211350
census-india-2011,sources/census-2011/c-series/state-mdds/c01-19-west-bengal.xls,723b9edf6254c86a,census-c01-extract-v1.1.0-20260527T234036Z,C0101,19,331,00000,000000,District - Dakshin Dinajpur,total,muslim,females,201438
census-india-2011,sources/census-2011/c-series/state-mdds/c01-19-west-bengal.xls,723b9edf6254c86a,census-c01-extract-v1.1.0-20260527T234036Z,C0101,19,331,00000,000000,District - Dakshin Dinajpur,total,christian,persons,24794
census-india-2011,sources/census-2011/c-series/state-mdds/c01-19-west-bengal.xls,723b9edf6254c86a,census-c01-extract-v1.1.0-20260527T234036Z,C0101,19,331,00000,000000,District - Dakshin Dinajpur,total,christian,males,12475
census-india-2011,sources/census-2011/c-series/state-mdds/c01-19-west-bengal.xls,723b9edf6254c86a,census-c01-extract-v1.1.0-20260527T234036Z,C0101,19,331,00000,000000,District - Dakshin Dinajpur,total,christian,females,12319
census-india-2011,sources/census-2011/c-series/state-mdds/c01-19-west-bengal.xls,723b9edf6254c86a,census-c01-extract-v1.1.0-20260527T234036Z,C0101,19,331,00000,000000,District - Dakshin Dinajpur,total,sikh,persons,276
census-india-2011,sources/census-2011/c-series/state-mdds/c01-19-west-bengal.xls,723b9edf6254c86a,census-c01-extract-v1.1.0-20260527T234036Z,C0101,19,331,00000,000000,District - Dakshin Dinajpur,total,sikh,males,168
census-india-2011,sources/census-2011/c-series/state-mdds/c01-19-west-bengal.xls,723b9edf6254c86a,census-c01-extract-v1.1.0-20260527T234036Z,C0101,19,331,00000,000000,District - Dakshin Dinajpur,total,sikh,females,108
census-india-2011,sources/census-2011/c-series/state-mdds/c01-19-west-bengal.xls,723b9edf6254c86a,census-c01-extract-v1.1.0-20260527T234036Z,C0101,19,331,00000,000000,District - Dakshin Dinajpur,total,buddhist,persons,148
census-india-2011,sources/census-2011/c-series/state-mdds/c01-19-west-bengal.xls,723b9edf6254c86a,census-c01-extract-v1.1.0-20260527T234036Z,C0101,19,331,00000,000000,District - Dakshin Dinajpur,total,buddhist,males,64
census-india-2011,sources/census-2011/c-series/state-mdds/c01-19-west-bengal.xls,723b9edf6254c86a,census-c01-extract-v1.1.0-20260527T234036Z,C0101,19,331,00000,000000,District - Dakshin Dinajpur,total,buddhist,females,84
census-india-2011,sources/census-2011/c-series/state-mdds/c01-19-west-bengal.xls,723b9edf6254c86a,census-c01-extract-v1.1.0-20260527T234036Z,C0101,19,331,00000,000000,District - Dakshin Dinajpur,total,jain,persons,323
census-india-2011,sources/census-2011/c-series/state-mdds/c01-19-west-bengal.xls,723b9edf6254c86a,census-c01-extract-v1.1.0-20260527T234036Z,C0101,19,331,00000,000000,District - Dakshin Dinajpur,total,jain,males,175
census-india-2011,sources/census-2011/c-series/state-mdds/c01-19-west-bengal.xls,723b9edf6254c86a,census-c01-extract-v1.1.0-20260527T234036Z,C0101,19,331,00000,000000,District - Dakshin Dinajpur,total,jain,females,148
census-india-2011,sources/census-2011/c-series/state-mdds/c01-19-west-bengal.xls,723b9edf6254c86a,census-c01-extract-v1.1.0-20260527T234036Z,C0101,19,331,00000,000000,District - Dakshin Dinajpur,total,other,persons,2786
census-india-2011,sources/census-2011/c-series/state-mdds/c01-19-west-bengal.xls,723b9edf6254c86a,census-c01-extract-v1.1.0-20260527T234036Z,C0101,19,331,00000,000000,District - Dakshin Dinajpur,total,other,males,1400
census-india-2011,sources/census-2011/c-series/state-mdds/c01-19-west-bengal.xls,723b9edf6254c86a,census-c01-extract-v1.1.0-20260527T234036Z,C0101,19,331,00000,000000,District - Dakshin Dinajpur,total,other,females,1386
census-india-2011,sources/census-2011/c-series/state-mdds/c01-19-west-bengal.xls,723b9edf6254c86a,census-c01-extract-v1.1.0-20260527T234036Z,C0101,19,331,00000,000000,District - Dakshin Dinajpur,total,not_stated,persons,2311
census-india-2011,sources/census-2011/c-series/state-mdds/c01-19-west-bengal.xls,723b9edf6254c86a,census-c01-extract-v1.1.0-20260527T234036Z,C0101,19,331,00000,000000,District - Dakshin Dinajpur,total,not_stated,males,1223
census-india-2011,sources/census-2011/c-series/state-mdds/c01-19-west-bengal.xls,723b9edf6254c86a,census-c01-extract-v1.1.0-20260527T234036Z,C0101,19,331,00000,000000,District - Dakshin Dinajpur,total,not_stated,females,1088
census-india-2011,sources/census-2011/c-series/state-mdds/c01-19-west-bengal.xls,723b9edf6254c86a,census-c01-extract-v1.1.0-20260527T234036Z,C0101,19,331,00000,000000,District - Dakshin Dinajpur,rural,all,persons,1439981
census-india-2011,sources/census-2011/c-series/state-mdds/c01-19-west-bengal.xls,723b9edf6254c86a,census-c01-extract-v1.1.0-20260527T234036Z,C0101,19,331,00000,000000,District - Dakshin Dinajpur,rural,all,males,737771
census-india-2011,sources/census-2011/c-series/state-mdds/c01-19-west-bengal.xls,723b9edf6254c86a,census-c01-extract-v1.1.0-20260527T234036Z,C0101,19,331,00000,000000,District - Dakshin Dinajpur,rural,all,females,702210
census-india-2011,sources/census-2011/c-series/state-mdds/c01-19-west-bengal.xls,723b9edf6254c86a,census-c01-extract-v1.1.0-20260527T234036Z,C0101,19,331,00000,000000,District - Dakshin Dinajpur,rural,hindu,persons,1002146
census-india-2011,sources/census-2011/c-series/state-mdds/c01-19-west-bengal.xls,723b9edf6254c86a,census-c01-extract-v1.1.0-20260527T234036Z,C0101,19,331,00000,000000,District - Dakshin Dinajpur,rural,hindu,males,513964
census-india-2011,sources/census-2011/c-series/state-mdds/c01-19-west-bengal.xls,723b9edf6254c86a,census-c01-extract-v1.1.0-20260527T234036Z,C0101,19,331,00000,000000,District - Dakshin Dinajpur,rural,hindu,females,488182
census-india-2011,sources/census-2011/c-series/state-mdds/c01-19-west-bengal.xls,723b9edf6254c86a,census-c01-extract-v1.1.0-20260527T234036Z,C0101,19,331,00000,000000,District - Dakshin Dinajpur,rural,muslim,persons,410676
census-india-2011,sources/census-2011/c-series/state-mdds/c01-19-west-bengal.xls,723b9edf6254c86a,census-c01-extract-v1.1.0-20260527T234036Z,C0101,19,331,00000,000000,District - Dakshin Dinajpur,rural,muslim,males,210269
census-india-2011,sources/census-2011/c-series/state-mdds/c01-19-west-bengal.xls,723b9edf6254c86a,census-c01-extract-v1.1.0-20260527T234036Z,C0101,19,331,00000,000000,District - Dakshin Dinajpur,rural,muslim,females,200407
census-india-2011,sources/census-2011/c-series/state-mdds/c01-19-west-bengal.xls,723b9edf6254c86a,census-c01-extract-v1.1.0-20260527T234036Z,C0101,19,331,00000,000000,District - Dakshin Dinajpur,rural,christian,persons,22076
census-india-2011,sources/census-2011/c-series/state-mdds/c01-19-west-bengal.xls,723b9edf6254c86a,census-c01-extract-v1.1.0-20260527T234036Z,C0101,19,331,00000,000000,District - Dakshin Dinajpur,rural,christian,males,10910
census-india-2011,sources/census-2011/c-series/state-mdds/c01-19-west-bengal.xls,723b9edf6254c86a,census-c01-extract-v1.1.0-20260527T234036Z,C0101,19,331,00000,000000,District - Dakshin Dinajpur,rural,christian,females,11166
census-india-2011,sources/census-2011/c-series/state-mdds/c01-19-west-bengal.xls,723b9edf6254c86a,census-c01-extract-v1.1.0-20260527T234036Z,C0101,19,331,00000,000000,District - Dakshin Dinajpur,rural,sikh,persons,188
census-india-2011,sources/census-2011/c-series/state-mdds/c01-19-west-bengal.xls,723b9edf6254c86a,census-c01-extract-v1.1.0-20260527T234036Z,C0101,19,331,00000,000000,District - Dakshin Dinajpur,rural,sikh,males,119
census-india-2011,sources/census-2011/c-series/state-mdds/c01-19-west-bengal.xls,723b9edf6254c86a,census-c01-extract-v1.1.0-20260527T234036Z,C0101,19,331,00000,000000,District - Dakshin Dinajpur,rural,sikh,females,69
census-india-2011,sources/census-2011/c-series/state-mdds/c01-19-west-bengal.xls,723b9edf6254c86a,census-c01-extract-v1.1.0-20260527T234036Z,C0101,19,331,00000,000000,District - Dakshin Dinajpur,rural,buddhist,persons,91
census-india-2011,sources/census-2011/c-series/state-mdds/c01-19-west-bengal.xls,723b9edf6254c86a,census-c01-extract-v1.1.0-20260527T234036Z,C0101,19,331,00000,000000,District - Dakshin Dinajpur,rural,buddhist,males,37
census-india-2011,sources/census-2011/c-series/state-mdds/c01-19-west-bengal.xls,723b9edf6254c86a,census-c01-extract-v1.1.0-20260527T234036Z,C0101,19,331,00000,000000,District - Dakshin Dinajpur,rural,buddhist,females,54
census-india-2011,sources/census-2011/c-series/state-mdds/c01-19-west-bengal.xls,723b9edf6254c86a,census-c01-extract-v1.1.0-20260527T234036Z,C0101,19,331,00000,000000,District - Dakshin Dinajpur,rural,jain,persons,230
census-india-2011,sources/census-2011/c-series/state-mdds/c01-19-west-bengal.xls,723b9edf6254c86a,census-c01-extract-v1.1.0-20260527T234036Z,C0101,19,331,00000,000000,District - Dakshin Dinajpur,rural,jain,males,126
census-india-2011,sources/census-2011/c-series/state-mdds/c01-19-west-bengal.xls,723b9edf6254c86a,census-c01-extract-v1.1.0-20260527T234036Z,C0101,19,331,00000,000000,District - Dakshin Dinajpur,rural,jain,females,104
census-india-2011,sources/census-2011/c-series/state-mdds/c01-19-west-bengal.xls,723b9edf6254c86a,census-c01-extract-v1.1.0-20260527T234036Z,C0101,19,331,00000,000000,District - Dakshin Dinajpur,rural,other,persons,2746
census-india-2011,sources/census-2011/c-series/state-mdds/c01-19-west-bengal.xls,723b9edf6254c86a,census-c01-extract-v1.1.0-20260527T234036Z,C0101,19,331,00000,000000,District - Dakshin Dinajpur,rural,other,males,1382
census-india-2011,sources/census-2011/c-series/state-mdds/c01-19-west-bengal.xls,723b9edf6254c86a,census-c01-extract-v1.1.0-20260527T234036Z,C0101,19,331,00000,000000,District - Dakshin Dinajpur,rural,other,females,1364
census-india-2011,sources/census-2011/c-series/state-mdds/c01-19-west-bengal.xls,723b9edf6254c86a,census-c01-extract-v1.1.0-20260527T234036Z,C0101,19,331,00000,000000,District - Dakshin Dinajpur,rural,not_stated,persons,1828
census-india-2011,sources/census-2011/c-series/state-mdds/c01-19-west-bengal.xls,723b9edf6254c86a,census-c01-extract-v1.1.0-20260527T234036Z,C0101,19,331,00000,000000,District - Dakshin Dinajpur,rural,not_stated,males,964
census-india-2011,sources/census-2011/c-series/state-mdds/c01-19-west-bengal.xls,723b9edf6254c86a,census-c01-extract-v1.1.0-20260527T234036Z,C0101,19,331,00000,000000,District - Dakshin Dinajpur,rural,not_stated,females,864
census-india-2011,sources/census-2011/c-series/state-mdds/c01-19-west-bengal.xls,723b9edf6254c86a,census-c01-extract-v1.1.0-20260527T234036Z,C0101,19,331,00000,000000,District - Dakshin Dinajpur,urban,all,persons,236295
census-india-2011,sources/census-2011/c-series/state-mdds/c01-19-west-bengal.xls,723b9edf6254c86a,census-c01-extract-v1.1.0-20260527T234036Z,C0101,19,331,00000,000000,District - Dakshin Dinajpur,urban,all,males,119428
census-india-2011,sources/census-2011/c-series/state-mdds/c01-19-west-bengal.xls,723b9edf6254c86a,census-c01-extract-v1.1.0-20260527T234036Z,C0101,19,331,00000,000000,District - Dakshin Dinajpur,urban,all,females,116867
census-india-2011,sources/census-2011/c-series/state-mdds/c01-19-west-bengal.xls,723b9edf6254c86a,census-c01-extract-v1.1.0-20260527T234036Z,C0101,19,331,00000,000000,District - Dakshin Dinajpur,urban,hindu,persons,230704
census-india-2011,sources/census-2011/c-series/state-mdds/c01-19-west-bengal.xls,723b9edf6254c86a,census-c01-extract-v1.1.0-20260527T234036Z,C0101,19,331,00000,000000,District - Dakshin Dinajpur,urban,hindu,males,116380
census-india-2011,sources/census-2011/c-series/state-mdds/c01-19-west-bengal.xls,723b9edf6254c86a,census-c01-extract-v1.1.0-20260527T234036Z,C0101,19,331,00000,000000,District - Dakshin Dinajpur,urban,hindu,females,114324
census-india-2011,sources/census-2011/c-series/state-mdds/c01-19-west-bengal.xls,723b9edf6254c86a,census-c01-extract-v1.1.0-20260527T234036Z,C0101,19,331,00000,000000,District - Dakshin Dinajpur,urban,muslim,persons,2112
census-india-2011,sources/census-2011/c-series/state-mdds/c01-19-west-bengal.xls,723b9edf6254c86a,census-c01-extract-v1.1.0-20260527T234036Z,C0101,19,331,00000,000000,District - Dakshin Dinajpur,urban,muslim,males,1081
census-india-2011,sources/census-2011/c-series/state-mdds/c01-19-west-bengal.xls,723b9edf6254c86a,census-c01-extract-v1.1.0-20260527T234036Z,C0101,19,331,00000,000000,District - Dakshin Dinajpur,urban,muslim,females,1031
census-india-2011,sources/census-2011/c-series/state-mdds/c01-19-west-bengal.xls,723b9edf6254c86a,census-c01-extract-v1.1.0-20260527T234036Z,C0101,19,331,00000,000000,District - Dakshin Dinajpur,urban,christian,persons,2718
census-india-2011,sources/census-2011/c-series/state-mdds/c01-19-west-bengal.xls,723b9edf6254c86a,census-c01-extract-v1.1.0-20260527T234036Z,C0101,19,331,00000,000000,District - Dakshin Dinajpur,urban,christian,males,1565
census-india-2011,sources/census-2011/c-series/state-mdds/c01-19-west-bengal.xls,723b9edf6254c86a,census-c01-extract-v1.1.0-20260527T234036Z,C0101,19,331,00000,000000,District - Dakshin Dinajpur,urban,christian,females,1153
census-india-2011,sources/census-2011/c-series/state-mdds/c01-19-west-bengal.xls,723b9edf6254c86a,census-c01-extract-v1.1.0-20260527T234036Z,C0101,19,331,00000,000000,District - Dakshin Dinajpur,urban,sikh,persons,88
census-india-2011,sources/census-2011/c-series/state-mdds/c01-19-west-bengal.xls,723b9edf6254c86a,census-c01-extract-v1.1.0-20260527T234036Z,C0101,19,331,00000,000000,District - Dakshin Dinajpur,urban,sikh,males,49
census-india-2011,sources/census-2011/c-series/state-mdds/c01-19-west-bengal.xls,723b9edf6254c86a,census-c01-extract-v1.1.0-20260527T234036Z,C0101,19,331,00000,000000,District - Dakshin Dinajpur,urban,sikh,females,39
census-india-2011,sources/census-2011/c-series/state-mdds/c01-19-west-bengal.xls,723b9edf6254c86a,census-c01-extract-v1.1.0-20260527T234036Z,C0101,19,331,00000,000000,District - Dakshin Dinajpur,urban,buddhist,persons,57
census-india-2011,sources/census-2011/c-series/state-mdds/c01-19-west-bengal.xls,723b9edf6254c86a,census-c01-extract-v1.1.0-20260527T234036Z,C0101,19,331,00000,000000,District - Dakshin Dinajpur,urban,buddhist,males,27
census-india-2011,sources/census-2011/c-series/state-mdds/c01-19-west-bengal.xls,723b9edf6254c86a,census-c01-extract-v1.1.0-20260527T234036Z,C0101,19,331,00000,000000,District - Dakshin Dinajpur,urban,buddhist,females,30
census-india-2011,sources/census-2011/c-series/state-mdds/c01-19-west-bengal.xls,723b9edf6254c86a,census-c01-extract-v1.1.0-20260527T234036Z,C0101,19,331,00000,000000,District - Dakshin Dinajpur,urban,jain,persons,93
census-india-2011,sources/census-2011/c-series/state-mdds/c01-19-west-bengal.xls,723b9edf6254c86a,census-c01-extract-v1.1.0-20260527T234036Z,C0101,19,331,00000,000000,District - Dakshin Dinajpur,urban,jain,males,49
census-india-2011,sources/census-2011/c-series/state-mdds/c01-19-west-bengal.xls,723b9edf6254c86a,census-c01-extract-v1.1.0-20260527T234036Z,C0101,19,331,00000,000000,District - Dakshin Dinajpur,urban,jain,females,44
census-india-2011,sources/census-2011/c-series/state-mdds/c01-19-west-bengal.xls,723b9edf6254c86a,census-c01-extract-v1.1.0-20260527T234036Z,C0101,19,331,00000,000000,District - Dakshin Dinajpur,urban,other,persons,40
census-india-2011,sources/census-2011/c-series/state-mdds/c01-19-west-bengal.xls,723b9edf6254c86a,census-c01-extract-v1.1.0-20260527T234036Z,C0101,19,331,00000,000000,District - Dakshin Dinajpur,urban,other,males,18
census-india-2011,sources/census-2011/c-series/state-mdds/c01-19-west-bengal.xls,723b9edf6254c86a,census-c01-extract-v1.1.0-20260527T234036Z,C0101,19,331,00000,000000,District - Dakshin Dinajpur,urban,other,females,22
census-india-2011,sources/census-2011/c-series/state-mdds/c01-19-west-bengal.xls,723b9edf6254c86a,census-c01-extract-v1.1.0-20260527T234036Z,C0101,19,331,00000,000000,District - Dakshin Dinajpur,urban,not_stated,persons,483
census-india-2011,sources/census-2011/c-series/state-mdds/c01-19-west-bengal.xls,723b9edf6254c86a,census-c01-extract-v1.1.0-20260527T234036Z,C0101,19,331,00000,000000,District - Dakshin Dinajpur,urban,not_stated,males,259
census-india-2011,sources/census-2011/c-series/state-mdds/c01-19-west-bengal.xls,723b9edf6254c86a,census-c01-extract-v1.1.0-20260527T234036Z,C0101,19,331,00000,000000,District - Dakshin Dinajpur,urban,not_stated,females,224
census-india-2011,sources/census-2011/c-series/state-mdds/c01-19-west-bengal.xls,723b9edf6254c86a,census-c01-extract-v1.1.0-20260527T234036Z,C0101,19,332,00000,000000,District - Maldah,total,all,persons,3988845
census-india-2011,sources/census-2011/c-series/state-mdds/c01-19-west-bengal.xls,723b9edf6254c86a,census-c01-extract-v1.1.0-20260527T234036Z,C0101,19,332,00000,000000,District - Maldah,total,all,males,2051541
census-india-2011,sources/census-2011/c-series/state-mdds/c01-19-west-bengal.xls,723b9edf6254c86a,census-c01-extract-v1.1.0-20260527T234036Z,C0101,19,332,00000,000000,District - Maldah,total,all,females,1937304
census-india-2011,sources/census-2011/c-series/state-mdds/c01-19-west-bengal.xls,723b9edf6254c86a,census-c01-extract-v1.1.0-20260527T234036Z,C0101,19,332,00000,000000,District - Maldah,total,hindu,persons,1914352
census-india-2011,sources/census-2011/c-series/state-mdds/c01-19-west-bengal.xls,723b9edf6254c86a,census-c01-extract-v1.1.0-20260527T234036Z,C0101,19,332,00000,000000,District - Maldah,total,hindu,males,988780
census-india-2011,sources/census-2011/c-series/state-mdds/c01-19-west-bengal.xls,723b9edf6254c86a,census-c01-extract-v1.1.0-20260527T234036Z,C0101,19,332,00000,000000,District - Maldah,total,hindu,females,925572
census-india-2011,sources/census-2011/c-series/state-mdds/c01-19-west-bengal.xls,723b9edf6254c86a,census-c01-extract-v1.1.0-20260527T234036Z,C0101,19,332,00000,000000,District - Maldah,total,muslim,persons,2045151
census-india-2011,sources/census-2011/c-series/state-mdds/c01-19-west-bengal.xls,723b9edf6254c86a,census-c01-extract-v1.1.0-20260527T234036Z,C0101,19,332,00000,000000,District - Maldah,total,muslim,males,1047638
census-india-2011,sources/census-2011/c-series/state-mdds/c01-19-west-bengal.xls,723b9edf6254c86a,census-c01-extract-v1.1.0-20260527T234036Z,C0101,19,332,00000,000000,District - Maldah,total,muslim,females,997513
census-india-2011,sources/census-2011/c-series/state-mdds/c01-19-west-bengal.xls,723b9edf6254c86a,census-c01-extract-v1.1.0-20260527T234036Z,C0101,19,332,00000,000000,District - Maldah,total,christian,persons,13209
census-india-2011,sources/census-2011/c-series/state-mdds/c01-19-west-bengal.xls,723b9edf6254c86a,census-c01-extract-v1.1.0-20260527T234036Z,C0101,19,332,00000,000000,District - Maldah,total,christian,males,6525
census-india-2011,sources/census-2011/c-series/state-mdds/c01-19-west-bengal.xls,723b9edf6254c86a,census-c01-extract-v1.1.0-20260527T234036Z,C0101,19,332,00000,000000,District - Maldah,total,christian,females,6684
census-india-2011,sources/census-2011/c-series/state-mdds/c01-19-west-bengal.xls,723b9edf6254c86a,census-c01-extract-v1.1.0-20260527T234036Z,C0101,19,332,00000,000000,District - Maldah,total,sikh,persons,747
census-india-2011,sources/census-2011/c-series/state-mdds/c01-19-west-bengal.xls,723b9edf6254c86a,census-c01-extract-v1.1.0-20260527T234036Z,C0101,19,332,00000,000000,District - Maldah,total,sikh,males,442
census-india-2011,sources/census-2011/c-series/state-mdds/c01-19-west-bengal.xls,723b9edf6254c86a,census-c01-extract-v1.1.0-20260527T234036Z,C0101,19,332,00000,000000,District - Maldah,total,sikh,females,305
census-india-2011,sources/census-2011/c-series/state-mdds/c01-19-west-bengal.xls,723b9edf6254c86a,census-c01-extract-v1.1.0-20260527T234036Z,C0101,19,332,00000,000000,District - Maldah,total,buddhist,persons,359
census-india-2011,sources/census-2011/c-series/state-mdds/c01-19-west-bengal.xls,723b9edf6254c86a,census-c01-extract-v1.1.0-20260527T234036Z,C0101,19,332,00000,000000,District - Maldah,total,buddhist,males,196
census-india-2011,sources/census-2011/c-series/state-mdds/c01-19-west-bengal.xls,723b9edf6254c86a,census-c01-extract-v1.1.0-20260527T234036Z,C0101,19,332,00000,000000,District - Maldah,total,buddhist,females,163
census-india-2011,sources/census-2011/c-series/state-mdds/c01-19-west-bengal.xls,723b9edf6254c86a,census-c01-extract-v1.1.0-20260527T234036Z,C0101,19,332,00000,000000,District - Maldah,total,jain,persons,639
census-india-2011,sources/census-2011/c-series/state-mdds/c01-19-west-bengal.xls,723b9edf6254c86a,census-c01-extract-v1.1.0-20260527T234036Z,C0101,19,332,00000,000000,District - Maldah,total,jain,males,348
census-india-2011,sources/census-2011/c-series/state-mdds/c01-19-west-bengal.xls,723b9edf6254c86a,census-c01-extract-v1.1.0-20260527T234036Z,C0101,19,332,00000,000000,District - Maldah,total,jain,females,291
census-india-2011,sources/census-2011/c-series/state-mdds/c01-19-west-bengal.xls,723b9edf6254c86a,census-c01-extract-v1.1.0-20260527T234036Z,C0101,19,332,00000,000000,District - Maldah,total,other,persons,7929
census-india-2011,sources/census-2011/c-series/state-mdds/c01-19-west-bengal.xls,723b9edf6254c86a,census-c01-extract-v1.1.0-20260527T234036Z,C0101,19,332,00000,000000,District - Maldah,total,other,males,3890
census-india-2011,sources/census-2011/c-series/state-mdds/c01-19-west-bengal.xls,723b9edf6254c86a,census-c01-extract-v1.1.0-20260527T234036Z,C0101,19,332,00000,000000,District - Maldah,total,other,females,4039
census-india-2011,sources/census-2011/c-series/state-mdds/c01-19-west-bengal.xls,723b9edf6254c86a,census-c01-extract-v1.1.0-20260527T234036Z,C0101,19,332,00000,000000,District - Maldah,total,not_stated,persons,6459
census-india-2011,sources/census-2011/c-series/state-mdds/c01-19-west-bengal.xls,723b9edf6254c86a,census-c01-extract-v1.1.0-20260527T234036Z,C0101,19,332,00000,000000,District - Maldah,total,not_stated,males,3722
census-india-2011,sources/census-2011/c-series/state-mdds/c01-19-west-bengal.xls,723b9edf6254c86a,census-c01-extract-v1.1.0-20260527T234036Z,C0101,19,332,00000,000000,District - Maldah,total,not_stated,females,2737
census-india-2011,sources/census-2011/c-series/state-mdds/c01-19-west-bengal.xls,723b9edf6254c86a,census-c01-extract-v1.1.0-20260527T234036Z,C0101,19,332,00000,000000,District - Maldah,rural,all,persons,3447185
census-india-2011,sources/census-2011/c-series/state-mdds/c01-19-west-bengal.xls,723b9edf6254c86a,census-c01-extract-v1.1.0-20260527T234036Z,C0101,19,332,00000,000000,District - Maldah,rural,all,males,1768336
census-india-2011,sources/census-2011/c-series/state-mdds/c01-19-west-bengal.xls,723b9edf6254c86a,census-c01-extract-v1.1.0-20260527T234036Z,C0101,19,332,00000,000000,District - Maldah,rural,all,females,1678849
census-india-2011,sources/census-2011/c-series/state-mdds/c01-19-west-bengal.xls,723b9edf6254c86a,census-c01-extract-v1.1.0-20260527T234036Z,C0101,19,332,00000,000000,District - Maldah,rural,hindu,persons,1569277
census-india-2011,sources/census-2011/c-series/state-mdds/c01-19-west-bengal.xls,723b9edf6254c86a,census-c01-extract-v1.1.0-20260527T234036Z,C0101,19,332,00000,000000,District - Maldah,rural,hindu,males,807767
census-india-2011,sources/census-2011/c-series/state-mdds/c01-19-west-bengal.xls,723b9edf6254c86a,census-c01-extract-v1.1.0-20260527T234036Z,C0101,19,332,00000,000000,District - Maldah,rural,hindu,females,761510
census-india-2011,sources/census-2011/c-series/state-mdds/c01-19-west-bengal.xls,723b9edf6254c86a,census-c01-extract-v1.1.0-20260527T234036Z,C0101,19,332,00000,000000,District - Maldah,rural,muslim,persons,1853702
census-india-2011,sources/census-2011/c-series/state-mdds/c01-19-west-bengal.xls,723b9edf6254c86a,census-c01-extract-v1.1.0-20260527T234036Z,C0101,19,332,00000,000000,District - Maldah,rural,muslim,males,948545
census-india-2011,sources/census-2011/c-series/state-mdds/c01-19-west-bengal.xls,723b9edf6254c86a,census-c01-extract-v1.1.0-20260527T234036Z,C0101,19,332,00000,000000,District - Maldah,rural,muslim,females,905157
census-india-2011,sources/census-2011/c-series/state-mdds/c01-19-west-bengal.xls,723b9edf6254c86a,census-c01-extract-v1.1.0-20260527T234036Z,C0101,19,332,00000,000000,District - Maldah,rural,christian,persons,12225
census-india-2011,sources/census-2011/c-series/state-mdds/c01-19-west-bengal.xls,723b9edf6254c86a,census-c01-extract-v1.1.0-20260527T234036Z,C0101,19,332,00000,000000,District - Maldah,rural,christian,males,6018
census-india-2011,sources/census-2011/c-series/state-mdds/c01-19-west-bengal.xls,723b9edf6254c86a,census-c01-extract-v1.1.0-20260527T234036Z,C0101,19,332,00000,000000,District - Maldah,rural,christian,females,6207
census-india-2011,sources/census-2011/c-series/state-mdds/c01-19-west-bengal.xls,723b9edf6254c86a,census-c01-extract-v1.1.0-20260527T234036Z,C0101,19,332,00000,000000,District - Maldah,rural,sikh,persons,525
census-india-2011,sources/census-2011/c-series/state-mdds/c01-19-west-bengal.xls,723b9edf6254c86a,census-c01-extract-v1.1.0-20260527T234036Z,C0101,19,332,00000,000000,District - Maldah,rural,sikh,males,325
census-india-2011,sources/census-2011/c-series/state-mdds/c01-19-west-bengal.xls,723b9edf6254c86a,census-c01-extract-v1.1.0-20260527T234036Z,C0101,19,332,00000,000000,District - Maldah,rural,sikh,females,200
census-india-2011,sources/census-2011/c-series/state-mdds/c01-19-west-bengal.xls,723b9edf6254c86a,census-c01-extract-v1.1.0-20260527T234036Z,C0101,19,332,00000,000000,District - Maldah,rural,buddhist,persons,247
census-india-2011,sources/census-2011/c-series/state-mdds/c01-19-west-bengal.xls,723b9edf6254c86a,census-c01-extract-v1.1.0-20260527T234036Z,C0101,19,332,00000,000000,District - Maldah,rural,buddhist,males,138
census-india-2011,sources/census-2011/c-series/state-mdds/c01-19-west-bengal.xls,723b9edf6254c86a,census-c01-extract-v1.1.0-20260527T234036Z,C0101,19,332,00000,000000,District - Maldah,rural,buddhist,females,109
census-india-2011,sources/census-2011/c-series/state-mdds/c01-19-west-bengal.xls,723b9edf6254c86a,census-c01-extract-v1.1.0-20260527T234036Z,C0101,19,332,00000,000000,District - Maldah,rural,jain,persons,395
census-india-2011,sources/census-2011/c-series/state-mdds/c01-19-west-bengal.xls,723b9edf6254c86a,census-c01-extract-v1.1.0-20260527T234036Z,C0101,19,332,00000,000000,District - Maldah,rural,jain,males,221
census-india-2011,sources/census-2011/c-series/state-mdds/c01-19-west-bengal.xls,723b9edf6254c86a,census-c01-extract-v1.1.0-20260527T234036Z,C0101,19,332,00000,000000,District - Maldah,rural,jain,females,174
census-india-2011,sources/census-2011/c-series/state-mdds/c01-19-west-bengal.xls,723b9edf6254c86a,census-c01-extract-v1.1.0-20260527T234036Z,C0101,19,332,00000,000000,District - Maldah,rural,other,persons,7837
census-india-2011,sources/census-2011/c-series/state-mdds/c01-19-west-bengal.xls,723b9edf6254c86a,census-c01-extract-v1.1.0-20260527T234036Z,C0101,19,332,00000,000000,District - Maldah,rural,other,males,3843
census-india-2011,sources/census-2011/c-series/state-mdds/c01-19-west-bengal.xls,723b9edf6254c86a,census-c01-extract-v1.1.0-20260527T234036Z,C0101,19,332,00000,000000,District - Maldah,rural,other,females,3994
census-india-2011,sources/census-2011/c-series/state-mdds/c01-19-west-bengal.xls,723b9edf6254c86a,census-c01-extract-v1.1.0-20260527T234036Z,C0101,19,332,00000,000000,District - Maldah,rural,not_stated,persons,2977
census-india-2011,sources/census-2011/c-series/state-mdds/c01-19-west-bengal.xls,723b9edf6254c86a,census-c01-extract-v1.1.0-20260527T234036Z,C0101,19,332,00000,000000,District - Maldah,rural,not_stated,males,1479
census-india-2011,sources/census-2011/c-series/state-mdds/c01-19-west-bengal.xls,723b9edf6254c86a,census-c01-extract-v1.1.0-20260527T234036Z,C0101,19,332,00000,000000,District - Maldah,rural,not_stated,females,1498
census-india-2011,sources/census-2011/c-series/state-mdds/c01-19-west-bengal.xls,723b9edf6254c86a,census-c01-extract-v1.1.0-20260527T234036Z,C0101,19,332,00000,000000,District - Maldah,urban,all,persons,541660
census-india-2011,sources/census-2011/c-series/state-mdds/c01-19-west-bengal.xls,723b9edf6254c86a,census-c01-extract-v1.1.0-20260527T234036Z,C0101,19,332,00000,000000,District - Maldah,urban,all,males,283205
census-india-2011,sources/census-2011/c-series/state-mdds/c01-19-west-bengal.xls,723b9edf6254c86a,census-c01-extract-v1.1.0-20260527T234036Z,C0101,19,332,00000,000000,District - Maldah,urban,all,females,258455
census-india-2011,sources/census-2011/c-series/state-mdds/c01-19-west-bengal.xls,723b9edf6254c86a,census-c01-extract-v1.1.0-20260527T234036Z,C0101,19,332,00000,000000,District - Maldah,urban,hindu,persons,345075
census-india-2011,sources/census-2011/c-series/state-mdds/c01-19-west-bengal.xls,723b9edf6254c86a,census-c01-extract-v1.1.0-20260527T234036Z,C0101,19,332,00000,000000,District - Maldah,urban,hindu,males,181013
census-india-2011,sources/census-2011/c-series/state-mdds/c01-19-west-bengal.xls,723b9edf6254c86a,census-c01-extract-v1.1.0-20260527T234036Z,C0101,19,332,00000,000000,District - Maldah,urban,hindu,females,164062
census-india-2011,sources/census-2011/c-series/state-mdds/c01-19-west-bengal.xls,723b9edf6254c86a,census-c01-extract-v1.1.0-20260527T234036Z,C0101,19,332,00000,000000,District - Maldah,urban,muslim,persons,191449
census-india-2011,sources/census-2011/c-series/state-mdds/c01-19-west-bengal.xls,723b9edf6254c86a,census-c01-extract-v1.1.0-20260527T234036Z,C0101,19,332,00000,000000,District - Maldah,urban,muslim,males,99093
census-india-2011,sources/census-2011/c-series/state-mdds/c01-19-west-bengal.xls,723b9edf6254c86a,census-c01-extract-v1.1.0-20260527T234036Z,C0101,19,332,00000,000000,District - Maldah,urban,muslim,females,92356
census-india-2011,sources/census-2011/c-series/state-mdds/c01-19-west-bengal.xls,723b9edf6254c86a,census-c01-extract-v1.1.0-20260527T234036Z,C0101,19,332,00000,000000,District - Maldah,urban,christian,persons,984
census-india-2011,sources/census-2011/c-series/state-mdds/c01-19-west-bengal.xls,723b9edf6254c86a,census-c01-extract-v1.1.0-20260527T234036Z,C0101,19,332,00000,000000,District - Maldah,urban,christian,males,507
census-india-2011,sources/census-2011/c-series/state-mdds/c01-19-west-bengal.xls,723b9edf6254c86a,census-c01-extract-v1.1.0-20260527T234036Z,C0101,19,332,00000,000000,District - Maldah,urban,christian,females,477
census-india-2011,sources/census-2011/c-series/state-mdds/c01-19-west-bengal.xls,723b9edf6254c86a,census-c01-extract-v1.1.0-20260527T234036Z,C0101,19,332,00000,000000,District - Maldah,urban,sikh,persons,222
census-india-2011,sources/census-2011/c-series/state-mdds/c01-19-west-bengal.xls,723b9edf6254c86a,census-c01-extract-v1.1.0-20260527T234036Z,C0101,19,332,00000,000000,District - Maldah,urban,sikh,males,117
census-india-2011,sources/census-2011/c-series/state-mdds/c01-19-west-bengal.xls,723b9edf6254c86a,census-c01-extract-v1.1.0-20260527T234036Z,C0101,19,332,00000,000000,District - Maldah,urban,sikh,females,105
census-india-2011,sources/census-2011/c-series/state-mdds/c01-19-west-bengal.xls,723b9edf6254c86a,census-c01-extract-v1.1.0-20260527T234036Z,C0101,19,332,00000,000000,District - Maldah,urban,buddhist,persons,112
census-india-2011,sources/census-2011/c-series/state-mdds/c01-19-west-bengal.xls,723b9edf6254c86a,census-c01-extract-v1.1.0-20260527T234036Z,C0101,19,332,00000,000000,District - Maldah,urban,buddhist,males,58
census-india-2011,sources/census-2011/c-series/state-mdds/c01-19-west-bengal.xls,723b9edf6254c86a,census-c01-extract-v1.1.0-20260527T234036Z,C0101,19,332,00000,000000,District - Maldah,urban,buddhist,females,54
census-india-2011,sources/census-2011/c-series/state-mdds/c01-19-west-bengal.xls,723b9edf6254c86a,census-c01-extract-v1.1.0-20260527T234036Z,C0101,19,332,00000,000000,District - Maldah,urban,jain,persons,244
census-india-2011,sources/census-2011/c-series/state-mdds/c01-19-west-bengal.xls,723b9edf6254c86a,census-c01-extract-v1.1.0-20260527T234036Z,C0101,19,332,00000,000000,District - Maldah,urban,jain,males,127
census-india-2011,sources/census-2011/c-series/state-mdds/c01-19-west-bengal.xls,723b9edf6254c86a,census-c01-extract-v1.1.0-20260527T234036Z,C0101,19,332,00000,000000,District - Maldah,urban,jain,females,117
census-india-2011,sources/census-2011/c-series/state-mdds/c01-19-west-bengal.xls,723b9edf6254c86a,census-c01-extract-v1.1.0-20260527T234036Z,C0101,19,332,00000,000000,District - Maldah,urban,other,persons,92
census-india-2011,sources/census-2011/c-series/state-mdds/c01-19-west-bengal.xls,723b9edf6254c86a,census-c01-extract-v1.1.0-20260527T234036Z,C0101,19,332,00000,000000,District - Maldah,urban,other,males,47
census-india-2011,sources/census-2011/c-series/state-mdds/c01-19-west-bengal.xls,723b9edf6254c86a,census-c01-extract-v1.1.0-20260527T234036Z,C0101,19,332,00000,000000,District - Maldah,urban,other,females,45
census-india-2011,sources/census-2011/c-series/state-mdds/c01-19-west-bengal.xls,723b9edf6254c86a,census-c01-extract-v1.1.0-20260527T234036Z,C0101,19,332,00000,000000,District - Maldah,urban,not_stated,persons,3482
census-india-2011,sources/census-2011/c-series/state-mdds/c01-19-west-bengal.xls,723b9edf6254c86a,census-c01-extract-v1.1.0-20260527T234036Z,C0101,19,332,00000,000000,District - Maldah,urban,not_stated,males,2243
census-india-2011,sources/census-2011/c-series/state-mdds/c01-19-west-bengal.xls,723b9edf6254c86a,census-c01-extract-v1.1.0-20260527T234036Z,C0101,19,332,00000,000000,District - Maldah,urban,not_stated,females,1239
census-india-2011,sources/census-2011/c-series/state-mdds/c01-19-west-bengal.xls,723b9edf6254c86a,census-c01-extract-v1.1.0-20260527T234036Z,C0101,19,333,00000,000000,District - Murshidabad,total,all,persons,7103807
census-india-2011,sources/census-2011/c-series/state-mdds/c01-19-west-bengal.xls,723b9edf6254c86a,census-c01-extract-v1.1.0-20260527T234036Z,C0101,19,333,00000,000000,District - Murshidabad,total,all,males,3627564
census-india-2011,sources/census-2011/c-series/state-mdds/c01-19-west-bengal.xls,723b9edf6254c86a,census-c01-extract-v1.1.0-20260527T234036Z,C0101,19,333,00000,000000,District - Murshidabad,total,all,females,3476243
census-india-2011,sources/census-2011/c-series/state-mdds/c01-19-west-bengal.xls,723b9edf6254c86a,census-c01-extract-v1.1.0-20260527T234036Z,C0101,19,333,00000,000000,District - Murshidabad,total,hindu,persons,2359061
census-india-2011,sources/census-2011/c-series/state-mdds/c01-19-west-bengal.xls,723b9edf6254c86a,census-c01-extract-v1.1.0-20260527T234036Z,C0101,19,333,00000,000000,District - Murshidabad,total,hindu,males,1211033
census-india-2011,sources/census-2011/c-series/state-mdds/c01-19-west-bengal.xls,723b9edf6254c86a,census-c01-extract-v1.1.0-20260527T234036Z,C0101,19,333,00000,000000,District - Murshidabad,total,hindu,females,1148028
census-india-2011,sources/census-2011/c-series/state-mdds/c01-19-west-bengal.xls,723b9edf6254c86a,census-c01-extract-v1.1.0-20260527T234036Z,C0101,19,333,00000,000000,District - Murshidabad,total,muslim,persons,4707573
census-india-2011,sources/census-2011/c-series/state-mdds/c01-19-west-bengal.xls,723b9edf6254c86a,census-c01-extract-v1.1.0-20260527T234036Z,C0101,19,333,00000,000000,District - Murshidabad,total,muslim,males,2397249
census-india-2011,sources/census-2011/c-series/state-mdds/c01-19-west-bengal.xls,723b9edf6254c86a,census-c01-extract-v1.1.0-20260527T234036Z,C0101,19,333,00000,000000,District - Murshidabad,total,muslim,females,2310324
census-india-2011,sources/census-2011/c-series/state-mdds/c01-19-west-bengal.xls,723b9edf6254c86a,census-c01-extract-v1.1.0-20260527T234036Z,C0101,19,333,00000,000000,District - Murshidabad,total,christian,persons,18102
census-india-2011,sources/census-2011/c-series/state-mdds/c01-19-west-bengal.xls,723b9edf6254c86a,census-c01-extract-v1.1.0-20260527T234036Z,C0101,19,333,00000,000000,District - Murshidabad,total,christian,males,9479
census-india-2011,sources/census-2011/c-series/state-mdds/c01-19-west-bengal.xls,723b9edf6254c86a,census-c01-extract-v1.1.0-20260527T234036Z,C0101,19,333,00000,000000,District - Murshidabad,total,christian,females,8623
census-india-2011,sources/census-2011/c-series/state-mdds/c01-19-west-bengal.xls,723b9edf6254c86a,census-c01-extract-v1.1.0-20260527T234036Z,C0101,19,333,00000,000000,District - Murshidabad,total,sikh,persons,766
census-india-2011,sources/census-2011/c-series/state-mdds/c01-19-west-bengal.xls,723b9edf6254c86a,census-c01-extract-v1.1.0-20260527T234036Z,C0101,19,333,00000,000000,District - Murshidabad,total,sikh,males,437
census-india-2011,sources/census-2011/c-series/state-mdds/c01-19-west-bengal.xls,723b9edf6254c86a,census-c01-extract-v1.1.0-20260527T234036Z,C0101,19,333,00000,000000,District - Murshidabad,total,sikh,females,329
census-india-2011,sources/census-2011/c-series/state-mdds/c01-19-west-bengal.xls,723b9edf6254c86a,census-c01-extract-v1.1.0-20260527T234036Z,C0101,19,333,00000,000000,District - Murshidabad,total,buddhist,persons,348
census-india-2011,sources/census-2011/c-series/state-mdds/c01-19-west-bengal.xls,723b9edf6254c86a,census-c01-extract-v1.1.0-20260527T234036Z,C0101,19,333,00000,000000,District - Murshidabad,total,buddhist,males,185
census-india-2011,sources/census-2011/c-series/state-mdds/c01-19-west-bengal.xls,723b9edf6254c86a,census-c01-extract-v1.1.0-20260527T234036Z,C0101,19,333,00000,000000,District - Murshidabad,total,buddhist,females,163
census-india-2011,sources/census-2011/c-series/state-mdds/c01-19-west-bengal.xls,723b9edf6254c86a,census-c01-extract-v1.1.0-20260527T234036Z,C0101,19,333,00000,000000,District - Murshidabad,total,jain,persons,3037
census-india-2011,sources/census-2011/c-series/state-mdds/c01-19-west-bengal.xls,723b9edf6254c86a,census-c01-extract-v1.1.0-20260527T234036Z,C0101,19,333,00000,000000,District - Murshidabad,total,jain,males,1567
census-india-2011,sources/census-2011/c-series/state-mdds/c01-19-west-bengal.xls,723b9edf6254c86a,census-c01-extract-v1.1.0-20260527T234036Z,C0101,19,333,00000,000000,District - Murshidabad,total,jain,females,1470
census-india-2011,sources/census-2011/c-series/state-mdds/c01-19-west-bengal.xls,723b9edf6254c86a,census-c01-extract-v1.1.0-20260527T234036Z,C0101,19,333,00000,000000,District - Murshidabad,total,other,persons,7429
census-india-2011,sources/census-2011/c-series/state-mdds/c01-19-west-bengal.xls,723b9edf6254c86a,census-c01-extract-v1.1.0-20260527T234036Z,C0101,19,333,00000,000000,District - Murshidabad,total,other,males,3765
census-india-2011,sources/census-2011/c-series/state-mdds/c01-19-west-bengal.xls,723b9edf6254c86a,census-c01-extract-v1.1.0-20260527T234036Z,C0101,19,333,00000,000000,District - Murshidabad,total,other,females,3664
census-india-2011,sources/census-2011/c-series/state-mdds/c01-19-west-bengal.xls,723b9edf6254c86a,census-c01-extract-v1.1.0-20260527T234036Z,C0101,19,333,00000,000000,District - Murshidabad,total,not_stated,persons,7491
census-india-2011,sources/census-2011/c-series/state-mdds/c01-19-west-bengal.xls,723b9edf6254c86a,census-c01-extract-v1.1.0-20260527T234036Z,C0101,19,333,00000,000000,District - Murshidabad,total,not_stated,males,3849
census-india-2011,sources/census-2011/c-series/state-mdds/c01-19-west-bengal.xls,723b9edf6254c86a,census-c01-extract-v1.1.0-20260527T234036Z,C0101,19,333,00000,000000,District - Murshidabad,total,not_stated,females,3642
census-india-2011,sources/census-2011/c-series/state-mdds/c01-19-west-bengal.xls,723b9edf6254c86a,census-c01-extract-v1.1.0-20260527T234036Z,C0101,19,333,00000,000000,District - Murshidabad,rural,all,persons,5703115
census-india-2011,sources/census-2011/c-series/state-mdds/c01-19-west-bengal.xls,723b9edf6254c86a,census-c01-extract-v1.1.0-20260527T234036Z,C0101,19,333,00000,000000,District - Murshidabad,rural,all,males,2917822
census-india-2011,sources/census-2011/c-series/state-mdds/c01-19-west-bengal.xls,723b9edf6254c86a,census-c01-extract-v1.1.0-20260527T234036Z,C0101,19,333,00000,000000,District - Murshidabad,rural,all,females,2785293
census-india-2011,sources/census-2011/c-series/state-mdds/c01-19-west-bengal.xls,723b9edf6254c86a,census-c01-extract-v1.1.0-20260527T234036Z,C0101,19,333,00000,000000,District - Murshidabad,rural,hindu,persons,1741918
census-india-2011,sources/census-2011/c-series/state-mdds/c01-19-west-bengal.xls,723b9edf6254c86a,census-c01-extract-v1.1.0-20260527T234036Z,C0101,19,333,00000,000000,District - Murshidabad,rural,hindu,males,896829
census-india-2011,sources/census-2011/c-series/state-mdds/c01-19-west-bengal.xls,723b9edf6254c86a,census-c01-extract-v1.1.0-20260527T234036Z,C0101,19,333,00000,000000,District - Murshidabad,rural,hindu,females,845089
census-india-2011,sources/census-2011/c-series/state-mdds/c01-19-west-bengal.xls,723b9edf6254c86a,census-c01-extract-v1.1.0-20260527T234036Z,C0101,19,333,00000,000000,District - Murshidabad,rural,muslim,persons,3930848
census-india-2011,sources/census-2011/c-series/state-mdds/c01-19-west-bengal.xls,723b9edf6254c86a,census-c01-extract-v1.1.0-20260527T234036Z,C0101,19,333,00000,000000,District - Murshidabad,rural,muslim,males,2005221
census-india-2011,sources/census-2011/c-series/state-mdds/c01-19-west-bengal.xls,723b9edf6254c86a,census-c01-extract-v1.1.0-20260527T234036Z,C0101,19,333,00000,000000,District - Murshidabad,rural,muslim,females,1925627
census-india-2011,sources/census-2011/c-series/state-mdds/c01-19-west-bengal.xls,723b9edf6254c86a,census-c01-extract-v1.1.0-20260527T234036Z,C0101,19,333,00000,000000,District - Murshidabad,rural,christian,persons,16045
census-india-2011,sources/census-2011/c-series/state-mdds/c01-19-west-bengal.xls,723b9edf6254c86a,census-c01-extract-v1.1.0-20260527T234036Z,C0101,19,333,00000,000000,District - Murshidabad,rural,christian,males,8429
census-india-2011,sources/census-2011/c-series/state-mdds/c01-19-west-bengal.xls,723b9edf6254c86a,census-c01-extract-v1.1.0-20260527T234036Z,C0101,19,333,00000,000000,District - Murshidabad,rural,christian,females,7616
census-india-2011,sources/census-2011/c-series/state-mdds/c01-19-west-bengal.xls,723b9edf6254c86a,census-c01-extract-v1.1.0-20260527T234036Z,C0101,19,333,00000,000000,District - Murshidabad,rural,sikh,persons,453
census-india-2011,sources/census-2011/c-series/state-mdds/c01-19-west-bengal.xls,723b9edf6254c86a,census-c01-extract-v1.1.0-20260527T234036Z,C0101,19,333,00000,000000,District - Murshidabad,rural,sikh,males,272
census-india-2011,sources/census-2011/c-series/state-mdds/c01-19-west-bengal.xls,723b9edf6254c86a,census-c01-extract-v1.1.0-20260527T234036Z,C0101,19,333,00000,000000,District - Murshidabad,rural,sikh,females,181
census-india-2011,sources/census-2011/c-series/state-mdds/c01-19-west-bengal.xls,723b9edf6254c86a,census-c01-extract-v1.1.0-20260527T234036Z,C0101,19,333,00000,000000,District - Murshidabad,rural,buddhist,persons,248
census-india-2011,sources/census-2011/c-series/state-mdds/c01-19-west-bengal.xls,723b9edf6254c86a,census-c01-extract-v1.1.0-20260527T234036Z,C0101,19,333,00000,000000,District - Murshidabad,rural,buddhist,males,128
census-india-2011,sources/census-2011/c-series/state-mdds/c01-19-west-bengal.xls,723b9edf6254c86a,census-c01-extract-v1.1.0-20260527T234036Z,C0101,19,333,00000,000000,District - Murshidabad,rural,buddhist,females,120
census-india-2011,sources/census-2011/c-series/state-mdds/c01-19-west-bengal.xls,723b9edf6254c86a,census-c01-extract-v1.1.0-20260527T234036Z,C0101,19,333,00000,000000,District - Murshidabad,rural,jain,persons,540
census-india-2011,sources/census-2011/c-series/state-mdds/c01-19-west-bengal.xls,723b9edf6254c86a,census-c01-extract-v1.1.0-20260527T234036Z,C0101,19,333,00000,000000,District - Murshidabad,rural,jain,males,288
census-india-2011,sources/census-2011/c-series/state-mdds/c01-19-west-bengal.xls,723b9edf6254c86a,census-c01-extract-v1.1.0-20260527T234036Z,C0101,19,333,00000,000000,District - Murshidabad,rural,jain,females,252
census-india-2011,sources/census-2011/c-series/state-mdds/c01-19-west-bengal.xls,723b9edf6254c86a,census-c01-extract-v1.1.0-20260527T234036Z,C0101,19,333,00000,000000,District - Murshidabad,rural,other,persons,7352
census-india-2011,sources/census-2011/c-series/state-mdds/c01-19-west-bengal.xls,723b9edf6254c86a,census-c01-extract-v1.1.0-20260527T234036Z,C0101,19,333,00000,000000,District - Murshidabad,rural,other,males,3726
census-india-2011,sources/census-2011/c-series/state-mdds/c01-19-west-bengal.xls,723b9edf6254c86a,census-c01-extract-v1.1.0-20260527T234036Z,C0101,19,333,00000,000000,District - Murshidabad,rural,other,females,3626
census-india-2011,sources/census-2011/c-series/state-mdds/c01-19-west-bengal.xls,723b9edf6254c86a,census-c01-extract-v1.1.0-20260527T234036Z,C0101,19,333,00000,000000,District - Murshidabad,rural,not_stated,persons,5711
census-india-2011,sources/census-2011/c-series/state-mdds/c01-19-west-bengal.xls,723b9edf6254c86a,census-c01-extract-v1.1.0-20260527T234036Z,C0101,19,333,00000,000000,District - Murshidabad,rural,not_stated,males,2929
census-india-2011,sources/census-2011/c-series/state-mdds/c01-19-west-bengal.xls,723b9edf6254c86a,census-c01-extract-v1.1.0-20260527T234036Z,C0101,19,333,00000,000000,District - Murshidabad,rural,not_stated,females,2782
census-india-2011,sources/census-2011/c-series/state-mdds/c01-19-west-bengal.xls,723b9edf6254c86a,census-c01-extract-v1.1.0-20260527T234036Z,C0101,19,333,00000,000000,District - Murshidabad,urban,all,persons,1400692
census-india-2011,sources/census-2011/c-series/state-mdds/c01-19-west-bengal.xls,723b9edf6254c86a,census-c01-extract-v1.1.0-20260527T234036Z,C0101,19,333,00000,000000,District - Murshidabad,urban,all,males,709742
census-india-2011,sources/census-2011/c-series/state-mdds/c01-19-west-bengal.xls,723b9edf6254c86a,census-c01-extract-v1.1.0-20260527T234036Z,C0101,19,333,00000,000000,District - Murshidabad,urban,all,females,690950
census-india-2011,sources/census-2011/c-series/state-mdds/c01-19-west-bengal.xls,723b9edf6254c86a,census-c01-extract-v1.1.0-20260527T234036Z,C0101,19,333,00000,000000,District - Murshidabad,urban,hindu,persons,617143
census-india-2011,sources/census-2011/c-series/state-mdds/c01-19-west-bengal.xls,723b9edf6254c86a,census-c01-extract-v1.1.0-20260527T234036Z,C0101,19,333,00000,000000,District - Murshidabad,urban,hindu,males,314204
census-india-2011,sources/census-2011/c-series/state-mdds/c01-19-west-bengal.xls,723b9edf6254c86a,census-c01-extract-v1.1.0-20260527T234036Z,C0101,19,333,00000,000000,District - Murshidabad,urban,hindu,females,302939
census-india-2011,sources/census-2011/c-series/state-mdds/c01-19-west-bengal.xls,723b9edf6254c86a,census-c01-extract-v1.1.0-20260527T234036Z,C0101,19,333,00000,000000,District - Murshidabad,urban,muslim,persons,776725
census-india-2011,sources/census-2011/c-series/state-mdds/c01-19-west-bengal.xls,723b9edf6254c86a,census-c01-extract-v1.1.0-20260527T234036Z,C0101,19,333,00000,000000,District - Murshidabad,urban,muslim,males,392028
census-india-2011,sources/census-2011/c-series/state-mdds/c01-19-west-bengal.xls,723b9edf6254c86a,census-c01-extract-v1.1.0-20260527T234036Z,C0101,19,333,00000,000000,District - Murshidabad,urban,muslim,females,384697
census-india-2011,sources/census-2011/c-series/state-mdds/c01-19-west-bengal.xls,723b9edf6254c86a,census-c01-extract-v1.1.0-20260527T234036Z,C0101,19,333,00000,000000,District - Murshidabad,urban,christian,persons,2057
census-india-2011,sources/census-2011/c-series/state-mdds/c01-19-west-bengal.xls,723b9edf6254c86a,census-c01-extract-v1.1.0-20260527T234036Z,C0101,19,333,00000,000000,District - Murshidabad,urban,christian,males,1050
census-india-2011,sources/census-2011/c-series/state-mdds/c01-19-west-bengal.xls,723b9edf6254c86a,census-c01-extract-v1.1.0-20260527T234036Z,C0101,19,333,00000,000000,District - Murshidabad,urban,christian,females,1007
census-india-2011,sources/census-2011/c-series/state-mdds/c01-19-west-bengal.xls,723b9edf6254c86a,census-c01-extract-v1.1.0-20260527T234036Z,C0101,19,333,00000,000000,District - Murshidabad,urban,sikh,persons,313
census-india-2011,sources/census-2011/c-series/state-mdds/c01-19-west-bengal.xls,723b9edf6254c86a,census-c01-extract-v1.1.0-20260527T234036Z,C0101,19,333,00000,000000,District - Murshidabad,urban,sikh,males,165
census-india-2011,sources/census-2011/c-series/state-mdds/c01-19-west-bengal.xls,723b9edf6254c86a,census-c01-extract-v1.1.0-20260527T234036Z,C0101,19,333,00000,000000,District - Murshidabad,urban,sikh,females,148
census-india-2011,sources/census-2011/c-series/state-mdds/c01-19-west-bengal.xls,723b9edf6254c86a,census-c01-extract-v1.1.0-20260527T234036Z,C0101,19,333,00000,000000,District - Murshidabad,urban,buddhist,persons,100
census-india-2011,sources/census-2011/c-series/state-mdds/c01-19-west-bengal.xls,723b9edf6254c86a,census-c01-extract-v1.1.0-20260527T234036Z,C0101,19,333,00000,000000,District - Murshidabad,urban,buddhist,males,57
census-india-2011,sources/census-2011/c-series/state-mdds/c01-19-west-bengal.xls,723b9edf6254c86a,census-c01-extract-v1.1.0-20260527T234036Z,C0101,19,333,00000,000000,District - Murshidabad,urban,buddhist,females,43
census-india-2011,sources/census-2011/c-series/state-mdds/c01-19-west-bengal.xls,723b9edf6254c86a,census-c01-extract-v1.1.0-20260527T234036Z,C0101,19,333,00000,000000,District - Murshidabad,urban,jain,persons,2497
census-india-2011,sources/census-2011/c-series/state-mdds/c01-19-west-bengal.xls,723b9edf6254c86a,census-c01-extract-v1.1.0-20260527T234036Z,C0101,19,333,00000,000000,District - Murshidabad,urban,jain,males,1279
census-india-2011,sources/census-2011/c-series/state-mdds/c01-19-west-bengal.xls,723b9edf6254c86a,census-c01-extract-v1.1.0-20260527T234036Z,C0101,19,333,00000,000000,District - Murshidabad,urban,jain,females,1218
census-india-2011,sources/census-2011/c-series/state-mdds/c01-19-west-bengal.xls,723b9edf6254c86a,census-c01-extract-v1.1.0-20260527T234036Z,C0101,19,333,00000,000000,District - Murshidabad,urban,other,persons,77
census-india-2011,sources/census-2011/c-series/state-mdds/c01-19-west-bengal.xls,723b9edf6254c86a,census-c01-extract-v1.1.0-20260527T234036Z,C0101,19,333,00000,000000,District - Murshidabad,urban,other,males,39
census-india-2011,sources/census-2011/c-series/state-mdds/c01-19-west-bengal.xls,723b9edf6254c86a,census-c01-extract-v1.1.0-20260527T234036Z,C0101,19,333,00000,000000,District - Murshidabad,urban,other,females,38
census-india-2011,sources/census-2011/c-series/state-mdds/c01-19-west-bengal.xls,723b9edf6254c86a,census-c01-extract-v1.1.0-20260527T234036Z,C0101,19,333,00000,000000,District - Murshidabad,urban,not_stated,persons,1780
census-india-2011,sources/census-2011/c-series/state-mdds/c01-19-west-bengal.xls,723b9edf6254c86a,census-c01-extract-v1.1.0-20260527T234036Z,C0101,19,333,00000,000000,District - Murshidabad,urban,not_stated,males,920
census-india-2011,sources/census-2011/c-series/state-mdds/c01-19-west-bengal.xls,723b9edf6254c86a,census-c01-extract-v1.1.0-20260527T234036Z,C0101,19,333,00000,000000,District - Murshidabad,urban,not_stated,females,860
census-india-2011,sources/census-2011/c-series/state-mdds/c01-19-west-bengal.xls,723b9edf6254c86a,census-c01-extract-v1.1.0-20260527T234036Z,C0101,19,334,00000,000000,District - Birbhum,total,all,persons,3502404
census-india-2011,sources/census-2011/c-series/state-mdds/c01-19-west-bengal.xls,723b9edf6254c86a,census-c01-extract-v1.1.0-20260527T234036Z,C0101,19,334,00000,000000,District - Birbhum,total,all,males,1790920
census-india-2011,sources/census-2011/c-series/state-mdds/c01-19-west-bengal.xls,723b9edf6254c86a,census-c01-extract-v1.1.0-20260527T234036Z,C0101,19,334,00000,000000,District - Birbhum,total,all,females,1711484
census-india-2011,sources/census-2011/c-series/state-mdds/c01-19-west-bengal.xls,723b9edf6254c86a,census-c01-extract-v1.1.0-20260527T234036Z,C0101,19,334,00000,000000,District - Birbhum,total,hindu,persons,2181515
census-india-2011,sources/census-2011/c-series/state-mdds/c01-19-west-bengal.xls,723b9edf6254c86a,census-c01-extract-v1.1.0-20260527T234036Z,C0101,19,334,00000,000000,District - Birbhum,total,hindu,males,1115664
census-india-2011,sources/census-2011/c-series/state-mdds/c01-19-west-bengal.xls,723b9edf6254c86a,census-c01-extract-v1.1.0-20260527T234036Z,C0101,19,334,00000,000000,District - Birbhum,total,hindu,females,1065851
census-india-2011,sources/census-2011/c-series/state-mdds/c01-19-west-bengal.xls,723b9edf6254c86a,census-c01-extract-v1.1.0-20260527T234036Z,C0101,19,334,00000,000000,District - Birbhum,total,muslim,persons,1298054
census-india-2011,sources/census-2011/c-series/state-mdds/c01-19-west-bengal.xls,723b9edf6254c86a,census-c01-extract-v1.1.0-20260527T234036Z,C0101,19,334,00000,000000,District - Birbhum,total,muslim,males,663930
census-india-2011,sources/census-2011/c-series/state-mdds/c01-19-west-bengal.xls,723b9edf6254c86a,census-c01-extract-v1.1.0-20260527T234036Z,C0101,19,334,00000,000000,District - Birbhum,total,muslim,females,634124
census-india-2011,sources/census-2011/c-series/state-mdds/c01-19-west-bengal.xls,723b9edf6254c86a,census-c01-extract-v1.1.0-20260527T234036Z,C0101,19,334,00000,000000,District - Birbhum,total,christian,persons,10906
census-india-2011,sources/census-2011/c-series/state-mdds/c01-19-west-bengal.xls,723b9edf6254c86a,census-c01-extract-v1.1.0-20260527T234036Z,C0101,19,334,00000,000000,District - Birbhum,total,christian,males,5314
census-india-2011,sources/census-2011/c-series/state-mdds/c01-19-west-bengal.xls,723b9edf6254c86a,census-c01-extract-v1.1.0-20260527T234036Z,C0101,19,334,00000,000000,District - Birbhum,total,christian,females,5592
census-india-2011,sources/census-2011/c-series/state-mdds/c01-19-west-bengal.xls,723b9edf6254c86a,census-c01-extract-v1.1.0-20260527T234036Z,C0101,19,334,00000,000000,District - Birbhum,total,sikh,persons,582
census-india-2011,sources/census-2011/c-series/state-mdds/c01-19-west-bengal.xls,723b9edf6254c86a,census-c01-extract-v1.1.0-20260527T234036Z,C0101,19,334,00000,000000,District - Birbhum,total,sikh,males,318
census-india-2011,sources/census-2011/c-series/state-mdds/c01-19-west-bengal.xls,723b9edf6254c86a,census-c01-extract-v1.1.0-20260527T234036Z,C0101,19,334,00000,000000,District - Birbhum,total,sikh,females,264
census-india-2011,sources/census-2011/c-series/state-mdds/c01-19-west-bengal.xls,723b9edf6254c86a,census-c01-extract-v1.1.0-20260527T234036Z,C0101,19,334,00000,000000,District - Birbhum,total,buddhist,persons,258
census-india-2011,sources/census-2011/c-series/state-mdds/c01-19-west-bengal.xls,723b9edf6254c86a,census-c01-extract-v1.1.0-20260527T234036Z,C0101,19,334,00000,000000,District - Birbhum,total,buddhist,males,139
census-india-2011,sources/census-2011/c-series/state-mdds/c01-19-west-bengal.xls,723b9edf6254c86a,census-c01-extract-v1.1.0-20260527T234036Z,C0101,19,334,00000,000000,District - Birbhum,total,buddhist,females,119
census-india-2011,sources/census-2011/c-series/state-mdds/c01-19-west-bengal.xls,723b9edf6254c86a,census-c01-extract-v1.1.0-20260527T234036Z,C0101,19,334,00000,000000,District - Birbhum,total,jain,persons,1152
census-india-2011,sources/census-2011/c-series/state-mdds/c01-19-west-bengal.xls,723b9edf6254c86a,census-c01-extract-v1.1.0-20260527T234036Z,C0101,19,334,00000,000000,District - Birbhum,total,jain,males,599
census-india-2011,sources/census-2011/c-series/state-mdds/c01-19-west-bengal.xls,723b9edf6254c86a,census-c01-extract-v1.1.0-20260527T234036Z,C0101,19,334,00000,000000,District - Birbhum,total,jain,females,553
census-india-2011,sources/census-2011/c-series/state-mdds/c01-19-west-bengal.xls,723b9edf6254c86a,census-c01-extract-v1.1.0-20260527T234036Z,C0101,19,334,00000,000000,District - Birbhum,total,other,persons,6051
census-india-2011,sources/census-2011/c-series/state-mdds/c01-19-west-bengal.xls,723b9edf6254c86a,census-c01-extract-v1.1.0-20260527T234036Z,C0101,19,334,00000,000000,District - Birbhum,total,other,males,2972
census-india-2011,sources/census-2011/c-series/state-mdds/c01-19-west-bengal.xls,723b9edf6254c86a,census-c01-extract-v1.1.0-20260527T234036Z,C0101,19,334,00000,000000,District - Birbhum,total,other,females,3079
census-india-2011,sources/census-2011/c-series/state-mdds/c01-19-west-bengal.xls,723b9edf6254c86a,census-c01-extract-v1.1.0-20260527T234036Z,C0101,19,334,00000,000000,District - Birbhum,total,not_stated,persons,3886
census-india-2011,sources/census-2011/c-series/state-mdds/c01-19-west-bengal.xls,723b9edf6254c86a,census-c01-extract-v1.1.0-20260527T234036Z,C0101,19,334,00000,000000,District - Birbhum,total,not_stated,males,1984
census-india-2011,sources/census-2011/c-series/state-mdds/c01-19-west-bengal.xls,723b9edf6254c86a,census-c01-extract-v1.1.0-20260527T234036Z,C0101,19,334,00000,000000,District - Birbhum,total,not_stated,females,1902
census-india-2011,sources/census-2011/c-series/state-mdds/c01-19-west-bengal.xls,723b9edf6254c86a,census-c01-extract-v1.1.0-20260527T234036Z,C0101,19,334,00000,000000,District - Birbhum,rural,all,persons,3052956
census-india-2011,sources/census-2011/c-series/state-mdds/c01-19-west-bengal.xls,723b9edf6254c86a,census-c01-extract-v1.1.0-20260527T234036Z,C0101,19,334,00000,000000,District - Birbhum,rural,all,males,1561976
census-india-2011,sources/census-2011/c-series/state-mdds/c01-19-west-bengal.xls,723b9edf6254c86a,census-c01-extract-v1.1.0-20260527T234036Z,C0101,19,334,00000,000000,District - Birbhum,rural,all,females,1490980
census-india-2011,sources/census-2011/c-series/state-mdds/c01-19-west-bengal.xls,723b9edf6254c86a,census-c01-extract-v1.1.0-20260527T234036Z,C0101,19,334,00000,000000,District - Birbhum,rural,hindu,persons,1851377
census-india-2011,sources/census-2011/c-series/state-mdds/c01-19-west-bengal.xls,723b9edf6254c86a,census-c01-extract-v1.1.0-20260527T234036Z,C0101,19,334,00000,000000,District - Birbhum,rural,hindu,males,947859
census-india-2011,sources/census-2011/c-series/state-mdds/c01-19-west-bengal.xls,723b9edf6254c86a,census-c01-extract-v1.1.0-20260527T234036Z,C0101,19,334,00000,000000,District - Birbhum,rural,hindu,females,903518
census-india-2011,sources/census-2011/c-series/state-mdds/c01-19-west-bengal.xls,723b9edf6254c86a,census-c01-extract-v1.1.0-20260527T234036Z,C0101,19,334,00000,000000,District - Birbhum,rural,muslim,persons,1181750
census-india-2011,sources/census-2011/c-series/state-mdds/c01-19-west-bengal.xls,723b9edf6254c86a,census-c01-extract-v1.1.0-20260527T234036Z,C0101,19,334,00000,000000,District - Birbhum,rural,muslim,males,604335
census-india-2011,sources/census-2011/c-series/state-mdds/c01-19-west-bengal.xls,723b9edf6254c86a,census-c01-extract-v1.1.0-20260527T234036Z,C0101,19,334,00000,000000,District - Birbhum,rural,muslim,females,577415
census-india-2011,sources/census-2011/c-series/state-mdds/c01-19-west-bengal.xls,723b9edf6254c86a,census-c01-extract-v1.1.0-20260527T234036Z,C0101,19,334,00000,000000,District - Birbhum,rural,christian,persons,9819
census-india-2011,sources/census-2011/c-series/state-mdds/c01-19-west-bengal.xls,723b9edf6254c86a,census-c01-extract-v1.1.0-20260527T234036Z,C0101,19,334,00000,000000,District - Birbhum,rural,christian,males,4764
census-india-2011,sources/census-2011/c-series/state-mdds/c01-19-west-bengal.xls,723b9edf6254c86a,census-c01-extract-v1.1.0-20260527T234036Z,C0101,19,334,00000,000000,District - Birbhum,rural,christian,females,5055
census-india-2011,sources/census-2011/c-series/state-mdds/c01-19-west-bengal.xls,723b9edf6254c86a,census-c01-extract-v1.1.0-20260527T234036Z,C0101,19,334,00000,000000,District - Birbhum,rural,sikh,persons,345
census-india-2011,sources/census-2011/c-series/state-mdds/c01-19-west-bengal.xls,723b9edf6254c86a,census-c01-extract-v1.1.0-20260527T234036Z,C0101,19,334,00000,000000,District - Birbhum,rural,sikh,males,187
census-india-2011,sources/census-2011/c-series/state-mdds/c01-19-west-bengal.xls,723b9edf6254c86a,census-c01-extract-v1.1.0-20260527T234036Z,C0101,19,334,00000,000000,District - Birbhum,rural,sikh,females,158
census-india-2011,sources/census-2011/c-series/state-mdds/c01-19-west-bengal.xls,723b9edf6254c86a,census-c01-extract-v1.1.0-20260527T234036Z,C0101,19,334,00000,000000,District - Birbhum,rural,buddhist,persons,196
census-india-2011,sources/census-2011/c-series/state-mdds/c01-19-west-bengal.xls,723b9edf6254c86a,census-c01-extract-v1.1.0-20260527T234036Z,C0101,19,334,00000,000000,District - Birbhum,rural,buddhist,males,106
census-india-2011,sources/census-2011/c-series/state-mdds/c01-19-west-bengal.xls,723b9edf6254c86a,census-c01-extract-v1.1.0-20260527T234036Z,C0101,19,334,00000,000000,District - Birbhum,rural,buddhist,females,90
census-india-2011,sources/census-2011/c-series/state-mdds/c01-19-west-bengal.xls,723b9edf6254c86a,census-c01-extract-v1.1.0-20260527T234036Z,C0101,19,334,00000,000000,District - Birbhum,rural,jain,persons,256
census-india-2011,sources/census-2011/c-series/state-mdds/c01-19-west-bengal.xls,723b9edf6254c86a,census-c01-extract-v1.1.0-20260527T234036Z,C0101,19,334,00000,000000,District - Birbhum,rural,jain,males,131
census-india-2011,sources/census-2011/c-series/state-mdds/c01-19-west-bengal.xls,723b9edf6254c86a,census-c01-extract-v1.1.0-20260527T234036Z,C0101,19,334,00000,000000,District - Birbhum,rural,jain,females,125
census-india-2011,sources/census-2011/c-series/state-mdds/c01-19-west-bengal.xls,723b9edf6254c86a,census-c01-extract-v1.1.0-20260527T234036Z,C0101,19,334,00000,000000,District - Birbhum,rural,other,persons,5917
census-india-2011,sources/census-2011/c-series/state-mdds/c01-19-west-bengal.xls,723b9edf6254c86a,census-c01-extract-v1.1.0-20260527T234036Z,C0101,19,334,00000,000000,District - Birbhum,rural,other,males,2904
census-india-2011,sources/census-2011/c-series/state-mdds/c01-19-west-bengal.xls,723b9edf6254c86a,census-c01-extract-v1.1.0-20260527T234036Z,C0101,19,334,00000,000000,District - Birbhum,rural,other,females,3013
census-india-2011,sources/census-2011/c-series/state-mdds/c01-19-west-bengal.xls,723b9edf6254c86a,census-c01-extract-v1.1.0-20260527T234036Z,C0101,19,334,00000,000000,District - Birbhum,rural,not_stated,persons,3296
census-india-2011,sources/census-2011/c-series/state-mdds/c01-19-west-bengal.xls,723b9edf6254c86a,census-c01-extract-v1.1.0-20260527T234036Z,C0101,19,334,00000,000000,District - Birbhum,rural,not_stated,males,1690
census-india-2011,sources/census-2011/c-series/state-mdds/c01-19-west-bengal.xls,723b9edf6254c86a,census-c01-extract-v1.1.0-20260527T234036Z,C0101,19,334,00000,000000,District - Birbhum,rural,not_stated,females,1606
census-india-2011,sources/census-2011/c-series/state-mdds/c01-19-west-bengal.xls,723b9edf6254c86a,census-c01-extract-v1.1.0-20260527T234036Z,C0101,19,334,00000,000000,District - Birbhum,urban,all,persons,449448
census-india-2011,sources/census-2011/c-series/state-mdds/c01-19-west-bengal.xls,723b9edf6254c86a,census-c01-extract-v1.1.0-20260527T234036Z,C0101,19,334,00000,000000,District - Birbhum,urban,all,males,228944
census-india-2011,sources/census-2011/c-series/state-mdds/c01-19-west-bengal.xls,723b9edf6254c86a,census-c01-extract-v1.1.0-20260527T234036Z,C0101,19,334,00000,000000,District - Birbhum,urban,all,females,220504
census-india-2011,sources/census-2011/c-series/state-mdds/c01-19-west-bengal.xls,723b9edf6254c86a,census-c01-extract-v1.1.0-20260527T234036Z,C0101,19,334,00000,000000,District - Birbhum,urban,hindu,persons,330138
census-india-2011,sources/census-2011/c-series/state-mdds/c01-19-west-bengal.xls,723b9edf6254c86a,census-c01-extract-v1.1.0-20260527T234036Z,C0101,19,334,00000,000000,District - Birbhum,urban,hindu,males,167805
census-india-2011,sources/census-2011/c-series/state-mdds/c01-19-west-bengal.xls,723b9edf6254c86a,census-c01-extract-v1.1.0-20260527T234036Z,C0101,19,334,00000,000000,District - Birbhum,urban,hindu,females,162333
census-india-2011,sources/census-2011/c-series/state-mdds/c01-19-west-bengal.xls,723b9edf6254c86a,census-c01-extract-v1.1.0-20260527T234036Z,C0101,19,334,00000,000000,District - Birbhum,urban,muslim,persons,116304
census-india-2011,sources/census-2011/c-series/state-mdds/c01-19-west-bengal.xls,723b9edf6254c86a,census-c01-extract-v1.1.0-20260527T234036Z,C0101,19,334,00000,000000,District - Birbhum,urban,muslim,males,59595
census-india-2011,sources/census-2011/c-series/state-mdds/c01-19-west-bengal.xls,723b9edf6254c86a,census-c01-extract-v1.1.0-20260527T234036Z,C0101,19,334,00000,000000,District - Birbhum,urban,muslim,females,56709
census-india-2011,sources/census-2011/c-series/state-mdds/c01-19-west-bengal.xls,723b9edf6254c86a,census-c01-extract-v1.1.0-20260527T234036Z,C0101,19,334,00000,000000,District - Birbhum,urban,christian,persons,1087
census-india-2011,sources/census-2011/c-series/state-mdds/c01-19-west-bengal.xls,723b9edf6254c86a,census-c01-extract-v1.1.0-20260527T234036Z,C0101,19,334,00000,000000,District - Birbhum,urban,christian,males,550
census-india-2011,sources/census-2011/c-series/state-mdds/c01-19-west-bengal.xls,723b9edf6254c86a,census-c01-extract-v1.1.0-20260527T234036Z,C0101,19,334,00000,000000,District - Birbhum,urban,christian,females,537
census-india-2011,sources/census-2011/c-series/state-mdds/c01-19-west-bengal.xls,723b9edf6254c86a,census-c01-extract-v1.1.0-20260527T234036Z,C0101,19,334,00000,000000,District - Birbhum,urban,sikh,persons,237
census-india-2011,sources/census-2011/c-series/state-mdds/c01-19-west-bengal.xls,723b9edf6254c86a,census-c01-extract-v1.1.0-20260527T234036Z,C0101,19,334,00000,000000,District - Birbhum,urban,sikh,males,131
census-india-2011,sources/census-2011/c-series/state-mdds/c01-19-west-bengal.xls,723b9edf6254c86a,census-c01-extract-v1.1.0-20260527T234036Z,C0101,19,334,00000,000000,District - Birbhum,urban,sikh,females,106
census-india-2011,sources/census-2011/c-series/state-mdds/c01-19-west-bengal.xls,723b9edf6254c86a,census-c01-extract-v1.1.0-20260527T234036Z,C0101,19,334,00000,000000,District - Birbhum,urban,buddhist,persons,62
census-india-2011,sources/census-2011/c-series/state-mdds/c01-19-west-bengal.xls,723b9edf6254c86a,census-c01-extract-v1.1.0-20260527T234036Z,C0101,19,334,00000,000000,District - Birbhum,urban,buddhist,males,33
census-india-2011,sources/census-2011/c-series/state-mdds/c01-19-west-bengal.xls,723b9edf6254c86a,census-c01-extract-v1.1.0-20260527T234036Z,C0101,19,334,00000,000000,District - Birbhum,urban,buddhist,females,29
census-india-2011,sources/census-2011/c-series/state-mdds/c01-19-west-bengal.xls,723b9edf6254c86a,census-c01-extract-v1.1.0-20260527T234036Z,C0101,19,334,00000,000000,District - Birbhum,urban,jain,persons,896
census-india-2011,sources/census-2011/c-series/state-mdds/c01-19-west-bengal.xls,723b9edf6254c86a,census-c01-extract-v1.1.0-20260527T234036Z,C0101,19,334,00000,000000,District - Birbhum,urban,jain,males,468
census-india-2011,sources/census-2011/c-series/state-mdds/c01-19-west-bengal.xls,723b9edf6254c86a,census-c01-extract-v1.1.0-20260527T234036Z,C0101,19,334,00000,000000,District - Birbhum,urban,jain,females,428
census-india-2011,sources/census-2011/c-series/state-mdds/c01-19-west-bengal.xls,723b9edf6254c86a,census-c01-extract-v1.1.0-20260527T234036Z,C0101,19,334,00000,000000,District - Birbhum,urban,other,persons,134
census-india-2011,sources/census-2011/c-series/state-mdds/c01-19-west-bengal.xls,723b9edf6254c86a,census-c01-extract-v1.1.0-20260527T234036Z,C0101,19,334,00000,000000,District - Birbhum,urban,other,males,68
census-india-2011,sources/census-2011/c-series/state-mdds/c01-19-west-bengal.xls,723b9edf6254c86a,census-c01-extract-v1.1.0-20260527T234036Z,C0101,19,334,00000,000000,District - Birbhum,urban,other,females,66
census-india-2011,sources/census-2011/c-series/state-mdds/c01-19-west-bengal.xls,723b9edf6254c86a,census-c01-extract-v1.1.0-20260527T234036Z,C0101,19,334,00000,000000,District - Birbhum,urban,not_stated,persons,590
census-india-2011,sources/census-2011/c-series/state-mdds/c01-19-west-bengal.xls,723b9edf6254c86a,census-c01-extract-v1.1.0-20260527T234036Z,C0101,19,334,00000,000000,District - Birbhum,urban,not_stated,males,294
census-india-2011,sources/census-2011/c-series/state-mdds/c01-19-west-bengal.xls,723b9edf6254c86a,census-c01-extract-v1.1.0-20260527T234036Z,C0101,19,334,00000,000000,District - Birbhum,urban,not_stated,females,296
census-india-2011,sources/census-2011/c-series/state-mdds/c01-19-west-bengal.xls,723b9edf6254c86a,census-c01-extract-v1.1.0-20260527T234036Z,C0101,19,335,00000,000000,District - Barddhaman,total,all,persons,7717563
census-india-2011,sources/census-2011/c-series/state-mdds/c01-19-west-bengal.xls,723b9edf6254c86a,census-c01-extract-v1.1.0-20260527T234036Z,C0101,19,335,00000,000000,District - Barddhaman,total,all,males,3966889
census-india-2011,sources/census-2011/c-series/state-mdds/c01-19-west-bengal.xls,723b9edf6254c86a,census-c01-extract-v1.1.0-20260527T234036Z,C0101,19,335,00000,000000,District - Barddhaman,total,all,females,3750674
census-india-2011,sources/census-2011/c-series/state-mdds/c01-19-west-bengal.xls,723b9edf6254c86a,census-c01-extract-v1.1.0-20260527T234036Z,C0101,19,335,00000,000000,District - Barddhaman,total,hindu,persons,6008472
census-india-2011,sources/census-2011/c-series/state-mdds/c01-19-west-bengal.xls,723b9edf6254c86a,census-c01-extract-v1.1.0-20260527T234036Z,C0101,19,335,00000,000000,District - Barddhaman,total,hindu,males,3089560
census-india-2011,sources/census-2011/c-series/state-mdds/c01-19-west-bengal.xls,723b9edf6254c86a,census-c01-extract-v1.1.0-20260527T234036Z,C0101,19,335,00000,000000,District - Barddhaman,total,hindu,females,2918912
census-india-2011,sources/census-2011/c-series/state-mdds/c01-19-west-bengal.xls,723b9edf6254c86a,census-c01-extract-v1.1.0-20260527T234036Z,C0101,19,335,00000,000000,District - Barddhaman,total,muslim,persons,1599764
census-india-2011,sources/census-2011/c-series/state-mdds/c01-19-west-bengal.xls,723b9edf6254c86a,census-c01-extract-v1.1.0-20260527T234036Z,C0101,19,335,00000,000000,District - Barddhaman,total,muslim,males,821958
census-india-2011,sources/census-2011/c-series/state-mdds/c01-19-west-bengal.xls,723b9edf6254c86a,census-c01-extract-v1.1.0-20260527T234036Z,C0101,19,335,00000,000000,District - Barddhaman,total,muslim,females,777806
census-india-2011,sources/census-2011/c-series/state-mdds/c01-19-west-bengal.xls,723b9edf6254c86a,census-c01-extract-v1.1.0-20260527T234036Z,C0101,19,335,00000,000000,District - Barddhaman,total,christian,persons,21220
census-india-2011,sources/census-2011/c-series/state-mdds/c01-19-west-bengal.xls,723b9edf6254c86a,census-c01-extract-v1.1.0-20260527T234036Z,C0101,19,335,00000,000000,District - Barddhaman,total,christian,males,10448
census-india-2011,sources/census-2011/c-series/state-mdds/c01-19-west-bengal.xls,723b9edf6254c86a,census-c01-extract-v1.1.0-20260527T234036Z,C0101,19,335,00000,000000,District - Barddhaman,total,christian,females,10772
census-india-2011,sources/census-2011/c-series/state-mdds/c01-19-west-bengal.xls,723b9edf6254c86a,census-c01-extract-v1.1.0-20260527T234036Z,C0101,19,335,00000,000000,District - Barddhaman,total,sikh,persons,16675
census-india-2011,sources/census-2011/c-series/state-mdds/c01-19-west-bengal.xls,723b9edf6254c86a,census-c01-extract-v1.1.0-20260527T234036Z,C0101,19,335,00000,000000,District - Barddhaman,total,sikh,males,8774
census-india-2011,sources/census-2011/c-series/state-mdds/c01-19-west-bengal.xls,723b9edf6254c86a,census-c01-extract-v1.1.0-20260527T234036Z,C0101,19,335,00000,000000,District - Barddhaman,total,sikh,females,7901
census-india-2011,sources/census-2011/c-series/state-mdds/c01-19-west-bengal.xls,723b9edf6254c86a,census-c01-extract-v1.1.0-20260527T234036Z,C0101,19,335,00000,000000,District - Barddhaman,total,buddhist,persons,1602
census-india-2011,sources/census-2011/c-series/state-mdds/c01-19-west-bengal.xls,723b9edf6254c86a,census-c01-extract-v1.1.0-20260527T234036Z,C0101,19,335,00000,000000,District - Barddhaman,total,buddhist,males,891
census-india-2011,sources/census-2011/c-series/state-mdds/c01-19-west-bengal.xls,723b9edf6254c86a,census-c01-extract-v1.1.0-20260527T234036Z,C0101,19,335,00000,000000,District - Barddhaman,total,buddhist,females,711
census-india-2011,sources/census-2011/c-series/state-mdds/c01-19-west-bengal.xls,723b9edf6254c86a,census-c01-extract-v1.1.0-20260527T234036Z,C0101,19,335,00000,000000,District - Barddhaman,total,jain,persons,1674
census-india-2011,sources/census-2011/c-series/state-mdds/c01-19-west-bengal.xls,723b9edf6254c86a,census-c01-extract-v1.1.0-20260527T234036Z,C0101,19,335,00000,000000,District - Barddhaman,total,jain,males,903
census-india-2011,sources/census-2011/c-series/state-mdds/c01-19-west-bengal.xls,723b9edf6254c86a,census-c01-extract-v1.1.0-20260527T234036Z,C0101,19,335,00000,000000,District - Barddhaman,total,jain,females,771
census-india-2011,sources/census-2011/c-series/state-mdds/c01-19-west-bengal.xls,723b9edf6254c86a,census-c01-extract-v1.1.0-20260527T234036Z,C0101,19,335,00000,000000,District - Barddhaman,total,other,persons,44968
census-india-2011,sources/census-2011/c-series/state-mdds/c01-19-west-bengal.xls,723b9edf6254c86a,census-c01-extract-v1.1.0-20260527T234036Z,C0101,19,335,00000,000000,District - Barddhaman,total,other,males,22464
census-india-2011,sources/census-2011/c-series/state-mdds/c01-19-west-bengal.xls,723b9edf6254c86a,census-c01-extract-v1.1.0-20260527T234036Z,C0101,19,335,00000,000000,District - Barddhaman,total,other,females,22504
census-india-2011,sources/census-2011/c-series/state-mdds/c01-19-west-bengal.xls,723b9edf6254c86a,census-c01-extract-v1.1.0-20260527T234036Z,C0101,19,335,00000,000000,District - Barddhaman,total,not_stated,persons,23188
census-india-2011,sources/census-2011/c-series/state-mdds/c01-19-west-bengal.xls,723b9edf6254c86a,census-c01-extract-v1.1.0-20260527T234036Z,C0101,19,335,00000,000000,District - Barddhaman,total,not_stated,males,11891
census-india-2011,sources/census-2011/c-series/state-mdds/c01-19-west-bengal.xls,723b9edf6254c86a,census-c01-extract-v1.1.0-20260527T234036Z,C0101,19,335,00000,000000,District - Barddhaman,total,not_stated,females,11297
census-india-2011,sources/census-2011/c-series/state-mdds/c01-19-west-bengal.xls,723b9edf6254c86a,census-c01-extract-v1.1.0-20260527T234036Z,C0101,19,335,00000,000000,District - Barddhaman,rural,all,persons,4639264
census-india-2011,sources/census-2011/c-series/state-mdds/c01-19-west-bengal.xls,723b9edf6254c86a,census-c01-extract-v1.1.0-20260527T234036Z,C0101,19,335,00000,000000,District - Barddhaman,rural,all,males,2373787
census-india-2011,sources/census-2011/c-series/state-mdds/c01-19-west-bengal.xls,723b9edf6254c86a,census-c01-extract-v1.1.0-20260527T234036Z,C0101,19,335,00000,000000,District - Barddhaman,rural,all,females,2265477
census-india-2011,sources/census-2011/c-series/state-mdds/c01-19-west-bengal.xls,723b9edf6254c86a,census-c01-extract-v1.1.0-20260527T234036Z,C0101,19,335,00000,000000,District - Barddhaman,rural,hindu,persons,3428031
census-india-2011,sources/census-2011/c-series/state-mdds/c01-19-west-bengal.xls,723b9edf6254c86a,census-c01-extract-v1.1.0-20260527T234036Z,C0101,19,335,00000,000000,District - Barddhaman,rural,hindu,males,1753946
census-india-2011,sources/census-2011/c-series/state-mdds/c01-19-west-bengal.xls,723b9edf6254c86a,census-c01-extract-v1.1.0-20260527T234036Z,C0101,19,335,00000,000000,District - Barddhaman,rural,hindu,females,1674085
census-india-2011,sources/census-2011/c-series/state-mdds/c01-19-west-bengal.xls,723b9edf6254c86a,census-c01-extract-v1.1.0-20260527T234036Z,C0101,19,335,00000,000000,District - Barddhaman,rural,muslim,persons,1158796
census-india-2011,sources/census-2011/c-series/state-mdds/c01-19-west-bengal.xls,723b9edf6254c86a,census-c01-extract-v1.1.0-20260527T234036Z,C0101,19,335,00000,000000,District - Barddhaman,rural,muslim,males,593714
census-india-2011,sources/census-2011/c-series/state-mdds/c01-19-west-bengal.xls,723b9edf6254c86a,census-c01-extract-v1.1.0-20260527T234036Z,C0101,19,335,00000,000000,District - Barddhaman,rural,muslim,females,565082
census-india-2011,sources/census-2011/c-series/state-mdds/c01-19-west-bengal.xls,723b9edf6254c86a,census-c01-extract-v1.1.0-20260527T234036Z,C0101,19,335,00000,000000,District - Barddhaman,rural,christian,persons,8992
census-india-2011,sources/census-2011/c-series/state-mdds/c01-19-west-bengal.xls,723b9edf6254c86a,census-c01-extract-v1.1.0-20260527T234036Z,C0101,19,335,00000,000000,District - Barddhaman,rural,christian,males,4407
census-india-2011,sources/census-2011/c-series/state-mdds/c01-19-west-bengal.xls,723b9edf6254c86a,census-c01-extract-v1.1.0-20260527T234036Z,C0101,19,335,00000,000000,District - Barddhaman,rural,christian,females,4585
census-india-2011,sources/census-2011/c-series/state-mdds/c01-19-west-bengal.xls,723b9edf6254c86a,census-c01-extract-v1.1.0-20260527T234036Z,C0101,19,335,00000,000000,District - Barddhaman,rural,sikh,persons,1281
census-india-2011,sources/census-2011/c-series/state-mdds/c01-19-west-bengal.xls,723b9edf6254c86a,census-c01-extract-v1.1.0-20260527T234036Z,C0101,19,335,00000,000000,District - Barddhaman,rural,sikh,males,707
census-india-2011,sources/census-2011/c-series/state-mdds/c01-19-west-bengal.xls,723b9edf6254c86a,census-c01-extract-v1.1.0-20260527T234036Z,C0101,19,335,00000,000000,District - Barddhaman,rural,sikh,females,574
census-india-2011,sources/census-2011/c-series/state-mdds/c01-19-west-bengal.xls,723b9edf6254c86a,census-c01-extract-v1.1.0-20260527T234036Z,C0101,19,335,00000,000000,District - Barddhaman,rural,buddhist,persons,292
census-india-2011,sources/census-2011/c-series/state-mdds/c01-19-west-bengal.xls,723b9edf6254c86a,census-c01-extract-v1.1.0-20260527T234036Z,C0101,19,335,00000,000000,District - Barddhaman,rural,buddhist,males,144
census-india-2011,sources/census-2011/c-series/state-mdds/c01-19-west-bengal.xls,723b9edf6254c86a,census-c01-extract-v1.1.0-20260527T234036Z,C0101,19,335,00000,000000,District - Barddhaman,rural,buddhist,females,148
census-india-2011,sources/census-2011/c-series/state-mdds/c01-19-west-bengal.xls,723b9edf6254c86a,census-c01-extract-v1.1.0-20260527T234036Z,C0101,19,335,00000,000000,District - Barddhaman,rural,jain,persons,397
census-india-2011,sources/census-2011/c-series/state-mdds/c01-19-west-bengal.xls,723b9edf6254c86a,census-c01-extract-v1.1.0-20260527T234036Z,C0101,19,335,00000,000000,District - Barddhaman,rural,jain,males,206
census-india-2011,sources/census-2011/c-series/state-mdds/c01-19-west-bengal.xls,723b9edf6254c86a,census-c01-extract-v1.1.0-20260527T234036Z,C0101,19,335,00000,000000,District - Barddhaman,rural,jain,females,191
census-india-2011,sources/census-2011/c-series/state-mdds/c01-19-west-bengal.xls,723b9edf6254c86a,census-c01-extract-v1.1.0-20260527T234036Z,C0101,19,335,00000,000000,District - Barddhaman,rural,other,persons,34394
census-india-2011,sources/census-2011/c-series/state-mdds/c01-19-west-bengal.xls,723b9edf6254c86a,census-c01-extract-v1.1.0-20260527T234036Z,C0101,19,335,00000,000000,District - Barddhaman,rural,other,males,17111
census-india-2011,sources/census-2011/c-series/state-mdds/c01-19-west-bengal.xls,723b9edf6254c86a,census-c01-extract-v1.1.0-20260527T234036Z,C0101,19,335,00000,000000,District - Barddhaman,rural,other,females,17283
census-india-2011,sources/census-2011/c-series/state-mdds/c01-19-west-bengal.xls,723b9edf6254c86a,census-c01-extract-v1.1.0-20260527T234036Z,C0101,19,335,00000,000000,District - Barddhaman,rural,not_stated,persons,7081
census-india-2011,sources/census-2011/c-series/state-mdds/c01-19-west-bengal.xls,723b9edf6254c86a,census-c01-extract-v1.1.0-20260527T234036Z,C0101,19,335,00000,000000,District - Barddhaman,rural,not_stated,males,3552
census-india-2011,sources/census-2011/c-series/state-mdds/c01-19-west-bengal.xls,723b9edf6254c86a,census-c01-extract-v1.1.0-20260527T234036Z,C0101,19,335,00000,000000,District - Barddhaman,rural,not_stated,females,3529
census-india-2011,sources/census-2011/c-series/state-mdds/c01-19-west-bengal.xls,723b9edf6254c86a,census-c01-extract-v1.1.0-20260527T234036Z,C0101,19,335,00000,000000,District - Barddhaman,urban,all,persons,3078299
census-india-2011,sources/census-2011/c-series/state-mdds/c01-19-west-bengal.xls,723b9edf6254c86a,census-c01-extract-v1.1.0-20260527T234036Z,C0101,19,335,00000,000000,District - Barddhaman,urban,all,males,1593102
census-india-2011,sources/census-2011/c-series/state-mdds/c01-19-west-bengal.xls,723b9edf6254c86a,census-c01-extract-v1.1.0-20260527T234036Z,C0101,19,335,00000,000000,District - Barddhaman,urban,all,females,1485197
census-india-2011,sources/census-2011/c-series/state-mdds/c01-19-west-bengal.xls,723b9edf6254c86a,census-c01-extract-v1.1.0-20260527T234036Z,C0101,19,335,00000,000000,District - Barddhaman,urban,hindu,persons,2580441
census-india-2011,sources/census-2011/c-series/state-mdds/c01-19-west-bengal.xls,723b9edf6254c86a,census-c01-extract-v1.1.0-20260527T234036Z,C0101,19,335,00000,000000,District - Barddhaman,urban,hindu,males,1335614
census-india-2011,sources/census-2011/c-series/state-mdds/c01-19-west-bengal.xls,723b9edf6254c86a,census-c01-extract-v1.1.0-20260527T234036Z,C0101,19,335,00000,000000,District - Barddhaman,urban,hindu,females,1244827
census-india-2011,sources/census-2011/c-series/state-mdds/c01-19-west-bengal.xls,723b9edf6254c86a,census-c01-extract-v1.1.0-20260527T234036Z,C0101,19,335,00000,000000,District - Barddhaman,urban,muslim,persons,440968
census-india-2011,sources/census-2011/c-series/state-mdds/c01-19-west-bengal.xls,723b9edf6254c86a,census-c01-extract-v1.1.0-20260527T234036Z,C0101,19,335,00000,000000,District - Barddhaman,urban,muslim,males,228244
census-india-2011,sources/census-2011/c-series/state-mdds/c01-19-west-bengal.xls,723b9edf6254c86a,census-c01-extract-v1.1.0-20260527T234036Z,C0101,19,335,00000,000000,District - Barddhaman,urban,muslim,females,212724
census-india-2011,sources/census-2011/c-series/state-mdds/c01-19-west-bengal.xls,723b9edf6254c86a,census-c01-extract-v1.1.0-20260527T234036Z,C0101,19,335,00000,000000,District - Barddhaman,urban,christian,persons,12228
census-india-2011,sources/census-2011/c-series/state-mdds/c01-19-west-bengal.xls,723b9edf6254c86a,census-c01-extract-v1.1.0-20260527T234036Z,C0101,19,335,00000,000000,District - Barddhaman,urban,christian,males,6041
census-india-2011,sources/census-2011/c-series/state-mdds/c01-19-west-bengal.xls,723b9edf6254c86a,census-c01-extract-v1.1.0-20260527T234036Z,C0101,19,335,00000,000000,District - Barddhaman,urban,christian,females,6187
census-india-2011,sources/census-2011/c-series/state-mdds/c01-19-west-bengal.xls,723b9edf6254c86a,census-c01-extract-v1.1.0-20260527T234036Z,C0101,19,335,00000,000000,District - Barddhaman,urban,sikh,persons,15394
census-india-2011,sources/census-2011/c-series/state-mdds/c01-19-west-bengal.xls,723b9edf6254c86a,census-c01-extract-v1.1.0-20260527T234036Z,C0101,19,335,00000,000000,District - Barddhaman,urban,sikh,males,8067
census-india-2011,sources/census-2011/c-series/state-mdds/c01-19-west-bengal.xls,723b9edf6254c86a,census-c01-extract-v1.1.0-20260527T234036Z,C0101,19,335,00000,000000,District - Barddhaman,urban,sikh,females,7327
census-india-2011,sources/census-2011/c-series/state-mdds/c01-19-west-bengal.xls,723b9edf6254c86a,census-c01-extract-v1.1.0-20260527T234036Z,C0101,19,335,00000,000000,District - Barddhaman,urban,buddhist,persons,1310
census-india-2011,sources/census-2011/c-series/state-mdds/c01-19-west-bengal.xls,723b9edf6254c86a,census-c01-extract-v1.1.0-20260527T234036Z,C0101,19,335,00000,000000,District - Barddhaman,urban,buddhist,males,747
census-india-2011,sources/census-2011/c-series/state-mdds/c01-19-west-bengal.xls,723b9edf6254c86a,census-c01-extract-v1.1.0-20260527T234036Z,C0101,19,335,00000,000000,District - Barddhaman,urban,buddhist,females,563
census-india-2011,sources/census-2011/c-series/state-mdds/c01-19-west-bengal.xls,723b9edf6254c86a,census-c01-extract-v1.1.0-20260527T234036Z,C0101,19,335,00000,000000,District - Barddhaman,urban,jain,persons,1277
census-india-2011,sources/census-2011/c-series/state-mdds/c01-19-west-bengal.xls,723b9edf6254c86a,census-c01-extract-v1.1.0-20260527T234036Z,C0101,19,335,00000,000000,District - Barddhaman,urban,jain,males,697
census-india-2011,sources/census-2011/c-series/state-mdds/c01-19-west-bengal.xls,723b9edf6254c86a,census-c01-extract-v1.1.0-20260527T234036Z,C0101,19,335,00000,000000,District - Barddhaman,urban,jain,females,580
census-india-2011,sources/census-2011/c-series/state-mdds/c01-19-west-bengal.xls,723b9edf6254c86a,census-c01-extract-v1.1.0-20260527T234036Z,C0101,19,335,00000,000000,District - Barddhaman,urban,other,persons,10574
census-india-2011,sources/census-2011/c-series/state-mdds/c01-19-west-bengal.xls,723b9edf6254c86a,census-c01-extract-v1.1.0-20260527T234036Z,C0101,19,335,00000,000000,District - Barddhaman,urban,other,males,5353
census-india-2011,sources/census-2011/c-series/state-mdds/c01-19-west-bengal.xls,723b9edf6254c86a,census-c01-extract-v1.1.0-20260527T234036Z,C0101,19,335,00000,000000,District - Barddhaman,urban,other,females,5221
census-india-2011,sources/census-2011/c-series/state-mdds/c01-19-west-bengal.xls,723b9edf6254c86a,census-c01-extract-v1.1.0-20260527T234036Z,C0101,19,335,00000,000000,District - Barddhaman,urban,not_stated,persons,16107
census-india-2011,sources/census-2011/c-series/state-mdds/c01-19-west-bengal.xls,723b9edf6254c86a,census-c01-extract-v1.1.0-20260527T234036Z,C0101,19,335,00000,000000,District - Barddhaman,urban,not_stated,males,8339
census-india-2011,sources/census-2011/c-series/state-mdds/c01-19-west-bengal.xls,723b9edf6254c86a,census-c01-extract-v1.1.0-20260527T234036Z,C0101,19,335,00000,000000,District - Barddhaman,urban,not_stated,females,7768
census-india-2011,sources/census-2011/c-series/state-mdds/c01-19-west-bengal.xls,723b9edf6254c86a,census-c01-extract-v1.1.0-20260527T234036Z,C0101,19,336,00000,000000,District - Nadia,total,all,persons,5167600
census-india-2011,sources/census-2011/c-series/state-mdds/c01-19-west-bengal.xls,723b9edf6254c86a,census-c01-extract-v1.1.0-20260527T234036Z,C0101,19,336,00000,000000,District - Nadia,total,all,males,2653768
census-india-2011,sources/census-2011/c-series/state-mdds/c01-19-west-bengal.xls,723b9edf6254c86a,census-c01-extract-v1.1.0-20260527T234036Z,C0101,19,336,00000,000000,District - Nadia,total,all,females,2513832
census-india-2011,sources/census-2011/c-series/state-mdds/c01-19-west-bengal.xls,723b9edf6254c86a,census-c01-extract-v1.1.0-20260527T234036Z,C0101,19,336,00000,000000,District - Nadia,total,hindu,persons,3728482
census-india-2011,sources/census-2011/c-series/state-mdds/c01-19-west-bengal.xls,723b9edf6254c86a,census-c01-extract-v1.1.0-20260527T234036Z,C0101,19,336,00000,000000,District - Nadia,total,hindu,males,1918012
census-india-2011,sources/census-2011/c-series/state-mdds/c01-19-west-bengal.xls,723b9edf6254c86a,census-c01-extract-v1.1.0-20260527T234036Z,C0101,19,336,00000,000000,District - Nadia,total,hindu,females,1810470
census-india-2011,sources/census-2011/c-series/state-mdds/c01-19-west-bengal.xls,723b9edf6254c86a,census-c01-extract-v1.1.0-20260527T234036Z,C0101,19,336,00000,000000,District - Nadia,total,muslim,persons,1382682
census-india-2011,sources/census-2011/c-series/state-mdds/c01-19-west-bengal.xls,723b9edf6254c86a,census-c01-extract-v1.1.0-20260527T234036Z,C0101,19,336,00000,000000,District - Nadia,total,muslim,males,707381
census-india-2011,sources/census-2011/c-series/state-mdds/c01-19-west-bengal.xls,723b9edf6254c86a,census-c01-extract-v1.1.0-20260527T234036Z,C0101,19,336,00000,000000,District - Nadia,total,muslim,females,675301
census-india-2011,sources/census-2011/c-series/state-mdds/c01-19-west-bengal.xls,723b9edf6254c86a,census-c01-extract-v1.1.0-20260527T234036Z,C0101,19,336,00000,000000,District - Nadia,total,christian,persons,33835
census-india-2011,sources/census-2011/c-series/state-mdds/c01-19-west-bengal.xls,723b9edf6254c86a,census-c01-extract-v1.1.0-20260527T234036Z,C0101,19,336,00000,000000,District - Nadia,total,christian,males,16720
census-india-2011,sources/census-2011/c-series/state-mdds/c01-19-west-bengal.xls,723b9edf6254c86a,census-c01-extract-v1.1.0-20260527T234036Z,C0101,19,336,00000,000000,District - Nadia,total,christian,females,17115
census-india-2011,sources/census-2011/c-series/state-mdds/c01-19-west-bengal.xls,723b9edf6254c86a,census-c01-extract-v1.1.0-20260527T234036Z,C0101,19,336,00000,000000,District - Nadia,total,sikh,persons,849
census-india-2011,sources/census-2011/c-series/state-mdds/c01-19-west-bengal.xls,723b9edf6254c86a,census-c01-extract-v1.1.0-20260527T234036Z,C0101,19,336,00000,000000,District - Nadia,total,sikh,males,476
census-india-2011,sources/census-2011/c-series/state-mdds/c01-19-west-bengal.xls,723b9edf6254c86a,census-c01-extract-v1.1.0-20260527T234036Z,C0101,19,336,00000,000000,District - Nadia,total,sikh,females,373
census-india-2011,sources/census-2011/c-series/state-mdds/c01-19-west-bengal.xls,723b9edf6254c86a,census-c01-extract-v1.1.0-20260527T234036Z,C0101,19,336,00000,000000,District - Nadia,total,buddhist,persons,514
census-india-2011,sources/census-2011/c-series/state-mdds/c01-19-west-bengal.xls,723b9edf6254c86a,census-c01-extract-v1.1.0-20260527T234036Z,C0101,19,336,00000,000000,District - Nadia,total,buddhist,males,276
census-india-2011,sources/census-2011/c-series/state-mdds/c01-19-west-bengal.xls,723b9edf6254c86a,census-c01-extract-v1.1.0-20260527T234036Z,C0101,19,336,00000,000000,District - Nadia,total,buddhist,females,238
census-india-2011,sources/census-2011/c-series/state-mdds/c01-19-west-bengal.xls,723b9edf6254c86a,census-c01-extract-v1.1.0-20260527T234036Z,C0101,19,336,00000,000000,District - Nadia,total,jain,persons,281
census-india-2011,sources/census-2011/c-series/state-mdds/c01-19-west-bengal.xls,723b9edf6254c86a,census-c01-extract-v1.1.0-20260527T234036Z,C0101,19,336,00000,000000,District - Nadia,total,jain,males,146
census-india-2011,sources/census-2011/c-series/state-mdds/c01-19-west-bengal.xls,723b9edf6254c86a,census-c01-extract-v1.1.0-20260527T234036Z,C0101,19,336,00000,000000,District - Nadia,total,jain,females,135
census-india-2011,sources/census-2011/c-series/state-mdds/c01-19-west-bengal.xls,723b9edf6254c86a,census-c01-extract-v1.1.0-20260527T234036Z,C0101,19,336,00000,000000,District - Nadia,total,other,persons,16893
census-india-2011,sources/census-2011/c-series/state-mdds/c01-19-west-bengal.xls,723b9edf6254c86a,census-c01-extract-v1.1.0-20260527T234036Z,C0101,19,336,00000,000000,District - Nadia,total,other,males,8617
census-india-2011,sources/census-2011/c-series/state-mdds/c01-19-west-bengal.xls,723b9edf6254c86a,census-c01-extract-v1.1.0-20260527T234036Z,C0101,19,336,00000,000000,District - Nadia,total,other,females,8276
census-india-2011,sources/census-2011/c-series/state-mdds/c01-19-west-bengal.xls,723b9edf6254c86a,census-c01-extract-v1.1.0-20260527T234036Z,C0101,19,336,00000,000000,District - Nadia,total,not_stated,persons,4064
census-india-2011,sources/census-2011/c-series/state-mdds/c01-19-west-bengal.xls,723b9edf6254c86a,census-c01-extract-v1.1.0-20260527T234036Z,C0101,19,336,00000,000000,District - Nadia,total,not_stated,males,2140
census-india-2011,sources/census-2011/c-series/state-mdds/c01-19-west-bengal.xls,723b9edf6254c86a,census-c01-extract-v1.1.0-20260527T234036Z,C0101,19,336,00000,000000,District - Nadia,total,not_stated,females,1924
census-india-2011,sources/census-2011/c-series/state-mdds/c01-19-west-bengal.xls,723b9edf6254c86a,census-c01-extract-v1.1.0-20260527T234036Z,C0101,19,336,00000,000000,District - Nadia,rural,all,persons,3728727
census-india-2011,sources/census-2011/c-series/state-mdds/c01-19-west-bengal.xls,723b9edf6254c86a,census-c01-extract-v1.1.0-20260527T234036Z,C0101,19,336,00000,000000,District - Nadia,rural,all,males,1921112
census-india-2011,sources/census-2011/c-series/state-mdds/c01-19-west-bengal.xls,723b9edf6254c86a,census-c01-extract-v1.1.0-20260527T234036Z,C0101,19,336,00000,000000,District - Nadia,rural,all,females,1807615
census-india-2011,sources/census-2011/c-series/state-mdds/c01-19-west-bengal.xls,723b9edf6254c86a,census-c01-extract-v1.1.0-20260527T234036Z,C0101,19,336,00000,000000,District - Nadia,rural,hindu,persons,2401262
census-india-2011,sources/census-2011/c-series/state-mdds/c01-19-west-bengal.xls,723b9edf6254c86a,census-c01-extract-v1.1.0-20260527T234036Z,C0101,19,336,00000,000000,District - Nadia,rural,hindu,males,1241662
census-india-2011,sources/census-2011/c-series/state-mdds/c01-19-west-bengal.xls,723b9edf6254c86a,census-c01-extract-v1.1.0-20260527T234036Z,C0101,19,336,00000,000000,District - Nadia,rural,hindu,females,1159600
census-india-2011,sources/census-2011/c-series/state-mdds/c01-19-west-bengal.xls,723b9edf6254c86a,census-c01-extract-v1.1.0-20260527T234036Z,C0101,19,336,00000,000000,District - Nadia,rural,muslim,persons,1285658
census-india-2011,sources/census-2011/c-series/state-mdds/c01-19-west-bengal.xls,723b9edf6254c86a,census-c01-extract-v1.1.0-20260527T234036Z,C0101,19,336,00000,000000,District - Nadia,rural,muslim,males,658281
census-india-2011,sources/census-2011/c-series/state-mdds/c01-19-west-bengal.xls,723b9edf6254c86a,census-c01-extract-v1.1.0-20260527T234036Z,C0101,19,336,00000,000000,District - Nadia,rural,muslim,females,627377
census-india-2011,sources/census-2011/c-series/state-mdds/c01-19-west-bengal.xls,723b9edf6254c86a,census-c01-extract-v1.1.0-20260527T234036Z,C0101,19,336,00000,000000,District - Nadia,rural,christian,persons,23463
census-india-2011,sources/census-2011/c-series/state-mdds/c01-19-west-bengal.xls,723b9edf6254c86a,census-c01-extract-v1.1.0-20260527T234036Z,C0101,19,336,00000,000000,District - Nadia,rural,christian,males,11679
census-india-2011,sources/census-2011/c-series/state-mdds/c01-19-west-bengal.xls,723b9edf6254c86a,census-c01-extract-v1.1.0-20260527T234036Z,C0101,19,336,00000,000000,District - Nadia,rural,christian,females,11784
census-india-2011,sources/census-2011/c-series/state-mdds/c01-19-west-bengal.xls,723b9edf6254c86a,census-c01-extract-v1.1.0-20260527T234036Z,C0101,19,336,00000,000000,District - Nadia,rural,sikh,persons,515
census-india-2011,sources/census-2011/c-series/state-mdds/c01-19-west-bengal.xls,723b9edf6254c86a,census-c01-extract-v1.1.0-20260527T234036Z,C0101,19,336,00000,000000,District - Nadia,rural,sikh,males,298
census-india-2011,sources/census-2011/c-series/state-mdds/c01-19-west-bengal.xls,723b9edf6254c86a,census-c01-extract-v1.1.0-20260527T234036Z,C0101,19,336,00000,000000,District - Nadia,rural,sikh,females,217
census-india-2011,sources/census-2011/c-series/state-mdds/c01-19-west-bengal.xls,723b9edf6254c86a,census-c01-extract-v1.1.0-20260527T234036Z,C0101,19,336,00000,000000,District - Nadia,rural,buddhist,persons,160
census-india-2011,sources/census-2011/c-series/state-mdds/c01-19-west-bengal.xls,723b9edf6254c86a,census-c01-extract-v1.1.0-20260527T234036Z,C0101,19,336,00000,000000,District - Nadia,rural,buddhist,males,87
census-india-2011,sources/census-2011/c-series/state-mdds/c01-19-west-bengal.xls,723b9edf6254c86a,census-c01-extract-v1.1.0-20260527T234036Z,C0101,19,336,00000,000000,District - Nadia,rural,buddhist,females,73
census-india-2011,sources/census-2011/c-series/state-mdds/c01-19-west-bengal.xls,723b9edf6254c86a,census-c01-extract-v1.1.0-20260527T234036Z,C0101,19,336,00000,000000,District - Nadia,rural,jain,persons,140
census-india-2011,sources/census-2011/c-series/state-mdds/c01-19-west-bengal.xls,723b9edf6254c86a,census-c01-extract-v1.1.0-20260527T234036Z,C0101,19,336,00000,000000,District - Nadia,rural,jain,males,78
census-india-2011,sources/census-2011/c-series/state-mdds/c01-19-west-bengal.xls,723b9edf6254c86a,census-c01-extract-v1.1.0-20260527T234036Z,C0101,19,336,00000,000000,District - Nadia,rural,jain,females,62
census-india-2011,sources/census-2011/c-series/state-mdds/c01-19-west-bengal.xls,723b9edf6254c86a,census-c01-extract-v1.1.0-20260527T234036Z,C0101,19,336,00000,000000,District - Nadia,rural,other,persons,15204
census-india-2011,sources/census-2011/c-series/state-mdds/c01-19-west-bengal.xls,723b9edf6254c86a,census-c01-extract-v1.1.0-20260527T234036Z,C0101,19,336,00000,000000,District - Nadia,rural,other,males,7772
census-india-2011,sources/census-2011/c-series/state-mdds/c01-19-west-bengal.xls,723b9edf6254c86a,census-c01-extract-v1.1.0-20260527T234036Z,C0101,19,336,00000,000000,District - Nadia,rural,other,females,7432
census-india-2011,sources/census-2011/c-series/state-mdds/c01-19-west-bengal.xls,723b9edf6254c86a,census-c01-extract-v1.1.0-20260527T234036Z,C0101,19,336,00000,000000,District - Nadia,rural,not_stated,persons,2325
census-india-2011,sources/census-2011/c-series/state-mdds/c01-19-west-bengal.xls,723b9edf6254c86a,census-c01-extract-v1.1.0-20260527T234036Z,C0101,19,336,00000,000000,District - Nadia,rural,not_stated,males,1255
census-india-2011,sources/census-2011/c-series/state-mdds/c01-19-west-bengal.xls,723b9edf6254c86a,census-c01-extract-v1.1.0-20260527T234036Z,C0101,19,336,00000,000000,District - Nadia,rural,not_stated,females,1070
census-india-2011,sources/census-2011/c-series/state-mdds/c01-19-west-bengal.xls,723b9edf6254c86a,census-c01-extract-v1.1.0-20260527T234036Z,C0101,19,336,00000,000000,District - Nadia,urban,all,persons,1438873
census-india-2011,sources/census-2011/c-series/state-mdds/c01-19-west-bengal.xls,723b9edf6254c86a,census-c01-extract-v1.1.0-20260527T234036Z,C0101,19,336,00000,000000,District - Nadia,urban,all,males,732656
census-india-2011,sources/census-2011/c-series/state-mdds/c01-19-west-bengal.xls,723b9edf6254c86a,census-c01-extract-v1.1.0-20260527T234036Z,C0101,19,336,00000,000000,District - Nadia,urban,all,females,706217
census-india-2011,sources/census-2011/c-series/state-mdds/c01-19-west-bengal.xls,723b9edf6254c86a,census-c01-extract-v1.1.0-20260527T234036Z,C0101,19,336,00000,000000,District - Nadia,urban,hindu,persons,1327220
census-india-2011,sources/census-2011/c-series/state-mdds/c01-19-west-bengal.xls,723b9edf6254c86a,census-c01-extract-v1.1.0-20260527T234036Z,C0101,19,336,00000,000000,District - Nadia,urban,hindu,males,676350
census-india-2011,sources/census-2011/c-series/state-mdds/c01-19-west-bengal.xls,723b9edf6254c86a,census-c01-extract-v1.1.0-20260527T234036Z,C0101,19,336,00000,000000,District - Nadia,urban,hindu,females,650870
census-india-2011,sources/census-2011/c-series/state-mdds/c01-19-west-bengal.xls,723b9edf6254c86a,census-c01-extract-v1.1.0-20260527T234036Z,C0101,19,336,00000,000000,District - Nadia,urban,muslim,persons,97024
census-india-2011,sources/census-2011/c-series/state-mdds/c01-19-west-bengal.xls,723b9edf6254c86a,census-c01-extract-v1.1.0-20260527T234036Z,C0101,19,336,00000,000000,District - Nadia,urban,muslim,males,49100
census-india-2011,sources/census-2011/c-series/state-mdds/c01-19-west-bengal.xls,723b9edf6254c86a,census-c01-extract-v1.1.0-20260527T234036Z,C0101,19,336,00000,000000,District - Nadia,urban,muslim,females,47924
census-india-2011,sources/census-2011/c-series/state-mdds/c01-19-west-bengal.xls,723b9edf6254c86a,census-c01-extract-v1.1.0-20260527T234036Z,C0101,19,336,00000,000000,District - Nadia,urban,christian,persons,10372
census-india-2011,sources/census-2011/c-series/state-mdds/c01-19-west-bengal.xls,723b9edf6254c86a,census-c01-extract-v1.1.0-20260527T234036Z,C0101,19,336,00000,000000,District - Nadia,urban,christian,males,5041
census-india-2011,sources/census-2011/c-series/state-mdds/c01-19-west-bengal.xls,723b9edf6254c86a,census-c01-extract-v1.1.0-20260527T234036Z,C0101,19,336,00000,000000,District - Nadia,urban,christian,females,5331
census-india-2011,sources/census-2011/c-series/state-mdds/c01-19-west-bengal.xls,723b9edf6254c86a,census-c01-extract-v1.1.0-20260527T234036Z,C0101,19,336,00000,000000,District - Nadia,urban,sikh,persons,334
census-india-2011,sources/census-2011/c-series/state-mdds/c01-19-west-bengal.xls,723b9edf6254c86a,census-c01-extract-v1.1.0-20260527T234036Z,C0101,19,336,00000,000000,District - Nadia,urban,sikh,males,178
census-india-2011,sources/census-2011/c-series/state-mdds/c01-19-west-bengal.xls,723b9edf6254c86a,census-c01-extract-v1.1.0-20260527T234036Z,C0101,19,336,00000,000000,District - Nadia,urban,sikh,females,156
census-india-2011,sources/census-2011/c-series/state-mdds/c01-19-west-bengal.xls,723b9edf6254c86a,census-c01-extract-v1.1.0-20260527T234036Z,C0101,19,336,00000,000000,District - Nadia,urban,buddhist,persons,354
census-india-2011,sources/census-2011/c-series/state-mdds/c01-19-west-bengal.xls,723b9edf6254c86a,census-c01-extract-v1.1.0-20260527T234036Z,C0101,19,336,00000,000000,District - Nadia,urban,buddhist,males,189
census-india-2011,sources/census-2011/c-series/state-mdds/c01-19-west-bengal.xls,723b9edf6254c86a,census-c01-extract-v1.1.0-20260527T234036Z,C0101,19,336,00000,000000,District - Nadia,urban,buddhist,females,165
census-india-2011,sources/census-2011/c-series/state-mdds/c01-19-west-bengal.xls,723b9edf6254c86a,census-c01-extract-v1.1.0-20260527T234036Z,C0101,19,336,00000,000000,District - Nadia,urban,jain,persons,141
census-india-2011,sources/census-2011/c-series/state-mdds/c01-19-west-bengal.xls,723b9edf6254c86a,census-c01-extract-v1.1.0-20260527T234036Z,C0101,19,336,00000,000000,District - Nadia,urban,jain,males,68
census-india-2011,sources/census-2011/c-series/state-mdds/c01-19-west-bengal.xls,723b9edf6254c86a,census-c01-extract-v1.1.0-20260527T234036Z,C0101,19,336,00000,000000,District - Nadia,urban,jain,females,73
census-india-2011,sources/census-2011/c-series/state-mdds/c01-19-west-bengal.xls,723b9edf6254c86a,census-c01-extract-v1.1.0-20260527T234036Z,C0101,19,336,00000,000000,District - Nadia,urban,other,persons,1689
census-india-2011,sources/census-2011/c-series/state-mdds/c01-19-west-bengal.xls,723b9edf6254c86a,census-c01-extract-v1.1.0-20260527T234036Z,C0101,19,336,00000,000000,District - Nadia,urban,other,males,845
census-india-2011,sources/census-2011/c-series/state-mdds/c01-19-west-bengal.xls,723b9edf6254c86a,census-c01-extract-v1.1.0-20260527T234036Z,C0101,19,336,00000,000000,District - Nadia,urban,other,females,844
census-india-2011,sources/census-2011/c-series/state-mdds/c01-19-west-bengal.xls,723b9edf6254c86a,census-c01-extract-v1.1.0-20260527T234036Z,C0101,19,336,00000,000000,District - Nadia,urban,not_stated,persons,1739
census-india-2011,sources/census-2011/c-series/state-mdds/c01-19-west-bengal.xls,723b9edf6254c86a,census-c01-extract-v1.1.0-20260527T234036Z,C0101,19,336,00000,000000,District - Nadia,urban,not_stated,males,885
census-india-2011,sources/census-2011/c-series/state-mdds/c01-19-west-bengal.xls,723b9edf6254c86a,census-c01-extract-v1.1.0-20260527T234036Z,C0101,19,336,00000,000000,District - Nadia,urban,not_stated,females,854
census-india-2011,sources/census-2011/c-series/state-mdds/c01-19-west-bengal.xls,723b9edf6254c86a,census-c01-extract-v1.1.0-20260527T234036Z,C0101,19,337,00000,000000,District - North Twenty Four Parganas,total,all,persons,10009781
census-india-2011,sources/census-2011/c-series/state-mdds/c01-19-west-bengal.xls,723b9edf6254c86a,census-c01-extract-v1.1.0-20260527T234036Z,C0101,19,337,00000,000000,District - North Twenty Four Parganas,total,all,males,5119389
census-india-2011,sources/census-2011/c-series/state-mdds/c01-19-west-bengal.xls,723b9edf6254c86a,census-c01-extract-v1.1.0-20260527T234036Z,C0101,19,337,00000,000000,District - North Twenty Four Parganas,total,all,females,4890392
census-india-2011,sources/census-2011/c-series/state-mdds/c01-19-west-bengal.xls,723b9edf6254c86a,census-c01-extract-v1.1.0-20260527T234036Z,C0101,19,337,00000,000000,District - North Twenty Four Parganas,total,hindu,persons,7352769
census-india-2011,sources/census-2011/c-series/state-mdds/c01-19-west-bengal.xls,723b9edf6254c86a,census-c01-extract-v1.1.0-20260527T234036Z,C0101,19,337,00000,000000,District - North Twenty Four Parganas,total,hindu,males,3756457
census-india-2011,sources/census-2011/c-series/state-mdds/c01-19-west-bengal.xls,723b9edf6254c86a,census-c01-extract-v1.1.0-20260527T234036Z,C0101,19,337,00000,000000,District - North Twenty Four Parganas,total,hindu,females,3596312
census-india-2011,sources/census-2011/c-series/state-mdds/c01-19-west-bengal.xls,723b9edf6254c86a,census-c01-extract-v1.1.0-20260527T234036Z,C0101,19,337,00000,000000,District - North Twenty Four Parganas,total,muslim,persons,2584684
census-india-2011,sources/census-2011/c-series/state-mdds/c01-19-west-bengal.xls,723b9edf6254c86a,census-c01-extract-v1.1.0-20260527T234036Z,C0101,19,337,00000,000000,District - North Twenty Four Parganas,total,muslim,males,1326814
census-india-2011,sources/census-2011/c-series/state-mdds/c01-19-west-bengal.xls,723b9edf6254c86a,census-c01-extract-v1.1.0-20260527T234036Z,C0101,19,337,00000,000000,District - North Twenty Four Parganas,total,muslim,females,1257870
census-india-2011,sources/census-2011/c-series/state-mdds/c01-19-west-bengal.xls,723b9edf6254c86a,census-c01-extract-v1.1.0-20260527T234036Z,C0101,19,337,00000,000000,District - North Twenty Four Parganas,total,christian,persons,26933
census-india-2011,sources/census-2011/c-series/state-mdds/c01-19-west-bengal.xls,723b9edf6254c86a,census-c01-extract-v1.1.0-20260527T234036Z,C0101,19,337,00000,000000,District - North Twenty Four Parganas,total,christian,males,13282
census-india-2011,sources/census-2011/c-series/state-mdds/c01-19-west-bengal.xls,723b9edf6254c86a,census-c01-extract-v1.1.0-20260527T234036Z,C0101,19,337,00000,000000,District - North Twenty Four Parganas,total,christian,females,13651
census-india-2011,sources/census-2011/c-series/state-mdds/c01-19-west-bengal.xls,723b9edf6254c86a,census-c01-extract-v1.1.0-20260527T234036Z,C0101,19,337,00000,000000,District - North Twenty Four Parganas,total,sikh,persons,9394
census-india-2011,sources/census-2011/c-series/state-mdds/c01-19-west-bengal.xls,723b9edf6254c86a,census-c01-extract-v1.1.0-20260527T234036Z,C0101,19,337,00000,000000,District - North Twenty Four Parganas,total,sikh,males,4986
census-india-2011,sources/census-2011/c-series/state-mdds/c01-19-west-bengal.xls,723b9edf6254c86a,census-c01-extract-v1.1.0-20260527T234036Z,C0101,19,337,00000,000000,District - North Twenty Four Parganas,total,sikh,females,4408
census-india-2011,sources/census-2011/c-series/state-mdds/c01-19-west-bengal.xls,723b9edf6254c86a,census-c01-extract-v1.1.0-20260527T234036Z,C0101,19,337,00000,000000,District - North Twenty Four Parganas,total,buddhist,persons,5818
census-india-2011,sources/census-2011/c-series/state-mdds/c01-19-west-bengal.xls,723b9edf6254c86a,census-c01-extract-v1.1.0-20260527T234036Z,C0101,19,337,00000,000000,District - North Twenty Four Parganas,total,buddhist,males,2923
census-india-2011,sources/census-2011/c-series/state-mdds/c01-19-west-bengal.xls,723b9edf6254c86a,census-c01-extract-v1.1.0-20260527T234036Z,C0101,19,337,00000,000000,District - North Twenty Four Parganas,total,buddhist,females,2895
census-india-2011,sources/census-2011/c-series/state-mdds/c01-19-west-bengal.xls,723b9edf6254c86a,census-c01-extract-v1.1.0-20260527T234036Z,C0101,19,337,00000,000000,District - North Twenty Four Parganas,total,jain,persons,4452
census-india-2011,sources/census-2011/c-series/state-mdds/c01-19-west-bengal.xls,723b9edf6254c86a,census-c01-extract-v1.1.0-20260527T234036Z,C0101,19,337,00000,000000,District - North Twenty Four Parganas,total,jain,males,2222
census-india-2011,sources/census-2011/c-series/state-mdds/c01-19-west-bengal.xls,723b9edf6254c86a,census-c01-extract-v1.1.0-20260527T234036Z,C0101,19,337,00000,000000,District - North Twenty Four Parganas,total,jain,females,2230
census-india-2011,sources/census-2011/c-series/state-mdds/c01-19-west-bengal.xls,723b9edf6254c86a,census-c01-extract-v1.1.0-20260527T234036Z,C0101,19,337,00000,000000,District - North Twenty Four Parganas,total,other,persons,2930
census-india-2011,sources/census-2011/c-series/state-mdds/c01-19-west-bengal.xls,723b9edf6254c86a,census-c01-extract-v1.1.0-20260527T234036Z,C0101,19,337,00000,000000,District - North Twenty Four Parganas,total,other,males,1519
census-india-2011,sources/census-2011/c-series/state-mdds/c01-19-west-bengal.xls,723b9edf6254c86a,census-c01-extract-v1.1.0-20260527T234036Z,C0101,19,337,00000,000000,District - North Twenty Four Parganas,total,other,females,1411
census-india-2011,sources/census-2011/c-series/state-mdds/c01-19-west-bengal.xls,723b9edf6254c86a,census-c01-extract-v1.1.0-20260527T234036Z,C0101,19,337,00000,000000,District - North Twenty Four Parganas,total,not_stated,persons,22801
census-india-2011,sources/census-2011/c-series/state-mdds/c01-19-west-bengal.xls,723b9edf6254c86a,census-c01-extract-v1.1.0-20260527T234036Z,C0101,19,337,00000,000000,District - North Twenty Four Parganas,total,not_stated,males,11186
census-india-2011,sources/census-2011/c-series/state-mdds/c01-19-west-bengal.xls,723b9edf6254c86a,census-c01-extract-v1.1.0-20260527T234036Z,C0101,19,337,00000,000000,District - North Twenty Four Parganas,total,not_stated,females,11615
census-india-2011,sources/census-2011/c-series/state-mdds/c01-19-west-bengal.xls,723b9edf6254c86a,census-c01-extract-v1.1.0-20260527T234036Z,C0101,19,337,00000,000000,District - North Twenty Four Parganas,rural,all,persons,4277619
census-india-2011,sources/census-2011/c-series/state-mdds/c01-19-west-bengal.xls,723b9edf6254c86a,census-c01-extract-v1.1.0-20260527T234036Z,C0101,19,337,00000,000000,District - North Twenty Four Parganas,rural,all,males,2196554
census-india-2011,sources/census-2011/c-series/state-mdds/c01-19-west-bengal.xls,723b9edf6254c86a,census-c01-extract-v1.1.0-20260527T234036Z,C0101,19,337,00000,000000,District - North Twenty Four Parganas,rural,all,females,2081065
census-india-2011,sources/census-2011/c-series/state-mdds/c01-19-west-bengal.xls,723b9edf6254c86a,census-c01-extract-v1.1.0-20260527T234036Z,C0101,19,337,00000,000000,District - North Twenty Four Parganas,rural,hindu,persons,2322249
census-india-2011,sources/census-2011/c-series/state-mdds/c01-19-west-bengal.xls,723b9edf6254c86a,census-c01-extract-v1.1.0-20260527T234036Z,C0101,19,337,00000,000000,District - North Twenty Four Parganas,rural,hindu,males,1197481
census-india-2011,sources/census-2011/c-series/state-mdds/c01-19-west-bengal.xls,723b9edf6254c86a,census-c01-extract-v1.1.0-20260527T234036Z,C0101,19,337,00000,000000,District - North Twenty Four Parganas,rural,hindu,females,1124768
census-india-2011,sources/census-2011/c-series/state-mdds/c01-19-west-bengal.xls,723b9edf6254c86a,census-c01-extract-v1.1.0-20260527T234036Z,C0101,19,337,00000,000000,District - North Twenty Four Parganas,rural,muslim,persons,1937537
census-india-2011,sources/census-2011/c-series/state-mdds/c01-19-west-bengal.xls,723b9edf6254c86a,census-c01-extract-v1.1.0-20260527T234036Z,C0101,19,337,00000,000000,District - North Twenty Four Parganas,rural,muslim,males,990157
census-india-2011,sources/census-2011/c-series/state-mdds/c01-19-west-bengal.xls,723b9edf6254c86a,census-c01-extract-v1.1.0-20260527T234036Z,C0101,19,337,00000,000000,District - North Twenty Four Parganas,rural,muslim,females,947380
census-india-2011,sources/census-2011/c-series/state-mdds/c01-19-west-bengal.xls,723b9edf6254c86a,census-c01-extract-v1.1.0-20260527T234036Z,C0101,19,337,00000,000000,District - North Twenty Four Parganas,rural,christian,persons,8902
census-india-2011,sources/census-2011/c-series/state-mdds/c01-19-west-bengal.xls,723b9edf6254c86a,census-c01-extract-v1.1.0-20260527T234036Z,C0101,19,337,00000,000000,District - North Twenty Four Parganas,rural,christian,males,4503
census-india-2011,sources/census-2011/c-series/state-mdds/c01-19-west-bengal.xls,723b9edf6254c86a,census-c01-extract-v1.1.0-20260527T234036Z,C0101,19,337,00000,000000,District - North Twenty Four Parganas,rural,christian,females,4399
census-india-2011,sources/census-2011/c-series/state-mdds/c01-19-west-bengal.xls,723b9edf6254c86a,census-c01-extract-v1.1.0-20260527T234036Z,C0101,19,337,00000,000000,District - North Twenty Four Parganas,rural,sikh,persons,600
census-india-2011,sources/census-2011/c-series/state-mdds/c01-19-west-bengal.xls,723b9edf6254c86a,census-c01-extract-v1.1.0-20260527T234036Z,C0101,19,337,00000,000000,District - North Twenty Four Parganas,rural,sikh,males,333
census-india-2011,sources/census-2011/c-series/state-mdds/c01-19-west-bengal.xls,723b9edf6254c86a,census-c01-extract-v1.1.0-20260527T234036Z,C0101,19,337,00000,000000,District - North Twenty Four Parganas,rural,sikh,females,267
census-india-2011,sources/census-2011/c-series/state-mdds/c01-19-west-bengal.xls,723b9edf6254c86a,census-c01-extract-v1.1.0-20260527T234036Z,C0101,19,337,00000,000000,District - North Twenty Four Parganas,rural,buddhist,persons,393
census-india-2011,sources/census-2011/c-series/state-mdds/c01-19-west-bengal.xls,723b9edf6254c86a,census-c01-extract-v1.1.0-20260527T234036Z,C0101,19,337,00000,000000,District - North Twenty Four Parganas,rural,buddhist,males,213
census-india-2011,sources/census-2011/c-series/state-mdds/c01-19-west-bengal.xls,723b9edf6254c86a,census-c01-extract-v1.1.0-20260527T234036Z,C0101,19,337,00000,000000,District - North Twenty Four Parganas,rural,buddhist,females,180
census-india-2011,sources/census-2011/c-series/state-mdds/c01-19-west-bengal.xls,723b9edf6254c86a,census-c01-extract-v1.1.0-20260527T234036Z,C0101,19,337,00000,000000,District - North Twenty Four Parganas,rural,jain,persons,256
census-india-2011,sources/census-2011/c-series/state-mdds/c01-19-west-bengal.xls,723b9edf6254c86a,census-c01-extract-v1.1.0-20260527T234036Z,C0101,19,337,00000,000000,District - North Twenty Four Parganas,rural,jain,males,134
census-india-2011,sources/census-2011/c-series/state-mdds/c01-19-west-bengal.xls,723b9edf6254c86a,census-c01-extract-v1.1.0-20260527T234036Z,C0101,19,337,00000,000000,District - North Twenty Four Parganas,rural,jain,females,122
census-india-2011,sources/census-2011/c-series/state-mdds/c01-19-west-bengal.xls,723b9edf6254c86a,census-c01-extract-v1.1.0-20260527T234036Z,C0101,19,337,00000,000000,District - North Twenty Four Parganas,rural,other,persons,1685
census-india-2011,sources/census-2011/c-series/state-mdds/c01-19-west-bengal.xls,723b9edf6254c86a,census-c01-extract-v1.1.0-20260527T234036Z,C0101,19,337,00000,000000,District - North Twenty Four Parganas,rural,other,males,863
census-india-2011,sources/census-2011/c-series/state-mdds/c01-19-west-bengal.xls,723b9edf6254c86a,census-c01-extract-v1.1.0-20260527T234036Z,C0101,19,337,00000,000000,District - North Twenty Four Parganas,rural,other,females,822
census-india-2011,sources/census-2011/c-series/state-mdds/c01-19-west-bengal.xls,723b9edf6254c86a,census-c01-extract-v1.1.0-20260527T234036Z,C0101,19,337,00000,000000,District - North Twenty Four Parganas,rural,not_stated,persons,5997
census-india-2011,sources/census-2011/c-series/state-mdds/c01-19-west-bengal.xls,723b9edf6254c86a,census-c01-extract-v1.1.0-20260527T234036Z,C0101,19,337,00000,000000,District - North Twenty Four Parganas,rural,not_stated,males,2870
census-india-2011,sources/census-2011/c-series/state-mdds/c01-19-west-bengal.xls,723b9edf6254c86a,census-c01-extract-v1.1.0-20260527T234036Z,C0101,19,337,00000,000000,District - North Twenty Four Parganas,rural,not_stated,females,3127
census-india-2011,sources/census-2011/c-series/state-mdds/c01-19-west-bengal.xls,723b9edf6254c86a,census-c01-extract-v1.1.0-20260527T234036Z,C0101,19,337,00000,000000,District - North Twenty Four Parganas,urban,all,persons,5732162
census-india-2011,sources/census-2011/c-series/state-mdds/c01-19-west-bengal.xls,723b9edf6254c86a,census-c01-extract-v1.1.0-20260527T234036Z,C0101,19,337,00000,000000,District - North Twenty Four Parganas,urban,all,males,2922835
census-india-2011,sources/census-2011/c-series/state-mdds/c01-19-west-bengal.xls,723b9edf6254c86a,census-c01-extract-v1.1.0-20260527T234036Z,C0101,19,337,00000,000000,District - North Twenty Four Parganas,urban,all,females,2809327
census-india-2011,sources/census-2011/c-series/state-mdds/c01-19-west-bengal.xls,723b9edf6254c86a,census-c01-extract-v1.1.0-20260527T234036Z,C0101,19,337,00000,000000,District - North Twenty Four Parganas,urban,hindu,persons,5030520
census-india-2011,sources/census-2011/c-series/state-mdds/c01-19-west-bengal.xls,723b9edf6254c86a,census-c01-extract-v1.1.0-20260527T234036Z,C0101,19,337,00000,000000,District - North Twenty Four Parganas,urban,hindu,males,2558976
census-india-2011,sources/census-2011/c-series/state-mdds/c01-19-west-bengal.xls,723b9edf6254c86a,census-c01-extract-v1.1.0-20260527T234036Z,C0101,19,337,00000,000000,District - North Twenty Four Parganas,urban,hindu,females,2471544
census-india-2011,sources/census-2011/c-series/state-mdds/c01-19-west-bengal.xls,723b9edf6254c86a,census-c01-extract-v1.1.0-20260527T234036Z,C0101,19,337,00000,000000,District - North Twenty Four Parganas,urban,muslim,persons,647147
census-india-2011,sources/census-2011/c-series/state-mdds/c01-19-west-bengal.xls,723b9edf6254c86a,census-c01-extract-v1.1.0-20260527T234036Z,C0101,19,337,00000,000000,District - North Twenty Four Parganas,urban,muslim,males,336657
census-india-2011,sources/census-2011/c-series/state-mdds/c01-19-west-bengal.xls,723b9edf6254c86a,census-c01-extract-v1.1.0-20260527T234036Z,C0101,19,337,00000,000000,District - North Twenty Four Parganas,urban,muslim,females,310490
census-india-2011,sources/census-2011/c-series/state-mdds/c01-19-west-bengal.xls,723b9edf6254c86a,census-c01-extract-v1.1.0-20260527T234036Z,C0101,19,337,00000,000000,District - North Twenty Four Parganas,urban,christian,persons,18031
census-india-2011,sources/census-2011/c-series/state-mdds/c01-19-west-bengal.xls,723b9edf6254c86a,census-c01-extract-v1.1.0-20260527T234036Z,C0101,19,337,00000,000000,District - North Twenty Four Parganas,urban,christian,males,8779
census-india-2011,sources/census-2011/c-series/state-mdds/c01-19-west-bengal.xls,723b9edf6254c86a,census-c01-extract-v1.1.0-20260527T234036Z,C0101,19,337,00000,000000,District - North Twenty Four Parganas,urban,christian,females,9252
census-india-2011,sources/census-2011/c-series/state-mdds/c01-19-west-bengal.xls,723b9edf6254c86a,census-c01-extract-v1.1.0-20260527T234036Z,C0101,19,337,00000,000000,District - North Twenty Four Parganas,urban,sikh,persons,8794
census-india-2011,sources/census-2011/c-series/state-mdds/c01-19-west-bengal.xls,723b9edf6254c86a,census-c01-extract-v1.1.0-20260527T234036Z,C0101,19,337,00000,000000,District - North Twenty Four Parganas,urban,sikh,males,4653
census-india-2011,sources/census-2011/c-series/state-mdds/c01-19-west-bengal.xls,723b9edf6254c86a,census-c01-extract-v1.1.0-20260527T234036Z,C0101,19,337,00000,000000,District - North Twenty Four Parganas,urban,sikh,females,4141
census-india-2011,sources/census-2011/c-series/state-mdds/c01-19-west-bengal.xls,723b9edf6254c86a,census-c01-extract-v1.1.0-20260527T234036Z,C0101,19,337,00000,000000,District - North Twenty Four Parganas,urban,buddhist,persons,5425
census-india-2011,sources/census-2011/c-series/state-mdds/c01-19-west-bengal.xls,723b9edf6254c86a,census-c01-extract-v1.1.0-20260527T234036Z,C0101,19,337,00000,000000,District - North Twenty Four Parganas,urban,buddhist,males,2710
census-india-2011,sources/census-2011/c-series/state-mdds/c01-19-west-bengal.xls,723b9edf6254c86a,census-c01-extract-v1.1.0-20260527T234036Z,C0101,19,337,00000,000000,District - North Twenty Four Parganas,urban,buddhist,females,2715
census-india-2011,sources/census-2011/c-series/state-mdds/c01-19-west-bengal.xls,723b9edf6254c86a,census-c01-extract-v1.1.0-20260527T234036Z,C0101,19,337,00000,000000,District - North Twenty Four Parganas,urban,jain,persons,4196
census-india-2011,sources/census-2011/c-series/state-mdds/c01-19-west-bengal.xls,723b9edf6254c86a,census-c01-extract-v1.1.0-20260527T234036Z,C0101,19,337,00000,000000,District - North Twenty Four Parganas,urban,jain,males,2088
census-india-2011,sources/census-2011/c-series/state-mdds/c01-19-west-bengal.xls,723b9edf6254c86a,census-c01-extract-v1.1.0-20260527T234036Z,C0101,19,337,00000,000000,District - North Twenty Four Parganas,urban,jain,females,2108
census-india-2011,sources/census-2011/c-series/state-mdds/c01-19-west-bengal.xls,723b9edf6254c86a,census-c01-extract-v1.1.0-20260527T234036Z,C0101,19,337,00000,000000,District - North Twenty Four Parganas,urban,other,persons,1245
census-india-2011,sources/census-2011/c-series/state-mdds/c01-19-west-bengal.xls,723b9edf6254c86a,census-c01-extract-v1.1.0-20260527T234036Z,C0101,19,337,00000,000000,District - North Twenty Four Parganas,urban,other,males,656
census-india-2011,sources/census-2011/c-series/state-mdds/c01-19-west-bengal.xls,723b9edf6254c86a,census-c01-extract-v1.1.0-20260527T234036Z,C0101,19,337,00000,000000,District - North Twenty Four Parganas,urban,other,females,589
census-india-2011,sources/census-2011/c-series/state-mdds/c01-19-west-bengal.xls,723b9edf6254c86a,census-c01-extract-v1.1.0-20260527T234036Z,C0101,19,337,00000,000000,District - North Twenty Four Parganas,urban,not_stated,persons,16804
census-india-2011,sources/census-2011/c-series/state-mdds/c01-19-west-bengal.xls,723b9edf6254c86a,census-c01-extract-v1.1.0-20260527T234036Z,C0101,19,337,00000,000000,District - North Twenty Four Parganas,urban,not_stated,males,8316
census-india-2011,sources/census-2011/c-series/state-mdds/c01-19-west-bengal.xls,723b9edf6254c86a,census-c01-extract-v1.1.0-20260527T234036Z,C0101,19,337,00000,000000,District - North Twenty Four Parganas,urban,not_stated,females,8488
census-india-2011,sources/census-2011/c-series/state-mdds/c01-19-west-bengal.xls,723b9edf6254c86a,census-c01-extract-v1.1.0-20260527T234036Z,C0101,19,338,00000,000000,District - Hugli,total,all,persons,5519145
census-india-2011,sources/census-2011/c-series/state-mdds/c01-19-west-bengal.xls,723b9edf6254c86a,census-c01-extract-v1.1.0-20260527T234036Z,C0101,19,338,00000,000000,District - Hugli,total,all,males,2814653
census-india-2011,sources/census-2011/c-series/state-mdds/c01-19-west-bengal.xls,723b9edf6254c86a,census-c01-extract-v1.1.0-20260527T234036Z,C0101,19,338,00000,000000,District - Hugli,total,all,females,2704492
census-india-2011,sources/census-2011/c-series/state-mdds/c01-19-west-bengal.xls,723b9edf6254c86a,census-c01-extract-v1.1.0-20260527T234036Z,C0101,19,338,00000,000000,District - Hugli,total,hindu,persons,4574569
census-india-2011,sources/census-2011/c-series/state-mdds/c01-19-west-bengal.xls,723b9edf6254c86a,census-c01-extract-v1.1.0-20260527T234036Z,C0101,19,338,00000,000000,District - Hugli,total,hindu,males,2334344
census-india-2011,sources/census-2011/c-series/state-mdds/c01-19-west-bengal.xls,723b9edf6254c86a,census-c01-extract-v1.1.0-20260527T234036Z,C0101,19,338,00000,000000,District - Hugli,total,hindu,females,2240225
census-india-2011,sources/census-2011/c-series/state-mdds/c01-19-west-bengal.xls,723b9edf6254c86a,census-c01-extract-v1.1.0-20260527T234036Z,C0101,19,338,00000,000000,District - Hugli,total,muslim,persons,870204
census-india-2011,sources/census-2011/c-series/state-mdds/c01-19-west-bengal.xls,723b9edf6254c86a,census-c01-extract-v1.1.0-20260527T234036Z,C0101,19,338,00000,000000,District - Hugli,total,muslim,males,443032
census-india-2011,sources/census-2011/c-series/state-mdds/c01-19-west-bengal.xls,723b9edf6254c86a,census-c01-extract-v1.1.0-20260527T234036Z,C0101,19,338,00000,000000,District - Hugli,total,muslim,females,427172
census-india-2011,sources/census-2011/c-series/state-mdds/c01-19-west-bengal.xls,723b9edf6254c86a,census-c01-extract-v1.1.0-20260527T234036Z,C0101,19,338,00000,000000,District - Hugli,total,christian,persons,7300
census-india-2011,sources/census-2011/c-series/state-mdds/c01-19-west-bengal.xls,723b9edf6254c86a,census-c01-extract-v1.1.0-20260527T234036Z,C0101,19,338,00000,000000,District - Hugli,total,christian,males,3594
census-india-2011,sources/census-2011/c-series/state-mdds/c01-19-west-bengal.xls,723b9edf6254c86a,census-c01-extract-v1.1.0-20260527T234036Z,C0101,19,338,00000,000000,District - Hugli,total,christian,females,3706
census-india-2011,sources/census-2011/c-series/state-mdds/c01-19-west-bengal.xls,723b9edf6254c86a,census-c01-extract-v1.1.0-20260527T234036Z,C0101,19,338,00000,000000,District - Hugli,total,sikh,persons,2662
census-india-2011,sources/census-2011/c-series/state-mdds/c01-19-west-bengal.xls,723b9edf6254c86a,census-c01-extract-v1.1.0-20260527T234036Z,C0101,19,338,00000,000000,District - Hugli,total,sikh,males,1394
census-india-2011,sources/census-2011/c-series/state-mdds/c01-19-west-bengal.xls,723b9edf6254c86a,census-c01-extract-v1.1.0-20260527T234036Z,C0101,19,338,00000,000000,District - Hugli,total,sikh,females,1268
census-india-2011,sources/census-2011/c-series/state-mdds/c01-19-west-bengal.xls,723b9edf6254c86a,census-c01-extract-v1.1.0-20260527T234036Z,C0101,19,338,00000,000000,District - Hugli,total,buddhist,persons,1730
census-india-2011,sources/census-2011/c-series/state-mdds/c01-19-west-bengal.xls,723b9edf6254c86a,census-c01-extract-v1.1.0-20260527T234036Z,C0101,19,338,00000,000000,District - Hugli,total,buddhist,males,848
census-india-2011,sources/census-2011/c-series/state-mdds/c01-19-west-bengal.xls,723b9edf6254c86a,census-c01-extract-v1.1.0-20260527T234036Z,C0101,19,338,00000,000000,District - Hugli,total,buddhist,females,882
census-india-2011,sources/census-2011/c-series/state-mdds/c01-19-west-bengal.xls,723b9edf6254c86a,census-c01-extract-v1.1.0-20260527T234036Z,C0101,19,338,00000,000000,District - Hugli,total,jain,persons,2160
census-india-2011,sources/census-2011/c-series/state-mdds/c01-19-west-bengal.xls,723b9edf6254c86a,census-c01-extract-v1.1.0-20260527T234036Z,C0101,19,338,00000,000000,District - Hugli,total,jain,males,1136
census-india-2011,sources/census-2011/c-series/state-mdds/c01-19-west-bengal.xls,723b9edf6254c86a,census-c01-extract-v1.1.0-20260527T234036Z,C0101,19,338,00000,000000,District - Hugli,total,jain,females,1024
census-india-2011,sources/census-2011/c-series/state-mdds/c01-19-west-bengal.xls,723b9edf6254c86a,census-c01-extract-v1.1.0-20260527T234036Z,C0101,19,338,00000,000000,District - Hugli,total,other,persons,49050
census-india-2011,sources/census-2011/c-series/state-mdds/c01-19-west-bengal.xls,723b9edf6254c86a,census-c01-extract-v1.1.0-20260527T234036Z,C0101,19,338,00000,000000,District - Hugli,total,other,males,24221
census-india-2011,sources/census-2011/c-series/state-mdds/c01-19-west-bengal.xls,723b9edf6254c86a,census-c01-extract-v1.1.0-20260527T234036Z,C0101,19,338,00000,000000,District - Hugli,total,other,females,24829
census-india-2011,sources/census-2011/c-series/state-mdds/c01-19-west-bengal.xls,723b9edf6254c86a,census-c01-extract-v1.1.0-20260527T234036Z,C0101,19,338,00000,000000,District - Hugli,total,not_stated,persons,11470
census-india-2011,sources/census-2011/c-series/state-mdds/c01-19-west-bengal.xls,723b9edf6254c86a,census-c01-extract-v1.1.0-20260527T234036Z,C0101,19,338,00000,000000,District - Hugli,total,not_stated,males,6084
census-india-2011,sources/census-2011/c-series/state-mdds/c01-19-west-bengal.xls,723b9edf6254c86a,census-c01-extract-v1.1.0-20260527T234036Z,C0101,19,338,00000,000000,District - Hugli,total,not_stated,females,5386
census-india-2011,sources/census-2011/c-series/state-mdds/c01-19-west-bengal.xls,723b9edf6254c86a,census-c01-extract-v1.1.0-20260527T234036Z,C0101,19,338,00000,000000,District - Hugli,rural,all,persons,3390646
census-india-2011,sources/census-2011/c-series/state-mdds/c01-19-west-bengal.xls,723b9edf6254c86a,census-c01-extract-v1.1.0-20260527T234036Z,C0101,19,338,00000,000000,District - Hugli,rural,all,males,1722945
census-india-2011,sources/census-2011/c-series/state-mdds/c01-19-west-bengal.xls,723b9edf6254c86a,census-c01-extract-v1.1.0-20260527T234036Z,C0101,19,338,00000,000000,District - Hugli,rural,all,females,1667701
census-india-2011,sources/census-2011/c-series/state-mdds/c01-19-west-bengal.xls,723b9edf6254c86a,census-c01-extract-v1.1.0-20260527T234036Z,C0101,19,338,00000,000000,District - Hugli,rural,hindu,persons,2733979
census-india-2011,sources/census-2011/c-series/state-mdds/c01-19-west-bengal.xls,723b9edf6254c86a,census-c01-extract-v1.1.0-20260527T234036Z,C0101,19,338,00000,000000,District - Hugli,rural,hindu,males,1391807
census-india-2011,sources/census-2011/c-series/state-mdds/c01-19-west-bengal.xls,723b9edf6254c86a,census-c01-extract-v1.1.0-20260527T234036Z,C0101,19,338,00000,000000,District - Hugli,rural,hindu,females,1342172
census-india-2011,sources/census-2011/c-series/state-mdds/c01-19-west-bengal.xls,723b9edf6254c86a,census-c01-extract-v1.1.0-20260527T234036Z,C0101,19,338,00000,000000,District - Hugli,rural,muslim,persons,600147
census-india-2011,sources/census-2011/c-series/state-mdds/c01-19-west-bengal.xls,723b9edf6254c86a,census-c01-extract-v1.1.0-20260527T234036Z,C0101,19,338,00000,000000,District - Hugli,rural,muslim,males,303059
census-india-2011,sources/census-2011/c-series/state-mdds/c01-19-west-bengal.xls,723b9edf6254c86a,census-c01-extract-v1.1.0-20260527T234036Z,C0101,19,338,00000,000000,District - Hugli,rural,muslim,females,297088
census-india-2011,sources/census-2011/c-series/state-mdds/c01-19-west-bengal.xls,723b9edf6254c86a,census-c01-extract-v1.1.0-20260527T234036Z,C0101,19,338,00000,000000,District - Hugli,rural,christian,persons,2563
census-india-2011,sources/census-2011/c-series/state-mdds/c01-19-west-bengal.xls,723b9edf6254c86a,census-c01-extract-v1.1.0-20260527T234036Z,C0101,19,338,00000,000000,District - Hugli,rural,christian,males,1320
census-india-2011,sources/census-2011/c-series/state-mdds/c01-19-west-bengal.xls,723b9edf6254c86a,census-c01-extract-v1.1.0-20260527T234036Z,C0101,19,338,00000,000000,District - Hugli,rural,christian,females,1243
census-india-2011,sources/census-2011/c-series/state-mdds/c01-19-west-bengal.xls,723b9edf6254c86a,census-c01-extract-v1.1.0-20260527T234036Z,C0101,19,338,00000,000000,District - Hugli,rural,sikh,persons,521
census-india-2011,sources/census-2011/c-series/state-mdds/c01-19-west-bengal.xls,723b9edf6254c86a,census-c01-extract-v1.1.0-20260527T234036Z,C0101,19,338,00000,000000,District - Hugli,rural,sikh,males,262
census-india-2011,sources/census-2011/c-series/state-mdds/c01-19-west-bengal.xls,723b9edf6254c86a,census-c01-extract-v1.1.0-20260527T234036Z,C0101,19,338,00000,000000,District - Hugli,rural,sikh,females,259
census-india-2011,sources/census-2011/c-series/state-mdds/c01-19-west-bengal.xls,723b9edf6254c86a,census-c01-extract-v1.1.0-20260527T234036Z,C0101,19,338,00000,000000,District - Hugli,rural,buddhist,persons,322
census-india-2011,sources/census-2011/c-series/state-mdds/c01-19-west-bengal.xls,723b9edf6254c86a,census-c01-extract-v1.1.0-20260527T234036Z,C0101,19,338,00000,000000,District - Hugli,rural,buddhist,males,163
census-india-2011,sources/census-2011/c-series/state-mdds/c01-19-west-bengal.xls,723b9edf6254c86a,census-c01-extract-v1.1.0-20260527T234036Z,C0101,19,338,00000,000000,District - Hugli,rural,buddhist,females,159
census-india-2011,sources/census-2011/c-series/state-mdds/c01-19-west-bengal.xls,723b9edf6254c86a,census-c01-extract-v1.1.0-20260527T234036Z,C0101,19,338,00000,000000,District - Hugli,rural,jain,persons,188
census-india-2011,sources/census-2011/c-series/state-mdds/c01-19-west-bengal.xls,723b9edf6254c86a,census-c01-extract-v1.1.0-20260527T234036Z,C0101,19,338,00000,000000,District - Hugli,rural,jain,males,106
census-india-2011,sources/census-2011/c-series/state-mdds/c01-19-west-bengal.xls,723b9edf6254c86a,census-c01-extract-v1.1.0-20260527T234036Z,C0101,19,338,00000,000000,District - Hugli,rural,jain,females,82
census-india-2011,sources/census-2011/c-series/state-mdds/c01-19-west-bengal.xls,723b9edf6254c86a,census-c01-extract-v1.1.0-20260527T234036Z,C0101,19,338,00000,000000,District - Hugli,rural,other,persons,48072
census-india-2011,sources/census-2011/c-series/state-mdds/c01-19-west-bengal.xls,723b9edf6254c86a,census-c01-extract-v1.1.0-20260527T234036Z,C0101,19,338,00000,000000,District - Hugli,rural,other,males,23712
census-india-2011,sources/census-2011/c-series/state-mdds/c01-19-west-bengal.xls,723b9edf6254c86a,census-c01-extract-v1.1.0-20260527T234036Z,C0101,19,338,00000,000000,District - Hugli,rural,other,females,24360
census-india-2011,sources/census-2011/c-series/state-mdds/c01-19-west-bengal.xls,723b9edf6254c86a,census-c01-extract-v1.1.0-20260527T234036Z,C0101,19,338,00000,000000,District - Hugli,rural,not_stated,persons,4854
census-india-2011,sources/census-2011/c-series/state-mdds/c01-19-west-bengal.xls,723b9edf6254c86a,census-c01-extract-v1.1.0-20260527T234036Z,C0101,19,338,00000,000000,District - Hugli,rural,not_stated,males,2516
census-india-2011,sources/census-2011/c-series/state-mdds/c01-19-west-bengal.xls,723b9edf6254c86a,census-c01-extract-v1.1.0-20260527T234036Z,C0101,19,338,00000,000000,District - Hugli,rural,not_stated,females,2338
census-india-2011,sources/census-2011/c-series/state-mdds/c01-19-west-bengal.xls,723b9edf6254c86a,census-c01-extract-v1.1.0-20260527T234036Z,C0101,19,338,00000,000000,District - Hugli,urban,all,persons,2128499
census-india-2011,sources/census-2011/c-series/state-mdds/c01-19-west-bengal.xls,723b9edf6254c86a,census-c01-extract-v1.1.0-20260527T234036Z,C0101,19,338,00000,000000,District - Hugli,urban,all,males,1091708
census-india-2011,sources/census-2011/c-series/state-mdds/c01-19-west-bengal.xls,723b9edf6254c86a,census-c01-extract-v1.1.0-20260527T234036Z,C0101,19,338,00000,000000,District - Hugli,urban,all,females,1036791
census-india-2011,sources/census-2011/c-series/state-mdds/c01-19-west-bengal.xls,723b9edf6254c86a,census-c01-extract-v1.1.0-20260527T234036Z,C0101,19,338,00000,000000,District - Hugli,urban,hindu,persons,1840590
census-india-2011,sources/census-2011/c-series/state-mdds/c01-19-west-bengal.xls,723b9edf6254c86a,census-c01-extract-v1.1.0-20260527T234036Z,C0101,19,338,00000,000000,District - Hugli,urban,hindu,males,942537
census-india-2011,sources/census-2011/c-series/state-mdds/c01-19-west-bengal.xls,723b9edf6254c86a,census-c01-extract-v1.1.0-20260527T234036Z,C0101,19,338,00000,000000,District - Hugli,urban,hindu,females,898053
census-india-2011,sources/census-2011/c-series/state-mdds/c01-19-west-bengal.xls,723b9edf6254c86a,census-c01-extract-v1.1.0-20260527T234036Z,C0101,19,338,00000,000000,District - Hugli,urban,muslim,persons,270057
census-india-2011,sources/census-2011/c-series/state-mdds/c01-19-west-bengal.xls,723b9edf6254c86a,census-c01-extract-v1.1.0-20260527T234036Z,C0101,19,338,00000,000000,District - Hugli,urban,muslim,males,139973
census-india-2011,sources/census-2011/c-series/state-mdds/c01-19-west-bengal.xls,723b9edf6254c86a,census-c01-extract-v1.1.0-20260527T234036Z,C0101,19,338,00000,000000,District - Hugli,urban,muslim,females,130084
census-india-2011,sources/census-2011/c-series/state-mdds/c01-19-west-bengal.xls,723b9edf6254c86a,census-c01-extract-v1.1.0-20260527T234036Z,C0101,19,338,00000,000000,District - Hugli,urban,christian,persons,4737
census-india-2011,sources/census-2011/c-series/state-mdds/c01-19-west-bengal.xls,723b9edf6254c86a,census-c01-extract-v1.1.0-20260527T234036Z,C0101,19,338,00000,000000,District - Hugli,urban,christian,males,2274
census-india-2011,sources/census-2011/c-series/state-mdds/c01-19-west-bengal.xls,723b9edf6254c86a,census-c01-extract-v1.1.0-20260527T234036Z,C0101,19,338,00000,000000,District - Hugli,urban,christian,females,2463
census-india-2011,sources/census-2011/c-series/state-mdds/c01-19-west-bengal.xls,723b9edf6254c86a,census-c01-extract-v1.1.0-20260527T234036Z,C0101,19,338,00000,000000,District - Hugli,urban,sikh,persons,2141
census-india-2011,sources/census-2011/c-series/state-mdds/c01-19-west-bengal.xls,723b9edf6254c86a,census-c01-extract-v1.1.0-20260527T234036Z,C0101,19,338,00000,000000,District - Hugli,urban,sikh,males,1132
census-india-2011,sources/census-2011/c-series/state-mdds/c01-19-west-bengal.xls,723b9edf6254c86a,census-c01-extract-v1.1.0-20260527T234036Z,C0101,19,338,00000,000000,District - Hugli,urban,sikh,females,1009
census-india-2011,sources/census-2011/c-series/state-mdds/c01-19-west-bengal.xls,723b9edf6254c86a,census-c01-extract-v1.1.0-20260527T234036Z,C0101,19,338,00000,000000,District - Hugli,urban,buddhist,persons,1408
census-india-2011,sources/census-2011/c-series/state-mdds/c01-19-west-bengal.xls,723b9edf6254c86a,census-c01-extract-v1.1.0-20260527T234036Z,C0101,19,338,00000,000000,District - Hugli,urban,buddhist,males,685
census-india-2011,sources/census-2011/c-series/state-mdds/c01-19-west-bengal.xls,723b9edf6254c86a,census-c01-extract-v1.1.0-20260527T234036Z,C0101,19,338,00000,000000,District - Hugli,urban,buddhist,females,723
census-india-2011,sources/census-2011/c-series/state-mdds/c01-19-west-bengal.xls,723b9edf6254c86a,census-c01-extract-v1.1.0-20260527T234036Z,C0101,19,338,00000,000000,District - Hugli,urban,jain,persons,1972
census-india-2011,sources/census-2011/c-series/state-mdds/c01-19-west-bengal.xls,723b9edf6254c86a,census-c01-extract-v1.1.0-20260527T234036Z,C0101,19,338,00000,000000,District - Hugli,urban,jain,males,1030
census-india-2011,sources/census-2011/c-series/state-mdds/c01-19-west-bengal.xls,723b9edf6254c86a,census-c01-extract-v1.1.0-20260527T234036Z,C0101,19,338,00000,000000,District - Hugli,urban,jain,females,942
census-india-2011,sources/census-2011/c-series/state-mdds/c01-19-west-bengal.xls,723b9edf6254c86a,census-c01-extract-v1.1.0-20260527T234036Z,C0101,19,338,00000,000000,District - Hugli,urban,other,persons,978
census-india-2011,sources/census-2011/c-series/state-mdds/c01-19-west-bengal.xls,723b9edf6254c86a,census-c01-extract-v1.1.0-20260527T234036Z,C0101,19,338,00000,000000,District - Hugli,urban,other,males,509
census-india-2011,sources/census-2011/c-series/state-mdds/c01-19-west-bengal.xls,723b9edf6254c86a,census-c01-extract-v1.1.0-20260527T234036Z,C0101,19,338,00000,000000,District - Hugli,urban,other,females,469
census-india-2011,sources/census-2011/c-series/state-mdds/c01-19-west-bengal.xls,723b9edf6254c86a,census-c01-extract-v1.1.0-20260527T234036Z,C0101,19,338,00000,000000,District - Hugli,urban,not_stated,persons,6616
census-india-2011,sources/census-2011/c-series/state-mdds/c01-19-west-bengal.xls,723b9edf6254c86a,census-c01-extract-v1.1.0-20260527T234036Z,C0101,19,338,00000,000000,District - Hugli,urban,not_stated,males,3568
census-india-2011,sources/census-2011/c-series/state-mdds/c01-19-west-bengal.xls,723b9edf6254c86a,census-c01-extract-v1.1.0-20260527T234036Z,C0101,19,338,00000,000000,District - Hugli,urban,not_stated,females,3048
census-india-2011,sources/census-2011/c-series/state-mdds/c01-19-west-bengal.xls,723b9edf6254c86a,census-c01-extract-v1.1.0-20260527T234036Z,C0101,19,339,00000,000000,District - Bankura,total,all,persons,3596674
census-india-2011,sources/census-2011/c-series/state-mdds/c01-19-west-bengal.xls,723b9edf6254c86a,census-c01-extract-v1.1.0-20260527T234036Z,C0101,19,339,00000,000000,District - Bankura,total,all,males,1838095
census-india-2011,sources/census-2011/c-series/state-mdds/c01-19-west-bengal.xls,723b9edf6254c86a,census-c01-extract-v1.1.0-20260527T234036Z,C0101,19,339,00000,000000,District - Bankura,total,all,females,1758579
census-india-2011,sources/census-2011/c-series/state-mdds/c01-19-west-bengal.xls,723b9edf6254c86a,census-c01-extract-v1.1.0-20260527T234036Z,C0101,19,339,00000,000000,District - Bankura,total,hindu,persons,3033581
census-india-2011,sources/census-2011/c-series/state-mdds/c01-19-west-bengal.xls,723b9edf6254c86a,census-c01-extract-v1.1.0-20260527T234036Z,C0101,19,339,00000,000000,District - Bankura,total,hindu,males,1553351
census-india-2011,sources/census-2011/c-series/state-mdds/c01-19-west-bengal.xls,723b9edf6254c86a,census-c01-extract-v1.1.0-20260527T234036Z,C0101,19,339,00000,000000,District - Bankura,total,hindu,females,1480230
census-india-2011,sources/census-2011/c-series/state-mdds/c01-19-west-bengal.xls,723b9edf6254c86a,census-c01-extract-v1.1.0-20260527T234036Z,C0101,19,339,00000,000000,District - Bankura,total,muslim,persons,290450
census-india-2011,sources/census-2011/c-series/state-mdds/c01-19-west-bengal.xls,723b9edf6254c86a,census-c01-extract-v1.1.0-20260527T234036Z,C0101,19,339,00000,000000,District - Bankura,total,muslim,males,149303
census-india-2011,sources/census-2011/c-series/state-mdds/c01-19-west-bengal.xls,723b9edf6254c86a,census-c01-extract-v1.1.0-20260527T234036Z,C0101,19,339,00000,000000,District - Bankura,total,muslim,females,141147
census-india-2011,sources/census-2011/c-series/state-mdds/c01-19-west-bengal.xls,723b9edf6254c86a,census-c01-extract-v1.1.0-20260527T234036Z,C0101,19,339,00000,000000,District - Bankura,total,christian,persons,3865
census-india-2011,sources/census-2011/c-series/state-mdds/c01-19-west-bengal.xls,723b9edf6254c86a,census-c01-extract-v1.1.0-20260527T234036Z,C0101,19,339,00000,000000,District - Bankura,total,christian,males,1849
census-india-2011,sources/census-2011/c-series/state-mdds/c01-19-west-bengal.xls,723b9edf6254c86a,census-c01-extract-v1.1.0-20260527T234036Z,C0101,19,339,00000,000000,District - Bankura,total,christian,females,2016
census-india-2011,sources/census-2011/c-series/state-mdds/c01-19-west-bengal.xls,723b9edf6254c86a,census-c01-extract-v1.1.0-20260527T234036Z,C0101,19,339,00000,000000,District - Bankura,total,sikh,persons,386
census-india-2011,sources/census-2011/c-series/state-mdds/c01-19-west-bengal.xls,723b9edf6254c86a,census-c01-extract-v1.1.0-20260527T234036Z,C0101,19,339,00000,000000,District - Bankura,total,sikh,males,200
census-india-2011,sources/census-2011/c-series/state-mdds/c01-19-west-bengal.xls,723b9edf6254c86a,census-c01-extract-v1.1.0-20260527T234036Z,C0101,19,339,00000,000000,District - Bankura,total,sikh,females,186
census-india-2011,sources/census-2011/c-series/state-mdds/c01-19-west-bengal.xls,723b9edf6254c86a,census-c01-extract-v1.1.0-20260527T234036Z,C0101,19,339,00000,000000,District - Bankura,total,buddhist,persons,260
census-india-2011,sources/census-2011/c-series/state-mdds/c01-19-west-bengal.xls,723b9edf6254c86a,census-c01-extract-v1.1.0-20260527T234036Z,C0101,19,339,00000,000000,District - Bankura,total,buddhist,males,143
census-india-2011,sources/census-2011/c-series/state-mdds/c01-19-west-bengal.xls,723b9edf6254c86a,census-c01-extract-v1.1.0-20260527T234036Z,C0101,19,339,00000,000000,District - Bankura,total,buddhist,females,117
census-india-2011,sources/census-2011/c-series/state-mdds/c01-19-west-bengal.xls,723b9edf6254c86a,census-c01-extract-v1.1.0-20260527T234036Z,C0101,19,339,00000,000000,District - Bankura,total,jain,persons,2904
census-india-2011,sources/census-2011/c-series/state-mdds/c01-19-west-bengal.xls,723b9edf6254c86a,census-c01-extract-v1.1.0-20260527T234036Z,C0101,19,339,00000,000000,District - Bankura,total,jain,males,1515
census-india-2011,sources/census-2011/c-series/state-mdds/c01-19-west-bengal.xls,723b9edf6254c86a,census-c01-extract-v1.1.0-20260527T234036Z,C0101,19,339,00000,000000,District - Bankura,total,jain,females,1389
census-india-2011,sources/census-2011/c-series/state-mdds/c01-19-west-bengal.xls,723b9edf6254c86a,census-c01-extract-v1.1.0-20260527T234036Z,C0101,19,339,00000,000000,District - Bankura,total,other,persons,260694
census-india-2011,sources/census-2011/c-series/state-mdds/c01-19-west-bengal.xls,723b9edf6254c86a,census-c01-extract-v1.1.0-20260527T234036Z,C0101,19,339,00000,000000,District - Bankura,total,other,males,129448
census-india-2011,sources/census-2011/c-series/state-mdds/c01-19-west-bengal.xls,723b9edf6254c86a,census-c01-extract-v1.1.0-20260527T234036Z,C0101,19,339,00000,000000,District - Bankura,total,other,females,131246
census-india-2011,sources/census-2011/c-series/state-mdds/c01-19-west-bengal.xls,723b9edf6254c86a,census-c01-extract-v1.1.0-20260527T234036Z,C0101,19,339,00000,000000,District - Bankura,total,not_stated,persons,4534
census-india-2011,sources/census-2011/c-series/state-mdds/c01-19-west-bengal.xls,723b9edf6254c86a,census-c01-extract-v1.1.0-20260527T234036Z,C0101,19,339,00000,000000,District - Bankura,total,not_stated,males,2286
census-india-2011,sources/census-2011/c-series/state-mdds/c01-19-west-bengal.xls,723b9edf6254c86a,census-c01-extract-v1.1.0-20260527T234036Z,C0101,19,339,00000,000000,District - Bankura,total,not_stated,females,2248
census-india-2011,sources/census-2011/c-series/state-mdds/c01-19-west-bengal.xls,723b9edf6254c86a,census-c01-extract-v1.1.0-20260527T234036Z,C0101,19,339,00000,000000,District - Bankura,rural,all,persons,3296901
census-india-2011,sources/census-2011/c-series/state-mdds/c01-19-west-bengal.xls,723b9edf6254c86a,census-c01-extract-v1.1.0-20260527T234036Z,C0101,19,339,00000,000000,District - Bankura,rural,all,males,1685777
census-india-2011,sources/census-2011/c-series/state-mdds/c01-19-west-bengal.xls,723b9edf6254c86a,census-c01-extract-v1.1.0-20260527T234036Z,C0101,19,339,00000,000000,District - Bankura,rural,all,females,1611124
census-india-2011,sources/census-2011/c-series/state-mdds/c01-19-west-bengal.xls,723b9edf6254c86a,census-c01-extract-v1.1.0-20260527T234036Z,C0101,19,339,00000,000000,District - Bankura,rural,hindu,persons,2753111
census-india-2011,sources/census-2011/c-series/state-mdds/c01-19-west-bengal.xls,723b9edf6254c86a,census-c01-extract-v1.1.0-20260527T234036Z,C0101,19,339,00000,000000,District - Bankura,rural,hindu,males,1410769
census-india-2011,sources/census-2011/c-series/state-mdds/c01-19-west-bengal.xls,723b9edf6254c86a,census-c01-extract-v1.1.0-20260527T234036Z,C0101,19,339,00000,000000,District - Bankura,rural,hindu,females,1342342
census-india-2011,sources/census-2011/c-series/state-mdds/c01-19-west-bengal.xls,723b9edf6254c86a,census-c01-extract-v1.1.0-20260527T234036Z,C0101,19,339,00000,000000,District - Bankura,rural,muslim,persons,273773
census-india-2011,sources/census-2011/c-series/state-mdds/c01-19-west-bengal.xls,723b9edf6254c86a,census-c01-extract-v1.1.0-20260527T234036Z,C0101,19,339,00000,000000,District - Bankura,rural,muslim,males,140872
census-india-2011,sources/census-2011/c-series/state-mdds/c01-19-west-bengal.xls,723b9edf6254c86a,census-c01-extract-v1.1.0-20260527T234036Z,C0101,19,339,00000,000000,District - Bankura,rural,muslim,females,132901
census-india-2011,sources/census-2011/c-series/state-mdds/c01-19-west-bengal.xls,723b9edf6254c86a,census-c01-extract-v1.1.0-20260527T234036Z,C0101,19,339,00000,000000,District - Bankura,rural,christian,persons,2667
census-india-2011,sources/census-2011/c-series/state-mdds/c01-19-west-bengal.xls,723b9edf6254c86a,census-c01-extract-v1.1.0-20260527T234036Z,C0101,19,339,00000,000000,District - Bankura,rural,christian,males,1271
census-india-2011,sources/census-2011/c-series/state-mdds/c01-19-west-bengal.xls,723b9edf6254c86a,census-c01-extract-v1.1.0-20260527T234036Z,C0101,19,339,00000,000000,District - Bankura,rural,christian,females,1396
census-india-2011,sources/census-2011/c-series/state-mdds/c01-19-west-bengal.xls,723b9edf6254c86a,census-c01-extract-v1.1.0-20260527T234036Z,C0101,19,339,00000,000000,District - Bankura,rural,sikh,persons,315
census-india-2011,sources/census-2011/c-series/state-mdds/c01-19-west-bengal.xls,723b9edf6254c86a,census-c01-extract-v1.1.0-20260527T234036Z,C0101,19,339,00000,000000,District - Bankura,rural,sikh,males,167
census-india-2011,sources/census-2011/c-series/state-mdds/c01-19-west-bengal.xls,723b9edf6254c86a,census-c01-extract-v1.1.0-20260527T234036Z,C0101,19,339,00000,000000,District - Bankura,rural,sikh,females,148
census-india-2011,sources/census-2011/c-series/state-mdds/c01-19-west-bengal.xls,723b9edf6254c86a,census-c01-extract-v1.1.0-20260527T234036Z,C0101,19,339,00000,000000,District - Bankura,rural,buddhist,persons,221
census-india-2011,sources/census-2011/c-series/state-mdds/c01-19-west-bengal.xls,723b9edf6254c86a,census-c01-extract-v1.1.0-20260527T234036Z,C0101,19,339,00000,000000,District - Bankura,rural,buddhist,males,120
census-india-2011,sources/census-2011/c-series/state-mdds/c01-19-west-bengal.xls,723b9edf6254c86a,census-c01-extract-v1.1.0-20260527T234036Z,C0101,19,339,00000,000000,District - Bankura,rural,buddhist,females,101
census-india-2011,sources/census-2011/c-series/state-mdds/c01-19-west-bengal.xls,723b9edf6254c86a,census-c01-extract-v1.1.0-20260527T234036Z,C0101,19,339,00000,000000,District - Bankura,rural,jain,persons,2881
census-india-2011,sources/census-2011/c-series/state-mdds/c01-19-west-bengal.xls,723b9edf6254c86a,census-c01-extract-v1.1.0-20260527T234036Z,C0101,19,339,00000,000000,District - Bankura,rural,jain,males,1501
census-india-2011,sources/census-2011/c-series/state-mdds/c01-19-west-bengal.xls,723b9edf6254c86a,census-c01-extract-v1.1.0-20260527T234036Z,C0101,19,339,00000,000000,District - Bankura,rural,jain,females,1380
census-india-2011,sources/census-2011/c-series/state-mdds/c01-19-west-bengal.xls,723b9edf6254c86a,census-c01-extract-v1.1.0-20260527T234036Z,C0101,19,339,00000,000000,District - Bankura,rural,other,persons,260040
census-india-2011,sources/census-2011/c-series/state-mdds/c01-19-west-bengal.xls,723b9edf6254c86a,census-c01-extract-v1.1.0-20260527T234036Z,C0101,19,339,00000,000000,District - Bankura,rural,other,males,129129
census-india-2011,sources/census-2011/c-series/state-mdds/c01-19-west-bengal.xls,723b9edf6254c86a,census-c01-extract-v1.1.0-20260527T234036Z,C0101,19,339,00000,000000,District - Bankura,rural,other,females,130911
census-india-2011,sources/census-2011/c-series/state-mdds/c01-19-west-bengal.xls,723b9edf6254c86a,census-c01-extract-v1.1.0-20260527T234036Z,C0101,19,339,00000,000000,District - Bankura,rural,not_stated,persons,3893
census-india-2011,sources/census-2011/c-series/state-mdds/c01-19-west-bengal.xls,723b9edf6254c86a,census-c01-extract-v1.1.0-20260527T234036Z,C0101,19,339,00000,000000,District - Bankura,rural,not_stated,males,1948
census-india-2011,sources/census-2011/c-series/state-mdds/c01-19-west-bengal.xls,723b9edf6254c86a,census-c01-extract-v1.1.0-20260527T234036Z,C0101,19,339,00000,000000,District - Bankura,rural,not_stated,females,1945
census-india-2011,sources/census-2011/c-series/state-mdds/c01-19-west-bengal.xls,723b9edf6254c86a,census-c01-extract-v1.1.0-20260527T234036Z,C0101,19,339,00000,000000,District - Bankura,urban,all,persons,299773
census-india-2011,sources/census-2011/c-series/state-mdds/c01-19-west-bengal.xls,723b9edf6254c86a,census-c01-extract-v1.1.0-20260527T234036Z,C0101,19,339,00000,000000,District - Bankura,urban,all,males,152318
census-india-2011,sources/census-2011/c-series/state-mdds/c01-19-west-bengal.xls,723b9edf6254c86a,census-c01-extract-v1.1.0-20260527T234036Z,C0101,19,339,00000,000000,District - Bankura,urban,all,females,147455
census-india-2011,sources/census-2011/c-series/state-mdds/c01-19-west-bengal.xls,723b9edf6254c86a,census-c01-extract-v1.1.0-20260527T234036Z,C0101,19,339,00000,000000,District - Bankura,urban,hindu,persons,280470
census-india-2011,sources/census-2011/c-series/state-mdds/c01-19-west-bengal.xls,723b9edf6254c86a,census-c01-extract-v1.1.0-20260527T234036Z,C0101,19,339,00000,000000,District - Bankura,urban,hindu,males,142582
census-india-2011,sources/census-2011/c-series/state-mdds/c01-19-west-bengal.xls,723b9edf6254c86a,census-c01-extract-v1.1.0-20260527T234036Z,C0101,19,339,00000,000000,District - Bankura,urban,hindu,females,137888
census-india-2011,sources/census-2011/c-series/state-mdds/c01-19-west-bengal.xls,723b9edf6254c86a,census-c01-extract-v1.1.0-20260527T234036Z,C0101,19,339,00000,000000,District - Bankura,urban,muslim,persons,16677
census-india-2011,sources/census-2011/c-series/state-mdds/c01-19-west-bengal.xls,723b9edf6254c86a,census-c01-extract-v1.1.0-20260527T234036Z,C0101,19,339,00000,000000,District - Bankura,urban,muslim,males,8431
census-india-2011,sources/census-2011/c-series/state-mdds/c01-19-west-bengal.xls,723b9edf6254c86a,census-c01-extract-v1.1.0-20260527T234036Z,C0101,19,339,00000,000000,District - Bankura,urban,muslim,females,8246
census-india-2011,sources/census-2011/c-series/state-mdds/c01-19-west-bengal.xls,723b9edf6254c86a,census-c01-extract-v1.1.0-20260527T234036Z,C0101,19,339,00000,000000,District - Bankura,urban,christian,persons,1198
census-india-2011,sources/census-2011/c-series/state-mdds/c01-19-west-bengal.xls,723b9edf6254c86a,census-c01-extract-v1.1.0-20260527T234036Z,C0101,19,339,00000,000000,District - Bankura,urban,christian,males,578
census-india-2011,sources/census-2011/c-series/state-mdds/c01-19-west-bengal.xls,723b9edf6254c86a,census-c01-extract-v1.1.0-20260527T234036Z,C0101,19,339,00000,000000,District - Bankura,urban,christian,females,620
census-india-2011,sources/census-2011/c-series/state-mdds/c01-19-west-bengal.xls,723b9edf6254c86a,census-c01-extract-v1.1.0-20260527T234036Z,C0101,19,339,00000,000000,District - Bankura,urban,sikh,persons,71
census-india-2011,sources/census-2011/c-series/state-mdds/c01-19-west-bengal.xls,723b9edf6254c86a,census-c01-extract-v1.1.0-20260527T234036Z,C0101,19,339,00000,000000,District - Bankura,urban,sikh,males,33
census-india-2011,sources/census-2011/c-series/state-mdds/c01-19-west-bengal.xls,723b9edf6254c86a,census-c01-extract-v1.1.0-20260527T234036Z,C0101,19,339,00000,000000,District - Bankura,urban,sikh,females,38
census-india-2011,sources/census-2011/c-series/state-mdds/c01-19-west-bengal.xls,723b9edf6254c86a,census-c01-extract-v1.1.0-20260527T234036Z,C0101,19,339,00000,000000,District - Bankura,urban,buddhist,persons,39
census-india-2011,sources/census-2011/c-series/state-mdds/c01-19-west-bengal.xls,723b9edf6254c86a,census-c01-extract-v1.1.0-20260527T234036Z,C0101,19,339,00000,000000,District - Bankura,urban,buddhist,males,23
census-india-2011,sources/census-2011/c-series/state-mdds/c01-19-west-bengal.xls,723b9edf6254c86a,census-c01-extract-v1.1.0-20260527T234036Z,C0101,19,339,00000,000000,District - Bankura,urban,buddhist,females,16
census-india-2011,sources/census-2011/c-series/state-mdds/c01-19-west-bengal.xls,723b9edf6254c86a,census-c01-extract-v1.1.0-20260527T234036Z,C0101,19,339,00000,000000,District - Bankura,urban,jain,persons,23
census-india-2011,sources/census-2011/c-series/state-mdds/c01-19-west-bengal.xls,723b9edf6254c86a,census-c01-extract-v1.1.0-20260527T234036Z,C0101,19,339,00000,000000,District - Bankura,urban,jain,males,14
census-india-2011,sources/census-2011/c-series/state-mdds/c01-19-west-bengal.xls,723b9edf6254c86a,census-c01-extract-v1.1.0-20260527T234036Z,C0101,19,339,00000,000000,District - Bankura,urban,jain,females,9
census-india-2011,sources/census-2011/c-series/state-mdds/c01-19-west-bengal.xls,723b9edf6254c86a,census-c01-extract-v1.1.0-20260527T234036Z,C0101,19,339,00000,000000,District - Bankura,urban,other,persons,654
census-india-2011,sources/census-2011/c-series/state-mdds/c01-19-west-bengal.xls,723b9edf6254c86a,census-c01-extract-v1.1.0-20260527T234036Z,C0101,19,339,00000,000000,District - Bankura,urban,other,males,319
census-india-2011,sources/census-2011/c-series/state-mdds/c01-19-west-bengal.xls,723b9edf6254c86a,census-c01-extract-v1.1.0-20260527T234036Z,C0101,19,339,00000,000000,District - Bankura,urban,other,females,335
census-india-2011,sources/census-2011/c-series/state-mdds/c01-19-west-bengal.xls,723b9edf6254c86a,census-c01-extract-v1.1.0-20260527T234036Z,C0101,19,339,00000,000000,District - Bankura,urban,not_stated,persons,641
census-india-2011,sources/census-2011/c-series/state-mdds/c01-19-west-bengal.xls,723b9edf6254c86a,census-c01-extract-v1.1.0-20260527T234036Z,C0101,19,339,00000,000000,District - Bankura,urban,not_stated,males,338
census-india-2011,sources/census-2011/c-series/state-mdds/c01-19-west-bengal.xls,723b9edf6254c86a,census-c01-extract-v1.1.0-20260527T234036Z,C0101,19,339,00000,000000,District - Bankura,urban,not_stated,females,303
census-india-2011,sources/census-2011/c-series/state-mdds/c01-19-west-bengal.xls,723b9edf6254c86a,census-c01-extract-v1.1.0-20260527T234036Z,C0101,19,340,00000,000000,District - Puruliya,total,all,persons,2930115
census-india-2011,sources/census-2011/c-series/state-mdds/c01-19-west-bengal.xls,723b9edf6254c86a,census-c01-extract-v1.1.0-20260527T234036Z,C0101,19,340,00000,000000,District - Puruliya,total,all,males,1496996
census-india-2011,sources/census-2011/c-series/state-mdds/c01-19-west-bengal.xls,723b9edf6254c86a,census-c01-extract-v1.1.0-20260527T234036Z,C0101,19,340,00000,000000,District - Puruliya,total,all,females,1433119
census-india-2011,sources/census-2011/c-series/state-mdds/c01-19-west-bengal.xls,723b9edf6254c86a,census-c01-extract-v1.1.0-20260527T234036Z,C0101,19,340,00000,000000,District - Puruliya,total,hindu,persons,2373120
census-india-2011,sources/census-2011/c-series/state-mdds/c01-19-west-bengal.xls,723b9edf6254c86a,census-c01-extract-v1.1.0-20260527T234036Z,C0101,19,340,00000,000000,District - Puruliya,total,hindu,males,1214644
census-india-2011,sources/census-2011/c-series/state-mdds/c01-19-west-bengal.xls,723b9edf6254c86a,census-c01-extract-v1.1.0-20260527T234036Z,C0101,19,340,00000,000000,District - Puruliya,total,hindu,females,1158476
census-india-2011,sources/census-2011/c-series/state-mdds/c01-19-west-bengal.xls,723b9edf6254c86a,census-c01-extract-v1.1.0-20260527T234036Z,C0101,19,340,00000,000000,District - Puruliya,total,muslim,persons,227249
census-india-2011,sources/census-2011/c-series/state-mdds/c01-19-west-bengal.xls,723b9edf6254c86a,census-c01-extract-v1.1.0-20260527T234036Z,C0101,19,340,00000,000000,District - Puruliya,total,muslim,males,116795
census-india-2011,sources/census-2011/c-series/state-mdds/c01-19-west-bengal.xls,723b9edf6254c86a,census-c01-extract-v1.1.0-20260527T234036Z,C0101,19,340,00000,000000,District - Puruliya,total,muslim,females,110454
census-india-2011,sources/census-2011/c-series/state-mdds/c01-19-west-bengal.xls,723b9edf6254c86a,census-c01-extract-v1.1.0-20260527T234036Z,C0101,19,340,00000,000000,District - Puruliya,total,christian,persons,8646
census-india-2011,sources/census-2011/c-series/state-mdds/c01-19-west-bengal.xls,723b9edf6254c86a,census-c01-extract-v1.1.0-20260527T234036Z,C0101,19,340,00000,000000,District - Puruliya,total,christian,males,4617
census-india-2011,sources/census-2011/c-series/state-mdds/c01-19-west-bengal.xls,723b9edf6254c86a,census-c01-extract-v1.1.0-20260527T234036Z,C0101,19,340,00000,000000,District - Puruliya,total,christian,females,4029
census-india-2011,sources/census-2011/c-series/state-mdds/c01-19-west-bengal.xls,723b9edf6254c86a,census-c01-extract-v1.1.0-20260527T234036Z,C0101,19,340,00000,000000,District - Puruliya,total,sikh,persons,622
census-india-2011,sources/census-2011/c-series/state-mdds/c01-19-west-bengal.xls,723b9edf6254c86a,census-c01-extract-v1.1.0-20260527T234036Z,C0101,19,340,00000,000000,District - Puruliya,total,sikh,males,313
census-india-2011,sources/census-2011/c-series/state-mdds/c01-19-west-bengal.xls,723b9edf6254c86a,census-c01-extract-v1.1.0-20260527T234036Z,C0101,19,340,00000,000000,District - Puruliya,total,sikh,females,309
census-india-2011,sources/census-2011/c-series/state-mdds/c01-19-west-bengal.xls,723b9edf6254c86a,census-c01-extract-v1.1.0-20260527T234036Z,C0101,19,340,00000,000000,District - Puruliya,total,buddhist,persons,209
census-india-2011,sources/census-2011/c-series/state-mdds/c01-19-west-bengal.xls,723b9edf6254c86a,census-c01-extract-v1.1.0-20260527T234036Z,C0101,19,340,00000,000000,District - Puruliya,total,buddhist,males,102
census-india-2011,sources/census-2011/c-series/state-mdds/c01-19-west-bengal.xls,723b9edf6254c86a,census-c01-extract-v1.1.0-20260527T234036Z,C0101,19,340,00000,000000,District - Puruliya,total,buddhist,females,107
census-india-2011,sources/census-2011/c-series/state-mdds/c01-19-west-bengal.xls,723b9edf6254c86a,census-c01-extract-v1.1.0-20260527T234036Z,C0101,19,340,00000,000000,District - Puruliya,total,jain,persons,3052
census-india-2011,sources/census-2011/c-series/state-mdds/c01-19-west-bengal.xls,723b9edf6254c86a,census-c01-extract-v1.1.0-20260527T234036Z,C0101,19,340,00000,000000,District - Puruliya,total,jain,males,1589
census-india-2011,sources/census-2011/c-series/state-mdds/c01-19-west-bengal.xls,723b9edf6254c86a,census-c01-extract-v1.1.0-20260527T234036Z,C0101,19,340,00000,000000,District - Puruliya,total,jain,females,1463
census-india-2011,sources/census-2011/c-series/state-mdds/c01-19-west-bengal.xls,723b9edf6254c86a,census-c01-extract-v1.1.0-20260527T234036Z,C0101,19,340,00000,000000,District - Puruliya,total,other,persons,309029
census-india-2011,sources/census-2011/c-series/state-mdds/c01-19-west-bengal.xls,723b9edf6254c86a,census-c01-extract-v1.1.0-20260527T234036Z,C0101,19,340,00000,000000,District - Puruliya,total,other,males,154831
census-india-2011,sources/census-2011/c-series/state-mdds/c01-19-west-bengal.xls,723b9edf6254c86a,census-c01-extract-v1.1.0-20260527T234036Z,C0101,19,340,00000,000000,District - Puruliya,total,other,females,154198
census-india-2011,sources/census-2011/c-series/state-mdds/c01-19-west-bengal.xls,723b9edf6254c86a,census-c01-extract-v1.1.0-20260527T234036Z,C0101,19,340,00000,000000,District - Puruliya,total,not_stated,persons,8188
census-india-2011,sources/census-2011/c-series/state-mdds/c01-19-west-bengal.xls,723b9edf6254c86a,census-c01-extract-v1.1.0-20260527T234036Z,C0101,19,340,00000,000000,District - Puruliya,total,not_stated,males,4105
census-india-2011,sources/census-2011/c-series/state-mdds/c01-19-west-bengal.xls,723b9edf6254c86a,census-c01-extract-v1.1.0-20260527T234036Z,C0101,19,340,00000,000000,District - Puruliya,total,not_stated,females,4083
census-india-2011,sources/census-2011/c-series/state-mdds/c01-19-west-bengal.xls,723b9edf6254c86a,census-c01-extract-v1.1.0-20260527T234036Z,C0101,19,340,00000,000000,District - Puruliya,rural,all,persons,2556801
census-india-2011,sources/census-2011/c-series/state-mdds/c01-19-west-bengal.xls,723b9edf6254c86a,census-c01-extract-v1.1.0-20260527T234036Z,C0101,19,340,00000,000000,District - Puruliya,rural,all,males,1304208
census-india-2011,sources/census-2011/c-series/state-mdds/c01-19-west-bengal.xls,723b9edf6254c86a,census-c01-extract-v1.1.0-20260527T234036Z,C0101,19,340,00000,000000,District - Puruliya,rural,all,females,1252593
census-india-2011,sources/census-2011/c-series/state-mdds/c01-19-west-bengal.xls,723b9edf6254c86a,census-c01-extract-v1.1.0-20260527T234036Z,C0101,19,340,00000,000000,District - Puruliya,rural,hindu,persons,2069039
census-india-2011,sources/census-2011/c-series/state-mdds/c01-19-west-bengal.xls,723b9edf6254c86a,census-c01-extract-v1.1.0-20260527T234036Z,C0101,19,340,00000,000000,District - Puruliya,rural,hindu,males,1057658
census-india-2011,sources/census-2011/c-series/state-mdds/c01-19-west-bengal.xls,723b9edf6254c86a,census-c01-extract-v1.1.0-20260527T234036Z,C0101,19,340,00000,000000,District - Puruliya,rural,hindu,females,1011381
census-india-2011,sources/census-2011/c-series/state-mdds/c01-19-west-bengal.xls,723b9edf6254c86a,census-c01-extract-v1.1.0-20260527T234036Z,C0101,19,340,00000,000000,District - Puruliya,rural,muslim,persons,166013
census-india-2011,sources/census-2011/c-series/state-mdds/c01-19-west-bengal.xls,723b9edf6254c86a,census-c01-extract-v1.1.0-20260527T234036Z,C0101,19,340,00000,000000,District - Puruliya,rural,muslim,males,85018
census-india-2011,sources/census-2011/c-series/state-mdds/c01-19-west-bengal.xls,723b9edf6254c86a,census-c01-extract-v1.1.0-20260527T234036Z,C0101,19,340,00000,000000,District - Puruliya,rural,muslim,females,80995
census-india-2011,sources/census-2011/c-series/state-mdds/c01-19-west-bengal.xls,723b9edf6254c86a,census-c01-extract-v1.1.0-20260527T234036Z,C0101,19,340,00000,000000,District - Puruliya,rural,christian,persons,5386
census-india-2011,sources/census-2011/c-series/state-mdds/c01-19-west-bengal.xls,723b9edf6254c86a,census-c01-extract-v1.1.0-20260527T234036Z,C0101,19,340,00000,000000,District - Puruliya,rural,christian,males,3010
census-india-2011,sources/census-2011/c-series/state-mdds/c01-19-west-bengal.xls,723b9edf6254c86a,census-c01-extract-v1.1.0-20260527T234036Z,C0101,19,340,00000,000000,District - Puruliya,rural,christian,females,2376
census-india-2011,sources/census-2011/c-series/state-mdds/c01-19-west-bengal.xls,723b9edf6254c86a,census-c01-extract-v1.1.0-20260527T234036Z,C0101,19,340,00000,000000,District - Puruliya,rural,sikh,persons,259
census-india-2011,sources/census-2011/c-series/state-mdds/c01-19-west-bengal.xls,723b9edf6254c86a,census-c01-extract-v1.1.0-20260527T234036Z,C0101,19,340,00000,000000,District - Puruliya,rural,sikh,males,124
census-india-2011,sources/census-2011/c-series/state-mdds/c01-19-west-bengal.xls,723b9edf6254c86a,census-c01-extract-v1.1.0-20260527T234036Z,C0101,19,340,00000,000000,District - Puruliya,rural,sikh,females,135
census-india-2011,sources/census-2011/c-series/state-mdds/c01-19-west-bengal.xls,723b9edf6254c86a,census-c01-extract-v1.1.0-20260527T234036Z,C0101,19,340,00000,000000,District - Puruliya,rural,buddhist,persons,143
census-india-2011,sources/census-2011/c-series/state-mdds/c01-19-west-bengal.xls,723b9edf6254c86a,census-c01-extract-v1.1.0-20260527T234036Z,C0101,19,340,00000,000000,District - Puruliya,rural,buddhist,males,68
census-india-2011,sources/census-2011/c-series/state-mdds/c01-19-west-bengal.xls,723b9edf6254c86a,census-c01-extract-v1.1.0-20260527T234036Z,C0101,19,340,00000,000000,District - Puruliya,rural,buddhist,females,75
census-india-2011,sources/census-2011/c-series/state-mdds/c01-19-west-bengal.xls,723b9edf6254c86a,census-c01-extract-v1.1.0-20260527T234036Z,C0101,19,340,00000,000000,District - Puruliya,rural,jain,persons,2732
census-india-2011,sources/census-2011/c-series/state-mdds/c01-19-west-bengal.xls,723b9edf6254c86a,census-c01-extract-v1.1.0-20260527T234036Z,C0101,19,340,00000,000000,District - Puruliya,rural,jain,males,1415
census-india-2011,sources/census-2011/c-series/state-mdds/c01-19-west-bengal.xls,723b9edf6254c86a,census-c01-extract-v1.1.0-20260527T234036Z,C0101,19,340,00000,000000,District - Puruliya,rural,jain,females,1317
census-india-2011,sources/census-2011/c-series/state-mdds/c01-19-west-bengal.xls,723b9edf6254c86a,census-c01-extract-v1.1.0-20260527T234036Z,C0101,19,340,00000,000000,District - Puruliya,rural,other,persons,308119
census-india-2011,sources/census-2011/c-series/state-mdds/c01-19-west-bengal.xls,723b9edf6254c86a,census-c01-extract-v1.1.0-20260527T234036Z,C0101,19,340,00000,000000,District - Puruliya,rural,other,males,154372
census-india-2011,sources/census-2011/c-series/state-mdds/c01-19-west-bengal.xls,723b9edf6254c86a,census-c01-extract-v1.1.0-20260527T234036Z,C0101,19,340,00000,000000,District - Puruliya,rural,other,females,153747
census-india-2011,sources/census-2011/c-series/state-mdds/c01-19-west-bengal.xls,723b9edf6254c86a,census-c01-extract-v1.1.0-20260527T234036Z,C0101,19,340,00000,000000,District - Puruliya,rural,not_stated,persons,5110
census-india-2011,sources/census-2011/c-series/state-mdds/c01-19-west-bengal.xls,723b9edf6254c86a,census-c01-extract-v1.1.0-20260527T234036Z,C0101,19,340,00000,000000,District - Puruliya,rural,not_stated,males,2543
census-india-2011,sources/census-2011/c-series/state-mdds/c01-19-west-bengal.xls,723b9edf6254c86a,census-c01-extract-v1.1.0-20260527T234036Z,C0101,19,340,00000,000000,District - Puruliya,rural,not_stated,females,2567
census-india-2011,sources/census-2011/c-series/state-mdds/c01-19-west-bengal.xls,723b9edf6254c86a,census-c01-extract-v1.1.0-20260527T234036Z,C0101,19,340,00000,000000,District - Puruliya,urban,all,persons,373314
census-india-2011,sources/census-2011/c-series/state-mdds/c01-19-west-bengal.xls,723b9edf6254c86a,census-c01-extract-v1.1.0-20260527T234036Z,C0101,19,340,00000,000000,District - Puruliya,urban,all,males,192788
census-india-2011,sources/census-2011/c-series/state-mdds/c01-19-west-bengal.xls,723b9edf6254c86a,census-c01-extract-v1.1.0-20260527T234036Z,C0101,19,340,00000,000000,District - Puruliya,urban,all,females,180526
census-india-2011,sources/census-2011/c-series/state-mdds/c01-19-west-bengal.xls,723b9edf6254c86a,census-c01-extract-v1.1.0-20260527T234036Z,C0101,19,340,00000,000000,District - Puruliya,urban,hindu,persons,304081
census-india-2011,sources/census-2011/c-series/state-mdds/c01-19-west-bengal.xls,723b9edf6254c86a,census-c01-extract-v1.1.0-20260527T234036Z,C0101,19,340,00000,000000,District - Puruliya,urban,hindu,males,156986
census-india-2011,sources/census-2011/c-series/state-mdds/c01-19-west-bengal.xls,723b9edf6254c86a,census-c01-extract-v1.1.0-20260527T234036Z,C0101,19,340,00000,000000,District - Puruliya,urban,hindu,females,147095
census-india-2011,sources/census-2011/c-series/state-mdds/c01-19-west-bengal.xls,723b9edf6254c86a,census-c01-extract-v1.1.0-20260527T234036Z,C0101,19,340,00000,000000,District - Puruliya,urban,muslim,persons,61236
census-india-2011,sources/census-2011/c-series/state-mdds/c01-19-west-bengal.xls,723b9edf6254c86a,census-c01-extract-v1.1.0-20260527T234036Z,C0101,19,340,00000,000000,District - Puruliya,urban,muslim,males,31777
census-india-2011,sources/census-2011/c-series/state-mdds/c01-19-west-bengal.xls,723b9edf6254c86a,census-c01-extract-v1.1.0-20260527T234036Z,C0101,19,340,00000,000000,District - Puruliya,urban,muslim,females,29459
census-india-2011,sources/census-2011/c-series/state-mdds/c01-19-west-bengal.xls,723b9edf6254c86a,census-c01-extract-v1.1.0-20260527T234036Z,C0101,19,340,00000,000000,District - Puruliya,urban,christian,persons,3260
census-india-2011,sources/census-2011/c-series/state-mdds/c01-19-west-bengal.xls,723b9edf6254c86a,census-c01-extract-v1.1.0-20260527T234036Z,C0101,19,340,00000,000000,District - Puruliya,urban,christian,males,1607
census-india-2011,sources/census-2011/c-series/state-mdds/c01-19-west-bengal.xls,723b9edf6254c86a,census-c01-extract-v1.1.0-20260527T234036Z,C0101,19,340,00000,000000,District - Puruliya,urban,christian,females,1653
census-india-2011,sources/census-2011/c-series/state-mdds/c01-19-west-bengal.xls,723b9edf6254c86a,census-c01-extract-v1.1.0-20260527T234036Z,C0101,19,340,00000,000000,District - Puruliya,urban,sikh,persons,363
census-india-2011,sources/census-2011/c-series/state-mdds/c01-19-west-bengal.xls,723b9edf6254c86a,census-c01-extract-v1.1.0-20260527T234036Z,C0101,19,340,00000,000000,District - Puruliya,urban,sikh,males,189
census-india-2011,sources/census-2011/c-series/state-mdds/c01-19-west-bengal.xls,723b9edf6254c86a,census-c01-extract-v1.1.0-20260527T234036Z,C0101,19,340,00000,000000,District - Puruliya,urban,sikh,females,174
census-india-2011,sources/census-2011/c-series/state-mdds/c01-19-west-bengal.xls,723b9edf6254c86a,census-c01-extract-v1.1.0-20260527T234036Z,C0101,19,340,00000,000000,District - Puruliya,urban,buddhist,persons,66
census-india-2011,sources/census-2011/c-series/state-mdds/c01-19-west-bengal.xls,723b9edf6254c86a,census-c01-extract-v1.1.0-20260527T234036Z,C0101,19,340,00000,000000,District - Puruliya,urban,buddhist,males,34
census-india-2011,sources/census-2011/c-series/state-mdds/c01-19-west-bengal.xls,723b9edf6254c86a,census-c01-extract-v1.1.0-20260527T234036Z,C0101,19,340,00000,000000,District - Puruliya,urban,buddhist,females,32
census-india-2011,sources/census-2011/c-series/state-mdds/c01-19-west-bengal.xls,723b9edf6254c86a,census-c01-extract-v1.1.0-20260527T234036Z,C0101,19,340,00000,000000,District - Puruliya,urban,jain,persons,320
census-india-2011,sources/census-2011/c-series/state-mdds/c01-19-west-bengal.xls,723b9edf6254c86a,census-c01-extract-v1.1.0-20260527T234036Z,C0101,19,340,00000,000000,District - Puruliya,urban,jain,males,174
census-india-2011,sources/census-2011/c-series/state-mdds/c01-19-west-bengal.xls,723b9edf6254c86a,census-c01-extract-v1.1.0-20260527T234036Z,C0101,19,340,00000,000000,District - Puruliya,urban,jain,females,146
census-india-2011,sources/census-2011/c-series/state-mdds/c01-19-west-bengal.xls,723b9edf6254c86a,census-c01-extract-v1.1.0-20260527T234036Z,C0101,19,340,00000,000000,District - Puruliya,urban,other,persons,910
census-india-2011,sources/census-2011/c-series/state-mdds/c01-19-west-bengal.xls,723b9edf6254c86a,census-c01-extract-v1.1.0-20260527T234036Z,C0101,19,340,00000,000000,District - Puruliya,urban,other,males,459
census-india-2011,sources/census-2011/c-series/state-mdds/c01-19-west-bengal.xls,723b9edf6254c86a,census-c01-extract-v1.1.0-20260527T234036Z,C0101,19,340,00000,000000,District - Puruliya,urban,other,females,451
census-india-2011,sources/census-2011/c-series/state-mdds/c01-19-west-bengal.xls,723b9edf6254c86a,census-c01-extract-v1.1.0-20260527T234036Z,C0101,19,340,00000,000000,District - Puruliya,urban,not_stated,persons,3078
census-india-2011,sources/census-2011/c-series/state-mdds/c01-19-west-bengal.xls,723b9edf6254c86a,census-c01-extract-v1.1.0-20260527T234036Z,C0101,19,340,00000,000000,District - Puruliya,urban,not_stated,males,1562
census-india-2011,sources/census-2011/c-series/state-mdds/c01-19-west-bengal.xls,723b9edf6254c86a,census-c01-extract-v1.1.0-20260527T234036Z,C0101,19,340,00000,000000,District - Puruliya,urban,not_stated,females,1516
census-india-2011,sources/census-2011/c-series/state-mdds/c01-19-west-bengal.xls,723b9edf6254c86a,census-c01-extract-v1.1.0-20260527T234036Z,C0101,19,341,00000,000000,District - Haora,total,all,persons,4850029
census-india-2011,sources/census-2011/c-series/state-mdds/c01-19-west-bengal.xls,723b9edf6254c86a,census-c01-extract-v1.1.0-20260527T234036Z,C0101,19,341,00000,000000,District - Haora,total,all,males,2500819
census-india-2011,sources/census-2011/c-series/state-mdds/c01-19-west-bengal.xls,723b9edf6254c86a,census-c01-extract-v1.1.0-20260527T234036Z,C0101,19,341,00000,000000,District - Haora,total,all,females,2349210
census-india-2011,sources/census-2011/c-series/state-mdds/c01-19-west-bengal.xls,723b9edf6254c86a,census-c01-extract-v1.1.0-20260527T234036Z,C0101,19,341,00000,000000,District - Haora,total,hindu,persons,3535844
census-india-2011,sources/census-2011/c-series/state-mdds/c01-19-west-bengal.xls,723b9edf6254c86a,census-c01-extract-v1.1.0-20260527T234036Z,C0101,19,341,00000,000000,District - Haora,total,hindu,males,1823142
census-india-2011,sources/census-2011/c-series/state-mdds/c01-19-west-bengal.xls,723b9edf6254c86a,census-c01-extract-v1.1.0-20260527T234036Z,C0101,19,341,00000,000000,District - Haora,total,hindu,females,1712702
census-india-2011,sources/census-2011/c-series/state-mdds/c01-19-west-bengal.xls,723b9edf6254c86a,census-c01-extract-v1.1.0-20260527T234036Z,C0101,19,341,00000,000000,District - Haora,total,muslim,persons,1270641
census-india-2011,sources/census-2011/c-series/state-mdds/c01-19-west-bengal.xls,723b9edf6254c86a,census-c01-extract-v1.1.0-20260527T234036Z,C0101,19,341,00000,000000,District - Haora,total,muslim,males,655228
census-india-2011,sources/census-2011/c-series/state-mdds/c01-19-west-bengal.xls,723b9edf6254c86a,census-c01-extract-v1.1.0-20260527T234036Z,C0101,19,341,00000,000000,District - Haora,total,muslim,females,615413
census-india-2011,sources/census-2011/c-series/state-mdds/c01-19-west-bengal.xls,723b9edf6254c86a,census-c01-extract-v1.1.0-20260527T234036Z,C0101,19,341,00000,000000,District - Haora,total,christian,persons,8666
census-india-2011,sources/census-2011/c-series/state-mdds/c01-19-west-bengal.xls,723b9edf6254c86a,census-c01-extract-v1.1.0-20260527T234036Z,C0101,19,341,00000,000000,District - Haora,total,christian,males,4292
census-india-2011,sources/census-2011/c-series/state-mdds/c01-19-west-bengal.xls,723b9edf6254c86a,census-c01-extract-v1.1.0-20260527T234036Z,C0101,19,341,00000,000000,District - Haora,total,christian,females,4374
census-india-2011,sources/census-2011/c-series/state-mdds/c01-19-west-bengal.xls,723b9edf6254c86a,census-c01-extract-v1.1.0-20260527T234036Z,C0101,19,341,00000,000000,District - Haora,total,sikh,persons,4380
census-india-2011,sources/census-2011/c-series/state-mdds/c01-19-west-bengal.xls,723b9edf6254c86a,census-c01-extract-v1.1.0-20260527T234036Z,C0101,19,341,00000,000000,District - Haora,total,sikh,males,2330
census-india-2011,sources/census-2011/c-series/state-mdds/c01-19-west-bengal.xls,723b9edf6254c86a,census-c01-extract-v1.1.0-20260527T234036Z,C0101,19,341,00000,000000,District - Haora,total,sikh,females,2050
census-india-2011,sources/census-2011/c-series/state-mdds/c01-19-west-bengal.xls,723b9edf6254c86a,census-c01-extract-v1.1.0-20260527T234036Z,C0101,19,341,00000,000000,District - Haora,total,buddhist,persons,1258
census-india-2011,sources/census-2011/c-series/state-mdds/c01-19-west-bengal.xls,723b9edf6254c86a,census-c01-extract-v1.1.0-20260527T234036Z,C0101,19,341,00000,000000,District - Haora,total,buddhist,males,664
census-india-2011,sources/census-2011/c-series/state-mdds/c01-19-west-bengal.xls,723b9edf6254c86a,census-c01-extract-v1.1.0-20260527T234036Z,C0101,19,341,00000,000000,District - Haora,total,buddhist,females,594
census-india-2011,sources/census-2011/c-series/state-mdds/c01-19-west-bengal.xls,723b9edf6254c86a,census-c01-extract-v1.1.0-20260527T234036Z,C0101,19,341,00000,000000,District - Haora,total,jain,persons,9699
census-india-2011,sources/census-2011/c-series/state-mdds/c01-19-west-bengal.xls,723b9edf6254c86a,census-c01-extract-v1.1.0-20260527T234036Z,C0101,19,341,00000,000000,District - Haora,total,jain,males,5014
census-india-2011,sources/census-2011/c-series/state-mdds/c01-19-west-bengal.xls,723b9edf6254c86a,census-c01-extract-v1.1.0-20260527T234036Z,C0101,19,341,00000,000000,District - Haora,total,jain,females,4685
census-india-2011,sources/census-2011/c-series/state-mdds/c01-19-west-bengal.xls,723b9edf6254c86a,census-c01-extract-v1.1.0-20260527T234036Z,C0101,19,341,00000,000000,District - Haora,total,other,persons,1265
census-india-2011,sources/census-2011/c-series/state-mdds/c01-19-west-bengal.xls,723b9edf6254c86a,census-c01-extract-v1.1.0-20260527T234036Z,C0101,19,341,00000,000000,District - Haora,total,other,males,676
census-india-2011,sources/census-2011/c-series/state-mdds/c01-19-west-bengal.xls,723b9edf6254c86a,census-c01-extract-v1.1.0-20260527T234036Z,C0101,19,341,00000,000000,District - Haora,total,other,females,589
census-india-2011,sources/census-2011/c-series/state-mdds/c01-19-west-bengal.xls,723b9edf6254c86a,census-c01-extract-v1.1.0-20260527T234036Z,C0101,19,341,00000,000000,District - Haora,total,not_stated,persons,18276
census-india-2011,sources/census-2011/c-series/state-mdds/c01-19-west-bengal.xls,723b9edf6254c86a,census-c01-extract-v1.1.0-20260527T234036Z,C0101,19,341,00000,000000,District - Haora,total,not_stated,males,9473
census-india-2011,sources/census-2011/c-series/state-mdds/c01-19-west-bengal.xls,723b9edf6254c86a,census-c01-extract-v1.1.0-20260527T234036Z,C0101,19,341,00000,000000,District - Haora,total,not_stated,females,8803
census-india-2011,sources/census-2011/c-series/state-mdds/c01-19-west-bengal.xls,723b9edf6254c86a,census-c01-extract-v1.1.0-20260527T234036Z,C0101,19,341,00000,000000,District - Haora,rural,all,persons,1775885
census-india-2011,sources/census-2011/c-series/state-mdds/c01-19-west-bengal.xls,723b9edf6254c86a,census-c01-extract-v1.1.0-20260527T234036Z,C0101,19,341,00000,000000,District - Haora,rural,all,males,909519
census-india-2011,sources/census-2011/c-series/state-mdds/c01-19-west-bengal.xls,723b9edf6254c86a,census-c01-extract-v1.1.0-20260527T234036Z,C0101,19,341,00000,000000,District - Haora,rural,all,females,866366
census-india-2011,sources/census-2011/c-series/state-mdds/c01-19-west-bengal.xls,723b9edf6254c86a,census-c01-extract-v1.1.0-20260527T234036Z,C0101,19,341,00000,000000,District - Haora,rural,hindu,persons,1332470
census-india-2011,sources/census-2011/c-series/state-mdds/c01-19-west-bengal.xls,723b9edf6254c86a,census-c01-extract-v1.1.0-20260527T234036Z,C0101,19,341,00000,000000,District - Haora,rural,hindu,males,682296
census-india-2011,sources/census-2011/c-series/state-mdds/c01-19-west-bengal.xls,723b9edf6254c86a,census-c01-extract-v1.1.0-20260527T234036Z,C0101,19,341,00000,000000,District - Haora,rural,hindu,females,650174
census-india-2011,sources/census-2011/c-series/state-mdds/c01-19-west-bengal.xls,723b9edf6254c86a,census-c01-extract-v1.1.0-20260527T234036Z,C0101,19,341,00000,000000,District - Haora,rural,muslim,persons,436402
census-india-2011,sources/census-2011/c-series/state-mdds/c01-19-west-bengal.xls,723b9edf6254c86a,census-c01-extract-v1.1.0-20260527T234036Z,C0101,19,341,00000,000000,District - Haora,rural,muslim,males,223664
census-india-2011,sources/census-2011/c-series/state-mdds/c01-19-west-bengal.xls,723b9edf6254c86a,census-c01-extract-v1.1.0-20260527T234036Z,C0101,19,341,00000,000000,District - Haora,rural,muslim,females,212738
census-india-2011,sources/census-2011/c-series/state-mdds/c01-19-west-bengal.xls,723b9edf6254c86a,census-c01-extract-v1.1.0-20260527T234036Z,C0101,19,341,00000,000000,District - Haora,rural,christian,persons,717
census-india-2011,sources/census-2011/c-series/state-mdds/c01-19-west-bengal.xls,723b9edf6254c86a,census-c01-extract-v1.1.0-20260527T234036Z,C0101,19,341,00000,000000,District - Haora,rural,christian,males,366
census-india-2011,sources/census-2011/c-series/state-mdds/c01-19-west-bengal.xls,723b9edf6254c86a,census-c01-extract-v1.1.0-20260527T234036Z,C0101,19,341,00000,000000,District - Haora,rural,christian,females,351
census-india-2011,sources/census-2011/c-series/state-mdds/c01-19-west-bengal.xls,723b9edf6254c86a,census-c01-extract-v1.1.0-20260527T234036Z,C0101,19,341,00000,000000,District - Haora,rural,sikh,persons,261
census-india-2011,sources/census-2011/c-series/state-mdds/c01-19-west-bengal.xls,723b9edf6254c86a,census-c01-extract-v1.1.0-20260527T234036Z,C0101,19,341,00000,000000,District - Haora,rural,sikh,males,127
census-india-2011,sources/census-2011/c-series/state-mdds/c01-19-west-bengal.xls,723b9edf6254c86a,census-c01-extract-v1.1.0-20260527T234036Z,C0101,19,341,00000,000000,District - Haora,rural,sikh,females,134
census-india-2011,sources/census-2011/c-series/state-mdds/c01-19-west-bengal.xls,723b9edf6254c86a,census-c01-extract-v1.1.0-20260527T234036Z,C0101,19,341,00000,000000,District - Haora,rural,buddhist,persons,185
census-india-2011,sources/census-2011/c-series/state-mdds/c01-19-west-bengal.xls,723b9edf6254c86a,census-c01-extract-v1.1.0-20260527T234036Z,C0101,19,341,00000,000000,District - Haora,rural,buddhist,males,97
census-india-2011,sources/census-2011/c-series/state-mdds/c01-19-west-bengal.xls,723b9edf6254c86a,census-c01-extract-v1.1.0-20260527T234036Z,C0101,19,341,00000,000000,District - Haora,rural,buddhist,females,88
census-india-2011,sources/census-2011/c-series/state-mdds/c01-19-west-bengal.xls,723b9edf6254c86a,census-c01-extract-v1.1.0-20260527T234036Z,C0101,19,341,00000,000000,District - Haora,rural,jain,persons,167
census-india-2011,sources/census-2011/c-series/state-mdds/c01-19-west-bengal.xls,723b9edf6254c86a,census-c01-extract-v1.1.0-20260527T234036Z,C0101,19,341,00000,000000,District - Haora,rural,jain,males,100
census-india-2011,sources/census-2011/c-series/state-mdds/c01-19-west-bengal.xls,723b9edf6254c86a,census-c01-extract-v1.1.0-20260527T234036Z,C0101,19,341,00000,000000,District - Haora,rural,jain,females,67
census-india-2011,sources/census-2011/c-series/state-mdds/c01-19-west-bengal.xls,723b9edf6254c86a,census-c01-extract-v1.1.0-20260527T234036Z,C0101,19,341,00000,000000,District - Haora,rural,other,persons,178
census-india-2011,sources/census-2011/c-series/state-mdds/c01-19-west-bengal.xls,723b9edf6254c86a,census-c01-extract-v1.1.0-20260527T234036Z,C0101,19,341,00000,000000,District - Haora,rural,other,males,88
census-india-2011,sources/census-2011/c-series/state-mdds/c01-19-west-bengal.xls,723b9edf6254c86a,census-c01-extract-v1.1.0-20260527T234036Z,C0101,19,341,00000,000000,District - Haora,rural,other,females,90
census-india-2011,sources/census-2011/c-series/state-mdds/c01-19-west-bengal.xls,723b9edf6254c86a,census-c01-extract-v1.1.0-20260527T234036Z,C0101,19,341,00000,000000,District - Haora,rural,not_stated,persons,5505
census-india-2011,sources/census-2011/c-series/state-mdds/c01-19-west-bengal.xls,723b9edf6254c86a,census-c01-extract-v1.1.0-20260527T234036Z,C0101,19,341,00000,000000,District - Haora,rural,not_stated,males,2781
census-india-2011,sources/census-2011/c-series/state-mdds/c01-19-west-bengal.xls,723b9edf6254c86a,census-c01-extract-v1.1.0-20260527T234036Z,C0101,19,341,00000,000000,District - Haora,rural,not_stated,females,2724
census-india-2011,sources/census-2011/c-series/state-mdds/c01-19-west-bengal.xls,723b9edf6254c86a,census-c01-extract-v1.1.0-20260527T234036Z,C0101,19,341,00000,000000,District - Haora,urban,all,persons,3074144
census-india-2011,sources/census-2011/c-series/state-mdds/c01-19-west-bengal.xls,723b9edf6254c86a,census-c01-extract-v1.1.0-20260527T234036Z,C0101,19,341,00000,000000,District - Haora,urban,all,males,1591300
census-india-2011,sources/census-2011/c-series/state-mdds/c01-19-west-bengal.xls,723b9edf6254c86a,census-c01-extract-v1.1.0-20260527T234036Z,C0101,19,341,00000,000000,District - Haora,urban,all,females,1482844
census-india-2011,sources/census-2011/c-series/state-mdds/c01-19-west-bengal.xls,723b9edf6254c86a,census-c01-extract-v1.1.0-20260527T234036Z,C0101,19,341,00000,000000,District - Haora,urban,hindu,persons,2203374
census-india-2011,sources/census-2011/c-series/state-mdds/c01-19-west-bengal.xls,723b9edf6254c86a,census-c01-extract-v1.1.0-20260527T234036Z,C0101,19,341,00000,000000,District - Haora,urban,hindu,males,1140846
census-india-2011,sources/census-2011/c-series/state-mdds/c01-19-west-bengal.xls,723b9edf6254c86a,census-c01-extract-v1.1.0-20260527T234036Z,C0101,19,341,00000,000000,District - Haora,urban,hindu,females,1062528
census-india-2011,sources/census-2011/c-series/state-mdds/c01-19-west-bengal.xls,723b9edf6254c86a,census-c01-extract-v1.1.0-20260527T234036Z,C0101,19,341,00000,000000,District - Haora,urban,muslim,persons,834239
census-india-2011,sources/census-2011/c-series/state-mdds/c01-19-west-bengal.xls,723b9edf6254c86a,census-c01-extract-v1.1.0-20260527T234036Z,C0101,19,341,00000,000000,District - Haora,urban,muslim,males,431564
census-india-2011,sources/census-2011/c-series/state-mdds/c01-19-west-bengal.xls,723b9edf6254c86a,census-c01-extract-v1.1.0-20260527T234036Z,C0101,19,341,00000,000000,District - Haora,urban,muslim,females,402675
census-india-2011,sources/census-2011/c-series/state-mdds/c01-19-west-bengal.xls,723b9edf6254c86a,census-c01-extract-v1.1.0-20260527T234036Z,C0101,19,341,00000,000000,District - Haora,urban,christian,persons,7949
census-india-2011,sources/census-2011/c-series/state-mdds/c01-19-west-bengal.xls,723b9edf6254c86a,census-c01-extract-v1.1.0-20260527T234036Z,C0101,19,341,00000,000000,District - Haora,urban,christian,males,3926
census-india-2011,sources/census-2011/c-series/state-mdds/c01-19-west-bengal.xls,723b9edf6254c86a,census-c01-extract-v1.1.0-20260527T234036Z,C0101,19,341,00000,000000,District - Haora,urban,christian,females,4023
census-india-2011,sources/census-2011/c-series/state-mdds/c01-19-west-bengal.xls,723b9edf6254c86a,census-c01-extract-v1.1.0-20260527T234036Z,C0101,19,341,00000,000000,District - Haora,urban,sikh,persons,4119
census-india-2011,sources/census-2011/c-series/state-mdds/c01-19-west-bengal.xls,723b9edf6254c86a,census-c01-extract-v1.1.0-20260527T234036Z,C0101,19,341,00000,000000,District - Haora,urban,sikh,males,2203
census-india-2011,sources/census-2011/c-series/state-mdds/c01-19-west-bengal.xls,723b9edf6254c86a,census-c01-extract-v1.1.0-20260527T234036Z,C0101,19,341,00000,000000,District - Haora,urban,sikh,females,1916
census-india-2011,sources/census-2011/c-series/state-mdds/c01-19-west-bengal.xls,723b9edf6254c86a,census-c01-extract-v1.1.0-20260527T234036Z,C0101,19,341,00000,000000,District - Haora,urban,buddhist,persons,1073
census-india-2011,sources/census-2011/c-series/state-mdds/c01-19-west-bengal.xls,723b9edf6254c86a,census-c01-extract-v1.1.0-20260527T234036Z,C0101,19,341,00000,000000,District - Haora,urban,buddhist,males,567
census-india-2011,sources/census-2011/c-series/state-mdds/c01-19-west-bengal.xls,723b9edf6254c86a,census-c01-extract-v1.1.0-20260527T234036Z,C0101,19,341,00000,000000,District - Haora,urban,buddhist,females,506
census-india-2011,sources/census-2011/c-series/state-mdds/c01-19-west-bengal.xls,723b9edf6254c86a,census-c01-extract-v1.1.0-20260527T234036Z,C0101,19,341,00000,000000,District - Haora,urban,jain,persons,9532
census-india-2011,sources/census-2011/c-series/state-mdds/c01-19-west-bengal.xls,723b9edf6254c86a,census-c01-extract-v1.1.0-20260527T234036Z,C0101,19,341,00000,000000,District - Haora,urban,jain,males,4914
census-india-2011,sources/census-2011/c-series/state-mdds/c01-19-west-bengal.xls,723b9edf6254c86a,census-c01-extract-v1.1.0-20260527T234036Z,C0101,19,341,00000,000000,District - Haora,urban,jain,females,4618
census-india-2011,sources/census-2011/c-series/state-mdds/c01-19-west-bengal.xls,723b9edf6254c86a,census-c01-extract-v1.1.0-20260527T234036Z,C0101,19,341,00000,000000,District - Haora,urban,other,persons,1087
census-india-2011,sources/census-2011/c-series/state-mdds/c01-19-west-bengal.xls,723b9edf6254c86a,census-c01-extract-v1.1.0-20260527T234036Z,C0101,19,341,00000,000000,District - Haora,urban,other,males,588
census-india-2011,sources/census-2011/c-series/state-mdds/c01-19-west-bengal.xls,723b9edf6254c86a,census-c01-extract-v1.1.0-20260527T234036Z,C0101,19,341,00000,000000,District - Haora,urban,other,females,499
census-india-2011,sources/census-2011/c-series/state-mdds/c01-19-west-bengal.xls,723b9edf6254c86a,census-c01-extract-v1.1.0-20260527T234036Z,C0101,19,341,00000,000000,District - Haora,urban,not_stated,persons,12771
census-india-2011,sources/census-2011/c-series/state-mdds/c01-19-west-bengal.xls,723b9edf6254c86a,census-c01-extract-v1.1.0-20260527T234036Z,C0101,19,341,00000,000000,District - Haora,urban,not_stated,males,6692
census-india-2011,sources/census-2011/c-series/state-mdds/c01-19-west-bengal.xls,723b9edf6254c86a,census-c01-extract-v1.1.0-20260527T234036Z,C0101,19,341,00000,000000,District - Haora,urban,not_stated,females,6079
census-india-2011,sources/census-2011/c-series/state-mdds/c01-19-west-bengal.xls,723b9edf6254c86a,census-c01-extract-v1.1.0-20260527T234036Z,C0101,19,342,00000,000000,District - Kolkata,total,all,persons,4496694
census-india-2011,sources/census-2011/c-series/state-mdds/c01-19-west-bengal.xls,723b9edf6254c86a,census-c01-extract-v1.1.0-20260527T234036Z,C0101,19,342,00000,000000,District - Kolkata,total,all,males,2356766
census-india-2011,sources/census-2011/c-series/state-mdds/c01-19-west-bengal.xls,723b9edf6254c86a,census-c01-extract-v1.1.0-20260527T234036Z,C0101,19,342,00000,000000,District - Kolkata,total,all,females,2139928
census-india-2011,sources/census-2011/c-series/state-mdds/c01-19-west-bengal.xls,723b9edf6254c86a,census-c01-extract-v1.1.0-20260527T234036Z,C0101,19,342,00000,000000,District - Kolkata,total,hindu,persons,3440290
census-india-2011,sources/census-2011/c-series/state-mdds/c01-19-west-bengal.xls,723b9edf6254c86a,census-c01-extract-v1.1.0-20260527T234036Z,C0101,19,342,00000,000000,District - Kolkata,total,hindu,males,1792575
census-india-2011,sources/census-2011/c-series/state-mdds/c01-19-west-bengal.xls,723b9edf6254c86a,census-c01-extract-v1.1.0-20260527T234036Z,C0101,19,342,00000,000000,District - Kolkata,total,hindu,females,1647715
census-india-2011,sources/census-2011/c-series/state-mdds/c01-19-west-bengal.xls,723b9edf6254c86a,census-c01-extract-v1.1.0-20260527T234036Z,C0101,19,342,00000,000000,District - Kolkata,total,muslim,persons,926414
census-india-2011,sources/census-2011/c-series/state-mdds/c01-19-west-bengal.xls,723b9edf6254c86a,census-c01-extract-v1.1.0-20260527T234036Z,C0101,19,342,00000,000000,District - Kolkata,total,muslim,males,497993
census-india-2011,sources/census-2011/c-series/state-mdds/c01-19-west-bengal.xls,723b9edf6254c86a,census-c01-extract-v1.1.0-20260527T234036Z,C0101,19,342,00000,000000,District - Kolkata,total,muslim,females,428421
census-india-2011,sources/census-2011/c-series/state-mdds/c01-19-west-bengal.xls,723b9edf6254c86a,census-c01-extract-v1.1.0-20260527T234036Z,C0101,19,342,00000,000000,District - Kolkata,total,christian,persons,39758
census-india-2011,sources/census-2011/c-series/state-mdds/c01-19-west-bengal.xls,723b9edf6254c86a,census-c01-extract-v1.1.0-20260527T234036Z,C0101,19,342,00000,000000,District - Kolkata,total,christian,males,19200
census-india-2011,sources/census-2011/c-series/state-mdds/c01-19-west-bengal.xls,723b9edf6254c86a,census-c01-extract-v1.1.0-20260527T234036Z,C0101,19,342,00000,000000,District - Kolkata,total,christian,females,20558
census-india-2011,sources/census-2011/c-series/state-mdds/c01-19-west-bengal.xls,723b9edf6254c86a,census-c01-extract-v1.1.0-20260527T234036Z,C0101,19,342,00000,000000,District - Kolkata,total,sikh,persons,13849
census-india-2011,sources/census-2011/c-series/state-mdds/c01-19-west-bengal.xls,723b9edf6254c86a,census-c01-extract-v1.1.0-20260527T234036Z,C0101,19,342,00000,000000,District - Kolkata,total,sikh,males,7327
census-india-2011,sources/census-2011/c-series/state-mdds/c01-19-west-bengal.xls,723b9edf6254c86a,census-c01-extract-v1.1.0-20260527T234036Z,C0101,19,342,00000,000000,District - Kolkata,total,sikh,females,6522
census-india-2011,sources/census-2011/c-series/state-mdds/c01-19-west-bengal.xls,723b9edf6254c86a,census-c01-extract-v1.1.0-20260527T234036Z,C0101,19,342,00000,000000,District - Kolkata,total,buddhist,persons,4771
census-india-2011,sources/census-2011/c-series/state-mdds/c01-19-west-bengal.xls,723b9edf6254c86a,census-c01-extract-v1.1.0-20260527T234036Z,C0101,19,342,00000,000000,District - Kolkata,total,buddhist,males,2423
census-india-2011,sources/census-2011/c-series/state-mdds/c01-19-west-bengal.xls,723b9edf6254c86a,census-c01-extract-v1.1.0-20260527T234036Z,C0101,19,342,00000,000000,District - Kolkata,total,buddhist,females,2348
census-india-2011,sources/census-2011/c-series/state-mdds/c01-19-west-bengal.xls,723b9edf6254c86a,census-c01-extract-v1.1.0-20260527T234036Z,C0101,19,342,00000,000000,District - Kolkata,total,jain,persons,21178
census-india-2011,sources/census-2011/c-series/state-mdds/c01-19-west-bengal.xls,723b9edf6254c86a,census-c01-extract-v1.1.0-20260527T234036Z,C0101,19,342,00000,000000,District - Kolkata,total,jain,males,10508
census-india-2011,sources/census-2011/c-series/state-mdds/c01-19-west-bengal.xls,723b9edf6254c86a,census-c01-extract-v1.1.0-20260527T234036Z,C0101,19,342,00000,000000,District - Kolkata,total,jain,females,10670
census-india-2011,sources/census-2011/c-series/state-mdds/c01-19-west-bengal.xls,723b9edf6254c86a,census-c01-extract-v1.1.0-20260527T234036Z,C0101,19,342,00000,000000,District - Kolkata,total,other,persons,1452
census-india-2011,sources/census-2011/c-series/state-mdds/c01-19-west-bengal.xls,723b9edf6254c86a,census-c01-extract-v1.1.0-20260527T234036Z,C0101,19,342,00000,000000,District - Kolkata,total,other,males,742
census-india-2011,sources/census-2011/c-series/state-mdds/c01-19-west-bengal.xls,723b9edf6254c86a,census-c01-extract-v1.1.0-20260527T234036Z,C0101,19,342,00000,000000,District - Kolkata,total,other,females,710
census-india-2011,sources/census-2011/c-series/state-mdds/c01-19-west-bengal.xls,723b9edf6254c86a,census-c01-extract-v1.1.0-20260527T234036Z,C0101,19,342,00000,000000,District - Kolkata,total,not_stated,persons,48982
census-india-2011,sources/census-2011/c-series/state-mdds/c01-19-west-bengal.xls,723b9edf6254c86a,census-c01-extract-v1.1.0-20260527T234036Z,C0101,19,342,00000,000000,District - Kolkata,total,not_stated,males,25998
census-india-2011,sources/census-2011/c-series/state-mdds/c01-19-west-bengal.xls,723b9edf6254c86a,census-c01-extract-v1.1.0-20260527T234036Z,C0101,19,342,00000,000000,District - Kolkata,total,not_stated,females,22984
census-india-2011,sources/census-2011/c-series/state-mdds/c01-19-west-bengal.xls,723b9edf6254c86a,census-c01-extract-v1.1.0-20260527T234036Z,C0101,19,342,00000,000000,District - Kolkata,rural,all,persons,0
census-india-2011,sources/census-2011/c-series/state-mdds/c01-19-west-bengal.xls,723b9edf6254c86a,census-c01-extract-v1.1.0-20260527T234036Z,C0101,19,342,00000,000000,District - Kolkata,rural,all,males,0
census-india-2011,sources/census-2011/c-series/state-mdds/c01-19-west-bengal.xls,723b9edf6254c86a,census-c01-extract-v1.1.0-20260527T234036Z,C0101,19,342,00000,000000,District - Kolkata,rural,all,females,0
census-india-2011,sources/census-2011/c-series/state-mdds/c01-19-west-bengal.xls,723b9edf6254c86a,census-c01-extract-v1.1.0-20260527T234036Z,C0101,19,342,00000,000000,District - Kolkata,rural,hindu,persons,0
census-india-2011,sources/census-2011/c-series/state-mdds/c01-19-west-bengal.xls,723b9edf6254c86a,census-c01-extract-v1.1.0-20260527T234036Z,C0101,19,342,00000,000000,District - Kolkata,rural,hindu,males,0
census-india-2011,sources/census-2011/c-series/state-mdds/c01-19-west-bengal.xls,723b9edf6254c86a,census-c01-extract-v1.1.0-20260527T234036Z,C0101,19,342,00000,000000,District - Kolkata,rural,hindu,females,0
census-india-2011,sources/census-2011/c-series/state-mdds/c01-19-west-bengal.xls,723b9edf6254c86a,census-c01-extract-v1.1.0-20260527T234036Z,C0101,19,342,00000,000000,District - Kolkata,rural,muslim,persons,0
census-india-2011,sources/census-2011/c-series/state-mdds/c01-19-west-bengal.xls,723b9edf6254c86a,census-c01-extract-v1.1.0-20260527T234036Z,C0101,19,342,00000,000000,District - Kolkata,rural,muslim,males,0
census-india-2011,sources/census-2011/c-series/state-mdds/c01-19-west-bengal.xls,723b9edf6254c86a,census-c01-extract-v1.1.0-20260527T234036Z,C0101,19,342,00000,000000,District - Kolkata,rural,muslim,females,0
census-india-2011,sources/census-2011/c-series/state-mdds/c01-19-west-bengal.xls,723b9edf6254c86a,census-c01-extract-v1.1.0-20260527T234036Z,C0101,19,342,00000,000000,District - Kolkata,rural,christian,persons,0
census-india-2011,sources/census-2011/c-series/state-mdds/c01-19-west-bengal.xls,723b9edf6254c86a,census-c01-extract-v1.1.0-20260527T234036Z,C0101,19,342,00000,000000,District - Kolkata,rural,christian,males,0
census-india-2011,sources/census-2011/c-series/state-mdds/c01-19-west-bengal.xls,723b9edf6254c86a,census-c01-extract-v1.1.0-20260527T234036Z,C0101,19,342,00000,000000,District - Kolkata,rural,christian,females,0
census-india-2011,sources/census-2011/c-series/state-mdds/c01-19-west-bengal.xls,723b9edf6254c86a,census-c01-extract-v1.1.0-20260527T234036Z,C0101,19,342,00000,000000,District - Kolkata,rural,sikh,persons,0
census-india-2011,sources/census-2011/c-series/state-mdds/c01-19-west-bengal.xls,723b9edf6254c86a,census-c01-extract-v1.1.0-20260527T234036Z,C0101,19,342,00000,000000,District - Kolkata,rural,sikh,males,0
census-india-2011,sources/census-2011/c-series/state-mdds/c01-19-west-bengal.xls,723b9edf6254c86a,census-c01-extract-v1.1.0-20260527T234036Z,C0101,19,342,00000,000000,District - Kolkata,rural,sikh,females,0
census-india-2011,sources/census-2011/c-series/state-mdds/c01-19-west-bengal.xls,723b9edf6254c86a,census-c01-extract-v1.1.0-20260527T234036Z,C0101,19,342,00000,000000,District - Kolkata,rural,buddhist,persons,0
census-india-2011,sources/census-2011/c-series/state-mdds/c01-19-west-bengal.xls,723b9edf6254c86a,census-c01-extract-v1.1.0-20260527T234036Z,C0101,19,342,00000,000000,District - Kolkata,rural,buddhist,males,0
census-india-2011,sources/census-2011/c-series/state-mdds/c01-19-west-bengal.xls,723b9edf6254c86a,census-c01-extract-v1.1.0-20260527T234036Z,C0101,19,342,00000,000000,District - Kolkata,rural,buddhist,females,0
census-india-2011,sources/census-2011/c-series/state-mdds/c01-19-west-bengal.xls,723b9edf6254c86a,census-c01-extract-v1.1.0-20260527T234036Z,C0101,19,342,00000,000000,District - Kolkata,rural,jain,persons,0
census-india-2011,sources/census-2011/c-series/state-mdds/c01-19-west-bengal.xls,723b9edf6254c86a,census-c01-extract-v1.1.0-20260527T234036Z,C0101,19,342,00000,000000,District - Kolkata,rural,jain,males,0
census-india-2011,sources/census-2011/c-series/state-mdds/c01-19-west-bengal.xls,723b9edf6254c86a,census-c01-extract-v1.1.0-20260527T234036Z,C0101,19,342,00000,000000,District - Kolkata,rural,jain,females,0
census-india-2011,sources/census-2011/c-series/state-mdds/c01-19-west-bengal.xls,723b9edf6254c86a,census-c01-extract-v1.1.0-20260527T234036Z,C0101,19,342,00000,000000,District - Kolkata,rural,other,persons,0
census-india-2011,sources/census-2011/c-series/state-mdds/c01-19-west-bengal.xls,723b9edf6254c86a,census-c01-extract-v1.1.0-20260527T234036Z,C0101,19,342,00000,000000,District - Kolkata,rural,other,males,0
census-india-2011,sources/census-2011/c-series/state-mdds/c01-19-west-bengal.xls,723b9edf6254c86a,census-c01-extract-v1.1.0-20260527T234036Z,C0101,19,342,00000,000000,District - Kolkata,rural,other,females,0
census-india-2011,sources/census-2011/c-series/state-mdds/c01-19-west-bengal.xls,723b9edf6254c86a,census-c01-extract-v1.1.0-20260527T234036Z,C0101,19,342,00000,000000,District - Kolkata,rural,not_stated,persons,0
census-india-2011,sources/census-2011/c-series/state-mdds/c01-19-west-bengal.xls,723b9edf6254c86a,census-c01-extract-v1.1.0-20260527T234036Z,C0101,19,342,00000,000000,District - Kolkata,rural,not_stated,males,0
census-india-2011,sources/census-2011/c-series/state-mdds/c01-19-west-bengal.xls,723b9edf6254c86a,census-c01-extract-v1.1.0-20260527T234036Z,C0101,19,342,00000,000000,District - Kolkata,rural,not_stated,females,0
census-india-2011,sources/census-2011/c-series/state-mdds/c01-19-west-bengal.xls,723b9edf6254c86a,census-c01-extract-v1.1.0-20260527T234036Z,C0101,19,342,00000,000000,District - Kolkata,urban,all,persons,4496694
census-india-2011,sources/census-2011/c-series/state-mdds/c01-19-west-bengal.xls,723b9edf6254c86a,census-c01-extract-v1.1.0-20260527T234036Z,C0101,19,342,00000,000000,District - Kolkata,urban,all,males,2356766
census-india-2011,sources/census-2011/c-series/state-mdds/c01-19-west-bengal.xls,723b9edf6254c86a,census-c01-extract-v1.1.0-20260527T234036Z,C0101,19,342,00000,000000,District - Kolkata,urban,all,females,2139928
census-india-2011,sources/census-2011/c-series/state-mdds/c01-19-west-bengal.xls,723b9edf6254c86a,census-c01-extract-v1.1.0-20260527T234036Z,C0101,19,342,00000,000000,District - Kolkata,urban,hindu,persons,3440290
census-india-2011,sources/census-2011/c-series/state-mdds/c01-19-west-bengal.xls,723b9edf6254c86a,census-c01-extract-v1.1.0-20260527T234036Z,C0101,19,342,00000,000000,District - Kolkata,urban,hindu,males,1792575
census-india-2011,sources/census-2011/c-series/state-mdds/c01-19-west-bengal.xls,723b9edf6254c86a,census-c01-extract-v1.1.0-20260527T234036Z,C0101,19,342,00000,000000,District - Kolkata,urban,hindu,females,1647715
census-india-2011,sources/census-2011/c-series/state-mdds/c01-19-west-bengal.xls,723b9edf6254c86a,census-c01-extract-v1.1.0-20260527T234036Z,C0101,19,342,00000,000000,District - Kolkata,urban,muslim,persons,926414
census-india-2011,sources/census-2011/c-series/state-mdds/c01-19-west-bengal.xls,723b9edf6254c86a,census-c01-extract-v1.1.0-20260527T234036Z,C0101,19,342,00000,000000,District - Kolkata,urban,muslim,males,497993
census-india-2011,sources/census-2011/c-series/state-mdds/c01-19-west-bengal.xls,723b9edf6254c86a,census-c01-extract-v1.1.0-20260527T234036Z,C0101,19,342,00000,000000,District - Kolkata,urban,muslim,females,428421
census-india-2011,sources/census-2011/c-series/state-mdds/c01-19-west-bengal.xls,723b9edf6254c86a,census-c01-extract-v1.1.0-20260527T234036Z,C0101,19,342,00000,000000,District - Kolkata,urban,christian,persons,39758
census-india-2011,sources/census-2011/c-series/state-mdds/c01-19-west-bengal.xls,723b9edf6254c86a,census-c01-extract-v1.1.0-20260527T234036Z,C0101,19,342,00000,000000,District - Kolkata,urban,christian,males,19200
census-india-2011,sources/census-2011/c-series/state-mdds/c01-19-west-bengal.xls,723b9edf6254c86a,census-c01-extract-v1.1.0-20260527T234036Z,C0101,19,342,00000,000000,District - Kolkata,urban,christian,females,20558
census-india-2011,sources/census-2011/c-series/state-mdds/c01-19-west-bengal.xls,723b9edf6254c86a,census-c01-extract-v1.1.0-20260527T234036Z,C0101,19,342,00000,000000,District - Kolkata,urban,sikh,persons,13849
census-india-2011,sources/census-2011/c-series/state-mdds/c01-19-west-bengal.xls,723b9edf6254c86a,census-c01-extract-v1.1.0-20260527T234036Z,C0101,19,342,00000,000000,District - Kolkata,urban,sikh,males,7327
census-india-2011,sources/census-2011/c-series/state-mdds/c01-19-west-bengal.xls,723b9edf6254c86a,census-c01-extract-v1.1.0-20260527T234036Z,C0101,19,342,00000,000000,District - Kolkata,urban,sikh,females,6522
census-india-2011,sources/census-2011/c-series/state-mdds/c01-19-west-bengal.xls,723b9edf6254c86a,census-c01-extract-v1.1.0-20260527T234036Z,C0101,19,342,00000,000000,District - Kolkata,urban,buddhist,persons,4771
census-india-2011,sources/census-2011/c-series/state-mdds/c01-19-west-bengal.xls,723b9edf6254c86a,census-c01-extract-v1.1.0-20260527T234036Z,C0101,19,342,00000,000000,District - Kolkata,urban,buddhist,males,2423
census-india-2011,sources/census-2011/c-series/state-mdds/c01-19-west-bengal.xls,723b9edf6254c86a,census-c01-extract-v1.1.0-20260527T234036Z,C0101,19,342,00000,000000,District - Kolkata,urban,buddhist,females,2348
census-india-2011,sources/census-2011/c-series/state-mdds/c01-19-west-bengal.xls,723b9edf6254c86a,census-c01-extract-v1.1.0-20260527T234036Z,C0101,19,342,00000,000000,District - Kolkata,urban,jain,persons,21178
census-india-2011,sources/census-2011/c-series/state-mdds/c01-19-west-bengal.xls,723b9edf6254c86a,census-c01-extract-v1.1.0-20260527T234036Z,C0101,19,342,00000,000000,District - Kolkata,urban,jain,males,10508
census-india-2011,sources/census-2011/c-series/state-mdds/c01-19-west-bengal.xls,723b9edf6254c86a,census-c01-extract-v1.1.0-20260527T234036Z,C0101,19,342,00000,000000,District - Kolkata,urban,jain,females,10670
census-india-2011,sources/census-2011/c-series/state-mdds/c01-19-west-bengal.xls,723b9edf6254c86a,census-c01-extract-v1.1.0-20260527T234036Z,C0101,19,342,00000,000000,District - Kolkata,urban,other,persons,1452
census-india-2011,sources/census-2011/c-series/state-mdds/c01-19-west-bengal.xls,723b9edf6254c86a,census-c01-extract-v1.1.0-20260527T234036Z,C0101,19,342,00000,000000,District - Kolkata,urban,other,males,742
census-india-2011,sources/census-2011/c-series/state-mdds/c01-19-west-bengal.xls,723b9edf6254c86a,census-c01-extract-v1.1.0-20260527T234036Z,C0101,19,342,00000,000000,District - Kolkata,urban,other,females,710
census-india-2011,sources/census-2011/c-series/state-mdds/c01-19-west-bengal.xls,723b9edf6254c86a,census-c01-extract-v1.1.0-20260527T234036Z,C0101,19,342,00000,000000,District - Kolkata,urban,not_stated,persons,48982
census-india-2011,sources/census-2011/c-series/state-mdds/c01-19-west-bengal.xls,723b9edf6254c86a,census-c01-extract-v1.1.0-20260527T234036Z,C0101,19,342,00000,000000,District - Kolkata,urban,not_stated,males,25998
census-india-2011,sources/census-2011/c-series/state-mdds/c01-19-west-bengal.xls,723b9edf6254c86a,census-c01-extract-v1.1.0-20260527T234036Z,C0101,19,342,00000,000000,District - Kolkata,urban,not_stated,females,22984
census-india-2011,sources/census-2011/c-series/state-mdds/c01-19-west-bengal.xls,723b9edf6254c86a,census-c01-extract-v1.1.0-20260527T234036Z,C0101,19,343,00000,000000,District - South Twenty Four Parganas,total,all,persons,8161961
census-india-2011,sources/census-2011/c-series/state-mdds/c01-19-west-bengal.xls,723b9edf6254c86a,census-c01-extract-v1.1.0-20260527T234036Z,C0101,19,343,00000,000000,District - South Twenty Four Parganas,total,all,males,4173778
census-india-2011,sources/census-2011/c-series/state-mdds/c01-19-west-bengal.xls,723b9edf6254c86a,census-c01-extract-v1.1.0-20260527T234036Z,C0101,19,343,00000,000000,District - South Twenty Four Parganas,total,all,females,3988183
census-india-2011,sources/census-2011/c-series/state-mdds/c01-19-west-bengal.xls,723b9edf6254c86a,census-c01-extract-v1.1.0-20260527T234036Z,C0101,19,343,00000,000000,District - South Twenty Four Parganas,total,hindu,persons,5155545
census-india-2011,sources/census-2011/c-series/state-mdds/c01-19-west-bengal.xls,723b9edf6254c86a,census-c01-extract-v1.1.0-20260527T234036Z,C0101,19,343,00000,000000,District - South Twenty Four Parganas,total,hindu,males,2643378
census-india-2011,sources/census-2011/c-series/state-mdds/c01-19-west-bengal.xls,723b9edf6254c86a,census-c01-extract-v1.1.0-20260527T234036Z,C0101,19,343,00000,000000,District - South Twenty Four Parganas,total,hindu,females,2512167
census-india-2011,sources/census-2011/c-series/state-mdds/c01-19-west-bengal.xls,723b9edf6254c86a,census-c01-extract-v1.1.0-20260527T234036Z,C0101,19,343,00000,000000,District - South Twenty Four Parganas,total,muslim,persons,2903075
census-india-2011,sources/census-2011/c-series/state-mdds/c01-19-west-bengal.xls,723b9edf6254c86a,census-c01-extract-v1.1.0-20260527T234036Z,C0101,19,343,00000,000000,District - South Twenty Four Parganas,total,muslim,males,1478401
census-india-2011,sources/census-2011/c-series/state-mdds/c01-19-west-bengal.xls,723b9edf6254c86a,census-c01-extract-v1.1.0-20260527T234036Z,C0101,19,343,00000,000000,District - South Twenty Four Parganas,total,muslim,females,1424674
census-india-2011,sources/census-2011/c-series/state-mdds/c01-19-west-bengal.xls,723b9edf6254c86a,census-c01-extract-v1.1.0-20260527T234036Z,C0101,19,343,00000,000000,District - South Twenty Four Parganas,total,christian,persons,66498
census-india-2011,sources/census-2011/c-series/state-mdds/c01-19-west-bengal.xls,723b9edf6254c86a,census-c01-extract-v1.1.0-20260527T234036Z,C0101,19,343,00000,000000,District - South Twenty Four Parganas,total,christian,males,33484
census-india-2011,sources/census-2011/c-series/state-mdds/c01-19-west-bengal.xls,723b9edf6254c86a,census-c01-extract-v1.1.0-20260527T234036Z,C0101,19,343,00000,000000,District - South Twenty Four Parganas,total,christian,females,33014
census-india-2011,sources/census-2011/c-series/state-mdds/c01-19-west-bengal.xls,723b9edf6254c86a,census-c01-extract-v1.1.0-20260527T234036Z,C0101,19,343,00000,000000,District - South Twenty Four Parganas,total,sikh,persons,2783
census-india-2011,sources/census-2011/c-series/state-mdds/c01-19-west-bengal.xls,723b9edf6254c86a,census-c01-extract-v1.1.0-20260527T234036Z,C0101,19,343,00000,000000,District - South Twenty Four Parganas,total,sikh,males,1414
census-india-2011,sources/census-2011/c-series/state-mdds/c01-19-west-bengal.xls,723b9edf6254c86a,census-c01-extract-v1.1.0-20260527T234036Z,C0101,19,343,00000,000000,District - South Twenty Four Parganas,total,sikh,females,1369
census-india-2011,sources/census-2011/c-series/state-mdds/c01-19-west-bengal.xls,723b9edf6254c86a,census-c01-extract-v1.1.0-20260527T234036Z,C0101,19,343,00000,000000,District - South Twenty Four Parganas,total,buddhist,persons,2494
census-india-2011,sources/census-2011/c-series/state-mdds/c01-19-west-bengal.xls,723b9edf6254c86a,census-c01-extract-v1.1.0-20260527T234036Z,C0101,19,343,00000,000000,District - South Twenty Four Parganas,total,buddhist,males,1236
census-india-2011,sources/census-2011/c-series/state-mdds/c01-19-west-bengal.xls,723b9edf6254c86a,census-c01-extract-v1.1.0-20260527T234036Z,C0101,19,343,00000,000000,District - South Twenty Four Parganas,total,buddhist,females,1258
census-india-2011,sources/census-2011/c-series/state-mdds/c01-19-west-bengal.xls,723b9edf6254c86a,census-c01-extract-v1.1.0-20260527T234036Z,C0101,19,343,00000,000000,District - South Twenty Four Parganas,total,jain,persons,972
census-india-2011,sources/census-2011/c-series/state-mdds/c01-19-west-bengal.xls,723b9edf6254c86a,census-c01-extract-v1.1.0-20260527T234036Z,C0101,19,343,00000,000000,District - South Twenty Four Parganas,total,jain,males,501
census-india-2011,sources/census-2011/c-series/state-mdds/c01-19-west-bengal.xls,723b9edf6254c86a,census-c01-extract-v1.1.0-20260527T234036Z,C0101,19,343,00000,000000,District - South Twenty Four Parganas,total,jain,females,471
census-india-2011,sources/census-2011/c-series/state-mdds/c01-19-west-bengal.xls,723b9edf6254c86a,census-c01-extract-v1.1.0-20260527T234036Z,C0101,19,343,00000,000000,District - South Twenty Four Parganas,total,other,persons,6065
census-india-2011,sources/census-2011/c-series/state-mdds/c01-19-west-bengal.xls,723b9edf6254c86a,census-c01-extract-v1.1.0-20260527T234036Z,C0101,19,343,00000,000000,District - South Twenty Four Parganas,total,other,males,3029
census-india-2011,sources/census-2011/c-series/state-mdds/c01-19-west-bengal.xls,723b9edf6254c86a,census-c01-extract-v1.1.0-20260527T234036Z,C0101,19,343,00000,000000,District - South Twenty Four Parganas,total,other,females,3036
census-india-2011,sources/census-2011/c-series/state-mdds/c01-19-west-bengal.xls,723b9edf6254c86a,census-c01-extract-v1.1.0-20260527T234036Z,C0101,19,343,00000,000000,District - South Twenty Four Parganas,total,not_stated,persons,24529
census-india-2011,sources/census-2011/c-series/state-mdds/c01-19-west-bengal.xls,723b9edf6254c86a,census-c01-extract-v1.1.0-20260527T234036Z,C0101,19,343,00000,000000,District - South Twenty Four Parganas,total,not_stated,males,12335
census-india-2011,sources/census-2011/c-series/state-mdds/c01-19-west-bengal.xls,723b9edf6254c86a,census-c01-extract-v1.1.0-20260527T234036Z,C0101,19,343,00000,000000,District - South Twenty Four Parganas,total,not_stated,females,12194
census-india-2011,sources/census-2011/c-series/state-mdds/c01-19-west-bengal.xls,723b9edf6254c86a,census-c01-extract-v1.1.0-20260527T234036Z,C0101,19,343,00000,000000,District - South Twenty Four Parganas,rural,all,persons,6074188
census-india-2011,sources/census-2011/c-series/state-mdds/c01-19-west-bengal.xls,723b9edf6254c86a,census-c01-extract-v1.1.0-20260527T234036Z,C0101,19,343,00000,000000,District - South Twenty Four Parganas,rural,all,males,3109219
census-india-2011,sources/census-2011/c-series/state-mdds/c01-19-west-bengal.xls,723b9edf6254c86a,census-c01-extract-v1.1.0-20260527T234036Z,C0101,19,343,00000,000000,District - South Twenty Four Parganas,rural,all,females,2964969
census-india-2011,sources/census-2011/c-series/state-mdds/c01-19-west-bengal.xls,723b9edf6254c86a,census-c01-extract-v1.1.0-20260527T234036Z,C0101,19,343,00000,000000,District - South Twenty Four Parganas,rural,hindu,persons,3807699
census-india-2011,sources/census-2011/c-series/state-mdds/c01-19-west-bengal.xls,723b9edf6254c86a,census-c01-extract-v1.1.0-20260527T234036Z,C0101,19,343,00000,000000,District - South Twenty Four Parganas,rural,hindu,males,1957582
census-india-2011,sources/census-2011/c-series/state-mdds/c01-19-west-bengal.xls,723b9edf6254c86a,census-c01-extract-v1.1.0-20260527T234036Z,C0101,19,343,00000,000000,District - South Twenty Four Parganas,rural,hindu,females,1850117
census-india-2011,sources/census-2011/c-series/state-mdds/c01-19-west-bengal.xls,723b9edf6254c86a,census-c01-extract-v1.1.0-20260527T234036Z,C0101,19,343,00000,000000,District - South Twenty Four Parganas,rural,muslim,persons,2187661
census-india-2011,sources/census-2011/c-series/state-mdds/c01-19-west-bengal.xls,723b9edf6254c86a,census-c01-extract-v1.1.0-20260527T234036Z,C0101,19,343,00000,000000,District - South Twenty Four Parganas,rural,muslim,males,1111970
census-india-2011,sources/census-2011/c-series/state-mdds/c01-19-west-bengal.xls,723b9edf6254c86a,census-c01-extract-v1.1.0-20260527T234036Z,C0101,19,343,00000,000000,District - South Twenty Four Parganas,rural,muslim,females,1075691
census-india-2011,sources/census-2011/c-series/state-mdds/c01-19-west-bengal.xls,723b9edf6254c86a,census-c01-extract-v1.1.0-20260527T234036Z,C0101,19,343,00000,000000,District - South Twenty Four Parganas,rural,christian,persons,54978
census-india-2011,sources/census-2011/c-series/state-mdds/c01-19-west-bengal.xls,723b9edf6254c86a,census-c01-extract-v1.1.0-20260527T234036Z,C0101,19,343,00000,000000,District - South Twenty Four Parganas,rural,christian,males,27783
census-india-2011,sources/census-2011/c-series/state-mdds/c01-19-west-bengal.xls,723b9edf6254c86a,census-c01-extract-v1.1.0-20260527T234036Z,C0101,19,343,00000,000000,District - South Twenty Four Parganas,rural,christian,females,27195
census-india-2011,sources/census-2011/c-series/state-mdds/c01-19-west-bengal.xls,723b9edf6254c86a,census-c01-extract-v1.1.0-20260527T234036Z,C0101,19,343,00000,000000,District - South Twenty Four Parganas,rural,sikh,persons,1055
census-india-2011,sources/census-2011/c-series/state-mdds/c01-19-west-bengal.xls,723b9edf6254c86a,census-c01-extract-v1.1.0-20260527T234036Z,C0101,19,343,00000,000000,District - South Twenty Four Parganas,rural,sikh,males,515
census-india-2011,sources/census-2011/c-series/state-mdds/c01-19-west-bengal.xls,723b9edf6254c86a,census-c01-extract-v1.1.0-20260527T234036Z,C0101,19,343,00000,000000,District - South Twenty Four Parganas,rural,sikh,females,540
census-india-2011,sources/census-2011/c-series/state-mdds/c01-19-west-bengal.xls,723b9edf6254c86a,census-c01-extract-v1.1.0-20260527T234036Z,C0101,19,343,00000,000000,District - South Twenty Four Parganas,rural,buddhist,persons,772
census-india-2011,sources/census-2011/c-series/state-mdds/c01-19-west-bengal.xls,723b9edf6254c86a,census-c01-extract-v1.1.0-20260527T234036Z,C0101,19,343,00000,000000,District - South Twenty Four Parganas,rural,buddhist,males,381
census-india-2011,sources/census-2011/c-series/state-mdds/c01-19-west-bengal.xls,723b9edf6254c86a,census-c01-extract-v1.1.0-20260527T234036Z,C0101,19,343,00000,000000,District - South Twenty Four Parganas,rural,buddhist,females,391
census-india-2011,sources/census-2011/c-series/state-mdds/c01-19-west-bengal.xls,723b9edf6254c86a,census-c01-extract-v1.1.0-20260527T234036Z,C0101,19,343,00000,000000,District - South Twenty Four Parganas,rural,jain,persons,574
census-india-2011,sources/census-2011/c-series/state-mdds/c01-19-west-bengal.xls,723b9edf6254c86a,census-c01-extract-v1.1.0-20260527T234036Z,C0101,19,343,00000,000000,District - South Twenty Four Parganas,rural,jain,males,294
census-india-2011,sources/census-2011/c-series/state-mdds/c01-19-west-bengal.xls,723b9edf6254c86a,census-c01-extract-v1.1.0-20260527T234036Z,C0101,19,343,00000,000000,District - South Twenty Four Parganas,rural,jain,females,280
census-india-2011,sources/census-2011/c-series/state-mdds/c01-19-west-bengal.xls,723b9edf6254c86a,census-c01-extract-v1.1.0-20260527T234036Z,C0101,19,343,00000,000000,District - South Twenty Four Parganas,rural,other,persons,5780
census-india-2011,sources/census-2011/c-series/state-mdds/c01-19-west-bengal.xls,723b9edf6254c86a,census-c01-extract-v1.1.0-20260527T234036Z,C0101,19,343,00000,000000,District - South Twenty Four Parganas,rural,other,males,2875
census-india-2011,sources/census-2011/c-series/state-mdds/c01-19-west-bengal.xls,723b9edf6254c86a,census-c01-extract-v1.1.0-20260527T234036Z,C0101,19,343,00000,000000,District - South Twenty Four Parganas,rural,other,females,2905
census-india-2011,sources/census-2011/c-series/state-mdds/c01-19-west-bengal.xls,723b9edf6254c86a,census-c01-extract-v1.1.0-20260527T234036Z,C0101,19,343,00000,000000,District - South Twenty Four Parganas,rural,not_stated,persons,15669
census-india-2011,sources/census-2011/c-series/state-mdds/c01-19-west-bengal.xls,723b9edf6254c86a,census-c01-extract-v1.1.0-20260527T234036Z,C0101,19,343,00000,000000,District - South Twenty Four Parganas,rural,not_stated,males,7819
census-india-2011,sources/census-2011/c-series/state-mdds/c01-19-west-bengal.xls,723b9edf6254c86a,census-c01-extract-v1.1.0-20260527T234036Z,C0101,19,343,00000,000000,District - South Twenty Four Parganas,rural,not_stated,females,7850
census-india-2011,sources/census-2011/c-series/state-mdds/c01-19-west-bengal.xls,723b9edf6254c86a,census-c01-extract-v1.1.0-20260527T234036Z,C0101,19,343,00000,000000,District - South Twenty Four Parganas,urban,all,persons,2087773
census-india-2011,sources/census-2011/c-series/state-mdds/c01-19-west-bengal.xls,723b9edf6254c86a,census-c01-extract-v1.1.0-20260527T234036Z,C0101,19,343,00000,000000,District - South Twenty Four Parganas,urban,all,males,1064559
census-india-2011,sources/census-2011/c-series/state-mdds/c01-19-west-bengal.xls,723b9edf6254c86a,census-c01-extract-v1.1.0-20260527T234036Z,C0101,19,343,00000,000000,District - South Twenty Four Parganas,urban,all,females,1023214
census-india-2011,sources/census-2011/c-series/state-mdds/c01-19-west-bengal.xls,723b9edf6254c86a,census-c01-extract-v1.1.0-20260527T234036Z,C0101,19,343,00000,000000,District - South Twenty Four Parganas,urban,hindu,persons,1347846
census-india-2011,sources/census-2011/c-series/state-mdds/c01-19-west-bengal.xls,723b9edf6254c86a,census-c01-extract-v1.1.0-20260527T234036Z,C0101,19,343,00000,000000,District - South Twenty Four Parganas,urban,hindu,males,685796
census-india-2011,sources/census-2011/c-series/state-mdds/c01-19-west-bengal.xls,723b9edf6254c86a,census-c01-extract-v1.1.0-20260527T234036Z,C0101,19,343,00000,000000,District - South Twenty Four Parganas,urban,hindu,females,662050
census-india-2011,sources/census-2011/c-series/state-mdds/c01-19-west-bengal.xls,723b9edf6254c86a,census-c01-extract-v1.1.0-20260527T234036Z,C0101,19,343,00000,000000,District - South Twenty Four Parganas,urban,muslim,persons,715414
census-india-2011,sources/census-2011/c-series/state-mdds/c01-19-west-bengal.xls,723b9edf6254c86a,census-c01-extract-v1.1.0-20260527T234036Z,C0101,19,343,00000,000000,District - South Twenty Four Parganas,urban,muslim,males,366431
census-india-2011,sources/census-2011/c-series/state-mdds/c01-19-west-bengal.xls,723b9edf6254c86a,census-c01-extract-v1.1.0-20260527T234036Z,C0101,19,343,00000,000000,District - South Twenty Four Parganas,urban,muslim,females,348983
census-india-2011,sources/census-2011/c-series/state-mdds/c01-19-west-bengal.xls,723b9edf6254c86a,census-c01-extract-v1.1.0-20260527T234036Z,C0101,19,343,00000,000000,District - South Twenty Four Parganas,urban,christian,persons,11520
census-india-2011,sources/census-2011/c-series/state-mdds/c01-19-west-bengal.xls,723b9edf6254c86a,census-c01-extract-v1.1.0-20260527T234036Z,C0101,19,343,00000,000000,District - South Twenty Four Parganas,urban,christian,males,5701
census-india-2011,sources/census-2011/c-series/state-mdds/c01-19-west-bengal.xls,723b9edf6254c86a,census-c01-extract-v1.1.0-20260527T234036Z,C0101,19,343,00000,000000,District - South Twenty Four Parganas,urban,christian,females,5819
census-india-2011,sources/census-2011/c-series/state-mdds/c01-19-west-bengal.xls,723b9edf6254c86a,census-c01-extract-v1.1.0-20260527T234036Z,C0101,19,343,00000,000000,District - South Twenty Four Parganas,urban,sikh,persons,1728
census-india-2011,sources/census-2011/c-series/state-mdds/c01-19-west-bengal.xls,723b9edf6254c86a,census-c01-extract-v1.1.0-20260527T234036Z,C0101,19,343,00000,000000,District - South Twenty Four Parganas,urban,sikh,males,899
census-india-2011,sources/census-2011/c-series/state-mdds/c01-19-west-bengal.xls,723b9edf6254c86a,census-c01-extract-v1.1.0-20260527T234036Z,C0101,19,343,00000,000000,District - South Twenty Four Parganas,urban,sikh,females,829
census-india-2011,sources/census-2011/c-series/state-mdds/c01-19-west-bengal.xls,723b9edf6254c86a,census-c01-extract-v1.1.0-20260527T234036Z,C0101,19,343,00000,000000,District - South Twenty Four Parganas,urban,buddhist,persons,1722
census-india-2011,sources/census-2011/c-series/state-mdds/c01-19-west-bengal.xls,723b9edf6254c86a,census-c01-extract-v1.1.0-20260527T234036Z,C0101,19,343,00000,000000,District - South Twenty Four Parganas,urban,buddhist,males,855
census-india-2011,sources/census-2011/c-series/state-mdds/c01-19-west-bengal.xls,723b9edf6254c86a,census-c01-extract-v1.1.0-20260527T234036Z,C0101,19,343,00000,000000,District - South Twenty Four Parganas,urban,buddhist,females,867
census-india-2011,sources/census-2011/c-series/state-mdds/c01-19-west-bengal.xls,723b9edf6254c86a,census-c01-extract-v1.1.0-20260527T234036Z,C0101,19,343,00000,000000,District - South Twenty Four Parganas,urban,jain,persons,398
census-india-2011,sources/census-2011/c-series/state-mdds/c01-19-west-bengal.xls,723b9edf6254c86a,census-c01-extract-v1.1.0-20260527T234036Z,C0101,19,343,00000,000000,District - South Twenty Four Parganas,urban,jain,males,207
census-india-2011,sources/census-2011/c-series/state-mdds/c01-19-west-bengal.xls,723b9edf6254c86a,census-c01-extract-v1.1.0-20260527T234036Z,C0101,19,343,00000,000000,District - South Twenty Four Parganas,urban,jain,females,191
census-india-2011,sources/census-2011/c-series/state-mdds/c01-19-west-bengal.xls,723b9edf6254c86a,census-c01-extract-v1.1.0-20260527T234036Z,C0101,19,343,00000,000000,District - South Twenty Four Parganas,urban,other,persons,285
census-india-2011,sources/census-2011/c-series/state-mdds/c01-19-west-bengal.xls,723b9edf6254c86a,census-c01-extract-v1.1.0-20260527T234036Z,C0101,19,343,00000,000000,District - South Twenty Four Parganas,urban,other,males,154
census-india-2011,sources/census-2011/c-series/state-mdds/c01-19-west-bengal.xls,723b9edf6254c86a,census-c01-extract-v1.1.0-20260527T234036Z,C0101,19,343,00000,000000,District - South Twenty Four Parganas,urban,other,females,131
census-india-2011,sources/census-2011/c-series/state-mdds/c01-19-west-bengal.xls,723b9edf6254c86a,census-c01-extract-v1.1.0-20260527T234036Z,C0101,19,343,00000,000000,District - South Twenty Four Parganas,urban,not_stated,persons,8860
census-india-2011,sources/census-2011/c-series/state-mdds/c01-19-west-bengal.xls,723b9edf6254c86a,census-c01-extract-v1.1.0-20260527T234036Z,C0101,19,343,00000,000000,District - South Twenty Four Parganas,urban,not_stated,males,4516
census-india-2011,sources/census-2011/c-series/state-mdds/c01-19-west-bengal.xls,723b9edf6254c86a,census-c01-extract-v1.1.0-20260527T234036Z,C0101,19,343,00000,000000,District - South Twenty Four Parganas,urban,not_stated,females,4344
census-india-2011,sources/census-2011/c-series/state-mdds/c01-19-west-bengal.xls,723b9edf6254c86a,census-c01-extract-v1.1.0-20260527T234036Z,C0101,19,344,00000,000000,District - Paschim Medinipur,total,all,persons,5913457
census-india-2011,sources/census-2011/c-series/state-mdds/c01-19-west-bengal.xls,723b9edf6254c86a,census-c01-extract-v1.1.0-20260527T234036Z,C0101,19,344,00000,000000,District - Paschim Medinipur,total,all,males,3007885
census-india-2011,sources/census-2011/c-series/state-mdds/c01-19-west-bengal.xls,723b9edf6254c86a,census-c01-extract-v1.1.0-20260527T234036Z,C0101,19,344,00000,000000,District - Paschim Medinipur,total,all,females,2905572
census-india-2011,sources/census-2011/c-series/state-mdds/c01-19-west-bengal.xls,723b9edf6254c86a,census-c01-extract-v1.1.0-20260527T234036Z,C0101,19,344,00000,000000,District - Paschim Medinipur,total,hindu,persons,5056953
census-india-2011,sources/census-2011/c-series/state-mdds/c01-19-west-bengal.xls,723b9edf6254c86a,census-c01-extract-v1.1.0-20260527T234036Z,C0101,19,344,00000,000000,District - Paschim Medinipur,total,hindu,males,2571092
census-india-2011,sources/census-2011/c-series/state-mdds/c01-19-west-bengal.xls,723b9edf6254c86a,census-c01-extract-v1.1.0-20260527T234036Z,C0101,19,344,00000,000000,District - Paschim Medinipur,total,hindu,females,2485861
census-india-2011,sources/census-2011/c-series/state-mdds/c01-19-west-bengal.xls,723b9edf6254c86a,census-c01-extract-v1.1.0-20260527T234036Z,C0101,19,344,00000,000000,District - Paschim Medinipur,total,muslim,persons,620554
census-india-2011,sources/census-2011/c-series/state-mdds/c01-19-west-bengal.xls,723b9edf6254c86a,census-c01-extract-v1.1.0-20260527T234036Z,C0101,19,344,00000,000000,District - Paschim Medinipur,total,muslim,males,317100
census-india-2011,sources/census-2011/c-series/state-mdds/c01-19-west-bengal.xls,723b9edf6254c86a,census-c01-extract-v1.1.0-20260527T234036Z,C0101,19,344,00000,000000,District - Paschim Medinipur,total,muslim,females,303454
census-india-2011,sources/census-2011/c-series/state-mdds/c01-19-west-bengal.xls,723b9edf6254c86a,census-c01-extract-v1.1.0-20260527T234036Z,C0101,19,344,00000,000000,District - Paschim Medinipur,total,christian,persons,23287
census-india-2011,sources/census-2011/c-series/state-mdds/c01-19-west-bengal.xls,723b9edf6254c86a,census-c01-extract-v1.1.0-20260527T234036Z,C0101,19,344,00000,000000,District - Paschim Medinipur,total,christian,males,11359
census-india-2011,sources/census-2011/c-series/state-mdds/c01-19-west-bengal.xls,723b9edf6254c86a,census-c01-extract-v1.1.0-20260527T234036Z,C0101,19,344,00000,000000,District - Paschim Medinipur,total,christian,females,11928
census-india-2011,sources/census-2011/c-series/state-mdds/c01-19-west-bengal.xls,723b9edf6254c86a,census-c01-extract-v1.1.0-20260527T234036Z,C0101,19,344,00000,000000,District - Paschim Medinipur,total,sikh,persons,2854
census-india-2011,sources/census-2011/c-series/state-mdds/c01-19-west-bengal.xls,723b9edf6254c86a,census-c01-extract-v1.1.0-20260527T234036Z,C0101,19,344,00000,000000,District - Paschim Medinipur,total,sikh,males,1486
census-india-2011,sources/census-2011/c-series/state-mdds/c01-19-west-bengal.xls,723b9edf6254c86a,census-c01-extract-v1.1.0-20260527T234036Z,C0101,19,344,00000,000000,District - Paschim Medinipur,total,sikh,females,1368
census-india-2011,sources/census-2011/c-series/state-mdds/c01-19-west-bengal.xls,723b9edf6254c86a,census-c01-extract-v1.1.0-20260527T234036Z,C0101,19,344,00000,000000,District - Paschim Medinipur,total,buddhist,persons,2019
census-india-2011,sources/census-2011/c-series/state-mdds/c01-19-west-bengal.xls,723b9edf6254c86a,census-c01-extract-v1.1.0-20260527T234036Z,C0101,19,344,00000,000000,District - Paschim Medinipur,total,buddhist,males,1008
census-india-2011,sources/census-2011/c-series/state-mdds/c01-19-west-bengal.xls,723b9edf6254c86a,census-c01-extract-v1.1.0-20260527T234036Z,C0101,19,344,00000,000000,District - Paschim Medinipur,total,buddhist,females,1011
census-india-2011,sources/census-2011/c-series/state-mdds/c01-19-west-bengal.xls,723b9edf6254c86a,census-c01-extract-v1.1.0-20260527T234036Z,C0101,19,344,00000,000000,District - Paschim Medinipur,total,jain,persons,1550
census-india-2011,sources/census-2011/c-series/state-mdds/c01-19-west-bengal.xls,723b9edf6254c86a,census-c01-extract-v1.1.0-20260527T234036Z,C0101,19,344,00000,000000,District - Paschim Medinipur,total,jain,males,808
census-india-2011,sources/census-2011/c-series/state-mdds/c01-19-west-bengal.xls,723b9edf6254c86a,census-c01-extract-v1.1.0-20260527T234036Z,C0101,19,344,00000,000000,District - Paschim Medinipur,total,jain,females,742
census-india-2011,sources/census-2011/c-series/state-mdds/c01-19-west-bengal.xls,723b9edf6254c86a,census-c01-extract-v1.1.0-20260527T234036Z,C0101,19,344,00000,000000,District - Paschim Medinipur,total,other,persons,184278
census-india-2011,sources/census-2011/c-series/state-mdds/c01-19-west-bengal.xls,723b9edf6254c86a,census-c01-extract-v1.1.0-20260527T234036Z,C0101,19,344,00000,000000,District - Paschim Medinipur,total,other,males,91418
census-india-2011,sources/census-2011/c-series/state-mdds/c01-19-west-bengal.xls,723b9edf6254c86a,census-c01-extract-v1.1.0-20260527T234036Z,C0101,19,344,00000,000000,District - Paschim Medinipur,total,other,females,92860
census-india-2011,sources/census-2011/c-series/state-mdds/c01-19-west-bengal.xls,723b9edf6254c86a,census-c01-extract-v1.1.0-20260527T234036Z,C0101,19,344,00000,000000,District - Paschim Medinipur,total,not_stated,persons,21962
census-india-2011,sources/census-2011/c-series/state-mdds/c01-19-west-bengal.xls,723b9edf6254c86a,census-c01-extract-v1.1.0-20260527T234036Z,C0101,19,344,00000,000000,District - Paschim Medinipur,total,not_stated,males,13614
census-india-2011,sources/census-2011/c-series/state-mdds/c01-19-west-bengal.xls,723b9edf6254c86a,census-c01-extract-v1.1.0-20260527T234036Z,C0101,19,344,00000,000000,District - Paschim Medinipur,total,not_stated,females,8348
census-india-2011,sources/census-2011/c-series/state-mdds/c01-19-west-bengal.xls,723b9edf6254c86a,census-c01-extract-v1.1.0-20260527T234036Z,C0101,19,344,00000,000000,District - Paschim Medinipur,rural,all,persons,5190771
census-india-2011,sources/census-2011/c-series/state-mdds/c01-19-west-bengal.xls,723b9edf6254c86a,census-c01-extract-v1.1.0-20260527T234036Z,C0101,19,344,00000,000000,District - Paschim Medinipur,rural,all,males,2641721
census-india-2011,sources/census-2011/c-series/state-mdds/c01-19-west-bengal.xls,723b9edf6254c86a,census-c01-extract-v1.1.0-20260527T234036Z,C0101,19,344,00000,000000,District - Paschim Medinipur,rural,all,females,2549050
census-india-2011,sources/census-2011/c-series/state-mdds/c01-19-west-bengal.xls,723b9edf6254c86a,census-c01-extract-v1.1.0-20260527T234036Z,C0101,19,344,00000,000000,District - Paschim Medinipur,rural,hindu,persons,4435331
census-india-2011,sources/census-2011/c-series/state-mdds/c01-19-west-bengal.xls,723b9edf6254c86a,census-c01-extract-v1.1.0-20260527T234036Z,C0101,19,344,00000,000000,District - Paschim Medinipur,rural,hindu,males,2258207
census-india-2011,sources/census-2011/c-series/state-mdds/c01-19-west-bengal.xls,723b9edf6254c86a,census-c01-extract-v1.1.0-20260527T234036Z,C0101,19,344,00000,000000,District - Paschim Medinipur,rural,hindu,females,2177124
census-india-2011,sources/census-2011/c-series/state-mdds/c01-19-west-bengal.xls,723b9edf6254c86a,census-c01-extract-v1.1.0-20260527T234036Z,C0101,19,344,00000,000000,District - Paschim Medinipur,rural,muslim,persons,542184
census-india-2011,sources/census-2011/c-series/state-mdds/c01-19-west-bengal.xls,723b9edf6254c86a,census-c01-extract-v1.1.0-20260527T234036Z,C0101,19,344,00000,000000,District - Paschim Medinipur,rural,muslim,males,277596
census-india-2011,sources/census-2011/c-series/state-mdds/c01-19-west-bengal.xls,723b9edf6254c86a,census-c01-extract-v1.1.0-20260527T234036Z,C0101,19,344,00000,000000,District - Paschim Medinipur,rural,muslim,females,264588
census-india-2011,sources/census-2011/c-series/state-mdds/c01-19-west-bengal.xls,723b9edf6254c86a,census-c01-extract-v1.1.0-20260527T234036Z,C0101,19,344,00000,000000,District - Paschim Medinipur,rural,christian,persons,15299
census-india-2011,sources/census-2011/c-series/state-mdds/c01-19-west-bengal.xls,723b9edf6254c86a,census-c01-extract-v1.1.0-20260527T234036Z,C0101,19,344,00000,000000,District - Paschim Medinipur,rural,christian,males,7577
census-india-2011,sources/census-2011/c-series/state-mdds/c01-19-west-bengal.xls,723b9edf6254c86a,census-c01-extract-v1.1.0-20260527T234036Z,C0101,19,344,00000,000000,District - Paschim Medinipur,rural,christian,females,7722
census-india-2011,sources/census-2011/c-series/state-mdds/c01-19-west-bengal.xls,723b9edf6254c86a,census-c01-extract-v1.1.0-20260527T234036Z,C0101,19,344,00000,000000,District - Paschim Medinipur,rural,sikh,persons,665
census-india-2011,sources/census-2011/c-series/state-mdds/c01-19-west-bengal.xls,723b9edf6254c86a,census-c01-extract-v1.1.0-20260527T234036Z,C0101,19,344,00000,000000,District - Paschim Medinipur,rural,sikh,males,353
census-india-2011,sources/census-2011/c-series/state-mdds/c01-19-west-bengal.xls,723b9edf6254c86a,census-c01-extract-v1.1.0-20260527T234036Z,C0101,19,344,00000,000000,District - Paschim Medinipur,rural,sikh,females,312
census-india-2011,sources/census-2011/c-series/state-mdds/c01-19-west-bengal.xls,723b9edf6254c86a,census-c01-extract-v1.1.0-20260527T234036Z,C0101,19,344,00000,000000,District - Paschim Medinipur,rural,buddhist,persons,1279
census-india-2011,sources/census-2011/c-series/state-mdds/c01-19-west-bengal.xls,723b9edf6254c86a,census-c01-extract-v1.1.0-20260527T234036Z,C0101,19,344,00000,000000,District - Paschim Medinipur,rural,buddhist,males,650
census-india-2011,sources/census-2011/c-series/state-mdds/c01-19-west-bengal.xls,723b9edf6254c86a,census-c01-extract-v1.1.0-20260527T234036Z,C0101,19,344,00000,000000,District - Paschim Medinipur,rural,buddhist,females,629
census-india-2011,sources/census-2011/c-series/state-mdds/c01-19-west-bengal.xls,723b9edf6254c86a,census-c01-extract-v1.1.0-20260527T234036Z,C0101,19,344,00000,000000,District - Paschim Medinipur,rural,jain,persons,494
census-india-2011,sources/census-2011/c-series/state-mdds/c01-19-west-bengal.xls,723b9edf6254c86a,census-c01-extract-v1.1.0-20260527T234036Z,C0101,19,344,00000,000000,District - Paschim Medinipur,rural,jain,males,263
census-india-2011,sources/census-2011/c-series/state-mdds/c01-19-west-bengal.xls,723b9edf6254c86a,census-c01-extract-v1.1.0-20260527T234036Z,C0101,19,344,00000,000000,District - Paschim Medinipur,rural,jain,females,231
census-india-2011,sources/census-2011/c-series/state-mdds/c01-19-west-bengal.xls,723b9edf6254c86a,census-c01-extract-v1.1.0-20260527T234036Z,C0101,19,344,00000,000000,District - Paschim Medinipur,rural,other,persons,182396
census-india-2011,sources/census-2011/c-series/state-mdds/c01-19-west-bengal.xls,723b9edf6254c86a,census-c01-extract-v1.1.0-20260527T234036Z,C0101,19,344,00000,000000,District - Paschim Medinipur,rural,other,males,90481
census-india-2011,sources/census-2011/c-series/state-mdds/c01-19-west-bengal.xls,723b9edf6254c86a,census-c01-extract-v1.1.0-20260527T234036Z,C0101,19,344,00000,000000,District - Paschim Medinipur,rural,other,females,91915
census-india-2011,sources/census-2011/c-series/state-mdds/c01-19-west-bengal.xls,723b9edf6254c86a,census-c01-extract-v1.1.0-20260527T234036Z,C0101,19,344,00000,000000,District - Paschim Medinipur,rural,not_stated,persons,13123
census-india-2011,sources/census-2011/c-series/state-mdds/c01-19-west-bengal.xls,723b9edf6254c86a,census-c01-extract-v1.1.0-20260527T234036Z,C0101,19,344,00000,000000,District - Paschim Medinipur,rural,not_stated,males,6594
census-india-2011,sources/census-2011/c-series/state-mdds/c01-19-west-bengal.xls,723b9edf6254c86a,census-c01-extract-v1.1.0-20260527T234036Z,C0101,19,344,00000,000000,District - Paschim Medinipur,rural,not_stated,females,6529
census-india-2011,sources/census-2011/c-series/state-mdds/c01-19-west-bengal.xls,723b9edf6254c86a,census-c01-extract-v1.1.0-20260527T234036Z,C0101,19,344,00000,000000,District - Paschim Medinipur,urban,all,persons,722686
census-india-2011,sources/census-2011/c-series/state-mdds/c01-19-west-bengal.xls,723b9edf6254c86a,census-c01-extract-v1.1.0-20260527T234036Z,C0101,19,344,00000,000000,District - Paschim Medinipur,urban,all,males,366164
census-india-2011,sources/census-2011/c-series/state-mdds/c01-19-west-bengal.xls,723b9edf6254c86a,census-c01-extract-v1.1.0-20260527T234036Z,C0101,19,344,00000,000000,District - Paschim Medinipur,urban,all,females,356522
census-india-2011,sources/census-2011/c-series/state-mdds/c01-19-west-bengal.xls,723b9edf6254c86a,census-c01-extract-v1.1.0-20260527T234036Z,C0101,19,344,00000,000000,District - Paschim Medinipur,urban,hindu,persons,621622
census-india-2011,sources/census-2011/c-series/state-mdds/c01-19-west-bengal.xls,723b9edf6254c86a,census-c01-extract-v1.1.0-20260527T234036Z,C0101,19,344,00000,000000,District - Paschim Medinipur,urban,hindu,males,312885
census-india-2011,sources/census-2011/c-series/state-mdds/c01-19-west-bengal.xls,723b9edf6254c86a,census-c01-extract-v1.1.0-20260527T234036Z,C0101,19,344,00000,000000,District - Paschim Medinipur,urban,hindu,females,308737
census-india-2011,sources/census-2011/c-series/state-mdds/c01-19-west-bengal.xls,723b9edf6254c86a,census-c01-extract-v1.1.0-20260527T234036Z,C0101,19,344,00000,000000,District - Paschim Medinipur,urban,muslim,persons,78370
census-india-2011,sources/census-2011/c-series/state-mdds/c01-19-west-bengal.xls,723b9edf6254c86a,census-c01-extract-v1.1.0-20260527T234036Z,C0101,19,344,00000,000000,District - Paschim Medinipur,urban,muslim,males,39504
census-india-2011,sources/census-2011/c-series/state-mdds/c01-19-west-bengal.xls,723b9edf6254c86a,census-c01-extract-v1.1.0-20260527T234036Z,C0101,19,344,00000,000000,District - Paschim Medinipur,urban,muslim,females,38866
census-india-2011,sources/census-2011/c-series/state-mdds/c01-19-west-bengal.xls,723b9edf6254c86a,census-c01-extract-v1.1.0-20260527T234036Z,C0101,19,344,00000,000000,District - Paschim Medinipur,urban,christian,persons,7988
census-india-2011,sources/census-2011/c-series/state-mdds/c01-19-west-bengal.xls,723b9edf6254c86a,census-c01-extract-v1.1.0-20260527T234036Z,C0101,19,344,00000,000000,District - Paschim Medinipur,urban,christian,males,3782
census-india-2011,sources/census-2011/c-series/state-mdds/c01-19-west-bengal.xls,723b9edf6254c86a,census-c01-extract-v1.1.0-20260527T234036Z,C0101,19,344,00000,000000,District - Paschim Medinipur,urban,christian,females,4206
census-india-2011,sources/census-2011/c-series/state-mdds/c01-19-west-bengal.xls,723b9edf6254c86a,census-c01-extract-v1.1.0-20260527T234036Z,C0101,19,344,00000,000000,District - Paschim Medinipur,urban,sikh,persons,2189
census-india-2011,sources/census-2011/c-series/state-mdds/c01-19-west-bengal.xls,723b9edf6254c86a,census-c01-extract-v1.1.0-20260527T234036Z,C0101,19,344,00000,000000,District - Paschim Medinipur,urban,sikh,males,1133
census-india-2011,sources/census-2011/c-series/state-mdds/c01-19-west-bengal.xls,723b9edf6254c86a,census-c01-extract-v1.1.0-20260527T234036Z,C0101,19,344,00000,000000,District - Paschim Medinipur,urban,sikh,females,1056
census-india-2011,sources/census-2011/c-series/state-mdds/c01-19-west-bengal.xls,723b9edf6254c86a,census-c01-extract-v1.1.0-20260527T234036Z,C0101,19,344,00000,000000,District - Paschim Medinipur,urban,buddhist,persons,740
census-india-2011,sources/census-2011/c-series/state-mdds/c01-19-west-bengal.xls,723b9edf6254c86a,census-c01-extract-v1.1.0-20260527T234036Z,C0101,19,344,00000,000000,District - Paschim Medinipur,urban,buddhist,males,358
census-india-2011,sources/census-2011/c-series/state-mdds/c01-19-west-bengal.xls,723b9edf6254c86a,census-c01-extract-v1.1.0-20260527T234036Z,C0101,19,344,00000,000000,District - Paschim Medinipur,urban,buddhist,females,382
census-india-2011,sources/census-2011/c-series/state-mdds/c01-19-west-bengal.xls,723b9edf6254c86a,census-c01-extract-v1.1.0-20260527T234036Z,C0101,19,344,00000,000000,District - Paschim Medinipur,urban,jain,persons,1056
census-india-2011,sources/census-2011/c-series/state-mdds/c01-19-west-bengal.xls,723b9edf6254c86a,census-c01-extract-v1.1.0-20260527T234036Z,C0101,19,344,00000,000000,District - Paschim Medinipur,urban,jain,males,545
census-india-2011,sources/census-2011/c-series/state-mdds/c01-19-west-bengal.xls,723b9edf6254c86a,census-c01-extract-v1.1.0-20260527T234036Z,C0101,19,344,00000,000000,District - Paschim Medinipur,urban,jain,females,511
census-india-2011,sources/census-2011/c-series/state-mdds/c01-19-west-bengal.xls,723b9edf6254c86a,census-c01-extract-v1.1.0-20260527T234036Z,C0101,19,344,00000,000000,District - Paschim Medinipur,urban,other,persons,1882
census-india-2011,sources/census-2011/c-series/state-mdds/c01-19-west-bengal.xls,723b9edf6254c86a,census-c01-extract-v1.1.0-20260527T234036Z,C0101,19,344,00000,000000,District - Paschim Medinipur,urban,other,males,937
census-india-2011,sources/census-2011/c-series/state-mdds/c01-19-west-bengal.xls,723b9edf6254c86a,census-c01-extract-v1.1.0-20260527T234036Z,C0101,19,344,00000,000000,District - Paschim Medinipur,urban,other,females,945
census-india-2011,sources/census-2011/c-series/state-mdds/c01-19-west-bengal.xls,723b9edf6254c86a,census-c01-extract-v1.1.0-20260527T234036Z,C0101,19,344,00000,000000,District - Paschim Medinipur,urban,not_stated,persons,8839
census-india-2011,sources/census-2011/c-series/state-mdds/c01-19-west-bengal.xls,723b9edf6254c86a,census-c01-extract-v1.1.0-20260527T234036Z,C0101,19,344,00000,000000,District - Paschim Medinipur,urban,not_stated,males,7020
census-india-2011,sources/census-2011/c-series/state-mdds/c01-19-west-bengal.xls,723b9edf6254c86a,census-c01-extract-v1.1.0-20260527T234036Z,C0101,19,344,00000,000000,District - Paschim Medinipur,urban,not_stated,females,1819
census-india-2011,sources/census-2011/c-series/state-mdds/c01-19-west-bengal.xls,723b9edf6254c86a,census-c01-extract-v1.1.0-20260527T234036Z,C0101,19,345,00000,000000,District - Purba Medinipur,total,all,persons,5095875
census-india-2011,sources/census-2011/c-series/state-mdds/c01-19-west-bengal.xls,723b9edf6254c86a,census-c01-extract-v1.1.0-20260527T234036Z,C0101,19,345,00000,000000,District - Purba Medinipur,total,all,males,2629834
census-india-2011,sources/census-2011/c-series/state-mdds/c01-19-west-bengal.xls,723b9edf6254c86a,census-c01-extract-v1.1.0-20260527T234036Z,C0101,19,345,00000,000000,District - Purba Medinipur,total,all,females,2466041
census-india-2011,sources/census-2011/c-series/state-mdds/c01-19-west-bengal.xls,723b9edf6254c86a,census-c01-extract-v1.1.0-20260527T234036Z,C0101,19,345,00000,000000,District - Purba Medinipur,total,hindu,persons,4343972
census-india-2011,sources/census-2011/c-series/state-mdds/c01-19-west-bengal.xls,723b9edf6254c86a,census-c01-extract-v1.1.0-20260527T234036Z,C0101,19,345,00000,000000,District - Purba Medinipur,total,hindu,males,2242672
census-india-2011,sources/census-2011/c-series/state-mdds/c01-19-west-bengal.xls,723b9edf6254c86a,census-c01-extract-v1.1.0-20260527T234036Z,C0101,19,345,00000,000000,District - Purba Medinipur,total,hindu,females,2101300
census-india-2011,sources/census-2011/c-series/state-mdds/c01-19-west-bengal.xls,723b9edf6254c86a,census-c01-extract-v1.1.0-20260527T234036Z,C0101,19,345,00000,000000,District - Purba Medinipur,total,muslim,persons,743436
census-india-2011,sources/census-2011/c-series/state-mdds/c01-19-west-bengal.xls,723b9edf6254c86a,census-c01-extract-v1.1.0-20260527T234036Z,C0101,19,345,00000,000000,District - Purba Medinipur,total,muslim,males,382646
census-india-2011,sources/census-2011/c-series/state-mdds/c01-19-west-bengal.xls,723b9edf6254c86a,census-c01-extract-v1.1.0-20260527T234036Z,C0101,19,345,00000,000000,District - Purba Medinipur,total,muslim,females,360790
census-india-2011,sources/census-2011/c-series/state-mdds/c01-19-west-bengal.xls,723b9edf6254c86a,census-c01-extract-v1.1.0-20260527T234036Z,C0101,19,345,00000,000000,District - Purba Medinipur,total,christian,persons,2648
census-india-2011,sources/census-2011/c-series/state-mdds/c01-19-west-bengal.xls,723b9edf6254c86a,census-c01-extract-v1.1.0-20260527T234036Z,C0101,19,345,00000,000000,District - Purba Medinipur,total,christian,males,1424
census-india-2011,sources/census-2011/c-series/state-mdds/c01-19-west-bengal.xls,723b9edf6254c86a,census-c01-extract-v1.1.0-20260527T234036Z,C0101,19,345,00000,000000,District - Purba Medinipur,total,christian,females,1224
census-india-2011,sources/census-2011/c-series/state-mdds/c01-19-west-bengal.xls,723b9edf6254c86a,census-c01-extract-v1.1.0-20260527T234036Z,C0101,19,345,00000,000000,District - Purba Medinipur,total,sikh,persons,746
census-india-2011,sources/census-2011/c-series/state-mdds/c01-19-west-bengal.xls,723b9edf6254c86a,census-c01-extract-v1.1.0-20260527T234036Z,C0101,19,345,00000,000000,District - Purba Medinipur,total,sikh,males,392
census-india-2011,sources/census-2011/c-series/state-mdds/c01-19-west-bengal.xls,723b9edf6254c86a,census-c01-extract-v1.1.0-20260527T234036Z,C0101,19,345,00000,000000,District - Purba Medinipur,total,sikh,females,354
census-india-2011,sources/census-2011/c-series/state-mdds/c01-19-west-bengal.xls,723b9edf6254c86a,census-c01-extract-v1.1.0-20260527T234036Z,C0101,19,345,00000,000000,District - Purba Medinipur,total,buddhist,persons,317
census-india-2011,sources/census-2011/c-series/state-mdds/c01-19-west-bengal.xls,723b9edf6254c86a,census-c01-extract-v1.1.0-20260527T234036Z,C0101,19,345,00000,000000,District - Purba Medinipur,total,buddhist,males,157
census-india-2011,sources/census-2011/c-series/state-mdds/c01-19-west-bengal.xls,723b9edf6254c86a,census-c01-extract-v1.1.0-20260527T234036Z,C0101,19,345,00000,000000,District - Purba Medinipur,total,buddhist,females,160
census-india-2011,sources/census-2011/c-series/state-mdds/c01-19-west-bengal.xls,723b9edf6254c86a,census-c01-extract-v1.1.0-20260527T234036Z,C0101,19,345,00000,000000,District - Purba Medinipur,total,jain,persons,574
census-india-2011,sources/census-2011/c-series/state-mdds/c01-19-west-bengal.xls,723b9edf6254c86a,census-c01-extract-v1.1.0-20260527T234036Z,C0101,19,345,00000,000000,District - Purba Medinipur,total,jain,males,293
census-india-2011,sources/census-2011/c-series/state-mdds/c01-19-west-bengal.xls,723b9edf6254c86a,census-c01-extract-v1.1.0-20260527T234036Z,C0101,19,345,00000,000000,District - Purba Medinipur,total,jain,females,281
census-india-2011,sources/census-2011/c-series/state-mdds/c01-19-west-bengal.xls,723b9edf6254c86a,census-c01-extract-v1.1.0-20260527T234036Z,C0101,19,345,00000,000000,District - Purba Medinipur,total,other,persons,359
census-india-2011,sources/census-2011/c-series/state-mdds/c01-19-west-bengal.xls,723b9edf6254c86a,census-c01-extract-v1.1.0-20260527T234036Z,C0101,19,345,00000,000000,District - Purba Medinipur,total,other,males,197
census-india-2011,sources/census-2011/c-series/state-mdds/c01-19-west-bengal.xls,723b9edf6254c86a,census-c01-extract-v1.1.0-20260527T234036Z,C0101,19,345,00000,000000,District - Purba Medinipur,total,other,females,162
census-india-2011,sources/census-2011/c-series/state-mdds/c01-19-west-bengal.xls,723b9edf6254c86a,census-c01-extract-v1.1.0-20260527T234036Z,C0101,19,345,00000,000000,District - Purba Medinipur,total,not_stated,persons,3823
census-india-2011,sources/census-2011/c-series/state-mdds/c01-19-west-bengal.xls,723b9edf6254c86a,census-c01-extract-v1.1.0-20260527T234036Z,C0101,19,345,00000,000000,District - Purba Medinipur,total,not_stated,males,2053
census-india-2011,sources/census-2011/c-series/state-mdds/c01-19-west-bengal.xls,723b9edf6254c86a,census-c01-extract-v1.1.0-20260527T234036Z,C0101,19,345,00000,000000,District - Purba Medinipur,total,not_stated,females,1770
census-india-2011,sources/census-2011/c-series/state-mdds/c01-19-west-bengal.xls,723b9edf6254c86a,census-c01-extract-v1.1.0-20260527T234036Z,C0101,19,345,00000,000000,District - Purba Medinipur,rural,all,persons,4503161
census-india-2011,sources/census-2011/c-series/state-mdds/c01-19-west-bengal.xls,723b9edf6254c86a,census-c01-extract-v1.1.0-20260527T234036Z,C0101,19,345,00000,000000,District - Purba Medinipur,rural,all,males,2322562
census-india-2011,sources/census-2011/c-series/state-mdds/c01-19-west-bengal.xls,723b9edf6254c86a,census-c01-extract-v1.1.0-20260527T234036Z,C0101,19,345,00000,000000,District - Purba Medinipur,rural,all,females,2180599
census-india-2011,sources/census-2011/c-series/state-mdds/c01-19-west-bengal.xls,723b9edf6254c86a,census-c01-extract-v1.1.0-20260527T234036Z,C0101,19,345,00000,000000,District - Purba Medinipur,rural,hindu,persons,3895308
census-india-2011,sources/census-2011/c-series/state-mdds/c01-19-west-bengal.xls,723b9edf6254c86a,census-c01-extract-v1.1.0-20260527T234036Z,C0101,19,345,00000,000000,District - Purba Medinipur,rural,hindu,males,2010748
census-india-2011,sources/census-2011/c-series/state-mdds/c01-19-west-bengal.xls,723b9edf6254c86a,census-c01-extract-v1.1.0-20260527T234036Z,C0101,19,345,00000,000000,District - Purba Medinipur,rural,hindu,females,1884560
census-india-2011,sources/census-2011/c-series/state-mdds/c01-19-west-bengal.xls,723b9edf6254c86a,census-c01-extract-v1.1.0-20260527T234036Z,C0101,19,345,00000,000000,District - Purba Medinipur,rural,muslim,persons,601443
census-india-2011,sources/census-2011/c-series/state-mdds/c01-19-west-bengal.xls,723b9edf6254c86a,census-c01-extract-v1.1.0-20260527T234036Z,C0101,19,345,00000,000000,District - Purba Medinipur,rural,muslim,males,308497
census-india-2011,sources/census-2011/c-series/state-mdds/c01-19-west-bengal.xls,723b9edf6254c86a,census-c01-extract-v1.1.0-20260527T234036Z,C0101,19,345,00000,000000,District - Purba Medinipur,rural,muslim,females,292946
census-india-2011,sources/census-2011/c-series/state-mdds/c01-19-west-bengal.xls,723b9edf6254c86a,census-c01-extract-v1.1.0-20260527T234036Z,C0101,19,345,00000,000000,District - Purba Medinipur,rural,christian,persons,2081
census-india-2011,sources/census-2011/c-series/state-mdds/c01-19-west-bengal.xls,723b9edf6254c86a,census-c01-extract-v1.1.0-20260527T234036Z,C0101,19,345,00000,000000,District - Purba Medinipur,rural,christian,males,1131
census-india-2011,sources/census-2011/c-series/state-mdds/c01-19-west-bengal.xls,723b9edf6254c86a,census-c01-extract-v1.1.0-20260527T234036Z,C0101,19,345,00000,000000,District - Purba Medinipur,rural,christian,females,950
census-india-2011,sources/census-2011/c-series/state-mdds/c01-19-west-bengal.xls,723b9edf6254c86a,census-c01-extract-v1.1.0-20260527T234036Z,C0101,19,345,00000,000000,District - Purba Medinipur,rural,sikh,persons,472
census-india-2011,sources/census-2011/c-series/state-mdds/c01-19-west-bengal.xls,723b9edf6254c86a,census-c01-extract-v1.1.0-20260527T234036Z,C0101,19,345,00000,000000,District - Purba Medinipur,rural,sikh,males,237
census-india-2011,sources/census-2011/c-series/state-mdds/c01-19-west-bengal.xls,723b9edf6254c86a,census-c01-extract-v1.1.0-20260527T234036Z,C0101,19,345,00000,000000,District - Purba Medinipur,rural,sikh,females,235
census-india-2011,sources/census-2011/c-series/state-mdds/c01-19-west-bengal.xls,723b9edf6254c86a,census-c01-extract-v1.1.0-20260527T234036Z,C0101,19,345,00000,000000,District - Purba Medinipur,rural,buddhist,persons,177
census-india-2011,sources/census-2011/c-series/state-mdds/c01-19-west-bengal.xls,723b9edf6254c86a,census-c01-extract-v1.1.0-20260527T234036Z,C0101,19,345,00000,000000,District - Purba Medinipur,rural,buddhist,males,88
census-india-2011,sources/census-2011/c-series/state-mdds/c01-19-west-bengal.xls,723b9edf6254c86a,census-c01-extract-v1.1.0-20260527T234036Z,C0101,19,345,00000,000000,District - Purba Medinipur,rural,buddhist,females,89
census-india-2011,sources/census-2011/c-series/state-mdds/c01-19-west-bengal.xls,723b9edf6254c86a,census-c01-extract-v1.1.0-20260527T234036Z,C0101,19,345,00000,000000,District - Purba Medinipur,rural,jain,persons,195
census-india-2011,sources/census-2011/c-series/state-mdds/c01-19-west-bengal.xls,723b9edf6254c86a,census-c01-extract-v1.1.0-20260527T234036Z,C0101,19,345,00000,000000,District - Purba Medinipur,rural,jain,males,100
census-india-2011,sources/census-2011/c-series/state-mdds/c01-19-west-bengal.xls,723b9edf6254c86a,census-c01-extract-v1.1.0-20260527T234036Z,C0101,19,345,00000,000000,District - Purba Medinipur,rural,jain,females,95
census-india-2011,sources/census-2011/c-series/state-mdds/c01-19-west-bengal.xls,723b9edf6254c86a,census-c01-extract-v1.1.0-20260527T234036Z,C0101,19,345,00000,000000,District - Purba Medinipur,rural,other,persons,259
census-india-2011,sources/census-2011/c-series/state-mdds/c01-19-west-bengal.xls,723b9edf6254c86a,census-c01-extract-v1.1.0-20260527T234036Z,C0101,19,345,00000,000000,District - Purba Medinipur,rural,other,males,141
census-india-2011,sources/census-2011/c-series/state-mdds/c01-19-west-bengal.xls,723b9edf6254c86a,census-c01-extract-v1.1.0-20260527T234036Z,C0101,19,345,00000,000000,District - Purba Medinipur,rural,other,females,118
census-india-2011,sources/census-2011/c-series/state-mdds/c01-19-west-bengal.xls,723b9edf6254c86a,census-c01-extract-v1.1.0-20260527T234036Z,C0101,19,345,00000,000000,District - Purba Medinipur,rural,not_stated,persons,3226
census-india-2011,sources/census-2011/c-series/state-mdds/c01-19-west-bengal.xls,723b9edf6254c86a,census-c01-extract-v1.1.0-20260527T234036Z,C0101,19,345,00000,000000,District - Purba Medinipur,rural,not_stated,males,1620
census-india-2011,sources/census-2011/c-series/state-mdds/c01-19-west-bengal.xls,723b9edf6254c86a,census-c01-extract-v1.1.0-20260527T234036Z,C0101,19,345,00000,000000,District - Purba Medinipur,rural,not_stated,females,1606
census-india-2011,sources/census-2011/c-series/state-mdds/c01-19-west-bengal.xls,723b9edf6254c86a,census-c01-extract-v1.1.0-20260527T234036Z,C0101,19,345,00000,000000,District - Purba Medinipur,urban,all,persons,592714
census-india-2011,sources/census-2011/c-series/state-mdds/c01-19-west-bengal.xls,723b9edf6254c86a,census-c01-extract-v1.1.0-20260527T234036Z,C0101,19,345,00000,000000,District - Purba Medinipur,urban,all,males,307272
census-india-2011,sources/census-2011/c-series/state-mdds/c01-19-west-bengal.xls,723b9edf6254c86a,census-c01-extract-v1.1.0-20260527T234036Z,C0101,19,345,00000,000000,District - Purba Medinipur,urban,all,females,285442
census-india-2011,sources/census-2011/c-series/state-mdds/c01-19-west-bengal.xls,723b9edf6254c86a,census-c01-extract-v1.1.0-20260527T234036Z,C0101,19,345,00000,000000,District - Purba Medinipur,urban,hindu,persons,448664
census-india-2011,sources/census-2011/c-series/state-mdds/c01-19-west-bengal.xls,723b9edf6254c86a,census-c01-extract-v1.1.0-20260527T234036Z,C0101,19,345,00000,000000,District - Purba Medinipur,urban,hindu,males,231924
census-india-2011,sources/census-2011/c-series/state-mdds/c01-19-west-bengal.xls,723b9edf6254c86a,census-c01-extract-v1.1.0-20260527T234036Z,C0101,19,345,00000,000000,District - Purba Medinipur,urban,hindu,females,216740
census-india-2011,sources/census-2011/c-series/state-mdds/c01-19-west-bengal.xls,723b9edf6254c86a,census-c01-extract-v1.1.0-20260527T234036Z,C0101,19,345,00000,000000,District - Purba Medinipur,urban,muslim,persons,141993
census-india-2011,sources/census-2011/c-series/state-mdds/c01-19-west-bengal.xls,723b9edf6254c86a,census-c01-extract-v1.1.0-20260527T234036Z,C0101,19,345,00000,000000,District - Purba Medinipur,urban,muslim,males,74149
census-india-2011,sources/census-2011/c-series/state-mdds/c01-19-west-bengal.xls,723b9edf6254c86a,census-c01-extract-v1.1.0-20260527T234036Z,C0101,19,345,00000,000000,District - Purba Medinipur,urban,muslim,females,67844
census-india-2011,sources/census-2011/c-series/state-mdds/c01-19-west-bengal.xls,723b9edf6254c86a,census-c01-extract-v1.1.0-20260527T234036Z,C0101,19,345,00000,000000,District - Purba Medinipur,urban,christian,persons,567
census-india-2011,sources/census-2011/c-series/state-mdds/c01-19-west-bengal.xls,723b9edf6254c86a,census-c01-extract-v1.1.0-20260527T234036Z,C0101,19,345,00000,000000,District - Purba Medinipur,urban,christian,males,293
census-india-2011,sources/census-2011/c-series/state-mdds/c01-19-west-bengal.xls,723b9edf6254c86a,census-c01-extract-v1.1.0-20260527T234036Z,C0101,19,345,00000,000000,District - Purba Medinipur,urban,christian,females,274
census-india-2011,sources/census-2011/c-series/state-mdds/c01-19-west-bengal.xls,723b9edf6254c86a,census-c01-extract-v1.1.0-20260527T234036Z,C0101,19,345,00000,000000,District - Purba Medinipur,urban,sikh,persons,274
census-india-2011,sources/census-2011/c-series/state-mdds/c01-19-west-bengal.xls,723b9edf6254c86a,census-c01-extract-v1.1.0-20260527T234036Z,C0101,19,345,00000,000000,District - Purba Medinipur,urban,sikh,males,155
census-india-2011,sources/census-2011/c-series/state-mdds/c01-19-west-bengal.xls,723b9edf6254c86a,census-c01-extract-v1.1.0-20260527T234036Z,C0101,19,345,00000,000000,District - Purba Medinipur,urban,sikh,females,119
census-india-2011,sources/census-2011/c-series/state-mdds/c01-19-west-bengal.xls,723b9edf6254c86a,census-c01-extract-v1.1.0-20260527T234036Z,C0101,19,345,00000,000000,District - Purba Medinipur,urban,buddhist,persons,140
census-india-2011,sources/census-2011/c-series/state-mdds/c01-19-west-bengal.xls,723b9edf6254c86a,census-c01-extract-v1.1.0-20260527T234036Z,C0101,19,345,00000,000000,District - Purba Medinipur,urban,buddhist,males,69
census-india-2011,sources/census-2011/c-series/state-mdds/c01-19-west-bengal.xls,723b9edf6254c86a,census-c01-extract-v1.1.0-20260527T234036Z,C0101,19,345,00000,000000,District - Purba Medinipur,urban,buddhist,females,71
census-india-2011,sources/census-2011/c-series/state-mdds/c01-19-west-bengal.xls,723b9edf6254c86a,census-c01-extract-v1.1.0-20260527T234036Z,C0101,19,345,00000,000000,District - Purba Medinipur,urban,jain,persons,379
census-india-2011,sources/census-2011/c-series/state-mdds/c01-19-west-bengal.xls,723b9edf6254c86a,census-c01-extract-v1.1.0-20260527T234036Z,C0101,19,345,00000,000000,District - Purba Medinipur,urban,jain,males,193
census-india-2011,sources/census-2011/c-series/state-mdds/c01-19-west-bengal.xls,723b9edf6254c86a,census-c01-extract-v1.1.0-20260527T234036Z,C0101,19,345,00000,000000,District - Purba Medinipur,urban,jain,females,186
census-india-2011,sources/census-2011/c-series/state-mdds/c01-19-west-bengal.xls,723b9edf6254c86a,census-c01-extract-v1.1.0-20260527T234036Z,C0101,19,345,00000,000000,District - Purba Medinipur,urban,other,persons,100
census-india-2011,sources/census-2011/c-series/state-mdds/c01-19-west-bengal.xls,723b9edf6254c86a,census-c01-extract-v1.1.0-20260527T234036Z,C0101,19,345,00000,000000,District - Purba Medinipur,urban,other,males,56
census-india-2011,sources/census-2011/c-series/state-mdds/c01-19-west-bengal.xls,723b9edf6254c86a,census-c01-extract-v1.1.0-20260527T234036Z,C0101,19,345,00000,000000,District - Purba Medinipur,urban,other,females,44
census-india-2011,sources/census-2011/c-series/state-mdds/c01-19-west-bengal.xls,723b9edf6254c86a,census-c01-extract-v1.1.0-20260527T234036Z,C0101,19,345,00000,000000,District - Purba Medinipur,urban,not_stated,persons,597
census-india-2011,sources/census-2011/c-series/state-mdds/c01-19-west-bengal.xls,723b9edf6254c86a,census-c01-extract-v1.1.0-20260527T234036Z,C0101,19,345,00000,000000,District - Purba Medinipur,urban,not_stated,males,433
census-india-2011,sources/census-2011/c-series/state-mdds/c01-19-west-bengal.xls,723b9edf6254c86a,census-c01-extract-v1.1.0-20260527T234036Z,C0101,19,345,00000,000000,District - Purba Medinipur,urban,not_stated,females,164
