source_id,source_document,source_sha256_prefix,extraction_run,table_name,state_code,distt_code,tehsil_code,town_code,area_name,residence,religion,sex,value
census-india-2011,sources/census-2011/c-series/state-mdds/c01-07-delhi.xls,5407e0630fa8a003,census-c01-extract-v1.1.0-20260528T003616Z,C0101,07,000,00000,000000,State - NCT OF DELHI,total,all,persons,16787941
census-india-2011,sources/census-2011/c-series/state-mdds/c01-07-delhi.xls,5407e0630fa8a003,census-c01-extract-v1.1.0-20260528T003616Z,C0101,07,000,00000,000000,State - NCT OF DELHI,total,all,males,8987326
census-india-2011,sources/census-2011/c-series/state-mdds/c01-07-delhi.xls,5407e0630fa8a003,census-c01-extract-v1.1.0-20260528T003616Z,C0101,07,000,00000,000000,State - NCT OF DELHI,total,all,females,7800615
census-india-2011,sources/census-2011/c-series/state-mdds/c01-07-delhi.xls,5407e0630fa8a003,census-c01-extract-v1.1.0-20260528T003616Z,C0101,07,000,00000,000000,State - NCT OF DELHI,total,hindu,persons,13712100
census-india-2011,sources/census-2011/c-series/state-mdds/c01-07-delhi.xls,5407e0630fa8a003,census-c01-extract-v1.1.0-20260528T003616Z,C0101,07,000,00000,000000,State - NCT OF DELHI,total,hindu,males,7353594
census-india-2011,sources/census-2011/c-series/state-mdds/c01-07-delhi.xls,5407e0630fa8a003,census-c01-extract-v1.1.0-20260528T003616Z,C0101,07,000,00000,000000,State - NCT OF DELHI,total,hindu,females,6358506
census-india-2011,sources/census-2011/c-series/state-mdds/c01-07-delhi.xls,5407e0630fa8a003,census-c01-extract-v1.1.0-20260528T003616Z,C0101,07,000,00000,000000,State - NCT OF DELHI,total,muslim,persons,2158684
census-india-2011,sources/census-2011/c-series/state-mdds/c01-07-delhi.xls,5407e0630fa8a003,census-c01-extract-v1.1.0-20260528T003616Z,C0101,07,000,00000,000000,State - NCT OF DELHI,total,muslim,males,1163934
census-india-2011,sources/census-2011/c-series/state-mdds/c01-07-delhi.xls,5407e0630fa8a003,census-c01-extract-v1.1.0-20260528T003616Z,C0101,07,000,00000,000000,State - NCT OF DELHI,total,muslim,females,994750
census-india-2011,sources/census-2011/c-series/state-mdds/c01-07-delhi.xls,5407e0630fa8a003,census-c01-extract-v1.1.0-20260528T003616Z,C0101,07,000,00000,000000,State - NCT OF DELHI,total,christian,persons,146093
census-india-2011,sources/census-2011/c-series/state-mdds/c01-07-delhi.xls,5407e0630fa8a003,census-c01-extract-v1.1.0-20260528T003616Z,C0101,07,000,00000,000000,State - NCT OF DELHI,total,christian,males,71438
census-india-2011,sources/census-2011/c-series/state-mdds/c01-07-delhi.xls,5407e0630fa8a003,census-c01-extract-v1.1.0-20260528T003616Z,C0101,07,000,00000,000000,State - NCT OF DELHI,total,christian,females,74655
census-india-2011,sources/census-2011/c-series/state-mdds/c01-07-delhi.xls,5407e0630fa8a003,census-c01-extract-v1.1.0-20260528T003616Z,C0101,07,000,00000,000000,State - NCT OF DELHI,total,sikh,persons,570581
census-india-2011,sources/census-2011/c-series/state-mdds/c01-07-delhi.xls,5407e0630fa8a003,census-c01-extract-v1.1.0-20260528T003616Z,C0101,07,000,00000,000000,State - NCT OF DELHI,total,sikh,males,294403
census-india-2011,sources/census-2011/c-series/state-mdds/c01-07-delhi.xls,5407e0630fa8a003,census-c01-extract-v1.1.0-20260528T003616Z,C0101,07,000,00000,000000,State - NCT OF DELHI,total,sikh,females,276178
census-india-2011,sources/census-2011/c-series/state-mdds/c01-07-delhi.xls,5407e0630fa8a003,census-c01-extract-v1.1.0-20260528T003616Z,C0101,07,000,00000,000000,State - NCT OF DELHI,total,buddhist,persons,18449
census-india-2011,sources/census-2011/c-series/state-mdds/c01-07-delhi.xls,5407e0630fa8a003,census-c01-extract-v1.1.0-20260528T003616Z,C0101,07,000,00000,000000,State - NCT OF DELHI,total,buddhist,males,9606
census-india-2011,sources/census-2011/c-series/state-mdds/c01-07-delhi.xls,5407e0630fa8a003,census-c01-extract-v1.1.0-20260528T003616Z,C0101,07,000,00000,000000,State - NCT OF DELHI,total,buddhist,females,8843
census-india-2011,sources/census-2011/c-series/state-mdds/c01-07-delhi.xls,5407e0630fa8a003,census-c01-extract-v1.1.0-20260528T003616Z,C0101,07,000,00000,000000,State - NCT OF DELHI,total,jain,persons,166231
census-india-2011,sources/census-2011/c-series/state-mdds/c01-07-delhi.xls,5407e0630fa8a003,census-c01-extract-v1.1.0-20260528T003616Z,C0101,07,000,00000,000000,State - NCT OF DELHI,total,jain,males,85605
census-india-2011,sources/census-2011/c-series/state-mdds/c01-07-delhi.xls,5407e0630fa8a003,census-c01-extract-v1.1.0-20260528T003616Z,C0101,07,000,00000,000000,State - NCT OF DELHI,total,jain,females,80626
census-india-2011,sources/census-2011/c-series/state-mdds/c01-07-delhi.xls,5407e0630fa8a003,census-c01-extract-v1.1.0-20260528T003616Z,C0101,07,000,00000,000000,State - NCT OF DELHI,total,other,persons,2197
census-india-2011,sources/census-2011/c-series/state-mdds/c01-07-delhi.xls,5407e0630fa8a003,census-c01-extract-v1.1.0-20260528T003616Z,C0101,07,000,00000,000000,State - NCT OF DELHI,total,other,males,1148
census-india-2011,sources/census-2011/c-series/state-mdds/c01-07-delhi.xls,5407e0630fa8a003,census-c01-extract-v1.1.0-20260528T003616Z,C0101,07,000,00000,000000,State - NCT OF DELHI,total,other,females,1049
census-india-2011,sources/census-2011/c-series/state-mdds/c01-07-delhi.xls,5407e0630fa8a003,census-c01-extract-v1.1.0-20260528T003616Z,C0101,07,000,00000,000000,State - NCT OF DELHI,total,not_stated,persons,13606
census-india-2011,sources/census-2011/c-series/state-mdds/c01-07-delhi.xls,5407e0630fa8a003,census-c01-extract-v1.1.0-20260528T003616Z,C0101,07,000,00000,000000,State - NCT OF DELHI,total,not_stated,males,7598
census-india-2011,sources/census-2011/c-series/state-mdds/c01-07-delhi.xls,5407e0630fa8a003,census-c01-extract-v1.1.0-20260528T003616Z,C0101,07,000,00000,000000,State - NCT OF DELHI,total,not_stated,females,6008
census-india-2011,sources/census-2011/c-series/state-mdds/c01-07-delhi.xls,5407e0630fa8a003,census-c01-extract-v1.1.0-20260528T003616Z,C0101,07,000,00000,000000,State - NCT OF DELHI,rural,all,persons,419042
census-india-2011,sources/census-2011/c-series/state-mdds/c01-07-delhi.xls,5407e0630fa8a003,census-c01-extract-v1.1.0-20260528T003616Z,C0101,07,000,00000,000000,State - NCT OF DELHI,rural,all,males,226321
census-india-2011,sources/census-2011/c-series/state-mdds/c01-07-delhi.xls,5407e0630fa8a003,census-c01-extract-v1.1.0-20260528T003616Z,C0101,07,000,00000,000000,State - NCT OF DELHI,rural,all,females,192721
census-india-2011,sources/census-2011/c-series/state-mdds/c01-07-delhi.xls,5407e0630fa8a003,census-c01-extract-v1.1.0-20260528T003616Z,C0101,07,000,00000,000000,State - NCT OF DELHI,rural,hindu,persons,384028
census-india-2011,sources/census-2011/c-series/state-mdds/c01-07-delhi.xls,5407e0630fa8a003,census-c01-extract-v1.1.0-20260528T003616Z,C0101,07,000,00000,000000,State - NCT OF DELHI,rural,hindu,males,207567
census-india-2011,sources/census-2011/c-series/state-mdds/c01-07-delhi.xls,5407e0630fa8a003,census-c01-extract-v1.1.0-20260528T003616Z,C0101,07,000,00000,000000,State - NCT OF DELHI,rural,hindu,females,176461
census-india-2011,sources/census-2011/c-series/state-mdds/c01-07-delhi.xls,5407e0630fa8a003,census-c01-extract-v1.1.0-20260528T003616Z,C0101,07,000,00000,000000,State - NCT OF DELHI,rural,muslim,persons,29143
census-india-2011,sources/census-2011/c-series/state-mdds/c01-07-delhi.xls,5407e0630fa8a003,census-c01-extract-v1.1.0-20260528T003616Z,C0101,07,000,00000,000000,State - NCT OF DELHI,rural,muslim,males,15703
census-india-2011,sources/census-2011/c-series/state-mdds/c01-07-delhi.xls,5407e0630fa8a003,census-c01-extract-v1.1.0-20260528T003616Z,C0101,07,000,00000,000000,State - NCT OF DELHI,rural,muslim,females,13440
census-india-2011,sources/census-2011/c-series/state-mdds/c01-07-delhi.xls,5407e0630fa8a003,census-c01-extract-v1.1.0-20260528T003616Z,C0101,07,000,00000,000000,State - NCT OF DELHI,rural,christian,persons,1132
census-india-2011,sources/census-2011/c-series/state-mdds/c01-07-delhi.xls,5407e0630fa8a003,census-c01-extract-v1.1.0-20260528T003616Z,C0101,07,000,00000,000000,State - NCT OF DELHI,rural,christian,males,580
census-india-2011,sources/census-2011/c-series/state-mdds/c01-07-delhi.xls,5407e0630fa8a003,census-c01-extract-v1.1.0-20260528T003616Z,C0101,07,000,00000,000000,State - NCT OF DELHI,rural,christian,females,552
census-india-2011,sources/census-2011/c-series/state-mdds/c01-07-delhi.xls,5407e0630fa8a003,census-c01-extract-v1.1.0-20260528T003616Z,C0101,07,000,00000,000000,State - NCT OF DELHI,rural,sikh,persons,4080
census-india-2011,sources/census-2011/c-series/state-mdds/c01-07-delhi.xls,5407e0630fa8a003,census-c01-extract-v1.1.0-20260528T003616Z,C0101,07,000,00000,000000,State - NCT OF DELHI,rural,sikh,males,2105
census-india-2011,sources/census-2011/c-series/state-mdds/c01-07-delhi.xls,5407e0630fa8a003,census-c01-extract-v1.1.0-20260528T003616Z,C0101,07,000,00000,000000,State - NCT OF DELHI,rural,sikh,females,1975
census-india-2011,sources/census-2011/c-series/state-mdds/c01-07-delhi.xls,5407e0630fa8a003,census-c01-extract-v1.1.0-20260528T003616Z,C0101,07,000,00000,000000,State - NCT OF DELHI,rural,buddhist,persons,158
census-india-2011,sources/census-2011/c-series/state-mdds/c01-07-delhi.xls,5407e0630fa8a003,census-c01-extract-v1.1.0-20260528T003616Z,C0101,07,000,00000,000000,State - NCT OF DELHI,rural,buddhist,males,86
census-india-2011,sources/census-2011/c-series/state-mdds/c01-07-delhi.xls,5407e0630fa8a003,census-c01-extract-v1.1.0-20260528T003616Z,C0101,07,000,00000,000000,State - NCT OF DELHI,rural,buddhist,females,72
census-india-2011,sources/census-2011/c-series/state-mdds/c01-07-delhi.xls,5407e0630fa8a003,census-c01-extract-v1.1.0-20260528T003616Z,C0101,07,000,00000,000000,State - NCT OF DELHI,rural,jain,persons,192
census-india-2011,sources/census-2011/c-series/state-mdds/c01-07-delhi.xls,5407e0630fa8a003,census-c01-extract-v1.1.0-20260528T003616Z,C0101,07,000,00000,000000,State - NCT OF DELHI,rural,jain,males,94
census-india-2011,sources/census-2011/c-series/state-mdds/c01-07-delhi.xls,5407e0630fa8a003,census-c01-extract-v1.1.0-20260528T003616Z,C0101,07,000,00000,000000,State - NCT OF DELHI,rural,jain,females,98
census-india-2011,sources/census-2011/c-series/state-mdds/c01-07-delhi.xls,5407e0630fa8a003,census-c01-extract-v1.1.0-20260528T003616Z,C0101,07,000,00000,000000,State - NCT OF DELHI,rural,other,persons,29
census-india-2011,sources/census-2011/c-series/state-mdds/c01-07-delhi.xls,5407e0630fa8a003,census-c01-extract-v1.1.0-20260528T003616Z,C0101,07,000,00000,000000,State - NCT OF DELHI,rural,other,males,17
census-india-2011,sources/census-2011/c-series/state-mdds/c01-07-delhi.xls,5407e0630fa8a003,census-c01-extract-v1.1.0-20260528T003616Z,C0101,07,000,00000,000000,State - NCT OF DELHI,rural,other,females,12
census-india-2011,sources/census-2011/c-series/state-mdds/c01-07-delhi.xls,5407e0630fa8a003,census-c01-extract-v1.1.0-20260528T003616Z,C0101,07,000,00000,000000,State - NCT OF DELHI,rural,not_stated,persons,280
census-india-2011,sources/census-2011/c-series/state-mdds/c01-07-delhi.xls,5407e0630fa8a003,census-c01-extract-v1.1.0-20260528T003616Z,C0101,07,000,00000,000000,State - NCT OF DELHI,rural,not_stated,males,169
census-india-2011,sources/census-2011/c-series/state-mdds/c01-07-delhi.xls,5407e0630fa8a003,census-c01-extract-v1.1.0-20260528T003616Z,C0101,07,000,00000,000000,State - NCT OF DELHI,rural,not_stated,females,111
census-india-2011,sources/census-2011/c-series/state-mdds/c01-07-delhi.xls,5407e0630fa8a003,census-c01-extract-v1.1.0-20260528T003616Z,C0101,07,000,00000,000000,State - NCT OF DELHI,urban,all,persons,16368899
census-india-2011,sources/census-2011/c-series/state-mdds/c01-07-delhi.xls,5407e0630fa8a003,census-c01-extract-v1.1.0-20260528T003616Z,C0101,07,000,00000,000000,State - NCT OF DELHI,urban,all,males,8761005
census-india-2011,sources/census-2011/c-series/state-mdds/c01-07-delhi.xls,5407e0630fa8a003,census-c01-extract-v1.1.0-20260528T003616Z,C0101,07,000,00000,000000,State - NCT OF DELHI,urban,all,females,7607894
census-india-2011,sources/census-2011/c-series/state-mdds/c01-07-delhi.xls,5407e0630fa8a003,census-c01-extract-v1.1.0-20260528T003616Z,C0101,07,000,00000,000000,State - NCT OF DELHI,urban,hindu,persons,13328072
census-india-2011,sources/census-2011/c-series/state-mdds/c01-07-delhi.xls,5407e0630fa8a003,census-c01-extract-v1.1.0-20260528T003616Z,C0101,07,000,00000,000000,State - NCT OF DELHI,urban,hindu,males,7146027
census-india-2011,sources/census-2011/c-series/state-mdds/c01-07-delhi.xls,5407e0630fa8a003,census-c01-extract-v1.1.0-20260528T003616Z,C0101,07,000,00000,000000,State - NCT OF DELHI,urban,hindu,females,6182045
census-india-2011,sources/census-2011/c-series/state-mdds/c01-07-delhi.xls,5407e0630fa8a003,census-c01-extract-v1.1.0-20260528T003616Z,C0101,07,000,00000,000000,State - NCT OF DELHI,urban,muslim,persons,2129541
census-india-2011,sources/census-2011/c-series/state-mdds/c01-07-delhi.xls,5407e0630fa8a003,census-c01-extract-v1.1.0-20260528T003616Z,C0101,07,000,00000,000000,State - NCT OF DELHI,urban,muslim,males,1148231
census-india-2011,sources/census-2011/c-series/state-mdds/c01-07-delhi.xls,5407e0630fa8a003,census-c01-extract-v1.1.0-20260528T003616Z,C0101,07,000,00000,000000,State - NCT OF DELHI,urban,muslim,females,981310
census-india-2011,sources/census-2011/c-series/state-mdds/c01-07-delhi.xls,5407e0630fa8a003,census-c01-extract-v1.1.0-20260528T003616Z,C0101,07,000,00000,000000,State - NCT OF DELHI,urban,christian,persons,144961
census-india-2011,sources/census-2011/c-series/state-mdds/c01-07-delhi.xls,5407e0630fa8a003,census-c01-extract-v1.1.0-20260528T003616Z,C0101,07,000,00000,000000,State - NCT OF DELHI,urban,christian,males,70858
census-india-2011,sources/census-2011/c-series/state-mdds/c01-07-delhi.xls,5407e0630fa8a003,census-c01-extract-v1.1.0-20260528T003616Z,C0101,07,000,00000,000000,State - NCT OF DELHI,urban,christian,females,74103
census-india-2011,sources/census-2011/c-series/state-mdds/c01-07-delhi.xls,5407e0630fa8a003,census-c01-extract-v1.1.0-20260528T003616Z,C0101,07,000,00000,000000,State - NCT OF DELHI,urban,sikh,persons,566501
census-india-2011,sources/census-2011/c-series/state-mdds/c01-07-delhi.xls,5407e0630fa8a003,census-c01-extract-v1.1.0-20260528T003616Z,C0101,07,000,00000,000000,State - NCT OF DELHI,urban,sikh,males,292298
census-india-2011,sources/census-2011/c-series/state-mdds/c01-07-delhi.xls,5407e0630fa8a003,census-c01-extract-v1.1.0-20260528T003616Z,C0101,07,000,00000,000000,State - NCT OF DELHI,urban,sikh,females,274203
census-india-2011,sources/census-2011/c-series/state-mdds/c01-07-delhi.xls,5407e0630fa8a003,census-c01-extract-v1.1.0-20260528T003616Z,C0101,07,000,00000,000000,State - NCT OF DELHI,urban,buddhist,persons,18291
census-india-2011,sources/census-2011/c-series/state-mdds/c01-07-delhi.xls,5407e0630fa8a003,census-c01-extract-v1.1.0-20260528T003616Z,C0101,07,000,00000,000000,State - NCT OF DELHI,urban,buddhist,males,9520
census-india-2011,sources/census-2011/c-series/state-mdds/c01-07-delhi.xls,5407e0630fa8a003,census-c01-extract-v1.1.0-20260528T003616Z,C0101,07,000,00000,000000,State - NCT OF DELHI,urban,buddhist,females,8771
census-india-2011,sources/census-2011/c-series/state-mdds/c01-07-delhi.xls,5407e0630fa8a003,census-c01-extract-v1.1.0-20260528T003616Z,C0101,07,000,00000,000000,State - NCT OF DELHI,urban,jain,persons,166039
census-india-2011,sources/census-2011/c-series/state-mdds/c01-07-delhi.xls,5407e0630fa8a003,census-c01-extract-v1.1.0-20260528T003616Z,C0101,07,000,00000,000000,State - NCT OF DELHI,urban,jain,males,85511
census-india-2011,sources/census-2011/c-series/state-mdds/c01-07-delhi.xls,5407e0630fa8a003,census-c01-extract-v1.1.0-20260528T003616Z,C0101,07,000,00000,000000,State - NCT OF DELHI,urban,jain,females,80528
census-india-2011,sources/census-2011/c-series/state-mdds/c01-07-delhi.xls,5407e0630fa8a003,census-c01-extract-v1.1.0-20260528T003616Z,C0101,07,000,00000,000000,State - NCT OF DELHI,urban,other,persons,2168
census-india-2011,sources/census-2011/c-series/state-mdds/c01-07-delhi.xls,5407e0630fa8a003,census-c01-extract-v1.1.0-20260528T003616Z,C0101,07,000,00000,000000,State - NCT OF DELHI,urban,other,males,1131
census-india-2011,sources/census-2011/c-series/state-mdds/c01-07-delhi.xls,5407e0630fa8a003,census-c01-extract-v1.1.0-20260528T003616Z,C0101,07,000,00000,000000,State - NCT OF DELHI,urban,other,females,1037
census-india-2011,sources/census-2011/c-series/state-mdds/c01-07-delhi.xls,5407e0630fa8a003,census-c01-extract-v1.1.0-20260528T003616Z,C0101,07,000,00000,000000,State - NCT OF DELHI,urban,not_stated,persons,13326
census-india-2011,sources/census-2011/c-series/state-mdds/c01-07-delhi.xls,5407e0630fa8a003,census-c01-extract-v1.1.0-20260528T003616Z,C0101,07,000,00000,000000,State - NCT OF DELHI,urban,not_stated,males,7429
census-india-2011,sources/census-2011/c-series/state-mdds/c01-07-delhi.xls,5407e0630fa8a003,census-c01-extract-v1.1.0-20260528T003616Z,C0101,07,000,00000,000000,State - NCT OF DELHI,urban,not_stated,females,5897
census-india-2011,sources/census-2011/c-series/state-mdds/c01-07-delhi.xls,5407e0630fa8a003,census-c01-extract-v1.1.0-20260528T003616Z,C0101,07,090,00000,000000,District - North West,total,all,persons,3656539
census-india-2011,sources/census-2011/c-series/state-mdds/c01-07-delhi.xls,5407e0630fa8a003,census-c01-extract-v1.1.0-20260528T003616Z,C0101,07,090,00000,000000,District - North West,total,all,males,1960922
census-india-2011,sources/census-2011/c-series/state-mdds/c01-07-delhi.xls,5407e0630fa8a003,census-c01-extract-v1.1.0-20260528T003616Z,C0101,07,090,00000,000000,District - North West,total,all,females,1695617
census-india-2011,sources/census-2011/c-series/state-mdds/c01-07-delhi.xls,5407e0630fa8a003,census-c01-extract-v1.1.0-20260528T003616Z,C0101,07,090,00000,000000,District - North West,total,hindu,persons,3211042
census-india-2011,sources/census-2011/c-series/state-mdds/c01-07-delhi.xls,5407e0630fa8a003,census-c01-extract-v1.1.0-20260528T003616Z,C0101,07,090,00000,000000,District - North West,total,hindu,males,1723527
census-india-2011,sources/census-2011/c-series/state-mdds/c01-07-delhi.xls,5407e0630fa8a003,census-c01-extract-v1.1.0-20260528T003616Z,C0101,07,090,00000,000000,District - North West,total,hindu,females,1487515
census-india-2011,sources/census-2011/c-series/state-mdds/c01-07-delhi.xls,5407e0630fa8a003,census-c01-extract-v1.1.0-20260528T003616Z,C0101,07,090,00000,000000,District - North West,total,muslim,persons,291330
census-india-2011,sources/census-2011/c-series/state-mdds/c01-07-delhi.xls,5407e0630fa8a003,census-c01-extract-v1.1.0-20260528T003616Z,C0101,07,090,00000,000000,District - North West,total,muslim,males,157911
census-india-2011,sources/census-2011/c-series/state-mdds/c01-07-delhi.xls,5407e0630fa8a003,census-c01-extract-v1.1.0-20260528T003616Z,C0101,07,090,00000,000000,District - North West,total,muslim,females,133419
census-india-2011,sources/census-2011/c-series/state-mdds/c01-07-delhi.xls,5407e0630fa8a003,census-c01-extract-v1.1.0-20260528T003616Z,C0101,07,090,00000,000000,District - North West,total,christian,persons,14100
census-india-2011,sources/census-2011/c-series/state-mdds/c01-07-delhi.xls,5407e0630fa8a003,census-c01-extract-v1.1.0-20260528T003616Z,C0101,07,090,00000,000000,District - North West,total,christian,males,6938
census-india-2011,sources/census-2011/c-series/state-mdds/c01-07-delhi.xls,5407e0630fa8a003,census-c01-extract-v1.1.0-20260528T003616Z,C0101,07,090,00000,000000,District - North West,total,christian,females,7162
census-india-2011,sources/census-2011/c-series/state-mdds/c01-07-delhi.xls,5407e0630fa8a003,census-c01-extract-v1.1.0-20260528T003616Z,C0101,07,090,00000,000000,District - North West,total,sikh,persons,92129
census-india-2011,sources/census-2011/c-series/state-mdds/c01-07-delhi.xls,5407e0630fa8a003,census-c01-extract-v1.1.0-20260528T003616Z,C0101,07,090,00000,000000,District - North West,total,sikh,males,47621
census-india-2011,sources/census-2011/c-series/state-mdds/c01-07-delhi.xls,5407e0630fa8a003,census-c01-extract-v1.1.0-20260528T003616Z,C0101,07,090,00000,000000,District - North West,total,sikh,females,44508
census-india-2011,sources/census-2011/c-series/state-mdds/c01-07-delhi.xls,5407e0630fa8a003,census-c01-extract-v1.1.0-20260528T003616Z,C0101,07,090,00000,000000,District - North West,total,buddhist,persons,2281
census-india-2011,sources/census-2011/c-series/state-mdds/c01-07-delhi.xls,5407e0630fa8a003,census-c01-extract-v1.1.0-20260528T003616Z,C0101,07,090,00000,000000,District - North West,total,buddhist,males,1202
census-india-2011,sources/census-2011/c-series/state-mdds/c01-07-delhi.xls,5407e0630fa8a003,census-c01-extract-v1.1.0-20260528T003616Z,C0101,07,090,00000,000000,District - North West,total,buddhist,females,1079
census-india-2011,sources/census-2011/c-series/state-mdds/c01-07-delhi.xls,5407e0630fa8a003,census-c01-extract-v1.1.0-20260528T003616Z,C0101,07,090,00000,000000,District - North West,total,jain,persons,43460
census-india-2011,sources/census-2011/c-series/state-mdds/c01-07-delhi.xls,5407e0630fa8a003,census-c01-extract-v1.1.0-20260528T003616Z,C0101,07,090,00000,000000,District - North West,total,jain,males,22513
census-india-2011,sources/census-2011/c-series/state-mdds/c01-07-delhi.xls,5407e0630fa8a003,census-c01-extract-v1.1.0-20260528T003616Z,C0101,07,090,00000,000000,District - North West,total,jain,females,20947
census-india-2011,sources/census-2011/c-series/state-mdds/c01-07-delhi.xls,5407e0630fa8a003,census-c01-extract-v1.1.0-20260528T003616Z,C0101,07,090,00000,000000,District - North West,total,other,persons,345
census-india-2011,sources/census-2011/c-series/state-mdds/c01-07-delhi.xls,5407e0630fa8a003,census-c01-extract-v1.1.0-20260528T003616Z,C0101,07,090,00000,000000,District - North West,total,other,males,177
census-india-2011,sources/census-2011/c-series/state-mdds/c01-07-delhi.xls,5407e0630fa8a003,census-c01-extract-v1.1.0-20260528T003616Z,C0101,07,090,00000,000000,District - North West,total,other,females,168
census-india-2011,sources/census-2011/c-series/state-mdds/c01-07-delhi.xls,5407e0630fa8a003,census-c01-extract-v1.1.0-20260528T003616Z,C0101,07,090,00000,000000,District - North West,total,not_stated,persons,1852
census-india-2011,sources/census-2011/c-series/state-mdds/c01-07-delhi.xls,5407e0630fa8a003,census-c01-extract-v1.1.0-20260528T003616Z,C0101,07,090,00000,000000,District - North West,total,not_stated,males,1033
census-india-2011,sources/census-2011/c-series/state-mdds/c01-07-delhi.xls,5407e0630fa8a003,census-c01-extract-v1.1.0-20260528T003616Z,C0101,07,090,00000,000000,District - North West,total,not_stated,females,819
census-india-2011,sources/census-2011/c-series/state-mdds/c01-07-delhi.xls,5407e0630fa8a003,census-c01-extract-v1.1.0-20260528T003616Z,C0101,07,090,00000,000000,District - North West,rural,all,persons,213950
census-india-2011,sources/census-2011/c-series/state-mdds/c01-07-delhi.xls,5407e0630fa8a003,census-c01-extract-v1.1.0-20260528T003616Z,C0101,07,090,00000,000000,District - North West,rural,all,males,115680
census-india-2011,sources/census-2011/c-series/state-mdds/c01-07-delhi.xls,5407e0630fa8a003,census-c01-extract-v1.1.0-20260528T003616Z,C0101,07,090,00000,000000,District - North West,rural,all,females,98270
census-india-2011,sources/census-2011/c-series/state-mdds/c01-07-delhi.xls,5407e0630fa8a003,census-c01-extract-v1.1.0-20260528T003616Z,C0101,07,090,00000,000000,District - North West,rural,hindu,persons,192991
census-india-2011,sources/census-2011/c-series/state-mdds/c01-07-delhi.xls,5407e0630fa8a003,census-c01-extract-v1.1.0-20260528T003616Z,C0101,07,090,00000,000000,District - North West,rural,hindu,males,104448
census-india-2011,sources/census-2011/c-series/state-mdds/c01-07-delhi.xls,5407e0630fa8a003,census-c01-extract-v1.1.0-20260528T003616Z,C0101,07,090,00000,000000,District - North West,rural,hindu,females,88543
census-india-2011,sources/census-2011/c-series/state-mdds/c01-07-delhi.xls,5407e0630fa8a003,census-c01-extract-v1.1.0-20260528T003616Z,C0101,07,090,00000,000000,District - North West,rural,muslim,persons,16900
census-india-2011,sources/census-2011/c-series/state-mdds/c01-07-delhi.xls,5407e0630fa8a003,census-c01-extract-v1.1.0-20260528T003616Z,C0101,07,090,00000,000000,District - North West,rural,muslim,males,9123
census-india-2011,sources/census-2011/c-series/state-mdds/c01-07-delhi.xls,5407e0630fa8a003,census-c01-extract-v1.1.0-20260528T003616Z,C0101,07,090,00000,000000,District - North West,rural,muslim,females,7777
census-india-2011,sources/census-2011/c-series/state-mdds/c01-07-delhi.xls,5407e0630fa8a003,census-c01-extract-v1.1.0-20260528T003616Z,C0101,07,090,00000,000000,District - North West,rural,christian,persons,370
census-india-2011,sources/census-2011/c-series/state-mdds/c01-07-delhi.xls,5407e0630fa8a003,census-c01-extract-v1.1.0-20260528T003616Z,C0101,07,090,00000,000000,District - North West,rural,christian,males,194
census-india-2011,sources/census-2011/c-series/state-mdds/c01-07-delhi.xls,5407e0630fa8a003,census-c01-extract-v1.1.0-20260528T003616Z,C0101,07,090,00000,000000,District - North West,rural,christian,females,176
census-india-2011,sources/census-2011/c-series/state-mdds/c01-07-delhi.xls,5407e0630fa8a003,census-c01-extract-v1.1.0-20260528T003616Z,C0101,07,090,00000,000000,District - North West,rural,sikh,persons,3429
census-india-2011,sources/census-2011/c-series/state-mdds/c01-07-delhi.xls,5407e0630fa8a003,census-c01-extract-v1.1.0-20260528T003616Z,C0101,07,090,00000,000000,District - North West,rural,sikh,males,1772
census-india-2011,sources/census-2011/c-series/state-mdds/c01-07-delhi.xls,5407e0630fa8a003,census-c01-extract-v1.1.0-20260528T003616Z,C0101,07,090,00000,000000,District - North West,rural,sikh,females,1657
census-india-2011,sources/census-2011/c-series/state-mdds/c01-07-delhi.xls,5407e0630fa8a003,census-c01-extract-v1.1.0-20260528T003616Z,C0101,07,090,00000,000000,District - North West,rural,buddhist,persons,104
census-india-2011,sources/census-2011/c-series/state-mdds/c01-07-delhi.xls,5407e0630fa8a003,census-c01-extract-v1.1.0-20260528T003616Z,C0101,07,090,00000,000000,District - North West,rural,buddhist,males,58
census-india-2011,sources/census-2011/c-series/state-mdds/c01-07-delhi.xls,5407e0630fa8a003,census-c01-extract-v1.1.0-20260528T003616Z,C0101,07,090,00000,000000,District - North West,rural,buddhist,females,46
census-india-2011,sources/census-2011/c-series/state-mdds/c01-07-delhi.xls,5407e0630fa8a003,census-c01-extract-v1.1.0-20260528T003616Z,C0101,07,090,00000,000000,District - North West,rural,jain,persons,41
census-india-2011,sources/census-2011/c-series/state-mdds/c01-07-delhi.xls,5407e0630fa8a003,census-c01-extract-v1.1.0-20260528T003616Z,C0101,07,090,00000,000000,District - North West,rural,jain,males,20
census-india-2011,sources/census-2011/c-series/state-mdds/c01-07-delhi.xls,5407e0630fa8a003,census-c01-extract-v1.1.0-20260528T003616Z,C0101,07,090,00000,000000,District - North West,rural,jain,females,21
census-india-2011,sources/census-2011/c-series/state-mdds/c01-07-delhi.xls,5407e0630fa8a003,census-c01-extract-v1.1.0-20260528T003616Z,C0101,07,090,00000,000000,District - North West,rural,other,persons,10
census-india-2011,sources/census-2011/c-series/state-mdds/c01-07-delhi.xls,5407e0630fa8a003,census-c01-extract-v1.1.0-20260528T003616Z,C0101,07,090,00000,000000,District - North West,rural,other,males,4
census-india-2011,sources/census-2011/c-series/state-mdds/c01-07-delhi.xls,5407e0630fa8a003,census-c01-extract-v1.1.0-20260528T003616Z,C0101,07,090,00000,000000,District - North West,rural,other,females,6
census-india-2011,sources/census-2011/c-series/state-mdds/c01-07-delhi.xls,5407e0630fa8a003,census-c01-extract-v1.1.0-20260528T003616Z,C0101,07,090,00000,000000,District - North West,rural,not_stated,persons,105
census-india-2011,sources/census-2011/c-series/state-mdds/c01-07-delhi.xls,5407e0630fa8a003,census-c01-extract-v1.1.0-20260528T003616Z,C0101,07,090,00000,000000,District - North West,rural,not_stated,males,61
census-india-2011,sources/census-2011/c-series/state-mdds/c01-07-delhi.xls,5407e0630fa8a003,census-c01-extract-v1.1.0-20260528T003616Z,C0101,07,090,00000,000000,District - North West,rural,not_stated,females,44
census-india-2011,sources/census-2011/c-series/state-mdds/c01-07-delhi.xls,5407e0630fa8a003,census-c01-extract-v1.1.0-20260528T003616Z,C0101,07,090,00000,000000,District - North West,urban,all,persons,3442589
census-india-2011,sources/census-2011/c-series/state-mdds/c01-07-delhi.xls,5407e0630fa8a003,census-c01-extract-v1.1.0-20260528T003616Z,C0101,07,090,00000,000000,District - North West,urban,all,males,1845242
census-india-2011,sources/census-2011/c-series/state-mdds/c01-07-delhi.xls,5407e0630fa8a003,census-c01-extract-v1.1.0-20260528T003616Z,C0101,07,090,00000,000000,District - North West,urban,all,females,1597347
census-india-2011,sources/census-2011/c-series/state-mdds/c01-07-delhi.xls,5407e0630fa8a003,census-c01-extract-v1.1.0-20260528T003616Z,C0101,07,090,00000,000000,District - North West,urban,hindu,persons,3018051
census-india-2011,sources/census-2011/c-series/state-mdds/c01-07-delhi.xls,5407e0630fa8a003,census-c01-extract-v1.1.0-20260528T003616Z,C0101,07,090,00000,000000,District - North West,urban,hindu,males,1619079
census-india-2011,sources/census-2011/c-series/state-mdds/c01-07-delhi.xls,5407e0630fa8a003,census-c01-extract-v1.1.0-20260528T003616Z,C0101,07,090,00000,000000,District - North West,urban,hindu,females,1398972
census-india-2011,sources/census-2011/c-series/state-mdds/c01-07-delhi.xls,5407e0630fa8a003,census-c01-extract-v1.1.0-20260528T003616Z,C0101,07,090,00000,000000,District - North West,urban,muslim,persons,274430
census-india-2011,sources/census-2011/c-series/state-mdds/c01-07-delhi.xls,5407e0630fa8a003,census-c01-extract-v1.1.0-20260528T003616Z,C0101,07,090,00000,000000,District - North West,urban,muslim,males,148788
census-india-2011,sources/census-2011/c-series/state-mdds/c01-07-delhi.xls,5407e0630fa8a003,census-c01-extract-v1.1.0-20260528T003616Z,C0101,07,090,00000,000000,District - North West,urban,muslim,females,125642
census-india-2011,sources/census-2011/c-series/state-mdds/c01-07-delhi.xls,5407e0630fa8a003,census-c01-extract-v1.1.0-20260528T003616Z,C0101,07,090,00000,000000,District - North West,urban,christian,persons,13730
census-india-2011,sources/census-2011/c-series/state-mdds/c01-07-delhi.xls,5407e0630fa8a003,census-c01-extract-v1.1.0-20260528T003616Z,C0101,07,090,00000,000000,District - North West,urban,christian,males,6744
census-india-2011,sources/census-2011/c-series/state-mdds/c01-07-delhi.xls,5407e0630fa8a003,census-c01-extract-v1.1.0-20260528T003616Z,C0101,07,090,00000,000000,District - North West,urban,christian,females,6986
census-india-2011,sources/census-2011/c-series/state-mdds/c01-07-delhi.xls,5407e0630fa8a003,census-c01-extract-v1.1.0-20260528T003616Z,C0101,07,090,00000,000000,District - North West,urban,sikh,persons,88700
census-india-2011,sources/census-2011/c-series/state-mdds/c01-07-delhi.xls,5407e0630fa8a003,census-c01-extract-v1.1.0-20260528T003616Z,C0101,07,090,00000,000000,District - North West,urban,sikh,males,45849
census-india-2011,sources/census-2011/c-series/state-mdds/c01-07-delhi.xls,5407e0630fa8a003,census-c01-extract-v1.1.0-20260528T003616Z,C0101,07,090,00000,000000,District - North West,urban,sikh,females,42851
census-india-2011,sources/census-2011/c-series/state-mdds/c01-07-delhi.xls,5407e0630fa8a003,census-c01-extract-v1.1.0-20260528T003616Z,C0101,07,090,00000,000000,District - North West,urban,buddhist,persons,2177
census-india-2011,sources/census-2011/c-series/state-mdds/c01-07-delhi.xls,5407e0630fa8a003,census-c01-extract-v1.1.0-20260528T003616Z,C0101,07,090,00000,000000,District - North West,urban,buddhist,males,1144
census-india-2011,sources/census-2011/c-series/state-mdds/c01-07-delhi.xls,5407e0630fa8a003,census-c01-extract-v1.1.0-20260528T003616Z,C0101,07,090,00000,000000,District - North West,urban,buddhist,females,1033
census-india-2011,sources/census-2011/c-series/state-mdds/c01-07-delhi.xls,5407e0630fa8a003,census-c01-extract-v1.1.0-20260528T003616Z,C0101,07,090,00000,000000,District - North West,urban,jain,persons,43419
census-india-2011,sources/census-2011/c-series/state-mdds/c01-07-delhi.xls,5407e0630fa8a003,census-c01-extract-v1.1.0-20260528T003616Z,C0101,07,090,00000,000000,District - North West,urban,jain,males,22493
census-india-2011,sources/census-2011/c-series/state-mdds/c01-07-delhi.xls,5407e0630fa8a003,census-c01-extract-v1.1.0-20260528T003616Z,C0101,07,090,00000,000000,District - North West,urban,jain,females,20926
census-india-2011,sources/census-2011/c-series/state-mdds/c01-07-delhi.xls,5407e0630fa8a003,census-c01-extract-v1.1.0-20260528T003616Z,C0101,07,090,00000,000000,District - North West,urban,other,persons,335
census-india-2011,sources/census-2011/c-series/state-mdds/c01-07-delhi.xls,5407e0630fa8a003,census-c01-extract-v1.1.0-20260528T003616Z,C0101,07,090,00000,000000,District - North West,urban,other,males,173
census-india-2011,sources/census-2011/c-series/state-mdds/c01-07-delhi.xls,5407e0630fa8a003,census-c01-extract-v1.1.0-20260528T003616Z,C0101,07,090,00000,000000,District - North West,urban,other,females,162
census-india-2011,sources/census-2011/c-series/state-mdds/c01-07-delhi.xls,5407e0630fa8a003,census-c01-extract-v1.1.0-20260528T003616Z,C0101,07,090,00000,000000,District - North West,urban,not_stated,persons,1747
census-india-2011,sources/census-2011/c-series/state-mdds/c01-07-delhi.xls,5407e0630fa8a003,census-c01-extract-v1.1.0-20260528T003616Z,C0101,07,090,00000,000000,District - North West,urban,not_stated,males,972
census-india-2011,sources/census-2011/c-series/state-mdds/c01-07-delhi.xls,5407e0630fa8a003,census-c01-extract-v1.1.0-20260528T003616Z,C0101,07,090,00000,000000,District - North West,urban,not_stated,females,775
census-india-2011,sources/census-2011/c-series/state-mdds/c01-07-delhi.xls,5407e0630fa8a003,census-c01-extract-v1.1.0-20260528T003616Z,C0101,07,091,00000,000000,District - North,total,all,persons,887978
census-india-2011,sources/census-2011/c-series/state-mdds/c01-07-delhi.xls,5407e0630fa8a003,census-c01-extract-v1.1.0-20260528T003616Z,C0101,07,091,00000,000000,District - North,total,all,males,475002
census-india-2011,sources/census-2011/c-series/state-mdds/c01-07-delhi.xls,5407e0630fa8a003,census-c01-extract-v1.1.0-20260528T003616Z,C0101,07,091,00000,000000,District - North,total,all,females,412976
census-india-2011,sources/census-2011/c-series/state-mdds/c01-07-delhi.xls,5407e0630fa8a003,census-c01-extract-v1.1.0-20260528T003616Z,C0101,07,091,00000,000000,District - North,total,hindu,persons,726443
census-india-2011,sources/census-2011/c-series/state-mdds/c01-07-delhi.xls,5407e0630fa8a003,census-c01-extract-v1.1.0-20260528T003616Z,C0101,07,091,00000,000000,District - North,total,hindu,males,389824
census-india-2011,sources/census-2011/c-series/state-mdds/c01-07-delhi.xls,5407e0630fa8a003,census-c01-extract-v1.1.0-20260528T003616Z,C0101,07,091,00000,000000,District - North,total,hindu,females,336619
census-india-2011,sources/census-2011/c-series/state-mdds/c01-07-delhi.xls,5407e0630fa8a003,census-c01-extract-v1.1.0-20260528T003616Z,C0101,07,091,00000,000000,District - North,total,muslim,persons,119792
census-india-2011,sources/census-2011/c-series/state-mdds/c01-07-delhi.xls,5407e0630fa8a003,census-c01-extract-v1.1.0-20260528T003616Z,C0101,07,091,00000,000000,District - North,total,muslim,males,63757
census-india-2011,sources/census-2011/c-series/state-mdds/c01-07-delhi.xls,5407e0630fa8a003,census-c01-extract-v1.1.0-20260528T003616Z,C0101,07,091,00000,000000,District - North,total,muslim,females,56035
census-india-2011,sources/census-2011/c-series/state-mdds/c01-07-delhi.xls,5407e0630fa8a003,census-c01-extract-v1.1.0-20260528T003616Z,C0101,07,091,00000,000000,District - North,total,christian,persons,7256
census-india-2011,sources/census-2011/c-series/state-mdds/c01-07-delhi.xls,5407e0630fa8a003,census-c01-extract-v1.1.0-20260528T003616Z,C0101,07,091,00000,000000,District - North,total,christian,males,3565
census-india-2011,sources/census-2011/c-series/state-mdds/c01-07-delhi.xls,5407e0630fa8a003,census-c01-extract-v1.1.0-20260528T003616Z,C0101,07,091,00000,000000,District - North,total,christian,females,3691
census-india-2011,sources/census-2011/c-series/state-mdds/c01-07-delhi.xls,5407e0630fa8a003,census-c01-extract-v1.1.0-20260528T003616Z,C0101,07,091,00000,000000,District - North,total,sikh,persons,19066
census-india-2011,sources/census-2011/c-series/state-mdds/c01-07-delhi.xls,5407e0630fa8a003,census-c01-extract-v1.1.0-20260528T003616Z,C0101,07,091,00000,000000,District - North,total,sikh,males,9895
census-india-2011,sources/census-2011/c-series/state-mdds/c01-07-delhi.xls,5407e0630fa8a003,census-c01-extract-v1.1.0-20260528T003616Z,C0101,07,091,00000,000000,District - North,total,sikh,females,9171
census-india-2011,sources/census-2011/c-series/state-mdds/c01-07-delhi.xls,5407e0630fa8a003,census-c01-extract-v1.1.0-20260528T003616Z,C0101,07,091,00000,000000,District - North,total,buddhist,persons,1824
census-india-2011,sources/census-2011/c-series/state-mdds/c01-07-delhi.xls,5407e0630fa8a003,census-c01-extract-v1.1.0-20260528T003616Z,C0101,07,091,00000,000000,District - North,total,buddhist,males,947
census-india-2011,sources/census-2011/c-series/state-mdds/c01-07-delhi.xls,5407e0630fa8a003,census-c01-extract-v1.1.0-20260528T003616Z,C0101,07,091,00000,000000,District - North,total,buddhist,females,877
census-india-2011,sources/census-2011/c-series/state-mdds/c01-07-delhi.xls,5407e0630fa8a003,census-c01-extract-v1.1.0-20260528T003616Z,C0101,07,091,00000,000000,District - North,total,jain,persons,13049
census-india-2011,sources/census-2011/c-series/state-mdds/c01-07-delhi.xls,5407e0630fa8a003,census-c01-extract-v1.1.0-20260528T003616Z,C0101,07,091,00000,000000,District - North,total,jain,males,6721
census-india-2011,sources/census-2011/c-series/state-mdds/c01-07-delhi.xls,5407e0630fa8a003,census-c01-extract-v1.1.0-20260528T003616Z,C0101,07,091,00000,000000,District - North,total,jain,females,6328
census-india-2011,sources/census-2011/c-series/state-mdds/c01-07-delhi.xls,5407e0630fa8a003,census-c01-extract-v1.1.0-20260528T003616Z,C0101,07,091,00000,000000,District - North,total,other,persons,81
census-india-2011,sources/census-2011/c-series/state-mdds/c01-07-delhi.xls,5407e0630fa8a003,census-c01-extract-v1.1.0-20260528T003616Z,C0101,07,091,00000,000000,District - North,total,other,males,36
census-india-2011,sources/census-2011/c-series/state-mdds/c01-07-delhi.xls,5407e0630fa8a003,census-c01-extract-v1.1.0-20260528T003616Z,C0101,07,091,00000,000000,District - North,total,other,females,45
census-india-2011,sources/census-2011/c-series/state-mdds/c01-07-delhi.xls,5407e0630fa8a003,census-c01-extract-v1.1.0-20260528T003616Z,C0101,07,091,00000,000000,District - North,total,not_stated,persons,467
census-india-2011,sources/census-2011/c-series/state-mdds/c01-07-delhi.xls,5407e0630fa8a003,census-c01-extract-v1.1.0-20260528T003616Z,C0101,07,091,00000,000000,District - North,total,not_stated,males,257
census-india-2011,sources/census-2011/c-series/state-mdds/c01-07-delhi.xls,5407e0630fa8a003,census-c01-extract-v1.1.0-20260528T003616Z,C0101,07,091,00000,000000,District - North,total,not_stated,females,210
census-india-2011,sources/census-2011/c-series/state-mdds/c01-07-delhi.xls,5407e0630fa8a003,census-c01-extract-v1.1.0-20260528T003616Z,C0101,07,091,00000,000000,District - North,rural,all,persons,17746
census-india-2011,sources/census-2011/c-series/state-mdds/c01-07-delhi.xls,5407e0630fa8a003,census-c01-extract-v1.1.0-20260528T003616Z,C0101,07,091,00000,000000,District - North,rural,all,males,9546
census-india-2011,sources/census-2011/c-series/state-mdds/c01-07-delhi.xls,5407e0630fa8a003,census-c01-extract-v1.1.0-20260528T003616Z,C0101,07,091,00000,000000,District - North,rural,all,females,8200
census-india-2011,sources/census-2011/c-series/state-mdds/c01-07-delhi.xls,5407e0630fa8a003,census-c01-extract-v1.1.0-20260528T003616Z,C0101,07,091,00000,000000,District - North,rural,hindu,persons,16558
census-india-2011,sources/census-2011/c-series/state-mdds/c01-07-delhi.xls,5407e0630fa8a003,census-c01-extract-v1.1.0-20260528T003616Z,C0101,07,091,00000,000000,District - North,rural,hindu,males,8906
census-india-2011,sources/census-2011/c-series/state-mdds/c01-07-delhi.xls,5407e0630fa8a003,census-c01-extract-v1.1.0-20260528T003616Z,C0101,07,091,00000,000000,District - North,rural,hindu,females,7652
census-india-2011,sources/census-2011/c-series/state-mdds/c01-07-delhi.xls,5407e0630fa8a003,census-c01-extract-v1.1.0-20260528T003616Z,C0101,07,091,00000,000000,District - North,rural,muslim,persons,1092
census-india-2011,sources/census-2011/c-series/state-mdds/c01-07-delhi.xls,5407e0630fa8a003,census-c01-extract-v1.1.0-20260528T003616Z,C0101,07,091,00000,000000,District - North,rural,muslim,males,592
census-india-2011,sources/census-2011/c-series/state-mdds/c01-07-delhi.xls,5407e0630fa8a003,census-c01-extract-v1.1.0-20260528T003616Z,C0101,07,091,00000,000000,District - North,rural,muslim,females,500
census-india-2011,sources/census-2011/c-series/state-mdds/c01-07-delhi.xls,5407e0630fa8a003,census-c01-extract-v1.1.0-20260528T003616Z,C0101,07,091,00000,000000,District - North,rural,christian,persons,62
census-india-2011,sources/census-2011/c-series/state-mdds/c01-07-delhi.xls,5407e0630fa8a003,census-c01-extract-v1.1.0-20260528T003616Z,C0101,07,091,00000,000000,District - North,rural,christian,males,28
census-india-2011,sources/census-2011/c-series/state-mdds/c01-07-delhi.xls,5407e0630fa8a003,census-c01-extract-v1.1.0-20260528T003616Z,C0101,07,091,00000,000000,District - North,rural,christian,females,34
census-india-2011,sources/census-2011/c-series/state-mdds/c01-07-delhi.xls,5407e0630fa8a003,census-c01-extract-v1.1.0-20260528T003616Z,C0101,07,091,00000,000000,District - North,rural,sikh,persons,23
census-india-2011,sources/census-2011/c-series/state-mdds/c01-07-delhi.xls,5407e0630fa8a003,census-c01-extract-v1.1.0-20260528T003616Z,C0101,07,091,00000,000000,District - North,rural,sikh,males,15
census-india-2011,sources/census-2011/c-series/state-mdds/c01-07-delhi.xls,5407e0630fa8a003,census-c01-extract-v1.1.0-20260528T003616Z,C0101,07,091,00000,000000,District - North,rural,sikh,females,8
census-india-2011,sources/census-2011/c-series/state-mdds/c01-07-delhi.xls,5407e0630fa8a003,census-c01-extract-v1.1.0-20260528T003616Z,C0101,07,091,00000,000000,District - North,rural,buddhist,persons,9
census-india-2011,sources/census-2011/c-series/state-mdds/c01-07-delhi.xls,5407e0630fa8a003,census-c01-extract-v1.1.0-20260528T003616Z,C0101,07,091,00000,000000,District - North,rural,buddhist,males,4
census-india-2011,sources/census-2011/c-series/state-mdds/c01-07-delhi.xls,5407e0630fa8a003,census-c01-extract-v1.1.0-20260528T003616Z,C0101,07,091,00000,000000,District - North,rural,buddhist,females,5
census-india-2011,sources/census-2011/c-series/state-mdds/c01-07-delhi.xls,5407e0630fa8a003,census-c01-extract-v1.1.0-20260528T003616Z,C0101,07,091,00000,000000,District - North,rural,jain,persons,0
census-india-2011,sources/census-2011/c-series/state-mdds/c01-07-delhi.xls,5407e0630fa8a003,census-c01-extract-v1.1.0-20260528T003616Z,C0101,07,091,00000,000000,District - North,rural,jain,males,0
census-india-2011,sources/census-2011/c-series/state-mdds/c01-07-delhi.xls,5407e0630fa8a003,census-c01-extract-v1.1.0-20260528T003616Z,C0101,07,091,00000,000000,District - North,rural,jain,females,0
census-india-2011,sources/census-2011/c-series/state-mdds/c01-07-delhi.xls,5407e0630fa8a003,census-c01-extract-v1.1.0-20260528T003616Z,C0101,07,091,00000,000000,District - North,rural,other,persons,0
census-india-2011,sources/census-2011/c-series/state-mdds/c01-07-delhi.xls,5407e0630fa8a003,census-c01-extract-v1.1.0-20260528T003616Z,C0101,07,091,00000,000000,District - North,rural,other,males,0
census-india-2011,sources/census-2011/c-series/state-mdds/c01-07-delhi.xls,5407e0630fa8a003,census-c01-extract-v1.1.0-20260528T003616Z,C0101,07,091,00000,000000,District - North,rural,other,females,0
census-india-2011,sources/census-2011/c-series/state-mdds/c01-07-delhi.xls,5407e0630fa8a003,census-c01-extract-v1.1.0-20260528T003616Z,C0101,07,091,00000,000000,District - North,rural,not_stated,persons,2
census-india-2011,sources/census-2011/c-series/state-mdds/c01-07-delhi.xls,5407e0630fa8a003,census-c01-extract-v1.1.0-20260528T003616Z,C0101,07,091,00000,000000,District - North,rural,not_stated,males,1
census-india-2011,sources/census-2011/c-series/state-mdds/c01-07-delhi.xls,5407e0630fa8a003,census-c01-extract-v1.1.0-20260528T003616Z,C0101,07,091,00000,000000,District - North,rural,not_stated,females,1
census-india-2011,sources/census-2011/c-series/state-mdds/c01-07-delhi.xls,5407e0630fa8a003,census-c01-extract-v1.1.0-20260528T003616Z,C0101,07,091,00000,000000,District - North,urban,all,persons,870232
census-india-2011,sources/census-2011/c-series/state-mdds/c01-07-delhi.xls,5407e0630fa8a003,census-c01-extract-v1.1.0-20260528T003616Z,C0101,07,091,00000,000000,District - North,urban,all,males,465456
census-india-2011,sources/census-2011/c-series/state-mdds/c01-07-delhi.xls,5407e0630fa8a003,census-c01-extract-v1.1.0-20260528T003616Z,C0101,07,091,00000,000000,District - North,urban,all,females,404776
census-india-2011,sources/census-2011/c-series/state-mdds/c01-07-delhi.xls,5407e0630fa8a003,census-c01-extract-v1.1.0-20260528T003616Z,C0101,07,091,00000,000000,District - North,urban,hindu,persons,709885
census-india-2011,sources/census-2011/c-series/state-mdds/c01-07-delhi.xls,5407e0630fa8a003,census-c01-extract-v1.1.0-20260528T003616Z,C0101,07,091,00000,000000,District - North,urban,hindu,males,380918
census-india-2011,sources/census-2011/c-series/state-mdds/c01-07-delhi.xls,5407e0630fa8a003,census-c01-extract-v1.1.0-20260528T003616Z,C0101,07,091,00000,000000,District - North,urban,hindu,females,328967
census-india-2011,sources/census-2011/c-series/state-mdds/c01-07-delhi.xls,5407e0630fa8a003,census-c01-extract-v1.1.0-20260528T003616Z,C0101,07,091,00000,000000,District - North,urban,muslim,persons,118700
census-india-2011,sources/census-2011/c-series/state-mdds/c01-07-delhi.xls,5407e0630fa8a003,census-c01-extract-v1.1.0-20260528T003616Z,C0101,07,091,00000,000000,District - North,urban,muslim,males,63165
census-india-2011,sources/census-2011/c-series/state-mdds/c01-07-delhi.xls,5407e0630fa8a003,census-c01-extract-v1.1.0-20260528T003616Z,C0101,07,091,00000,000000,District - North,urban,muslim,females,55535
census-india-2011,sources/census-2011/c-series/state-mdds/c01-07-delhi.xls,5407e0630fa8a003,census-c01-extract-v1.1.0-20260528T003616Z,C0101,07,091,00000,000000,District - North,urban,christian,persons,7194
census-india-2011,sources/census-2011/c-series/state-mdds/c01-07-delhi.xls,5407e0630fa8a003,census-c01-extract-v1.1.0-20260528T003616Z,C0101,07,091,00000,000000,District - North,urban,christian,males,3537
census-india-2011,sources/census-2011/c-series/state-mdds/c01-07-delhi.xls,5407e0630fa8a003,census-c01-extract-v1.1.0-20260528T003616Z,C0101,07,091,00000,000000,District - North,urban,christian,females,3657
census-india-2011,sources/census-2011/c-series/state-mdds/c01-07-delhi.xls,5407e0630fa8a003,census-c01-extract-v1.1.0-20260528T003616Z,C0101,07,091,00000,000000,District - North,urban,sikh,persons,19043
census-india-2011,sources/census-2011/c-series/state-mdds/c01-07-delhi.xls,5407e0630fa8a003,census-c01-extract-v1.1.0-20260528T003616Z,C0101,07,091,00000,000000,District - North,urban,sikh,males,9880
census-india-2011,sources/census-2011/c-series/state-mdds/c01-07-delhi.xls,5407e0630fa8a003,census-c01-extract-v1.1.0-20260528T003616Z,C0101,07,091,00000,000000,District - North,urban,sikh,females,9163
census-india-2011,sources/census-2011/c-series/state-mdds/c01-07-delhi.xls,5407e0630fa8a003,census-c01-extract-v1.1.0-20260528T003616Z,C0101,07,091,00000,000000,District - North,urban,buddhist,persons,1815
census-india-2011,sources/census-2011/c-series/state-mdds/c01-07-delhi.xls,5407e0630fa8a003,census-c01-extract-v1.1.0-20260528T003616Z,C0101,07,091,00000,000000,District - North,urban,buddhist,males,943
census-india-2011,sources/census-2011/c-series/state-mdds/c01-07-delhi.xls,5407e0630fa8a003,census-c01-extract-v1.1.0-20260528T003616Z,C0101,07,091,00000,000000,District - North,urban,buddhist,females,872
census-india-2011,sources/census-2011/c-series/state-mdds/c01-07-delhi.xls,5407e0630fa8a003,census-c01-extract-v1.1.0-20260528T003616Z,C0101,07,091,00000,000000,District - North,urban,jain,persons,13049
census-india-2011,sources/census-2011/c-series/state-mdds/c01-07-delhi.xls,5407e0630fa8a003,census-c01-extract-v1.1.0-20260528T003616Z,C0101,07,091,00000,000000,District - North,urban,jain,males,6721
census-india-2011,sources/census-2011/c-series/state-mdds/c01-07-delhi.xls,5407e0630fa8a003,census-c01-extract-v1.1.0-20260528T003616Z,C0101,07,091,00000,000000,District - North,urban,jain,females,6328
census-india-2011,sources/census-2011/c-series/state-mdds/c01-07-delhi.xls,5407e0630fa8a003,census-c01-extract-v1.1.0-20260528T003616Z,C0101,07,091,00000,000000,District - North,urban,other,persons,81
census-india-2011,sources/census-2011/c-series/state-mdds/c01-07-delhi.xls,5407e0630fa8a003,census-c01-extract-v1.1.0-20260528T003616Z,C0101,07,091,00000,000000,District - North,urban,other,males,36
census-india-2011,sources/census-2011/c-series/state-mdds/c01-07-delhi.xls,5407e0630fa8a003,census-c01-extract-v1.1.0-20260528T003616Z,C0101,07,091,00000,000000,District - North,urban,other,females,45
census-india-2011,sources/census-2011/c-series/state-mdds/c01-07-delhi.xls,5407e0630fa8a003,census-c01-extract-v1.1.0-20260528T003616Z,C0101,07,091,00000,000000,District - North,urban,not_stated,persons,465
census-india-2011,sources/census-2011/c-series/state-mdds/c01-07-delhi.xls,5407e0630fa8a003,census-c01-extract-v1.1.0-20260528T003616Z,C0101,07,091,00000,000000,District - North,urban,not_stated,males,256
census-india-2011,sources/census-2011/c-series/state-mdds/c01-07-delhi.xls,5407e0630fa8a003,census-c01-extract-v1.1.0-20260528T003616Z,C0101,07,091,00000,000000,District - North,urban,not_stated,females,209
census-india-2011,sources/census-2011/c-series/state-mdds/c01-07-delhi.xls,5407e0630fa8a003,census-c01-extract-v1.1.0-20260528T003616Z,C0101,07,092,00000,000000,District - North East,total,all,persons,2241624
census-india-2011,sources/census-2011/c-series/state-mdds/c01-07-delhi.xls,5407e0630fa8a003,census-c01-extract-v1.1.0-20260528T003616Z,C0101,07,092,00000,000000,District - North East,total,all,males,1188425
census-india-2011,sources/census-2011/c-series/state-mdds/c01-07-delhi.xls,5407e0630fa8a003,census-c01-extract-v1.1.0-20260528T003616Z,C0101,07,092,00000,000000,District - North East,total,all,females,1053199
census-india-2011,sources/census-2011/c-series/state-mdds/c01-07-delhi.xls,5407e0630fa8a003,census-c01-extract-v1.1.0-20260528T003616Z,C0101,07,092,00000,000000,District - North East,total,hindu,persons,1529337
census-india-2011,sources/census-2011/c-series/state-mdds/c01-07-delhi.xls,5407e0630fa8a003,census-c01-extract-v1.1.0-20260528T003616Z,C0101,07,092,00000,000000,District - North East,total,hindu,males,814621
census-india-2011,sources/census-2011/c-series/state-mdds/c01-07-delhi.xls,5407e0630fa8a003,census-c01-extract-v1.1.0-20260528T003616Z,C0101,07,092,00000,000000,District - North East,total,hindu,females,714716
census-india-2011,sources/census-2011/c-series/state-mdds/c01-07-delhi.xls,5407e0630fa8a003,census-c01-extract-v1.1.0-20260528T003616Z,C0101,07,092,00000,000000,District - North East,total,muslim,persons,657585
census-india-2011,sources/census-2011/c-series/state-mdds/c01-07-delhi.xls,5407e0630fa8a003,census-c01-extract-v1.1.0-20260528T003616Z,C0101,07,092,00000,000000,District - North East,total,muslim,males,345563
census-india-2011,sources/census-2011/c-series/state-mdds/c01-07-delhi.xls,5407e0630fa8a003,census-c01-extract-v1.1.0-20260528T003616Z,C0101,07,092,00000,000000,District - North East,total,muslim,females,312022
census-india-2011,sources/census-2011/c-series/state-mdds/c01-07-delhi.xls,5407e0630fa8a003,census-c01-extract-v1.1.0-20260528T003616Z,C0101,07,092,00000,000000,District - North East,total,christian,persons,9123
census-india-2011,sources/census-2011/c-series/state-mdds/c01-07-delhi.xls,5407e0630fa8a003,census-c01-extract-v1.1.0-20260528T003616Z,C0101,07,092,00000,000000,District - North East,total,christian,males,4606
census-india-2011,sources/census-2011/c-series/state-mdds/c01-07-delhi.xls,5407e0630fa8a003,census-c01-extract-v1.1.0-20260528T003616Z,C0101,07,092,00000,000000,District - North East,total,christian,females,4517
census-india-2011,sources/census-2011/c-series/state-mdds/c01-07-delhi.xls,5407e0630fa8a003,census-c01-extract-v1.1.0-20260528T003616Z,C0101,07,092,00000,000000,District - North East,total,sikh,persons,17424
census-india-2011,sources/census-2011/c-series/state-mdds/c01-07-delhi.xls,5407e0630fa8a003,census-c01-extract-v1.1.0-20260528T003616Z,C0101,07,092,00000,000000,District - North East,total,sikh,males,8991
census-india-2011,sources/census-2011/c-series/state-mdds/c01-07-delhi.xls,5407e0630fa8a003,census-c01-extract-v1.1.0-20260528T003616Z,C0101,07,092,00000,000000,District - North East,total,sikh,females,8433
census-india-2011,sources/census-2011/c-series/state-mdds/c01-07-delhi.xls,5407e0630fa8a003,census-c01-extract-v1.1.0-20260528T003616Z,C0101,07,092,00000,000000,District - North East,total,buddhist,persons,2388
census-india-2011,sources/census-2011/c-series/state-mdds/c01-07-delhi.xls,5407e0630fa8a003,census-c01-extract-v1.1.0-20260528T003616Z,C0101,07,092,00000,000000,District - North East,total,buddhist,males,1263
census-india-2011,sources/census-2011/c-series/state-mdds/c01-07-delhi.xls,5407e0630fa8a003,census-c01-extract-v1.1.0-20260528T003616Z,C0101,07,092,00000,000000,District - North East,total,buddhist,females,1125
census-india-2011,sources/census-2011/c-series/state-mdds/c01-07-delhi.xls,5407e0630fa8a003,census-c01-extract-v1.1.0-20260528T003616Z,C0101,07,092,00000,000000,District - North East,total,jain,persons,24673
census-india-2011,sources/census-2011/c-series/state-mdds/c01-07-delhi.xls,5407e0630fa8a003,census-c01-extract-v1.1.0-20260528T003616Z,C0101,07,092,00000,000000,District - North East,total,jain,males,12767
census-india-2011,sources/census-2011/c-series/state-mdds/c01-07-delhi.xls,5407e0630fa8a003,census-c01-extract-v1.1.0-20260528T003616Z,C0101,07,092,00000,000000,District - North East,total,jain,females,11906
census-india-2011,sources/census-2011/c-series/state-mdds/c01-07-delhi.xls,5407e0630fa8a003,census-c01-extract-v1.1.0-20260528T003616Z,C0101,07,092,00000,000000,District - North East,total,other,persons,48
census-india-2011,sources/census-2011/c-series/state-mdds/c01-07-delhi.xls,5407e0630fa8a003,census-c01-extract-v1.1.0-20260528T003616Z,C0101,07,092,00000,000000,District - North East,total,other,males,20
census-india-2011,sources/census-2011/c-series/state-mdds/c01-07-delhi.xls,5407e0630fa8a003,census-c01-extract-v1.1.0-20260528T003616Z,C0101,07,092,00000,000000,District - North East,total,other,females,28
census-india-2011,sources/census-2011/c-series/state-mdds/c01-07-delhi.xls,5407e0630fa8a003,census-c01-extract-v1.1.0-20260528T003616Z,C0101,07,092,00000,000000,District - North East,total,not_stated,persons,1046
census-india-2011,sources/census-2011/c-series/state-mdds/c01-07-delhi.xls,5407e0630fa8a003,census-c01-extract-v1.1.0-20260528T003616Z,C0101,07,092,00000,000000,District - North East,total,not_stated,males,594
census-india-2011,sources/census-2011/c-series/state-mdds/c01-07-delhi.xls,5407e0630fa8a003,census-c01-extract-v1.1.0-20260528T003616Z,C0101,07,092,00000,000000,District - North East,total,not_stated,females,452
census-india-2011,sources/census-2011/c-series/state-mdds/c01-07-delhi.xls,5407e0630fa8a003,census-c01-extract-v1.1.0-20260528T003616Z,C0101,07,092,00000,000000,District - North East,rural,all,persons,21527
census-india-2011,sources/census-2011/c-series/state-mdds/c01-07-delhi.xls,5407e0630fa8a003,census-c01-extract-v1.1.0-20260528T003616Z,C0101,07,092,00000,000000,District - North East,rural,all,males,11718
census-india-2011,sources/census-2011/c-series/state-mdds/c01-07-delhi.xls,5407e0630fa8a003,census-c01-extract-v1.1.0-20260528T003616Z,C0101,07,092,00000,000000,District - North East,rural,all,females,9809
census-india-2011,sources/census-2011/c-series/state-mdds/c01-07-delhi.xls,5407e0630fa8a003,census-c01-extract-v1.1.0-20260528T003616Z,C0101,07,092,00000,000000,District - North East,rural,hindu,persons,18403
census-india-2011,sources/census-2011/c-series/state-mdds/c01-07-delhi.xls,5407e0630fa8a003,census-c01-extract-v1.1.0-20260528T003616Z,C0101,07,092,00000,000000,District - North East,rural,hindu,males,9995
census-india-2011,sources/census-2011/c-series/state-mdds/c01-07-delhi.xls,5407e0630fa8a003,census-c01-extract-v1.1.0-20260528T003616Z,C0101,07,092,00000,000000,District - North East,rural,hindu,females,8408
census-india-2011,sources/census-2011/c-series/state-mdds/c01-07-delhi.xls,5407e0630fa8a003,census-c01-extract-v1.1.0-20260528T003616Z,C0101,07,092,00000,000000,District - North East,rural,muslim,persons,3036
census-india-2011,sources/census-2011/c-series/state-mdds/c01-07-delhi.xls,5407e0630fa8a003,census-c01-extract-v1.1.0-20260528T003616Z,C0101,07,092,00000,000000,District - North East,rural,muslim,males,1667
census-india-2011,sources/census-2011/c-series/state-mdds/c01-07-delhi.xls,5407e0630fa8a003,census-c01-extract-v1.1.0-20260528T003616Z,C0101,07,092,00000,000000,District - North East,rural,muslim,females,1369
census-india-2011,sources/census-2011/c-series/state-mdds/c01-07-delhi.xls,5407e0630fa8a003,census-c01-extract-v1.1.0-20260528T003616Z,C0101,07,092,00000,000000,District - North East,rural,christian,persons,39
census-india-2011,sources/census-2011/c-series/state-mdds/c01-07-delhi.xls,5407e0630fa8a003,census-c01-extract-v1.1.0-20260528T003616Z,C0101,07,092,00000,000000,District - North East,rural,christian,males,25
census-india-2011,sources/census-2011/c-series/state-mdds/c01-07-delhi.xls,5407e0630fa8a003,census-c01-extract-v1.1.0-20260528T003616Z,C0101,07,092,00000,000000,District - North East,rural,christian,females,14
census-india-2011,sources/census-2011/c-series/state-mdds/c01-07-delhi.xls,5407e0630fa8a003,census-c01-extract-v1.1.0-20260528T003616Z,C0101,07,092,00000,000000,District - North East,rural,sikh,persons,21
census-india-2011,sources/census-2011/c-series/state-mdds/c01-07-delhi.xls,5407e0630fa8a003,census-c01-extract-v1.1.0-20260528T003616Z,C0101,07,092,00000,000000,District - North East,rural,sikh,males,13
census-india-2011,sources/census-2011/c-series/state-mdds/c01-07-delhi.xls,5407e0630fa8a003,census-c01-extract-v1.1.0-20260528T003616Z,C0101,07,092,00000,000000,District - North East,rural,sikh,females,8
census-india-2011,sources/census-2011/c-series/state-mdds/c01-07-delhi.xls,5407e0630fa8a003,census-c01-extract-v1.1.0-20260528T003616Z,C0101,07,092,00000,000000,District - North East,rural,buddhist,persons,1
census-india-2011,sources/census-2011/c-series/state-mdds/c01-07-delhi.xls,5407e0630fa8a003,census-c01-extract-v1.1.0-20260528T003616Z,C0101,07,092,00000,000000,District - North East,rural,buddhist,males,1
census-india-2011,sources/census-2011/c-series/state-mdds/c01-07-delhi.xls,5407e0630fa8a003,census-c01-extract-v1.1.0-20260528T003616Z,C0101,07,092,00000,000000,District - North East,rural,buddhist,females,0
census-india-2011,sources/census-2011/c-series/state-mdds/c01-07-delhi.xls,5407e0630fa8a003,census-c01-extract-v1.1.0-20260528T003616Z,C0101,07,092,00000,000000,District - North East,rural,jain,persons,14
census-india-2011,sources/census-2011/c-series/state-mdds/c01-07-delhi.xls,5407e0630fa8a003,census-c01-extract-v1.1.0-20260528T003616Z,C0101,07,092,00000,000000,District - North East,rural,jain,males,7
census-india-2011,sources/census-2011/c-series/state-mdds/c01-07-delhi.xls,5407e0630fa8a003,census-c01-extract-v1.1.0-20260528T003616Z,C0101,07,092,00000,000000,District - North East,rural,jain,females,7
census-india-2011,sources/census-2011/c-series/state-mdds/c01-07-delhi.xls,5407e0630fa8a003,census-c01-extract-v1.1.0-20260528T003616Z,C0101,07,092,00000,000000,District - North East,rural,other,persons,1
census-india-2011,sources/census-2011/c-series/state-mdds/c01-07-delhi.xls,5407e0630fa8a003,census-c01-extract-v1.1.0-20260528T003616Z,C0101,07,092,00000,000000,District - North East,rural,other,males,1
census-india-2011,sources/census-2011/c-series/state-mdds/c01-07-delhi.xls,5407e0630fa8a003,census-c01-extract-v1.1.0-20260528T003616Z,C0101,07,092,00000,000000,District - North East,rural,other,females,0
census-india-2011,sources/census-2011/c-series/state-mdds/c01-07-delhi.xls,5407e0630fa8a003,census-c01-extract-v1.1.0-20260528T003616Z,C0101,07,092,00000,000000,District - North East,rural,not_stated,persons,12
census-india-2011,sources/census-2011/c-series/state-mdds/c01-07-delhi.xls,5407e0630fa8a003,census-c01-extract-v1.1.0-20260528T003616Z,C0101,07,092,00000,000000,District - North East,rural,not_stated,males,9
census-india-2011,sources/census-2011/c-series/state-mdds/c01-07-delhi.xls,5407e0630fa8a003,census-c01-extract-v1.1.0-20260528T003616Z,C0101,07,092,00000,000000,District - North East,rural,not_stated,females,3
census-india-2011,sources/census-2011/c-series/state-mdds/c01-07-delhi.xls,5407e0630fa8a003,census-c01-extract-v1.1.0-20260528T003616Z,C0101,07,092,00000,000000,District - North East,urban,all,persons,2220097
census-india-2011,sources/census-2011/c-series/state-mdds/c01-07-delhi.xls,5407e0630fa8a003,census-c01-extract-v1.1.0-20260528T003616Z,C0101,07,092,00000,000000,District - North East,urban,all,males,1176707
census-india-2011,sources/census-2011/c-series/state-mdds/c01-07-delhi.xls,5407e0630fa8a003,census-c01-extract-v1.1.0-20260528T003616Z,C0101,07,092,00000,000000,District - North East,urban,all,females,1043390
census-india-2011,sources/census-2011/c-series/state-mdds/c01-07-delhi.xls,5407e0630fa8a003,census-c01-extract-v1.1.0-20260528T003616Z,C0101,07,092,00000,000000,District - North East,urban,hindu,persons,1510934
census-india-2011,sources/census-2011/c-series/state-mdds/c01-07-delhi.xls,5407e0630fa8a003,census-c01-extract-v1.1.0-20260528T003616Z,C0101,07,092,00000,000000,District - North East,urban,hindu,males,804626
census-india-2011,sources/census-2011/c-series/state-mdds/c01-07-delhi.xls,5407e0630fa8a003,census-c01-extract-v1.1.0-20260528T003616Z,C0101,07,092,00000,000000,District - North East,urban,hindu,females,706308
census-india-2011,sources/census-2011/c-series/state-mdds/c01-07-delhi.xls,5407e0630fa8a003,census-c01-extract-v1.1.0-20260528T003616Z,C0101,07,092,00000,000000,District - North East,urban,muslim,persons,654549
census-india-2011,sources/census-2011/c-series/state-mdds/c01-07-delhi.xls,5407e0630fa8a003,census-c01-extract-v1.1.0-20260528T003616Z,C0101,07,092,00000,000000,District - North East,urban,muslim,males,343896
census-india-2011,sources/census-2011/c-series/state-mdds/c01-07-delhi.xls,5407e0630fa8a003,census-c01-extract-v1.1.0-20260528T003616Z,C0101,07,092,00000,000000,District - North East,urban,muslim,females,310653
census-india-2011,sources/census-2011/c-series/state-mdds/c01-07-delhi.xls,5407e0630fa8a003,census-c01-extract-v1.1.0-20260528T003616Z,C0101,07,092,00000,000000,District - North East,urban,christian,persons,9084
census-india-2011,sources/census-2011/c-series/state-mdds/c01-07-delhi.xls,5407e0630fa8a003,census-c01-extract-v1.1.0-20260528T003616Z,C0101,07,092,00000,000000,District - North East,urban,christian,males,4581
census-india-2011,sources/census-2011/c-series/state-mdds/c01-07-delhi.xls,5407e0630fa8a003,census-c01-extract-v1.1.0-20260528T003616Z,C0101,07,092,00000,000000,District - North East,urban,christian,females,4503
census-india-2011,sources/census-2011/c-series/state-mdds/c01-07-delhi.xls,5407e0630fa8a003,census-c01-extract-v1.1.0-20260528T003616Z,C0101,07,092,00000,000000,District - North East,urban,sikh,persons,17403
census-india-2011,sources/census-2011/c-series/state-mdds/c01-07-delhi.xls,5407e0630fa8a003,census-c01-extract-v1.1.0-20260528T003616Z,C0101,07,092,00000,000000,District - North East,urban,sikh,males,8978
census-india-2011,sources/census-2011/c-series/state-mdds/c01-07-delhi.xls,5407e0630fa8a003,census-c01-extract-v1.1.0-20260528T003616Z,C0101,07,092,00000,000000,District - North East,urban,sikh,females,8425
census-india-2011,sources/census-2011/c-series/state-mdds/c01-07-delhi.xls,5407e0630fa8a003,census-c01-extract-v1.1.0-20260528T003616Z,C0101,07,092,00000,000000,District - North East,urban,buddhist,persons,2387
census-india-2011,sources/census-2011/c-series/state-mdds/c01-07-delhi.xls,5407e0630fa8a003,census-c01-extract-v1.1.0-20260528T003616Z,C0101,07,092,00000,000000,District - North East,urban,buddhist,males,1262
census-india-2011,sources/census-2011/c-series/state-mdds/c01-07-delhi.xls,5407e0630fa8a003,census-c01-extract-v1.1.0-20260528T003616Z,C0101,07,092,00000,000000,District - North East,urban,buddhist,females,1125
census-india-2011,sources/census-2011/c-series/state-mdds/c01-07-delhi.xls,5407e0630fa8a003,census-c01-extract-v1.1.0-20260528T003616Z,C0101,07,092,00000,000000,District - North East,urban,jain,persons,24659
census-india-2011,sources/census-2011/c-series/state-mdds/c01-07-delhi.xls,5407e0630fa8a003,census-c01-extract-v1.1.0-20260528T003616Z,C0101,07,092,00000,000000,District - North East,urban,jain,males,12760
census-india-2011,sources/census-2011/c-series/state-mdds/c01-07-delhi.xls,5407e0630fa8a003,census-c01-extract-v1.1.0-20260528T003616Z,C0101,07,092,00000,000000,District - North East,urban,jain,females,11899
census-india-2011,sources/census-2011/c-series/state-mdds/c01-07-delhi.xls,5407e0630fa8a003,census-c01-extract-v1.1.0-20260528T003616Z,C0101,07,092,00000,000000,District - North East,urban,other,persons,47
census-india-2011,sources/census-2011/c-series/state-mdds/c01-07-delhi.xls,5407e0630fa8a003,census-c01-extract-v1.1.0-20260528T003616Z,C0101,07,092,00000,000000,District - North East,urban,other,males,19
census-india-2011,sources/census-2011/c-series/state-mdds/c01-07-delhi.xls,5407e0630fa8a003,census-c01-extract-v1.1.0-20260528T003616Z,C0101,07,092,00000,000000,District - North East,urban,other,females,28
census-india-2011,sources/census-2011/c-series/state-mdds/c01-07-delhi.xls,5407e0630fa8a003,census-c01-extract-v1.1.0-20260528T003616Z,C0101,07,092,00000,000000,District - North East,urban,not_stated,persons,1034
census-india-2011,sources/census-2011/c-series/state-mdds/c01-07-delhi.xls,5407e0630fa8a003,census-c01-extract-v1.1.0-20260528T003616Z,C0101,07,092,00000,000000,District - North East,urban,not_stated,males,585
census-india-2011,sources/census-2011/c-series/state-mdds/c01-07-delhi.xls,5407e0630fa8a003,census-c01-extract-v1.1.0-20260528T003616Z,C0101,07,092,00000,000000,District - North East,urban,not_stated,females,449
census-india-2011,sources/census-2011/c-series/state-mdds/c01-07-delhi.xls,5407e0630fa8a003,census-c01-extract-v1.1.0-20260528T003616Z,C0101,07,093,00000,000000,District - East,total,all,persons,1709346
census-india-2011,sources/census-2011/c-series/state-mdds/c01-07-delhi.xls,5407e0630fa8a003,census-c01-extract-v1.1.0-20260528T003616Z,C0101,07,093,00000,000000,District - East,total,all,males,907500
census-india-2011,sources/census-2011/c-series/state-mdds/c01-07-delhi.xls,5407e0630fa8a003,census-c01-extract-v1.1.0-20260528T003616Z,C0101,07,093,00000,000000,District - East,total,all,females,801846
census-india-2011,sources/census-2011/c-series/state-mdds/c01-07-delhi.xls,5407e0630fa8a003,census-c01-extract-v1.1.0-20260528T003616Z,C0101,07,093,00000,000000,District - East,total,hindu,persons,1410852
census-india-2011,sources/census-2011/c-series/state-mdds/c01-07-delhi.xls,5407e0630fa8a003,census-c01-extract-v1.1.0-20260528T003616Z,C0101,07,093,00000,000000,District - East,total,hindu,males,749544
census-india-2011,sources/census-2011/c-series/state-mdds/c01-07-delhi.xls,5407e0630fa8a003,census-c01-extract-v1.1.0-20260528T003616Z,C0101,07,093,00000,000000,District - East,total,hindu,females,661308
census-india-2011,sources/census-2011/c-series/state-mdds/c01-07-delhi.xls,5407e0630fa8a003,census-c01-extract-v1.1.0-20260528T003616Z,C0101,07,093,00000,000000,District - East,total,muslim,persons,178807
census-india-2011,sources/census-2011/c-series/state-mdds/c01-07-delhi.xls,5407e0630fa8a003,census-c01-extract-v1.1.0-20260528T003616Z,C0101,07,093,00000,000000,District - East,total,muslim,males,96619
census-india-2011,sources/census-2011/c-series/state-mdds/c01-07-delhi.xls,5407e0630fa8a003,census-c01-extract-v1.1.0-20260528T003616Z,C0101,07,093,00000,000000,District - East,total,muslim,females,82188
census-india-2011,sources/census-2011/c-series/state-mdds/c01-07-delhi.xls,5407e0630fa8a003,census-c01-extract-v1.1.0-20260528T003616Z,C0101,07,093,00000,000000,District - East,total,christian,persons,15792
census-india-2011,sources/census-2011/c-series/state-mdds/c01-07-delhi.xls,5407e0630fa8a003,census-c01-extract-v1.1.0-20260528T003616Z,C0101,07,093,00000,000000,District - East,total,christian,males,7817
census-india-2011,sources/census-2011/c-series/state-mdds/c01-07-delhi.xls,5407e0630fa8a003,census-c01-extract-v1.1.0-20260528T003616Z,C0101,07,093,00000,000000,District - East,total,christian,females,7975
census-india-2011,sources/census-2011/c-series/state-mdds/c01-07-delhi.xls,5407e0630fa8a003,census-c01-extract-v1.1.0-20260528T003616Z,C0101,07,093,00000,000000,District - East,total,sikh,persons,53027
census-india-2011,sources/census-2011/c-series/state-mdds/c01-07-delhi.xls,5407e0630fa8a003,census-c01-extract-v1.1.0-20260528T003616Z,C0101,07,093,00000,000000,District - East,total,sikh,males,27338
census-india-2011,sources/census-2011/c-series/state-mdds/c01-07-delhi.xls,5407e0630fa8a003,census-c01-extract-v1.1.0-20260528T003616Z,C0101,07,093,00000,000000,District - East,total,sikh,females,25689
census-india-2011,sources/census-2011/c-series/state-mdds/c01-07-delhi.xls,5407e0630fa8a003,census-c01-extract-v1.1.0-20260528T003616Z,C0101,07,093,00000,000000,District - East,total,buddhist,persons,2643
census-india-2011,sources/census-2011/c-series/state-mdds/c01-07-delhi.xls,5407e0630fa8a003,census-c01-extract-v1.1.0-20260528T003616Z,C0101,07,093,00000,000000,District - East,total,buddhist,males,1397
census-india-2011,sources/census-2011/c-series/state-mdds/c01-07-delhi.xls,5407e0630fa8a003,census-c01-extract-v1.1.0-20260528T003616Z,C0101,07,093,00000,000000,District - East,total,buddhist,females,1246
census-india-2011,sources/census-2011/c-series/state-mdds/c01-07-delhi.xls,5407e0630fa8a003,census-c01-extract-v1.1.0-20260528T003616Z,C0101,07,093,00000,000000,District - East,total,jain,persons,46927
census-india-2011,sources/census-2011/c-series/state-mdds/c01-07-delhi.xls,5407e0630fa8a003,census-c01-extract-v1.1.0-20260528T003616Z,C0101,07,093,00000,000000,District - East,total,jain,males,24108
census-india-2011,sources/census-2011/c-series/state-mdds/c01-07-delhi.xls,5407e0630fa8a003,census-c01-extract-v1.1.0-20260528T003616Z,C0101,07,093,00000,000000,District - East,total,jain,females,22819
census-india-2011,sources/census-2011/c-series/state-mdds/c01-07-delhi.xls,5407e0630fa8a003,census-c01-extract-v1.1.0-20260528T003616Z,C0101,07,093,00000,000000,District - East,total,other,persons,366
census-india-2011,sources/census-2011/c-series/state-mdds/c01-07-delhi.xls,5407e0630fa8a003,census-c01-extract-v1.1.0-20260528T003616Z,C0101,07,093,00000,000000,District - East,total,other,males,199
census-india-2011,sources/census-2011/c-series/state-mdds/c01-07-delhi.xls,5407e0630fa8a003,census-c01-extract-v1.1.0-20260528T003616Z,C0101,07,093,00000,000000,District - East,total,other,females,167
census-india-2011,sources/census-2011/c-series/state-mdds/c01-07-delhi.xls,5407e0630fa8a003,census-c01-extract-v1.1.0-20260528T003616Z,C0101,07,093,00000,000000,District - East,total,not_stated,persons,932
census-india-2011,sources/census-2011/c-series/state-mdds/c01-07-delhi.xls,5407e0630fa8a003,census-c01-extract-v1.1.0-20260528T003616Z,C0101,07,093,00000,000000,District - East,total,not_stated,males,478
census-india-2011,sources/census-2011/c-series/state-mdds/c01-07-delhi.xls,5407e0630fa8a003,census-c01-extract-v1.1.0-20260528T003616Z,C0101,07,093,00000,000000,District - East,total,not_stated,females,454
census-india-2011,sources/census-2011/c-series/state-mdds/c01-07-delhi.xls,5407e0630fa8a003,census-c01-extract-v1.1.0-20260528T003616Z,C0101,07,093,00000,000000,District - East,rural,all,persons,3530
census-india-2011,sources/census-2011/c-series/state-mdds/c01-07-delhi.xls,5407e0630fa8a003,census-c01-extract-v1.1.0-20260528T003616Z,C0101,07,093,00000,000000,District - East,rural,all,males,1861
census-india-2011,sources/census-2011/c-series/state-mdds/c01-07-delhi.xls,5407e0630fa8a003,census-c01-extract-v1.1.0-20260528T003616Z,C0101,07,093,00000,000000,District - East,rural,all,females,1669
census-india-2011,sources/census-2011/c-series/state-mdds/c01-07-delhi.xls,5407e0630fa8a003,census-c01-extract-v1.1.0-20260528T003616Z,C0101,07,093,00000,000000,District - East,rural,hindu,persons,3194
census-india-2011,sources/census-2011/c-series/state-mdds/c01-07-delhi.xls,5407e0630fa8a003,census-c01-extract-v1.1.0-20260528T003616Z,C0101,07,093,00000,000000,District - East,rural,hindu,males,1694
census-india-2011,sources/census-2011/c-series/state-mdds/c01-07-delhi.xls,5407e0630fa8a003,census-c01-extract-v1.1.0-20260528T003616Z,C0101,07,093,00000,000000,District - East,rural,hindu,females,1500
census-india-2011,sources/census-2011/c-series/state-mdds/c01-07-delhi.xls,5407e0630fa8a003,census-c01-extract-v1.1.0-20260528T003616Z,C0101,07,093,00000,000000,District - East,rural,muslim,persons,78
census-india-2011,sources/census-2011/c-series/state-mdds/c01-07-delhi.xls,5407e0630fa8a003,census-c01-extract-v1.1.0-20260528T003616Z,C0101,07,093,00000,000000,District - East,rural,muslim,males,45
census-india-2011,sources/census-2011/c-series/state-mdds/c01-07-delhi.xls,5407e0630fa8a003,census-c01-extract-v1.1.0-20260528T003616Z,C0101,07,093,00000,000000,District - East,rural,muslim,females,33
census-india-2011,sources/census-2011/c-series/state-mdds/c01-07-delhi.xls,5407e0630fa8a003,census-c01-extract-v1.1.0-20260528T003616Z,C0101,07,093,00000,000000,District - East,rural,christian,persons,84
census-india-2011,sources/census-2011/c-series/state-mdds/c01-07-delhi.xls,5407e0630fa8a003,census-c01-extract-v1.1.0-20260528T003616Z,C0101,07,093,00000,000000,District - East,rural,christian,males,37
census-india-2011,sources/census-2011/c-series/state-mdds/c01-07-delhi.xls,5407e0630fa8a003,census-c01-extract-v1.1.0-20260528T003616Z,C0101,07,093,00000,000000,District - East,rural,christian,females,47
census-india-2011,sources/census-2011/c-series/state-mdds/c01-07-delhi.xls,5407e0630fa8a003,census-c01-extract-v1.1.0-20260528T003616Z,C0101,07,093,00000,000000,District - East,rural,sikh,persons,109
census-india-2011,sources/census-2011/c-series/state-mdds/c01-07-delhi.xls,5407e0630fa8a003,census-c01-extract-v1.1.0-20260528T003616Z,C0101,07,093,00000,000000,District - East,rural,sikh,males,52
census-india-2011,sources/census-2011/c-series/state-mdds/c01-07-delhi.xls,5407e0630fa8a003,census-c01-extract-v1.1.0-20260528T003616Z,C0101,07,093,00000,000000,District - East,rural,sikh,females,57
census-india-2011,sources/census-2011/c-series/state-mdds/c01-07-delhi.xls,5407e0630fa8a003,census-c01-extract-v1.1.0-20260528T003616Z,C0101,07,093,00000,000000,District - East,rural,buddhist,persons,0
census-india-2011,sources/census-2011/c-series/state-mdds/c01-07-delhi.xls,5407e0630fa8a003,census-c01-extract-v1.1.0-20260528T003616Z,C0101,07,093,00000,000000,District - East,rural,buddhist,males,0
census-india-2011,sources/census-2011/c-series/state-mdds/c01-07-delhi.xls,5407e0630fa8a003,census-c01-extract-v1.1.0-20260528T003616Z,C0101,07,093,00000,000000,District - East,rural,buddhist,females,0
census-india-2011,sources/census-2011/c-series/state-mdds/c01-07-delhi.xls,5407e0630fa8a003,census-c01-extract-v1.1.0-20260528T003616Z,C0101,07,093,00000,000000,District - East,rural,jain,persons,65
census-india-2011,sources/census-2011/c-series/state-mdds/c01-07-delhi.xls,5407e0630fa8a003,census-c01-extract-v1.1.0-20260528T003616Z,C0101,07,093,00000,000000,District - East,rural,jain,males,33
census-india-2011,sources/census-2011/c-series/state-mdds/c01-07-delhi.xls,5407e0630fa8a003,census-c01-extract-v1.1.0-20260528T003616Z,C0101,07,093,00000,000000,District - East,rural,jain,females,32
census-india-2011,sources/census-2011/c-series/state-mdds/c01-07-delhi.xls,5407e0630fa8a003,census-c01-extract-v1.1.0-20260528T003616Z,C0101,07,093,00000,000000,District - East,rural,other,persons,0
census-india-2011,sources/census-2011/c-series/state-mdds/c01-07-delhi.xls,5407e0630fa8a003,census-c01-extract-v1.1.0-20260528T003616Z,C0101,07,093,00000,000000,District - East,rural,other,males,0
census-india-2011,sources/census-2011/c-series/state-mdds/c01-07-delhi.xls,5407e0630fa8a003,census-c01-extract-v1.1.0-20260528T003616Z,C0101,07,093,00000,000000,District - East,rural,other,females,0
census-india-2011,sources/census-2011/c-series/state-mdds/c01-07-delhi.xls,5407e0630fa8a003,census-c01-extract-v1.1.0-20260528T003616Z,C0101,07,093,00000,000000,District - East,rural,not_stated,persons,0
census-india-2011,sources/census-2011/c-series/state-mdds/c01-07-delhi.xls,5407e0630fa8a003,census-c01-extract-v1.1.0-20260528T003616Z,C0101,07,093,00000,000000,District - East,rural,not_stated,males,0
census-india-2011,sources/census-2011/c-series/state-mdds/c01-07-delhi.xls,5407e0630fa8a003,census-c01-extract-v1.1.0-20260528T003616Z,C0101,07,093,00000,000000,District - East,rural,not_stated,females,0
census-india-2011,sources/census-2011/c-series/state-mdds/c01-07-delhi.xls,5407e0630fa8a003,census-c01-extract-v1.1.0-20260528T003616Z,C0101,07,093,00000,000000,District - East,urban,all,persons,1705816
census-india-2011,sources/census-2011/c-series/state-mdds/c01-07-delhi.xls,5407e0630fa8a003,census-c01-extract-v1.1.0-20260528T003616Z,C0101,07,093,00000,000000,District - East,urban,all,males,905639
census-india-2011,sources/census-2011/c-series/state-mdds/c01-07-delhi.xls,5407e0630fa8a003,census-c01-extract-v1.1.0-20260528T003616Z,C0101,07,093,00000,000000,District - East,urban,all,females,800177
census-india-2011,sources/census-2011/c-series/state-mdds/c01-07-delhi.xls,5407e0630fa8a003,census-c01-extract-v1.1.0-20260528T003616Z,C0101,07,093,00000,000000,District - East,urban,hindu,persons,1407658
census-india-2011,sources/census-2011/c-series/state-mdds/c01-07-delhi.xls,5407e0630fa8a003,census-c01-extract-v1.1.0-20260528T003616Z,C0101,07,093,00000,000000,District - East,urban,hindu,males,747850
census-india-2011,sources/census-2011/c-series/state-mdds/c01-07-delhi.xls,5407e0630fa8a003,census-c01-extract-v1.1.0-20260528T003616Z,C0101,07,093,00000,000000,District - East,urban,hindu,females,659808
census-india-2011,sources/census-2011/c-series/state-mdds/c01-07-delhi.xls,5407e0630fa8a003,census-c01-extract-v1.1.0-20260528T003616Z,C0101,07,093,00000,000000,District - East,urban,muslim,persons,178729
census-india-2011,sources/census-2011/c-series/state-mdds/c01-07-delhi.xls,5407e0630fa8a003,census-c01-extract-v1.1.0-20260528T003616Z,C0101,07,093,00000,000000,District - East,urban,muslim,males,96574
census-india-2011,sources/census-2011/c-series/state-mdds/c01-07-delhi.xls,5407e0630fa8a003,census-c01-extract-v1.1.0-20260528T003616Z,C0101,07,093,00000,000000,District - East,urban,muslim,females,82155
census-india-2011,sources/census-2011/c-series/state-mdds/c01-07-delhi.xls,5407e0630fa8a003,census-c01-extract-v1.1.0-20260528T003616Z,C0101,07,093,00000,000000,District - East,urban,christian,persons,15708
census-india-2011,sources/census-2011/c-series/state-mdds/c01-07-delhi.xls,5407e0630fa8a003,census-c01-extract-v1.1.0-20260528T003616Z,C0101,07,093,00000,000000,District - East,urban,christian,males,7780
census-india-2011,sources/census-2011/c-series/state-mdds/c01-07-delhi.xls,5407e0630fa8a003,census-c01-extract-v1.1.0-20260528T003616Z,C0101,07,093,00000,000000,District - East,urban,christian,females,7928
census-india-2011,sources/census-2011/c-series/state-mdds/c01-07-delhi.xls,5407e0630fa8a003,census-c01-extract-v1.1.0-20260528T003616Z,C0101,07,093,00000,000000,District - East,urban,sikh,persons,52918
census-india-2011,sources/census-2011/c-series/state-mdds/c01-07-delhi.xls,5407e0630fa8a003,census-c01-extract-v1.1.0-20260528T003616Z,C0101,07,093,00000,000000,District - East,urban,sikh,males,27286
census-india-2011,sources/census-2011/c-series/state-mdds/c01-07-delhi.xls,5407e0630fa8a003,census-c01-extract-v1.1.0-20260528T003616Z,C0101,07,093,00000,000000,District - East,urban,sikh,females,25632
census-india-2011,sources/census-2011/c-series/state-mdds/c01-07-delhi.xls,5407e0630fa8a003,census-c01-extract-v1.1.0-20260528T003616Z,C0101,07,093,00000,000000,District - East,urban,buddhist,persons,2643
census-india-2011,sources/census-2011/c-series/state-mdds/c01-07-delhi.xls,5407e0630fa8a003,census-c01-extract-v1.1.0-20260528T003616Z,C0101,07,093,00000,000000,District - East,urban,buddhist,males,1397
census-india-2011,sources/census-2011/c-series/state-mdds/c01-07-delhi.xls,5407e0630fa8a003,census-c01-extract-v1.1.0-20260528T003616Z,C0101,07,093,00000,000000,District - East,urban,buddhist,females,1246
census-india-2011,sources/census-2011/c-series/state-mdds/c01-07-delhi.xls,5407e0630fa8a003,census-c01-extract-v1.1.0-20260528T003616Z,C0101,07,093,00000,000000,District - East,urban,jain,persons,46862
census-india-2011,sources/census-2011/c-series/state-mdds/c01-07-delhi.xls,5407e0630fa8a003,census-c01-extract-v1.1.0-20260528T003616Z,C0101,07,093,00000,000000,District - East,urban,jain,males,24075
census-india-2011,sources/census-2011/c-series/state-mdds/c01-07-delhi.xls,5407e0630fa8a003,census-c01-extract-v1.1.0-20260528T003616Z,C0101,07,093,00000,000000,District - East,urban,jain,females,22787
census-india-2011,sources/census-2011/c-series/state-mdds/c01-07-delhi.xls,5407e0630fa8a003,census-c01-extract-v1.1.0-20260528T003616Z,C0101,07,093,00000,000000,District - East,urban,other,persons,366
census-india-2011,sources/census-2011/c-series/state-mdds/c01-07-delhi.xls,5407e0630fa8a003,census-c01-extract-v1.1.0-20260528T003616Z,C0101,07,093,00000,000000,District - East,urban,other,males,199
census-india-2011,sources/census-2011/c-series/state-mdds/c01-07-delhi.xls,5407e0630fa8a003,census-c01-extract-v1.1.0-20260528T003616Z,C0101,07,093,00000,000000,District - East,urban,other,females,167
census-india-2011,sources/census-2011/c-series/state-mdds/c01-07-delhi.xls,5407e0630fa8a003,census-c01-extract-v1.1.0-20260528T003616Z,C0101,07,093,00000,000000,District - East,urban,not_stated,persons,932
census-india-2011,sources/census-2011/c-series/state-mdds/c01-07-delhi.xls,5407e0630fa8a003,census-c01-extract-v1.1.0-20260528T003616Z,C0101,07,093,00000,000000,District - East,urban,not_stated,males,478
census-india-2011,sources/census-2011/c-series/state-mdds/c01-07-delhi.xls,5407e0630fa8a003,census-c01-extract-v1.1.0-20260528T003616Z,C0101,07,093,00000,000000,District - East,urban,not_stated,females,454
census-india-2011,sources/census-2011/c-series/state-mdds/c01-07-delhi.xls,5407e0630fa8a003,census-c01-extract-v1.1.0-20260528T003616Z,C0101,07,094,00000,000000,District - New Delhi,total,all,persons,142004
census-india-2011,sources/census-2011/c-series/state-mdds/c01-07-delhi.xls,5407e0630fa8a003,census-c01-extract-v1.1.0-20260528T003616Z,C0101,07,094,00000,000000,District - New Delhi,total,all,males,77942
census-india-2011,sources/census-2011/c-series/state-mdds/c01-07-delhi.xls,5407e0630fa8a003,census-c01-extract-v1.1.0-20260528T003616Z,C0101,07,094,00000,000000,District - New Delhi,total,all,females,64062
census-india-2011,sources/census-2011/c-series/state-mdds/c01-07-delhi.xls,5407e0630fa8a003,census-c01-extract-v1.1.0-20260528T003616Z,C0101,07,094,00000,000000,District - New Delhi,total,hindu,persons,124482
census-india-2011,sources/census-2011/c-series/state-mdds/c01-07-delhi.xls,5407e0630fa8a003,census-c01-extract-v1.1.0-20260528T003616Z,C0101,07,094,00000,000000,District - New Delhi,total,hindu,males,68371
census-india-2011,sources/census-2011/c-series/state-mdds/c01-07-delhi.xls,5407e0630fa8a003,census-c01-extract-v1.1.0-20260528T003616Z,C0101,07,094,00000,000000,District - New Delhi,total,hindu,females,56111
census-india-2011,sources/census-2011/c-series/state-mdds/c01-07-delhi.xls,5407e0630fa8a003,census-c01-extract-v1.1.0-20260528T003616Z,C0101,07,094,00000,000000,District - New Delhi,total,muslim,persons,8480
census-india-2011,sources/census-2011/c-series/state-mdds/c01-07-delhi.xls,5407e0630fa8a003,census-c01-extract-v1.1.0-20260528T003616Z,C0101,07,094,00000,000000,District - New Delhi,total,muslim,males,4894
census-india-2011,sources/census-2011/c-series/state-mdds/c01-07-delhi.xls,5407e0630fa8a003,census-c01-extract-v1.1.0-20260528T003616Z,C0101,07,094,00000,000000,District - New Delhi,total,muslim,females,3586
census-india-2011,sources/census-2011/c-series/state-mdds/c01-07-delhi.xls,5407e0630fa8a003,census-c01-extract-v1.1.0-20260528T003616Z,C0101,07,094,00000,000000,District - New Delhi,total,christian,persons,4852
census-india-2011,sources/census-2011/c-series/state-mdds/c01-07-delhi.xls,5407e0630fa8a003,census-c01-extract-v1.1.0-20260528T003616Z,C0101,07,094,00000,000000,District - New Delhi,total,christian,males,2369
census-india-2011,sources/census-2011/c-series/state-mdds/c01-07-delhi.xls,5407e0630fa8a003,census-c01-extract-v1.1.0-20260528T003616Z,C0101,07,094,00000,000000,District - New Delhi,total,christian,females,2483
census-india-2011,sources/census-2011/c-series/state-mdds/c01-07-delhi.xls,5407e0630fa8a003,census-c01-extract-v1.1.0-20260528T003616Z,C0101,07,094,00000,000000,District - New Delhi,total,sikh,persons,2933
census-india-2011,sources/census-2011/c-series/state-mdds/c01-07-delhi.xls,5407e0630fa8a003,census-c01-extract-v1.1.0-20260528T003616Z,C0101,07,094,00000,000000,District - New Delhi,total,sikh,males,1686
census-india-2011,sources/census-2011/c-series/state-mdds/c01-07-delhi.xls,5407e0630fa8a003,census-c01-extract-v1.1.0-20260528T003616Z,C0101,07,094,00000,000000,District - New Delhi,total,sikh,females,1247
census-india-2011,sources/census-2011/c-series/state-mdds/c01-07-delhi.xls,5407e0630fa8a003,census-c01-extract-v1.1.0-20260528T003616Z,C0101,07,094,00000,000000,District - New Delhi,total,buddhist,persons,312
census-india-2011,sources/census-2011/c-series/state-mdds/c01-07-delhi.xls,5407e0630fa8a003,census-c01-extract-v1.1.0-20260528T003616Z,C0101,07,094,00000,000000,District - New Delhi,total,buddhist,males,155
census-india-2011,sources/census-2011/c-series/state-mdds/c01-07-delhi.xls,5407e0630fa8a003,census-c01-extract-v1.1.0-20260528T003616Z,C0101,07,094,00000,000000,District - New Delhi,total,buddhist,females,157
census-india-2011,sources/census-2011/c-series/state-mdds/c01-07-delhi.xls,5407e0630fa8a003,census-c01-extract-v1.1.0-20260528T003616Z,C0101,07,094,00000,000000,District - New Delhi,total,jain,persons,679
census-india-2011,sources/census-2011/c-series/state-mdds/c01-07-delhi.xls,5407e0630fa8a003,census-c01-extract-v1.1.0-20260528T003616Z,C0101,07,094,00000,000000,District - New Delhi,total,jain,males,318
census-india-2011,sources/census-2011/c-series/state-mdds/c01-07-delhi.xls,5407e0630fa8a003,census-c01-extract-v1.1.0-20260528T003616Z,C0101,07,094,00000,000000,District - New Delhi,total,jain,females,361
census-india-2011,sources/census-2011/c-series/state-mdds/c01-07-delhi.xls,5407e0630fa8a003,census-c01-extract-v1.1.0-20260528T003616Z,C0101,07,094,00000,000000,District - New Delhi,total,other,persons,66
census-india-2011,sources/census-2011/c-series/state-mdds/c01-07-delhi.xls,5407e0630fa8a003,census-c01-extract-v1.1.0-20260528T003616Z,C0101,07,094,00000,000000,District - New Delhi,total,other,males,41
census-india-2011,sources/census-2011/c-series/state-mdds/c01-07-delhi.xls,5407e0630fa8a003,census-c01-extract-v1.1.0-20260528T003616Z,C0101,07,094,00000,000000,District - New Delhi,total,other,females,25
census-india-2011,sources/census-2011/c-series/state-mdds/c01-07-delhi.xls,5407e0630fa8a003,census-c01-extract-v1.1.0-20260528T003616Z,C0101,07,094,00000,000000,District - New Delhi,total,not_stated,persons,200
census-india-2011,sources/census-2011/c-series/state-mdds/c01-07-delhi.xls,5407e0630fa8a003,census-c01-extract-v1.1.0-20260528T003616Z,C0101,07,094,00000,000000,District - New Delhi,total,not_stated,males,108
census-india-2011,sources/census-2011/c-series/state-mdds/c01-07-delhi.xls,5407e0630fa8a003,census-c01-extract-v1.1.0-20260528T003616Z,C0101,07,094,00000,000000,District - New Delhi,total,not_stated,females,92
census-india-2011,sources/census-2011/c-series/state-mdds/c01-07-delhi.xls,5407e0630fa8a003,census-c01-extract-v1.1.0-20260528T003616Z,C0101,07,094,00000,000000,District - New Delhi,rural,all,persons,0
census-india-2011,sources/census-2011/c-series/state-mdds/c01-07-delhi.xls,5407e0630fa8a003,census-c01-extract-v1.1.0-20260528T003616Z,C0101,07,094,00000,000000,District - New Delhi,rural,all,males,0
census-india-2011,sources/census-2011/c-series/state-mdds/c01-07-delhi.xls,5407e0630fa8a003,census-c01-extract-v1.1.0-20260528T003616Z,C0101,07,094,00000,000000,District - New Delhi,rural,all,females,0
census-india-2011,sources/census-2011/c-series/state-mdds/c01-07-delhi.xls,5407e0630fa8a003,census-c01-extract-v1.1.0-20260528T003616Z,C0101,07,094,00000,000000,District - New Delhi,rural,hindu,persons,0
census-india-2011,sources/census-2011/c-series/state-mdds/c01-07-delhi.xls,5407e0630fa8a003,census-c01-extract-v1.1.0-20260528T003616Z,C0101,07,094,00000,000000,District - New Delhi,rural,hindu,males,0
census-india-2011,sources/census-2011/c-series/state-mdds/c01-07-delhi.xls,5407e0630fa8a003,census-c01-extract-v1.1.0-20260528T003616Z,C0101,07,094,00000,000000,District - New Delhi,rural,hindu,females,0
census-india-2011,sources/census-2011/c-series/state-mdds/c01-07-delhi.xls,5407e0630fa8a003,census-c01-extract-v1.1.0-20260528T003616Z,C0101,07,094,00000,000000,District - New Delhi,rural,muslim,persons,0
census-india-2011,sources/census-2011/c-series/state-mdds/c01-07-delhi.xls,5407e0630fa8a003,census-c01-extract-v1.1.0-20260528T003616Z,C0101,07,094,00000,000000,District - New Delhi,rural,muslim,males,0
census-india-2011,sources/census-2011/c-series/state-mdds/c01-07-delhi.xls,5407e0630fa8a003,census-c01-extract-v1.1.0-20260528T003616Z,C0101,07,094,00000,000000,District - New Delhi,rural,muslim,females,0
census-india-2011,sources/census-2011/c-series/state-mdds/c01-07-delhi.xls,5407e0630fa8a003,census-c01-extract-v1.1.0-20260528T003616Z,C0101,07,094,00000,000000,District - New Delhi,rural,christian,persons,0
census-india-2011,sources/census-2011/c-series/state-mdds/c01-07-delhi.xls,5407e0630fa8a003,census-c01-extract-v1.1.0-20260528T003616Z,C0101,07,094,00000,000000,District - New Delhi,rural,christian,males,0
census-india-2011,sources/census-2011/c-series/state-mdds/c01-07-delhi.xls,5407e0630fa8a003,census-c01-extract-v1.1.0-20260528T003616Z,C0101,07,094,00000,000000,District - New Delhi,rural,christian,females,0
census-india-2011,sources/census-2011/c-series/state-mdds/c01-07-delhi.xls,5407e0630fa8a003,census-c01-extract-v1.1.0-20260528T003616Z,C0101,07,094,00000,000000,District - New Delhi,rural,sikh,persons,0
census-india-2011,sources/census-2011/c-series/state-mdds/c01-07-delhi.xls,5407e0630fa8a003,census-c01-extract-v1.1.0-20260528T003616Z,C0101,07,094,00000,000000,District - New Delhi,rural,sikh,males,0
census-india-2011,sources/census-2011/c-series/state-mdds/c01-07-delhi.xls,5407e0630fa8a003,census-c01-extract-v1.1.0-20260528T003616Z,C0101,07,094,00000,000000,District - New Delhi,rural,sikh,females,0
census-india-2011,sources/census-2011/c-series/state-mdds/c01-07-delhi.xls,5407e0630fa8a003,census-c01-extract-v1.1.0-20260528T003616Z,C0101,07,094,00000,000000,District - New Delhi,rural,buddhist,persons,0
census-india-2011,sources/census-2011/c-series/state-mdds/c01-07-delhi.xls,5407e0630fa8a003,census-c01-extract-v1.1.0-20260528T003616Z,C0101,07,094,00000,000000,District - New Delhi,rural,buddhist,males,0
census-india-2011,sources/census-2011/c-series/state-mdds/c01-07-delhi.xls,5407e0630fa8a003,census-c01-extract-v1.1.0-20260528T003616Z,C0101,07,094,00000,000000,District - New Delhi,rural,buddhist,females,0
census-india-2011,sources/census-2011/c-series/state-mdds/c01-07-delhi.xls,5407e0630fa8a003,census-c01-extract-v1.1.0-20260528T003616Z,C0101,07,094,00000,000000,District - New Delhi,rural,jain,persons,0
census-india-2011,sources/census-2011/c-series/state-mdds/c01-07-delhi.xls,5407e0630fa8a003,census-c01-extract-v1.1.0-20260528T003616Z,C0101,07,094,00000,000000,District - New Delhi,rural,jain,males,0
census-india-2011,sources/census-2011/c-series/state-mdds/c01-07-delhi.xls,5407e0630fa8a003,census-c01-extract-v1.1.0-20260528T003616Z,C0101,07,094,00000,000000,District - New Delhi,rural,jain,females,0
census-india-2011,sources/census-2011/c-series/state-mdds/c01-07-delhi.xls,5407e0630fa8a003,census-c01-extract-v1.1.0-20260528T003616Z,C0101,07,094,00000,000000,District - New Delhi,rural,other,persons,0
census-india-2011,sources/census-2011/c-series/state-mdds/c01-07-delhi.xls,5407e0630fa8a003,census-c01-extract-v1.1.0-20260528T003616Z,C0101,07,094,00000,000000,District - New Delhi,rural,other,males,0
census-india-2011,sources/census-2011/c-series/state-mdds/c01-07-delhi.xls,5407e0630fa8a003,census-c01-extract-v1.1.0-20260528T003616Z,C0101,07,094,00000,000000,District - New Delhi,rural,other,females,0
census-india-2011,sources/census-2011/c-series/state-mdds/c01-07-delhi.xls,5407e0630fa8a003,census-c01-extract-v1.1.0-20260528T003616Z,C0101,07,094,00000,000000,District - New Delhi,rural,not_stated,persons,0
census-india-2011,sources/census-2011/c-series/state-mdds/c01-07-delhi.xls,5407e0630fa8a003,census-c01-extract-v1.1.0-20260528T003616Z,C0101,07,094,00000,000000,District - New Delhi,rural,not_stated,males,0
census-india-2011,sources/census-2011/c-series/state-mdds/c01-07-delhi.xls,5407e0630fa8a003,census-c01-extract-v1.1.0-20260528T003616Z,C0101,07,094,00000,000000,District - New Delhi,rural,not_stated,females,0
census-india-2011,sources/census-2011/c-series/state-mdds/c01-07-delhi.xls,5407e0630fa8a003,census-c01-extract-v1.1.0-20260528T003616Z,C0101,07,094,00000,000000,District - New Delhi,urban,all,persons,142004
census-india-2011,sources/census-2011/c-series/state-mdds/c01-07-delhi.xls,5407e0630fa8a003,census-c01-extract-v1.1.0-20260528T003616Z,C0101,07,094,00000,000000,District - New Delhi,urban,all,males,77942
census-india-2011,sources/census-2011/c-series/state-mdds/c01-07-delhi.xls,5407e0630fa8a003,census-c01-extract-v1.1.0-20260528T003616Z,C0101,07,094,00000,000000,District - New Delhi,urban,all,females,64062
census-india-2011,sources/census-2011/c-series/state-mdds/c01-07-delhi.xls,5407e0630fa8a003,census-c01-extract-v1.1.0-20260528T003616Z,C0101,07,094,00000,000000,District - New Delhi,urban,hindu,persons,124482
census-india-2011,sources/census-2011/c-series/state-mdds/c01-07-delhi.xls,5407e0630fa8a003,census-c01-extract-v1.1.0-20260528T003616Z,C0101,07,094,00000,000000,District - New Delhi,urban,hindu,males,68371
census-india-2011,sources/census-2011/c-series/state-mdds/c01-07-delhi.xls,5407e0630fa8a003,census-c01-extract-v1.1.0-20260528T003616Z,C0101,07,094,00000,000000,District - New Delhi,urban,hindu,females,56111
census-india-2011,sources/census-2011/c-series/state-mdds/c01-07-delhi.xls,5407e0630fa8a003,census-c01-extract-v1.1.0-20260528T003616Z,C0101,07,094,00000,000000,District - New Delhi,urban,muslim,persons,8480
census-india-2011,sources/census-2011/c-series/state-mdds/c01-07-delhi.xls,5407e0630fa8a003,census-c01-extract-v1.1.0-20260528T003616Z,C0101,07,094,00000,000000,District - New Delhi,urban,muslim,males,4894
census-india-2011,sources/census-2011/c-series/state-mdds/c01-07-delhi.xls,5407e0630fa8a003,census-c01-extract-v1.1.0-20260528T003616Z,C0101,07,094,00000,000000,District - New Delhi,urban,muslim,females,3586
census-india-2011,sources/census-2011/c-series/state-mdds/c01-07-delhi.xls,5407e0630fa8a003,census-c01-extract-v1.1.0-20260528T003616Z,C0101,07,094,00000,000000,District - New Delhi,urban,christian,persons,4852
census-india-2011,sources/census-2011/c-series/state-mdds/c01-07-delhi.xls,5407e0630fa8a003,census-c01-extract-v1.1.0-20260528T003616Z,C0101,07,094,00000,000000,District - New Delhi,urban,christian,males,2369
census-india-2011,sources/census-2011/c-series/state-mdds/c01-07-delhi.xls,5407e0630fa8a003,census-c01-extract-v1.1.0-20260528T003616Z,C0101,07,094,00000,000000,District - New Delhi,urban,christian,females,2483
census-india-2011,sources/census-2011/c-series/state-mdds/c01-07-delhi.xls,5407e0630fa8a003,census-c01-extract-v1.1.0-20260528T003616Z,C0101,07,094,00000,000000,District - New Delhi,urban,sikh,persons,2933
census-india-2011,sources/census-2011/c-series/state-mdds/c01-07-delhi.xls,5407e0630fa8a003,census-c01-extract-v1.1.0-20260528T003616Z,C0101,07,094,00000,000000,District - New Delhi,urban,sikh,males,1686
census-india-2011,sources/census-2011/c-series/state-mdds/c01-07-delhi.xls,5407e0630fa8a003,census-c01-extract-v1.1.0-20260528T003616Z,C0101,07,094,00000,000000,District - New Delhi,urban,sikh,females,1247
census-india-2011,sources/census-2011/c-series/state-mdds/c01-07-delhi.xls,5407e0630fa8a003,census-c01-extract-v1.1.0-20260528T003616Z,C0101,07,094,00000,000000,District - New Delhi,urban,buddhist,persons,312
census-india-2011,sources/census-2011/c-series/state-mdds/c01-07-delhi.xls,5407e0630fa8a003,census-c01-extract-v1.1.0-20260528T003616Z,C0101,07,094,00000,000000,District - New Delhi,urban,buddhist,males,155
census-india-2011,sources/census-2011/c-series/state-mdds/c01-07-delhi.xls,5407e0630fa8a003,census-c01-extract-v1.1.0-20260528T003616Z,C0101,07,094,00000,000000,District - New Delhi,urban,buddhist,females,157
census-india-2011,sources/census-2011/c-series/state-mdds/c01-07-delhi.xls,5407e0630fa8a003,census-c01-extract-v1.1.0-20260528T003616Z,C0101,07,094,00000,000000,District - New Delhi,urban,jain,persons,679
census-india-2011,sources/census-2011/c-series/state-mdds/c01-07-delhi.xls,5407e0630fa8a003,census-c01-extract-v1.1.0-20260528T003616Z,C0101,07,094,00000,000000,District - New Delhi,urban,jain,males,318
census-india-2011,sources/census-2011/c-series/state-mdds/c01-07-delhi.xls,5407e0630fa8a003,census-c01-extract-v1.1.0-20260528T003616Z,C0101,07,094,00000,000000,District - New Delhi,urban,jain,females,361
census-india-2011,sources/census-2011/c-series/state-mdds/c01-07-delhi.xls,5407e0630fa8a003,census-c01-extract-v1.1.0-20260528T003616Z,C0101,07,094,00000,000000,District - New Delhi,urban,other,persons,66
census-india-2011,sources/census-2011/c-series/state-mdds/c01-07-delhi.xls,5407e0630fa8a003,census-c01-extract-v1.1.0-20260528T003616Z,C0101,07,094,00000,000000,District - New Delhi,urban,other,males,41
census-india-2011,sources/census-2011/c-series/state-mdds/c01-07-delhi.xls,5407e0630fa8a003,census-c01-extract-v1.1.0-20260528T003616Z,C0101,07,094,00000,000000,District - New Delhi,urban,other,females,25
census-india-2011,sources/census-2011/c-series/state-mdds/c01-07-delhi.xls,5407e0630fa8a003,census-c01-extract-v1.1.0-20260528T003616Z,C0101,07,094,00000,000000,District - New Delhi,urban,not_stated,persons,200
census-india-2011,sources/census-2011/c-series/state-mdds/c01-07-delhi.xls,5407e0630fa8a003,census-c01-extract-v1.1.0-20260528T003616Z,C0101,07,094,00000,000000,District - New Delhi,urban,not_stated,males,108
census-india-2011,sources/census-2011/c-series/state-mdds/c01-07-delhi.xls,5407e0630fa8a003,census-c01-extract-v1.1.0-20260528T003616Z,C0101,07,094,00000,000000,District - New Delhi,urban,not_stated,females,92
census-india-2011,sources/census-2011/c-series/state-mdds/c01-07-delhi.xls,5407e0630fa8a003,census-c01-extract-v1.1.0-20260528T003616Z,C0101,07,095,00000,000000,District - Central,total,all,persons,582320
census-india-2011,sources/census-2011/c-series/state-mdds/c01-07-delhi.xls,5407e0630fa8a003,census-c01-extract-v1.1.0-20260528T003616Z,C0101,07,095,00000,000000,District - Central,total,all,males,307821
census-india-2011,sources/census-2011/c-series/state-mdds/c01-07-delhi.xls,5407e0630fa8a003,census-c01-extract-v1.1.0-20260528T003616Z,C0101,07,095,00000,000000,District - Central,total,all,females,274499
census-india-2011,sources/census-2011/c-series/state-mdds/c01-07-delhi.xls,5407e0630fa8a003,census-c01-extract-v1.1.0-20260528T003616Z,C0101,07,095,00000,000000,District - Central,total,hindu,persons,364148
census-india-2011,sources/census-2011/c-series/state-mdds/c01-07-delhi.xls,5407e0630fa8a003,census-c01-extract-v1.1.0-20260528T003616Z,C0101,07,095,00000,000000,District - Central,total,hindu,males,193075
census-india-2011,sources/census-2011/c-series/state-mdds/c01-07-delhi.xls,5407e0630fa8a003,census-c01-extract-v1.1.0-20260528T003616Z,C0101,07,095,00000,000000,District - Central,total,hindu,females,171073
census-india-2011,sources/census-2011/c-series/state-mdds/c01-07-delhi.xls,5407e0630fa8a003,census-c01-extract-v1.1.0-20260528T003616Z,C0101,07,095,00000,000000,District - Central,total,muslim,persons,194278
census-india-2011,sources/census-2011/c-series/state-mdds/c01-07-delhi.xls,5407e0630fa8a003,census-c01-extract-v1.1.0-20260528T003616Z,C0101,07,095,00000,000000,District - Central,total,muslim,males,102623
census-india-2011,sources/census-2011/c-series/state-mdds/c01-07-delhi.xls,5407e0630fa8a003,census-c01-extract-v1.1.0-20260528T003616Z,C0101,07,095,00000,000000,District - Central,total,muslim,females,91655
census-india-2011,sources/census-2011/c-series/state-mdds/c01-07-delhi.xls,5407e0630fa8a003,census-c01-extract-v1.1.0-20260528T003616Z,C0101,07,095,00000,000000,District - Central,total,christian,persons,3527
census-india-2011,sources/census-2011/c-series/state-mdds/c01-07-delhi.xls,5407e0630fa8a003,census-c01-extract-v1.1.0-20260528T003616Z,C0101,07,095,00000,000000,District - Central,total,christian,males,1677
census-india-2011,sources/census-2011/c-series/state-mdds/c01-07-delhi.xls,5407e0630fa8a003,census-c01-extract-v1.1.0-20260528T003616Z,C0101,07,095,00000,000000,District - Central,total,christian,females,1850
census-india-2011,sources/census-2011/c-series/state-mdds/c01-07-delhi.xls,5407e0630fa8a003,census-c01-extract-v1.1.0-20260528T003616Z,C0101,07,095,00000,000000,District - Central,total,sikh,persons,13038
census-india-2011,sources/census-2011/c-series/state-mdds/c01-07-delhi.xls,5407e0630fa8a003,census-c01-extract-v1.1.0-20260528T003616Z,C0101,07,095,00000,000000,District - Central,total,sikh,males,6637
census-india-2011,sources/census-2011/c-series/state-mdds/c01-07-delhi.xls,5407e0630fa8a003,census-c01-extract-v1.1.0-20260528T003616Z,C0101,07,095,00000,000000,District - Central,total,sikh,females,6401
census-india-2011,sources/census-2011/c-series/state-mdds/c01-07-delhi.xls,5407e0630fa8a003,census-c01-extract-v1.1.0-20260528T003616Z,C0101,07,095,00000,000000,District - Central,total,buddhist,persons,362
census-india-2011,sources/census-2011/c-series/state-mdds/c01-07-delhi.xls,5407e0630fa8a003,census-c01-extract-v1.1.0-20260528T003616Z,C0101,07,095,00000,000000,District - Central,total,buddhist,males,188
census-india-2011,sources/census-2011/c-series/state-mdds/c01-07-delhi.xls,5407e0630fa8a003,census-c01-extract-v1.1.0-20260528T003616Z,C0101,07,095,00000,000000,District - Central,total,buddhist,females,174
census-india-2011,sources/census-2011/c-series/state-mdds/c01-07-delhi.xls,5407e0630fa8a003,census-c01-extract-v1.1.0-20260528T003616Z,C0101,07,095,00000,000000,District - Central,total,jain,persons,5886
census-india-2011,sources/census-2011/c-series/state-mdds/c01-07-delhi.xls,5407e0630fa8a003,census-c01-extract-v1.1.0-20260528T003616Z,C0101,07,095,00000,000000,District - Central,total,jain,males,3042
census-india-2011,sources/census-2011/c-series/state-mdds/c01-07-delhi.xls,5407e0630fa8a003,census-c01-extract-v1.1.0-20260528T003616Z,C0101,07,095,00000,000000,District - Central,total,jain,females,2844
census-india-2011,sources/census-2011/c-series/state-mdds/c01-07-delhi.xls,5407e0630fa8a003,census-c01-extract-v1.1.0-20260528T003616Z,C0101,07,095,00000,000000,District - Central,total,other,persons,107
census-india-2011,sources/census-2011/c-series/state-mdds/c01-07-delhi.xls,5407e0630fa8a003,census-c01-extract-v1.1.0-20260528T003616Z,C0101,07,095,00000,000000,District - Central,total,other,males,64
census-india-2011,sources/census-2011/c-series/state-mdds/c01-07-delhi.xls,5407e0630fa8a003,census-c01-extract-v1.1.0-20260528T003616Z,C0101,07,095,00000,000000,District - Central,total,other,females,43
census-india-2011,sources/census-2011/c-series/state-mdds/c01-07-delhi.xls,5407e0630fa8a003,census-c01-extract-v1.1.0-20260528T003616Z,C0101,07,095,00000,000000,District - Central,total,not_stated,persons,974
census-india-2011,sources/census-2011/c-series/state-mdds/c01-07-delhi.xls,5407e0630fa8a003,census-c01-extract-v1.1.0-20260528T003616Z,C0101,07,095,00000,000000,District - Central,total,not_stated,males,515
census-india-2011,sources/census-2011/c-series/state-mdds/c01-07-delhi.xls,5407e0630fa8a003,census-c01-extract-v1.1.0-20260528T003616Z,C0101,07,095,00000,000000,District - Central,total,not_stated,females,459
census-india-2011,sources/census-2011/c-series/state-mdds/c01-07-delhi.xls,5407e0630fa8a003,census-c01-extract-v1.1.0-20260528T003616Z,C0101,07,095,00000,000000,District - Central,rural,all,persons,0
census-india-2011,sources/census-2011/c-series/state-mdds/c01-07-delhi.xls,5407e0630fa8a003,census-c01-extract-v1.1.0-20260528T003616Z,C0101,07,095,00000,000000,District - Central,rural,all,males,0
census-india-2011,sources/census-2011/c-series/state-mdds/c01-07-delhi.xls,5407e0630fa8a003,census-c01-extract-v1.1.0-20260528T003616Z,C0101,07,095,00000,000000,District - Central,rural,all,females,0
census-india-2011,sources/census-2011/c-series/state-mdds/c01-07-delhi.xls,5407e0630fa8a003,census-c01-extract-v1.1.0-20260528T003616Z,C0101,07,095,00000,000000,District - Central,rural,hindu,persons,0
census-india-2011,sources/census-2011/c-series/state-mdds/c01-07-delhi.xls,5407e0630fa8a003,census-c01-extract-v1.1.0-20260528T003616Z,C0101,07,095,00000,000000,District - Central,rural,hindu,males,0
census-india-2011,sources/census-2011/c-series/state-mdds/c01-07-delhi.xls,5407e0630fa8a003,census-c01-extract-v1.1.0-20260528T003616Z,C0101,07,095,00000,000000,District - Central,rural,hindu,females,0
census-india-2011,sources/census-2011/c-series/state-mdds/c01-07-delhi.xls,5407e0630fa8a003,census-c01-extract-v1.1.0-20260528T003616Z,C0101,07,095,00000,000000,District - Central,rural,muslim,persons,0
census-india-2011,sources/census-2011/c-series/state-mdds/c01-07-delhi.xls,5407e0630fa8a003,census-c01-extract-v1.1.0-20260528T003616Z,C0101,07,095,00000,000000,District - Central,rural,muslim,males,0
census-india-2011,sources/census-2011/c-series/state-mdds/c01-07-delhi.xls,5407e0630fa8a003,census-c01-extract-v1.1.0-20260528T003616Z,C0101,07,095,00000,000000,District - Central,rural,muslim,females,0
census-india-2011,sources/census-2011/c-series/state-mdds/c01-07-delhi.xls,5407e0630fa8a003,census-c01-extract-v1.1.0-20260528T003616Z,C0101,07,095,00000,000000,District - Central,rural,christian,persons,0
census-india-2011,sources/census-2011/c-series/state-mdds/c01-07-delhi.xls,5407e0630fa8a003,census-c01-extract-v1.1.0-20260528T003616Z,C0101,07,095,00000,000000,District - Central,rural,christian,males,0
census-india-2011,sources/census-2011/c-series/state-mdds/c01-07-delhi.xls,5407e0630fa8a003,census-c01-extract-v1.1.0-20260528T003616Z,C0101,07,095,00000,000000,District - Central,rural,christian,females,0
census-india-2011,sources/census-2011/c-series/state-mdds/c01-07-delhi.xls,5407e0630fa8a003,census-c01-extract-v1.1.0-20260528T003616Z,C0101,07,095,00000,000000,District - Central,rural,sikh,persons,0
census-india-2011,sources/census-2011/c-series/state-mdds/c01-07-delhi.xls,5407e0630fa8a003,census-c01-extract-v1.1.0-20260528T003616Z,C0101,07,095,00000,000000,District - Central,rural,sikh,males,0
census-india-2011,sources/census-2011/c-series/state-mdds/c01-07-delhi.xls,5407e0630fa8a003,census-c01-extract-v1.1.0-20260528T003616Z,C0101,07,095,00000,000000,District - Central,rural,sikh,females,0
census-india-2011,sources/census-2011/c-series/state-mdds/c01-07-delhi.xls,5407e0630fa8a003,census-c01-extract-v1.1.0-20260528T003616Z,C0101,07,095,00000,000000,District - Central,rural,buddhist,persons,0
census-india-2011,sources/census-2011/c-series/state-mdds/c01-07-delhi.xls,5407e0630fa8a003,census-c01-extract-v1.1.0-20260528T003616Z,C0101,07,095,00000,000000,District - Central,rural,buddhist,males,0
census-india-2011,sources/census-2011/c-series/state-mdds/c01-07-delhi.xls,5407e0630fa8a003,census-c01-extract-v1.1.0-20260528T003616Z,C0101,07,095,00000,000000,District - Central,rural,buddhist,females,0
census-india-2011,sources/census-2011/c-series/state-mdds/c01-07-delhi.xls,5407e0630fa8a003,census-c01-extract-v1.1.0-20260528T003616Z,C0101,07,095,00000,000000,District - Central,rural,jain,persons,0
census-india-2011,sources/census-2011/c-series/state-mdds/c01-07-delhi.xls,5407e0630fa8a003,census-c01-extract-v1.1.0-20260528T003616Z,C0101,07,095,00000,000000,District - Central,rural,jain,males,0
census-india-2011,sources/census-2011/c-series/state-mdds/c01-07-delhi.xls,5407e0630fa8a003,census-c01-extract-v1.1.0-20260528T003616Z,C0101,07,095,00000,000000,District - Central,rural,jain,females,0
census-india-2011,sources/census-2011/c-series/state-mdds/c01-07-delhi.xls,5407e0630fa8a003,census-c01-extract-v1.1.0-20260528T003616Z,C0101,07,095,00000,000000,District - Central,rural,other,persons,0
census-india-2011,sources/census-2011/c-series/state-mdds/c01-07-delhi.xls,5407e0630fa8a003,census-c01-extract-v1.1.0-20260528T003616Z,C0101,07,095,00000,000000,District - Central,rural,other,males,0
census-india-2011,sources/census-2011/c-series/state-mdds/c01-07-delhi.xls,5407e0630fa8a003,census-c01-extract-v1.1.0-20260528T003616Z,C0101,07,095,00000,000000,District - Central,rural,other,females,0
census-india-2011,sources/census-2011/c-series/state-mdds/c01-07-delhi.xls,5407e0630fa8a003,census-c01-extract-v1.1.0-20260528T003616Z,C0101,07,095,00000,000000,District - Central,rural,not_stated,persons,0
census-india-2011,sources/census-2011/c-series/state-mdds/c01-07-delhi.xls,5407e0630fa8a003,census-c01-extract-v1.1.0-20260528T003616Z,C0101,07,095,00000,000000,District - Central,rural,not_stated,males,0
census-india-2011,sources/census-2011/c-series/state-mdds/c01-07-delhi.xls,5407e0630fa8a003,census-c01-extract-v1.1.0-20260528T003616Z,C0101,07,095,00000,000000,District - Central,rural,not_stated,females,0
census-india-2011,sources/census-2011/c-series/state-mdds/c01-07-delhi.xls,5407e0630fa8a003,census-c01-extract-v1.1.0-20260528T003616Z,C0101,07,095,00000,000000,District - Central,urban,all,persons,582320
census-india-2011,sources/census-2011/c-series/state-mdds/c01-07-delhi.xls,5407e0630fa8a003,census-c01-extract-v1.1.0-20260528T003616Z,C0101,07,095,00000,000000,District - Central,urban,all,males,307821
census-india-2011,sources/census-2011/c-series/state-mdds/c01-07-delhi.xls,5407e0630fa8a003,census-c01-extract-v1.1.0-20260528T003616Z,C0101,07,095,00000,000000,District - Central,urban,all,females,274499
census-india-2011,sources/census-2011/c-series/state-mdds/c01-07-delhi.xls,5407e0630fa8a003,census-c01-extract-v1.1.0-20260528T003616Z,C0101,07,095,00000,000000,District - Central,urban,hindu,persons,364148
census-india-2011,sources/census-2011/c-series/state-mdds/c01-07-delhi.xls,5407e0630fa8a003,census-c01-extract-v1.1.0-20260528T003616Z,C0101,07,095,00000,000000,District - Central,urban,hindu,males,193075
census-india-2011,sources/census-2011/c-series/state-mdds/c01-07-delhi.xls,5407e0630fa8a003,census-c01-extract-v1.1.0-20260528T003616Z,C0101,07,095,00000,000000,District - Central,urban,hindu,females,171073
census-india-2011,sources/census-2011/c-series/state-mdds/c01-07-delhi.xls,5407e0630fa8a003,census-c01-extract-v1.1.0-20260528T003616Z,C0101,07,095,00000,000000,District - Central,urban,muslim,persons,194278
census-india-2011,sources/census-2011/c-series/state-mdds/c01-07-delhi.xls,5407e0630fa8a003,census-c01-extract-v1.1.0-20260528T003616Z,C0101,07,095,00000,000000,District - Central,urban,muslim,males,102623
census-india-2011,sources/census-2011/c-series/state-mdds/c01-07-delhi.xls,5407e0630fa8a003,census-c01-extract-v1.1.0-20260528T003616Z,C0101,07,095,00000,000000,District - Central,urban,muslim,females,91655
census-india-2011,sources/census-2011/c-series/state-mdds/c01-07-delhi.xls,5407e0630fa8a003,census-c01-extract-v1.1.0-20260528T003616Z,C0101,07,095,00000,000000,District - Central,urban,christian,persons,3527
census-india-2011,sources/census-2011/c-series/state-mdds/c01-07-delhi.xls,5407e0630fa8a003,census-c01-extract-v1.1.0-20260528T003616Z,C0101,07,095,00000,000000,District - Central,urban,christian,males,1677
census-india-2011,sources/census-2011/c-series/state-mdds/c01-07-delhi.xls,5407e0630fa8a003,census-c01-extract-v1.1.0-20260528T003616Z,C0101,07,095,00000,000000,District - Central,urban,christian,females,1850
census-india-2011,sources/census-2011/c-series/state-mdds/c01-07-delhi.xls,5407e0630fa8a003,census-c01-extract-v1.1.0-20260528T003616Z,C0101,07,095,00000,000000,District - Central,urban,sikh,persons,13038
census-india-2011,sources/census-2011/c-series/state-mdds/c01-07-delhi.xls,5407e0630fa8a003,census-c01-extract-v1.1.0-20260528T003616Z,C0101,07,095,00000,000000,District - Central,urban,sikh,males,6637
census-india-2011,sources/census-2011/c-series/state-mdds/c01-07-delhi.xls,5407e0630fa8a003,census-c01-extract-v1.1.0-20260528T003616Z,C0101,07,095,00000,000000,District - Central,urban,sikh,females,6401
census-india-2011,sources/census-2011/c-series/state-mdds/c01-07-delhi.xls,5407e0630fa8a003,census-c01-extract-v1.1.0-20260528T003616Z,C0101,07,095,00000,000000,District - Central,urban,buddhist,persons,362
census-india-2011,sources/census-2011/c-series/state-mdds/c01-07-delhi.xls,5407e0630fa8a003,census-c01-extract-v1.1.0-20260528T003616Z,C0101,07,095,00000,000000,District - Central,urban,buddhist,males,188
census-india-2011,sources/census-2011/c-series/state-mdds/c01-07-delhi.xls,5407e0630fa8a003,census-c01-extract-v1.1.0-20260528T003616Z,C0101,07,095,00000,000000,District - Central,urban,buddhist,females,174
census-india-2011,sources/census-2011/c-series/state-mdds/c01-07-delhi.xls,5407e0630fa8a003,census-c01-extract-v1.1.0-20260528T003616Z,C0101,07,095,00000,000000,District - Central,urban,jain,persons,5886
census-india-2011,sources/census-2011/c-series/state-mdds/c01-07-delhi.xls,5407e0630fa8a003,census-c01-extract-v1.1.0-20260528T003616Z,C0101,07,095,00000,000000,District - Central,urban,jain,males,3042
census-india-2011,sources/census-2011/c-series/state-mdds/c01-07-delhi.xls,5407e0630fa8a003,census-c01-extract-v1.1.0-20260528T003616Z,C0101,07,095,00000,000000,District - Central,urban,jain,females,2844
census-india-2011,sources/census-2011/c-series/state-mdds/c01-07-delhi.xls,5407e0630fa8a003,census-c01-extract-v1.1.0-20260528T003616Z,C0101,07,095,00000,000000,District - Central,urban,other,persons,107
census-india-2011,sources/census-2011/c-series/state-mdds/c01-07-delhi.xls,5407e0630fa8a003,census-c01-extract-v1.1.0-20260528T003616Z,C0101,07,095,00000,000000,District - Central,urban,other,males,64
census-india-2011,sources/census-2011/c-series/state-mdds/c01-07-delhi.xls,5407e0630fa8a003,census-c01-extract-v1.1.0-20260528T003616Z,C0101,07,095,00000,000000,District - Central,urban,other,females,43
census-india-2011,sources/census-2011/c-series/state-mdds/c01-07-delhi.xls,5407e0630fa8a003,census-c01-extract-v1.1.0-20260528T003616Z,C0101,07,095,00000,000000,District - Central,urban,not_stated,persons,974
census-india-2011,sources/census-2011/c-series/state-mdds/c01-07-delhi.xls,5407e0630fa8a003,census-c01-extract-v1.1.0-20260528T003616Z,C0101,07,095,00000,000000,District - Central,urban,not_stated,males,515
census-india-2011,sources/census-2011/c-series/state-mdds/c01-07-delhi.xls,5407e0630fa8a003,census-c01-extract-v1.1.0-20260528T003616Z,C0101,07,095,00000,000000,District - Central,urban,not_stated,females,459
census-india-2011,sources/census-2011/c-series/state-mdds/c01-07-delhi.xls,5407e0630fa8a003,census-c01-extract-v1.1.0-20260528T003616Z,C0101,07,096,00000,000000,District - West,total,all,persons,2543243
census-india-2011,sources/census-2011/c-series/state-mdds/c01-07-delhi.xls,5407e0630fa8a003,census-c01-extract-v1.1.0-20260528T003616Z,C0101,07,096,00000,000000,District - West,total,all,males,1356240
census-india-2011,sources/census-2011/c-series/state-mdds/c01-07-delhi.xls,5407e0630fa8a003,census-c01-extract-v1.1.0-20260528T003616Z,C0101,07,096,00000,000000,District - West,total,all,females,1187003
census-india-2011,sources/census-2011/c-series/state-mdds/c01-07-delhi.xls,5407e0630fa8a003,census-c01-extract-v1.1.0-20260528T003616Z,C0101,07,096,00000,000000,District - West,total,hindu,persons,2087294
census-india-2011,sources/census-2011/c-series/state-mdds/c01-07-delhi.xls,5407e0630fa8a003,census-c01-extract-v1.1.0-20260528T003616Z,C0101,07,096,00000,000000,District - West,total,hindu,males,1115285
census-india-2011,sources/census-2011/c-series/state-mdds/c01-07-delhi.xls,5407e0630fa8a003,census-c01-extract-v1.1.0-20260528T003616Z,C0101,07,096,00000,000000,District - West,total,hindu,females,972009
census-india-2011,sources/census-2011/c-series/state-mdds/c01-07-delhi.xls,5407e0630fa8a003,census-c01-extract-v1.1.0-20260528T003616Z,C0101,07,096,00000,000000,District - West,total,muslim,persons,149807
census-india-2011,sources/census-2011/c-series/state-mdds/c01-07-delhi.xls,5407e0630fa8a003,census-c01-extract-v1.1.0-20260528T003616Z,C0101,07,096,00000,000000,District - West,total,muslim,males,83674
census-india-2011,sources/census-2011/c-series/state-mdds/c01-07-delhi.xls,5407e0630fa8a003,census-c01-extract-v1.1.0-20260528T003616Z,C0101,07,096,00000,000000,District - West,total,muslim,females,66133
census-india-2011,sources/census-2011/c-series/state-mdds/c01-07-delhi.xls,5407e0630fa8a003,census-c01-extract-v1.1.0-20260528T003616Z,C0101,07,096,00000,000000,District - West,total,christian,persons,18337
census-india-2011,sources/census-2011/c-series/state-mdds/c01-07-delhi.xls,5407e0630fa8a003,census-c01-extract-v1.1.0-20260528T003616Z,C0101,07,096,00000,000000,District - West,total,christian,males,8854
census-india-2011,sources/census-2011/c-series/state-mdds/c01-07-delhi.xls,5407e0630fa8a003,census-c01-extract-v1.1.0-20260528T003616Z,C0101,07,096,00000,000000,District - West,total,christian,females,9483
census-india-2011,sources/census-2011/c-series/state-mdds/c01-07-delhi.xls,5407e0630fa8a003,census-c01-extract-v1.1.0-20260528T003616Z,C0101,07,096,00000,000000,District - West,total,sikh,persons,271752
census-india-2011,sources/census-2011/c-series/state-mdds/c01-07-delhi.xls,5407e0630fa8a003,census-c01-extract-v1.1.0-20260528T003616Z,C0101,07,096,00000,000000,District - West,total,sikh,males,139971
census-india-2011,sources/census-2011/c-series/state-mdds/c01-07-delhi.xls,5407e0630fa8a003,census-c01-extract-v1.1.0-20260528T003616Z,C0101,07,096,00000,000000,District - West,total,sikh,females,131781
census-india-2011,sources/census-2011/c-series/state-mdds/c01-07-delhi.xls,5407e0630fa8a003,census-c01-extract-v1.1.0-20260528T003616Z,C0101,07,096,00000,000000,District - West,total,buddhist,persons,1993
census-india-2011,sources/census-2011/c-series/state-mdds/c01-07-delhi.xls,5407e0630fa8a003,census-c01-extract-v1.1.0-20260528T003616Z,C0101,07,096,00000,000000,District - West,total,buddhist,males,1035
census-india-2011,sources/census-2011/c-series/state-mdds/c01-07-delhi.xls,5407e0630fa8a003,census-c01-extract-v1.1.0-20260528T003616Z,C0101,07,096,00000,000000,District - West,total,buddhist,females,958
census-india-2011,sources/census-2011/c-series/state-mdds/c01-07-delhi.xls,5407e0630fa8a003,census-c01-extract-v1.1.0-20260528T003616Z,C0101,07,096,00000,000000,District - West,total,jain,persons,11322
census-india-2011,sources/census-2011/c-series/state-mdds/c01-07-delhi.xls,5407e0630fa8a003,census-c01-extract-v1.1.0-20260528T003616Z,C0101,07,096,00000,000000,District - West,total,jain,males,5828
census-india-2011,sources/census-2011/c-series/state-mdds/c01-07-delhi.xls,5407e0630fa8a003,census-c01-extract-v1.1.0-20260528T003616Z,C0101,07,096,00000,000000,District - West,total,jain,females,5494
census-india-2011,sources/census-2011/c-series/state-mdds/c01-07-delhi.xls,5407e0630fa8a003,census-c01-extract-v1.1.0-20260528T003616Z,C0101,07,096,00000,000000,District - West,total,other,persons,273
census-india-2011,sources/census-2011/c-series/state-mdds/c01-07-delhi.xls,5407e0630fa8a003,census-c01-extract-v1.1.0-20260528T003616Z,C0101,07,096,00000,000000,District - West,total,other,males,156
census-india-2011,sources/census-2011/c-series/state-mdds/c01-07-delhi.xls,5407e0630fa8a003,census-c01-extract-v1.1.0-20260528T003616Z,C0101,07,096,00000,000000,District - West,total,other,females,117
census-india-2011,sources/census-2011/c-series/state-mdds/c01-07-delhi.xls,5407e0630fa8a003,census-c01-extract-v1.1.0-20260528T003616Z,C0101,07,096,00000,000000,District - West,total,not_stated,persons,2465
census-india-2011,sources/census-2011/c-series/state-mdds/c01-07-delhi.xls,5407e0630fa8a003,census-c01-extract-v1.1.0-20260528T003616Z,C0101,07,096,00000,000000,District - West,total,not_stated,males,1437
census-india-2011,sources/census-2011/c-series/state-mdds/c01-07-delhi.xls,5407e0630fa8a003,census-c01-extract-v1.1.0-20260528T003616Z,C0101,07,096,00000,000000,District - West,total,not_stated,females,1028
census-india-2011,sources/census-2011/c-series/state-mdds/c01-07-delhi.xls,5407e0630fa8a003,census-c01-extract-v1.1.0-20260528T003616Z,C0101,07,096,00000,000000,District - West,rural,all,persons,6420
census-india-2011,sources/census-2011/c-series/state-mdds/c01-07-delhi.xls,5407e0630fa8a003,census-c01-extract-v1.1.0-20260528T003616Z,C0101,07,096,00000,000000,District - West,rural,all,males,3355
census-india-2011,sources/census-2011/c-series/state-mdds/c01-07-delhi.xls,5407e0630fa8a003,census-c01-extract-v1.1.0-20260528T003616Z,C0101,07,096,00000,000000,District - West,rural,all,females,3065
census-india-2011,sources/census-2011/c-series/state-mdds/c01-07-delhi.xls,5407e0630fa8a003,census-c01-extract-v1.1.0-20260528T003616Z,C0101,07,096,00000,000000,District - West,rural,hindu,persons,5992
census-india-2011,sources/census-2011/c-series/state-mdds/c01-07-delhi.xls,5407e0630fa8a003,census-c01-extract-v1.1.0-20260528T003616Z,C0101,07,096,00000,000000,District - West,rural,hindu,males,3158
census-india-2011,sources/census-2011/c-series/state-mdds/c01-07-delhi.xls,5407e0630fa8a003,census-c01-extract-v1.1.0-20260528T003616Z,C0101,07,096,00000,000000,District - West,rural,hindu,females,2834
census-india-2011,sources/census-2011/c-series/state-mdds/c01-07-delhi.xls,5407e0630fa8a003,census-c01-extract-v1.1.0-20260528T003616Z,C0101,07,096,00000,000000,District - West,rural,muslim,persons,404
census-india-2011,sources/census-2011/c-series/state-mdds/c01-07-delhi.xls,5407e0630fa8a003,census-c01-extract-v1.1.0-20260528T003616Z,C0101,07,096,00000,000000,District - West,rural,muslim,males,187
census-india-2011,sources/census-2011/c-series/state-mdds/c01-07-delhi.xls,5407e0630fa8a003,census-c01-extract-v1.1.0-20260528T003616Z,C0101,07,096,00000,000000,District - West,rural,muslim,females,217
census-india-2011,sources/census-2011/c-series/state-mdds/c01-07-delhi.xls,5407e0630fa8a003,census-c01-extract-v1.1.0-20260528T003616Z,C0101,07,096,00000,000000,District - West,rural,christian,persons,0
census-india-2011,sources/census-2011/c-series/state-mdds/c01-07-delhi.xls,5407e0630fa8a003,census-c01-extract-v1.1.0-20260528T003616Z,C0101,07,096,00000,000000,District - West,rural,christian,males,0
census-india-2011,sources/census-2011/c-series/state-mdds/c01-07-delhi.xls,5407e0630fa8a003,census-c01-extract-v1.1.0-20260528T003616Z,C0101,07,096,00000,000000,District - West,rural,christian,females,0
census-india-2011,sources/census-2011/c-series/state-mdds/c01-07-delhi.xls,5407e0630fa8a003,census-c01-extract-v1.1.0-20260528T003616Z,C0101,07,096,00000,000000,District - West,rural,sikh,persons,0
census-india-2011,sources/census-2011/c-series/state-mdds/c01-07-delhi.xls,5407e0630fa8a003,census-c01-extract-v1.1.0-20260528T003616Z,C0101,07,096,00000,000000,District - West,rural,sikh,males,0
census-india-2011,sources/census-2011/c-series/state-mdds/c01-07-delhi.xls,5407e0630fa8a003,census-c01-extract-v1.1.0-20260528T003616Z,C0101,07,096,00000,000000,District - West,rural,sikh,females,0
census-india-2011,sources/census-2011/c-series/state-mdds/c01-07-delhi.xls,5407e0630fa8a003,census-c01-extract-v1.1.0-20260528T003616Z,C0101,07,096,00000,000000,District - West,rural,buddhist,persons,1
census-india-2011,sources/census-2011/c-series/state-mdds/c01-07-delhi.xls,5407e0630fa8a003,census-c01-extract-v1.1.0-20260528T003616Z,C0101,07,096,00000,000000,District - West,rural,buddhist,males,1
census-india-2011,sources/census-2011/c-series/state-mdds/c01-07-delhi.xls,5407e0630fa8a003,census-c01-extract-v1.1.0-20260528T003616Z,C0101,07,096,00000,000000,District - West,rural,buddhist,females,0
census-india-2011,sources/census-2011/c-series/state-mdds/c01-07-delhi.xls,5407e0630fa8a003,census-c01-extract-v1.1.0-20260528T003616Z,C0101,07,096,00000,000000,District - West,rural,jain,persons,23
census-india-2011,sources/census-2011/c-series/state-mdds/c01-07-delhi.xls,5407e0630fa8a003,census-c01-extract-v1.1.0-20260528T003616Z,C0101,07,096,00000,000000,District - West,rural,jain,males,9
census-india-2011,sources/census-2011/c-series/state-mdds/c01-07-delhi.xls,5407e0630fa8a003,census-c01-extract-v1.1.0-20260528T003616Z,C0101,07,096,00000,000000,District - West,rural,jain,females,14
census-india-2011,sources/census-2011/c-series/state-mdds/c01-07-delhi.xls,5407e0630fa8a003,census-c01-extract-v1.1.0-20260528T003616Z,C0101,07,096,00000,000000,District - West,rural,other,persons,0
census-india-2011,sources/census-2011/c-series/state-mdds/c01-07-delhi.xls,5407e0630fa8a003,census-c01-extract-v1.1.0-20260528T003616Z,C0101,07,096,00000,000000,District - West,rural,other,males,0
census-india-2011,sources/census-2011/c-series/state-mdds/c01-07-delhi.xls,5407e0630fa8a003,census-c01-extract-v1.1.0-20260528T003616Z,C0101,07,096,00000,000000,District - West,rural,other,females,0
census-india-2011,sources/census-2011/c-series/state-mdds/c01-07-delhi.xls,5407e0630fa8a003,census-c01-extract-v1.1.0-20260528T003616Z,C0101,07,096,00000,000000,District - West,rural,not_stated,persons,0
census-india-2011,sources/census-2011/c-series/state-mdds/c01-07-delhi.xls,5407e0630fa8a003,census-c01-extract-v1.1.0-20260528T003616Z,C0101,07,096,00000,000000,District - West,rural,not_stated,males,0
census-india-2011,sources/census-2011/c-series/state-mdds/c01-07-delhi.xls,5407e0630fa8a003,census-c01-extract-v1.1.0-20260528T003616Z,C0101,07,096,00000,000000,District - West,rural,not_stated,females,0
census-india-2011,sources/census-2011/c-series/state-mdds/c01-07-delhi.xls,5407e0630fa8a003,census-c01-extract-v1.1.0-20260528T003616Z,C0101,07,096,00000,000000,District - West,urban,all,persons,2536823
census-india-2011,sources/census-2011/c-series/state-mdds/c01-07-delhi.xls,5407e0630fa8a003,census-c01-extract-v1.1.0-20260528T003616Z,C0101,07,096,00000,000000,District - West,urban,all,males,1352885
census-india-2011,sources/census-2011/c-series/state-mdds/c01-07-delhi.xls,5407e0630fa8a003,census-c01-extract-v1.1.0-20260528T003616Z,C0101,07,096,00000,000000,District - West,urban,all,females,1183938
census-india-2011,sources/census-2011/c-series/state-mdds/c01-07-delhi.xls,5407e0630fa8a003,census-c01-extract-v1.1.0-20260528T003616Z,C0101,07,096,00000,000000,District - West,urban,hindu,persons,2081302
census-india-2011,sources/census-2011/c-series/state-mdds/c01-07-delhi.xls,5407e0630fa8a003,census-c01-extract-v1.1.0-20260528T003616Z,C0101,07,096,00000,000000,District - West,urban,hindu,males,1112127
census-india-2011,sources/census-2011/c-series/state-mdds/c01-07-delhi.xls,5407e0630fa8a003,census-c01-extract-v1.1.0-20260528T003616Z,C0101,07,096,00000,000000,District - West,urban,hindu,females,969175
census-india-2011,sources/census-2011/c-series/state-mdds/c01-07-delhi.xls,5407e0630fa8a003,census-c01-extract-v1.1.0-20260528T003616Z,C0101,07,096,00000,000000,District - West,urban,muslim,persons,149403
census-india-2011,sources/census-2011/c-series/state-mdds/c01-07-delhi.xls,5407e0630fa8a003,census-c01-extract-v1.1.0-20260528T003616Z,C0101,07,096,00000,000000,District - West,urban,muslim,males,83487
census-india-2011,sources/census-2011/c-series/state-mdds/c01-07-delhi.xls,5407e0630fa8a003,census-c01-extract-v1.1.0-20260528T003616Z,C0101,07,096,00000,000000,District - West,urban,muslim,females,65916
census-india-2011,sources/census-2011/c-series/state-mdds/c01-07-delhi.xls,5407e0630fa8a003,census-c01-extract-v1.1.0-20260528T003616Z,C0101,07,096,00000,000000,District - West,urban,christian,persons,18337
census-india-2011,sources/census-2011/c-series/state-mdds/c01-07-delhi.xls,5407e0630fa8a003,census-c01-extract-v1.1.0-20260528T003616Z,C0101,07,096,00000,000000,District - West,urban,christian,males,8854
census-india-2011,sources/census-2011/c-series/state-mdds/c01-07-delhi.xls,5407e0630fa8a003,census-c01-extract-v1.1.0-20260528T003616Z,C0101,07,096,00000,000000,District - West,urban,christian,females,9483
census-india-2011,sources/census-2011/c-series/state-mdds/c01-07-delhi.xls,5407e0630fa8a003,census-c01-extract-v1.1.0-20260528T003616Z,C0101,07,096,00000,000000,District - West,urban,sikh,persons,271752
census-india-2011,sources/census-2011/c-series/state-mdds/c01-07-delhi.xls,5407e0630fa8a003,census-c01-extract-v1.1.0-20260528T003616Z,C0101,07,096,00000,000000,District - West,urban,sikh,males,139971
census-india-2011,sources/census-2011/c-series/state-mdds/c01-07-delhi.xls,5407e0630fa8a003,census-c01-extract-v1.1.0-20260528T003616Z,C0101,07,096,00000,000000,District - West,urban,sikh,females,131781
census-india-2011,sources/census-2011/c-series/state-mdds/c01-07-delhi.xls,5407e0630fa8a003,census-c01-extract-v1.1.0-20260528T003616Z,C0101,07,096,00000,000000,District - West,urban,buddhist,persons,1992
census-india-2011,sources/census-2011/c-series/state-mdds/c01-07-delhi.xls,5407e0630fa8a003,census-c01-extract-v1.1.0-20260528T003616Z,C0101,07,096,00000,000000,District - West,urban,buddhist,males,1034
census-india-2011,sources/census-2011/c-series/state-mdds/c01-07-delhi.xls,5407e0630fa8a003,census-c01-extract-v1.1.0-20260528T003616Z,C0101,07,096,00000,000000,District - West,urban,buddhist,females,958
census-india-2011,sources/census-2011/c-series/state-mdds/c01-07-delhi.xls,5407e0630fa8a003,census-c01-extract-v1.1.0-20260528T003616Z,C0101,07,096,00000,000000,District - West,urban,jain,persons,11299
census-india-2011,sources/census-2011/c-series/state-mdds/c01-07-delhi.xls,5407e0630fa8a003,census-c01-extract-v1.1.0-20260528T003616Z,C0101,07,096,00000,000000,District - West,urban,jain,males,5819
census-india-2011,sources/census-2011/c-series/state-mdds/c01-07-delhi.xls,5407e0630fa8a003,census-c01-extract-v1.1.0-20260528T003616Z,C0101,07,096,00000,000000,District - West,urban,jain,females,5480
census-india-2011,sources/census-2011/c-series/state-mdds/c01-07-delhi.xls,5407e0630fa8a003,census-c01-extract-v1.1.0-20260528T003616Z,C0101,07,096,00000,000000,District - West,urban,other,persons,273
census-india-2011,sources/census-2011/c-series/state-mdds/c01-07-delhi.xls,5407e0630fa8a003,census-c01-extract-v1.1.0-20260528T003616Z,C0101,07,096,00000,000000,District - West,urban,other,males,156
census-india-2011,sources/census-2011/c-series/state-mdds/c01-07-delhi.xls,5407e0630fa8a003,census-c01-extract-v1.1.0-20260528T003616Z,C0101,07,096,00000,000000,District - West,urban,other,females,117
census-india-2011,sources/census-2011/c-series/state-mdds/c01-07-delhi.xls,5407e0630fa8a003,census-c01-extract-v1.1.0-20260528T003616Z,C0101,07,096,00000,000000,District - West,urban,not_stated,persons,2465
census-india-2011,sources/census-2011/c-series/state-mdds/c01-07-delhi.xls,5407e0630fa8a003,census-c01-extract-v1.1.0-20260528T003616Z,C0101,07,096,00000,000000,District - West,urban,not_stated,males,1437
census-india-2011,sources/census-2011/c-series/state-mdds/c01-07-delhi.xls,5407e0630fa8a003,census-c01-extract-v1.1.0-20260528T003616Z,C0101,07,096,00000,000000,District - West,urban,not_stated,females,1028
census-india-2011,sources/census-2011/c-series/state-mdds/c01-07-delhi.xls,5407e0630fa8a003,census-c01-extract-v1.1.0-20260528T003616Z,C0101,07,097,00000,000000,District - South West,total,all,persons,2292958
census-india-2011,sources/census-2011/c-series/state-mdds/c01-07-delhi.xls,5407e0630fa8a003,census-c01-extract-v1.1.0-20260528T003616Z,C0101,07,097,00000,000000,District - South West,total,all,males,1246046
census-india-2011,sources/census-2011/c-series/state-mdds/c01-07-delhi.xls,5407e0630fa8a003,census-c01-extract-v1.1.0-20260528T003616Z,C0101,07,097,00000,000000,District - South West,total,all,females,1046912
census-india-2011,sources/census-2011/c-series/state-mdds/c01-07-delhi.xls,5407e0630fa8a003,census-c01-extract-v1.1.0-20260528T003616Z,C0101,07,097,00000,000000,District - South West,total,hindu,persons,2102743
census-india-2011,sources/census-2011/c-series/state-mdds/c01-07-delhi.xls,5407e0630fa8a003,census-c01-extract-v1.1.0-20260528T003616Z,C0101,07,097,00000,000000,District - South West,total,hindu,males,1141018
census-india-2011,sources/census-2011/c-series/state-mdds/c01-07-delhi.xls,5407e0630fa8a003,census-c01-extract-v1.1.0-20260528T003616Z,C0101,07,097,00000,000000,District - South West,total,hindu,females,961725
census-india-2011,sources/census-2011/c-series/state-mdds/c01-07-delhi.xls,5407e0630fa8a003,census-c01-extract-v1.1.0-20260528T003616Z,C0101,07,097,00000,000000,District - South West,total,muslim,persons,112691
census-india-2011,sources/census-2011/c-series/state-mdds/c01-07-delhi.xls,5407e0630fa8a003,census-c01-extract-v1.1.0-20260528T003616Z,C0101,07,097,00000,000000,District - South West,total,muslim,males,65491
census-india-2011,sources/census-2011/c-series/state-mdds/c01-07-delhi.xls,5407e0630fa8a003,census-c01-extract-v1.1.0-20260528T003616Z,C0101,07,097,00000,000000,District - South West,total,muslim,females,47200
census-india-2011,sources/census-2011/c-series/state-mdds/c01-07-delhi.xls,5407e0630fa8a003,census-c01-extract-v1.1.0-20260528T003616Z,C0101,07,097,00000,000000,District - South West,total,christian,persons,31226
census-india-2011,sources/census-2011/c-series/state-mdds/c01-07-delhi.xls,5407e0630fa8a003,census-c01-extract-v1.1.0-20260528T003616Z,C0101,07,097,00000,000000,District - South West,total,christian,males,15478
census-india-2011,sources/census-2011/c-series/state-mdds/c01-07-delhi.xls,5407e0630fa8a003,census-c01-extract-v1.1.0-20260528T003616Z,C0101,07,097,00000,000000,District - South West,total,christian,females,15748
census-india-2011,sources/census-2011/c-series/state-mdds/c01-07-delhi.xls,5407e0630fa8a003,census-c01-extract-v1.1.0-20260528T003616Z,C0101,07,097,00000,000000,District - South West,total,sikh,persons,31692
census-india-2011,sources/census-2011/c-series/state-mdds/c01-07-delhi.xls,5407e0630fa8a003,census-c01-extract-v1.1.0-20260528T003616Z,C0101,07,097,00000,000000,District - South West,total,sikh,males,16397
census-india-2011,sources/census-2011/c-series/state-mdds/c01-07-delhi.xls,5407e0630fa8a003,census-c01-extract-v1.1.0-20260528T003616Z,C0101,07,097,00000,000000,District - South West,total,sikh,females,15295
census-india-2011,sources/census-2011/c-series/state-mdds/c01-07-delhi.xls,5407e0630fa8a003,census-c01-extract-v1.1.0-20260528T003616Z,C0101,07,097,00000,000000,District - South West,total,buddhist,persons,2784
census-india-2011,sources/census-2011/c-series/state-mdds/c01-07-delhi.xls,5407e0630fa8a003,census-c01-extract-v1.1.0-20260528T003616Z,C0101,07,097,00000,000000,District - South West,total,buddhist,males,1461
census-india-2011,sources/census-2011/c-series/state-mdds/c01-07-delhi.xls,5407e0630fa8a003,census-c01-extract-v1.1.0-20260528T003616Z,C0101,07,097,00000,000000,District - South West,total,buddhist,females,1323
census-india-2011,sources/census-2011/c-series/state-mdds/c01-07-delhi.xls,5407e0630fa8a003,census-c01-extract-v1.1.0-20260528T003616Z,C0101,07,097,00000,000000,District - South West,total,jain,persons,9215
census-india-2011,sources/census-2011/c-series/state-mdds/c01-07-delhi.xls,5407e0630fa8a003,census-c01-extract-v1.1.0-20260528T003616Z,C0101,07,097,00000,000000,District - South West,total,jain,males,4747
census-india-2011,sources/census-2011/c-series/state-mdds/c01-07-delhi.xls,5407e0630fa8a003,census-c01-extract-v1.1.0-20260528T003616Z,C0101,07,097,00000,000000,District - South West,total,jain,females,4468
census-india-2011,sources/census-2011/c-series/state-mdds/c01-07-delhi.xls,5407e0630fa8a003,census-c01-extract-v1.1.0-20260528T003616Z,C0101,07,097,00000,000000,District - South West,total,other,persons,266
census-india-2011,sources/census-2011/c-series/state-mdds/c01-07-delhi.xls,5407e0630fa8a003,census-c01-extract-v1.1.0-20260528T003616Z,C0101,07,097,00000,000000,District - South West,total,other,males,131
census-india-2011,sources/census-2011/c-series/state-mdds/c01-07-delhi.xls,5407e0630fa8a003,census-c01-extract-v1.1.0-20260528T003616Z,C0101,07,097,00000,000000,District - South West,total,other,females,135
census-india-2011,sources/census-2011/c-series/state-mdds/c01-07-delhi.xls,5407e0630fa8a003,census-c01-extract-v1.1.0-20260528T003616Z,C0101,07,097,00000,000000,District - South West,total,not_stated,persons,2341
census-india-2011,sources/census-2011/c-series/state-mdds/c01-07-delhi.xls,5407e0630fa8a003,census-c01-extract-v1.1.0-20260528T003616Z,C0101,07,097,00000,000000,District - South West,total,not_stated,males,1323
census-india-2011,sources/census-2011/c-series/state-mdds/c01-07-delhi.xls,5407e0630fa8a003,census-c01-extract-v1.1.0-20260528T003616Z,C0101,07,097,00000,000000,District - South West,total,not_stated,females,1018
census-india-2011,sources/census-2011/c-series/state-mdds/c01-07-delhi.xls,5407e0630fa8a003,census-c01-extract-v1.1.0-20260528T003616Z,C0101,07,097,00000,000000,District - South West,rural,all,persons,143676
census-india-2011,sources/census-2011/c-series/state-mdds/c01-07-delhi.xls,5407e0630fa8a003,census-c01-extract-v1.1.0-20260528T003616Z,C0101,07,097,00000,000000,District - South West,rural,all,males,77342
census-india-2011,sources/census-2011/c-series/state-mdds/c01-07-delhi.xls,5407e0630fa8a003,census-c01-extract-v1.1.0-20260528T003616Z,C0101,07,097,00000,000000,District - South West,rural,all,females,66334
census-india-2011,sources/census-2011/c-series/state-mdds/c01-07-delhi.xls,5407e0630fa8a003,census-c01-extract-v1.1.0-20260528T003616Z,C0101,07,097,00000,000000,District - South West,rural,hindu,persons,138796
census-india-2011,sources/census-2011/c-series/state-mdds/c01-07-delhi.xls,5407e0630fa8a003,census-c01-extract-v1.1.0-20260528T003616Z,C0101,07,097,00000,000000,District - South West,rural,hindu,males,74760
census-india-2011,sources/census-2011/c-series/state-mdds/c01-07-delhi.xls,5407e0630fa8a003,census-c01-extract-v1.1.0-20260528T003616Z,C0101,07,097,00000,000000,District - South West,rural,hindu,females,64036
census-india-2011,sources/census-2011/c-series/state-mdds/c01-07-delhi.xls,5407e0630fa8a003,census-c01-extract-v1.1.0-20260528T003616Z,C0101,07,097,00000,000000,District - South West,rural,muslim,persons,4043
census-india-2011,sources/census-2011/c-series/state-mdds/c01-07-delhi.xls,5407e0630fa8a003,census-c01-extract-v1.1.0-20260528T003616Z,C0101,07,097,00000,000000,District - South West,rural,muslim,males,2154
census-india-2011,sources/census-2011/c-series/state-mdds/c01-07-delhi.xls,5407e0630fa8a003,census-c01-extract-v1.1.0-20260528T003616Z,C0101,07,097,00000,000000,District - South West,rural,muslim,females,1889
census-india-2011,sources/census-2011/c-series/state-mdds/c01-07-delhi.xls,5407e0630fa8a003,census-c01-extract-v1.1.0-20260528T003616Z,C0101,07,097,00000,000000,District - South West,rural,christian,persons,478
census-india-2011,sources/census-2011/c-series/state-mdds/c01-07-delhi.xls,5407e0630fa8a003,census-c01-extract-v1.1.0-20260528T003616Z,C0101,07,097,00000,000000,District - South West,rural,christian,males,249
census-india-2011,sources/census-2011/c-series/state-mdds/c01-07-delhi.xls,5407e0630fa8a003,census-c01-extract-v1.1.0-20260528T003616Z,C0101,07,097,00000,000000,District - South West,rural,christian,females,229
census-india-2011,sources/census-2011/c-series/state-mdds/c01-07-delhi.xls,5407e0630fa8a003,census-c01-extract-v1.1.0-20260528T003616Z,C0101,07,097,00000,000000,District - South West,rural,sikh,persons,210
census-india-2011,sources/census-2011/c-series/state-mdds/c01-07-delhi.xls,5407e0630fa8a003,census-c01-extract-v1.1.0-20260528T003616Z,C0101,07,097,00000,000000,District - South West,rural,sikh,males,104
census-india-2011,sources/census-2011/c-series/state-mdds/c01-07-delhi.xls,5407e0630fa8a003,census-c01-extract-v1.1.0-20260528T003616Z,C0101,07,097,00000,000000,District - South West,rural,sikh,females,106
census-india-2011,sources/census-2011/c-series/state-mdds/c01-07-delhi.xls,5407e0630fa8a003,census-c01-extract-v1.1.0-20260528T003616Z,C0101,07,097,00000,000000,District - South West,rural,buddhist,persons,26
census-india-2011,sources/census-2011/c-series/state-mdds/c01-07-delhi.xls,5407e0630fa8a003,census-c01-extract-v1.1.0-20260528T003616Z,C0101,07,097,00000,000000,District - South West,rural,buddhist,males,13
census-india-2011,sources/census-2011/c-series/state-mdds/c01-07-delhi.xls,5407e0630fa8a003,census-c01-extract-v1.1.0-20260528T003616Z,C0101,07,097,00000,000000,District - South West,rural,buddhist,females,13
census-india-2011,sources/census-2011/c-series/state-mdds/c01-07-delhi.xls,5407e0630fa8a003,census-c01-extract-v1.1.0-20260528T003616Z,C0101,07,097,00000,000000,District - South West,rural,jain,persons,17
census-india-2011,sources/census-2011/c-series/state-mdds/c01-07-delhi.xls,5407e0630fa8a003,census-c01-extract-v1.1.0-20260528T003616Z,C0101,07,097,00000,000000,District - South West,rural,jain,males,9
census-india-2011,sources/census-2011/c-series/state-mdds/c01-07-delhi.xls,5407e0630fa8a003,census-c01-extract-v1.1.0-20260528T003616Z,C0101,07,097,00000,000000,District - South West,rural,jain,females,8
census-india-2011,sources/census-2011/c-series/state-mdds/c01-07-delhi.xls,5407e0630fa8a003,census-c01-extract-v1.1.0-20260528T003616Z,C0101,07,097,00000,000000,District - South West,rural,other,persons,0
census-india-2011,sources/census-2011/c-series/state-mdds/c01-07-delhi.xls,5407e0630fa8a003,census-c01-extract-v1.1.0-20260528T003616Z,C0101,07,097,00000,000000,District - South West,rural,other,males,0
census-india-2011,sources/census-2011/c-series/state-mdds/c01-07-delhi.xls,5407e0630fa8a003,census-c01-extract-v1.1.0-20260528T003616Z,C0101,07,097,00000,000000,District - South West,rural,other,females,0
census-india-2011,sources/census-2011/c-series/state-mdds/c01-07-delhi.xls,5407e0630fa8a003,census-c01-extract-v1.1.0-20260528T003616Z,C0101,07,097,00000,000000,District - South West,rural,not_stated,persons,106
census-india-2011,sources/census-2011/c-series/state-mdds/c01-07-delhi.xls,5407e0630fa8a003,census-c01-extract-v1.1.0-20260528T003616Z,C0101,07,097,00000,000000,District - South West,rural,not_stated,males,53
census-india-2011,sources/census-2011/c-series/state-mdds/c01-07-delhi.xls,5407e0630fa8a003,census-c01-extract-v1.1.0-20260528T003616Z,C0101,07,097,00000,000000,District - South West,rural,not_stated,females,53
census-india-2011,sources/census-2011/c-series/state-mdds/c01-07-delhi.xls,5407e0630fa8a003,census-c01-extract-v1.1.0-20260528T003616Z,C0101,07,097,00000,000000,District - South West,urban,all,persons,2149282
census-india-2011,sources/census-2011/c-series/state-mdds/c01-07-delhi.xls,5407e0630fa8a003,census-c01-extract-v1.1.0-20260528T003616Z,C0101,07,097,00000,000000,District - South West,urban,all,males,1168704
census-india-2011,sources/census-2011/c-series/state-mdds/c01-07-delhi.xls,5407e0630fa8a003,census-c01-extract-v1.1.0-20260528T003616Z,C0101,07,097,00000,000000,District - South West,urban,all,females,980578
census-india-2011,sources/census-2011/c-series/state-mdds/c01-07-delhi.xls,5407e0630fa8a003,census-c01-extract-v1.1.0-20260528T003616Z,C0101,07,097,00000,000000,District - South West,urban,hindu,persons,1963947
census-india-2011,sources/census-2011/c-series/state-mdds/c01-07-delhi.xls,5407e0630fa8a003,census-c01-extract-v1.1.0-20260528T003616Z,C0101,07,097,00000,000000,District - South West,urban,hindu,males,1066258
census-india-2011,sources/census-2011/c-series/state-mdds/c01-07-delhi.xls,5407e0630fa8a003,census-c01-extract-v1.1.0-20260528T003616Z,C0101,07,097,00000,000000,District - South West,urban,hindu,females,897689
census-india-2011,sources/census-2011/c-series/state-mdds/c01-07-delhi.xls,5407e0630fa8a003,census-c01-extract-v1.1.0-20260528T003616Z,C0101,07,097,00000,000000,District - South West,urban,muslim,persons,108648
census-india-2011,sources/census-2011/c-series/state-mdds/c01-07-delhi.xls,5407e0630fa8a003,census-c01-extract-v1.1.0-20260528T003616Z,C0101,07,097,00000,000000,District - South West,urban,muslim,males,63337
census-india-2011,sources/census-2011/c-series/state-mdds/c01-07-delhi.xls,5407e0630fa8a003,census-c01-extract-v1.1.0-20260528T003616Z,C0101,07,097,00000,000000,District - South West,urban,muslim,females,45311
census-india-2011,sources/census-2011/c-series/state-mdds/c01-07-delhi.xls,5407e0630fa8a003,census-c01-extract-v1.1.0-20260528T003616Z,C0101,07,097,00000,000000,District - South West,urban,christian,persons,30748
census-india-2011,sources/census-2011/c-series/state-mdds/c01-07-delhi.xls,5407e0630fa8a003,census-c01-extract-v1.1.0-20260528T003616Z,C0101,07,097,00000,000000,District - South West,urban,christian,males,15229
census-india-2011,sources/census-2011/c-series/state-mdds/c01-07-delhi.xls,5407e0630fa8a003,census-c01-extract-v1.1.0-20260528T003616Z,C0101,07,097,00000,000000,District - South West,urban,christian,females,15519
census-india-2011,sources/census-2011/c-series/state-mdds/c01-07-delhi.xls,5407e0630fa8a003,census-c01-extract-v1.1.0-20260528T003616Z,C0101,07,097,00000,000000,District - South West,urban,sikh,persons,31482
census-india-2011,sources/census-2011/c-series/state-mdds/c01-07-delhi.xls,5407e0630fa8a003,census-c01-extract-v1.1.0-20260528T003616Z,C0101,07,097,00000,000000,District - South West,urban,sikh,males,16293
census-india-2011,sources/census-2011/c-series/state-mdds/c01-07-delhi.xls,5407e0630fa8a003,census-c01-extract-v1.1.0-20260528T003616Z,C0101,07,097,00000,000000,District - South West,urban,sikh,females,15189
census-india-2011,sources/census-2011/c-series/state-mdds/c01-07-delhi.xls,5407e0630fa8a003,census-c01-extract-v1.1.0-20260528T003616Z,C0101,07,097,00000,000000,District - South West,urban,buddhist,persons,2758
census-india-2011,sources/census-2011/c-series/state-mdds/c01-07-delhi.xls,5407e0630fa8a003,census-c01-extract-v1.1.0-20260528T003616Z,C0101,07,097,00000,000000,District - South West,urban,buddhist,males,1448
census-india-2011,sources/census-2011/c-series/state-mdds/c01-07-delhi.xls,5407e0630fa8a003,census-c01-extract-v1.1.0-20260528T003616Z,C0101,07,097,00000,000000,District - South West,urban,buddhist,females,1310
census-india-2011,sources/census-2011/c-series/state-mdds/c01-07-delhi.xls,5407e0630fa8a003,census-c01-extract-v1.1.0-20260528T003616Z,C0101,07,097,00000,000000,District - South West,urban,jain,persons,9198
census-india-2011,sources/census-2011/c-series/state-mdds/c01-07-delhi.xls,5407e0630fa8a003,census-c01-extract-v1.1.0-20260528T003616Z,C0101,07,097,00000,000000,District - South West,urban,jain,males,4738
census-india-2011,sources/census-2011/c-series/state-mdds/c01-07-delhi.xls,5407e0630fa8a003,census-c01-extract-v1.1.0-20260528T003616Z,C0101,07,097,00000,000000,District - South West,urban,jain,females,4460
census-india-2011,sources/census-2011/c-series/state-mdds/c01-07-delhi.xls,5407e0630fa8a003,census-c01-extract-v1.1.0-20260528T003616Z,C0101,07,097,00000,000000,District - South West,urban,other,persons,266
census-india-2011,sources/census-2011/c-series/state-mdds/c01-07-delhi.xls,5407e0630fa8a003,census-c01-extract-v1.1.0-20260528T003616Z,C0101,07,097,00000,000000,District - South West,urban,other,males,131
census-india-2011,sources/census-2011/c-series/state-mdds/c01-07-delhi.xls,5407e0630fa8a003,census-c01-extract-v1.1.0-20260528T003616Z,C0101,07,097,00000,000000,District - South West,urban,other,females,135
census-india-2011,sources/census-2011/c-series/state-mdds/c01-07-delhi.xls,5407e0630fa8a003,census-c01-extract-v1.1.0-20260528T003616Z,C0101,07,097,00000,000000,District - South West,urban,not_stated,persons,2235
census-india-2011,sources/census-2011/c-series/state-mdds/c01-07-delhi.xls,5407e0630fa8a003,census-c01-extract-v1.1.0-20260528T003616Z,C0101,07,097,00000,000000,District - South West,urban,not_stated,males,1270
census-india-2011,sources/census-2011/c-series/state-mdds/c01-07-delhi.xls,5407e0630fa8a003,census-c01-extract-v1.1.0-20260528T003616Z,C0101,07,097,00000,000000,District - South West,urban,not_stated,females,965
census-india-2011,sources/census-2011/c-series/state-mdds/c01-07-delhi.xls,5407e0630fa8a003,census-c01-extract-v1.1.0-20260528T003616Z,C0101,07,098,00000,000000,District - South,total,all,persons,2731929
census-india-2011,sources/census-2011/c-series/state-mdds/c01-07-delhi.xls,5407e0630fa8a003,census-c01-extract-v1.1.0-20260528T003616Z,C0101,07,098,00000,000000,District - South,total,all,males,1467428
census-india-2011,sources/census-2011/c-series/state-mdds/c01-07-delhi.xls,5407e0630fa8a003,census-c01-extract-v1.1.0-20260528T003616Z,C0101,07,098,00000,000000,District - South,total,all,females,1264501
census-india-2011,sources/census-2011/c-series/state-mdds/c01-07-delhi.xls,5407e0630fa8a003,census-c01-extract-v1.1.0-20260528T003616Z,C0101,07,098,00000,000000,District - South,total,hindu,persons,2155759
census-india-2011,sources/census-2011/c-series/state-mdds/c01-07-delhi.xls,5407e0630fa8a003,census-c01-extract-v1.1.0-20260528T003616Z,C0101,07,098,00000,000000,District - South,total,hindu,males,1158329
census-india-2011,sources/census-2011/c-series/state-mdds/c01-07-delhi.xls,5407e0630fa8a003,census-c01-extract-v1.1.0-20260528T003616Z,C0101,07,098,00000,000000,District - South,total,hindu,females,997430
census-india-2011,sources/census-2011/c-series/state-mdds/c01-07-delhi.xls,5407e0630fa8a003,census-c01-extract-v1.1.0-20260528T003616Z,C0101,07,098,00000,000000,District - South,total,muslim,persons,445914
census-india-2011,sources/census-2011/c-series/state-mdds/c01-07-delhi.xls,5407e0630fa8a003,census-c01-extract-v1.1.0-20260528T003616Z,C0101,07,098,00000,000000,District - South,total,muslim,males,243402
census-india-2011,sources/census-2011/c-series/state-mdds/c01-07-delhi.xls,5407e0630fa8a003,census-c01-extract-v1.1.0-20260528T003616Z,C0101,07,098,00000,000000,District - South,total,muslim,females,202512
census-india-2011,sources/census-2011/c-series/state-mdds/c01-07-delhi.xls,5407e0630fa8a003,census-c01-extract-v1.1.0-20260528T003616Z,C0101,07,098,00000,000000,District - South,total,christian,persons,41880
census-india-2011,sources/census-2011/c-series/state-mdds/c01-07-delhi.xls,5407e0630fa8a003,census-c01-extract-v1.1.0-20260528T003616Z,C0101,07,098,00000,000000,District - South,total,christian,males,20134
census-india-2011,sources/census-2011/c-series/state-mdds/c01-07-delhi.xls,5407e0630fa8a003,census-c01-extract-v1.1.0-20260528T003616Z,C0101,07,098,00000,000000,District - South,total,christian,females,21746
census-india-2011,sources/census-2011/c-series/state-mdds/c01-07-delhi.xls,5407e0630fa8a003,census-c01-extract-v1.1.0-20260528T003616Z,C0101,07,098,00000,000000,District - South,total,sikh,persons,69520
census-india-2011,sources/census-2011/c-series/state-mdds/c01-07-delhi.xls,5407e0630fa8a003,census-c01-extract-v1.1.0-20260528T003616Z,C0101,07,098,00000,000000,District - South,total,sikh,males,35867
census-india-2011,sources/census-2011/c-series/state-mdds/c01-07-delhi.xls,5407e0630fa8a003,census-c01-extract-v1.1.0-20260528T003616Z,C0101,07,098,00000,000000,District - South,total,sikh,females,33653
census-india-2011,sources/census-2011/c-series/state-mdds/c01-07-delhi.xls,5407e0630fa8a003,census-c01-extract-v1.1.0-20260528T003616Z,C0101,07,098,00000,000000,District - South,total,buddhist,persons,3862
census-india-2011,sources/census-2011/c-series/state-mdds/c01-07-delhi.xls,5407e0630fa8a003,census-c01-extract-v1.1.0-20260528T003616Z,C0101,07,098,00000,000000,District - South,total,buddhist,males,1958
census-india-2011,sources/census-2011/c-series/state-mdds/c01-07-delhi.xls,5407e0630fa8a003,census-c01-extract-v1.1.0-20260528T003616Z,C0101,07,098,00000,000000,District - South,total,buddhist,females,1904
census-india-2011,sources/census-2011/c-series/state-mdds/c01-07-delhi.xls,5407e0630fa8a003,census-c01-extract-v1.1.0-20260528T003616Z,C0101,07,098,00000,000000,District - South,total,jain,persons,11020
census-india-2011,sources/census-2011/c-series/state-mdds/c01-07-delhi.xls,5407e0630fa8a003,census-c01-extract-v1.1.0-20260528T003616Z,C0101,07,098,00000,000000,District - South,total,jain,males,5561
census-india-2011,sources/census-2011/c-series/state-mdds/c01-07-delhi.xls,5407e0630fa8a003,census-c01-extract-v1.1.0-20260528T003616Z,C0101,07,098,00000,000000,District - South,total,jain,females,5459
census-india-2011,sources/census-2011/c-series/state-mdds/c01-07-delhi.xls,5407e0630fa8a003,census-c01-extract-v1.1.0-20260528T003616Z,C0101,07,098,00000,000000,District - South,total,other,persons,645
census-india-2011,sources/census-2011/c-series/state-mdds/c01-07-delhi.xls,5407e0630fa8a003,census-c01-extract-v1.1.0-20260528T003616Z,C0101,07,098,00000,000000,District - South,total,other,males,324
census-india-2011,sources/census-2011/c-series/state-mdds/c01-07-delhi.xls,5407e0630fa8a003,census-c01-extract-v1.1.0-20260528T003616Z,C0101,07,098,00000,000000,District - South,total,other,females,321
census-india-2011,sources/census-2011/c-series/state-mdds/c01-07-delhi.xls,5407e0630fa8a003,census-c01-extract-v1.1.0-20260528T003616Z,C0101,07,098,00000,000000,District - South,total,not_stated,persons,3329
census-india-2011,sources/census-2011/c-series/state-mdds/c01-07-delhi.xls,5407e0630fa8a003,census-c01-extract-v1.1.0-20260528T003616Z,C0101,07,098,00000,000000,District - South,total,not_stated,males,1853
census-india-2011,sources/census-2011/c-series/state-mdds/c01-07-delhi.xls,5407e0630fa8a003,census-c01-extract-v1.1.0-20260528T003616Z,C0101,07,098,00000,000000,District - South,total,not_stated,females,1476
census-india-2011,sources/census-2011/c-series/state-mdds/c01-07-delhi.xls,5407e0630fa8a003,census-c01-extract-v1.1.0-20260528T003616Z,C0101,07,098,00000,000000,District - South,rural,all,persons,12193
census-india-2011,sources/census-2011/c-series/state-mdds/c01-07-delhi.xls,5407e0630fa8a003,census-c01-extract-v1.1.0-20260528T003616Z,C0101,07,098,00000,000000,District - South,rural,all,males,6819
census-india-2011,sources/census-2011/c-series/state-mdds/c01-07-delhi.xls,5407e0630fa8a003,census-c01-extract-v1.1.0-20260528T003616Z,C0101,07,098,00000,000000,District - South,rural,all,females,5374
census-india-2011,sources/census-2011/c-series/state-mdds/c01-07-delhi.xls,5407e0630fa8a003,census-c01-extract-v1.1.0-20260528T003616Z,C0101,07,098,00000,000000,District - South,rural,hindu,persons,8094
census-india-2011,sources/census-2011/c-series/state-mdds/c01-07-delhi.xls,5407e0630fa8a003,census-c01-extract-v1.1.0-20260528T003616Z,C0101,07,098,00000,000000,District - South,rural,hindu,males,4606
census-india-2011,sources/census-2011/c-series/state-mdds/c01-07-delhi.xls,5407e0630fa8a003,census-c01-extract-v1.1.0-20260528T003616Z,C0101,07,098,00000,000000,District - South,rural,hindu,females,3488
census-india-2011,sources/census-2011/c-series/state-mdds/c01-07-delhi.xls,5407e0630fa8a003,census-c01-extract-v1.1.0-20260528T003616Z,C0101,07,098,00000,000000,District - South,rural,muslim,persons,3590
census-india-2011,sources/census-2011/c-series/state-mdds/c01-07-delhi.xls,5407e0630fa8a003,census-c01-extract-v1.1.0-20260528T003616Z,C0101,07,098,00000,000000,District - South,rural,muslim,males,1935
census-india-2011,sources/census-2011/c-series/state-mdds/c01-07-delhi.xls,5407e0630fa8a003,census-c01-extract-v1.1.0-20260528T003616Z,C0101,07,098,00000,000000,District - South,rural,muslim,females,1655
census-india-2011,sources/census-2011/c-series/state-mdds/c01-07-delhi.xls,5407e0630fa8a003,census-c01-extract-v1.1.0-20260528T003616Z,C0101,07,098,00000,000000,District - South,rural,christian,persons,99
census-india-2011,sources/census-2011/c-series/state-mdds/c01-07-delhi.xls,5407e0630fa8a003,census-c01-extract-v1.1.0-20260528T003616Z,C0101,07,098,00000,000000,District - South,rural,christian,males,47
census-india-2011,sources/census-2011/c-series/state-mdds/c01-07-delhi.xls,5407e0630fa8a003,census-c01-extract-v1.1.0-20260528T003616Z,C0101,07,098,00000,000000,District - South,rural,christian,females,52
census-india-2011,sources/census-2011/c-series/state-mdds/c01-07-delhi.xls,5407e0630fa8a003,census-c01-extract-v1.1.0-20260528T003616Z,C0101,07,098,00000,000000,District - South,rural,sikh,persons,288
census-india-2011,sources/census-2011/c-series/state-mdds/c01-07-delhi.xls,5407e0630fa8a003,census-c01-extract-v1.1.0-20260528T003616Z,C0101,07,098,00000,000000,District - South,rural,sikh,males,149
census-india-2011,sources/census-2011/c-series/state-mdds/c01-07-delhi.xls,5407e0630fa8a003,census-c01-extract-v1.1.0-20260528T003616Z,C0101,07,098,00000,000000,District - South,rural,sikh,females,139
census-india-2011,sources/census-2011/c-series/state-mdds/c01-07-delhi.xls,5407e0630fa8a003,census-c01-extract-v1.1.0-20260528T003616Z,C0101,07,098,00000,000000,District - South,rural,buddhist,persons,17
census-india-2011,sources/census-2011/c-series/state-mdds/c01-07-delhi.xls,5407e0630fa8a003,census-c01-extract-v1.1.0-20260528T003616Z,C0101,07,098,00000,000000,District - South,rural,buddhist,males,9
census-india-2011,sources/census-2011/c-series/state-mdds/c01-07-delhi.xls,5407e0630fa8a003,census-c01-extract-v1.1.0-20260528T003616Z,C0101,07,098,00000,000000,District - South,rural,buddhist,females,8
census-india-2011,sources/census-2011/c-series/state-mdds/c01-07-delhi.xls,5407e0630fa8a003,census-c01-extract-v1.1.0-20260528T003616Z,C0101,07,098,00000,000000,District - South,rural,jain,persons,32
census-india-2011,sources/census-2011/c-series/state-mdds/c01-07-delhi.xls,5407e0630fa8a003,census-c01-extract-v1.1.0-20260528T003616Z,C0101,07,098,00000,000000,District - South,rural,jain,males,16
census-india-2011,sources/census-2011/c-series/state-mdds/c01-07-delhi.xls,5407e0630fa8a003,census-c01-extract-v1.1.0-20260528T003616Z,C0101,07,098,00000,000000,District - South,rural,jain,females,16
census-india-2011,sources/census-2011/c-series/state-mdds/c01-07-delhi.xls,5407e0630fa8a003,census-c01-extract-v1.1.0-20260528T003616Z,C0101,07,098,00000,000000,District - South,rural,other,persons,18
census-india-2011,sources/census-2011/c-series/state-mdds/c01-07-delhi.xls,5407e0630fa8a003,census-c01-extract-v1.1.0-20260528T003616Z,C0101,07,098,00000,000000,District - South,rural,other,males,12
census-india-2011,sources/census-2011/c-series/state-mdds/c01-07-delhi.xls,5407e0630fa8a003,census-c01-extract-v1.1.0-20260528T003616Z,C0101,07,098,00000,000000,District - South,rural,other,females,6
census-india-2011,sources/census-2011/c-series/state-mdds/c01-07-delhi.xls,5407e0630fa8a003,census-c01-extract-v1.1.0-20260528T003616Z,C0101,07,098,00000,000000,District - South,rural,not_stated,persons,55
census-india-2011,sources/census-2011/c-series/state-mdds/c01-07-delhi.xls,5407e0630fa8a003,census-c01-extract-v1.1.0-20260528T003616Z,C0101,07,098,00000,000000,District - South,rural,not_stated,males,45
census-india-2011,sources/census-2011/c-series/state-mdds/c01-07-delhi.xls,5407e0630fa8a003,census-c01-extract-v1.1.0-20260528T003616Z,C0101,07,098,00000,000000,District - South,rural,not_stated,females,10
census-india-2011,sources/census-2011/c-series/state-mdds/c01-07-delhi.xls,5407e0630fa8a003,census-c01-extract-v1.1.0-20260528T003616Z,C0101,07,098,00000,000000,District - South,urban,all,persons,2719736
census-india-2011,sources/census-2011/c-series/state-mdds/c01-07-delhi.xls,5407e0630fa8a003,census-c01-extract-v1.1.0-20260528T003616Z,C0101,07,098,00000,000000,District - South,urban,all,males,1460609
census-india-2011,sources/census-2011/c-series/state-mdds/c01-07-delhi.xls,5407e0630fa8a003,census-c01-extract-v1.1.0-20260528T003616Z,C0101,07,098,00000,000000,District - South,urban,all,females,1259127
census-india-2011,sources/census-2011/c-series/state-mdds/c01-07-delhi.xls,5407e0630fa8a003,census-c01-extract-v1.1.0-20260528T003616Z,C0101,07,098,00000,000000,District - South,urban,hindu,persons,2147665
census-india-2011,sources/census-2011/c-series/state-mdds/c01-07-delhi.xls,5407e0630fa8a003,census-c01-extract-v1.1.0-20260528T003616Z,C0101,07,098,00000,000000,District - South,urban,hindu,males,1153723
census-india-2011,sources/census-2011/c-series/state-mdds/c01-07-delhi.xls,5407e0630fa8a003,census-c01-extract-v1.1.0-20260528T003616Z,C0101,07,098,00000,000000,District - South,urban,hindu,females,993942
census-india-2011,sources/census-2011/c-series/state-mdds/c01-07-delhi.xls,5407e0630fa8a003,census-c01-extract-v1.1.0-20260528T003616Z,C0101,07,098,00000,000000,District - South,urban,muslim,persons,442324
census-india-2011,sources/census-2011/c-series/state-mdds/c01-07-delhi.xls,5407e0630fa8a003,census-c01-extract-v1.1.0-20260528T003616Z,C0101,07,098,00000,000000,District - South,urban,muslim,males,241467
census-india-2011,sources/census-2011/c-series/state-mdds/c01-07-delhi.xls,5407e0630fa8a003,census-c01-extract-v1.1.0-20260528T003616Z,C0101,07,098,00000,000000,District - South,urban,muslim,females,200857
census-india-2011,sources/census-2011/c-series/state-mdds/c01-07-delhi.xls,5407e0630fa8a003,census-c01-extract-v1.1.0-20260528T003616Z,C0101,07,098,00000,000000,District - South,urban,christian,persons,41781
census-india-2011,sources/census-2011/c-series/state-mdds/c01-07-delhi.xls,5407e0630fa8a003,census-c01-extract-v1.1.0-20260528T003616Z,C0101,07,098,00000,000000,District - South,urban,christian,males,20087
census-india-2011,sources/census-2011/c-series/state-mdds/c01-07-delhi.xls,5407e0630fa8a003,census-c01-extract-v1.1.0-20260528T003616Z,C0101,07,098,00000,000000,District - South,urban,christian,females,21694
census-india-2011,sources/census-2011/c-series/state-mdds/c01-07-delhi.xls,5407e0630fa8a003,census-c01-extract-v1.1.0-20260528T003616Z,C0101,07,098,00000,000000,District - South,urban,sikh,persons,69232
census-india-2011,sources/census-2011/c-series/state-mdds/c01-07-delhi.xls,5407e0630fa8a003,census-c01-extract-v1.1.0-20260528T003616Z,C0101,07,098,00000,000000,District - South,urban,sikh,males,35718
census-india-2011,sources/census-2011/c-series/state-mdds/c01-07-delhi.xls,5407e0630fa8a003,census-c01-extract-v1.1.0-20260528T003616Z,C0101,07,098,00000,000000,District - South,urban,sikh,females,33514
census-india-2011,sources/census-2011/c-series/state-mdds/c01-07-delhi.xls,5407e0630fa8a003,census-c01-extract-v1.1.0-20260528T003616Z,C0101,07,098,00000,000000,District - South,urban,buddhist,persons,3845
census-india-2011,sources/census-2011/c-series/state-mdds/c01-07-delhi.xls,5407e0630fa8a003,census-c01-extract-v1.1.0-20260528T003616Z,C0101,07,098,00000,000000,District - South,urban,buddhist,males,1949
census-india-2011,sources/census-2011/c-series/state-mdds/c01-07-delhi.xls,5407e0630fa8a003,census-c01-extract-v1.1.0-20260528T003616Z,C0101,07,098,00000,000000,District - South,urban,buddhist,females,1896
census-india-2011,sources/census-2011/c-series/state-mdds/c01-07-delhi.xls,5407e0630fa8a003,census-c01-extract-v1.1.0-20260528T003616Z,C0101,07,098,00000,000000,District - South,urban,jain,persons,10988
census-india-2011,sources/census-2011/c-series/state-mdds/c01-07-delhi.xls,5407e0630fa8a003,census-c01-extract-v1.1.0-20260528T003616Z,C0101,07,098,00000,000000,District - South,urban,jain,males,5545
census-india-2011,sources/census-2011/c-series/state-mdds/c01-07-delhi.xls,5407e0630fa8a003,census-c01-extract-v1.1.0-20260528T003616Z,C0101,07,098,00000,000000,District - South,urban,jain,females,5443
census-india-2011,sources/census-2011/c-series/state-mdds/c01-07-delhi.xls,5407e0630fa8a003,census-c01-extract-v1.1.0-20260528T003616Z,C0101,07,098,00000,000000,District - South,urban,other,persons,627
census-india-2011,sources/census-2011/c-series/state-mdds/c01-07-delhi.xls,5407e0630fa8a003,census-c01-extract-v1.1.0-20260528T003616Z,C0101,07,098,00000,000000,District - South,urban,other,males,312
census-india-2011,sources/census-2011/c-series/state-mdds/c01-07-delhi.xls,5407e0630fa8a003,census-c01-extract-v1.1.0-20260528T003616Z,C0101,07,098,00000,000000,District - South,urban,other,females,315
census-india-2011,sources/census-2011/c-series/state-mdds/c01-07-delhi.xls,5407e0630fa8a003,census-c01-extract-v1.1.0-20260528T003616Z,C0101,07,098,00000,000000,District - South,urban,not_stated,persons,3274
census-india-2011,sources/census-2011/c-series/state-mdds/c01-07-delhi.xls,5407e0630fa8a003,census-c01-extract-v1.1.0-20260528T003616Z,C0101,07,098,00000,000000,District - South,urban,not_stated,males,1808
census-india-2011,sources/census-2011/c-series/state-mdds/c01-07-delhi.xls,5407e0630fa8a003,census-c01-extract-v1.1.0-20260528T003616Z,C0101,07,098,00000,000000,District - South,urban,not_stated,females,1466
