source_id,source_document,source_sha256_prefix,extraction_run,table_name,state_code,distt_code,tehsil_code,town_code,area_name,residence,religion,sex,value
census-india-2011,sources/census-2011/c-series/state-mdds/c01-10-bihar.xls,b00824a538230226,census-c01-extract-v1.1.0-20260527T234036Z,C0101,10,000,00000,000000,State - BIHAR,total,all,persons,104099452
census-india-2011,sources/census-2011/c-series/state-mdds/c01-10-bihar.xls,b00824a538230226,census-c01-extract-v1.1.0-20260527T234036Z,C0101,10,000,00000,000000,State - BIHAR,total,all,males,54278157
census-india-2011,sources/census-2011/c-series/state-mdds/c01-10-bihar.xls,b00824a538230226,census-c01-extract-v1.1.0-20260527T234036Z,C0101,10,000,00000,000000,State - BIHAR,total,all,females,49821295
census-india-2011,sources/census-2011/c-series/state-mdds/c01-10-bihar.xls,b00824a538230226,census-c01-extract-v1.1.0-20260527T234036Z,C0101,10,000,00000,000000,State - BIHAR,total,hindu,persons,86078686
census-india-2011,sources/census-2011/c-series/state-mdds/c01-10-bihar.xls,b00824a538230226,census-c01-extract-v1.1.0-20260527T234036Z,C0101,10,000,00000,000000,State - BIHAR,total,hindu,males,44994505
census-india-2011,sources/census-2011/c-series/state-mdds/c01-10-bihar.xls,b00824a538230226,census-c01-extract-v1.1.0-20260527T234036Z,C0101,10,000,00000,000000,State - BIHAR,total,hindu,females,41084181
census-india-2011,sources/census-2011/c-series/state-mdds/c01-10-bihar.xls,b00824a538230226,census-c01-extract-v1.1.0-20260527T234036Z,C0101,10,000,00000,000000,State - BIHAR,total,muslim,persons,17557809
census-india-2011,sources/census-2011/c-series/state-mdds/c01-10-bihar.xls,b00824a538230226,census-c01-extract-v1.1.0-20260527T234036Z,C0101,10,000,00000,000000,State - BIHAR,total,muslim,males,9044086
census-india-2011,sources/census-2011/c-series/state-mdds/c01-10-bihar.xls,b00824a538230226,census-c01-extract-v1.1.0-20260527T234036Z,C0101,10,000,00000,000000,State - BIHAR,total,muslim,females,8513723
census-india-2011,sources/census-2011/c-series/state-mdds/c01-10-bihar.xls,b00824a538230226,census-c01-extract-v1.1.0-20260527T234036Z,C0101,10,000,00000,000000,State - BIHAR,total,christian,persons,129247
census-india-2011,sources/census-2011/c-series/state-mdds/c01-10-bihar.xls,b00824a538230226,census-c01-extract-v1.1.0-20260527T234036Z,C0101,10,000,00000,000000,State - BIHAR,total,christian,males,66115
census-india-2011,sources/census-2011/c-series/state-mdds/c01-10-bihar.xls,b00824a538230226,census-c01-extract-v1.1.0-20260527T234036Z,C0101,10,000,00000,000000,State - BIHAR,total,christian,females,63132
census-india-2011,sources/census-2011/c-series/state-mdds/c01-10-bihar.xls,b00824a538230226,census-c01-extract-v1.1.0-20260527T234036Z,C0101,10,000,00000,000000,State - BIHAR,total,sikh,persons,23779
census-india-2011,sources/census-2011/c-series/state-mdds/c01-10-bihar.xls,b00824a538230226,census-c01-extract-v1.1.0-20260527T234036Z,C0101,10,000,00000,000000,State - BIHAR,total,sikh,males,12457
census-india-2011,sources/census-2011/c-series/state-mdds/c01-10-bihar.xls,b00824a538230226,census-c01-extract-v1.1.0-20260527T234036Z,C0101,10,000,00000,000000,State - BIHAR,total,sikh,females,11322
census-india-2011,sources/census-2011/c-series/state-mdds/c01-10-bihar.xls,b00824a538230226,census-c01-extract-v1.1.0-20260527T234036Z,C0101,10,000,00000,000000,State - BIHAR,total,buddhist,persons,25453
census-india-2011,sources/census-2011/c-series/state-mdds/c01-10-bihar.xls,b00824a538230226,census-c01-extract-v1.1.0-20260527T234036Z,C0101,10,000,00000,000000,State - BIHAR,total,buddhist,males,13490
census-india-2011,sources/census-2011/c-series/state-mdds/c01-10-bihar.xls,b00824a538230226,census-c01-extract-v1.1.0-20260527T234036Z,C0101,10,000,00000,000000,State - BIHAR,total,buddhist,females,11963
census-india-2011,sources/census-2011/c-series/state-mdds/c01-10-bihar.xls,b00824a538230226,census-c01-extract-v1.1.0-20260527T234036Z,C0101,10,000,00000,000000,State - BIHAR,total,jain,persons,18914
census-india-2011,sources/census-2011/c-series/state-mdds/c01-10-bihar.xls,b00824a538230226,census-c01-extract-v1.1.0-20260527T234036Z,C0101,10,000,00000,000000,State - BIHAR,total,jain,males,9743
census-india-2011,sources/census-2011/c-series/state-mdds/c01-10-bihar.xls,b00824a538230226,census-c01-extract-v1.1.0-20260527T234036Z,C0101,10,000,00000,000000,State - BIHAR,total,jain,females,9171
census-india-2011,sources/census-2011/c-series/state-mdds/c01-10-bihar.xls,b00824a538230226,census-c01-extract-v1.1.0-20260527T234036Z,C0101,10,000,00000,000000,State - BIHAR,total,other,persons,13437
census-india-2011,sources/census-2011/c-series/state-mdds/c01-10-bihar.xls,b00824a538230226,census-c01-extract-v1.1.0-20260527T234036Z,C0101,10,000,00000,000000,State - BIHAR,total,other,males,6833
census-india-2011,sources/census-2011/c-series/state-mdds/c01-10-bihar.xls,b00824a538230226,census-c01-extract-v1.1.0-20260527T234036Z,C0101,10,000,00000,000000,State - BIHAR,total,other,females,6604
census-india-2011,sources/census-2011/c-series/state-mdds/c01-10-bihar.xls,b00824a538230226,census-c01-extract-v1.1.0-20260527T234036Z,C0101,10,000,00000,000000,State - BIHAR,total,not_stated,persons,252127
census-india-2011,sources/census-2011/c-series/state-mdds/c01-10-bihar.xls,b00824a538230226,census-c01-extract-v1.1.0-20260527T234036Z,C0101,10,000,00000,000000,State - BIHAR,total,not_stated,males,130928
census-india-2011,sources/census-2011/c-series/state-mdds/c01-10-bihar.xls,b00824a538230226,census-c01-extract-v1.1.0-20260527T234036Z,C0101,10,000,00000,000000,State - BIHAR,total,not_stated,females,121199
census-india-2011,sources/census-2011/c-series/state-mdds/c01-10-bihar.xls,b00824a538230226,census-c01-extract-v1.1.0-20260527T234036Z,C0101,10,000,00000,000000,State - BIHAR,rural,all,persons,92341436
census-india-2011,sources/census-2011/c-series/state-mdds/c01-10-bihar.xls,b00824a538230226,census-c01-extract-v1.1.0-20260527T234036Z,C0101,10,000,00000,000000,State - BIHAR,rural,all,males,48073850
census-india-2011,sources/census-2011/c-series/state-mdds/c01-10-bihar.xls,b00824a538230226,census-c01-extract-v1.1.0-20260527T234036Z,C0101,10,000,00000,000000,State - BIHAR,rural,all,females,44267586
census-india-2011,sources/census-2011/c-series/state-mdds/c01-10-bihar.xls,b00824a538230226,census-c01-extract-v1.1.0-20260527T234036Z,C0101,10,000,00000,000000,State - BIHAR,rural,hindu,persons,76780126
census-india-2011,sources/census-2011/c-series/state-mdds/c01-10-bihar.xls,b00824a538230226,census-c01-extract-v1.1.0-20260527T234036Z,C0101,10,000,00000,000000,State - BIHAR,rural,hindu,males,40066887
census-india-2011,sources/census-2011/c-series/state-mdds/c01-10-bihar.xls,b00824a538230226,census-c01-extract-v1.1.0-20260527T234036Z,C0101,10,000,00000,000000,State - BIHAR,rural,hindu,females,36713239
census-india-2011,sources/census-2011/c-series/state-mdds/c01-10-bihar.xls,b00824a538230226,census-c01-extract-v1.1.0-20260527T234036Z,C0101,10,000,00000,000000,State - BIHAR,rural,muslim,persons,15196308
census-india-2011,sources/census-2011/c-series/state-mdds/c01-10-bihar.xls,b00824a538230226,census-c01-extract-v1.1.0-20260527T234036Z,C0101,10,000,00000,000000,State - BIHAR,rural,muslim,males,7817335
census-india-2011,sources/census-2011/c-series/state-mdds/c01-10-bihar.xls,b00824a538230226,census-c01-extract-v1.1.0-20260527T234036Z,C0101,10,000,00000,000000,State - BIHAR,rural,muslim,females,7378973
census-india-2011,sources/census-2011/c-series/state-mdds/c01-10-bihar.xls,b00824a538230226,census-c01-extract-v1.1.0-20260527T234036Z,C0101,10,000,00000,000000,State - BIHAR,rural,christian,persons,97608
census-india-2011,sources/census-2011/c-series/state-mdds/c01-10-bihar.xls,b00824a538230226,census-c01-extract-v1.1.0-20260527T234036Z,C0101,10,000,00000,000000,State - BIHAR,rural,christian,males,50483
census-india-2011,sources/census-2011/c-series/state-mdds/c01-10-bihar.xls,b00824a538230226,census-c01-extract-v1.1.0-20260527T234036Z,C0101,10,000,00000,000000,State - BIHAR,rural,christian,females,47125
census-india-2011,sources/census-2011/c-series/state-mdds/c01-10-bihar.xls,b00824a538230226,census-c01-extract-v1.1.0-20260527T234036Z,C0101,10,000,00000,000000,State - BIHAR,rural,sikh,persons,12018
census-india-2011,sources/census-2011/c-series/state-mdds/c01-10-bihar.xls,b00824a538230226,census-c01-extract-v1.1.0-20260527T234036Z,C0101,10,000,00000,000000,State - BIHAR,rural,sikh,males,6255
census-india-2011,sources/census-2011/c-series/state-mdds/c01-10-bihar.xls,b00824a538230226,census-c01-extract-v1.1.0-20260527T234036Z,C0101,10,000,00000,000000,State - BIHAR,rural,sikh,females,5763
census-india-2011,sources/census-2011/c-series/state-mdds/c01-10-bihar.xls,b00824a538230226,census-c01-extract-v1.1.0-20260527T234036Z,C0101,10,000,00000,000000,State - BIHAR,rural,buddhist,persons,23555
census-india-2011,sources/census-2011/c-series/state-mdds/c01-10-bihar.xls,b00824a538230226,census-c01-extract-v1.1.0-20260527T234036Z,C0101,10,000,00000,000000,State - BIHAR,rural,buddhist,males,12398
census-india-2011,sources/census-2011/c-series/state-mdds/c01-10-bihar.xls,b00824a538230226,census-c01-extract-v1.1.0-20260527T234036Z,C0101,10,000,00000,000000,State - BIHAR,rural,buddhist,females,11157
census-india-2011,sources/census-2011/c-series/state-mdds/c01-10-bihar.xls,b00824a538230226,census-c01-extract-v1.1.0-20260527T234036Z,C0101,10,000,00000,000000,State - BIHAR,rural,jain,persons,7575
census-india-2011,sources/census-2011/c-series/state-mdds/c01-10-bihar.xls,b00824a538230226,census-c01-extract-v1.1.0-20260527T234036Z,C0101,10,000,00000,000000,State - BIHAR,rural,jain,males,3950
census-india-2011,sources/census-2011/c-series/state-mdds/c01-10-bihar.xls,b00824a538230226,census-c01-extract-v1.1.0-20260527T234036Z,C0101,10,000,00000,000000,State - BIHAR,rural,jain,females,3625
census-india-2011,sources/census-2011/c-series/state-mdds/c01-10-bihar.xls,b00824a538230226,census-c01-extract-v1.1.0-20260527T234036Z,C0101,10,000,00000,000000,State - BIHAR,rural,other,persons,12374
census-india-2011,sources/census-2011/c-series/state-mdds/c01-10-bihar.xls,b00824a538230226,census-c01-extract-v1.1.0-20260527T234036Z,C0101,10,000,00000,000000,State - BIHAR,rural,other,males,6291
census-india-2011,sources/census-2011/c-series/state-mdds/c01-10-bihar.xls,b00824a538230226,census-c01-extract-v1.1.0-20260527T234036Z,C0101,10,000,00000,000000,State - BIHAR,rural,other,females,6083
census-india-2011,sources/census-2011/c-series/state-mdds/c01-10-bihar.xls,b00824a538230226,census-c01-extract-v1.1.0-20260527T234036Z,C0101,10,000,00000,000000,State - BIHAR,rural,not_stated,persons,211872
census-india-2011,sources/census-2011/c-series/state-mdds/c01-10-bihar.xls,b00824a538230226,census-c01-extract-v1.1.0-20260527T234036Z,C0101,10,000,00000,000000,State - BIHAR,rural,not_stated,males,110251
census-india-2011,sources/census-2011/c-series/state-mdds/c01-10-bihar.xls,b00824a538230226,census-c01-extract-v1.1.0-20260527T234036Z,C0101,10,000,00000,000000,State - BIHAR,rural,not_stated,females,101621
census-india-2011,sources/census-2011/c-series/state-mdds/c01-10-bihar.xls,b00824a538230226,census-c01-extract-v1.1.0-20260527T234036Z,C0101,10,000,00000,000000,State - BIHAR,urban,all,persons,11758016
census-india-2011,sources/census-2011/c-series/state-mdds/c01-10-bihar.xls,b00824a538230226,census-c01-extract-v1.1.0-20260527T234036Z,C0101,10,000,00000,000000,State - BIHAR,urban,all,males,6204307
census-india-2011,sources/census-2011/c-series/state-mdds/c01-10-bihar.xls,b00824a538230226,census-c01-extract-v1.1.0-20260527T234036Z,C0101,10,000,00000,000000,State - BIHAR,urban,all,females,5553709
census-india-2011,sources/census-2011/c-series/state-mdds/c01-10-bihar.xls,b00824a538230226,census-c01-extract-v1.1.0-20260527T234036Z,C0101,10,000,00000,000000,State - BIHAR,urban,hindu,persons,9298560
census-india-2011,sources/census-2011/c-series/state-mdds/c01-10-bihar.xls,b00824a538230226,census-c01-extract-v1.1.0-20260527T234036Z,C0101,10,000,00000,000000,State - BIHAR,urban,hindu,males,4927618
census-india-2011,sources/census-2011/c-series/state-mdds/c01-10-bihar.xls,b00824a538230226,census-c01-extract-v1.1.0-20260527T234036Z,C0101,10,000,00000,000000,State - BIHAR,urban,hindu,females,4370942
census-india-2011,sources/census-2011/c-series/state-mdds/c01-10-bihar.xls,b00824a538230226,census-c01-extract-v1.1.0-20260527T234036Z,C0101,10,000,00000,000000,State - BIHAR,urban,muslim,persons,2361501
census-india-2011,sources/census-2011/c-series/state-mdds/c01-10-bihar.xls,b00824a538230226,census-c01-extract-v1.1.0-20260527T234036Z,C0101,10,000,00000,000000,State - BIHAR,urban,muslim,males,1226751
census-india-2011,sources/census-2011/c-series/state-mdds/c01-10-bihar.xls,b00824a538230226,census-c01-extract-v1.1.0-20260527T234036Z,C0101,10,000,00000,000000,State - BIHAR,urban,muslim,females,1134750
census-india-2011,sources/census-2011/c-series/state-mdds/c01-10-bihar.xls,b00824a538230226,census-c01-extract-v1.1.0-20260527T234036Z,C0101,10,000,00000,000000,State - BIHAR,urban,christian,persons,31639
census-india-2011,sources/census-2011/c-series/state-mdds/c01-10-bihar.xls,b00824a538230226,census-c01-extract-v1.1.0-20260527T234036Z,C0101,10,000,00000,000000,State - BIHAR,urban,christian,males,15632
census-india-2011,sources/census-2011/c-series/state-mdds/c01-10-bihar.xls,b00824a538230226,census-c01-extract-v1.1.0-20260527T234036Z,C0101,10,000,00000,000000,State - BIHAR,urban,christian,females,16007
census-india-2011,sources/census-2011/c-series/state-mdds/c01-10-bihar.xls,b00824a538230226,census-c01-extract-v1.1.0-20260527T234036Z,C0101,10,000,00000,000000,State - BIHAR,urban,sikh,persons,11761
census-india-2011,sources/census-2011/c-series/state-mdds/c01-10-bihar.xls,b00824a538230226,census-c01-extract-v1.1.0-20260527T234036Z,C0101,10,000,00000,000000,State - BIHAR,urban,sikh,males,6202
census-india-2011,sources/census-2011/c-series/state-mdds/c01-10-bihar.xls,b00824a538230226,census-c01-extract-v1.1.0-20260527T234036Z,C0101,10,000,00000,000000,State - BIHAR,urban,sikh,females,5559
census-india-2011,sources/census-2011/c-series/state-mdds/c01-10-bihar.xls,b00824a538230226,census-c01-extract-v1.1.0-20260527T234036Z,C0101,10,000,00000,000000,State - BIHAR,urban,buddhist,persons,1898
census-india-2011,sources/census-2011/c-series/state-mdds/c01-10-bihar.xls,b00824a538230226,census-c01-extract-v1.1.0-20260527T234036Z,C0101,10,000,00000,000000,State - BIHAR,urban,buddhist,males,1092
census-india-2011,sources/census-2011/c-series/state-mdds/c01-10-bihar.xls,b00824a538230226,census-c01-extract-v1.1.0-20260527T234036Z,C0101,10,000,00000,000000,State - BIHAR,urban,buddhist,females,806
census-india-2011,sources/census-2011/c-series/state-mdds/c01-10-bihar.xls,b00824a538230226,census-c01-extract-v1.1.0-20260527T234036Z,C0101,10,000,00000,000000,State - BIHAR,urban,jain,persons,11339
census-india-2011,sources/census-2011/c-series/state-mdds/c01-10-bihar.xls,b00824a538230226,census-c01-extract-v1.1.0-20260527T234036Z,C0101,10,000,00000,000000,State - BIHAR,urban,jain,males,5793
census-india-2011,sources/census-2011/c-series/state-mdds/c01-10-bihar.xls,b00824a538230226,census-c01-extract-v1.1.0-20260527T234036Z,C0101,10,000,00000,000000,State - BIHAR,urban,jain,females,5546
census-india-2011,sources/census-2011/c-series/state-mdds/c01-10-bihar.xls,b00824a538230226,census-c01-extract-v1.1.0-20260527T234036Z,C0101,10,000,00000,000000,State - BIHAR,urban,other,persons,1063
census-india-2011,sources/census-2011/c-series/state-mdds/c01-10-bihar.xls,b00824a538230226,census-c01-extract-v1.1.0-20260527T234036Z,C0101,10,000,00000,000000,State - BIHAR,urban,other,males,542
census-india-2011,sources/census-2011/c-series/state-mdds/c01-10-bihar.xls,b00824a538230226,census-c01-extract-v1.1.0-20260527T234036Z,C0101,10,000,00000,000000,State - BIHAR,urban,other,females,521
census-india-2011,sources/census-2011/c-series/state-mdds/c01-10-bihar.xls,b00824a538230226,census-c01-extract-v1.1.0-20260527T234036Z,C0101,10,000,00000,000000,State - BIHAR,urban,not_stated,persons,40255
census-india-2011,sources/census-2011/c-series/state-mdds/c01-10-bihar.xls,b00824a538230226,census-c01-extract-v1.1.0-20260527T234036Z,C0101,10,000,00000,000000,State - BIHAR,urban,not_stated,males,20677
census-india-2011,sources/census-2011/c-series/state-mdds/c01-10-bihar.xls,b00824a538230226,census-c01-extract-v1.1.0-20260527T234036Z,C0101,10,000,00000,000000,State - BIHAR,urban,not_stated,females,19578
census-india-2011,sources/census-2011/c-series/state-mdds/c01-10-bihar.xls,b00824a538230226,census-c01-extract-v1.1.0-20260527T234036Z,C0101,10,203,00000,000000,District - Pashchim Champaran,total,all,persons,3935042
census-india-2011,sources/census-2011/c-series/state-mdds/c01-10-bihar.xls,b00824a538230226,census-c01-extract-v1.1.0-20260527T234036Z,C0101,10,203,00000,000000,District - Pashchim Champaran,total,all,males,2061110
census-india-2011,sources/census-2011/c-series/state-mdds/c01-10-bihar.xls,b00824a538230226,census-c01-extract-v1.1.0-20260527T234036Z,C0101,10,203,00000,000000,District - Pashchim Champaran,total,all,females,1873932
census-india-2011,sources/census-2011/c-series/state-mdds/c01-10-bihar.xls,b00824a538230226,census-c01-extract-v1.1.0-20260527T234036Z,C0101,10,203,00000,000000,District - Pashchim Champaran,total,hindu,persons,3047427
census-india-2011,sources/census-2011/c-series/state-mdds/c01-10-bihar.xls,b00824a538230226,census-c01-extract-v1.1.0-20260527T234036Z,C0101,10,203,00000,000000,District - Pashchim Champaran,total,hindu,males,1600617
census-india-2011,sources/census-2011/c-series/state-mdds/c01-10-bihar.xls,b00824a538230226,census-c01-extract-v1.1.0-20260527T234036Z,C0101,10,203,00000,000000,District - Pashchim Champaran,total,hindu,females,1446810
census-india-2011,sources/census-2011/c-series/state-mdds/c01-10-bihar.xls,b00824a538230226,census-c01-extract-v1.1.0-20260527T234036Z,C0101,10,203,00000,000000,District - Pashchim Champaran,total,muslim,persons,865090
census-india-2011,sources/census-2011/c-series/state-mdds/c01-10-bihar.xls,b00824a538230226,census-c01-extract-v1.1.0-20260527T234036Z,C0101,10,203,00000,000000,District - Pashchim Champaran,total,muslim,males,448919
census-india-2011,sources/census-2011/c-series/state-mdds/c01-10-bihar.xls,b00824a538230226,census-c01-extract-v1.1.0-20260527T234036Z,C0101,10,203,00000,000000,District - Pashchim Champaran,total,muslim,females,416171
census-india-2011,sources/census-2011/c-series/state-mdds/c01-10-bihar.xls,b00824a538230226,census-c01-extract-v1.1.0-20260527T234036Z,C0101,10,203,00000,000000,District - Pashchim Champaran,total,christian,persons,8469
census-india-2011,sources/census-2011/c-series/state-mdds/c01-10-bihar.xls,b00824a538230226,census-c01-extract-v1.1.0-20260527T234036Z,C0101,10,203,00000,000000,District - Pashchim Champaran,total,christian,males,4275
census-india-2011,sources/census-2011/c-series/state-mdds/c01-10-bihar.xls,b00824a538230226,census-c01-extract-v1.1.0-20260527T234036Z,C0101,10,203,00000,000000,District - Pashchim Champaran,total,christian,females,4194
census-india-2011,sources/census-2011/c-series/state-mdds/c01-10-bihar.xls,b00824a538230226,census-c01-extract-v1.1.0-20260527T234036Z,C0101,10,203,00000,000000,District - Pashchim Champaran,total,sikh,persons,926
census-india-2011,sources/census-2011/c-series/state-mdds/c01-10-bihar.xls,b00824a538230226,census-c01-extract-v1.1.0-20260527T234036Z,C0101,10,203,00000,000000,District - Pashchim Champaran,total,sikh,males,499
census-india-2011,sources/census-2011/c-series/state-mdds/c01-10-bihar.xls,b00824a538230226,census-c01-extract-v1.1.0-20260527T234036Z,C0101,10,203,00000,000000,District - Pashchim Champaran,total,sikh,females,427
census-india-2011,sources/census-2011/c-series/state-mdds/c01-10-bihar.xls,b00824a538230226,census-c01-extract-v1.1.0-20260527T234036Z,C0101,10,203,00000,000000,District - Pashchim Champaran,total,buddhist,persons,1337
census-india-2011,sources/census-2011/c-series/state-mdds/c01-10-bihar.xls,b00824a538230226,census-c01-extract-v1.1.0-20260527T234036Z,C0101,10,203,00000,000000,District - Pashchim Champaran,total,buddhist,males,672
census-india-2011,sources/census-2011/c-series/state-mdds/c01-10-bihar.xls,b00824a538230226,census-c01-extract-v1.1.0-20260527T234036Z,C0101,10,203,00000,000000,District - Pashchim Champaran,total,buddhist,females,665
census-india-2011,sources/census-2011/c-series/state-mdds/c01-10-bihar.xls,b00824a538230226,census-c01-extract-v1.1.0-20260527T234036Z,C0101,10,203,00000,000000,District - Pashchim Champaran,total,jain,persons,296
census-india-2011,sources/census-2011/c-series/state-mdds/c01-10-bihar.xls,b00824a538230226,census-c01-extract-v1.1.0-20260527T234036Z,C0101,10,203,00000,000000,District - Pashchim Champaran,total,jain,males,144
census-india-2011,sources/census-2011/c-series/state-mdds/c01-10-bihar.xls,b00824a538230226,census-c01-extract-v1.1.0-20260527T234036Z,C0101,10,203,00000,000000,District - Pashchim Champaran,total,jain,females,152
census-india-2011,sources/census-2011/c-series/state-mdds/c01-10-bihar.xls,b00824a538230226,census-c01-extract-v1.1.0-20260527T234036Z,C0101,10,203,00000,000000,District - Pashchim Champaran,total,other,persons,1895
census-india-2011,sources/census-2011/c-series/state-mdds/c01-10-bihar.xls,b00824a538230226,census-c01-extract-v1.1.0-20260527T234036Z,C0101,10,203,00000,000000,District - Pashchim Champaran,total,other,males,968
census-india-2011,sources/census-2011/c-series/state-mdds/c01-10-bihar.xls,b00824a538230226,census-c01-extract-v1.1.0-20260527T234036Z,C0101,10,203,00000,000000,District - Pashchim Champaran,total,other,females,927
census-india-2011,sources/census-2011/c-series/state-mdds/c01-10-bihar.xls,b00824a538230226,census-c01-extract-v1.1.0-20260527T234036Z,C0101,10,203,00000,000000,District - Pashchim Champaran,total,not_stated,persons,9602
census-india-2011,sources/census-2011/c-series/state-mdds/c01-10-bihar.xls,b00824a538230226,census-c01-extract-v1.1.0-20260527T234036Z,C0101,10,203,00000,000000,District - Pashchim Champaran,total,not_stated,males,5016
census-india-2011,sources/census-2011/c-series/state-mdds/c01-10-bihar.xls,b00824a538230226,census-c01-extract-v1.1.0-20260527T234036Z,C0101,10,203,00000,000000,District - Pashchim Champaran,total,not_stated,females,4586
census-india-2011,sources/census-2011/c-series/state-mdds/c01-10-bihar.xls,b00824a538230226,census-c01-extract-v1.1.0-20260527T234036Z,C0101,10,203,00000,000000,District - Pashchim Champaran,rural,all,persons,3541877
census-india-2011,sources/census-2011/c-series/state-mdds/c01-10-bihar.xls,b00824a538230226,census-c01-extract-v1.1.0-20260527T234036Z,C0101,10,203,00000,000000,District - Pashchim Champaran,rural,all,males,1853809
census-india-2011,sources/census-2011/c-series/state-mdds/c01-10-bihar.xls,b00824a538230226,census-c01-extract-v1.1.0-20260527T234036Z,C0101,10,203,00000,000000,District - Pashchim Champaran,rural,all,females,1688068
census-india-2011,sources/census-2011/c-series/state-mdds/c01-10-bihar.xls,b00824a538230226,census-c01-extract-v1.1.0-20260527T234036Z,C0101,10,203,00000,000000,District - Pashchim Champaran,rural,hindu,persons,2762240
census-india-2011,sources/census-2011/c-series/state-mdds/c01-10-bihar.xls,b00824a538230226,census-c01-extract-v1.1.0-20260527T234036Z,C0101,10,203,00000,000000,District - Pashchim Champaran,rural,hindu,males,1449372
census-india-2011,sources/census-2011/c-series/state-mdds/c01-10-bihar.xls,b00824a538230226,census-c01-extract-v1.1.0-20260527T234036Z,C0101,10,203,00000,000000,District - Pashchim Champaran,rural,hindu,females,1312868
census-india-2011,sources/census-2011/c-series/state-mdds/c01-10-bihar.xls,b00824a538230226,census-c01-extract-v1.1.0-20260527T234036Z,C0101,10,203,00000,000000,District - Pashchim Champaran,rural,muslim,persons,761610
census-india-2011,sources/census-2011/c-series/state-mdds/c01-10-bihar.xls,b00824a538230226,census-c01-extract-v1.1.0-20260527T234036Z,C0101,10,203,00000,000000,District - Pashchim Champaran,rural,muslim,males,395116
census-india-2011,sources/census-2011/c-series/state-mdds/c01-10-bihar.xls,b00824a538230226,census-c01-extract-v1.1.0-20260527T234036Z,C0101,10,203,00000,000000,District - Pashchim Champaran,rural,muslim,females,366494
census-india-2011,sources/census-2011/c-series/state-mdds/c01-10-bihar.xls,b00824a538230226,census-c01-extract-v1.1.0-20260527T234036Z,C0101,10,203,00000,000000,District - Pashchim Champaran,rural,christian,persons,5114
census-india-2011,sources/census-2011/c-series/state-mdds/c01-10-bihar.xls,b00824a538230226,census-c01-extract-v1.1.0-20260527T234036Z,C0101,10,203,00000,000000,District - Pashchim Champaran,rural,christian,males,2608
census-india-2011,sources/census-2011/c-series/state-mdds/c01-10-bihar.xls,b00824a538230226,census-c01-extract-v1.1.0-20260527T234036Z,C0101,10,203,00000,000000,District - Pashchim Champaran,rural,christian,females,2506
census-india-2011,sources/census-2011/c-series/state-mdds/c01-10-bihar.xls,b00824a538230226,census-c01-extract-v1.1.0-20260527T234036Z,C0101,10,203,00000,000000,District - Pashchim Champaran,rural,sikh,persons,524
census-india-2011,sources/census-2011/c-series/state-mdds/c01-10-bihar.xls,b00824a538230226,census-c01-extract-v1.1.0-20260527T234036Z,C0101,10,203,00000,000000,District - Pashchim Champaran,rural,sikh,males,286
census-india-2011,sources/census-2011/c-series/state-mdds/c01-10-bihar.xls,b00824a538230226,census-c01-extract-v1.1.0-20260527T234036Z,C0101,10,203,00000,000000,District - Pashchim Champaran,rural,sikh,females,238
census-india-2011,sources/census-2011/c-series/state-mdds/c01-10-bihar.xls,b00824a538230226,census-c01-extract-v1.1.0-20260527T234036Z,C0101,10,203,00000,000000,District - Pashchim Champaran,rural,buddhist,persons,1280
census-india-2011,sources/census-2011/c-series/state-mdds/c01-10-bihar.xls,b00824a538230226,census-c01-extract-v1.1.0-20260527T234036Z,C0101,10,203,00000,000000,District - Pashchim Champaran,rural,buddhist,males,641
census-india-2011,sources/census-2011/c-series/state-mdds/c01-10-bihar.xls,b00824a538230226,census-c01-extract-v1.1.0-20260527T234036Z,C0101,10,203,00000,000000,District - Pashchim Champaran,rural,buddhist,females,639
census-india-2011,sources/census-2011/c-series/state-mdds/c01-10-bihar.xls,b00824a538230226,census-c01-extract-v1.1.0-20260527T234036Z,C0101,10,203,00000,000000,District - Pashchim Champaran,rural,jain,persons,259
census-india-2011,sources/census-2011/c-series/state-mdds/c01-10-bihar.xls,b00824a538230226,census-c01-extract-v1.1.0-20260527T234036Z,C0101,10,203,00000,000000,District - Pashchim Champaran,rural,jain,males,125
census-india-2011,sources/census-2011/c-series/state-mdds/c01-10-bihar.xls,b00824a538230226,census-c01-extract-v1.1.0-20260527T234036Z,C0101,10,203,00000,000000,District - Pashchim Champaran,rural,jain,females,134
census-india-2011,sources/census-2011/c-series/state-mdds/c01-10-bihar.xls,b00824a538230226,census-c01-extract-v1.1.0-20260527T234036Z,C0101,10,203,00000,000000,District - Pashchim Champaran,rural,other,persons,1853
census-india-2011,sources/census-2011/c-series/state-mdds/c01-10-bihar.xls,b00824a538230226,census-c01-extract-v1.1.0-20260527T234036Z,C0101,10,203,00000,000000,District - Pashchim Champaran,rural,other,males,947
census-india-2011,sources/census-2011/c-series/state-mdds/c01-10-bihar.xls,b00824a538230226,census-c01-extract-v1.1.0-20260527T234036Z,C0101,10,203,00000,000000,District - Pashchim Champaran,rural,other,females,906
census-india-2011,sources/census-2011/c-series/state-mdds/c01-10-bihar.xls,b00824a538230226,census-c01-extract-v1.1.0-20260527T234036Z,C0101,10,203,00000,000000,District - Pashchim Champaran,rural,not_stated,persons,8997
census-india-2011,sources/census-2011/c-series/state-mdds/c01-10-bihar.xls,b00824a538230226,census-c01-extract-v1.1.0-20260527T234036Z,C0101,10,203,00000,000000,District - Pashchim Champaran,rural,not_stated,males,4714
census-india-2011,sources/census-2011/c-series/state-mdds/c01-10-bihar.xls,b00824a538230226,census-c01-extract-v1.1.0-20260527T234036Z,C0101,10,203,00000,000000,District - Pashchim Champaran,rural,not_stated,females,4283
census-india-2011,sources/census-2011/c-series/state-mdds/c01-10-bihar.xls,b00824a538230226,census-c01-extract-v1.1.0-20260527T234036Z,C0101,10,203,00000,000000,District - Pashchim Champaran,urban,all,persons,393165
census-india-2011,sources/census-2011/c-series/state-mdds/c01-10-bihar.xls,b00824a538230226,census-c01-extract-v1.1.0-20260527T234036Z,C0101,10,203,00000,000000,District - Pashchim Champaran,urban,all,males,207301
census-india-2011,sources/census-2011/c-series/state-mdds/c01-10-bihar.xls,b00824a538230226,census-c01-extract-v1.1.0-20260527T234036Z,C0101,10,203,00000,000000,District - Pashchim Champaran,urban,all,females,185864
census-india-2011,sources/census-2011/c-series/state-mdds/c01-10-bihar.xls,b00824a538230226,census-c01-extract-v1.1.0-20260527T234036Z,C0101,10,203,00000,000000,District - Pashchim Champaran,urban,hindu,persons,285187
census-india-2011,sources/census-2011/c-series/state-mdds/c01-10-bihar.xls,b00824a538230226,census-c01-extract-v1.1.0-20260527T234036Z,C0101,10,203,00000,000000,District - Pashchim Champaran,urban,hindu,males,151245
census-india-2011,sources/census-2011/c-series/state-mdds/c01-10-bihar.xls,b00824a538230226,census-c01-extract-v1.1.0-20260527T234036Z,C0101,10,203,00000,000000,District - Pashchim Champaran,urban,hindu,females,133942
census-india-2011,sources/census-2011/c-series/state-mdds/c01-10-bihar.xls,b00824a538230226,census-c01-extract-v1.1.0-20260527T234036Z,C0101,10,203,00000,000000,District - Pashchim Champaran,urban,muslim,persons,103480
census-india-2011,sources/census-2011/c-series/state-mdds/c01-10-bihar.xls,b00824a538230226,census-c01-extract-v1.1.0-20260527T234036Z,C0101,10,203,00000,000000,District - Pashchim Champaran,urban,muslim,males,53803
census-india-2011,sources/census-2011/c-series/state-mdds/c01-10-bihar.xls,b00824a538230226,census-c01-extract-v1.1.0-20260527T234036Z,C0101,10,203,00000,000000,District - Pashchim Champaran,urban,muslim,females,49677
census-india-2011,sources/census-2011/c-series/state-mdds/c01-10-bihar.xls,b00824a538230226,census-c01-extract-v1.1.0-20260527T234036Z,C0101,10,203,00000,000000,District - Pashchim Champaran,urban,christian,persons,3355
census-india-2011,sources/census-2011/c-series/state-mdds/c01-10-bihar.xls,b00824a538230226,census-c01-extract-v1.1.0-20260527T234036Z,C0101,10,203,00000,000000,District - Pashchim Champaran,urban,christian,males,1667
census-india-2011,sources/census-2011/c-series/state-mdds/c01-10-bihar.xls,b00824a538230226,census-c01-extract-v1.1.0-20260527T234036Z,C0101,10,203,00000,000000,District - Pashchim Champaran,urban,christian,females,1688
census-india-2011,sources/census-2011/c-series/state-mdds/c01-10-bihar.xls,b00824a538230226,census-c01-extract-v1.1.0-20260527T234036Z,C0101,10,203,00000,000000,District - Pashchim Champaran,urban,sikh,persons,402
census-india-2011,sources/census-2011/c-series/state-mdds/c01-10-bihar.xls,b00824a538230226,census-c01-extract-v1.1.0-20260527T234036Z,C0101,10,203,00000,000000,District - Pashchim Champaran,urban,sikh,males,213
census-india-2011,sources/census-2011/c-series/state-mdds/c01-10-bihar.xls,b00824a538230226,census-c01-extract-v1.1.0-20260527T234036Z,C0101,10,203,00000,000000,District - Pashchim Champaran,urban,sikh,females,189
census-india-2011,sources/census-2011/c-series/state-mdds/c01-10-bihar.xls,b00824a538230226,census-c01-extract-v1.1.0-20260527T234036Z,C0101,10,203,00000,000000,District - Pashchim Champaran,urban,buddhist,persons,57
census-india-2011,sources/census-2011/c-series/state-mdds/c01-10-bihar.xls,b00824a538230226,census-c01-extract-v1.1.0-20260527T234036Z,C0101,10,203,00000,000000,District - Pashchim Champaran,urban,buddhist,males,31
census-india-2011,sources/census-2011/c-series/state-mdds/c01-10-bihar.xls,b00824a538230226,census-c01-extract-v1.1.0-20260527T234036Z,C0101,10,203,00000,000000,District - Pashchim Champaran,urban,buddhist,females,26
census-india-2011,sources/census-2011/c-series/state-mdds/c01-10-bihar.xls,b00824a538230226,census-c01-extract-v1.1.0-20260527T234036Z,C0101,10,203,00000,000000,District - Pashchim Champaran,urban,jain,persons,37
census-india-2011,sources/census-2011/c-series/state-mdds/c01-10-bihar.xls,b00824a538230226,census-c01-extract-v1.1.0-20260527T234036Z,C0101,10,203,00000,000000,District - Pashchim Champaran,urban,jain,males,19
census-india-2011,sources/census-2011/c-series/state-mdds/c01-10-bihar.xls,b00824a538230226,census-c01-extract-v1.1.0-20260527T234036Z,C0101,10,203,00000,000000,District - Pashchim Champaran,urban,jain,females,18
census-india-2011,sources/census-2011/c-series/state-mdds/c01-10-bihar.xls,b00824a538230226,census-c01-extract-v1.1.0-20260527T234036Z,C0101,10,203,00000,000000,District - Pashchim Champaran,urban,other,persons,42
census-india-2011,sources/census-2011/c-series/state-mdds/c01-10-bihar.xls,b00824a538230226,census-c01-extract-v1.1.0-20260527T234036Z,C0101,10,203,00000,000000,District - Pashchim Champaran,urban,other,males,21
census-india-2011,sources/census-2011/c-series/state-mdds/c01-10-bihar.xls,b00824a538230226,census-c01-extract-v1.1.0-20260527T234036Z,C0101,10,203,00000,000000,District - Pashchim Champaran,urban,other,females,21
census-india-2011,sources/census-2011/c-series/state-mdds/c01-10-bihar.xls,b00824a538230226,census-c01-extract-v1.1.0-20260527T234036Z,C0101,10,203,00000,000000,District - Pashchim Champaran,urban,not_stated,persons,605
census-india-2011,sources/census-2011/c-series/state-mdds/c01-10-bihar.xls,b00824a538230226,census-c01-extract-v1.1.0-20260527T234036Z,C0101,10,203,00000,000000,District - Pashchim Champaran,urban,not_stated,males,302
census-india-2011,sources/census-2011/c-series/state-mdds/c01-10-bihar.xls,b00824a538230226,census-c01-extract-v1.1.0-20260527T234036Z,C0101,10,203,00000,000000,District - Pashchim Champaran,urban,not_stated,females,303
census-india-2011,sources/census-2011/c-series/state-mdds/c01-10-bihar.xls,b00824a538230226,census-c01-extract-v1.1.0-20260527T234036Z,C0101,10,204,00000,000000,District - Purba Champaran,total,all,persons,5099371
census-india-2011,sources/census-2011/c-series/state-mdds/c01-10-bihar.xls,b00824a538230226,census-c01-extract-v1.1.0-20260527T234036Z,C0101,10,204,00000,000000,District - Purba Champaran,total,all,males,2681209
census-india-2011,sources/census-2011/c-series/state-mdds/c01-10-bihar.xls,b00824a538230226,census-c01-extract-v1.1.0-20260527T234036Z,C0101,10,204,00000,000000,District - Purba Champaran,total,all,females,2418162
census-india-2011,sources/census-2011/c-series/state-mdds/c01-10-bihar.xls,b00824a538230226,census-c01-extract-v1.1.0-20260527T234036Z,C0101,10,204,00000,000000,District - Purba Champaran,total,hindu,persons,4086453
census-india-2011,sources/census-2011/c-series/state-mdds/c01-10-bihar.xls,b00824a538230226,census-c01-extract-v1.1.0-20260527T234036Z,C0101,10,204,00000,000000,District - Purba Champaran,total,hindu,males,2156534
census-india-2011,sources/census-2011/c-series/state-mdds/c01-10-bihar.xls,b00824a538230226,census-c01-extract-v1.1.0-20260527T234036Z,C0101,10,204,00000,000000,District - Purba Champaran,total,hindu,females,1929919
census-india-2011,sources/census-2011/c-series/state-mdds/c01-10-bihar.xls,b00824a538230226,census-c01-extract-v1.1.0-20260527T234036Z,C0101,10,204,00000,000000,District - Purba Champaran,total,muslim,persons,990349
census-india-2011,sources/census-2011/c-series/state-mdds/c01-10-bihar.xls,b00824a538230226,census-c01-extract-v1.1.0-20260527T234036Z,C0101,10,204,00000,000000,District - Purba Champaran,total,muslim,males,512704
census-india-2011,sources/census-2011/c-series/state-mdds/c01-10-bihar.xls,b00824a538230226,census-c01-extract-v1.1.0-20260527T234036Z,C0101,10,204,00000,000000,District - Purba Champaran,total,muslim,females,477645
census-india-2011,sources/census-2011/c-series/state-mdds/c01-10-bihar.xls,b00824a538230226,census-c01-extract-v1.1.0-20260527T234036Z,C0101,10,204,00000,000000,District - Purba Champaran,total,christian,persons,4865
census-india-2011,sources/census-2011/c-series/state-mdds/c01-10-bihar.xls,b00824a538230226,census-c01-extract-v1.1.0-20260527T234036Z,C0101,10,204,00000,000000,District - Purba Champaran,total,christian,males,2490
census-india-2011,sources/census-2011/c-series/state-mdds/c01-10-bihar.xls,b00824a538230226,census-c01-extract-v1.1.0-20260527T234036Z,C0101,10,204,00000,000000,District - Purba Champaran,total,christian,females,2375
census-india-2011,sources/census-2011/c-series/state-mdds/c01-10-bihar.xls,b00824a538230226,census-c01-extract-v1.1.0-20260527T234036Z,C0101,10,204,00000,000000,District - Purba Champaran,total,sikh,persons,668
census-india-2011,sources/census-2011/c-series/state-mdds/c01-10-bihar.xls,b00824a538230226,census-c01-extract-v1.1.0-20260527T234036Z,C0101,10,204,00000,000000,District - Purba Champaran,total,sikh,males,373
census-india-2011,sources/census-2011/c-series/state-mdds/c01-10-bihar.xls,b00824a538230226,census-c01-extract-v1.1.0-20260527T234036Z,C0101,10,204,00000,000000,District - Purba Champaran,total,sikh,females,295
census-india-2011,sources/census-2011/c-series/state-mdds/c01-10-bihar.xls,b00824a538230226,census-c01-extract-v1.1.0-20260527T234036Z,C0101,10,204,00000,000000,District - Purba Champaran,total,buddhist,persons,878
census-india-2011,sources/census-2011/c-series/state-mdds/c01-10-bihar.xls,b00824a538230226,census-c01-extract-v1.1.0-20260527T234036Z,C0101,10,204,00000,000000,District - Purba Champaran,total,buddhist,males,477
census-india-2011,sources/census-2011/c-series/state-mdds/c01-10-bihar.xls,b00824a538230226,census-c01-extract-v1.1.0-20260527T234036Z,C0101,10,204,00000,000000,District - Purba Champaran,total,buddhist,females,401
census-india-2011,sources/census-2011/c-series/state-mdds/c01-10-bihar.xls,b00824a538230226,census-c01-extract-v1.1.0-20260527T234036Z,C0101,10,204,00000,000000,District - Purba Champaran,total,jain,persons,464
census-india-2011,sources/census-2011/c-series/state-mdds/c01-10-bihar.xls,b00824a538230226,census-c01-extract-v1.1.0-20260527T234036Z,C0101,10,204,00000,000000,District - Purba Champaran,total,jain,males,240
census-india-2011,sources/census-2011/c-series/state-mdds/c01-10-bihar.xls,b00824a538230226,census-c01-extract-v1.1.0-20260527T234036Z,C0101,10,204,00000,000000,District - Purba Champaran,total,jain,females,224
census-india-2011,sources/census-2011/c-series/state-mdds/c01-10-bihar.xls,b00824a538230226,census-c01-extract-v1.1.0-20260527T234036Z,C0101,10,204,00000,000000,District - Purba Champaran,total,other,persons,104
census-india-2011,sources/census-2011/c-series/state-mdds/c01-10-bihar.xls,b00824a538230226,census-c01-extract-v1.1.0-20260527T234036Z,C0101,10,204,00000,000000,District - Purba Champaran,total,other,males,51
census-india-2011,sources/census-2011/c-series/state-mdds/c01-10-bihar.xls,b00824a538230226,census-c01-extract-v1.1.0-20260527T234036Z,C0101,10,204,00000,000000,District - Purba Champaran,total,other,females,53
census-india-2011,sources/census-2011/c-series/state-mdds/c01-10-bihar.xls,b00824a538230226,census-c01-extract-v1.1.0-20260527T234036Z,C0101,10,204,00000,000000,District - Purba Champaran,total,not_stated,persons,15590
census-india-2011,sources/census-2011/c-series/state-mdds/c01-10-bihar.xls,b00824a538230226,census-c01-extract-v1.1.0-20260527T234036Z,C0101,10,204,00000,000000,District - Purba Champaran,total,not_stated,males,8340
census-india-2011,sources/census-2011/c-series/state-mdds/c01-10-bihar.xls,b00824a538230226,census-c01-extract-v1.1.0-20260527T234036Z,C0101,10,204,00000,000000,District - Purba Champaran,total,not_stated,females,7250
census-india-2011,sources/census-2011/c-series/state-mdds/c01-10-bihar.xls,b00824a538230226,census-c01-extract-v1.1.0-20260527T234036Z,C0101,10,204,00000,000000,District - Purba Champaran,rural,all,persons,4698028
census-india-2011,sources/census-2011/c-series/state-mdds/c01-10-bihar.xls,b00824a538230226,census-c01-extract-v1.1.0-20260527T234036Z,C0101,10,204,00000,000000,District - Purba Champaran,rural,all,males,2468181
census-india-2011,sources/census-2011/c-series/state-mdds/c01-10-bihar.xls,b00824a538230226,census-c01-extract-v1.1.0-20260527T234036Z,C0101,10,204,00000,000000,District - Purba Champaran,rural,all,females,2229847
census-india-2011,sources/census-2011/c-series/state-mdds/c01-10-bihar.xls,b00824a538230226,census-c01-extract-v1.1.0-20260527T234036Z,C0101,10,204,00000,000000,District - Purba Champaran,rural,hindu,persons,3792854
census-india-2011,sources/census-2011/c-series/state-mdds/c01-10-bihar.xls,b00824a538230226,census-c01-extract-v1.1.0-20260527T234036Z,C0101,10,204,00000,000000,District - Purba Champaran,rural,hindu,males,1999832
census-india-2011,sources/census-2011/c-series/state-mdds/c01-10-bihar.xls,b00824a538230226,census-c01-extract-v1.1.0-20260527T234036Z,C0101,10,204,00000,000000,District - Purba Champaran,rural,hindu,females,1793022
census-india-2011,sources/census-2011/c-series/state-mdds/c01-10-bihar.xls,b00824a538230226,census-c01-extract-v1.1.0-20260527T234036Z,C0101,10,204,00000,000000,District - Purba Champaran,rural,muslim,persons,884531
census-india-2011,sources/census-2011/c-series/state-mdds/c01-10-bihar.xls,b00824a538230226,census-c01-extract-v1.1.0-20260527T234036Z,C0101,10,204,00000,000000,District - Purba Champaran,rural,muslim,males,457347
census-india-2011,sources/census-2011/c-series/state-mdds/c01-10-bihar.xls,b00824a538230226,census-c01-extract-v1.1.0-20260527T234036Z,C0101,10,204,00000,000000,District - Purba Champaran,rural,muslim,females,427184
census-india-2011,sources/census-2011/c-series/state-mdds/c01-10-bihar.xls,b00824a538230226,census-c01-extract-v1.1.0-20260527T234036Z,C0101,10,204,00000,000000,District - Purba Champaran,rural,christian,persons,3968
census-india-2011,sources/census-2011/c-series/state-mdds/c01-10-bihar.xls,b00824a538230226,census-c01-extract-v1.1.0-20260527T234036Z,C0101,10,204,00000,000000,District - Purba Champaran,rural,christian,males,2093
census-india-2011,sources/census-2011/c-series/state-mdds/c01-10-bihar.xls,b00824a538230226,census-c01-extract-v1.1.0-20260527T234036Z,C0101,10,204,00000,000000,District - Purba Champaran,rural,christian,females,1875
census-india-2011,sources/census-2011/c-series/state-mdds/c01-10-bihar.xls,b00824a538230226,census-c01-extract-v1.1.0-20260527T234036Z,C0101,10,204,00000,000000,District - Purba Champaran,rural,sikh,persons,472
census-india-2011,sources/census-2011/c-series/state-mdds/c01-10-bihar.xls,b00824a538230226,census-c01-extract-v1.1.0-20260527T234036Z,C0101,10,204,00000,000000,District - Purba Champaran,rural,sikh,males,264
census-india-2011,sources/census-2011/c-series/state-mdds/c01-10-bihar.xls,b00824a538230226,census-c01-extract-v1.1.0-20260527T234036Z,C0101,10,204,00000,000000,District - Purba Champaran,rural,sikh,females,208
census-india-2011,sources/census-2011/c-series/state-mdds/c01-10-bihar.xls,b00824a538230226,census-c01-extract-v1.1.0-20260527T234036Z,C0101,10,204,00000,000000,District - Purba Champaran,rural,buddhist,persons,852
census-india-2011,sources/census-2011/c-series/state-mdds/c01-10-bihar.xls,b00824a538230226,census-c01-extract-v1.1.0-20260527T234036Z,C0101,10,204,00000,000000,District - Purba Champaran,rural,buddhist,males,463
census-india-2011,sources/census-2011/c-series/state-mdds/c01-10-bihar.xls,b00824a538230226,census-c01-extract-v1.1.0-20260527T234036Z,C0101,10,204,00000,000000,District - Purba Champaran,rural,buddhist,females,389
census-india-2011,sources/census-2011/c-series/state-mdds/c01-10-bihar.xls,b00824a538230226,census-c01-extract-v1.1.0-20260527T234036Z,C0101,10,204,00000,000000,District - Purba Champaran,rural,jain,persons,429
census-india-2011,sources/census-2011/c-series/state-mdds/c01-10-bihar.xls,b00824a538230226,census-c01-extract-v1.1.0-20260527T234036Z,C0101,10,204,00000,000000,District - Purba Champaran,rural,jain,males,222
census-india-2011,sources/census-2011/c-series/state-mdds/c01-10-bihar.xls,b00824a538230226,census-c01-extract-v1.1.0-20260527T234036Z,C0101,10,204,00000,000000,District - Purba Champaran,rural,jain,females,207
census-india-2011,sources/census-2011/c-series/state-mdds/c01-10-bihar.xls,b00824a538230226,census-c01-extract-v1.1.0-20260527T234036Z,C0101,10,204,00000,000000,District - Purba Champaran,rural,other,persons,95
census-india-2011,sources/census-2011/c-series/state-mdds/c01-10-bihar.xls,b00824a538230226,census-c01-extract-v1.1.0-20260527T234036Z,C0101,10,204,00000,000000,District - Purba Champaran,rural,other,males,47
census-india-2011,sources/census-2011/c-series/state-mdds/c01-10-bihar.xls,b00824a538230226,census-c01-extract-v1.1.0-20260527T234036Z,C0101,10,204,00000,000000,District - Purba Champaran,rural,other,females,48
census-india-2011,sources/census-2011/c-series/state-mdds/c01-10-bihar.xls,b00824a538230226,census-c01-extract-v1.1.0-20260527T234036Z,C0101,10,204,00000,000000,District - Purba Champaran,rural,not_stated,persons,14827
census-india-2011,sources/census-2011/c-series/state-mdds/c01-10-bihar.xls,b00824a538230226,census-c01-extract-v1.1.0-20260527T234036Z,C0101,10,204,00000,000000,District - Purba Champaran,rural,not_stated,males,7913
census-india-2011,sources/census-2011/c-series/state-mdds/c01-10-bihar.xls,b00824a538230226,census-c01-extract-v1.1.0-20260527T234036Z,C0101,10,204,00000,000000,District - Purba Champaran,rural,not_stated,females,6914
census-india-2011,sources/census-2011/c-series/state-mdds/c01-10-bihar.xls,b00824a538230226,census-c01-extract-v1.1.0-20260527T234036Z,C0101,10,204,00000,000000,District - Purba Champaran,urban,all,persons,401343
census-india-2011,sources/census-2011/c-series/state-mdds/c01-10-bihar.xls,b00824a538230226,census-c01-extract-v1.1.0-20260527T234036Z,C0101,10,204,00000,000000,District - Purba Champaran,urban,all,males,213028
census-india-2011,sources/census-2011/c-series/state-mdds/c01-10-bihar.xls,b00824a538230226,census-c01-extract-v1.1.0-20260527T234036Z,C0101,10,204,00000,000000,District - Purba Champaran,urban,all,females,188315
census-india-2011,sources/census-2011/c-series/state-mdds/c01-10-bihar.xls,b00824a538230226,census-c01-extract-v1.1.0-20260527T234036Z,C0101,10,204,00000,000000,District - Purba Champaran,urban,hindu,persons,293599
census-india-2011,sources/census-2011/c-series/state-mdds/c01-10-bihar.xls,b00824a538230226,census-c01-extract-v1.1.0-20260527T234036Z,C0101,10,204,00000,000000,District - Purba Champaran,urban,hindu,males,156702
census-india-2011,sources/census-2011/c-series/state-mdds/c01-10-bihar.xls,b00824a538230226,census-c01-extract-v1.1.0-20260527T234036Z,C0101,10,204,00000,000000,District - Purba Champaran,urban,hindu,females,136897
census-india-2011,sources/census-2011/c-series/state-mdds/c01-10-bihar.xls,b00824a538230226,census-c01-extract-v1.1.0-20260527T234036Z,C0101,10,204,00000,000000,District - Purba Champaran,urban,muslim,persons,105818
census-india-2011,sources/census-2011/c-series/state-mdds/c01-10-bihar.xls,b00824a538230226,census-c01-extract-v1.1.0-20260527T234036Z,C0101,10,204,00000,000000,District - Purba Champaran,urban,muslim,males,55357
census-india-2011,sources/census-2011/c-series/state-mdds/c01-10-bihar.xls,b00824a538230226,census-c01-extract-v1.1.0-20260527T234036Z,C0101,10,204,00000,000000,District - Purba Champaran,urban,muslim,females,50461
census-india-2011,sources/census-2011/c-series/state-mdds/c01-10-bihar.xls,b00824a538230226,census-c01-extract-v1.1.0-20260527T234036Z,C0101,10,204,00000,000000,District - Purba Champaran,urban,christian,persons,897
census-india-2011,sources/census-2011/c-series/state-mdds/c01-10-bihar.xls,b00824a538230226,census-c01-extract-v1.1.0-20260527T234036Z,C0101,10,204,00000,000000,District - Purba Champaran,urban,christian,males,397
census-india-2011,sources/census-2011/c-series/state-mdds/c01-10-bihar.xls,b00824a538230226,census-c01-extract-v1.1.0-20260527T234036Z,C0101,10,204,00000,000000,District - Purba Champaran,urban,christian,females,500
census-india-2011,sources/census-2011/c-series/state-mdds/c01-10-bihar.xls,b00824a538230226,census-c01-extract-v1.1.0-20260527T234036Z,C0101,10,204,00000,000000,District - Purba Champaran,urban,sikh,persons,196
census-india-2011,sources/census-2011/c-series/state-mdds/c01-10-bihar.xls,b00824a538230226,census-c01-extract-v1.1.0-20260527T234036Z,C0101,10,204,00000,000000,District - Purba Champaran,urban,sikh,males,109
census-india-2011,sources/census-2011/c-series/state-mdds/c01-10-bihar.xls,b00824a538230226,census-c01-extract-v1.1.0-20260527T234036Z,C0101,10,204,00000,000000,District - Purba Champaran,urban,sikh,females,87
census-india-2011,sources/census-2011/c-series/state-mdds/c01-10-bihar.xls,b00824a538230226,census-c01-extract-v1.1.0-20260527T234036Z,C0101,10,204,00000,000000,District - Purba Champaran,urban,buddhist,persons,26
census-india-2011,sources/census-2011/c-series/state-mdds/c01-10-bihar.xls,b00824a538230226,census-c01-extract-v1.1.0-20260527T234036Z,C0101,10,204,00000,000000,District - Purba Champaran,urban,buddhist,males,14
census-india-2011,sources/census-2011/c-series/state-mdds/c01-10-bihar.xls,b00824a538230226,census-c01-extract-v1.1.0-20260527T234036Z,C0101,10,204,00000,000000,District - Purba Champaran,urban,buddhist,females,12
census-india-2011,sources/census-2011/c-series/state-mdds/c01-10-bihar.xls,b00824a538230226,census-c01-extract-v1.1.0-20260527T234036Z,C0101,10,204,00000,000000,District - Purba Champaran,urban,jain,persons,35
census-india-2011,sources/census-2011/c-series/state-mdds/c01-10-bihar.xls,b00824a538230226,census-c01-extract-v1.1.0-20260527T234036Z,C0101,10,204,00000,000000,District - Purba Champaran,urban,jain,males,18
census-india-2011,sources/census-2011/c-series/state-mdds/c01-10-bihar.xls,b00824a538230226,census-c01-extract-v1.1.0-20260527T234036Z,C0101,10,204,00000,000000,District - Purba Champaran,urban,jain,females,17
census-india-2011,sources/census-2011/c-series/state-mdds/c01-10-bihar.xls,b00824a538230226,census-c01-extract-v1.1.0-20260527T234036Z,C0101,10,204,00000,000000,District - Purba Champaran,urban,other,persons,9
census-india-2011,sources/census-2011/c-series/state-mdds/c01-10-bihar.xls,b00824a538230226,census-c01-extract-v1.1.0-20260527T234036Z,C0101,10,204,00000,000000,District - Purba Champaran,urban,other,males,4
census-india-2011,sources/census-2011/c-series/state-mdds/c01-10-bihar.xls,b00824a538230226,census-c01-extract-v1.1.0-20260527T234036Z,C0101,10,204,00000,000000,District - Purba Champaran,urban,other,females,5
census-india-2011,sources/census-2011/c-series/state-mdds/c01-10-bihar.xls,b00824a538230226,census-c01-extract-v1.1.0-20260527T234036Z,C0101,10,204,00000,000000,District - Purba Champaran,urban,not_stated,persons,763
census-india-2011,sources/census-2011/c-series/state-mdds/c01-10-bihar.xls,b00824a538230226,census-c01-extract-v1.1.0-20260527T234036Z,C0101,10,204,00000,000000,District - Purba Champaran,urban,not_stated,males,427
census-india-2011,sources/census-2011/c-series/state-mdds/c01-10-bihar.xls,b00824a538230226,census-c01-extract-v1.1.0-20260527T234036Z,C0101,10,204,00000,000000,District - Purba Champaran,urban,not_stated,females,336
census-india-2011,sources/census-2011/c-series/state-mdds/c01-10-bihar.xls,b00824a538230226,census-c01-extract-v1.1.0-20260527T234036Z,C0101,10,205,00000,000000,District - Sheohar,total,all,persons,656246
census-india-2011,sources/census-2011/c-series/state-mdds/c01-10-bihar.xls,b00824a538230226,census-c01-extract-v1.1.0-20260527T234036Z,C0101,10,205,00000,000000,District - Sheohar,total,all,males,346673
census-india-2011,sources/census-2011/c-series/state-mdds/c01-10-bihar.xls,b00824a538230226,census-c01-extract-v1.1.0-20260527T234036Z,C0101,10,205,00000,000000,District - Sheohar,total,all,females,309573
census-india-2011,sources/census-2011/c-series/state-mdds/c01-10-bihar.xls,b00824a538230226,census-c01-extract-v1.1.0-20260527T234036Z,C0101,10,205,00000,000000,District - Sheohar,total,hindu,persons,552492
census-india-2011,sources/census-2011/c-series/state-mdds/c01-10-bihar.xls,b00824a538230226,census-c01-extract-v1.1.0-20260527T234036Z,C0101,10,205,00000,000000,District - Sheohar,total,hindu,males,293415
census-india-2011,sources/census-2011/c-series/state-mdds/c01-10-bihar.xls,b00824a538230226,census-c01-extract-v1.1.0-20260527T234036Z,C0101,10,205,00000,000000,District - Sheohar,total,hindu,females,259077
census-india-2011,sources/census-2011/c-series/state-mdds/c01-10-bihar.xls,b00824a538230226,census-c01-extract-v1.1.0-20260527T234036Z,C0101,10,205,00000,000000,District - Sheohar,total,muslim,persons,99342
census-india-2011,sources/census-2011/c-series/state-mdds/c01-10-bihar.xls,b00824a538230226,census-c01-extract-v1.1.0-20260527T234036Z,C0101,10,205,00000,000000,District - Sheohar,total,muslim,males,51118
census-india-2011,sources/census-2011/c-series/state-mdds/c01-10-bihar.xls,b00824a538230226,census-c01-extract-v1.1.0-20260527T234036Z,C0101,10,205,00000,000000,District - Sheohar,total,muslim,females,48224
census-india-2011,sources/census-2011/c-series/state-mdds/c01-10-bihar.xls,b00824a538230226,census-c01-extract-v1.1.0-20260527T234036Z,C0101,10,205,00000,000000,District - Sheohar,total,christian,persons,522
census-india-2011,sources/census-2011/c-series/state-mdds/c01-10-bihar.xls,b00824a538230226,census-c01-extract-v1.1.0-20260527T234036Z,C0101,10,205,00000,000000,District - Sheohar,total,christian,males,268
census-india-2011,sources/census-2011/c-series/state-mdds/c01-10-bihar.xls,b00824a538230226,census-c01-extract-v1.1.0-20260527T234036Z,C0101,10,205,00000,000000,District - Sheohar,total,christian,females,254
census-india-2011,sources/census-2011/c-series/state-mdds/c01-10-bihar.xls,b00824a538230226,census-c01-extract-v1.1.0-20260527T234036Z,C0101,10,205,00000,000000,District - Sheohar,total,sikh,persons,216
census-india-2011,sources/census-2011/c-series/state-mdds/c01-10-bihar.xls,b00824a538230226,census-c01-extract-v1.1.0-20260527T234036Z,C0101,10,205,00000,000000,District - Sheohar,total,sikh,males,113
census-india-2011,sources/census-2011/c-series/state-mdds/c01-10-bihar.xls,b00824a538230226,census-c01-extract-v1.1.0-20260527T234036Z,C0101,10,205,00000,000000,District - Sheohar,total,sikh,females,103
census-india-2011,sources/census-2011/c-series/state-mdds/c01-10-bihar.xls,b00824a538230226,census-c01-extract-v1.1.0-20260527T234036Z,C0101,10,205,00000,000000,District - Sheohar,total,buddhist,persons,73
census-india-2011,sources/census-2011/c-series/state-mdds/c01-10-bihar.xls,b00824a538230226,census-c01-extract-v1.1.0-20260527T234036Z,C0101,10,205,00000,000000,District - Sheohar,total,buddhist,males,43
census-india-2011,sources/census-2011/c-series/state-mdds/c01-10-bihar.xls,b00824a538230226,census-c01-extract-v1.1.0-20260527T234036Z,C0101,10,205,00000,000000,District - Sheohar,total,buddhist,females,30
census-india-2011,sources/census-2011/c-series/state-mdds/c01-10-bihar.xls,b00824a538230226,census-c01-extract-v1.1.0-20260527T234036Z,C0101,10,205,00000,000000,District - Sheohar,total,jain,persons,52
census-india-2011,sources/census-2011/c-series/state-mdds/c01-10-bihar.xls,b00824a538230226,census-c01-extract-v1.1.0-20260527T234036Z,C0101,10,205,00000,000000,District - Sheohar,total,jain,males,34
census-india-2011,sources/census-2011/c-series/state-mdds/c01-10-bihar.xls,b00824a538230226,census-c01-extract-v1.1.0-20260527T234036Z,C0101,10,205,00000,000000,District - Sheohar,total,jain,females,18
census-india-2011,sources/census-2011/c-series/state-mdds/c01-10-bihar.xls,b00824a538230226,census-c01-extract-v1.1.0-20260527T234036Z,C0101,10,205,00000,000000,District - Sheohar,total,other,persons,44
census-india-2011,sources/census-2011/c-series/state-mdds/c01-10-bihar.xls,b00824a538230226,census-c01-extract-v1.1.0-20260527T234036Z,C0101,10,205,00000,000000,District - Sheohar,total,other,males,24
census-india-2011,sources/census-2011/c-series/state-mdds/c01-10-bihar.xls,b00824a538230226,census-c01-extract-v1.1.0-20260527T234036Z,C0101,10,205,00000,000000,District - Sheohar,total,other,females,20
census-india-2011,sources/census-2011/c-series/state-mdds/c01-10-bihar.xls,b00824a538230226,census-c01-extract-v1.1.0-20260527T234036Z,C0101,10,205,00000,000000,District - Sheohar,total,not_stated,persons,3505
census-india-2011,sources/census-2011/c-series/state-mdds/c01-10-bihar.xls,b00824a538230226,census-c01-extract-v1.1.0-20260527T234036Z,C0101,10,205,00000,000000,District - Sheohar,total,not_stated,males,1658
census-india-2011,sources/census-2011/c-series/state-mdds/c01-10-bihar.xls,b00824a538230226,census-c01-extract-v1.1.0-20260527T234036Z,C0101,10,205,00000,000000,District - Sheohar,total,not_stated,females,1847
census-india-2011,sources/census-2011/c-series/state-mdds/c01-10-bihar.xls,b00824a538230226,census-c01-extract-v1.1.0-20260527T234036Z,C0101,10,205,00000,000000,District - Sheohar,rural,all,persons,628130
census-india-2011,sources/census-2011/c-series/state-mdds/c01-10-bihar.xls,b00824a538230226,census-c01-extract-v1.1.0-20260527T234036Z,C0101,10,205,00000,000000,District - Sheohar,rural,all,males,331792
census-india-2011,sources/census-2011/c-series/state-mdds/c01-10-bihar.xls,b00824a538230226,census-c01-extract-v1.1.0-20260527T234036Z,C0101,10,205,00000,000000,District - Sheohar,rural,all,females,296338
census-india-2011,sources/census-2011/c-series/state-mdds/c01-10-bihar.xls,b00824a538230226,census-c01-extract-v1.1.0-20260527T234036Z,C0101,10,205,00000,000000,District - Sheohar,rural,hindu,persons,528366
census-india-2011,sources/census-2011/c-series/state-mdds/c01-10-bihar.xls,b00824a538230226,census-c01-extract-v1.1.0-20260527T234036Z,C0101,10,205,00000,000000,District - Sheohar,rural,hindu,males,280608
census-india-2011,sources/census-2011/c-series/state-mdds/c01-10-bihar.xls,b00824a538230226,census-c01-extract-v1.1.0-20260527T234036Z,C0101,10,205,00000,000000,District - Sheohar,rural,hindu,females,247758
census-india-2011,sources/census-2011/c-series/state-mdds/c01-10-bihar.xls,b00824a538230226,census-c01-extract-v1.1.0-20260527T234036Z,C0101,10,205,00000,000000,District - Sheohar,rural,muslim,persons,95567
census-india-2011,sources/census-2011/c-series/state-mdds/c01-10-bihar.xls,b00824a538230226,census-c01-extract-v1.1.0-20260527T234036Z,C0101,10,205,00000,000000,District - Sheohar,rural,muslim,males,49152
census-india-2011,sources/census-2011/c-series/state-mdds/c01-10-bihar.xls,b00824a538230226,census-c01-extract-v1.1.0-20260527T234036Z,C0101,10,205,00000,000000,District - Sheohar,rural,muslim,females,46415
census-india-2011,sources/census-2011/c-series/state-mdds/c01-10-bihar.xls,b00824a538230226,census-c01-extract-v1.1.0-20260527T234036Z,C0101,10,205,00000,000000,District - Sheohar,rural,christian,persons,462
census-india-2011,sources/census-2011/c-series/state-mdds/c01-10-bihar.xls,b00824a538230226,census-c01-extract-v1.1.0-20260527T234036Z,C0101,10,205,00000,000000,District - Sheohar,rural,christian,males,238
census-india-2011,sources/census-2011/c-series/state-mdds/c01-10-bihar.xls,b00824a538230226,census-c01-extract-v1.1.0-20260527T234036Z,C0101,10,205,00000,000000,District - Sheohar,rural,christian,females,224
census-india-2011,sources/census-2011/c-series/state-mdds/c01-10-bihar.xls,b00824a538230226,census-c01-extract-v1.1.0-20260527T234036Z,C0101,10,205,00000,000000,District - Sheohar,rural,sikh,persons,199
census-india-2011,sources/census-2011/c-series/state-mdds/c01-10-bihar.xls,b00824a538230226,census-c01-extract-v1.1.0-20260527T234036Z,C0101,10,205,00000,000000,District - Sheohar,rural,sikh,males,99
census-india-2011,sources/census-2011/c-series/state-mdds/c01-10-bihar.xls,b00824a538230226,census-c01-extract-v1.1.0-20260527T234036Z,C0101,10,205,00000,000000,District - Sheohar,rural,sikh,females,100
census-india-2011,sources/census-2011/c-series/state-mdds/c01-10-bihar.xls,b00824a538230226,census-c01-extract-v1.1.0-20260527T234036Z,C0101,10,205,00000,000000,District - Sheohar,rural,buddhist,persons,72
census-india-2011,sources/census-2011/c-series/state-mdds/c01-10-bihar.xls,b00824a538230226,census-c01-extract-v1.1.0-20260527T234036Z,C0101,10,205,00000,000000,District - Sheohar,rural,buddhist,males,43
census-india-2011,sources/census-2011/c-series/state-mdds/c01-10-bihar.xls,b00824a538230226,census-c01-extract-v1.1.0-20260527T234036Z,C0101,10,205,00000,000000,District - Sheohar,rural,buddhist,females,29
census-india-2011,sources/census-2011/c-series/state-mdds/c01-10-bihar.xls,b00824a538230226,census-c01-extract-v1.1.0-20260527T234036Z,C0101,10,205,00000,000000,District - Sheohar,rural,jain,persons,51
census-india-2011,sources/census-2011/c-series/state-mdds/c01-10-bihar.xls,b00824a538230226,census-c01-extract-v1.1.0-20260527T234036Z,C0101,10,205,00000,000000,District - Sheohar,rural,jain,males,33
census-india-2011,sources/census-2011/c-series/state-mdds/c01-10-bihar.xls,b00824a538230226,census-c01-extract-v1.1.0-20260527T234036Z,C0101,10,205,00000,000000,District - Sheohar,rural,jain,females,18
census-india-2011,sources/census-2011/c-series/state-mdds/c01-10-bihar.xls,b00824a538230226,census-c01-extract-v1.1.0-20260527T234036Z,C0101,10,205,00000,000000,District - Sheohar,rural,other,persons,43
census-india-2011,sources/census-2011/c-series/state-mdds/c01-10-bihar.xls,b00824a538230226,census-c01-extract-v1.1.0-20260527T234036Z,C0101,10,205,00000,000000,District - Sheohar,rural,other,males,24
census-india-2011,sources/census-2011/c-series/state-mdds/c01-10-bihar.xls,b00824a538230226,census-c01-extract-v1.1.0-20260527T234036Z,C0101,10,205,00000,000000,District - Sheohar,rural,other,females,19
census-india-2011,sources/census-2011/c-series/state-mdds/c01-10-bihar.xls,b00824a538230226,census-c01-extract-v1.1.0-20260527T234036Z,C0101,10,205,00000,000000,District - Sheohar,rural,not_stated,persons,3370
census-india-2011,sources/census-2011/c-series/state-mdds/c01-10-bihar.xls,b00824a538230226,census-c01-extract-v1.1.0-20260527T234036Z,C0101,10,205,00000,000000,District - Sheohar,rural,not_stated,males,1595
census-india-2011,sources/census-2011/c-series/state-mdds/c01-10-bihar.xls,b00824a538230226,census-c01-extract-v1.1.0-20260527T234036Z,C0101,10,205,00000,000000,District - Sheohar,rural,not_stated,females,1775
census-india-2011,sources/census-2011/c-series/state-mdds/c01-10-bihar.xls,b00824a538230226,census-c01-extract-v1.1.0-20260527T234036Z,C0101,10,205,00000,000000,District - Sheohar,urban,all,persons,28116
census-india-2011,sources/census-2011/c-series/state-mdds/c01-10-bihar.xls,b00824a538230226,census-c01-extract-v1.1.0-20260527T234036Z,C0101,10,205,00000,000000,District - Sheohar,urban,all,males,14881
census-india-2011,sources/census-2011/c-series/state-mdds/c01-10-bihar.xls,b00824a538230226,census-c01-extract-v1.1.0-20260527T234036Z,C0101,10,205,00000,000000,District - Sheohar,urban,all,females,13235
census-india-2011,sources/census-2011/c-series/state-mdds/c01-10-bihar.xls,b00824a538230226,census-c01-extract-v1.1.0-20260527T234036Z,C0101,10,205,00000,000000,District - Sheohar,urban,hindu,persons,24126
census-india-2011,sources/census-2011/c-series/state-mdds/c01-10-bihar.xls,b00824a538230226,census-c01-extract-v1.1.0-20260527T234036Z,C0101,10,205,00000,000000,District - Sheohar,urban,hindu,males,12807
census-india-2011,sources/census-2011/c-series/state-mdds/c01-10-bihar.xls,b00824a538230226,census-c01-extract-v1.1.0-20260527T234036Z,C0101,10,205,00000,000000,District - Sheohar,urban,hindu,females,11319
census-india-2011,sources/census-2011/c-series/state-mdds/c01-10-bihar.xls,b00824a538230226,census-c01-extract-v1.1.0-20260527T234036Z,C0101,10,205,00000,000000,District - Sheohar,urban,muslim,persons,3775
census-india-2011,sources/census-2011/c-series/state-mdds/c01-10-bihar.xls,b00824a538230226,census-c01-extract-v1.1.0-20260527T234036Z,C0101,10,205,00000,000000,District - Sheohar,urban,muslim,males,1966
census-india-2011,sources/census-2011/c-series/state-mdds/c01-10-bihar.xls,b00824a538230226,census-c01-extract-v1.1.0-20260527T234036Z,C0101,10,205,00000,000000,District - Sheohar,urban,muslim,females,1809
census-india-2011,sources/census-2011/c-series/state-mdds/c01-10-bihar.xls,b00824a538230226,census-c01-extract-v1.1.0-20260527T234036Z,C0101,10,205,00000,000000,District - Sheohar,urban,christian,persons,60
census-india-2011,sources/census-2011/c-series/state-mdds/c01-10-bihar.xls,b00824a538230226,census-c01-extract-v1.1.0-20260527T234036Z,C0101,10,205,00000,000000,District - Sheohar,urban,christian,males,30
census-india-2011,sources/census-2011/c-series/state-mdds/c01-10-bihar.xls,b00824a538230226,census-c01-extract-v1.1.0-20260527T234036Z,C0101,10,205,00000,000000,District - Sheohar,urban,christian,females,30
census-india-2011,sources/census-2011/c-series/state-mdds/c01-10-bihar.xls,b00824a538230226,census-c01-extract-v1.1.0-20260527T234036Z,C0101,10,205,00000,000000,District - Sheohar,urban,sikh,persons,17
census-india-2011,sources/census-2011/c-series/state-mdds/c01-10-bihar.xls,b00824a538230226,census-c01-extract-v1.1.0-20260527T234036Z,C0101,10,205,00000,000000,District - Sheohar,urban,sikh,males,14
census-india-2011,sources/census-2011/c-series/state-mdds/c01-10-bihar.xls,b00824a538230226,census-c01-extract-v1.1.0-20260527T234036Z,C0101,10,205,00000,000000,District - Sheohar,urban,sikh,females,3
census-india-2011,sources/census-2011/c-series/state-mdds/c01-10-bihar.xls,b00824a538230226,census-c01-extract-v1.1.0-20260527T234036Z,C0101,10,205,00000,000000,District - Sheohar,urban,buddhist,persons,1
census-india-2011,sources/census-2011/c-series/state-mdds/c01-10-bihar.xls,b00824a538230226,census-c01-extract-v1.1.0-20260527T234036Z,C0101,10,205,00000,000000,District - Sheohar,urban,buddhist,males,0
census-india-2011,sources/census-2011/c-series/state-mdds/c01-10-bihar.xls,b00824a538230226,census-c01-extract-v1.1.0-20260527T234036Z,C0101,10,205,00000,000000,District - Sheohar,urban,buddhist,females,1
census-india-2011,sources/census-2011/c-series/state-mdds/c01-10-bihar.xls,b00824a538230226,census-c01-extract-v1.1.0-20260527T234036Z,C0101,10,205,00000,000000,District - Sheohar,urban,jain,persons,1
census-india-2011,sources/census-2011/c-series/state-mdds/c01-10-bihar.xls,b00824a538230226,census-c01-extract-v1.1.0-20260527T234036Z,C0101,10,205,00000,000000,District - Sheohar,urban,jain,males,1
census-india-2011,sources/census-2011/c-series/state-mdds/c01-10-bihar.xls,b00824a538230226,census-c01-extract-v1.1.0-20260527T234036Z,C0101,10,205,00000,000000,District - Sheohar,urban,jain,females,0
census-india-2011,sources/census-2011/c-series/state-mdds/c01-10-bihar.xls,b00824a538230226,census-c01-extract-v1.1.0-20260527T234036Z,C0101,10,205,00000,000000,District - Sheohar,urban,other,persons,1
census-india-2011,sources/census-2011/c-series/state-mdds/c01-10-bihar.xls,b00824a538230226,census-c01-extract-v1.1.0-20260527T234036Z,C0101,10,205,00000,000000,District - Sheohar,urban,other,males,0
census-india-2011,sources/census-2011/c-series/state-mdds/c01-10-bihar.xls,b00824a538230226,census-c01-extract-v1.1.0-20260527T234036Z,C0101,10,205,00000,000000,District - Sheohar,urban,other,females,1
census-india-2011,sources/census-2011/c-series/state-mdds/c01-10-bihar.xls,b00824a538230226,census-c01-extract-v1.1.0-20260527T234036Z,C0101,10,205,00000,000000,District - Sheohar,urban,not_stated,persons,135
census-india-2011,sources/census-2011/c-series/state-mdds/c01-10-bihar.xls,b00824a538230226,census-c01-extract-v1.1.0-20260527T234036Z,C0101,10,205,00000,000000,District - Sheohar,urban,not_stated,males,63
census-india-2011,sources/census-2011/c-series/state-mdds/c01-10-bihar.xls,b00824a538230226,census-c01-extract-v1.1.0-20260527T234036Z,C0101,10,205,00000,000000,District - Sheohar,urban,not_stated,females,72
census-india-2011,sources/census-2011/c-series/state-mdds/c01-10-bihar.xls,b00824a538230226,census-c01-extract-v1.1.0-20260527T234036Z,C0101,10,206,00000,000000,District - Sitamarhi,total,all,persons,3423574
census-india-2011,sources/census-2011/c-series/state-mdds/c01-10-bihar.xls,b00824a538230226,census-c01-extract-v1.1.0-20260527T234036Z,C0101,10,206,00000,000000,District - Sitamarhi,total,all,males,1803252
census-india-2011,sources/census-2011/c-series/state-mdds/c01-10-bihar.xls,b00824a538230226,census-c01-extract-v1.1.0-20260527T234036Z,C0101,10,206,00000,000000,District - Sitamarhi,total,all,females,1620322
census-india-2011,sources/census-2011/c-series/state-mdds/c01-10-bihar.xls,b00824a538230226,census-c01-extract-v1.1.0-20260527T234036Z,C0101,10,206,00000,000000,District - Sitamarhi,total,hindu,persons,2672311
census-india-2011,sources/census-2011/c-series/state-mdds/c01-10-bihar.xls,b00824a538230226,census-c01-extract-v1.1.0-20260527T234036Z,C0101,10,206,00000,000000,District - Sitamarhi,total,hindu,males,1414808
census-india-2011,sources/census-2011/c-series/state-mdds/c01-10-bihar.xls,b00824a538230226,census-c01-extract-v1.1.0-20260527T234036Z,C0101,10,206,00000,000000,District - Sitamarhi,total,hindu,females,1257503
census-india-2011,sources/census-2011/c-series/state-mdds/c01-10-bihar.xls,b00824a538230226,census-c01-extract-v1.1.0-20260527T234036Z,C0101,10,206,00000,000000,District - Sitamarhi,total,muslim,persons,740101
census-india-2011,sources/census-2011/c-series/state-mdds/c01-10-bihar.xls,b00824a538230226,census-c01-extract-v1.1.0-20260527T234036Z,C0101,10,206,00000,000000,District - Sitamarhi,total,muslim,males,382506
census-india-2011,sources/census-2011/c-series/state-mdds/c01-10-bihar.xls,b00824a538230226,census-c01-extract-v1.1.0-20260527T234036Z,C0101,10,206,00000,000000,District - Sitamarhi,total,muslim,females,357595
census-india-2011,sources/census-2011/c-series/state-mdds/c01-10-bihar.xls,b00824a538230226,census-c01-extract-v1.1.0-20260527T234036Z,C0101,10,206,00000,000000,District - Sitamarhi,total,christian,persons,2897
census-india-2011,sources/census-2011/c-series/state-mdds/c01-10-bihar.xls,b00824a538230226,census-c01-extract-v1.1.0-20260527T234036Z,C0101,10,206,00000,000000,District - Sitamarhi,total,christian,males,1570
census-india-2011,sources/census-2011/c-series/state-mdds/c01-10-bihar.xls,b00824a538230226,census-c01-extract-v1.1.0-20260527T234036Z,C0101,10,206,00000,000000,District - Sitamarhi,total,christian,females,1327
census-india-2011,sources/census-2011/c-series/state-mdds/c01-10-bihar.xls,b00824a538230226,census-c01-extract-v1.1.0-20260527T234036Z,C0101,10,206,00000,000000,District - Sitamarhi,total,sikh,persons,261
census-india-2011,sources/census-2011/c-series/state-mdds/c01-10-bihar.xls,b00824a538230226,census-c01-extract-v1.1.0-20260527T234036Z,C0101,10,206,00000,000000,District - Sitamarhi,total,sikh,males,133
census-india-2011,sources/census-2011/c-series/state-mdds/c01-10-bihar.xls,b00824a538230226,census-c01-extract-v1.1.0-20260527T234036Z,C0101,10,206,00000,000000,District - Sitamarhi,total,sikh,females,128
census-india-2011,sources/census-2011/c-series/state-mdds/c01-10-bihar.xls,b00824a538230226,census-c01-extract-v1.1.0-20260527T234036Z,C0101,10,206,00000,000000,District - Sitamarhi,total,buddhist,persons,253
census-india-2011,sources/census-2011/c-series/state-mdds/c01-10-bihar.xls,b00824a538230226,census-c01-extract-v1.1.0-20260527T234036Z,C0101,10,206,00000,000000,District - Sitamarhi,total,buddhist,males,144
census-india-2011,sources/census-2011/c-series/state-mdds/c01-10-bihar.xls,b00824a538230226,census-c01-extract-v1.1.0-20260527T234036Z,C0101,10,206,00000,000000,District - Sitamarhi,total,buddhist,females,109
census-india-2011,sources/census-2011/c-series/state-mdds/c01-10-bihar.xls,b00824a538230226,census-c01-extract-v1.1.0-20260527T234036Z,C0101,10,206,00000,000000,District - Sitamarhi,total,jain,persons,188
census-india-2011,sources/census-2011/c-series/state-mdds/c01-10-bihar.xls,b00824a538230226,census-c01-extract-v1.1.0-20260527T234036Z,C0101,10,206,00000,000000,District - Sitamarhi,total,jain,males,105
census-india-2011,sources/census-2011/c-series/state-mdds/c01-10-bihar.xls,b00824a538230226,census-c01-extract-v1.1.0-20260527T234036Z,C0101,10,206,00000,000000,District - Sitamarhi,total,jain,females,83
census-india-2011,sources/census-2011/c-series/state-mdds/c01-10-bihar.xls,b00824a538230226,census-c01-extract-v1.1.0-20260527T234036Z,C0101,10,206,00000,000000,District - Sitamarhi,total,other,persons,20
census-india-2011,sources/census-2011/c-series/state-mdds/c01-10-bihar.xls,b00824a538230226,census-c01-extract-v1.1.0-20260527T234036Z,C0101,10,206,00000,000000,District - Sitamarhi,total,other,males,11
census-india-2011,sources/census-2011/c-series/state-mdds/c01-10-bihar.xls,b00824a538230226,census-c01-extract-v1.1.0-20260527T234036Z,C0101,10,206,00000,000000,District - Sitamarhi,total,other,females,9
census-india-2011,sources/census-2011/c-series/state-mdds/c01-10-bihar.xls,b00824a538230226,census-c01-extract-v1.1.0-20260527T234036Z,C0101,10,206,00000,000000,District - Sitamarhi,total,not_stated,persons,7543
census-india-2011,sources/census-2011/c-series/state-mdds/c01-10-bihar.xls,b00824a538230226,census-c01-extract-v1.1.0-20260527T234036Z,C0101,10,206,00000,000000,District - Sitamarhi,total,not_stated,males,3975
census-india-2011,sources/census-2011/c-series/state-mdds/c01-10-bihar.xls,b00824a538230226,census-c01-extract-v1.1.0-20260527T234036Z,C0101,10,206,00000,000000,District - Sitamarhi,total,not_stated,females,3568
census-india-2011,sources/census-2011/c-series/state-mdds/c01-10-bihar.xls,b00824a538230226,census-c01-extract-v1.1.0-20260527T234036Z,C0101,10,206,00000,000000,District - Sitamarhi,rural,all,persons,3233076
census-india-2011,sources/census-2011/c-series/state-mdds/c01-10-bihar.xls,b00824a538230226,census-c01-extract-v1.1.0-20260527T234036Z,C0101,10,206,00000,000000,District - Sitamarhi,rural,all,males,1701685
census-india-2011,sources/census-2011/c-series/state-mdds/c01-10-bihar.xls,b00824a538230226,census-c01-extract-v1.1.0-20260527T234036Z,C0101,10,206,00000,000000,District - Sitamarhi,rural,all,females,1531391
census-india-2011,sources/census-2011/c-series/state-mdds/c01-10-bihar.xls,b00824a538230226,census-c01-extract-v1.1.0-20260527T234036Z,C0101,10,206,00000,000000,District - Sitamarhi,rural,hindu,persons,2520066
census-india-2011,sources/census-2011/c-series/state-mdds/c01-10-bihar.xls,b00824a538230226,census-c01-extract-v1.1.0-20260527T234036Z,C0101,10,206,00000,000000,District - Sitamarhi,rural,hindu,males,1333382
census-india-2011,sources/census-2011/c-series/state-mdds/c01-10-bihar.xls,b00824a538230226,census-c01-extract-v1.1.0-20260527T234036Z,C0101,10,206,00000,000000,District - Sitamarhi,rural,hindu,females,1186684
census-india-2011,sources/census-2011/c-series/state-mdds/c01-10-bihar.xls,b00824a538230226,census-c01-extract-v1.1.0-20260527T234036Z,C0101,10,206,00000,000000,District - Sitamarhi,rural,muslim,persons,702523
census-india-2011,sources/census-2011/c-series/state-mdds/c01-10-bihar.xls,b00824a538230226,census-c01-extract-v1.1.0-20260527T234036Z,C0101,10,206,00000,000000,District - Sitamarhi,rural,muslim,males,362753
census-india-2011,sources/census-2011/c-series/state-mdds/c01-10-bihar.xls,b00824a538230226,census-c01-extract-v1.1.0-20260527T234036Z,C0101,10,206,00000,000000,District - Sitamarhi,rural,muslim,females,339770
census-india-2011,sources/census-2011/c-series/state-mdds/c01-10-bihar.xls,b00824a538230226,census-c01-extract-v1.1.0-20260527T234036Z,C0101,10,206,00000,000000,District - Sitamarhi,rural,christian,persons,2636
census-india-2011,sources/census-2011/c-series/state-mdds/c01-10-bihar.xls,b00824a538230226,census-c01-extract-v1.1.0-20260527T234036Z,C0101,10,206,00000,000000,District - Sitamarhi,rural,christian,males,1424
census-india-2011,sources/census-2011/c-series/state-mdds/c01-10-bihar.xls,b00824a538230226,census-c01-extract-v1.1.0-20260527T234036Z,C0101,10,206,00000,000000,District - Sitamarhi,rural,christian,females,1212
census-india-2011,sources/census-2011/c-series/state-mdds/c01-10-bihar.xls,b00824a538230226,census-c01-extract-v1.1.0-20260527T234036Z,C0101,10,206,00000,000000,District - Sitamarhi,rural,sikh,persons,241
census-india-2011,sources/census-2011/c-series/state-mdds/c01-10-bihar.xls,b00824a538230226,census-c01-extract-v1.1.0-20260527T234036Z,C0101,10,206,00000,000000,District - Sitamarhi,rural,sikh,males,121
census-india-2011,sources/census-2011/c-series/state-mdds/c01-10-bihar.xls,b00824a538230226,census-c01-extract-v1.1.0-20260527T234036Z,C0101,10,206,00000,000000,District - Sitamarhi,rural,sikh,females,120
census-india-2011,sources/census-2011/c-series/state-mdds/c01-10-bihar.xls,b00824a538230226,census-c01-extract-v1.1.0-20260527T234036Z,C0101,10,206,00000,000000,District - Sitamarhi,rural,buddhist,persons,221
census-india-2011,sources/census-2011/c-series/state-mdds/c01-10-bihar.xls,b00824a538230226,census-c01-extract-v1.1.0-20260527T234036Z,C0101,10,206,00000,000000,District - Sitamarhi,rural,buddhist,males,123
census-india-2011,sources/census-2011/c-series/state-mdds/c01-10-bihar.xls,b00824a538230226,census-c01-extract-v1.1.0-20260527T234036Z,C0101,10,206,00000,000000,District - Sitamarhi,rural,buddhist,females,98
census-india-2011,sources/census-2011/c-series/state-mdds/c01-10-bihar.xls,b00824a538230226,census-c01-extract-v1.1.0-20260527T234036Z,C0101,10,206,00000,000000,District - Sitamarhi,rural,jain,persons,170
census-india-2011,sources/census-2011/c-series/state-mdds/c01-10-bihar.xls,b00824a538230226,census-c01-extract-v1.1.0-20260527T234036Z,C0101,10,206,00000,000000,District - Sitamarhi,rural,jain,males,95
census-india-2011,sources/census-2011/c-series/state-mdds/c01-10-bihar.xls,b00824a538230226,census-c01-extract-v1.1.0-20260527T234036Z,C0101,10,206,00000,000000,District - Sitamarhi,rural,jain,females,75
census-india-2011,sources/census-2011/c-series/state-mdds/c01-10-bihar.xls,b00824a538230226,census-c01-extract-v1.1.0-20260527T234036Z,C0101,10,206,00000,000000,District - Sitamarhi,rural,other,persons,19
census-india-2011,sources/census-2011/c-series/state-mdds/c01-10-bihar.xls,b00824a538230226,census-c01-extract-v1.1.0-20260527T234036Z,C0101,10,206,00000,000000,District - Sitamarhi,rural,other,males,10
census-india-2011,sources/census-2011/c-series/state-mdds/c01-10-bihar.xls,b00824a538230226,census-c01-extract-v1.1.0-20260527T234036Z,C0101,10,206,00000,000000,District - Sitamarhi,rural,other,females,9
census-india-2011,sources/census-2011/c-series/state-mdds/c01-10-bihar.xls,b00824a538230226,census-c01-extract-v1.1.0-20260527T234036Z,C0101,10,206,00000,000000,District - Sitamarhi,rural,not_stated,persons,7200
census-india-2011,sources/census-2011/c-series/state-mdds/c01-10-bihar.xls,b00824a538230226,census-c01-extract-v1.1.0-20260527T234036Z,C0101,10,206,00000,000000,District - Sitamarhi,rural,not_stated,males,3777
census-india-2011,sources/census-2011/c-series/state-mdds/c01-10-bihar.xls,b00824a538230226,census-c01-extract-v1.1.0-20260527T234036Z,C0101,10,206,00000,000000,District - Sitamarhi,rural,not_stated,females,3423
census-india-2011,sources/census-2011/c-series/state-mdds/c01-10-bihar.xls,b00824a538230226,census-c01-extract-v1.1.0-20260527T234036Z,C0101,10,206,00000,000000,District - Sitamarhi,urban,all,persons,190498
census-india-2011,sources/census-2011/c-series/state-mdds/c01-10-bihar.xls,b00824a538230226,census-c01-extract-v1.1.0-20260527T234036Z,C0101,10,206,00000,000000,District - Sitamarhi,urban,all,males,101567
census-india-2011,sources/census-2011/c-series/state-mdds/c01-10-bihar.xls,b00824a538230226,census-c01-extract-v1.1.0-20260527T234036Z,C0101,10,206,00000,000000,District - Sitamarhi,urban,all,females,88931
census-india-2011,sources/census-2011/c-series/state-mdds/c01-10-bihar.xls,b00824a538230226,census-c01-extract-v1.1.0-20260527T234036Z,C0101,10,206,00000,000000,District - Sitamarhi,urban,hindu,persons,152245
census-india-2011,sources/census-2011/c-series/state-mdds/c01-10-bihar.xls,b00824a538230226,census-c01-extract-v1.1.0-20260527T234036Z,C0101,10,206,00000,000000,District - Sitamarhi,urban,hindu,males,81426
census-india-2011,sources/census-2011/c-series/state-mdds/c01-10-bihar.xls,b00824a538230226,census-c01-extract-v1.1.0-20260527T234036Z,C0101,10,206,00000,000000,District - Sitamarhi,urban,hindu,females,70819
census-india-2011,sources/census-2011/c-series/state-mdds/c01-10-bihar.xls,b00824a538230226,census-c01-extract-v1.1.0-20260527T234036Z,C0101,10,206,00000,000000,District - Sitamarhi,urban,muslim,persons,37578
census-india-2011,sources/census-2011/c-series/state-mdds/c01-10-bihar.xls,b00824a538230226,census-c01-extract-v1.1.0-20260527T234036Z,C0101,10,206,00000,000000,District - Sitamarhi,urban,muslim,males,19753
census-india-2011,sources/census-2011/c-series/state-mdds/c01-10-bihar.xls,b00824a538230226,census-c01-extract-v1.1.0-20260527T234036Z,C0101,10,206,00000,000000,District - Sitamarhi,urban,muslim,females,17825
census-india-2011,sources/census-2011/c-series/state-mdds/c01-10-bihar.xls,b00824a538230226,census-c01-extract-v1.1.0-20260527T234036Z,C0101,10,206,00000,000000,District - Sitamarhi,urban,christian,persons,261
census-india-2011,sources/census-2011/c-series/state-mdds/c01-10-bihar.xls,b00824a538230226,census-c01-extract-v1.1.0-20260527T234036Z,C0101,10,206,00000,000000,District - Sitamarhi,urban,christian,males,146
census-india-2011,sources/census-2011/c-series/state-mdds/c01-10-bihar.xls,b00824a538230226,census-c01-extract-v1.1.0-20260527T234036Z,C0101,10,206,00000,000000,District - Sitamarhi,urban,christian,females,115
census-india-2011,sources/census-2011/c-series/state-mdds/c01-10-bihar.xls,b00824a538230226,census-c01-extract-v1.1.0-20260527T234036Z,C0101,10,206,00000,000000,District - Sitamarhi,urban,sikh,persons,20
census-india-2011,sources/census-2011/c-series/state-mdds/c01-10-bihar.xls,b00824a538230226,census-c01-extract-v1.1.0-20260527T234036Z,C0101,10,206,00000,000000,District - Sitamarhi,urban,sikh,males,12
census-india-2011,sources/census-2011/c-series/state-mdds/c01-10-bihar.xls,b00824a538230226,census-c01-extract-v1.1.0-20260527T234036Z,C0101,10,206,00000,000000,District - Sitamarhi,urban,sikh,females,8
census-india-2011,sources/census-2011/c-series/state-mdds/c01-10-bihar.xls,b00824a538230226,census-c01-extract-v1.1.0-20260527T234036Z,C0101,10,206,00000,000000,District - Sitamarhi,urban,buddhist,persons,32
census-india-2011,sources/census-2011/c-series/state-mdds/c01-10-bihar.xls,b00824a538230226,census-c01-extract-v1.1.0-20260527T234036Z,C0101,10,206,00000,000000,District - Sitamarhi,urban,buddhist,males,21
census-india-2011,sources/census-2011/c-series/state-mdds/c01-10-bihar.xls,b00824a538230226,census-c01-extract-v1.1.0-20260527T234036Z,C0101,10,206,00000,000000,District - Sitamarhi,urban,buddhist,females,11
census-india-2011,sources/census-2011/c-series/state-mdds/c01-10-bihar.xls,b00824a538230226,census-c01-extract-v1.1.0-20260527T234036Z,C0101,10,206,00000,000000,District - Sitamarhi,urban,jain,persons,18
census-india-2011,sources/census-2011/c-series/state-mdds/c01-10-bihar.xls,b00824a538230226,census-c01-extract-v1.1.0-20260527T234036Z,C0101,10,206,00000,000000,District - Sitamarhi,urban,jain,males,10
census-india-2011,sources/census-2011/c-series/state-mdds/c01-10-bihar.xls,b00824a538230226,census-c01-extract-v1.1.0-20260527T234036Z,C0101,10,206,00000,000000,District - Sitamarhi,urban,jain,females,8
census-india-2011,sources/census-2011/c-series/state-mdds/c01-10-bihar.xls,b00824a538230226,census-c01-extract-v1.1.0-20260527T234036Z,C0101,10,206,00000,000000,District - Sitamarhi,urban,other,persons,1
census-india-2011,sources/census-2011/c-series/state-mdds/c01-10-bihar.xls,b00824a538230226,census-c01-extract-v1.1.0-20260527T234036Z,C0101,10,206,00000,000000,District - Sitamarhi,urban,other,males,1
census-india-2011,sources/census-2011/c-series/state-mdds/c01-10-bihar.xls,b00824a538230226,census-c01-extract-v1.1.0-20260527T234036Z,C0101,10,206,00000,000000,District - Sitamarhi,urban,other,females,0
census-india-2011,sources/census-2011/c-series/state-mdds/c01-10-bihar.xls,b00824a538230226,census-c01-extract-v1.1.0-20260527T234036Z,C0101,10,206,00000,000000,District - Sitamarhi,urban,not_stated,persons,343
census-india-2011,sources/census-2011/c-series/state-mdds/c01-10-bihar.xls,b00824a538230226,census-c01-extract-v1.1.0-20260527T234036Z,C0101,10,206,00000,000000,District - Sitamarhi,urban,not_stated,males,198
census-india-2011,sources/census-2011/c-series/state-mdds/c01-10-bihar.xls,b00824a538230226,census-c01-extract-v1.1.0-20260527T234036Z,C0101,10,206,00000,000000,District - Sitamarhi,urban,not_stated,females,145
census-india-2011,sources/census-2011/c-series/state-mdds/c01-10-bihar.xls,b00824a538230226,census-c01-extract-v1.1.0-20260527T234036Z,C0101,10,207,00000,000000,District - Madhubani,total,all,persons,4487379
census-india-2011,sources/census-2011/c-series/state-mdds/c01-10-bihar.xls,b00824a538230226,census-c01-extract-v1.1.0-20260527T234036Z,C0101,10,207,00000,000000,District - Madhubani,total,all,males,2329313
census-india-2011,sources/census-2011/c-series/state-mdds/c01-10-bihar.xls,b00824a538230226,census-c01-extract-v1.1.0-20260527T234036Z,C0101,10,207,00000,000000,District - Madhubani,total,all,females,2158066
census-india-2011,sources/census-2011/c-series/state-mdds/c01-10-bihar.xls,b00824a538230226,census-c01-extract-v1.1.0-20260527T234036Z,C0101,10,207,00000,000000,District - Madhubani,total,hindu,persons,3652168
census-india-2011,sources/census-2011/c-series/state-mdds/c01-10-bihar.xls,b00824a538230226,census-c01-extract-v1.1.0-20260527T234036Z,C0101,10,207,00000,000000,District - Madhubani,total,hindu,males,1901691
census-india-2011,sources/census-2011/c-series/state-mdds/c01-10-bihar.xls,b00824a538230226,census-c01-extract-v1.1.0-20260527T234036Z,C0101,10,207,00000,000000,District - Madhubani,total,hindu,females,1750477
census-india-2011,sources/census-2011/c-series/state-mdds/c01-10-bihar.xls,b00824a538230226,census-c01-extract-v1.1.0-20260527T234036Z,C0101,10,207,00000,000000,District - Madhubani,total,muslim,persons,818912
census-india-2011,sources/census-2011/c-series/state-mdds/c01-10-bihar.xls,b00824a538230226,census-c01-extract-v1.1.0-20260527T234036Z,C0101,10,207,00000,000000,District - Madhubani,total,muslim,males,419415
census-india-2011,sources/census-2011/c-series/state-mdds/c01-10-bihar.xls,b00824a538230226,census-c01-extract-v1.1.0-20260527T234036Z,C0101,10,207,00000,000000,District - Madhubani,total,muslim,females,399497
census-india-2011,sources/census-2011/c-series/state-mdds/c01-10-bihar.xls,b00824a538230226,census-c01-extract-v1.1.0-20260527T234036Z,C0101,10,207,00000,000000,District - Madhubani,total,christian,persons,3262
census-india-2011,sources/census-2011/c-series/state-mdds/c01-10-bihar.xls,b00824a538230226,census-c01-extract-v1.1.0-20260527T234036Z,C0101,10,207,00000,000000,District - Madhubani,total,christian,males,1741
census-india-2011,sources/census-2011/c-series/state-mdds/c01-10-bihar.xls,b00824a538230226,census-c01-extract-v1.1.0-20260527T234036Z,C0101,10,207,00000,000000,District - Madhubani,total,christian,females,1521
census-india-2011,sources/census-2011/c-series/state-mdds/c01-10-bihar.xls,b00824a538230226,census-c01-extract-v1.1.0-20260527T234036Z,C0101,10,207,00000,000000,District - Madhubani,total,sikh,persons,564
census-india-2011,sources/census-2011/c-series/state-mdds/c01-10-bihar.xls,b00824a538230226,census-c01-extract-v1.1.0-20260527T234036Z,C0101,10,207,00000,000000,District - Madhubani,total,sikh,males,288
census-india-2011,sources/census-2011/c-series/state-mdds/c01-10-bihar.xls,b00824a538230226,census-c01-extract-v1.1.0-20260527T234036Z,C0101,10,207,00000,000000,District - Madhubani,total,sikh,females,276
census-india-2011,sources/census-2011/c-series/state-mdds/c01-10-bihar.xls,b00824a538230226,census-c01-extract-v1.1.0-20260527T234036Z,C0101,10,207,00000,000000,District - Madhubani,total,buddhist,persons,328
census-india-2011,sources/census-2011/c-series/state-mdds/c01-10-bihar.xls,b00824a538230226,census-c01-extract-v1.1.0-20260527T234036Z,C0101,10,207,00000,000000,District - Madhubani,total,buddhist,males,168
census-india-2011,sources/census-2011/c-series/state-mdds/c01-10-bihar.xls,b00824a538230226,census-c01-extract-v1.1.0-20260527T234036Z,C0101,10,207,00000,000000,District - Madhubani,total,buddhist,females,160
census-india-2011,sources/census-2011/c-series/state-mdds/c01-10-bihar.xls,b00824a538230226,census-c01-extract-v1.1.0-20260527T234036Z,C0101,10,207,00000,000000,District - Madhubani,total,jain,persons,442
census-india-2011,sources/census-2011/c-series/state-mdds/c01-10-bihar.xls,b00824a538230226,census-c01-extract-v1.1.0-20260527T234036Z,C0101,10,207,00000,000000,District - Madhubani,total,jain,males,228
census-india-2011,sources/census-2011/c-series/state-mdds/c01-10-bihar.xls,b00824a538230226,census-c01-extract-v1.1.0-20260527T234036Z,C0101,10,207,00000,000000,District - Madhubani,total,jain,females,214
census-india-2011,sources/census-2011/c-series/state-mdds/c01-10-bihar.xls,b00824a538230226,census-c01-extract-v1.1.0-20260527T234036Z,C0101,10,207,00000,000000,District - Madhubani,total,other,persons,169
census-india-2011,sources/census-2011/c-series/state-mdds/c01-10-bihar.xls,b00824a538230226,census-c01-extract-v1.1.0-20260527T234036Z,C0101,10,207,00000,000000,District - Madhubani,total,other,males,81
census-india-2011,sources/census-2011/c-series/state-mdds/c01-10-bihar.xls,b00824a538230226,census-c01-extract-v1.1.0-20260527T234036Z,C0101,10,207,00000,000000,District - Madhubani,total,other,females,88
census-india-2011,sources/census-2011/c-series/state-mdds/c01-10-bihar.xls,b00824a538230226,census-c01-extract-v1.1.0-20260527T234036Z,C0101,10,207,00000,000000,District - Madhubani,total,not_stated,persons,11534
census-india-2011,sources/census-2011/c-series/state-mdds/c01-10-bihar.xls,b00824a538230226,census-c01-extract-v1.1.0-20260527T234036Z,C0101,10,207,00000,000000,District - Madhubani,total,not_stated,males,5701
census-india-2011,sources/census-2011/c-series/state-mdds/c01-10-bihar.xls,b00824a538230226,census-c01-extract-v1.1.0-20260527T234036Z,C0101,10,207,00000,000000,District - Madhubani,total,not_stated,females,5833
census-india-2011,sources/census-2011/c-series/state-mdds/c01-10-bihar.xls,b00824a538230226,census-c01-extract-v1.1.0-20260527T234036Z,C0101,10,207,00000,000000,District - Madhubani,rural,all,persons,4325884
census-india-2011,sources/census-2011/c-series/state-mdds/c01-10-bihar.xls,b00824a538230226,census-c01-extract-v1.1.0-20260527T234036Z,C0101,10,207,00000,000000,District - Madhubani,rural,all,males,2244287
census-india-2011,sources/census-2011/c-series/state-mdds/c01-10-bihar.xls,b00824a538230226,census-c01-extract-v1.1.0-20260527T234036Z,C0101,10,207,00000,000000,District - Madhubani,rural,all,females,2081597
census-india-2011,sources/census-2011/c-series/state-mdds/c01-10-bihar.xls,b00824a538230226,census-c01-extract-v1.1.0-20260527T234036Z,C0101,10,207,00000,000000,District - Madhubani,rural,hindu,persons,3528664
census-india-2011,sources/census-2011/c-series/state-mdds/c01-10-bihar.xls,b00824a538230226,census-c01-extract-v1.1.0-20260527T234036Z,C0101,10,207,00000,000000,District - Madhubani,rural,hindu,males,1836338
census-india-2011,sources/census-2011/c-series/state-mdds/c01-10-bihar.xls,b00824a538230226,census-c01-extract-v1.1.0-20260527T234036Z,C0101,10,207,00000,000000,District - Madhubani,rural,hindu,females,1692326
census-india-2011,sources/census-2011/c-series/state-mdds/c01-10-bihar.xls,b00824a538230226,census-c01-extract-v1.1.0-20260527T234036Z,C0101,10,207,00000,000000,District - Madhubani,rural,muslim,persons,781732
census-india-2011,sources/census-2011/c-series/state-mdds/c01-10-bihar.xls,b00824a538230226,census-c01-extract-v1.1.0-20260527T234036Z,C0101,10,207,00000,000000,District - Madhubani,rural,muslim,males,400152
census-india-2011,sources/census-2011/c-series/state-mdds/c01-10-bihar.xls,b00824a538230226,census-c01-extract-v1.1.0-20260527T234036Z,C0101,10,207,00000,000000,District - Madhubani,rural,muslim,females,381580
census-india-2011,sources/census-2011/c-series/state-mdds/c01-10-bihar.xls,b00824a538230226,census-c01-extract-v1.1.0-20260527T234036Z,C0101,10,207,00000,000000,District - Madhubani,rural,christian,persons,3074
census-india-2011,sources/census-2011/c-series/state-mdds/c01-10-bihar.xls,b00824a538230226,census-c01-extract-v1.1.0-20260527T234036Z,C0101,10,207,00000,000000,District - Madhubani,rural,christian,males,1640
census-india-2011,sources/census-2011/c-series/state-mdds/c01-10-bihar.xls,b00824a538230226,census-c01-extract-v1.1.0-20260527T234036Z,C0101,10,207,00000,000000,District - Madhubani,rural,christian,females,1434
census-india-2011,sources/census-2011/c-series/state-mdds/c01-10-bihar.xls,b00824a538230226,census-c01-extract-v1.1.0-20260527T234036Z,C0101,10,207,00000,000000,District - Madhubani,rural,sikh,persons,362
census-india-2011,sources/census-2011/c-series/state-mdds/c01-10-bihar.xls,b00824a538230226,census-c01-extract-v1.1.0-20260527T234036Z,C0101,10,207,00000,000000,District - Madhubani,rural,sikh,males,182
census-india-2011,sources/census-2011/c-series/state-mdds/c01-10-bihar.xls,b00824a538230226,census-c01-extract-v1.1.0-20260527T234036Z,C0101,10,207,00000,000000,District - Madhubani,rural,sikh,females,180
census-india-2011,sources/census-2011/c-series/state-mdds/c01-10-bihar.xls,b00824a538230226,census-c01-extract-v1.1.0-20260527T234036Z,C0101,10,207,00000,000000,District - Madhubani,rural,buddhist,persons,307
census-india-2011,sources/census-2011/c-series/state-mdds/c01-10-bihar.xls,b00824a538230226,census-c01-extract-v1.1.0-20260527T234036Z,C0101,10,207,00000,000000,District - Madhubani,rural,buddhist,males,157
census-india-2011,sources/census-2011/c-series/state-mdds/c01-10-bihar.xls,b00824a538230226,census-c01-extract-v1.1.0-20260527T234036Z,C0101,10,207,00000,000000,District - Madhubani,rural,buddhist,females,150
census-india-2011,sources/census-2011/c-series/state-mdds/c01-10-bihar.xls,b00824a538230226,census-c01-extract-v1.1.0-20260527T234036Z,C0101,10,207,00000,000000,District - Madhubani,rural,jain,persons,406
census-india-2011,sources/census-2011/c-series/state-mdds/c01-10-bihar.xls,b00824a538230226,census-c01-extract-v1.1.0-20260527T234036Z,C0101,10,207,00000,000000,District - Madhubani,rural,jain,males,212
census-india-2011,sources/census-2011/c-series/state-mdds/c01-10-bihar.xls,b00824a538230226,census-c01-extract-v1.1.0-20260527T234036Z,C0101,10,207,00000,000000,District - Madhubani,rural,jain,females,194
census-india-2011,sources/census-2011/c-series/state-mdds/c01-10-bihar.xls,b00824a538230226,census-c01-extract-v1.1.0-20260527T234036Z,C0101,10,207,00000,000000,District - Madhubani,rural,other,persons,166
census-india-2011,sources/census-2011/c-series/state-mdds/c01-10-bihar.xls,b00824a538230226,census-c01-extract-v1.1.0-20260527T234036Z,C0101,10,207,00000,000000,District - Madhubani,rural,other,males,80
census-india-2011,sources/census-2011/c-series/state-mdds/c01-10-bihar.xls,b00824a538230226,census-c01-extract-v1.1.0-20260527T234036Z,C0101,10,207,00000,000000,District - Madhubani,rural,other,females,86
census-india-2011,sources/census-2011/c-series/state-mdds/c01-10-bihar.xls,b00824a538230226,census-c01-extract-v1.1.0-20260527T234036Z,C0101,10,207,00000,000000,District - Madhubani,rural,not_stated,persons,11173
census-india-2011,sources/census-2011/c-series/state-mdds/c01-10-bihar.xls,b00824a538230226,census-c01-extract-v1.1.0-20260527T234036Z,C0101,10,207,00000,000000,District - Madhubani,rural,not_stated,males,5526
census-india-2011,sources/census-2011/c-series/state-mdds/c01-10-bihar.xls,b00824a538230226,census-c01-extract-v1.1.0-20260527T234036Z,C0101,10,207,00000,000000,District - Madhubani,rural,not_stated,females,5647
census-india-2011,sources/census-2011/c-series/state-mdds/c01-10-bihar.xls,b00824a538230226,census-c01-extract-v1.1.0-20260527T234036Z,C0101,10,207,00000,000000,District - Madhubani,urban,all,persons,161495
census-india-2011,sources/census-2011/c-series/state-mdds/c01-10-bihar.xls,b00824a538230226,census-c01-extract-v1.1.0-20260527T234036Z,C0101,10,207,00000,000000,District - Madhubani,urban,all,males,85026
census-india-2011,sources/census-2011/c-series/state-mdds/c01-10-bihar.xls,b00824a538230226,census-c01-extract-v1.1.0-20260527T234036Z,C0101,10,207,00000,000000,District - Madhubani,urban,all,females,76469
census-india-2011,sources/census-2011/c-series/state-mdds/c01-10-bihar.xls,b00824a538230226,census-c01-extract-v1.1.0-20260527T234036Z,C0101,10,207,00000,000000,District - Madhubani,urban,hindu,persons,123504
census-india-2011,sources/census-2011/c-series/state-mdds/c01-10-bihar.xls,b00824a538230226,census-c01-extract-v1.1.0-20260527T234036Z,C0101,10,207,00000,000000,District - Madhubani,urban,hindu,males,65353
census-india-2011,sources/census-2011/c-series/state-mdds/c01-10-bihar.xls,b00824a538230226,census-c01-extract-v1.1.0-20260527T234036Z,C0101,10,207,00000,000000,District - Madhubani,urban,hindu,females,58151
census-india-2011,sources/census-2011/c-series/state-mdds/c01-10-bihar.xls,b00824a538230226,census-c01-extract-v1.1.0-20260527T234036Z,C0101,10,207,00000,000000,District - Madhubani,urban,muslim,persons,37180
census-india-2011,sources/census-2011/c-series/state-mdds/c01-10-bihar.xls,b00824a538230226,census-c01-extract-v1.1.0-20260527T234036Z,C0101,10,207,00000,000000,District - Madhubani,urban,muslim,males,19263
census-india-2011,sources/census-2011/c-series/state-mdds/c01-10-bihar.xls,b00824a538230226,census-c01-extract-v1.1.0-20260527T234036Z,C0101,10,207,00000,000000,District - Madhubani,urban,muslim,females,17917
census-india-2011,sources/census-2011/c-series/state-mdds/c01-10-bihar.xls,b00824a538230226,census-c01-extract-v1.1.0-20260527T234036Z,C0101,10,207,00000,000000,District - Madhubani,urban,christian,persons,188
census-india-2011,sources/census-2011/c-series/state-mdds/c01-10-bihar.xls,b00824a538230226,census-c01-extract-v1.1.0-20260527T234036Z,C0101,10,207,00000,000000,District - Madhubani,urban,christian,males,101
census-india-2011,sources/census-2011/c-series/state-mdds/c01-10-bihar.xls,b00824a538230226,census-c01-extract-v1.1.0-20260527T234036Z,C0101,10,207,00000,000000,District - Madhubani,urban,christian,females,87
census-india-2011,sources/census-2011/c-series/state-mdds/c01-10-bihar.xls,b00824a538230226,census-c01-extract-v1.1.0-20260527T234036Z,C0101,10,207,00000,000000,District - Madhubani,urban,sikh,persons,202
census-india-2011,sources/census-2011/c-series/state-mdds/c01-10-bihar.xls,b00824a538230226,census-c01-extract-v1.1.0-20260527T234036Z,C0101,10,207,00000,000000,District - Madhubani,urban,sikh,males,106
census-india-2011,sources/census-2011/c-series/state-mdds/c01-10-bihar.xls,b00824a538230226,census-c01-extract-v1.1.0-20260527T234036Z,C0101,10,207,00000,000000,District - Madhubani,urban,sikh,females,96
census-india-2011,sources/census-2011/c-series/state-mdds/c01-10-bihar.xls,b00824a538230226,census-c01-extract-v1.1.0-20260527T234036Z,C0101,10,207,00000,000000,District - Madhubani,urban,buddhist,persons,21
census-india-2011,sources/census-2011/c-series/state-mdds/c01-10-bihar.xls,b00824a538230226,census-c01-extract-v1.1.0-20260527T234036Z,C0101,10,207,00000,000000,District - Madhubani,urban,buddhist,males,11
census-india-2011,sources/census-2011/c-series/state-mdds/c01-10-bihar.xls,b00824a538230226,census-c01-extract-v1.1.0-20260527T234036Z,C0101,10,207,00000,000000,District - Madhubani,urban,buddhist,females,10
census-india-2011,sources/census-2011/c-series/state-mdds/c01-10-bihar.xls,b00824a538230226,census-c01-extract-v1.1.0-20260527T234036Z,C0101,10,207,00000,000000,District - Madhubani,urban,jain,persons,36
census-india-2011,sources/census-2011/c-series/state-mdds/c01-10-bihar.xls,b00824a538230226,census-c01-extract-v1.1.0-20260527T234036Z,C0101,10,207,00000,000000,District - Madhubani,urban,jain,males,16
census-india-2011,sources/census-2011/c-series/state-mdds/c01-10-bihar.xls,b00824a538230226,census-c01-extract-v1.1.0-20260527T234036Z,C0101,10,207,00000,000000,District - Madhubani,urban,jain,females,20
census-india-2011,sources/census-2011/c-series/state-mdds/c01-10-bihar.xls,b00824a538230226,census-c01-extract-v1.1.0-20260527T234036Z,C0101,10,207,00000,000000,District - Madhubani,urban,other,persons,3
census-india-2011,sources/census-2011/c-series/state-mdds/c01-10-bihar.xls,b00824a538230226,census-c01-extract-v1.1.0-20260527T234036Z,C0101,10,207,00000,000000,District - Madhubani,urban,other,males,1
census-india-2011,sources/census-2011/c-series/state-mdds/c01-10-bihar.xls,b00824a538230226,census-c01-extract-v1.1.0-20260527T234036Z,C0101,10,207,00000,000000,District - Madhubani,urban,other,females,2
census-india-2011,sources/census-2011/c-series/state-mdds/c01-10-bihar.xls,b00824a538230226,census-c01-extract-v1.1.0-20260527T234036Z,C0101,10,207,00000,000000,District - Madhubani,urban,not_stated,persons,361
census-india-2011,sources/census-2011/c-series/state-mdds/c01-10-bihar.xls,b00824a538230226,census-c01-extract-v1.1.0-20260527T234036Z,C0101,10,207,00000,000000,District - Madhubani,urban,not_stated,males,175
census-india-2011,sources/census-2011/c-series/state-mdds/c01-10-bihar.xls,b00824a538230226,census-c01-extract-v1.1.0-20260527T234036Z,C0101,10,207,00000,000000,District - Madhubani,urban,not_stated,females,186
census-india-2011,sources/census-2011/c-series/state-mdds/c01-10-bihar.xls,b00824a538230226,census-c01-extract-v1.1.0-20260527T234036Z,C0101,10,208,00000,000000,District - Supaul,total,all,persons,2229076
census-india-2011,sources/census-2011/c-series/state-mdds/c01-10-bihar.xls,b00824a538230226,census-c01-extract-v1.1.0-20260527T234036Z,C0101,10,208,00000,000000,District - Supaul,total,all,males,1155283
census-india-2011,sources/census-2011/c-series/state-mdds/c01-10-bihar.xls,b00824a538230226,census-c01-extract-v1.1.0-20260527T234036Z,C0101,10,208,00000,000000,District - Supaul,total,all,females,1073793
census-india-2011,sources/census-2011/c-series/state-mdds/c01-10-bihar.xls,b00824a538230226,census-c01-extract-v1.1.0-20260527T234036Z,C0101,10,208,00000,000000,District - Supaul,total,hindu,persons,1809936
census-india-2011,sources/census-2011/c-series/state-mdds/c01-10-bihar.xls,b00824a538230226,census-c01-extract-v1.1.0-20260527T234036Z,C0101,10,208,00000,000000,District - Supaul,total,hindu,males,940810
census-india-2011,sources/census-2011/c-series/state-mdds/c01-10-bihar.xls,b00824a538230226,census-c01-extract-v1.1.0-20260527T234036Z,C0101,10,208,00000,000000,District - Supaul,total,hindu,females,869126
census-india-2011,sources/census-2011/c-series/state-mdds/c01-10-bihar.xls,b00824a538230226,census-c01-extract-v1.1.0-20260527T234036Z,C0101,10,208,00000,000000,District - Supaul,total,muslim,persons,409251
census-india-2011,sources/census-2011/c-series/state-mdds/c01-10-bihar.xls,b00824a538230226,census-c01-extract-v1.1.0-20260527T234036Z,C0101,10,208,00000,000000,District - Supaul,total,muslim,males,209342
census-india-2011,sources/census-2011/c-series/state-mdds/c01-10-bihar.xls,b00824a538230226,census-c01-extract-v1.1.0-20260527T234036Z,C0101,10,208,00000,000000,District - Supaul,total,muslim,females,199909
census-india-2011,sources/census-2011/c-series/state-mdds/c01-10-bihar.xls,b00824a538230226,census-c01-extract-v1.1.0-20260527T234036Z,C0101,10,208,00000,000000,District - Supaul,total,christian,persons,3758
census-india-2011,sources/census-2011/c-series/state-mdds/c01-10-bihar.xls,b00824a538230226,census-c01-extract-v1.1.0-20260527T234036Z,C0101,10,208,00000,000000,District - Supaul,total,christian,males,1990
census-india-2011,sources/census-2011/c-series/state-mdds/c01-10-bihar.xls,b00824a538230226,census-c01-extract-v1.1.0-20260527T234036Z,C0101,10,208,00000,000000,District - Supaul,total,christian,females,1768
census-india-2011,sources/census-2011/c-series/state-mdds/c01-10-bihar.xls,b00824a538230226,census-c01-extract-v1.1.0-20260527T234036Z,C0101,10,208,00000,000000,District - Supaul,total,sikh,persons,271
census-india-2011,sources/census-2011/c-series/state-mdds/c01-10-bihar.xls,b00824a538230226,census-c01-extract-v1.1.0-20260527T234036Z,C0101,10,208,00000,000000,District - Supaul,total,sikh,males,147
census-india-2011,sources/census-2011/c-series/state-mdds/c01-10-bihar.xls,b00824a538230226,census-c01-extract-v1.1.0-20260527T234036Z,C0101,10,208,00000,000000,District - Supaul,total,sikh,females,124
census-india-2011,sources/census-2011/c-series/state-mdds/c01-10-bihar.xls,b00824a538230226,census-c01-extract-v1.1.0-20260527T234036Z,C0101,10,208,00000,000000,District - Supaul,total,buddhist,persons,136
census-india-2011,sources/census-2011/c-series/state-mdds/c01-10-bihar.xls,b00824a538230226,census-c01-extract-v1.1.0-20260527T234036Z,C0101,10,208,00000,000000,District - Supaul,total,buddhist,males,82
census-india-2011,sources/census-2011/c-series/state-mdds/c01-10-bihar.xls,b00824a538230226,census-c01-extract-v1.1.0-20260527T234036Z,C0101,10,208,00000,000000,District - Supaul,total,buddhist,females,54
census-india-2011,sources/census-2011/c-series/state-mdds/c01-10-bihar.xls,b00824a538230226,census-c01-extract-v1.1.0-20260527T234036Z,C0101,10,208,00000,000000,District - Supaul,total,jain,persons,546
census-india-2011,sources/census-2011/c-series/state-mdds/c01-10-bihar.xls,b00824a538230226,census-c01-extract-v1.1.0-20260527T234036Z,C0101,10,208,00000,000000,District - Supaul,total,jain,males,282
census-india-2011,sources/census-2011/c-series/state-mdds/c01-10-bihar.xls,b00824a538230226,census-c01-extract-v1.1.0-20260527T234036Z,C0101,10,208,00000,000000,District - Supaul,total,jain,females,264
census-india-2011,sources/census-2011/c-series/state-mdds/c01-10-bihar.xls,b00824a538230226,census-c01-extract-v1.1.0-20260527T234036Z,C0101,10,208,00000,000000,District - Supaul,total,other,persons,42
census-india-2011,sources/census-2011/c-series/state-mdds/c01-10-bihar.xls,b00824a538230226,census-c01-extract-v1.1.0-20260527T234036Z,C0101,10,208,00000,000000,District - Supaul,total,other,males,22
census-india-2011,sources/census-2011/c-series/state-mdds/c01-10-bihar.xls,b00824a538230226,census-c01-extract-v1.1.0-20260527T234036Z,C0101,10,208,00000,000000,District - Supaul,total,other,females,20
census-india-2011,sources/census-2011/c-series/state-mdds/c01-10-bihar.xls,b00824a538230226,census-c01-extract-v1.1.0-20260527T234036Z,C0101,10,208,00000,000000,District - Supaul,total,not_stated,persons,5136
census-india-2011,sources/census-2011/c-series/state-mdds/c01-10-bihar.xls,b00824a538230226,census-c01-extract-v1.1.0-20260527T234036Z,C0101,10,208,00000,000000,District - Supaul,total,not_stated,males,2608
census-india-2011,sources/census-2011/c-series/state-mdds/c01-10-bihar.xls,b00824a538230226,census-c01-extract-v1.1.0-20260527T234036Z,C0101,10,208,00000,000000,District - Supaul,total,not_stated,females,2528
census-india-2011,sources/census-2011/c-series/state-mdds/c01-10-bihar.xls,b00824a538230226,census-c01-extract-v1.1.0-20260527T234036Z,C0101,10,208,00000,000000,District - Supaul,rural,all,persons,2123518
census-india-2011,sources/census-2011/c-series/state-mdds/c01-10-bihar.xls,b00824a538230226,census-c01-extract-v1.1.0-20260527T234036Z,C0101,10,208,00000,000000,District - Supaul,rural,all,males,1099495
census-india-2011,sources/census-2011/c-series/state-mdds/c01-10-bihar.xls,b00824a538230226,census-c01-extract-v1.1.0-20260527T234036Z,C0101,10,208,00000,000000,District - Supaul,rural,all,females,1024023
census-india-2011,sources/census-2011/c-series/state-mdds/c01-10-bihar.xls,b00824a538230226,census-c01-extract-v1.1.0-20260527T234036Z,C0101,10,208,00000,000000,District - Supaul,rural,hindu,persons,1728959
census-india-2011,sources/census-2011/c-series/state-mdds/c01-10-bihar.xls,b00824a538230226,census-c01-extract-v1.1.0-20260527T234036Z,C0101,10,208,00000,000000,District - Supaul,rural,hindu,males,897776
census-india-2011,sources/census-2011/c-series/state-mdds/c01-10-bihar.xls,b00824a538230226,census-c01-extract-v1.1.0-20260527T234036Z,C0101,10,208,00000,000000,District - Supaul,rural,hindu,females,831183
census-india-2011,sources/census-2011/c-series/state-mdds/c01-10-bihar.xls,b00824a538230226,census-c01-extract-v1.1.0-20260527T234036Z,C0101,10,208,00000,000000,District - Supaul,rural,muslim,persons,385160
census-india-2011,sources/census-2011/c-series/state-mdds/c01-10-bihar.xls,b00824a538230226,census-c01-extract-v1.1.0-20260527T234036Z,C0101,10,208,00000,000000,District - Supaul,rural,muslim,males,196855
census-india-2011,sources/census-2011/c-series/state-mdds/c01-10-bihar.xls,b00824a538230226,census-c01-extract-v1.1.0-20260527T234036Z,C0101,10,208,00000,000000,District - Supaul,rural,muslim,females,188305
census-india-2011,sources/census-2011/c-series/state-mdds/c01-10-bihar.xls,b00824a538230226,census-c01-extract-v1.1.0-20260527T234036Z,C0101,10,208,00000,000000,District - Supaul,rural,christian,persons,3537
census-india-2011,sources/census-2011/c-series/state-mdds/c01-10-bihar.xls,b00824a538230226,census-c01-extract-v1.1.0-20260527T234036Z,C0101,10,208,00000,000000,District - Supaul,rural,christian,males,1866
census-india-2011,sources/census-2011/c-series/state-mdds/c01-10-bihar.xls,b00824a538230226,census-c01-extract-v1.1.0-20260527T234036Z,C0101,10,208,00000,000000,District - Supaul,rural,christian,females,1671
census-india-2011,sources/census-2011/c-series/state-mdds/c01-10-bihar.xls,b00824a538230226,census-c01-extract-v1.1.0-20260527T234036Z,C0101,10,208,00000,000000,District - Supaul,rural,sikh,persons,249
census-india-2011,sources/census-2011/c-series/state-mdds/c01-10-bihar.xls,b00824a538230226,census-c01-extract-v1.1.0-20260527T234036Z,C0101,10,208,00000,000000,District - Supaul,rural,sikh,males,136
census-india-2011,sources/census-2011/c-series/state-mdds/c01-10-bihar.xls,b00824a538230226,census-c01-extract-v1.1.0-20260527T234036Z,C0101,10,208,00000,000000,District - Supaul,rural,sikh,females,113
census-india-2011,sources/census-2011/c-series/state-mdds/c01-10-bihar.xls,b00824a538230226,census-c01-extract-v1.1.0-20260527T234036Z,C0101,10,208,00000,000000,District - Supaul,rural,buddhist,persons,96
census-india-2011,sources/census-2011/c-series/state-mdds/c01-10-bihar.xls,b00824a538230226,census-c01-extract-v1.1.0-20260527T234036Z,C0101,10,208,00000,000000,District - Supaul,rural,buddhist,males,53
census-india-2011,sources/census-2011/c-series/state-mdds/c01-10-bihar.xls,b00824a538230226,census-c01-extract-v1.1.0-20260527T234036Z,C0101,10,208,00000,000000,District - Supaul,rural,buddhist,females,43
census-india-2011,sources/census-2011/c-series/state-mdds/c01-10-bihar.xls,b00824a538230226,census-c01-extract-v1.1.0-20260527T234036Z,C0101,10,208,00000,000000,District - Supaul,rural,jain,persons,425
census-india-2011,sources/census-2011/c-series/state-mdds/c01-10-bihar.xls,b00824a538230226,census-c01-extract-v1.1.0-20260527T234036Z,C0101,10,208,00000,000000,District - Supaul,rural,jain,males,227
census-india-2011,sources/census-2011/c-series/state-mdds/c01-10-bihar.xls,b00824a538230226,census-c01-extract-v1.1.0-20260527T234036Z,C0101,10,208,00000,000000,District - Supaul,rural,jain,females,198
census-india-2011,sources/census-2011/c-series/state-mdds/c01-10-bihar.xls,b00824a538230226,census-c01-extract-v1.1.0-20260527T234036Z,C0101,10,208,00000,000000,District - Supaul,rural,other,persons,40
census-india-2011,sources/census-2011/c-series/state-mdds/c01-10-bihar.xls,b00824a538230226,census-c01-extract-v1.1.0-20260527T234036Z,C0101,10,208,00000,000000,District - Supaul,rural,other,males,21
census-india-2011,sources/census-2011/c-series/state-mdds/c01-10-bihar.xls,b00824a538230226,census-c01-extract-v1.1.0-20260527T234036Z,C0101,10,208,00000,000000,District - Supaul,rural,other,females,19
census-india-2011,sources/census-2011/c-series/state-mdds/c01-10-bihar.xls,b00824a538230226,census-c01-extract-v1.1.0-20260527T234036Z,C0101,10,208,00000,000000,District - Supaul,rural,not_stated,persons,5052
census-india-2011,sources/census-2011/c-series/state-mdds/c01-10-bihar.xls,b00824a538230226,census-c01-extract-v1.1.0-20260527T234036Z,C0101,10,208,00000,000000,District - Supaul,rural,not_stated,males,2561
census-india-2011,sources/census-2011/c-series/state-mdds/c01-10-bihar.xls,b00824a538230226,census-c01-extract-v1.1.0-20260527T234036Z,C0101,10,208,00000,000000,District - Supaul,rural,not_stated,females,2491
census-india-2011,sources/census-2011/c-series/state-mdds/c01-10-bihar.xls,b00824a538230226,census-c01-extract-v1.1.0-20260527T234036Z,C0101,10,208,00000,000000,District - Supaul,urban,all,persons,105558
census-india-2011,sources/census-2011/c-series/state-mdds/c01-10-bihar.xls,b00824a538230226,census-c01-extract-v1.1.0-20260527T234036Z,C0101,10,208,00000,000000,District - Supaul,urban,all,males,55788
census-india-2011,sources/census-2011/c-series/state-mdds/c01-10-bihar.xls,b00824a538230226,census-c01-extract-v1.1.0-20260527T234036Z,C0101,10,208,00000,000000,District - Supaul,urban,all,females,49770
census-india-2011,sources/census-2011/c-series/state-mdds/c01-10-bihar.xls,b00824a538230226,census-c01-extract-v1.1.0-20260527T234036Z,C0101,10,208,00000,000000,District - Supaul,urban,hindu,persons,80977
census-india-2011,sources/census-2011/c-series/state-mdds/c01-10-bihar.xls,b00824a538230226,census-c01-extract-v1.1.0-20260527T234036Z,C0101,10,208,00000,000000,District - Supaul,urban,hindu,males,43034
census-india-2011,sources/census-2011/c-series/state-mdds/c01-10-bihar.xls,b00824a538230226,census-c01-extract-v1.1.0-20260527T234036Z,C0101,10,208,00000,000000,District - Supaul,urban,hindu,females,37943
census-india-2011,sources/census-2011/c-series/state-mdds/c01-10-bihar.xls,b00824a538230226,census-c01-extract-v1.1.0-20260527T234036Z,C0101,10,208,00000,000000,District - Supaul,urban,muslim,persons,24091
census-india-2011,sources/census-2011/c-series/state-mdds/c01-10-bihar.xls,b00824a538230226,census-c01-extract-v1.1.0-20260527T234036Z,C0101,10,208,00000,000000,District - Supaul,urban,muslim,males,12487
census-india-2011,sources/census-2011/c-series/state-mdds/c01-10-bihar.xls,b00824a538230226,census-c01-extract-v1.1.0-20260527T234036Z,C0101,10,208,00000,000000,District - Supaul,urban,muslim,females,11604
census-india-2011,sources/census-2011/c-series/state-mdds/c01-10-bihar.xls,b00824a538230226,census-c01-extract-v1.1.0-20260527T234036Z,C0101,10,208,00000,000000,District - Supaul,urban,christian,persons,221
census-india-2011,sources/census-2011/c-series/state-mdds/c01-10-bihar.xls,b00824a538230226,census-c01-extract-v1.1.0-20260527T234036Z,C0101,10,208,00000,000000,District - Supaul,urban,christian,males,124
census-india-2011,sources/census-2011/c-series/state-mdds/c01-10-bihar.xls,b00824a538230226,census-c01-extract-v1.1.0-20260527T234036Z,C0101,10,208,00000,000000,District - Supaul,urban,christian,females,97
census-india-2011,sources/census-2011/c-series/state-mdds/c01-10-bihar.xls,b00824a538230226,census-c01-extract-v1.1.0-20260527T234036Z,C0101,10,208,00000,000000,District - Supaul,urban,sikh,persons,22
census-india-2011,sources/census-2011/c-series/state-mdds/c01-10-bihar.xls,b00824a538230226,census-c01-extract-v1.1.0-20260527T234036Z,C0101,10,208,00000,000000,District - Supaul,urban,sikh,males,11
census-india-2011,sources/census-2011/c-series/state-mdds/c01-10-bihar.xls,b00824a538230226,census-c01-extract-v1.1.0-20260527T234036Z,C0101,10,208,00000,000000,District - Supaul,urban,sikh,females,11
census-india-2011,sources/census-2011/c-series/state-mdds/c01-10-bihar.xls,b00824a538230226,census-c01-extract-v1.1.0-20260527T234036Z,C0101,10,208,00000,000000,District - Supaul,urban,buddhist,persons,40
census-india-2011,sources/census-2011/c-series/state-mdds/c01-10-bihar.xls,b00824a538230226,census-c01-extract-v1.1.0-20260527T234036Z,C0101,10,208,00000,000000,District - Supaul,urban,buddhist,males,29
census-india-2011,sources/census-2011/c-series/state-mdds/c01-10-bihar.xls,b00824a538230226,census-c01-extract-v1.1.0-20260527T234036Z,C0101,10,208,00000,000000,District - Supaul,urban,buddhist,females,11
census-india-2011,sources/census-2011/c-series/state-mdds/c01-10-bihar.xls,b00824a538230226,census-c01-extract-v1.1.0-20260527T234036Z,C0101,10,208,00000,000000,District - Supaul,urban,jain,persons,121
census-india-2011,sources/census-2011/c-series/state-mdds/c01-10-bihar.xls,b00824a538230226,census-c01-extract-v1.1.0-20260527T234036Z,C0101,10,208,00000,000000,District - Supaul,urban,jain,males,55
census-india-2011,sources/census-2011/c-series/state-mdds/c01-10-bihar.xls,b00824a538230226,census-c01-extract-v1.1.0-20260527T234036Z,C0101,10,208,00000,000000,District - Supaul,urban,jain,females,66
census-india-2011,sources/census-2011/c-series/state-mdds/c01-10-bihar.xls,b00824a538230226,census-c01-extract-v1.1.0-20260527T234036Z,C0101,10,208,00000,000000,District - Supaul,urban,other,persons,2
census-india-2011,sources/census-2011/c-series/state-mdds/c01-10-bihar.xls,b00824a538230226,census-c01-extract-v1.1.0-20260527T234036Z,C0101,10,208,00000,000000,District - Supaul,urban,other,males,1
census-india-2011,sources/census-2011/c-series/state-mdds/c01-10-bihar.xls,b00824a538230226,census-c01-extract-v1.1.0-20260527T234036Z,C0101,10,208,00000,000000,District - Supaul,urban,other,females,1
census-india-2011,sources/census-2011/c-series/state-mdds/c01-10-bihar.xls,b00824a538230226,census-c01-extract-v1.1.0-20260527T234036Z,C0101,10,208,00000,000000,District - Supaul,urban,not_stated,persons,84
census-india-2011,sources/census-2011/c-series/state-mdds/c01-10-bihar.xls,b00824a538230226,census-c01-extract-v1.1.0-20260527T234036Z,C0101,10,208,00000,000000,District - Supaul,urban,not_stated,males,47
census-india-2011,sources/census-2011/c-series/state-mdds/c01-10-bihar.xls,b00824a538230226,census-c01-extract-v1.1.0-20260527T234036Z,C0101,10,208,00000,000000,District - Supaul,urban,not_stated,females,37
census-india-2011,sources/census-2011/c-series/state-mdds/c01-10-bihar.xls,b00824a538230226,census-c01-extract-v1.1.0-20260527T234036Z,C0101,10,209,00000,000000,District - Araria,total,all,persons,2811569
census-india-2011,sources/census-2011/c-series/state-mdds/c01-10-bihar.xls,b00824a538230226,census-c01-extract-v1.1.0-20260527T234036Z,C0101,10,209,00000,000000,District - Araria,total,all,males,1463333
census-india-2011,sources/census-2011/c-series/state-mdds/c01-10-bihar.xls,b00824a538230226,census-c01-extract-v1.1.0-20260527T234036Z,C0101,10,209,00000,000000,District - Araria,total,all,females,1348236
census-india-2011,sources/census-2011/c-series/state-mdds/c01-10-bihar.xls,b00824a538230226,census-c01-extract-v1.1.0-20260527T234036Z,C0101,10,209,00000,000000,District - Araria,total,hindu,persons,1593525
census-india-2011,sources/census-2011/c-series/state-mdds/c01-10-bihar.xls,b00824a538230226,census-c01-extract-v1.1.0-20260527T234036Z,C0101,10,209,00000,000000,District - Araria,total,hindu,males,832863
census-india-2011,sources/census-2011/c-series/state-mdds/c01-10-bihar.xls,b00824a538230226,census-c01-extract-v1.1.0-20260527T234036Z,C0101,10,209,00000,000000,District - Araria,total,hindu,females,760662
census-india-2011,sources/census-2011/c-series/state-mdds/c01-10-bihar.xls,b00824a538230226,census-c01-extract-v1.1.0-20260527T234036Z,C0101,10,209,00000,000000,District - Araria,total,muslim,persons,1207442
census-india-2011,sources/census-2011/c-series/state-mdds/c01-10-bihar.xls,b00824a538230226,census-c01-extract-v1.1.0-20260527T234036Z,C0101,10,209,00000,000000,District - Araria,total,muslim,males,624887
census-india-2011,sources/census-2011/c-series/state-mdds/c01-10-bihar.xls,b00824a538230226,census-c01-extract-v1.1.0-20260527T234036Z,C0101,10,209,00000,000000,District - Araria,total,muslim,females,582555
census-india-2011,sources/census-2011/c-series/state-mdds/c01-10-bihar.xls,b00824a538230226,census-c01-extract-v1.1.0-20260527T234036Z,C0101,10,209,00000,000000,District - Araria,total,christian,persons,4116
census-india-2011,sources/census-2011/c-series/state-mdds/c01-10-bihar.xls,b00824a538230226,census-c01-extract-v1.1.0-20260527T234036Z,C0101,10,209,00000,000000,District - Araria,total,christian,males,2158
census-india-2011,sources/census-2011/c-series/state-mdds/c01-10-bihar.xls,b00824a538230226,census-c01-extract-v1.1.0-20260527T234036Z,C0101,10,209,00000,000000,District - Araria,total,christian,females,1958
census-india-2011,sources/census-2011/c-series/state-mdds/c01-10-bihar.xls,b00824a538230226,census-c01-extract-v1.1.0-20260527T234036Z,C0101,10,209,00000,000000,District - Araria,total,sikh,persons,371
census-india-2011,sources/census-2011/c-series/state-mdds/c01-10-bihar.xls,b00824a538230226,census-c01-extract-v1.1.0-20260527T234036Z,C0101,10,209,00000,000000,District - Araria,total,sikh,males,211
census-india-2011,sources/census-2011/c-series/state-mdds/c01-10-bihar.xls,b00824a538230226,census-c01-extract-v1.1.0-20260527T234036Z,C0101,10,209,00000,000000,District - Araria,total,sikh,females,160
census-india-2011,sources/census-2011/c-series/state-mdds/c01-10-bihar.xls,b00824a538230226,census-c01-extract-v1.1.0-20260527T234036Z,C0101,10,209,00000,000000,District - Araria,total,buddhist,persons,187
census-india-2011,sources/census-2011/c-series/state-mdds/c01-10-bihar.xls,b00824a538230226,census-c01-extract-v1.1.0-20260527T234036Z,C0101,10,209,00000,000000,District - Araria,total,buddhist,males,136
census-india-2011,sources/census-2011/c-series/state-mdds/c01-10-bihar.xls,b00824a538230226,census-c01-extract-v1.1.0-20260527T234036Z,C0101,10,209,00000,000000,District - Araria,total,buddhist,females,51
census-india-2011,sources/census-2011/c-series/state-mdds/c01-10-bihar.xls,b00824a538230226,census-c01-extract-v1.1.0-20260527T234036Z,C0101,10,209,00000,000000,District - Araria,total,jain,persons,1910
census-india-2011,sources/census-2011/c-series/state-mdds/c01-10-bihar.xls,b00824a538230226,census-c01-extract-v1.1.0-20260527T234036Z,C0101,10,209,00000,000000,District - Araria,total,jain,males,985
census-india-2011,sources/census-2011/c-series/state-mdds/c01-10-bihar.xls,b00824a538230226,census-c01-extract-v1.1.0-20260527T234036Z,C0101,10,209,00000,000000,District - Araria,total,jain,females,925
census-india-2011,sources/census-2011/c-series/state-mdds/c01-10-bihar.xls,b00824a538230226,census-c01-extract-v1.1.0-20260527T234036Z,C0101,10,209,00000,000000,District - Araria,total,other,persons,63
census-india-2011,sources/census-2011/c-series/state-mdds/c01-10-bihar.xls,b00824a538230226,census-c01-extract-v1.1.0-20260527T234036Z,C0101,10,209,00000,000000,District - Araria,total,other,males,35
census-india-2011,sources/census-2011/c-series/state-mdds/c01-10-bihar.xls,b00824a538230226,census-c01-extract-v1.1.0-20260527T234036Z,C0101,10,209,00000,000000,District - Araria,total,other,females,28
census-india-2011,sources/census-2011/c-series/state-mdds/c01-10-bihar.xls,b00824a538230226,census-c01-extract-v1.1.0-20260527T234036Z,C0101,10,209,00000,000000,District - Araria,total,not_stated,persons,3955
census-india-2011,sources/census-2011/c-series/state-mdds/c01-10-bihar.xls,b00824a538230226,census-c01-extract-v1.1.0-20260527T234036Z,C0101,10,209,00000,000000,District - Araria,total,not_stated,males,2058
census-india-2011,sources/census-2011/c-series/state-mdds/c01-10-bihar.xls,b00824a538230226,census-c01-extract-v1.1.0-20260527T234036Z,C0101,10,209,00000,000000,District - Araria,total,not_stated,females,1897
census-india-2011,sources/census-2011/c-series/state-mdds/c01-10-bihar.xls,b00824a538230226,census-c01-extract-v1.1.0-20260527T234036Z,C0101,10,209,00000,000000,District - Araria,rural,all,persons,2642792
census-india-2011,sources/census-2011/c-series/state-mdds/c01-10-bihar.xls,b00824a538230226,census-c01-extract-v1.1.0-20260527T234036Z,C0101,10,209,00000,000000,District - Araria,rural,all,males,1374254
census-india-2011,sources/census-2011/c-series/state-mdds/c01-10-bihar.xls,b00824a538230226,census-c01-extract-v1.1.0-20260527T234036Z,C0101,10,209,00000,000000,District - Araria,rural,all,females,1268538
census-india-2011,sources/census-2011/c-series/state-mdds/c01-10-bihar.xls,b00824a538230226,census-c01-extract-v1.1.0-20260527T234036Z,C0101,10,209,00000,000000,District - Araria,rural,hindu,persons,1489926
census-india-2011,sources/census-2011/c-series/state-mdds/c01-10-bihar.xls,b00824a538230226,census-c01-extract-v1.1.0-20260527T234036Z,C0101,10,209,00000,000000,District - Araria,rural,hindu,males,777748
census-india-2011,sources/census-2011/c-series/state-mdds/c01-10-bihar.xls,b00824a538230226,census-c01-extract-v1.1.0-20260527T234036Z,C0101,10,209,00000,000000,District - Araria,rural,hindu,females,712178
census-india-2011,sources/census-2011/c-series/state-mdds/c01-10-bihar.xls,b00824a538230226,census-c01-extract-v1.1.0-20260527T234036Z,C0101,10,209,00000,000000,District - Araria,rural,muslim,persons,1144190
census-india-2011,sources/census-2011/c-series/state-mdds/c01-10-bihar.xls,b00824a538230226,census-c01-extract-v1.1.0-20260527T234036Z,C0101,10,209,00000,000000,District - Araria,rural,muslim,males,591922
census-india-2011,sources/census-2011/c-series/state-mdds/c01-10-bihar.xls,b00824a538230226,census-c01-extract-v1.1.0-20260527T234036Z,C0101,10,209,00000,000000,District - Araria,rural,muslim,females,552268
census-india-2011,sources/census-2011/c-series/state-mdds/c01-10-bihar.xls,b00824a538230226,census-c01-extract-v1.1.0-20260527T234036Z,C0101,10,209,00000,000000,District - Araria,rural,christian,persons,3970
census-india-2011,sources/census-2011/c-series/state-mdds/c01-10-bihar.xls,b00824a538230226,census-c01-extract-v1.1.0-20260527T234036Z,C0101,10,209,00000,000000,District - Araria,rural,christian,males,2071
census-india-2011,sources/census-2011/c-series/state-mdds/c01-10-bihar.xls,b00824a538230226,census-c01-extract-v1.1.0-20260527T234036Z,C0101,10,209,00000,000000,District - Araria,rural,christian,females,1899
census-india-2011,sources/census-2011/c-series/state-mdds/c01-10-bihar.xls,b00824a538230226,census-c01-extract-v1.1.0-20260527T234036Z,C0101,10,209,00000,000000,District - Araria,rural,sikh,persons,348
census-india-2011,sources/census-2011/c-series/state-mdds/c01-10-bihar.xls,b00824a538230226,census-c01-extract-v1.1.0-20260527T234036Z,C0101,10,209,00000,000000,District - Araria,rural,sikh,males,198
census-india-2011,sources/census-2011/c-series/state-mdds/c01-10-bihar.xls,b00824a538230226,census-c01-extract-v1.1.0-20260527T234036Z,C0101,10,209,00000,000000,District - Araria,rural,sikh,females,150
census-india-2011,sources/census-2011/c-series/state-mdds/c01-10-bihar.xls,b00824a538230226,census-c01-extract-v1.1.0-20260527T234036Z,C0101,10,209,00000,000000,District - Araria,rural,buddhist,persons,181
census-india-2011,sources/census-2011/c-series/state-mdds/c01-10-bihar.xls,b00824a538230226,census-c01-extract-v1.1.0-20260527T234036Z,C0101,10,209,00000,000000,District - Araria,rural,buddhist,males,132
census-india-2011,sources/census-2011/c-series/state-mdds/c01-10-bihar.xls,b00824a538230226,census-c01-extract-v1.1.0-20260527T234036Z,C0101,10,209,00000,000000,District - Araria,rural,buddhist,females,49
census-india-2011,sources/census-2011/c-series/state-mdds/c01-10-bihar.xls,b00824a538230226,census-c01-extract-v1.1.0-20260527T234036Z,C0101,10,209,00000,000000,District - Araria,rural,jain,persons,375
census-india-2011,sources/census-2011/c-series/state-mdds/c01-10-bihar.xls,b00824a538230226,census-c01-extract-v1.1.0-20260527T234036Z,C0101,10,209,00000,000000,District - Araria,rural,jain,males,206
census-india-2011,sources/census-2011/c-series/state-mdds/c01-10-bihar.xls,b00824a538230226,census-c01-extract-v1.1.0-20260527T234036Z,C0101,10,209,00000,000000,District - Araria,rural,jain,females,169
census-india-2011,sources/census-2011/c-series/state-mdds/c01-10-bihar.xls,b00824a538230226,census-c01-extract-v1.1.0-20260527T234036Z,C0101,10,209,00000,000000,District - Araria,rural,other,persons,50
census-india-2011,sources/census-2011/c-series/state-mdds/c01-10-bihar.xls,b00824a538230226,census-c01-extract-v1.1.0-20260527T234036Z,C0101,10,209,00000,000000,District - Araria,rural,other,males,28
census-india-2011,sources/census-2011/c-series/state-mdds/c01-10-bihar.xls,b00824a538230226,census-c01-extract-v1.1.0-20260527T234036Z,C0101,10,209,00000,000000,District - Araria,rural,other,females,22
census-india-2011,sources/census-2011/c-series/state-mdds/c01-10-bihar.xls,b00824a538230226,census-c01-extract-v1.1.0-20260527T234036Z,C0101,10,209,00000,000000,District - Araria,rural,not_stated,persons,3752
census-india-2011,sources/census-2011/c-series/state-mdds/c01-10-bihar.xls,b00824a538230226,census-c01-extract-v1.1.0-20260527T234036Z,C0101,10,209,00000,000000,District - Araria,rural,not_stated,males,1949
census-india-2011,sources/census-2011/c-series/state-mdds/c01-10-bihar.xls,b00824a538230226,census-c01-extract-v1.1.0-20260527T234036Z,C0101,10,209,00000,000000,District - Araria,rural,not_stated,females,1803
census-india-2011,sources/census-2011/c-series/state-mdds/c01-10-bihar.xls,b00824a538230226,census-c01-extract-v1.1.0-20260527T234036Z,C0101,10,209,00000,000000,District - Araria,urban,all,persons,168777
census-india-2011,sources/census-2011/c-series/state-mdds/c01-10-bihar.xls,b00824a538230226,census-c01-extract-v1.1.0-20260527T234036Z,C0101,10,209,00000,000000,District - Araria,urban,all,males,89079
census-india-2011,sources/census-2011/c-series/state-mdds/c01-10-bihar.xls,b00824a538230226,census-c01-extract-v1.1.0-20260527T234036Z,C0101,10,209,00000,000000,District - Araria,urban,all,females,79698
census-india-2011,sources/census-2011/c-series/state-mdds/c01-10-bihar.xls,b00824a538230226,census-c01-extract-v1.1.0-20260527T234036Z,C0101,10,209,00000,000000,District - Araria,urban,hindu,persons,103599
census-india-2011,sources/census-2011/c-series/state-mdds/c01-10-bihar.xls,b00824a538230226,census-c01-extract-v1.1.0-20260527T234036Z,C0101,10,209,00000,000000,District - Araria,urban,hindu,males,55115
census-india-2011,sources/census-2011/c-series/state-mdds/c01-10-bihar.xls,b00824a538230226,census-c01-extract-v1.1.0-20260527T234036Z,C0101,10,209,00000,000000,District - Araria,urban,hindu,females,48484
census-india-2011,sources/census-2011/c-series/state-mdds/c01-10-bihar.xls,b00824a538230226,census-c01-extract-v1.1.0-20260527T234036Z,C0101,10,209,00000,000000,District - Araria,urban,muslim,persons,63252
census-india-2011,sources/census-2011/c-series/state-mdds/c01-10-bihar.xls,b00824a538230226,census-c01-extract-v1.1.0-20260527T234036Z,C0101,10,209,00000,000000,District - Araria,urban,muslim,males,32965
census-india-2011,sources/census-2011/c-series/state-mdds/c01-10-bihar.xls,b00824a538230226,census-c01-extract-v1.1.0-20260527T234036Z,C0101,10,209,00000,000000,District - Araria,urban,muslim,females,30287
census-india-2011,sources/census-2011/c-series/state-mdds/c01-10-bihar.xls,b00824a538230226,census-c01-extract-v1.1.0-20260527T234036Z,C0101,10,209,00000,000000,District - Araria,urban,christian,persons,146
census-india-2011,sources/census-2011/c-series/state-mdds/c01-10-bihar.xls,b00824a538230226,census-c01-extract-v1.1.0-20260527T234036Z,C0101,10,209,00000,000000,District - Araria,urban,christian,males,87
census-india-2011,sources/census-2011/c-series/state-mdds/c01-10-bihar.xls,b00824a538230226,census-c01-extract-v1.1.0-20260527T234036Z,C0101,10,209,00000,000000,District - Araria,urban,christian,females,59
census-india-2011,sources/census-2011/c-series/state-mdds/c01-10-bihar.xls,b00824a538230226,census-c01-extract-v1.1.0-20260527T234036Z,C0101,10,209,00000,000000,District - Araria,urban,sikh,persons,23
census-india-2011,sources/census-2011/c-series/state-mdds/c01-10-bihar.xls,b00824a538230226,census-c01-extract-v1.1.0-20260527T234036Z,C0101,10,209,00000,000000,District - Araria,urban,sikh,males,13
census-india-2011,sources/census-2011/c-series/state-mdds/c01-10-bihar.xls,b00824a538230226,census-c01-extract-v1.1.0-20260527T234036Z,C0101,10,209,00000,000000,District - Araria,urban,sikh,females,10
census-india-2011,sources/census-2011/c-series/state-mdds/c01-10-bihar.xls,b00824a538230226,census-c01-extract-v1.1.0-20260527T234036Z,C0101,10,209,00000,000000,District - Araria,urban,buddhist,persons,6
census-india-2011,sources/census-2011/c-series/state-mdds/c01-10-bihar.xls,b00824a538230226,census-c01-extract-v1.1.0-20260527T234036Z,C0101,10,209,00000,000000,District - Araria,urban,buddhist,males,4
census-india-2011,sources/census-2011/c-series/state-mdds/c01-10-bihar.xls,b00824a538230226,census-c01-extract-v1.1.0-20260527T234036Z,C0101,10,209,00000,000000,District - Araria,urban,buddhist,females,2
census-india-2011,sources/census-2011/c-series/state-mdds/c01-10-bihar.xls,b00824a538230226,census-c01-extract-v1.1.0-20260527T234036Z,C0101,10,209,00000,000000,District - Araria,urban,jain,persons,1535
census-india-2011,sources/census-2011/c-series/state-mdds/c01-10-bihar.xls,b00824a538230226,census-c01-extract-v1.1.0-20260527T234036Z,C0101,10,209,00000,000000,District - Araria,urban,jain,males,779
census-india-2011,sources/census-2011/c-series/state-mdds/c01-10-bihar.xls,b00824a538230226,census-c01-extract-v1.1.0-20260527T234036Z,C0101,10,209,00000,000000,District - Araria,urban,jain,females,756
census-india-2011,sources/census-2011/c-series/state-mdds/c01-10-bihar.xls,b00824a538230226,census-c01-extract-v1.1.0-20260527T234036Z,C0101,10,209,00000,000000,District - Araria,urban,other,persons,13
census-india-2011,sources/census-2011/c-series/state-mdds/c01-10-bihar.xls,b00824a538230226,census-c01-extract-v1.1.0-20260527T234036Z,C0101,10,209,00000,000000,District - Araria,urban,other,males,7
census-india-2011,sources/census-2011/c-series/state-mdds/c01-10-bihar.xls,b00824a538230226,census-c01-extract-v1.1.0-20260527T234036Z,C0101,10,209,00000,000000,District - Araria,urban,other,females,6
census-india-2011,sources/census-2011/c-series/state-mdds/c01-10-bihar.xls,b00824a538230226,census-c01-extract-v1.1.0-20260527T234036Z,C0101,10,209,00000,000000,District - Araria,urban,not_stated,persons,203
census-india-2011,sources/census-2011/c-series/state-mdds/c01-10-bihar.xls,b00824a538230226,census-c01-extract-v1.1.0-20260527T234036Z,C0101,10,209,00000,000000,District - Araria,urban,not_stated,males,109
census-india-2011,sources/census-2011/c-series/state-mdds/c01-10-bihar.xls,b00824a538230226,census-c01-extract-v1.1.0-20260527T234036Z,C0101,10,209,00000,000000,District - Araria,urban,not_stated,females,94
census-india-2011,sources/census-2011/c-series/state-mdds/c01-10-bihar.xls,b00824a538230226,census-c01-extract-v1.1.0-20260527T234036Z,C0101,10,210,00000,000000,District - Kishanganj,total,all,persons,1690400
census-india-2011,sources/census-2011/c-series/state-mdds/c01-10-bihar.xls,b00824a538230226,census-c01-extract-v1.1.0-20260527T234036Z,C0101,10,210,00000,000000,District - Kishanganj,total,all,males,866970
census-india-2011,sources/census-2011/c-series/state-mdds/c01-10-bihar.xls,b00824a538230226,census-c01-extract-v1.1.0-20260527T234036Z,C0101,10,210,00000,000000,District - Kishanganj,total,all,females,823430
census-india-2011,sources/census-2011/c-series/state-mdds/c01-10-bihar.xls,b00824a538230226,census-c01-extract-v1.1.0-20260527T234036Z,C0101,10,210,00000,000000,District - Kishanganj,total,hindu,persons,531236
census-india-2011,sources/census-2011/c-series/state-mdds/c01-10-bihar.xls,b00824a538230226,census-c01-extract-v1.1.0-20260527T234036Z,C0101,10,210,00000,000000,District - Kishanganj,total,hindu,males,274822
census-india-2011,sources/census-2011/c-series/state-mdds/c01-10-bihar.xls,b00824a538230226,census-c01-extract-v1.1.0-20260527T234036Z,C0101,10,210,00000,000000,District - Kishanganj,total,hindu,females,256414
census-india-2011,sources/census-2011/c-series/state-mdds/c01-10-bihar.xls,b00824a538230226,census-c01-extract-v1.1.0-20260527T234036Z,C0101,10,210,00000,000000,District - Kishanganj,total,muslim,persons,1149095
census-india-2011,sources/census-2011/c-series/state-mdds/c01-10-bihar.xls,b00824a538230226,census-c01-extract-v1.1.0-20260527T234036Z,C0101,10,210,00000,000000,District - Kishanganj,total,muslim,males,586992
census-india-2011,sources/census-2011/c-series/state-mdds/c01-10-bihar.xls,b00824a538230226,census-c01-extract-v1.1.0-20260527T234036Z,C0101,10,210,00000,000000,District - Kishanganj,total,muslim,females,562103
census-india-2011,sources/census-2011/c-series/state-mdds/c01-10-bihar.xls,b00824a538230226,census-c01-extract-v1.1.0-20260527T234036Z,C0101,10,210,00000,000000,District - Kishanganj,total,christian,persons,5783
census-india-2011,sources/census-2011/c-series/state-mdds/c01-10-bihar.xls,b00824a538230226,census-c01-extract-v1.1.0-20260527T234036Z,C0101,10,210,00000,000000,District - Kishanganj,total,christian,males,2933
census-india-2011,sources/census-2011/c-series/state-mdds/c01-10-bihar.xls,b00824a538230226,census-c01-extract-v1.1.0-20260527T234036Z,C0101,10,210,00000,000000,District - Kishanganj,total,christian,females,2850
census-india-2011,sources/census-2011/c-series/state-mdds/c01-10-bihar.xls,b00824a538230226,census-c01-extract-v1.1.0-20260527T234036Z,C0101,10,210,00000,000000,District - Kishanganj,total,sikh,persons,398
census-india-2011,sources/census-2011/c-series/state-mdds/c01-10-bihar.xls,b00824a538230226,census-c01-extract-v1.1.0-20260527T234036Z,C0101,10,210,00000,000000,District - Kishanganj,total,sikh,males,216
census-india-2011,sources/census-2011/c-series/state-mdds/c01-10-bihar.xls,b00824a538230226,census-c01-extract-v1.1.0-20260527T234036Z,C0101,10,210,00000,000000,District - Kishanganj,total,sikh,females,182
census-india-2011,sources/census-2011/c-series/state-mdds/c01-10-bihar.xls,b00824a538230226,census-c01-extract-v1.1.0-20260527T234036Z,C0101,10,210,00000,000000,District - Kishanganj,total,buddhist,persons,183
census-india-2011,sources/census-2011/c-series/state-mdds/c01-10-bihar.xls,b00824a538230226,census-c01-extract-v1.1.0-20260527T234036Z,C0101,10,210,00000,000000,District - Kishanganj,total,buddhist,males,102
census-india-2011,sources/census-2011/c-series/state-mdds/c01-10-bihar.xls,b00824a538230226,census-c01-extract-v1.1.0-20260527T234036Z,C0101,10,210,00000,000000,District - Kishanganj,total,buddhist,females,81
census-india-2011,sources/census-2011/c-series/state-mdds/c01-10-bihar.xls,b00824a538230226,census-c01-extract-v1.1.0-20260527T234036Z,C0101,10,210,00000,000000,District - Kishanganj,total,jain,persons,1476
census-india-2011,sources/census-2011/c-series/state-mdds/c01-10-bihar.xls,b00824a538230226,census-c01-extract-v1.1.0-20260527T234036Z,C0101,10,210,00000,000000,District - Kishanganj,total,jain,males,755
census-india-2011,sources/census-2011/c-series/state-mdds/c01-10-bihar.xls,b00824a538230226,census-c01-extract-v1.1.0-20260527T234036Z,C0101,10,210,00000,000000,District - Kishanganj,total,jain,females,721
census-india-2011,sources/census-2011/c-series/state-mdds/c01-10-bihar.xls,b00824a538230226,census-c01-extract-v1.1.0-20260527T234036Z,C0101,10,210,00000,000000,District - Kishanganj,total,other,persons,28
census-india-2011,sources/census-2011/c-series/state-mdds/c01-10-bihar.xls,b00824a538230226,census-c01-extract-v1.1.0-20260527T234036Z,C0101,10,210,00000,000000,District - Kishanganj,total,other,males,13
census-india-2011,sources/census-2011/c-series/state-mdds/c01-10-bihar.xls,b00824a538230226,census-c01-extract-v1.1.0-20260527T234036Z,C0101,10,210,00000,000000,District - Kishanganj,total,other,females,15
census-india-2011,sources/census-2011/c-series/state-mdds/c01-10-bihar.xls,b00824a538230226,census-c01-extract-v1.1.0-20260527T234036Z,C0101,10,210,00000,000000,District - Kishanganj,total,not_stated,persons,2201
census-india-2011,sources/census-2011/c-series/state-mdds/c01-10-bihar.xls,b00824a538230226,census-c01-extract-v1.1.0-20260527T234036Z,C0101,10,210,00000,000000,District - Kishanganj,total,not_stated,males,1137
census-india-2011,sources/census-2011/c-series/state-mdds/c01-10-bihar.xls,b00824a538230226,census-c01-extract-v1.1.0-20260527T234036Z,C0101,10,210,00000,000000,District - Kishanganj,total,not_stated,females,1064
census-india-2011,sources/census-2011/c-series/state-mdds/c01-10-bihar.xls,b00824a538230226,census-c01-extract-v1.1.0-20260527T234036Z,C0101,10,210,00000,000000,District - Kishanganj,rural,all,persons,1529277
census-india-2011,sources/census-2011/c-series/state-mdds/c01-10-bihar.xls,b00824a538230226,census-c01-extract-v1.1.0-20260527T234036Z,C0101,10,210,00000,000000,District - Kishanganj,rural,all,males,783318
census-india-2011,sources/census-2011/c-series/state-mdds/c01-10-bihar.xls,b00824a538230226,census-c01-extract-v1.1.0-20260527T234036Z,C0101,10,210,00000,000000,District - Kishanganj,rural,all,females,745959
census-india-2011,sources/census-2011/c-series/state-mdds/c01-10-bihar.xls,b00824a538230226,census-c01-extract-v1.1.0-20260527T234036Z,C0101,10,210,00000,000000,District - Kishanganj,rural,hindu,persons,446264
census-india-2011,sources/census-2011/c-series/state-mdds/c01-10-bihar.xls,b00824a538230226,census-c01-extract-v1.1.0-20260527T234036Z,C0101,10,210,00000,000000,District - Kishanganj,rural,hindu,males,230362
census-india-2011,sources/census-2011/c-series/state-mdds/c01-10-bihar.xls,b00824a538230226,census-c01-extract-v1.1.0-20260527T234036Z,C0101,10,210,00000,000000,District - Kishanganj,rural,hindu,females,215902
census-india-2011,sources/census-2011/c-series/state-mdds/c01-10-bihar.xls,b00824a538230226,census-c01-extract-v1.1.0-20260527T234036Z,C0101,10,210,00000,000000,District - Kishanganj,rural,muslim,persons,1075603
census-india-2011,sources/census-2011/c-series/state-mdds/c01-10-bihar.xls,b00824a538230226,census-c01-extract-v1.1.0-20260527T234036Z,C0101,10,210,00000,000000,District - Kishanganj,rural,muslim,males,549169
census-india-2011,sources/census-2011/c-series/state-mdds/c01-10-bihar.xls,b00824a538230226,census-c01-extract-v1.1.0-20260527T234036Z,C0101,10,210,00000,000000,District - Kishanganj,rural,muslim,females,526434
census-india-2011,sources/census-2011/c-series/state-mdds/c01-10-bihar.xls,b00824a538230226,census-c01-extract-v1.1.0-20260527T234036Z,C0101,10,210,00000,000000,District - Kishanganj,rural,christian,persons,5174
census-india-2011,sources/census-2011/c-series/state-mdds/c01-10-bihar.xls,b00824a538230226,census-c01-extract-v1.1.0-20260527T234036Z,C0101,10,210,00000,000000,District - Kishanganj,rural,christian,males,2631
census-india-2011,sources/census-2011/c-series/state-mdds/c01-10-bihar.xls,b00824a538230226,census-c01-extract-v1.1.0-20260527T234036Z,C0101,10,210,00000,000000,District - Kishanganj,rural,christian,females,2543
census-india-2011,sources/census-2011/c-series/state-mdds/c01-10-bihar.xls,b00824a538230226,census-c01-extract-v1.1.0-20260527T234036Z,C0101,10,210,00000,000000,District - Kishanganj,rural,sikh,persons,124
census-india-2011,sources/census-2011/c-series/state-mdds/c01-10-bihar.xls,b00824a538230226,census-c01-extract-v1.1.0-20260527T234036Z,C0101,10,210,00000,000000,District - Kishanganj,rural,sikh,males,64
census-india-2011,sources/census-2011/c-series/state-mdds/c01-10-bihar.xls,b00824a538230226,census-c01-extract-v1.1.0-20260527T234036Z,C0101,10,210,00000,000000,District - Kishanganj,rural,sikh,females,60
census-india-2011,sources/census-2011/c-series/state-mdds/c01-10-bihar.xls,b00824a538230226,census-c01-extract-v1.1.0-20260527T234036Z,C0101,10,210,00000,000000,District - Kishanganj,rural,buddhist,persons,161
census-india-2011,sources/census-2011/c-series/state-mdds/c01-10-bihar.xls,b00824a538230226,census-c01-extract-v1.1.0-20260527T234036Z,C0101,10,210,00000,000000,District - Kishanganj,rural,buddhist,males,89
census-india-2011,sources/census-2011/c-series/state-mdds/c01-10-bihar.xls,b00824a538230226,census-c01-extract-v1.1.0-20260527T234036Z,C0101,10,210,00000,000000,District - Kishanganj,rural,buddhist,females,72
census-india-2011,sources/census-2011/c-series/state-mdds/c01-10-bihar.xls,b00824a538230226,census-c01-extract-v1.1.0-20260527T234036Z,C0101,10,210,00000,000000,District - Kishanganj,rural,jain,persons,123
census-india-2011,sources/census-2011/c-series/state-mdds/c01-10-bihar.xls,b00824a538230226,census-c01-extract-v1.1.0-20260527T234036Z,C0101,10,210,00000,000000,District - Kishanganj,rural,jain,males,67
census-india-2011,sources/census-2011/c-series/state-mdds/c01-10-bihar.xls,b00824a538230226,census-c01-extract-v1.1.0-20260527T234036Z,C0101,10,210,00000,000000,District - Kishanganj,rural,jain,females,56
census-india-2011,sources/census-2011/c-series/state-mdds/c01-10-bihar.xls,b00824a538230226,census-c01-extract-v1.1.0-20260527T234036Z,C0101,10,210,00000,000000,District - Kishanganj,rural,other,persons,23
census-india-2011,sources/census-2011/c-series/state-mdds/c01-10-bihar.xls,b00824a538230226,census-c01-extract-v1.1.0-20260527T234036Z,C0101,10,210,00000,000000,District - Kishanganj,rural,other,males,10
census-india-2011,sources/census-2011/c-series/state-mdds/c01-10-bihar.xls,b00824a538230226,census-c01-extract-v1.1.0-20260527T234036Z,C0101,10,210,00000,000000,District - Kishanganj,rural,other,females,13
census-india-2011,sources/census-2011/c-series/state-mdds/c01-10-bihar.xls,b00824a538230226,census-c01-extract-v1.1.0-20260527T234036Z,C0101,10,210,00000,000000,District - Kishanganj,rural,not_stated,persons,1805
census-india-2011,sources/census-2011/c-series/state-mdds/c01-10-bihar.xls,b00824a538230226,census-c01-extract-v1.1.0-20260527T234036Z,C0101,10,210,00000,000000,District - Kishanganj,rural,not_stated,males,926
census-india-2011,sources/census-2011/c-series/state-mdds/c01-10-bihar.xls,b00824a538230226,census-c01-extract-v1.1.0-20260527T234036Z,C0101,10,210,00000,000000,District - Kishanganj,rural,not_stated,females,879
census-india-2011,sources/census-2011/c-series/state-mdds/c01-10-bihar.xls,b00824a538230226,census-c01-extract-v1.1.0-20260527T234036Z,C0101,10,210,00000,000000,District - Kishanganj,urban,all,persons,161123
census-india-2011,sources/census-2011/c-series/state-mdds/c01-10-bihar.xls,b00824a538230226,census-c01-extract-v1.1.0-20260527T234036Z,C0101,10,210,00000,000000,District - Kishanganj,urban,all,males,83652
census-india-2011,sources/census-2011/c-series/state-mdds/c01-10-bihar.xls,b00824a538230226,census-c01-extract-v1.1.0-20260527T234036Z,C0101,10,210,00000,000000,District - Kishanganj,urban,all,females,77471
census-india-2011,sources/census-2011/c-series/state-mdds/c01-10-bihar.xls,b00824a538230226,census-c01-extract-v1.1.0-20260527T234036Z,C0101,10,210,00000,000000,District - Kishanganj,urban,hindu,persons,84972
census-india-2011,sources/census-2011/c-series/state-mdds/c01-10-bihar.xls,b00824a538230226,census-c01-extract-v1.1.0-20260527T234036Z,C0101,10,210,00000,000000,District - Kishanganj,urban,hindu,males,44460
census-india-2011,sources/census-2011/c-series/state-mdds/c01-10-bihar.xls,b00824a538230226,census-c01-extract-v1.1.0-20260527T234036Z,C0101,10,210,00000,000000,District - Kishanganj,urban,hindu,females,40512
census-india-2011,sources/census-2011/c-series/state-mdds/c01-10-bihar.xls,b00824a538230226,census-c01-extract-v1.1.0-20260527T234036Z,C0101,10,210,00000,000000,District - Kishanganj,urban,muslim,persons,73492
census-india-2011,sources/census-2011/c-series/state-mdds/c01-10-bihar.xls,b00824a538230226,census-c01-extract-v1.1.0-20260527T234036Z,C0101,10,210,00000,000000,District - Kishanganj,urban,muslim,males,37823
census-india-2011,sources/census-2011/c-series/state-mdds/c01-10-bihar.xls,b00824a538230226,census-c01-extract-v1.1.0-20260527T234036Z,C0101,10,210,00000,000000,District - Kishanganj,urban,muslim,females,35669
census-india-2011,sources/census-2011/c-series/state-mdds/c01-10-bihar.xls,b00824a538230226,census-c01-extract-v1.1.0-20260527T234036Z,C0101,10,210,00000,000000,District - Kishanganj,urban,christian,persons,609
census-india-2011,sources/census-2011/c-series/state-mdds/c01-10-bihar.xls,b00824a538230226,census-c01-extract-v1.1.0-20260527T234036Z,C0101,10,210,00000,000000,District - Kishanganj,urban,christian,males,302
census-india-2011,sources/census-2011/c-series/state-mdds/c01-10-bihar.xls,b00824a538230226,census-c01-extract-v1.1.0-20260527T234036Z,C0101,10,210,00000,000000,District - Kishanganj,urban,christian,females,307
census-india-2011,sources/census-2011/c-series/state-mdds/c01-10-bihar.xls,b00824a538230226,census-c01-extract-v1.1.0-20260527T234036Z,C0101,10,210,00000,000000,District - Kishanganj,urban,sikh,persons,274
census-india-2011,sources/census-2011/c-series/state-mdds/c01-10-bihar.xls,b00824a538230226,census-c01-extract-v1.1.0-20260527T234036Z,C0101,10,210,00000,000000,District - Kishanganj,urban,sikh,males,152
census-india-2011,sources/census-2011/c-series/state-mdds/c01-10-bihar.xls,b00824a538230226,census-c01-extract-v1.1.0-20260527T234036Z,C0101,10,210,00000,000000,District - Kishanganj,urban,sikh,females,122
census-india-2011,sources/census-2011/c-series/state-mdds/c01-10-bihar.xls,b00824a538230226,census-c01-extract-v1.1.0-20260527T234036Z,C0101,10,210,00000,000000,District - Kishanganj,urban,buddhist,persons,22
census-india-2011,sources/census-2011/c-series/state-mdds/c01-10-bihar.xls,b00824a538230226,census-c01-extract-v1.1.0-20260527T234036Z,C0101,10,210,00000,000000,District - Kishanganj,urban,buddhist,males,13
census-india-2011,sources/census-2011/c-series/state-mdds/c01-10-bihar.xls,b00824a538230226,census-c01-extract-v1.1.0-20260527T234036Z,C0101,10,210,00000,000000,District - Kishanganj,urban,buddhist,females,9
census-india-2011,sources/census-2011/c-series/state-mdds/c01-10-bihar.xls,b00824a538230226,census-c01-extract-v1.1.0-20260527T234036Z,C0101,10,210,00000,000000,District - Kishanganj,urban,jain,persons,1353
census-india-2011,sources/census-2011/c-series/state-mdds/c01-10-bihar.xls,b00824a538230226,census-c01-extract-v1.1.0-20260527T234036Z,C0101,10,210,00000,000000,District - Kishanganj,urban,jain,males,688
census-india-2011,sources/census-2011/c-series/state-mdds/c01-10-bihar.xls,b00824a538230226,census-c01-extract-v1.1.0-20260527T234036Z,C0101,10,210,00000,000000,District - Kishanganj,urban,jain,females,665
census-india-2011,sources/census-2011/c-series/state-mdds/c01-10-bihar.xls,b00824a538230226,census-c01-extract-v1.1.0-20260527T234036Z,C0101,10,210,00000,000000,District - Kishanganj,urban,other,persons,5
census-india-2011,sources/census-2011/c-series/state-mdds/c01-10-bihar.xls,b00824a538230226,census-c01-extract-v1.1.0-20260527T234036Z,C0101,10,210,00000,000000,District - Kishanganj,urban,other,males,3
census-india-2011,sources/census-2011/c-series/state-mdds/c01-10-bihar.xls,b00824a538230226,census-c01-extract-v1.1.0-20260527T234036Z,C0101,10,210,00000,000000,District - Kishanganj,urban,other,females,2
census-india-2011,sources/census-2011/c-series/state-mdds/c01-10-bihar.xls,b00824a538230226,census-c01-extract-v1.1.0-20260527T234036Z,C0101,10,210,00000,000000,District - Kishanganj,urban,not_stated,persons,396
census-india-2011,sources/census-2011/c-series/state-mdds/c01-10-bihar.xls,b00824a538230226,census-c01-extract-v1.1.0-20260527T234036Z,C0101,10,210,00000,000000,District - Kishanganj,urban,not_stated,males,211
census-india-2011,sources/census-2011/c-series/state-mdds/c01-10-bihar.xls,b00824a538230226,census-c01-extract-v1.1.0-20260527T234036Z,C0101,10,210,00000,000000,District - Kishanganj,urban,not_stated,females,185
census-india-2011,sources/census-2011/c-series/state-mdds/c01-10-bihar.xls,b00824a538230226,census-c01-extract-v1.1.0-20260527T234036Z,C0101,10,211,00000,000000,District - Purnia,total,all,persons,3264619
census-india-2011,sources/census-2011/c-series/state-mdds/c01-10-bihar.xls,b00824a538230226,census-c01-extract-v1.1.0-20260527T234036Z,C0101,10,211,00000,000000,District - Purnia,total,all,males,1699370
census-india-2011,sources/census-2011/c-series/state-mdds/c01-10-bihar.xls,b00824a538230226,census-c01-extract-v1.1.0-20260527T234036Z,C0101,10,211,00000,000000,District - Purnia,total,all,females,1565249
census-india-2011,sources/census-2011/c-series/state-mdds/c01-10-bihar.xls,b00824a538230226,census-c01-extract-v1.1.0-20260527T234036Z,C0101,10,211,00000,000000,District - Purnia,total,hindu,persons,1989420
census-india-2011,sources/census-2011/c-series/state-mdds/c01-10-bihar.xls,b00824a538230226,census-c01-extract-v1.1.0-20260527T234036Z,C0101,10,211,00000,000000,District - Purnia,total,hindu,males,1039933
census-india-2011,sources/census-2011/c-series/state-mdds/c01-10-bihar.xls,b00824a538230226,census-c01-extract-v1.1.0-20260527T234036Z,C0101,10,211,00000,000000,District - Purnia,total,hindu,females,949487
census-india-2011,sources/census-2011/c-series/state-mdds/c01-10-bihar.xls,b00824a538230226,census-c01-extract-v1.1.0-20260527T234036Z,C0101,10,211,00000,000000,District - Purnia,total,muslim,persons,1255641
census-india-2011,sources/census-2011/c-series/state-mdds/c01-10-bihar.xls,b00824a538230226,census-c01-extract-v1.1.0-20260527T234036Z,C0101,10,211,00000,000000,District - Purnia,total,muslim,males,649398
census-india-2011,sources/census-2011/c-series/state-mdds/c01-10-bihar.xls,b00824a538230226,census-c01-extract-v1.1.0-20260527T234036Z,C0101,10,211,00000,000000,District - Purnia,total,muslim,females,606243
census-india-2011,sources/census-2011/c-series/state-mdds/c01-10-bihar.xls,b00824a538230226,census-c01-extract-v1.1.0-20260527T234036Z,C0101,10,211,00000,000000,District - Purnia,total,christian,persons,7989
census-india-2011,sources/census-2011/c-series/state-mdds/c01-10-bihar.xls,b00824a538230226,census-c01-extract-v1.1.0-20260527T234036Z,C0101,10,211,00000,000000,District - Purnia,total,christian,males,4073
census-india-2011,sources/census-2011/c-series/state-mdds/c01-10-bihar.xls,b00824a538230226,census-c01-extract-v1.1.0-20260527T234036Z,C0101,10,211,00000,000000,District - Purnia,total,christian,females,3916
census-india-2011,sources/census-2011/c-series/state-mdds/c01-10-bihar.xls,b00824a538230226,census-c01-extract-v1.1.0-20260527T234036Z,C0101,10,211,00000,000000,District - Purnia,total,sikh,persons,614
census-india-2011,sources/census-2011/c-series/state-mdds/c01-10-bihar.xls,b00824a538230226,census-c01-extract-v1.1.0-20260527T234036Z,C0101,10,211,00000,000000,District - Purnia,total,sikh,males,325
census-india-2011,sources/census-2011/c-series/state-mdds/c01-10-bihar.xls,b00824a538230226,census-c01-extract-v1.1.0-20260527T234036Z,C0101,10,211,00000,000000,District - Purnia,total,sikh,females,289
census-india-2011,sources/census-2011/c-series/state-mdds/c01-10-bihar.xls,b00824a538230226,census-c01-extract-v1.1.0-20260527T234036Z,C0101,10,211,00000,000000,District - Purnia,total,buddhist,persons,353
census-india-2011,sources/census-2011/c-series/state-mdds/c01-10-bihar.xls,b00824a538230226,census-c01-extract-v1.1.0-20260527T234036Z,C0101,10,211,00000,000000,District - Purnia,total,buddhist,males,196
census-india-2011,sources/census-2011/c-series/state-mdds/c01-10-bihar.xls,b00824a538230226,census-c01-extract-v1.1.0-20260527T234036Z,C0101,10,211,00000,000000,District - Purnia,total,buddhist,females,157
census-india-2011,sources/census-2011/c-series/state-mdds/c01-10-bihar.xls,b00824a538230226,census-c01-extract-v1.1.0-20260527T234036Z,C0101,10,211,00000,000000,District - Purnia,total,jain,persons,1450
census-india-2011,sources/census-2011/c-series/state-mdds/c01-10-bihar.xls,b00824a538230226,census-c01-extract-v1.1.0-20260527T234036Z,C0101,10,211,00000,000000,District - Purnia,total,jain,males,738
census-india-2011,sources/census-2011/c-series/state-mdds/c01-10-bihar.xls,b00824a538230226,census-c01-extract-v1.1.0-20260527T234036Z,C0101,10,211,00000,000000,District - Purnia,total,jain,females,712
census-india-2011,sources/census-2011/c-series/state-mdds/c01-10-bihar.xls,b00824a538230226,census-c01-extract-v1.1.0-20260527T234036Z,C0101,10,211,00000,000000,District - Purnia,total,other,persons,650
census-india-2011,sources/census-2011/c-series/state-mdds/c01-10-bihar.xls,b00824a538230226,census-c01-extract-v1.1.0-20260527T234036Z,C0101,10,211,00000,000000,District - Purnia,total,other,males,332
census-india-2011,sources/census-2011/c-series/state-mdds/c01-10-bihar.xls,b00824a538230226,census-c01-extract-v1.1.0-20260527T234036Z,C0101,10,211,00000,000000,District - Purnia,total,other,females,318
census-india-2011,sources/census-2011/c-series/state-mdds/c01-10-bihar.xls,b00824a538230226,census-c01-extract-v1.1.0-20260527T234036Z,C0101,10,211,00000,000000,District - Purnia,total,not_stated,persons,8502
census-india-2011,sources/census-2011/c-series/state-mdds/c01-10-bihar.xls,b00824a538230226,census-c01-extract-v1.1.0-20260527T234036Z,C0101,10,211,00000,000000,District - Purnia,total,not_stated,males,4375
census-india-2011,sources/census-2011/c-series/state-mdds/c01-10-bihar.xls,b00824a538230226,census-c01-extract-v1.1.0-20260527T234036Z,C0101,10,211,00000,000000,District - Purnia,total,not_stated,females,4127
census-india-2011,sources/census-2011/c-series/state-mdds/c01-10-bihar.xls,b00824a538230226,census-c01-extract-v1.1.0-20260527T234036Z,C0101,10,211,00000,000000,District - Purnia,rural,all,persons,2921614
census-india-2011,sources/census-2011/c-series/state-mdds/c01-10-bihar.xls,b00824a538230226,census-c01-extract-v1.1.0-20260527T234036Z,C0101,10,211,00000,000000,District - Purnia,rural,all,males,1519522
census-india-2011,sources/census-2011/c-series/state-mdds/c01-10-bihar.xls,b00824a538230226,census-c01-extract-v1.1.0-20260527T234036Z,C0101,10,211,00000,000000,District - Purnia,rural,all,females,1402092
census-india-2011,sources/census-2011/c-series/state-mdds/c01-10-bihar.xls,b00824a538230226,census-c01-extract-v1.1.0-20260527T234036Z,C0101,10,211,00000,000000,District - Purnia,rural,hindu,persons,1727633
census-india-2011,sources/census-2011/c-series/state-mdds/c01-10-bihar.xls,b00824a538230226,census-c01-extract-v1.1.0-20260527T234036Z,C0101,10,211,00000,000000,District - Purnia,rural,hindu,males,902096
census-india-2011,sources/census-2011/c-series/state-mdds/c01-10-bihar.xls,b00824a538230226,census-c01-extract-v1.1.0-20260527T234036Z,C0101,10,211,00000,000000,District - Purnia,rural,hindu,females,825537
census-india-2011,sources/census-2011/c-series/state-mdds/c01-10-bihar.xls,b00824a538230226,census-c01-extract-v1.1.0-20260527T234036Z,C0101,10,211,00000,000000,District - Purnia,rural,muslim,persons,1179134
census-india-2011,sources/census-2011/c-series/state-mdds/c01-10-bihar.xls,b00824a538230226,census-c01-extract-v1.1.0-20260527T234036Z,C0101,10,211,00000,000000,District - Purnia,rural,muslim,males,609777
census-india-2011,sources/census-2011/c-series/state-mdds/c01-10-bihar.xls,b00824a538230226,census-c01-extract-v1.1.0-20260527T234036Z,C0101,10,211,00000,000000,District - Purnia,rural,muslim,females,569357
census-india-2011,sources/census-2011/c-series/state-mdds/c01-10-bihar.xls,b00824a538230226,census-c01-extract-v1.1.0-20260527T234036Z,C0101,10,211,00000,000000,District - Purnia,rural,christian,persons,6076
census-india-2011,sources/census-2011/c-series/state-mdds/c01-10-bihar.xls,b00824a538230226,census-c01-extract-v1.1.0-20260527T234036Z,C0101,10,211,00000,000000,District - Purnia,rural,christian,males,3119
census-india-2011,sources/census-2011/c-series/state-mdds/c01-10-bihar.xls,b00824a538230226,census-c01-extract-v1.1.0-20260527T234036Z,C0101,10,211,00000,000000,District - Purnia,rural,christian,females,2957
census-india-2011,sources/census-2011/c-series/state-mdds/c01-10-bihar.xls,b00824a538230226,census-c01-extract-v1.1.0-20260527T234036Z,C0101,10,211,00000,000000,District - Purnia,rural,sikh,persons,274
census-india-2011,sources/census-2011/c-series/state-mdds/c01-10-bihar.xls,b00824a538230226,census-c01-extract-v1.1.0-20260527T234036Z,C0101,10,211,00000,000000,District - Purnia,rural,sikh,males,150
census-india-2011,sources/census-2011/c-series/state-mdds/c01-10-bihar.xls,b00824a538230226,census-c01-extract-v1.1.0-20260527T234036Z,C0101,10,211,00000,000000,District - Purnia,rural,sikh,females,124
census-india-2011,sources/census-2011/c-series/state-mdds/c01-10-bihar.xls,b00824a538230226,census-c01-extract-v1.1.0-20260527T234036Z,C0101,10,211,00000,000000,District - Purnia,rural,buddhist,persons,291
census-india-2011,sources/census-2011/c-series/state-mdds/c01-10-bihar.xls,b00824a538230226,census-c01-extract-v1.1.0-20260527T234036Z,C0101,10,211,00000,000000,District - Purnia,rural,buddhist,males,160
census-india-2011,sources/census-2011/c-series/state-mdds/c01-10-bihar.xls,b00824a538230226,census-c01-extract-v1.1.0-20260527T234036Z,C0101,10,211,00000,000000,District - Purnia,rural,buddhist,females,131
census-india-2011,sources/census-2011/c-series/state-mdds/c01-10-bihar.xls,b00824a538230226,census-c01-extract-v1.1.0-20260527T234036Z,C0101,10,211,00000,000000,District - Purnia,rural,jain,persons,398
census-india-2011,sources/census-2011/c-series/state-mdds/c01-10-bihar.xls,b00824a538230226,census-c01-extract-v1.1.0-20260527T234036Z,C0101,10,211,00000,000000,District - Purnia,rural,jain,males,201
census-india-2011,sources/census-2011/c-series/state-mdds/c01-10-bihar.xls,b00824a538230226,census-c01-extract-v1.1.0-20260527T234036Z,C0101,10,211,00000,000000,District - Purnia,rural,jain,females,197
census-india-2011,sources/census-2011/c-series/state-mdds/c01-10-bihar.xls,b00824a538230226,census-c01-extract-v1.1.0-20260527T234036Z,C0101,10,211,00000,000000,District - Purnia,rural,other,persons,78
census-india-2011,sources/census-2011/c-series/state-mdds/c01-10-bihar.xls,b00824a538230226,census-c01-extract-v1.1.0-20260527T234036Z,C0101,10,211,00000,000000,District - Purnia,rural,other,males,40
census-india-2011,sources/census-2011/c-series/state-mdds/c01-10-bihar.xls,b00824a538230226,census-c01-extract-v1.1.0-20260527T234036Z,C0101,10,211,00000,000000,District - Purnia,rural,other,females,38
census-india-2011,sources/census-2011/c-series/state-mdds/c01-10-bihar.xls,b00824a538230226,census-c01-extract-v1.1.0-20260527T234036Z,C0101,10,211,00000,000000,District - Purnia,rural,not_stated,persons,7730
census-india-2011,sources/census-2011/c-series/state-mdds/c01-10-bihar.xls,b00824a538230226,census-c01-extract-v1.1.0-20260527T234036Z,C0101,10,211,00000,000000,District - Purnia,rural,not_stated,males,3979
census-india-2011,sources/census-2011/c-series/state-mdds/c01-10-bihar.xls,b00824a538230226,census-c01-extract-v1.1.0-20260527T234036Z,C0101,10,211,00000,000000,District - Purnia,rural,not_stated,females,3751
census-india-2011,sources/census-2011/c-series/state-mdds/c01-10-bihar.xls,b00824a538230226,census-c01-extract-v1.1.0-20260527T234036Z,C0101,10,211,00000,000000,District - Purnia,urban,all,persons,343005
census-india-2011,sources/census-2011/c-series/state-mdds/c01-10-bihar.xls,b00824a538230226,census-c01-extract-v1.1.0-20260527T234036Z,C0101,10,211,00000,000000,District - Purnia,urban,all,males,179848
census-india-2011,sources/census-2011/c-series/state-mdds/c01-10-bihar.xls,b00824a538230226,census-c01-extract-v1.1.0-20260527T234036Z,C0101,10,211,00000,000000,District - Purnia,urban,all,females,163157
census-india-2011,sources/census-2011/c-series/state-mdds/c01-10-bihar.xls,b00824a538230226,census-c01-extract-v1.1.0-20260527T234036Z,C0101,10,211,00000,000000,District - Purnia,urban,hindu,persons,261787
census-india-2011,sources/census-2011/c-series/state-mdds/c01-10-bihar.xls,b00824a538230226,census-c01-extract-v1.1.0-20260527T234036Z,C0101,10,211,00000,000000,District - Purnia,urban,hindu,males,137837
census-india-2011,sources/census-2011/c-series/state-mdds/c01-10-bihar.xls,b00824a538230226,census-c01-extract-v1.1.0-20260527T234036Z,C0101,10,211,00000,000000,District - Purnia,urban,hindu,females,123950
census-india-2011,sources/census-2011/c-series/state-mdds/c01-10-bihar.xls,b00824a538230226,census-c01-extract-v1.1.0-20260527T234036Z,C0101,10,211,00000,000000,District - Purnia,urban,muslim,persons,76507
census-india-2011,sources/census-2011/c-series/state-mdds/c01-10-bihar.xls,b00824a538230226,census-c01-extract-v1.1.0-20260527T234036Z,C0101,10,211,00000,000000,District - Purnia,urban,muslim,males,39621
census-india-2011,sources/census-2011/c-series/state-mdds/c01-10-bihar.xls,b00824a538230226,census-c01-extract-v1.1.0-20260527T234036Z,C0101,10,211,00000,000000,District - Purnia,urban,muslim,females,36886
census-india-2011,sources/census-2011/c-series/state-mdds/c01-10-bihar.xls,b00824a538230226,census-c01-extract-v1.1.0-20260527T234036Z,C0101,10,211,00000,000000,District - Purnia,urban,christian,persons,1913
census-india-2011,sources/census-2011/c-series/state-mdds/c01-10-bihar.xls,b00824a538230226,census-c01-extract-v1.1.0-20260527T234036Z,C0101,10,211,00000,000000,District - Purnia,urban,christian,males,954
census-india-2011,sources/census-2011/c-series/state-mdds/c01-10-bihar.xls,b00824a538230226,census-c01-extract-v1.1.0-20260527T234036Z,C0101,10,211,00000,000000,District - Purnia,urban,christian,females,959
census-india-2011,sources/census-2011/c-series/state-mdds/c01-10-bihar.xls,b00824a538230226,census-c01-extract-v1.1.0-20260527T234036Z,C0101,10,211,00000,000000,District - Purnia,urban,sikh,persons,340
census-india-2011,sources/census-2011/c-series/state-mdds/c01-10-bihar.xls,b00824a538230226,census-c01-extract-v1.1.0-20260527T234036Z,C0101,10,211,00000,000000,District - Purnia,urban,sikh,males,175
census-india-2011,sources/census-2011/c-series/state-mdds/c01-10-bihar.xls,b00824a538230226,census-c01-extract-v1.1.0-20260527T234036Z,C0101,10,211,00000,000000,District - Purnia,urban,sikh,females,165
census-india-2011,sources/census-2011/c-series/state-mdds/c01-10-bihar.xls,b00824a538230226,census-c01-extract-v1.1.0-20260527T234036Z,C0101,10,211,00000,000000,District - Purnia,urban,buddhist,persons,62
census-india-2011,sources/census-2011/c-series/state-mdds/c01-10-bihar.xls,b00824a538230226,census-c01-extract-v1.1.0-20260527T234036Z,C0101,10,211,00000,000000,District - Purnia,urban,buddhist,males,36
census-india-2011,sources/census-2011/c-series/state-mdds/c01-10-bihar.xls,b00824a538230226,census-c01-extract-v1.1.0-20260527T234036Z,C0101,10,211,00000,000000,District - Purnia,urban,buddhist,females,26
census-india-2011,sources/census-2011/c-series/state-mdds/c01-10-bihar.xls,b00824a538230226,census-c01-extract-v1.1.0-20260527T234036Z,C0101,10,211,00000,000000,District - Purnia,urban,jain,persons,1052
census-india-2011,sources/census-2011/c-series/state-mdds/c01-10-bihar.xls,b00824a538230226,census-c01-extract-v1.1.0-20260527T234036Z,C0101,10,211,00000,000000,District - Purnia,urban,jain,males,537
census-india-2011,sources/census-2011/c-series/state-mdds/c01-10-bihar.xls,b00824a538230226,census-c01-extract-v1.1.0-20260527T234036Z,C0101,10,211,00000,000000,District - Purnia,urban,jain,females,515
census-india-2011,sources/census-2011/c-series/state-mdds/c01-10-bihar.xls,b00824a538230226,census-c01-extract-v1.1.0-20260527T234036Z,C0101,10,211,00000,000000,District - Purnia,urban,other,persons,572
census-india-2011,sources/census-2011/c-series/state-mdds/c01-10-bihar.xls,b00824a538230226,census-c01-extract-v1.1.0-20260527T234036Z,C0101,10,211,00000,000000,District - Purnia,urban,other,males,292
census-india-2011,sources/census-2011/c-series/state-mdds/c01-10-bihar.xls,b00824a538230226,census-c01-extract-v1.1.0-20260527T234036Z,C0101,10,211,00000,000000,District - Purnia,urban,other,females,280
census-india-2011,sources/census-2011/c-series/state-mdds/c01-10-bihar.xls,b00824a538230226,census-c01-extract-v1.1.0-20260527T234036Z,C0101,10,211,00000,000000,District - Purnia,urban,not_stated,persons,772
census-india-2011,sources/census-2011/c-series/state-mdds/c01-10-bihar.xls,b00824a538230226,census-c01-extract-v1.1.0-20260527T234036Z,C0101,10,211,00000,000000,District - Purnia,urban,not_stated,males,396
census-india-2011,sources/census-2011/c-series/state-mdds/c01-10-bihar.xls,b00824a538230226,census-c01-extract-v1.1.0-20260527T234036Z,C0101,10,211,00000,000000,District - Purnia,urban,not_stated,females,376
census-india-2011,sources/census-2011/c-series/state-mdds/c01-10-bihar.xls,b00824a538230226,census-c01-extract-v1.1.0-20260527T234036Z,C0101,10,212,00000,000000,District - Katihar,total,all,persons,3071029
census-india-2011,sources/census-2011/c-series/state-mdds/c01-10-bihar.xls,b00824a538230226,census-c01-extract-v1.1.0-20260527T234036Z,C0101,10,212,00000,000000,District - Katihar,total,all,males,1600430
census-india-2011,sources/census-2011/c-series/state-mdds/c01-10-bihar.xls,b00824a538230226,census-c01-extract-v1.1.0-20260527T234036Z,C0101,10,212,00000,000000,District - Katihar,total,all,females,1470599
census-india-2011,sources/census-2011/c-series/state-mdds/c01-10-bihar.xls,b00824a538230226,census-c01-extract-v1.1.0-20260527T234036Z,C0101,10,212,00000,000000,District - Katihar,total,hindu,persons,1684589
census-india-2011,sources/census-2011/c-series/state-mdds/c01-10-bihar.xls,b00824a538230226,census-c01-extract-v1.1.0-20260527T234036Z,C0101,10,212,00000,000000,District - Katihar,total,hindu,males,881050
census-india-2011,sources/census-2011/c-series/state-mdds/c01-10-bihar.xls,b00824a538230226,census-c01-extract-v1.1.0-20260527T234036Z,C0101,10,212,00000,000000,District - Katihar,total,hindu,females,803539
census-india-2011,sources/census-2011/c-series/state-mdds/c01-10-bihar.xls,b00824a538230226,census-c01-extract-v1.1.0-20260527T234036Z,C0101,10,212,00000,000000,District - Katihar,total,muslim,persons,1365645
census-india-2011,sources/census-2011/c-series/state-mdds/c01-10-bihar.xls,b00824a538230226,census-c01-extract-v1.1.0-20260527T234036Z,C0101,10,212,00000,000000,District - Katihar,total,muslim,males,708752
census-india-2011,sources/census-2011/c-series/state-mdds/c01-10-bihar.xls,b00824a538230226,census-c01-extract-v1.1.0-20260527T234036Z,C0101,10,212,00000,000000,District - Katihar,total,muslim,females,656893
census-india-2011,sources/census-2011/c-series/state-mdds/c01-10-bihar.xls,b00824a538230226,census-c01-extract-v1.1.0-20260527T234036Z,C0101,10,212,00000,000000,District - Katihar,total,christian,persons,8659
census-india-2011,sources/census-2011/c-series/state-mdds/c01-10-bihar.xls,b00824a538230226,census-c01-extract-v1.1.0-20260527T234036Z,C0101,10,212,00000,000000,District - Katihar,total,christian,males,4432
census-india-2011,sources/census-2011/c-series/state-mdds/c01-10-bihar.xls,b00824a538230226,census-c01-extract-v1.1.0-20260527T234036Z,C0101,10,212,00000,000000,District - Katihar,total,christian,females,4227
census-india-2011,sources/census-2011/c-series/state-mdds/c01-10-bihar.xls,b00824a538230226,census-c01-extract-v1.1.0-20260527T234036Z,C0101,10,212,00000,000000,District - Katihar,total,sikh,persons,2754
census-india-2011,sources/census-2011/c-series/state-mdds/c01-10-bihar.xls,b00824a538230226,census-c01-extract-v1.1.0-20260527T234036Z,C0101,10,212,00000,000000,District - Katihar,total,sikh,males,1489
census-india-2011,sources/census-2011/c-series/state-mdds/c01-10-bihar.xls,b00824a538230226,census-c01-extract-v1.1.0-20260527T234036Z,C0101,10,212,00000,000000,District - Katihar,total,sikh,females,1265
census-india-2011,sources/census-2011/c-series/state-mdds/c01-10-bihar.xls,b00824a538230226,census-c01-extract-v1.1.0-20260527T234036Z,C0101,10,212,00000,000000,District - Katihar,total,buddhist,persons,212
census-india-2011,sources/census-2011/c-series/state-mdds/c01-10-bihar.xls,b00824a538230226,census-c01-extract-v1.1.0-20260527T234036Z,C0101,10,212,00000,000000,District - Katihar,total,buddhist,males,92
census-india-2011,sources/census-2011/c-series/state-mdds/c01-10-bihar.xls,b00824a538230226,census-c01-extract-v1.1.0-20260527T234036Z,C0101,10,212,00000,000000,District - Katihar,total,buddhist,females,120
census-india-2011,sources/census-2011/c-series/state-mdds/c01-10-bihar.xls,b00824a538230226,census-c01-extract-v1.1.0-20260527T234036Z,C0101,10,212,00000,000000,District - Katihar,total,jain,persons,507
census-india-2011,sources/census-2011/c-series/state-mdds/c01-10-bihar.xls,b00824a538230226,census-c01-extract-v1.1.0-20260527T234036Z,C0101,10,212,00000,000000,District - Katihar,total,jain,males,263
census-india-2011,sources/census-2011/c-series/state-mdds/c01-10-bihar.xls,b00824a538230226,census-c01-extract-v1.1.0-20260527T234036Z,C0101,10,212,00000,000000,District - Katihar,total,jain,females,244
census-india-2011,sources/census-2011/c-series/state-mdds/c01-10-bihar.xls,b00824a538230226,census-c01-extract-v1.1.0-20260527T234036Z,C0101,10,212,00000,000000,District - Katihar,total,other,persons,2141
census-india-2011,sources/census-2011/c-series/state-mdds/c01-10-bihar.xls,b00824a538230226,census-c01-extract-v1.1.0-20260527T234036Z,C0101,10,212,00000,000000,District - Katihar,total,other,males,1076
census-india-2011,sources/census-2011/c-series/state-mdds/c01-10-bihar.xls,b00824a538230226,census-c01-extract-v1.1.0-20260527T234036Z,C0101,10,212,00000,000000,District - Katihar,total,other,females,1065
census-india-2011,sources/census-2011/c-series/state-mdds/c01-10-bihar.xls,b00824a538230226,census-c01-extract-v1.1.0-20260527T234036Z,C0101,10,212,00000,000000,District - Katihar,total,not_stated,persons,6522
census-india-2011,sources/census-2011/c-series/state-mdds/c01-10-bihar.xls,b00824a538230226,census-c01-extract-v1.1.0-20260527T234036Z,C0101,10,212,00000,000000,District - Katihar,total,not_stated,males,3276
census-india-2011,sources/census-2011/c-series/state-mdds/c01-10-bihar.xls,b00824a538230226,census-c01-extract-v1.1.0-20260527T234036Z,C0101,10,212,00000,000000,District - Katihar,total,not_stated,females,3246
census-india-2011,sources/census-2011/c-series/state-mdds/c01-10-bihar.xls,b00824a538230226,census-c01-extract-v1.1.0-20260527T234036Z,C0101,10,212,00000,000000,District - Katihar,rural,all,persons,2797207
census-india-2011,sources/census-2011/c-series/state-mdds/c01-10-bihar.xls,b00824a538230226,census-c01-extract-v1.1.0-20260527T234036Z,C0101,10,212,00000,000000,District - Katihar,rural,all,males,1455744
census-india-2011,sources/census-2011/c-series/state-mdds/c01-10-bihar.xls,b00824a538230226,census-c01-extract-v1.1.0-20260527T234036Z,C0101,10,212,00000,000000,District - Katihar,rural,all,females,1341463
census-india-2011,sources/census-2011/c-series/state-mdds/c01-10-bihar.xls,b00824a538230226,census-c01-extract-v1.1.0-20260527T234036Z,C0101,10,212,00000,000000,District - Katihar,rural,hindu,persons,1473552
census-india-2011,sources/census-2011/c-series/state-mdds/c01-10-bihar.xls,b00824a538230226,census-c01-extract-v1.1.0-20260527T234036Z,C0101,10,212,00000,000000,District - Katihar,rural,hindu,males,769086
census-india-2011,sources/census-2011/c-series/state-mdds/c01-10-bihar.xls,b00824a538230226,census-c01-extract-v1.1.0-20260527T234036Z,C0101,10,212,00000,000000,District - Katihar,rural,hindu,females,704466
census-india-2011,sources/census-2011/c-series/state-mdds/c01-10-bihar.xls,b00824a538230226,census-c01-extract-v1.1.0-20260527T234036Z,C0101,10,212,00000,000000,District - Katihar,rural,muslim,persons,1305420
census-india-2011,sources/census-2011/c-series/state-mdds/c01-10-bihar.xls,b00824a538230226,census-c01-extract-v1.1.0-20260527T234036Z,C0101,10,212,00000,000000,District - Katihar,rural,muslim,males,677303
census-india-2011,sources/census-2011/c-series/state-mdds/c01-10-bihar.xls,b00824a538230226,census-c01-extract-v1.1.0-20260527T234036Z,C0101,10,212,00000,000000,District - Katihar,rural,muslim,females,628117
census-india-2011,sources/census-2011/c-series/state-mdds/c01-10-bihar.xls,b00824a538230226,census-c01-extract-v1.1.0-20260527T234036Z,C0101,10,212,00000,000000,District - Katihar,rural,christian,persons,7796
census-india-2011,sources/census-2011/c-series/state-mdds/c01-10-bihar.xls,b00824a538230226,census-c01-extract-v1.1.0-20260527T234036Z,C0101,10,212,00000,000000,District - Katihar,rural,christian,males,4004
census-india-2011,sources/census-2011/c-series/state-mdds/c01-10-bihar.xls,b00824a538230226,census-c01-extract-v1.1.0-20260527T234036Z,C0101,10,212,00000,000000,District - Katihar,rural,christian,females,3792
census-india-2011,sources/census-2011/c-series/state-mdds/c01-10-bihar.xls,b00824a538230226,census-c01-extract-v1.1.0-20260527T234036Z,C0101,10,212,00000,000000,District - Katihar,rural,sikh,persons,2377
census-india-2011,sources/census-2011/c-series/state-mdds/c01-10-bihar.xls,b00824a538230226,census-c01-extract-v1.1.0-20260527T234036Z,C0101,10,212,00000,000000,District - Katihar,rural,sikh,males,1279
census-india-2011,sources/census-2011/c-series/state-mdds/c01-10-bihar.xls,b00824a538230226,census-c01-extract-v1.1.0-20260527T234036Z,C0101,10,212,00000,000000,District - Katihar,rural,sikh,females,1098
census-india-2011,sources/census-2011/c-series/state-mdds/c01-10-bihar.xls,b00824a538230226,census-c01-extract-v1.1.0-20260527T234036Z,C0101,10,212,00000,000000,District - Katihar,rural,buddhist,persons,138
census-india-2011,sources/census-2011/c-series/state-mdds/c01-10-bihar.xls,b00824a538230226,census-c01-extract-v1.1.0-20260527T234036Z,C0101,10,212,00000,000000,District - Katihar,rural,buddhist,males,58
census-india-2011,sources/census-2011/c-series/state-mdds/c01-10-bihar.xls,b00824a538230226,census-c01-extract-v1.1.0-20260527T234036Z,C0101,10,212,00000,000000,District - Katihar,rural,buddhist,females,80
census-india-2011,sources/census-2011/c-series/state-mdds/c01-10-bihar.xls,b00824a538230226,census-c01-extract-v1.1.0-20260527T234036Z,C0101,10,212,00000,000000,District - Katihar,rural,jain,persons,286
census-india-2011,sources/census-2011/c-series/state-mdds/c01-10-bihar.xls,b00824a538230226,census-c01-extract-v1.1.0-20260527T234036Z,C0101,10,212,00000,000000,District - Katihar,rural,jain,males,153
census-india-2011,sources/census-2011/c-series/state-mdds/c01-10-bihar.xls,b00824a538230226,census-c01-extract-v1.1.0-20260527T234036Z,C0101,10,212,00000,000000,District - Katihar,rural,jain,females,133
census-india-2011,sources/census-2011/c-series/state-mdds/c01-10-bihar.xls,b00824a538230226,census-c01-extract-v1.1.0-20260527T234036Z,C0101,10,212,00000,000000,District - Katihar,rural,other,persons,2130
census-india-2011,sources/census-2011/c-series/state-mdds/c01-10-bihar.xls,b00824a538230226,census-c01-extract-v1.1.0-20260527T234036Z,C0101,10,212,00000,000000,District - Katihar,rural,other,males,1067
census-india-2011,sources/census-2011/c-series/state-mdds/c01-10-bihar.xls,b00824a538230226,census-c01-extract-v1.1.0-20260527T234036Z,C0101,10,212,00000,000000,District - Katihar,rural,other,females,1063
census-india-2011,sources/census-2011/c-series/state-mdds/c01-10-bihar.xls,b00824a538230226,census-c01-extract-v1.1.0-20260527T234036Z,C0101,10,212,00000,000000,District - Katihar,rural,not_stated,persons,5508
census-india-2011,sources/census-2011/c-series/state-mdds/c01-10-bihar.xls,b00824a538230226,census-c01-extract-v1.1.0-20260527T234036Z,C0101,10,212,00000,000000,District - Katihar,rural,not_stated,males,2794
census-india-2011,sources/census-2011/c-series/state-mdds/c01-10-bihar.xls,b00824a538230226,census-c01-extract-v1.1.0-20260527T234036Z,C0101,10,212,00000,000000,District - Katihar,rural,not_stated,females,2714
census-india-2011,sources/census-2011/c-series/state-mdds/c01-10-bihar.xls,b00824a538230226,census-c01-extract-v1.1.0-20260527T234036Z,C0101,10,212,00000,000000,District - Katihar,urban,all,persons,273822
census-india-2011,sources/census-2011/c-series/state-mdds/c01-10-bihar.xls,b00824a538230226,census-c01-extract-v1.1.0-20260527T234036Z,C0101,10,212,00000,000000,District - Katihar,urban,all,males,144686
census-india-2011,sources/census-2011/c-series/state-mdds/c01-10-bihar.xls,b00824a538230226,census-c01-extract-v1.1.0-20260527T234036Z,C0101,10,212,00000,000000,District - Katihar,urban,all,females,129136
census-india-2011,sources/census-2011/c-series/state-mdds/c01-10-bihar.xls,b00824a538230226,census-c01-extract-v1.1.0-20260527T234036Z,C0101,10,212,00000,000000,District - Katihar,urban,hindu,persons,211037
census-india-2011,sources/census-2011/c-series/state-mdds/c01-10-bihar.xls,b00824a538230226,census-c01-extract-v1.1.0-20260527T234036Z,C0101,10,212,00000,000000,District - Katihar,urban,hindu,males,111964
census-india-2011,sources/census-2011/c-series/state-mdds/c01-10-bihar.xls,b00824a538230226,census-c01-extract-v1.1.0-20260527T234036Z,C0101,10,212,00000,000000,District - Katihar,urban,hindu,females,99073
census-india-2011,sources/census-2011/c-series/state-mdds/c01-10-bihar.xls,b00824a538230226,census-c01-extract-v1.1.0-20260527T234036Z,C0101,10,212,00000,000000,District - Katihar,urban,muslim,persons,60225
census-india-2011,sources/census-2011/c-series/state-mdds/c01-10-bihar.xls,b00824a538230226,census-c01-extract-v1.1.0-20260527T234036Z,C0101,10,212,00000,000000,District - Katihar,urban,muslim,males,31449
census-india-2011,sources/census-2011/c-series/state-mdds/c01-10-bihar.xls,b00824a538230226,census-c01-extract-v1.1.0-20260527T234036Z,C0101,10,212,00000,000000,District - Katihar,urban,muslim,females,28776
census-india-2011,sources/census-2011/c-series/state-mdds/c01-10-bihar.xls,b00824a538230226,census-c01-extract-v1.1.0-20260527T234036Z,C0101,10,212,00000,000000,District - Katihar,urban,christian,persons,863
census-india-2011,sources/census-2011/c-series/state-mdds/c01-10-bihar.xls,b00824a538230226,census-c01-extract-v1.1.0-20260527T234036Z,C0101,10,212,00000,000000,District - Katihar,urban,christian,males,428
census-india-2011,sources/census-2011/c-series/state-mdds/c01-10-bihar.xls,b00824a538230226,census-c01-extract-v1.1.0-20260527T234036Z,C0101,10,212,00000,000000,District - Katihar,urban,christian,females,435
census-india-2011,sources/census-2011/c-series/state-mdds/c01-10-bihar.xls,b00824a538230226,census-c01-extract-v1.1.0-20260527T234036Z,C0101,10,212,00000,000000,District - Katihar,urban,sikh,persons,377
census-india-2011,sources/census-2011/c-series/state-mdds/c01-10-bihar.xls,b00824a538230226,census-c01-extract-v1.1.0-20260527T234036Z,C0101,10,212,00000,000000,District - Katihar,urban,sikh,males,210
census-india-2011,sources/census-2011/c-series/state-mdds/c01-10-bihar.xls,b00824a538230226,census-c01-extract-v1.1.0-20260527T234036Z,C0101,10,212,00000,000000,District - Katihar,urban,sikh,females,167
census-india-2011,sources/census-2011/c-series/state-mdds/c01-10-bihar.xls,b00824a538230226,census-c01-extract-v1.1.0-20260527T234036Z,C0101,10,212,00000,000000,District - Katihar,urban,buddhist,persons,74
census-india-2011,sources/census-2011/c-series/state-mdds/c01-10-bihar.xls,b00824a538230226,census-c01-extract-v1.1.0-20260527T234036Z,C0101,10,212,00000,000000,District - Katihar,urban,buddhist,males,34
census-india-2011,sources/census-2011/c-series/state-mdds/c01-10-bihar.xls,b00824a538230226,census-c01-extract-v1.1.0-20260527T234036Z,C0101,10,212,00000,000000,District - Katihar,urban,buddhist,females,40
census-india-2011,sources/census-2011/c-series/state-mdds/c01-10-bihar.xls,b00824a538230226,census-c01-extract-v1.1.0-20260527T234036Z,C0101,10,212,00000,000000,District - Katihar,urban,jain,persons,221
census-india-2011,sources/census-2011/c-series/state-mdds/c01-10-bihar.xls,b00824a538230226,census-c01-extract-v1.1.0-20260527T234036Z,C0101,10,212,00000,000000,District - Katihar,urban,jain,males,110
census-india-2011,sources/census-2011/c-series/state-mdds/c01-10-bihar.xls,b00824a538230226,census-c01-extract-v1.1.0-20260527T234036Z,C0101,10,212,00000,000000,District - Katihar,urban,jain,females,111
census-india-2011,sources/census-2011/c-series/state-mdds/c01-10-bihar.xls,b00824a538230226,census-c01-extract-v1.1.0-20260527T234036Z,C0101,10,212,00000,000000,District - Katihar,urban,other,persons,11
census-india-2011,sources/census-2011/c-series/state-mdds/c01-10-bihar.xls,b00824a538230226,census-c01-extract-v1.1.0-20260527T234036Z,C0101,10,212,00000,000000,District - Katihar,urban,other,males,9
census-india-2011,sources/census-2011/c-series/state-mdds/c01-10-bihar.xls,b00824a538230226,census-c01-extract-v1.1.0-20260527T234036Z,C0101,10,212,00000,000000,District - Katihar,urban,other,females,2
census-india-2011,sources/census-2011/c-series/state-mdds/c01-10-bihar.xls,b00824a538230226,census-c01-extract-v1.1.0-20260527T234036Z,C0101,10,212,00000,000000,District - Katihar,urban,not_stated,persons,1014
census-india-2011,sources/census-2011/c-series/state-mdds/c01-10-bihar.xls,b00824a538230226,census-c01-extract-v1.1.0-20260527T234036Z,C0101,10,212,00000,000000,District - Katihar,urban,not_stated,males,482
census-india-2011,sources/census-2011/c-series/state-mdds/c01-10-bihar.xls,b00824a538230226,census-c01-extract-v1.1.0-20260527T234036Z,C0101,10,212,00000,000000,District - Katihar,urban,not_stated,females,532
census-india-2011,sources/census-2011/c-series/state-mdds/c01-10-bihar.xls,b00824a538230226,census-c01-extract-v1.1.0-20260527T234036Z,C0101,10,213,00000,000000,District - Madhepura,total,all,persons,2001762
census-india-2011,sources/census-2011/c-series/state-mdds/c01-10-bihar.xls,b00824a538230226,census-c01-extract-v1.1.0-20260527T234036Z,C0101,10,213,00000,000000,District - Madhepura,total,all,males,1047559
census-india-2011,sources/census-2011/c-series/state-mdds/c01-10-bihar.xls,b00824a538230226,census-c01-extract-v1.1.0-20260527T234036Z,C0101,10,213,00000,000000,District - Madhepura,total,all,females,954203
census-india-2011,sources/census-2011/c-series/state-mdds/c01-10-bihar.xls,b00824a538230226,census-c01-extract-v1.1.0-20260527T234036Z,C0101,10,213,00000,000000,District - Madhepura,total,hindu,persons,1753829
census-india-2011,sources/census-2011/c-series/state-mdds/c01-10-bihar.xls,b00824a538230226,census-c01-extract-v1.1.0-20260527T234036Z,C0101,10,213,00000,000000,District - Madhepura,total,hindu,males,919610
census-india-2011,sources/census-2011/c-series/state-mdds/c01-10-bihar.xls,b00824a538230226,census-c01-extract-v1.1.0-20260527T234036Z,C0101,10,213,00000,000000,District - Madhepura,total,hindu,females,834219
census-india-2011,sources/census-2011/c-series/state-mdds/c01-10-bihar.xls,b00824a538230226,census-c01-extract-v1.1.0-20260527T234036Z,C0101,10,213,00000,000000,District - Madhepura,total,muslim,persons,241760
census-india-2011,sources/census-2011/c-series/state-mdds/c01-10-bihar.xls,b00824a538230226,census-c01-extract-v1.1.0-20260527T234036Z,C0101,10,213,00000,000000,District - Madhepura,total,muslim,males,124687
census-india-2011,sources/census-2011/c-series/state-mdds/c01-10-bihar.xls,b00824a538230226,census-c01-extract-v1.1.0-20260527T234036Z,C0101,10,213,00000,000000,District - Madhepura,total,muslim,females,117073
census-india-2011,sources/census-2011/c-series/state-mdds/c01-10-bihar.xls,b00824a538230226,census-c01-extract-v1.1.0-20260527T234036Z,C0101,10,213,00000,000000,District - Madhepura,total,christian,persons,1342
census-india-2011,sources/census-2011/c-series/state-mdds/c01-10-bihar.xls,b00824a538230226,census-c01-extract-v1.1.0-20260527T234036Z,C0101,10,213,00000,000000,District - Madhepura,total,christian,males,721
census-india-2011,sources/census-2011/c-series/state-mdds/c01-10-bihar.xls,b00824a538230226,census-c01-extract-v1.1.0-20260527T234036Z,C0101,10,213,00000,000000,District - Madhepura,total,christian,females,621
census-india-2011,sources/census-2011/c-series/state-mdds/c01-10-bihar.xls,b00824a538230226,census-c01-extract-v1.1.0-20260527T234036Z,C0101,10,213,00000,000000,District - Madhepura,total,sikh,persons,170
census-india-2011,sources/census-2011/c-series/state-mdds/c01-10-bihar.xls,b00824a538230226,census-c01-extract-v1.1.0-20260527T234036Z,C0101,10,213,00000,000000,District - Madhepura,total,sikh,males,92
census-india-2011,sources/census-2011/c-series/state-mdds/c01-10-bihar.xls,b00824a538230226,census-c01-extract-v1.1.0-20260527T234036Z,C0101,10,213,00000,000000,District - Madhepura,total,sikh,females,78
census-india-2011,sources/census-2011/c-series/state-mdds/c01-10-bihar.xls,b00824a538230226,census-c01-extract-v1.1.0-20260527T234036Z,C0101,10,213,00000,000000,District - Madhepura,total,buddhist,persons,60
census-india-2011,sources/census-2011/c-series/state-mdds/c01-10-bihar.xls,b00824a538230226,census-c01-extract-v1.1.0-20260527T234036Z,C0101,10,213,00000,000000,District - Madhepura,total,buddhist,males,38
census-india-2011,sources/census-2011/c-series/state-mdds/c01-10-bihar.xls,b00824a538230226,census-c01-extract-v1.1.0-20260527T234036Z,C0101,10,213,00000,000000,District - Madhepura,total,buddhist,females,22
census-india-2011,sources/census-2011/c-series/state-mdds/c01-10-bihar.xls,b00824a538230226,census-c01-extract-v1.1.0-20260527T234036Z,C0101,10,213,00000,000000,District - Madhepura,total,jain,persons,133
census-india-2011,sources/census-2011/c-series/state-mdds/c01-10-bihar.xls,b00824a538230226,census-c01-extract-v1.1.0-20260527T234036Z,C0101,10,213,00000,000000,District - Madhepura,total,jain,males,69
census-india-2011,sources/census-2011/c-series/state-mdds/c01-10-bihar.xls,b00824a538230226,census-c01-extract-v1.1.0-20260527T234036Z,C0101,10,213,00000,000000,District - Madhepura,total,jain,females,64
census-india-2011,sources/census-2011/c-series/state-mdds/c01-10-bihar.xls,b00824a538230226,census-c01-extract-v1.1.0-20260527T234036Z,C0101,10,213,00000,000000,District - Madhepura,total,other,persons,81
census-india-2011,sources/census-2011/c-series/state-mdds/c01-10-bihar.xls,b00824a538230226,census-c01-extract-v1.1.0-20260527T234036Z,C0101,10,213,00000,000000,District - Madhepura,total,other,males,46
census-india-2011,sources/census-2011/c-series/state-mdds/c01-10-bihar.xls,b00824a538230226,census-c01-extract-v1.1.0-20260527T234036Z,C0101,10,213,00000,000000,District - Madhepura,total,other,females,35
census-india-2011,sources/census-2011/c-series/state-mdds/c01-10-bihar.xls,b00824a538230226,census-c01-extract-v1.1.0-20260527T234036Z,C0101,10,213,00000,000000,District - Madhepura,total,not_stated,persons,4387
census-india-2011,sources/census-2011/c-series/state-mdds/c01-10-bihar.xls,b00824a538230226,census-c01-extract-v1.1.0-20260527T234036Z,C0101,10,213,00000,000000,District - Madhepura,total,not_stated,males,2296
census-india-2011,sources/census-2011/c-series/state-mdds/c01-10-bihar.xls,b00824a538230226,census-c01-extract-v1.1.0-20260527T234036Z,C0101,10,213,00000,000000,District - Madhepura,total,not_stated,females,2091
census-india-2011,sources/census-2011/c-series/state-mdds/c01-10-bihar.xls,b00824a538230226,census-c01-extract-v1.1.0-20260527T234036Z,C0101,10,213,00000,000000,District - Madhepura,rural,all,persons,1913301
census-india-2011,sources/census-2011/c-series/state-mdds/c01-10-bihar.xls,b00824a538230226,census-c01-extract-v1.1.0-20260527T234036Z,C0101,10,213,00000,000000,District - Madhepura,rural,all,males,1000760
census-india-2011,sources/census-2011/c-series/state-mdds/c01-10-bihar.xls,b00824a538230226,census-c01-extract-v1.1.0-20260527T234036Z,C0101,10,213,00000,000000,District - Madhepura,rural,all,females,912541
census-india-2011,sources/census-2011/c-series/state-mdds/c01-10-bihar.xls,b00824a538230226,census-c01-extract-v1.1.0-20260527T234036Z,C0101,10,213,00000,000000,District - Madhepura,rural,hindu,persons,1679189
census-india-2011,sources/census-2011/c-series/state-mdds/c01-10-bihar.xls,b00824a538230226,census-c01-extract-v1.1.0-20260527T234036Z,C0101,10,213,00000,000000,District - Madhepura,rural,hindu,males,879848
census-india-2011,sources/census-2011/c-series/state-mdds/c01-10-bihar.xls,b00824a538230226,census-c01-extract-v1.1.0-20260527T234036Z,C0101,10,213,00000,000000,District - Madhepura,rural,hindu,females,799341
census-india-2011,sources/census-2011/c-series/state-mdds/c01-10-bihar.xls,b00824a538230226,census-c01-extract-v1.1.0-20260527T234036Z,C0101,10,213,00000,000000,District - Madhepura,rural,muslim,persons,228445
census-india-2011,sources/census-2011/c-series/state-mdds/c01-10-bihar.xls,b00824a538230226,census-c01-extract-v1.1.0-20260527T234036Z,C0101,10,213,00000,000000,District - Madhepura,rural,muslim,males,117913
census-india-2011,sources/census-2011/c-series/state-mdds/c01-10-bihar.xls,b00824a538230226,census-c01-extract-v1.1.0-20260527T234036Z,C0101,10,213,00000,000000,District - Madhepura,rural,muslim,females,110532
census-india-2011,sources/census-2011/c-series/state-mdds/c01-10-bihar.xls,b00824a538230226,census-c01-extract-v1.1.0-20260527T234036Z,C0101,10,213,00000,000000,District - Madhepura,rural,christian,persons,1065
census-india-2011,sources/census-2011/c-series/state-mdds/c01-10-bihar.xls,b00824a538230226,census-c01-extract-v1.1.0-20260527T234036Z,C0101,10,213,00000,000000,District - Madhepura,rural,christian,males,570
census-india-2011,sources/census-2011/c-series/state-mdds/c01-10-bihar.xls,b00824a538230226,census-c01-extract-v1.1.0-20260527T234036Z,C0101,10,213,00000,000000,District - Madhepura,rural,christian,females,495
census-india-2011,sources/census-2011/c-series/state-mdds/c01-10-bihar.xls,b00824a538230226,census-c01-extract-v1.1.0-20260527T234036Z,C0101,10,213,00000,000000,District - Madhepura,rural,sikh,persons,139
census-india-2011,sources/census-2011/c-series/state-mdds/c01-10-bihar.xls,b00824a538230226,census-c01-extract-v1.1.0-20260527T234036Z,C0101,10,213,00000,000000,District - Madhepura,rural,sikh,males,79
census-india-2011,sources/census-2011/c-series/state-mdds/c01-10-bihar.xls,b00824a538230226,census-c01-extract-v1.1.0-20260527T234036Z,C0101,10,213,00000,000000,District - Madhepura,rural,sikh,females,60
census-india-2011,sources/census-2011/c-series/state-mdds/c01-10-bihar.xls,b00824a538230226,census-c01-extract-v1.1.0-20260527T234036Z,C0101,10,213,00000,000000,District - Madhepura,rural,buddhist,persons,48
census-india-2011,sources/census-2011/c-series/state-mdds/c01-10-bihar.xls,b00824a538230226,census-c01-extract-v1.1.0-20260527T234036Z,C0101,10,213,00000,000000,District - Madhepura,rural,buddhist,males,31
census-india-2011,sources/census-2011/c-series/state-mdds/c01-10-bihar.xls,b00824a538230226,census-c01-extract-v1.1.0-20260527T234036Z,C0101,10,213,00000,000000,District - Madhepura,rural,buddhist,females,17
census-india-2011,sources/census-2011/c-series/state-mdds/c01-10-bihar.xls,b00824a538230226,census-c01-extract-v1.1.0-20260527T234036Z,C0101,10,213,00000,000000,District - Madhepura,rural,jain,persons,87
census-india-2011,sources/census-2011/c-series/state-mdds/c01-10-bihar.xls,b00824a538230226,census-c01-extract-v1.1.0-20260527T234036Z,C0101,10,213,00000,000000,District - Madhepura,rural,jain,males,46
census-india-2011,sources/census-2011/c-series/state-mdds/c01-10-bihar.xls,b00824a538230226,census-c01-extract-v1.1.0-20260527T234036Z,C0101,10,213,00000,000000,District - Madhepura,rural,jain,females,41
census-india-2011,sources/census-2011/c-series/state-mdds/c01-10-bihar.xls,b00824a538230226,census-c01-extract-v1.1.0-20260527T234036Z,C0101,10,213,00000,000000,District - Madhepura,rural,other,persons,80
census-india-2011,sources/census-2011/c-series/state-mdds/c01-10-bihar.xls,b00824a538230226,census-c01-extract-v1.1.0-20260527T234036Z,C0101,10,213,00000,000000,District - Madhepura,rural,other,males,46
census-india-2011,sources/census-2011/c-series/state-mdds/c01-10-bihar.xls,b00824a538230226,census-c01-extract-v1.1.0-20260527T234036Z,C0101,10,213,00000,000000,District - Madhepura,rural,other,females,34
census-india-2011,sources/census-2011/c-series/state-mdds/c01-10-bihar.xls,b00824a538230226,census-c01-extract-v1.1.0-20260527T234036Z,C0101,10,213,00000,000000,District - Madhepura,rural,not_stated,persons,4248
census-india-2011,sources/census-2011/c-series/state-mdds/c01-10-bihar.xls,b00824a538230226,census-c01-extract-v1.1.0-20260527T234036Z,C0101,10,213,00000,000000,District - Madhepura,rural,not_stated,males,2227
census-india-2011,sources/census-2011/c-series/state-mdds/c01-10-bihar.xls,b00824a538230226,census-c01-extract-v1.1.0-20260527T234036Z,C0101,10,213,00000,000000,District - Madhepura,rural,not_stated,females,2021
census-india-2011,sources/census-2011/c-series/state-mdds/c01-10-bihar.xls,b00824a538230226,census-c01-extract-v1.1.0-20260527T234036Z,C0101,10,213,00000,000000,District - Madhepura,urban,all,persons,88461
census-india-2011,sources/census-2011/c-series/state-mdds/c01-10-bihar.xls,b00824a538230226,census-c01-extract-v1.1.0-20260527T234036Z,C0101,10,213,00000,000000,District - Madhepura,urban,all,males,46799
census-india-2011,sources/census-2011/c-series/state-mdds/c01-10-bihar.xls,b00824a538230226,census-c01-extract-v1.1.0-20260527T234036Z,C0101,10,213,00000,000000,District - Madhepura,urban,all,females,41662
census-india-2011,sources/census-2011/c-series/state-mdds/c01-10-bihar.xls,b00824a538230226,census-c01-extract-v1.1.0-20260527T234036Z,C0101,10,213,00000,000000,District - Madhepura,urban,hindu,persons,74640
census-india-2011,sources/census-2011/c-series/state-mdds/c01-10-bihar.xls,b00824a538230226,census-c01-extract-v1.1.0-20260527T234036Z,C0101,10,213,00000,000000,District - Madhepura,urban,hindu,males,39762
census-india-2011,sources/census-2011/c-series/state-mdds/c01-10-bihar.xls,b00824a538230226,census-c01-extract-v1.1.0-20260527T234036Z,C0101,10,213,00000,000000,District - Madhepura,urban,hindu,females,34878
census-india-2011,sources/census-2011/c-series/state-mdds/c01-10-bihar.xls,b00824a538230226,census-c01-extract-v1.1.0-20260527T234036Z,C0101,10,213,00000,000000,District - Madhepura,urban,muslim,persons,13315
census-india-2011,sources/census-2011/c-series/state-mdds/c01-10-bihar.xls,b00824a538230226,census-c01-extract-v1.1.0-20260527T234036Z,C0101,10,213,00000,000000,District - Madhepura,urban,muslim,males,6774
census-india-2011,sources/census-2011/c-series/state-mdds/c01-10-bihar.xls,b00824a538230226,census-c01-extract-v1.1.0-20260527T234036Z,C0101,10,213,00000,000000,District - Madhepura,urban,muslim,females,6541
census-india-2011,sources/census-2011/c-series/state-mdds/c01-10-bihar.xls,b00824a538230226,census-c01-extract-v1.1.0-20260527T234036Z,C0101,10,213,00000,000000,District - Madhepura,urban,christian,persons,277
census-india-2011,sources/census-2011/c-series/state-mdds/c01-10-bihar.xls,b00824a538230226,census-c01-extract-v1.1.0-20260527T234036Z,C0101,10,213,00000,000000,District - Madhepura,urban,christian,males,151
census-india-2011,sources/census-2011/c-series/state-mdds/c01-10-bihar.xls,b00824a538230226,census-c01-extract-v1.1.0-20260527T234036Z,C0101,10,213,00000,000000,District - Madhepura,urban,christian,females,126
census-india-2011,sources/census-2011/c-series/state-mdds/c01-10-bihar.xls,b00824a538230226,census-c01-extract-v1.1.0-20260527T234036Z,C0101,10,213,00000,000000,District - Madhepura,urban,sikh,persons,31
census-india-2011,sources/census-2011/c-series/state-mdds/c01-10-bihar.xls,b00824a538230226,census-c01-extract-v1.1.0-20260527T234036Z,C0101,10,213,00000,000000,District - Madhepura,urban,sikh,males,13
census-india-2011,sources/census-2011/c-series/state-mdds/c01-10-bihar.xls,b00824a538230226,census-c01-extract-v1.1.0-20260527T234036Z,C0101,10,213,00000,000000,District - Madhepura,urban,sikh,females,18
census-india-2011,sources/census-2011/c-series/state-mdds/c01-10-bihar.xls,b00824a538230226,census-c01-extract-v1.1.0-20260527T234036Z,C0101,10,213,00000,000000,District - Madhepura,urban,buddhist,persons,12
census-india-2011,sources/census-2011/c-series/state-mdds/c01-10-bihar.xls,b00824a538230226,census-c01-extract-v1.1.0-20260527T234036Z,C0101,10,213,00000,000000,District - Madhepura,urban,buddhist,males,7
census-india-2011,sources/census-2011/c-series/state-mdds/c01-10-bihar.xls,b00824a538230226,census-c01-extract-v1.1.0-20260527T234036Z,C0101,10,213,00000,000000,District - Madhepura,urban,buddhist,females,5
census-india-2011,sources/census-2011/c-series/state-mdds/c01-10-bihar.xls,b00824a538230226,census-c01-extract-v1.1.0-20260527T234036Z,C0101,10,213,00000,000000,District - Madhepura,urban,jain,persons,46
census-india-2011,sources/census-2011/c-series/state-mdds/c01-10-bihar.xls,b00824a538230226,census-c01-extract-v1.1.0-20260527T234036Z,C0101,10,213,00000,000000,District - Madhepura,urban,jain,males,23
census-india-2011,sources/census-2011/c-series/state-mdds/c01-10-bihar.xls,b00824a538230226,census-c01-extract-v1.1.0-20260527T234036Z,C0101,10,213,00000,000000,District - Madhepura,urban,jain,females,23
census-india-2011,sources/census-2011/c-series/state-mdds/c01-10-bihar.xls,b00824a538230226,census-c01-extract-v1.1.0-20260527T234036Z,C0101,10,213,00000,000000,District - Madhepura,urban,other,persons,1
census-india-2011,sources/census-2011/c-series/state-mdds/c01-10-bihar.xls,b00824a538230226,census-c01-extract-v1.1.0-20260527T234036Z,C0101,10,213,00000,000000,District - Madhepura,urban,other,males,0
census-india-2011,sources/census-2011/c-series/state-mdds/c01-10-bihar.xls,b00824a538230226,census-c01-extract-v1.1.0-20260527T234036Z,C0101,10,213,00000,000000,District - Madhepura,urban,other,females,1
census-india-2011,sources/census-2011/c-series/state-mdds/c01-10-bihar.xls,b00824a538230226,census-c01-extract-v1.1.0-20260527T234036Z,C0101,10,213,00000,000000,District - Madhepura,urban,not_stated,persons,139
census-india-2011,sources/census-2011/c-series/state-mdds/c01-10-bihar.xls,b00824a538230226,census-c01-extract-v1.1.0-20260527T234036Z,C0101,10,213,00000,000000,District - Madhepura,urban,not_stated,males,69
census-india-2011,sources/census-2011/c-series/state-mdds/c01-10-bihar.xls,b00824a538230226,census-c01-extract-v1.1.0-20260527T234036Z,C0101,10,213,00000,000000,District - Madhepura,urban,not_stated,females,70
census-india-2011,sources/census-2011/c-series/state-mdds/c01-10-bihar.xls,b00824a538230226,census-c01-extract-v1.1.0-20260527T234036Z,C0101,10,214,00000,000000,District - Saharsa,total,all,persons,1900661
census-india-2011,sources/census-2011/c-series/state-mdds/c01-10-bihar.xls,b00824a538230226,census-c01-extract-v1.1.0-20260527T234036Z,C0101,10,214,00000,000000,District - Saharsa,total,all,males,997174
census-india-2011,sources/census-2011/c-series/state-mdds/c01-10-bihar.xls,b00824a538230226,census-c01-extract-v1.1.0-20260527T234036Z,C0101,10,214,00000,000000,District - Saharsa,total,all,females,903487
census-india-2011,sources/census-2011/c-series/state-mdds/c01-10-bihar.xls,b00824a538230226,census-c01-extract-v1.1.0-20260527T234036Z,C0101,10,214,00000,000000,District - Saharsa,total,hindu,persons,1629254
census-india-2011,sources/census-2011/c-series/state-mdds/c01-10-bihar.xls,b00824a538230226,census-c01-extract-v1.1.0-20260527T234036Z,C0101,10,214,00000,000000,District - Saharsa,total,hindu,males,856695
census-india-2011,sources/census-2011/c-series/state-mdds/c01-10-bihar.xls,b00824a538230226,census-c01-extract-v1.1.0-20260527T234036Z,C0101,10,214,00000,000000,District - Saharsa,total,hindu,females,772559
census-india-2011,sources/census-2011/c-series/state-mdds/c01-10-bihar.xls,b00824a538230226,census-c01-extract-v1.1.0-20260527T234036Z,C0101,10,214,00000,000000,District - Saharsa,total,muslim,persons,266620
census-india-2011,sources/census-2011/c-series/state-mdds/c01-10-bihar.xls,b00824a538230226,census-c01-extract-v1.1.0-20260527T234036Z,C0101,10,214,00000,000000,District - Saharsa,total,muslim,males,137998
census-india-2011,sources/census-2011/c-series/state-mdds/c01-10-bihar.xls,b00824a538230226,census-c01-extract-v1.1.0-20260527T234036Z,C0101,10,214,00000,000000,District - Saharsa,total,muslim,females,128622
census-india-2011,sources/census-2011/c-series/state-mdds/c01-10-bihar.xls,b00824a538230226,census-c01-extract-v1.1.0-20260527T234036Z,C0101,10,214,00000,000000,District - Saharsa,total,christian,persons,1292
census-india-2011,sources/census-2011/c-series/state-mdds/c01-10-bihar.xls,b00824a538230226,census-c01-extract-v1.1.0-20260527T234036Z,C0101,10,214,00000,000000,District - Saharsa,total,christian,males,682
census-india-2011,sources/census-2011/c-series/state-mdds/c01-10-bihar.xls,b00824a538230226,census-c01-extract-v1.1.0-20260527T234036Z,C0101,10,214,00000,000000,District - Saharsa,total,christian,females,610
census-india-2011,sources/census-2011/c-series/state-mdds/c01-10-bihar.xls,b00824a538230226,census-c01-extract-v1.1.0-20260527T234036Z,C0101,10,214,00000,000000,District - Saharsa,total,sikh,persons,197
census-india-2011,sources/census-2011/c-series/state-mdds/c01-10-bihar.xls,b00824a538230226,census-c01-extract-v1.1.0-20260527T234036Z,C0101,10,214,00000,000000,District - Saharsa,total,sikh,males,99
census-india-2011,sources/census-2011/c-series/state-mdds/c01-10-bihar.xls,b00824a538230226,census-c01-extract-v1.1.0-20260527T234036Z,C0101,10,214,00000,000000,District - Saharsa,total,sikh,females,98
census-india-2011,sources/census-2011/c-series/state-mdds/c01-10-bihar.xls,b00824a538230226,census-c01-extract-v1.1.0-20260527T234036Z,C0101,10,214,00000,000000,District - Saharsa,total,buddhist,persons,60
census-india-2011,sources/census-2011/c-series/state-mdds/c01-10-bihar.xls,b00824a538230226,census-c01-extract-v1.1.0-20260527T234036Z,C0101,10,214,00000,000000,District - Saharsa,total,buddhist,males,33
census-india-2011,sources/census-2011/c-series/state-mdds/c01-10-bihar.xls,b00824a538230226,census-c01-extract-v1.1.0-20260527T234036Z,C0101,10,214,00000,000000,District - Saharsa,total,buddhist,females,27
census-india-2011,sources/census-2011/c-series/state-mdds/c01-10-bihar.xls,b00824a538230226,census-c01-extract-v1.1.0-20260527T234036Z,C0101,10,214,00000,000000,District - Saharsa,total,jain,persons,109
census-india-2011,sources/census-2011/c-series/state-mdds/c01-10-bihar.xls,b00824a538230226,census-c01-extract-v1.1.0-20260527T234036Z,C0101,10,214,00000,000000,District - Saharsa,total,jain,males,56
census-india-2011,sources/census-2011/c-series/state-mdds/c01-10-bihar.xls,b00824a538230226,census-c01-extract-v1.1.0-20260527T234036Z,C0101,10,214,00000,000000,District - Saharsa,total,jain,females,53
census-india-2011,sources/census-2011/c-series/state-mdds/c01-10-bihar.xls,b00824a538230226,census-c01-extract-v1.1.0-20260527T234036Z,C0101,10,214,00000,000000,District - Saharsa,total,other,persons,8
census-india-2011,sources/census-2011/c-series/state-mdds/c01-10-bihar.xls,b00824a538230226,census-c01-extract-v1.1.0-20260527T234036Z,C0101,10,214,00000,000000,District - Saharsa,total,other,males,3
census-india-2011,sources/census-2011/c-series/state-mdds/c01-10-bihar.xls,b00824a538230226,census-c01-extract-v1.1.0-20260527T234036Z,C0101,10,214,00000,000000,District - Saharsa,total,other,females,5
census-india-2011,sources/census-2011/c-series/state-mdds/c01-10-bihar.xls,b00824a538230226,census-c01-extract-v1.1.0-20260527T234036Z,C0101,10,214,00000,000000,District - Saharsa,total,not_stated,persons,3121
census-india-2011,sources/census-2011/c-series/state-mdds/c01-10-bihar.xls,b00824a538230226,census-c01-extract-v1.1.0-20260527T234036Z,C0101,10,214,00000,000000,District - Saharsa,total,not_stated,males,1608
census-india-2011,sources/census-2011/c-series/state-mdds/c01-10-bihar.xls,b00824a538230226,census-c01-extract-v1.1.0-20260527T234036Z,C0101,10,214,00000,000000,District - Saharsa,total,not_stated,females,1513
census-india-2011,sources/census-2011/c-series/state-mdds/c01-10-bihar.xls,b00824a538230226,census-c01-extract-v1.1.0-20260527T234036Z,C0101,10,214,00000,000000,District - Saharsa,rural,all,persons,1744121
census-india-2011,sources/census-2011/c-series/state-mdds/c01-10-bihar.xls,b00824a538230226,census-c01-extract-v1.1.0-20260527T234036Z,C0101,10,214,00000,000000,District - Saharsa,rural,all,males,913883
census-india-2011,sources/census-2011/c-series/state-mdds/c01-10-bihar.xls,b00824a538230226,census-c01-extract-v1.1.0-20260527T234036Z,C0101,10,214,00000,000000,District - Saharsa,rural,all,females,830238
census-india-2011,sources/census-2011/c-series/state-mdds/c01-10-bihar.xls,b00824a538230226,census-c01-extract-v1.1.0-20260527T234036Z,C0101,10,214,00000,000000,District - Saharsa,rural,hindu,persons,1504982
census-india-2011,sources/census-2011/c-series/state-mdds/c01-10-bihar.xls,b00824a538230226,census-c01-extract-v1.1.0-20260527T234036Z,C0101,10,214,00000,000000,District - Saharsa,rural,hindu,males,790221
census-india-2011,sources/census-2011/c-series/state-mdds/c01-10-bihar.xls,b00824a538230226,census-c01-extract-v1.1.0-20260527T234036Z,C0101,10,214,00000,000000,District - Saharsa,rural,hindu,females,714761
census-india-2011,sources/census-2011/c-series/state-mdds/c01-10-bihar.xls,b00824a538230226,census-c01-extract-v1.1.0-20260527T234036Z,C0101,10,214,00000,000000,District - Saharsa,rural,muslim,persons,235053
census-india-2011,sources/census-2011/c-series/state-mdds/c01-10-bihar.xls,b00824a538230226,census-c01-extract-v1.1.0-20260527T234036Z,C0101,10,214,00000,000000,District - Saharsa,rural,muslim,males,121532
census-india-2011,sources/census-2011/c-series/state-mdds/c01-10-bihar.xls,b00824a538230226,census-c01-extract-v1.1.0-20260527T234036Z,C0101,10,214,00000,000000,District - Saharsa,rural,muslim,females,113521
census-india-2011,sources/census-2011/c-series/state-mdds/c01-10-bihar.xls,b00824a538230226,census-c01-extract-v1.1.0-20260527T234036Z,C0101,10,214,00000,000000,District - Saharsa,rural,christian,persons,881
census-india-2011,sources/census-2011/c-series/state-mdds/c01-10-bihar.xls,b00824a538230226,census-c01-extract-v1.1.0-20260527T234036Z,C0101,10,214,00000,000000,District - Saharsa,rural,christian,males,478
census-india-2011,sources/census-2011/c-series/state-mdds/c01-10-bihar.xls,b00824a538230226,census-c01-extract-v1.1.0-20260527T234036Z,C0101,10,214,00000,000000,District - Saharsa,rural,christian,females,403
census-india-2011,sources/census-2011/c-series/state-mdds/c01-10-bihar.xls,b00824a538230226,census-c01-extract-v1.1.0-20260527T234036Z,C0101,10,214,00000,000000,District - Saharsa,rural,sikh,persons,136
census-india-2011,sources/census-2011/c-series/state-mdds/c01-10-bihar.xls,b00824a538230226,census-c01-extract-v1.1.0-20260527T234036Z,C0101,10,214,00000,000000,District - Saharsa,rural,sikh,males,68
census-india-2011,sources/census-2011/c-series/state-mdds/c01-10-bihar.xls,b00824a538230226,census-c01-extract-v1.1.0-20260527T234036Z,C0101,10,214,00000,000000,District - Saharsa,rural,sikh,females,68
census-india-2011,sources/census-2011/c-series/state-mdds/c01-10-bihar.xls,b00824a538230226,census-c01-extract-v1.1.0-20260527T234036Z,C0101,10,214,00000,000000,District - Saharsa,rural,buddhist,persons,45
census-india-2011,sources/census-2011/c-series/state-mdds/c01-10-bihar.xls,b00824a538230226,census-c01-extract-v1.1.0-20260527T234036Z,C0101,10,214,00000,000000,District - Saharsa,rural,buddhist,males,26
census-india-2011,sources/census-2011/c-series/state-mdds/c01-10-bihar.xls,b00824a538230226,census-c01-extract-v1.1.0-20260527T234036Z,C0101,10,214,00000,000000,District - Saharsa,rural,buddhist,females,19
census-india-2011,sources/census-2011/c-series/state-mdds/c01-10-bihar.xls,b00824a538230226,census-c01-extract-v1.1.0-20260527T234036Z,C0101,10,214,00000,000000,District - Saharsa,rural,jain,persons,61
census-india-2011,sources/census-2011/c-series/state-mdds/c01-10-bihar.xls,b00824a538230226,census-c01-extract-v1.1.0-20260527T234036Z,C0101,10,214,00000,000000,District - Saharsa,rural,jain,males,29
census-india-2011,sources/census-2011/c-series/state-mdds/c01-10-bihar.xls,b00824a538230226,census-c01-extract-v1.1.0-20260527T234036Z,C0101,10,214,00000,000000,District - Saharsa,rural,jain,females,32
census-india-2011,sources/census-2011/c-series/state-mdds/c01-10-bihar.xls,b00824a538230226,census-c01-extract-v1.1.0-20260527T234036Z,C0101,10,214,00000,000000,District - Saharsa,rural,other,persons,8
census-india-2011,sources/census-2011/c-series/state-mdds/c01-10-bihar.xls,b00824a538230226,census-c01-extract-v1.1.0-20260527T234036Z,C0101,10,214,00000,000000,District - Saharsa,rural,other,males,3
census-india-2011,sources/census-2011/c-series/state-mdds/c01-10-bihar.xls,b00824a538230226,census-c01-extract-v1.1.0-20260527T234036Z,C0101,10,214,00000,000000,District - Saharsa,rural,other,females,5
census-india-2011,sources/census-2011/c-series/state-mdds/c01-10-bihar.xls,b00824a538230226,census-c01-extract-v1.1.0-20260527T234036Z,C0101,10,214,00000,000000,District - Saharsa,rural,not_stated,persons,2955
census-india-2011,sources/census-2011/c-series/state-mdds/c01-10-bihar.xls,b00824a538230226,census-c01-extract-v1.1.0-20260527T234036Z,C0101,10,214,00000,000000,District - Saharsa,rural,not_stated,males,1526
census-india-2011,sources/census-2011/c-series/state-mdds/c01-10-bihar.xls,b00824a538230226,census-c01-extract-v1.1.0-20260527T234036Z,C0101,10,214,00000,000000,District - Saharsa,rural,not_stated,females,1429
census-india-2011,sources/census-2011/c-series/state-mdds/c01-10-bihar.xls,b00824a538230226,census-c01-extract-v1.1.0-20260527T234036Z,C0101,10,214,00000,000000,District - Saharsa,urban,all,persons,156540
census-india-2011,sources/census-2011/c-series/state-mdds/c01-10-bihar.xls,b00824a538230226,census-c01-extract-v1.1.0-20260527T234036Z,C0101,10,214,00000,000000,District - Saharsa,urban,all,males,83291
census-india-2011,sources/census-2011/c-series/state-mdds/c01-10-bihar.xls,b00824a538230226,census-c01-extract-v1.1.0-20260527T234036Z,C0101,10,214,00000,000000,District - Saharsa,urban,all,females,73249
census-india-2011,sources/census-2011/c-series/state-mdds/c01-10-bihar.xls,b00824a538230226,census-c01-extract-v1.1.0-20260527T234036Z,C0101,10,214,00000,000000,District - Saharsa,urban,hindu,persons,124272
census-india-2011,sources/census-2011/c-series/state-mdds/c01-10-bihar.xls,b00824a538230226,census-c01-extract-v1.1.0-20260527T234036Z,C0101,10,214,00000,000000,District - Saharsa,urban,hindu,males,66474
census-india-2011,sources/census-2011/c-series/state-mdds/c01-10-bihar.xls,b00824a538230226,census-c01-extract-v1.1.0-20260527T234036Z,C0101,10,214,00000,000000,District - Saharsa,urban,hindu,females,57798
census-india-2011,sources/census-2011/c-series/state-mdds/c01-10-bihar.xls,b00824a538230226,census-c01-extract-v1.1.0-20260527T234036Z,C0101,10,214,00000,000000,District - Saharsa,urban,muslim,persons,31567
census-india-2011,sources/census-2011/c-series/state-mdds/c01-10-bihar.xls,b00824a538230226,census-c01-extract-v1.1.0-20260527T234036Z,C0101,10,214,00000,000000,District - Saharsa,urban,muslim,males,16466
census-india-2011,sources/census-2011/c-series/state-mdds/c01-10-bihar.xls,b00824a538230226,census-c01-extract-v1.1.0-20260527T234036Z,C0101,10,214,00000,000000,District - Saharsa,urban,muslim,females,15101
census-india-2011,sources/census-2011/c-series/state-mdds/c01-10-bihar.xls,b00824a538230226,census-c01-extract-v1.1.0-20260527T234036Z,C0101,10,214,00000,000000,District - Saharsa,urban,christian,persons,411
census-india-2011,sources/census-2011/c-series/state-mdds/c01-10-bihar.xls,b00824a538230226,census-c01-extract-v1.1.0-20260527T234036Z,C0101,10,214,00000,000000,District - Saharsa,urban,christian,males,204
census-india-2011,sources/census-2011/c-series/state-mdds/c01-10-bihar.xls,b00824a538230226,census-c01-extract-v1.1.0-20260527T234036Z,C0101,10,214,00000,000000,District - Saharsa,urban,christian,females,207
census-india-2011,sources/census-2011/c-series/state-mdds/c01-10-bihar.xls,b00824a538230226,census-c01-extract-v1.1.0-20260527T234036Z,C0101,10,214,00000,000000,District - Saharsa,urban,sikh,persons,61
census-india-2011,sources/census-2011/c-series/state-mdds/c01-10-bihar.xls,b00824a538230226,census-c01-extract-v1.1.0-20260527T234036Z,C0101,10,214,00000,000000,District - Saharsa,urban,sikh,males,31
census-india-2011,sources/census-2011/c-series/state-mdds/c01-10-bihar.xls,b00824a538230226,census-c01-extract-v1.1.0-20260527T234036Z,C0101,10,214,00000,000000,District - Saharsa,urban,sikh,females,30
census-india-2011,sources/census-2011/c-series/state-mdds/c01-10-bihar.xls,b00824a538230226,census-c01-extract-v1.1.0-20260527T234036Z,C0101,10,214,00000,000000,District - Saharsa,urban,buddhist,persons,15
census-india-2011,sources/census-2011/c-series/state-mdds/c01-10-bihar.xls,b00824a538230226,census-c01-extract-v1.1.0-20260527T234036Z,C0101,10,214,00000,000000,District - Saharsa,urban,buddhist,males,7
census-india-2011,sources/census-2011/c-series/state-mdds/c01-10-bihar.xls,b00824a538230226,census-c01-extract-v1.1.0-20260527T234036Z,C0101,10,214,00000,000000,District - Saharsa,urban,buddhist,females,8
census-india-2011,sources/census-2011/c-series/state-mdds/c01-10-bihar.xls,b00824a538230226,census-c01-extract-v1.1.0-20260527T234036Z,C0101,10,214,00000,000000,District - Saharsa,urban,jain,persons,48
census-india-2011,sources/census-2011/c-series/state-mdds/c01-10-bihar.xls,b00824a538230226,census-c01-extract-v1.1.0-20260527T234036Z,C0101,10,214,00000,000000,District - Saharsa,urban,jain,males,27
census-india-2011,sources/census-2011/c-series/state-mdds/c01-10-bihar.xls,b00824a538230226,census-c01-extract-v1.1.0-20260527T234036Z,C0101,10,214,00000,000000,District - Saharsa,urban,jain,females,21
census-india-2011,sources/census-2011/c-series/state-mdds/c01-10-bihar.xls,b00824a538230226,census-c01-extract-v1.1.0-20260527T234036Z,C0101,10,214,00000,000000,District - Saharsa,urban,other,persons,0
census-india-2011,sources/census-2011/c-series/state-mdds/c01-10-bihar.xls,b00824a538230226,census-c01-extract-v1.1.0-20260527T234036Z,C0101,10,214,00000,000000,District - Saharsa,urban,other,males,0
census-india-2011,sources/census-2011/c-series/state-mdds/c01-10-bihar.xls,b00824a538230226,census-c01-extract-v1.1.0-20260527T234036Z,C0101,10,214,00000,000000,District - Saharsa,urban,other,females,0
census-india-2011,sources/census-2011/c-series/state-mdds/c01-10-bihar.xls,b00824a538230226,census-c01-extract-v1.1.0-20260527T234036Z,C0101,10,214,00000,000000,District - Saharsa,urban,not_stated,persons,166
census-india-2011,sources/census-2011/c-series/state-mdds/c01-10-bihar.xls,b00824a538230226,census-c01-extract-v1.1.0-20260527T234036Z,C0101,10,214,00000,000000,District - Saharsa,urban,not_stated,males,82
census-india-2011,sources/census-2011/c-series/state-mdds/c01-10-bihar.xls,b00824a538230226,census-c01-extract-v1.1.0-20260527T234036Z,C0101,10,214,00000,000000,District - Saharsa,urban,not_stated,females,84
census-india-2011,sources/census-2011/c-series/state-mdds/c01-10-bihar.xls,b00824a538230226,census-c01-extract-v1.1.0-20260527T234036Z,C0101,10,215,00000,000000,District - Darbhanga,total,all,persons,3937385
census-india-2011,sources/census-2011/c-series/state-mdds/c01-10-bihar.xls,b00824a538230226,census-c01-extract-v1.1.0-20260527T234036Z,C0101,10,215,00000,000000,District - Darbhanga,total,all,males,2059949
census-india-2011,sources/census-2011/c-series/state-mdds/c01-10-bihar.xls,b00824a538230226,census-c01-extract-v1.1.0-20260527T234036Z,C0101,10,215,00000,000000,District - Darbhanga,total,all,females,1877436
census-india-2011,sources/census-2011/c-series/state-mdds/c01-10-bihar.xls,b00824a538230226,census-c01-extract-v1.1.0-20260527T234036Z,C0101,10,215,00000,000000,District - Darbhanga,total,hindu,persons,3042729
census-india-2011,sources/census-2011/c-series/state-mdds/c01-10-bihar.xls,b00824a538230226,census-c01-extract-v1.1.0-20260527T234036Z,C0101,10,215,00000,000000,District - Darbhanga,total,hindu,males,1599397
census-india-2011,sources/census-2011/c-series/state-mdds/c01-10-bihar.xls,b00824a538230226,census-c01-extract-v1.1.0-20260527T234036Z,C0101,10,215,00000,000000,District - Darbhanga,total,hindu,females,1443332
census-india-2011,sources/census-2011/c-series/state-mdds/c01-10-bihar.xls,b00824a538230226,census-c01-extract-v1.1.0-20260527T234036Z,C0101,10,215,00000,000000,District - Darbhanga,total,muslim,persons,881476
census-india-2011,sources/census-2011/c-series/state-mdds/c01-10-bihar.xls,b00824a538230226,census-c01-extract-v1.1.0-20260527T234036Z,C0101,10,215,00000,000000,District - Darbhanga,total,muslim,males,453444
census-india-2011,sources/census-2011/c-series/state-mdds/c01-10-bihar.xls,b00824a538230226,census-c01-extract-v1.1.0-20260527T234036Z,C0101,10,215,00000,000000,District - Darbhanga,total,muslim,females,428032
census-india-2011,sources/census-2011/c-series/state-mdds/c01-10-bihar.xls,b00824a538230226,census-c01-extract-v1.1.0-20260527T234036Z,C0101,10,215,00000,000000,District - Darbhanga,total,christian,persons,3534
census-india-2011,sources/census-2011/c-series/state-mdds/c01-10-bihar.xls,b00824a538230226,census-c01-extract-v1.1.0-20260527T234036Z,C0101,10,215,00000,000000,District - Darbhanga,total,christian,males,1813
census-india-2011,sources/census-2011/c-series/state-mdds/c01-10-bihar.xls,b00824a538230226,census-c01-extract-v1.1.0-20260527T234036Z,C0101,10,215,00000,000000,District - Darbhanga,total,christian,females,1721
census-india-2011,sources/census-2011/c-series/state-mdds/c01-10-bihar.xls,b00824a538230226,census-c01-extract-v1.1.0-20260527T234036Z,C0101,10,215,00000,000000,District - Darbhanga,total,sikh,persons,832
census-india-2011,sources/census-2011/c-series/state-mdds/c01-10-bihar.xls,b00824a538230226,census-c01-extract-v1.1.0-20260527T234036Z,C0101,10,215,00000,000000,District - Darbhanga,total,sikh,males,410
census-india-2011,sources/census-2011/c-series/state-mdds/c01-10-bihar.xls,b00824a538230226,census-c01-extract-v1.1.0-20260527T234036Z,C0101,10,215,00000,000000,District - Darbhanga,total,sikh,females,422
census-india-2011,sources/census-2011/c-series/state-mdds/c01-10-bihar.xls,b00824a538230226,census-c01-extract-v1.1.0-20260527T234036Z,C0101,10,215,00000,000000,District - Darbhanga,total,buddhist,persons,245
census-india-2011,sources/census-2011/c-series/state-mdds/c01-10-bihar.xls,b00824a538230226,census-c01-extract-v1.1.0-20260527T234036Z,C0101,10,215,00000,000000,District - Darbhanga,total,buddhist,males,131
census-india-2011,sources/census-2011/c-series/state-mdds/c01-10-bihar.xls,b00824a538230226,census-c01-extract-v1.1.0-20260527T234036Z,C0101,10,215,00000,000000,District - Darbhanga,total,buddhist,females,114
census-india-2011,sources/census-2011/c-series/state-mdds/c01-10-bihar.xls,b00824a538230226,census-c01-extract-v1.1.0-20260527T234036Z,C0101,10,215,00000,000000,District - Darbhanga,total,jain,persons,236
census-india-2011,sources/census-2011/c-series/state-mdds/c01-10-bihar.xls,b00824a538230226,census-c01-extract-v1.1.0-20260527T234036Z,C0101,10,215,00000,000000,District - Darbhanga,total,jain,males,119
census-india-2011,sources/census-2011/c-series/state-mdds/c01-10-bihar.xls,b00824a538230226,census-c01-extract-v1.1.0-20260527T234036Z,C0101,10,215,00000,000000,District - Darbhanga,total,jain,females,117
census-india-2011,sources/census-2011/c-series/state-mdds/c01-10-bihar.xls,b00824a538230226,census-c01-extract-v1.1.0-20260527T234036Z,C0101,10,215,00000,000000,District - Darbhanga,total,other,persons,101
census-india-2011,sources/census-2011/c-series/state-mdds/c01-10-bihar.xls,b00824a538230226,census-c01-extract-v1.1.0-20260527T234036Z,C0101,10,215,00000,000000,District - Darbhanga,total,other,males,55
census-india-2011,sources/census-2011/c-series/state-mdds/c01-10-bihar.xls,b00824a538230226,census-c01-extract-v1.1.0-20260527T234036Z,C0101,10,215,00000,000000,District - Darbhanga,total,other,females,46
census-india-2011,sources/census-2011/c-series/state-mdds/c01-10-bihar.xls,b00824a538230226,census-c01-extract-v1.1.0-20260527T234036Z,C0101,10,215,00000,000000,District - Darbhanga,total,not_stated,persons,8232
census-india-2011,sources/census-2011/c-series/state-mdds/c01-10-bihar.xls,b00824a538230226,census-c01-extract-v1.1.0-20260527T234036Z,C0101,10,215,00000,000000,District - Darbhanga,total,not_stated,males,4580
census-india-2011,sources/census-2011/c-series/state-mdds/c01-10-bihar.xls,b00824a538230226,census-c01-extract-v1.1.0-20260527T234036Z,C0101,10,215,00000,000000,District - Darbhanga,total,not_stated,females,3652
census-india-2011,sources/census-2011/c-series/state-mdds/c01-10-bihar.xls,b00824a538230226,census-c01-extract-v1.1.0-20260527T234036Z,C0101,10,215,00000,000000,District - Darbhanga,rural,all,persons,3554057
census-india-2011,sources/census-2011/c-series/state-mdds/c01-10-bihar.xls,b00824a538230226,census-c01-extract-v1.1.0-20260527T234036Z,C0101,10,215,00000,000000,District - Darbhanga,rural,all,males,1858545
census-india-2011,sources/census-2011/c-series/state-mdds/c01-10-bihar.xls,b00824a538230226,census-c01-extract-v1.1.0-20260527T234036Z,C0101,10,215,00000,000000,District - Darbhanga,rural,all,females,1695512
census-india-2011,sources/census-2011/c-series/state-mdds/c01-10-bihar.xls,b00824a538230226,census-c01-extract-v1.1.0-20260527T234036Z,C0101,10,215,00000,000000,District - Darbhanga,rural,hindu,persons,2763206
census-india-2011,sources/census-2011/c-series/state-mdds/c01-10-bihar.xls,b00824a538230226,census-c01-extract-v1.1.0-20260527T234036Z,C0101,10,215,00000,000000,District - Darbhanga,rural,hindu,males,1451853
census-india-2011,sources/census-2011/c-series/state-mdds/c01-10-bihar.xls,b00824a538230226,census-c01-extract-v1.1.0-20260527T234036Z,C0101,10,215,00000,000000,District - Darbhanga,rural,hindu,females,1311353
census-india-2011,sources/census-2011/c-series/state-mdds/c01-10-bihar.xls,b00824a538230226,census-c01-extract-v1.1.0-20260527T234036Z,C0101,10,215,00000,000000,District - Darbhanga,rural,muslim,persons,779816
census-india-2011,sources/census-2011/c-series/state-mdds/c01-10-bihar.xls,b00824a538230226,census-c01-extract-v1.1.0-20260527T234036Z,C0101,10,215,00000,000000,District - Darbhanga,rural,muslim,males,400683
census-india-2011,sources/census-2011/c-series/state-mdds/c01-10-bihar.xls,b00824a538230226,census-c01-extract-v1.1.0-20260527T234036Z,C0101,10,215,00000,000000,District - Darbhanga,rural,muslim,females,379133
census-india-2011,sources/census-2011/c-series/state-mdds/c01-10-bihar.xls,b00824a538230226,census-c01-extract-v1.1.0-20260527T234036Z,C0101,10,215,00000,000000,District - Darbhanga,rural,christian,persons,2933
census-india-2011,sources/census-2011/c-series/state-mdds/c01-10-bihar.xls,b00824a538230226,census-c01-extract-v1.1.0-20260527T234036Z,C0101,10,215,00000,000000,District - Darbhanga,rural,christian,males,1505
census-india-2011,sources/census-2011/c-series/state-mdds/c01-10-bihar.xls,b00824a538230226,census-c01-extract-v1.1.0-20260527T234036Z,C0101,10,215,00000,000000,District - Darbhanga,rural,christian,females,1428
census-india-2011,sources/census-2011/c-series/state-mdds/c01-10-bihar.xls,b00824a538230226,census-c01-extract-v1.1.0-20260527T234036Z,C0101,10,215,00000,000000,District - Darbhanga,rural,sikh,persons,469
census-india-2011,sources/census-2011/c-series/state-mdds/c01-10-bihar.xls,b00824a538230226,census-c01-extract-v1.1.0-20260527T234036Z,C0101,10,215,00000,000000,District - Darbhanga,rural,sikh,males,232
census-india-2011,sources/census-2011/c-series/state-mdds/c01-10-bihar.xls,b00824a538230226,census-c01-extract-v1.1.0-20260527T234036Z,C0101,10,215,00000,000000,District - Darbhanga,rural,sikh,females,237
census-india-2011,sources/census-2011/c-series/state-mdds/c01-10-bihar.xls,b00824a538230226,census-c01-extract-v1.1.0-20260527T234036Z,C0101,10,215,00000,000000,District - Darbhanga,rural,buddhist,persons,224
census-india-2011,sources/census-2011/c-series/state-mdds/c01-10-bihar.xls,b00824a538230226,census-c01-extract-v1.1.0-20260527T234036Z,C0101,10,215,00000,000000,District - Darbhanga,rural,buddhist,males,118
census-india-2011,sources/census-2011/c-series/state-mdds/c01-10-bihar.xls,b00824a538230226,census-c01-extract-v1.1.0-20260527T234036Z,C0101,10,215,00000,000000,District - Darbhanga,rural,buddhist,females,106
census-india-2011,sources/census-2011/c-series/state-mdds/c01-10-bihar.xls,b00824a538230226,census-c01-extract-v1.1.0-20260527T234036Z,C0101,10,215,00000,000000,District - Darbhanga,rural,jain,persons,190
census-india-2011,sources/census-2011/c-series/state-mdds/c01-10-bihar.xls,b00824a538230226,census-c01-extract-v1.1.0-20260527T234036Z,C0101,10,215,00000,000000,District - Darbhanga,rural,jain,males,91
census-india-2011,sources/census-2011/c-series/state-mdds/c01-10-bihar.xls,b00824a538230226,census-c01-extract-v1.1.0-20260527T234036Z,C0101,10,215,00000,000000,District - Darbhanga,rural,jain,females,99
census-india-2011,sources/census-2011/c-series/state-mdds/c01-10-bihar.xls,b00824a538230226,census-c01-extract-v1.1.0-20260527T234036Z,C0101,10,215,00000,000000,District - Darbhanga,rural,other,persons,89
census-india-2011,sources/census-2011/c-series/state-mdds/c01-10-bihar.xls,b00824a538230226,census-c01-extract-v1.1.0-20260527T234036Z,C0101,10,215,00000,000000,District - Darbhanga,rural,other,males,49
census-india-2011,sources/census-2011/c-series/state-mdds/c01-10-bihar.xls,b00824a538230226,census-c01-extract-v1.1.0-20260527T234036Z,C0101,10,215,00000,000000,District - Darbhanga,rural,other,females,40
census-india-2011,sources/census-2011/c-series/state-mdds/c01-10-bihar.xls,b00824a538230226,census-c01-extract-v1.1.0-20260527T234036Z,C0101,10,215,00000,000000,District - Darbhanga,rural,not_stated,persons,7130
census-india-2011,sources/census-2011/c-series/state-mdds/c01-10-bihar.xls,b00824a538230226,census-c01-extract-v1.1.0-20260527T234036Z,C0101,10,215,00000,000000,District - Darbhanga,rural,not_stated,males,4014
census-india-2011,sources/census-2011/c-series/state-mdds/c01-10-bihar.xls,b00824a538230226,census-c01-extract-v1.1.0-20260527T234036Z,C0101,10,215,00000,000000,District - Darbhanga,rural,not_stated,females,3116
census-india-2011,sources/census-2011/c-series/state-mdds/c01-10-bihar.xls,b00824a538230226,census-c01-extract-v1.1.0-20260527T234036Z,C0101,10,215,00000,000000,District - Darbhanga,urban,all,persons,383328
census-india-2011,sources/census-2011/c-series/state-mdds/c01-10-bihar.xls,b00824a538230226,census-c01-extract-v1.1.0-20260527T234036Z,C0101,10,215,00000,000000,District - Darbhanga,urban,all,males,201404
census-india-2011,sources/census-2011/c-series/state-mdds/c01-10-bihar.xls,b00824a538230226,census-c01-extract-v1.1.0-20260527T234036Z,C0101,10,215,00000,000000,District - Darbhanga,urban,all,females,181924
census-india-2011,sources/census-2011/c-series/state-mdds/c01-10-bihar.xls,b00824a538230226,census-c01-extract-v1.1.0-20260527T234036Z,C0101,10,215,00000,000000,District - Darbhanga,urban,hindu,persons,279523
census-india-2011,sources/census-2011/c-series/state-mdds/c01-10-bihar.xls,b00824a538230226,census-c01-extract-v1.1.0-20260527T234036Z,C0101,10,215,00000,000000,District - Darbhanga,urban,hindu,males,147544
census-india-2011,sources/census-2011/c-series/state-mdds/c01-10-bihar.xls,b00824a538230226,census-c01-extract-v1.1.0-20260527T234036Z,C0101,10,215,00000,000000,District - Darbhanga,urban,hindu,females,131979
census-india-2011,sources/census-2011/c-series/state-mdds/c01-10-bihar.xls,b00824a538230226,census-c01-extract-v1.1.0-20260527T234036Z,C0101,10,215,00000,000000,District - Darbhanga,urban,muslim,persons,101660
census-india-2011,sources/census-2011/c-series/state-mdds/c01-10-bihar.xls,b00824a538230226,census-c01-extract-v1.1.0-20260527T234036Z,C0101,10,215,00000,000000,District - Darbhanga,urban,muslim,males,52761
census-india-2011,sources/census-2011/c-series/state-mdds/c01-10-bihar.xls,b00824a538230226,census-c01-extract-v1.1.0-20260527T234036Z,C0101,10,215,00000,000000,District - Darbhanga,urban,muslim,females,48899
census-india-2011,sources/census-2011/c-series/state-mdds/c01-10-bihar.xls,b00824a538230226,census-c01-extract-v1.1.0-20260527T234036Z,C0101,10,215,00000,000000,District - Darbhanga,urban,christian,persons,601
census-india-2011,sources/census-2011/c-series/state-mdds/c01-10-bihar.xls,b00824a538230226,census-c01-extract-v1.1.0-20260527T234036Z,C0101,10,215,00000,000000,District - Darbhanga,urban,christian,males,308
census-india-2011,sources/census-2011/c-series/state-mdds/c01-10-bihar.xls,b00824a538230226,census-c01-extract-v1.1.0-20260527T234036Z,C0101,10,215,00000,000000,District - Darbhanga,urban,christian,females,293
census-india-2011,sources/census-2011/c-series/state-mdds/c01-10-bihar.xls,b00824a538230226,census-c01-extract-v1.1.0-20260527T234036Z,C0101,10,215,00000,000000,District - Darbhanga,urban,sikh,persons,363
census-india-2011,sources/census-2011/c-series/state-mdds/c01-10-bihar.xls,b00824a538230226,census-c01-extract-v1.1.0-20260527T234036Z,C0101,10,215,00000,000000,District - Darbhanga,urban,sikh,males,178
census-india-2011,sources/census-2011/c-series/state-mdds/c01-10-bihar.xls,b00824a538230226,census-c01-extract-v1.1.0-20260527T234036Z,C0101,10,215,00000,000000,District - Darbhanga,urban,sikh,females,185
census-india-2011,sources/census-2011/c-series/state-mdds/c01-10-bihar.xls,b00824a538230226,census-c01-extract-v1.1.0-20260527T234036Z,C0101,10,215,00000,000000,District - Darbhanga,urban,buddhist,persons,21
census-india-2011,sources/census-2011/c-series/state-mdds/c01-10-bihar.xls,b00824a538230226,census-c01-extract-v1.1.0-20260527T234036Z,C0101,10,215,00000,000000,District - Darbhanga,urban,buddhist,males,13
census-india-2011,sources/census-2011/c-series/state-mdds/c01-10-bihar.xls,b00824a538230226,census-c01-extract-v1.1.0-20260527T234036Z,C0101,10,215,00000,000000,District - Darbhanga,urban,buddhist,females,8
census-india-2011,sources/census-2011/c-series/state-mdds/c01-10-bihar.xls,b00824a538230226,census-c01-extract-v1.1.0-20260527T234036Z,C0101,10,215,00000,000000,District - Darbhanga,urban,jain,persons,46
census-india-2011,sources/census-2011/c-series/state-mdds/c01-10-bihar.xls,b00824a538230226,census-c01-extract-v1.1.0-20260527T234036Z,C0101,10,215,00000,000000,District - Darbhanga,urban,jain,males,28
census-india-2011,sources/census-2011/c-series/state-mdds/c01-10-bihar.xls,b00824a538230226,census-c01-extract-v1.1.0-20260527T234036Z,C0101,10,215,00000,000000,District - Darbhanga,urban,jain,females,18
census-india-2011,sources/census-2011/c-series/state-mdds/c01-10-bihar.xls,b00824a538230226,census-c01-extract-v1.1.0-20260527T234036Z,C0101,10,215,00000,000000,District - Darbhanga,urban,other,persons,12
census-india-2011,sources/census-2011/c-series/state-mdds/c01-10-bihar.xls,b00824a538230226,census-c01-extract-v1.1.0-20260527T234036Z,C0101,10,215,00000,000000,District - Darbhanga,urban,other,males,6
census-india-2011,sources/census-2011/c-series/state-mdds/c01-10-bihar.xls,b00824a538230226,census-c01-extract-v1.1.0-20260527T234036Z,C0101,10,215,00000,000000,District - Darbhanga,urban,other,females,6
census-india-2011,sources/census-2011/c-series/state-mdds/c01-10-bihar.xls,b00824a538230226,census-c01-extract-v1.1.0-20260527T234036Z,C0101,10,215,00000,000000,District - Darbhanga,urban,not_stated,persons,1102
census-india-2011,sources/census-2011/c-series/state-mdds/c01-10-bihar.xls,b00824a538230226,census-c01-extract-v1.1.0-20260527T234036Z,C0101,10,215,00000,000000,District - Darbhanga,urban,not_stated,males,566
census-india-2011,sources/census-2011/c-series/state-mdds/c01-10-bihar.xls,b00824a538230226,census-c01-extract-v1.1.0-20260527T234036Z,C0101,10,215,00000,000000,District - Darbhanga,urban,not_stated,females,536
census-india-2011,sources/census-2011/c-series/state-mdds/c01-10-bihar.xls,b00824a538230226,census-c01-extract-v1.1.0-20260527T234036Z,C0101,10,216,00000,000000,District - Muzaffarpur,total,all,persons,4801062
census-india-2011,sources/census-2011/c-series/state-mdds/c01-10-bihar.xls,b00824a538230226,census-c01-extract-v1.1.0-20260527T234036Z,C0101,10,216,00000,000000,District - Muzaffarpur,total,all,males,2527497
census-india-2011,sources/census-2011/c-series/state-mdds/c01-10-bihar.xls,b00824a538230226,census-c01-extract-v1.1.0-20260527T234036Z,C0101,10,216,00000,000000,District - Muzaffarpur,total,all,females,2273565
census-india-2011,sources/census-2011/c-series/state-mdds/c01-10-bihar.xls,b00824a538230226,census-c01-extract-v1.1.0-20260527T234036Z,C0101,10,216,00000,000000,District - Muzaffarpur,total,hindu,persons,4032773
census-india-2011,sources/census-2011/c-series/state-mdds/c01-10-bihar.xls,b00824a538230226,census-c01-extract-v1.1.0-20260527T234036Z,C0101,10,216,00000,000000,District - Muzaffarpur,total,hindu,males,2128605
census-india-2011,sources/census-2011/c-series/state-mdds/c01-10-bihar.xls,b00824a538230226,census-c01-extract-v1.1.0-20260527T234036Z,C0101,10,216,00000,000000,District - Muzaffarpur,total,hindu,females,1904168
census-india-2011,sources/census-2011/c-series/state-mdds/c01-10-bihar.xls,b00824a538230226,census-c01-extract-v1.1.0-20260527T234036Z,C0101,10,216,00000,000000,District - Muzaffarpur,total,muslim,persons,745546
census-india-2011,sources/census-2011/c-series/state-mdds/c01-10-bihar.xls,b00824a538230226,census-c01-extract-v1.1.0-20260527T234036Z,C0101,10,216,00000,000000,District - Muzaffarpur,total,muslim,males,387034
census-india-2011,sources/census-2011/c-series/state-mdds/c01-10-bihar.xls,b00824a538230226,census-c01-extract-v1.1.0-20260527T234036Z,C0101,10,216,00000,000000,District - Muzaffarpur,total,muslim,females,358512
census-india-2011,sources/census-2011/c-series/state-mdds/c01-10-bihar.xls,b00824a538230226,census-c01-extract-v1.1.0-20260527T234036Z,C0101,10,216,00000,000000,District - Muzaffarpur,total,christian,persons,5149
census-india-2011,sources/census-2011/c-series/state-mdds/c01-10-bihar.xls,b00824a538230226,census-c01-extract-v1.1.0-20260527T234036Z,C0101,10,216,00000,000000,District - Muzaffarpur,total,christian,males,2655
census-india-2011,sources/census-2011/c-series/state-mdds/c01-10-bihar.xls,b00824a538230226,census-c01-extract-v1.1.0-20260527T234036Z,C0101,10,216,00000,000000,District - Muzaffarpur,total,christian,females,2494
census-india-2011,sources/census-2011/c-series/state-mdds/c01-10-bihar.xls,b00824a538230226,census-c01-extract-v1.1.0-20260527T234036Z,C0101,10,216,00000,000000,District - Muzaffarpur,total,sikh,persons,933
census-india-2011,sources/census-2011/c-series/state-mdds/c01-10-bihar.xls,b00824a538230226,census-c01-extract-v1.1.0-20260527T234036Z,C0101,10,216,00000,000000,District - Muzaffarpur,total,sikh,males,494
census-india-2011,sources/census-2011/c-series/state-mdds/c01-10-bihar.xls,b00824a538230226,census-c01-extract-v1.1.0-20260527T234036Z,C0101,10,216,00000,000000,District - Muzaffarpur,total,sikh,females,439
census-india-2011,sources/census-2011/c-series/state-mdds/c01-10-bihar.xls,b00824a538230226,census-c01-extract-v1.1.0-20260527T234036Z,C0101,10,216,00000,000000,District - Muzaffarpur,total,buddhist,persons,288
census-india-2011,sources/census-2011/c-series/state-mdds/c01-10-bihar.xls,b00824a538230226,census-c01-extract-v1.1.0-20260527T234036Z,C0101,10,216,00000,000000,District - Muzaffarpur,total,buddhist,males,157
census-india-2011,sources/census-2011/c-series/state-mdds/c01-10-bihar.xls,b00824a538230226,census-c01-extract-v1.1.0-20260527T234036Z,C0101,10,216,00000,000000,District - Muzaffarpur,total,buddhist,females,131
census-india-2011,sources/census-2011/c-series/state-mdds/c01-10-bihar.xls,b00824a538230226,census-c01-extract-v1.1.0-20260527T234036Z,C0101,10,216,00000,000000,District - Muzaffarpur,total,jain,persons,382
census-india-2011,sources/census-2011/c-series/state-mdds/c01-10-bihar.xls,b00824a538230226,census-c01-extract-v1.1.0-20260527T234036Z,C0101,10,216,00000,000000,District - Muzaffarpur,total,jain,males,202
census-india-2011,sources/census-2011/c-series/state-mdds/c01-10-bihar.xls,b00824a538230226,census-c01-extract-v1.1.0-20260527T234036Z,C0101,10,216,00000,000000,District - Muzaffarpur,total,jain,females,180
census-india-2011,sources/census-2011/c-series/state-mdds/c01-10-bihar.xls,b00824a538230226,census-c01-extract-v1.1.0-20260527T234036Z,C0101,10,216,00000,000000,District - Muzaffarpur,total,other,persons,98
census-india-2011,sources/census-2011/c-series/state-mdds/c01-10-bihar.xls,b00824a538230226,census-c01-extract-v1.1.0-20260527T234036Z,C0101,10,216,00000,000000,District - Muzaffarpur,total,other,males,46
census-india-2011,sources/census-2011/c-series/state-mdds/c01-10-bihar.xls,b00824a538230226,census-c01-extract-v1.1.0-20260527T234036Z,C0101,10,216,00000,000000,District - Muzaffarpur,total,other,females,52
census-india-2011,sources/census-2011/c-series/state-mdds/c01-10-bihar.xls,b00824a538230226,census-c01-extract-v1.1.0-20260527T234036Z,C0101,10,216,00000,000000,District - Muzaffarpur,total,not_stated,persons,15893
census-india-2011,sources/census-2011/c-series/state-mdds/c01-10-bihar.xls,b00824a538230226,census-c01-extract-v1.1.0-20260527T234036Z,C0101,10,216,00000,000000,District - Muzaffarpur,total,not_stated,males,8304
census-india-2011,sources/census-2011/c-series/state-mdds/c01-10-bihar.xls,b00824a538230226,census-c01-extract-v1.1.0-20260527T234036Z,C0101,10,216,00000,000000,District - Muzaffarpur,total,not_stated,females,7589
census-india-2011,sources/census-2011/c-series/state-mdds/c01-10-bihar.xls,b00824a538230226,census-c01-extract-v1.1.0-20260527T234036Z,C0101,10,216,00000,000000,District - Muzaffarpur,rural,all,persons,4327625
census-india-2011,sources/census-2011/c-series/state-mdds/c01-10-bihar.xls,b00824a538230226,census-c01-extract-v1.1.0-20260527T234036Z,C0101,10,216,00000,000000,District - Muzaffarpur,rural,all,males,2276812
census-india-2011,sources/census-2011/c-series/state-mdds/c01-10-bihar.xls,b00824a538230226,census-c01-extract-v1.1.0-20260527T234036Z,C0101,10,216,00000,000000,District - Muzaffarpur,rural,all,females,2050813
census-india-2011,sources/census-2011/c-series/state-mdds/c01-10-bihar.xls,b00824a538230226,census-c01-extract-v1.1.0-20260527T234036Z,C0101,10,216,00000,000000,District - Muzaffarpur,rural,hindu,persons,3661680
census-india-2011,sources/census-2011/c-series/state-mdds/c01-10-bihar.xls,b00824a538230226,census-c01-extract-v1.1.0-20260527T234036Z,C0101,10,216,00000,000000,District - Muzaffarpur,rural,hindu,males,1931186
census-india-2011,sources/census-2011/c-series/state-mdds/c01-10-bihar.xls,b00824a538230226,census-c01-extract-v1.1.0-20260527T234036Z,C0101,10,216,00000,000000,District - Muzaffarpur,rural,hindu,females,1730494
census-india-2011,sources/census-2011/c-series/state-mdds/c01-10-bihar.xls,b00824a538230226,census-c01-extract-v1.1.0-20260527T234036Z,C0101,10,216,00000,000000,District - Muzaffarpur,rural,muslim,persons,648501
census-india-2011,sources/census-2011/c-series/state-mdds/c01-10-bihar.xls,b00824a538230226,census-c01-extract-v1.1.0-20260527T234036Z,C0101,10,216,00000,000000,District - Muzaffarpur,rural,muslim,males,336433
census-india-2011,sources/census-2011/c-series/state-mdds/c01-10-bihar.xls,b00824a538230226,census-c01-extract-v1.1.0-20260527T234036Z,C0101,10,216,00000,000000,District - Muzaffarpur,rural,muslim,females,312068
census-india-2011,sources/census-2011/c-series/state-mdds/c01-10-bihar.xls,b00824a538230226,census-c01-extract-v1.1.0-20260527T234036Z,C0101,10,216,00000,000000,District - Muzaffarpur,rural,christian,persons,3586
census-india-2011,sources/census-2011/c-series/state-mdds/c01-10-bihar.xls,b00824a538230226,census-c01-extract-v1.1.0-20260527T234036Z,C0101,10,216,00000,000000,District - Muzaffarpur,rural,christian,males,1891
census-india-2011,sources/census-2011/c-series/state-mdds/c01-10-bihar.xls,b00824a538230226,census-c01-extract-v1.1.0-20260527T234036Z,C0101,10,216,00000,000000,District - Muzaffarpur,rural,christian,females,1695
census-india-2011,sources/census-2011/c-series/state-mdds/c01-10-bihar.xls,b00824a538230226,census-c01-extract-v1.1.0-20260527T234036Z,C0101,10,216,00000,000000,District - Muzaffarpur,rural,sikh,persons,425
census-india-2011,sources/census-2011/c-series/state-mdds/c01-10-bihar.xls,b00824a538230226,census-c01-extract-v1.1.0-20260527T234036Z,C0101,10,216,00000,000000,District - Muzaffarpur,rural,sikh,males,231
census-india-2011,sources/census-2011/c-series/state-mdds/c01-10-bihar.xls,b00824a538230226,census-c01-extract-v1.1.0-20260527T234036Z,C0101,10,216,00000,000000,District - Muzaffarpur,rural,sikh,females,194
census-india-2011,sources/census-2011/c-series/state-mdds/c01-10-bihar.xls,b00824a538230226,census-c01-extract-v1.1.0-20260527T234036Z,C0101,10,216,00000,000000,District - Muzaffarpur,rural,buddhist,persons,244
census-india-2011,sources/census-2011/c-series/state-mdds/c01-10-bihar.xls,b00824a538230226,census-c01-extract-v1.1.0-20260527T234036Z,C0101,10,216,00000,000000,District - Muzaffarpur,rural,buddhist,males,134
census-india-2011,sources/census-2011/c-series/state-mdds/c01-10-bihar.xls,b00824a538230226,census-c01-extract-v1.1.0-20260527T234036Z,C0101,10,216,00000,000000,District - Muzaffarpur,rural,buddhist,females,110
census-india-2011,sources/census-2011/c-series/state-mdds/c01-10-bihar.xls,b00824a538230226,census-c01-extract-v1.1.0-20260527T234036Z,C0101,10,216,00000,000000,District - Muzaffarpur,rural,jain,persons,230
census-india-2011,sources/census-2011/c-series/state-mdds/c01-10-bihar.xls,b00824a538230226,census-c01-extract-v1.1.0-20260527T234036Z,C0101,10,216,00000,000000,District - Muzaffarpur,rural,jain,males,120
census-india-2011,sources/census-2011/c-series/state-mdds/c01-10-bihar.xls,b00824a538230226,census-c01-extract-v1.1.0-20260527T234036Z,C0101,10,216,00000,000000,District - Muzaffarpur,rural,jain,females,110
census-india-2011,sources/census-2011/c-series/state-mdds/c01-10-bihar.xls,b00824a538230226,census-c01-extract-v1.1.0-20260527T234036Z,C0101,10,216,00000,000000,District - Muzaffarpur,rural,other,persons,58
census-india-2011,sources/census-2011/c-series/state-mdds/c01-10-bihar.xls,b00824a538230226,census-c01-extract-v1.1.0-20260527T234036Z,C0101,10,216,00000,000000,District - Muzaffarpur,rural,other,males,24
census-india-2011,sources/census-2011/c-series/state-mdds/c01-10-bihar.xls,b00824a538230226,census-c01-extract-v1.1.0-20260527T234036Z,C0101,10,216,00000,000000,District - Muzaffarpur,rural,other,females,34
census-india-2011,sources/census-2011/c-series/state-mdds/c01-10-bihar.xls,b00824a538230226,census-c01-extract-v1.1.0-20260527T234036Z,C0101,10,216,00000,000000,District - Muzaffarpur,rural,not_stated,persons,12901
census-india-2011,sources/census-2011/c-series/state-mdds/c01-10-bihar.xls,b00824a538230226,census-c01-extract-v1.1.0-20260527T234036Z,C0101,10,216,00000,000000,District - Muzaffarpur,rural,not_stated,males,6793
census-india-2011,sources/census-2011/c-series/state-mdds/c01-10-bihar.xls,b00824a538230226,census-c01-extract-v1.1.0-20260527T234036Z,C0101,10,216,00000,000000,District - Muzaffarpur,rural,not_stated,females,6108
census-india-2011,sources/census-2011/c-series/state-mdds/c01-10-bihar.xls,b00824a538230226,census-c01-extract-v1.1.0-20260527T234036Z,C0101,10,216,00000,000000,District - Muzaffarpur,urban,all,persons,473437
census-india-2011,sources/census-2011/c-series/state-mdds/c01-10-bihar.xls,b00824a538230226,census-c01-extract-v1.1.0-20260527T234036Z,C0101,10,216,00000,000000,District - Muzaffarpur,urban,all,males,250685
census-india-2011,sources/census-2011/c-series/state-mdds/c01-10-bihar.xls,b00824a538230226,census-c01-extract-v1.1.0-20260527T234036Z,C0101,10,216,00000,000000,District - Muzaffarpur,urban,all,females,222752
census-india-2011,sources/census-2011/c-series/state-mdds/c01-10-bihar.xls,b00824a538230226,census-c01-extract-v1.1.0-20260527T234036Z,C0101,10,216,00000,000000,District - Muzaffarpur,urban,hindu,persons,371093
census-india-2011,sources/census-2011/c-series/state-mdds/c01-10-bihar.xls,b00824a538230226,census-c01-extract-v1.1.0-20260527T234036Z,C0101,10,216,00000,000000,District - Muzaffarpur,urban,hindu,males,197419
census-india-2011,sources/census-2011/c-series/state-mdds/c01-10-bihar.xls,b00824a538230226,census-c01-extract-v1.1.0-20260527T234036Z,C0101,10,216,00000,000000,District - Muzaffarpur,urban,hindu,females,173674
census-india-2011,sources/census-2011/c-series/state-mdds/c01-10-bihar.xls,b00824a538230226,census-c01-extract-v1.1.0-20260527T234036Z,C0101,10,216,00000,000000,District - Muzaffarpur,urban,muslim,persons,97045
census-india-2011,sources/census-2011/c-series/state-mdds/c01-10-bihar.xls,b00824a538230226,census-c01-extract-v1.1.0-20260527T234036Z,C0101,10,216,00000,000000,District - Muzaffarpur,urban,muslim,males,50601
census-india-2011,sources/census-2011/c-series/state-mdds/c01-10-bihar.xls,b00824a538230226,census-c01-extract-v1.1.0-20260527T234036Z,C0101,10,216,00000,000000,District - Muzaffarpur,urban,muslim,females,46444
census-india-2011,sources/census-2011/c-series/state-mdds/c01-10-bihar.xls,b00824a538230226,census-c01-extract-v1.1.0-20260527T234036Z,C0101,10,216,00000,000000,District - Muzaffarpur,urban,christian,persons,1563
census-india-2011,sources/census-2011/c-series/state-mdds/c01-10-bihar.xls,b00824a538230226,census-c01-extract-v1.1.0-20260527T234036Z,C0101,10,216,00000,000000,District - Muzaffarpur,urban,christian,males,764
census-india-2011,sources/census-2011/c-series/state-mdds/c01-10-bihar.xls,b00824a538230226,census-c01-extract-v1.1.0-20260527T234036Z,C0101,10,216,00000,000000,District - Muzaffarpur,urban,christian,females,799
census-india-2011,sources/census-2011/c-series/state-mdds/c01-10-bihar.xls,b00824a538230226,census-c01-extract-v1.1.0-20260527T234036Z,C0101,10,216,00000,000000,District - Muzaffarpur,urban,sikh,persons,508
census-india-2011,sources/census-2011/c-series/state-mdds/c01-10-bihar.xls,b00824a538230226,census-c01-extract-v1.1.0-20260527T234036Z,C0101,10,216,00000,000000,District - Muzaffarpur,urban,sikh,males,263
census-india-2011,sources/census-2011/c-series/state-mdds/c01-10-bihar.xls,b00824a538230226,census-c01-extract-v1.1.0-20260527T234036Z,C0101,10,216,00000,000000,District - Muzaffarpur,urban,sikh,females,245
census-india-2011,sources/census-2011/c-series/state-mdds/c01-10-bihar.xls,b00824a538230226,census-c01-extract-v1.1.0-20260527T234036Z,C0101,10,216,00000,000000,District - Muzaffarpur,urban,buddhist,persons,44
census-india-2011,sources/census-2011/c-series/state-mdds/c01-10-bihar.xls,b00824a538230226,census-c01-extract-v1.1.0-20260527T234036Z,C0101,10,216,00000,000000,District - Muzaffarpur,urban,buddhist,males,23
census-india-2011,sources/census-2011/c-series/state-mdds/c01-10-bihar.xls,b00824a538230226,census-c01-extract-v1.1.0-20260527T234036Z,C0101,10,216,00000,000000,District - Muzaffarpur,urban,buddhist,females,21
census-india-2011,sources/census-2011/c-series/state-mdds/c01-10-bihar.xls,b00824a538230226,census-c01-extract-v1.1.0-20260527T234036Z,C0101,10,216,00000,000000,District - Muzaffarpur,urban,jain,persons,152
census-india-2011,sources/census-2011/c-series/state-mdds/c01-10-bihar.xls,b00824a538230226,census-c01-extract-v1.1.0-20260527T234036Z,C0101,10,216,00000,000000,District - Muzaffarpur,urban,jain,males,82
census-india-2011,sources/census-2011/c-series/state-mdds/c01-10-bihar.xls,b00824a538230226,census-c01-extract-v1.1.0-20260527T234036Z,C0101,10,216,00000,000000,District - Muzaffarpur,urban,jain,females,70
census-india-2011,sources/census-2011/c-series/state-mdds/c01-10-bihar.xls,b00824a538230226,census-c01-extract-v1.1.0-20260527T234036Z,C0101,10,216,00000,000000,District - Muzaffarpur,urban,other,persons,40
census-india-2011,sources/census-2011/c-series/state-mdds/c01-10-bihar.xls,b00824a538230226,census-c01-extract-v1.1.0-20260527T234036Z,C0101,10,216,00000,000000,District - Muzaffarpur,urban,other,males,22
census-india-2011,sources/census-2011/c-series/state-mdds/c01-10-bihar.xls,b00824a538230226,census-c01-extract-v1.1.0-20260527T234036Z,C0101,10,216,00000,000000,District - Muzaffarpur,urban,other,females,18
census-india-2011,sources/census-2011/c-series/state-mdds/c01-10-bihar.xls,b00824a538230226,census-c01-extract-v1.1.0-20260527T234036Z,C0101,10,216,00000,000000,District - Muzaffarpur,urban,not_stated,persons,2992
census-india-2011,sources/census-2011/c-series/state-mdds/c01-10-bihar.xls,b00824a538230226,census-c01-extract-v1.1.0-20260527T234036Z,C0101,10,216,00000,000000,District - Muzaffarpur,urban,not_stated,males,1511
census-india-2011,sources/census-2011/c-series/state-mdds/c01-10-bihar.xls,b00824a538230226,census-c01-extract-v1.1.0-20260527T234036Z,C0101,10,216,00000,000000,District - Muzaffarpur,urban,not_stated,females,1481
census-india-2011,sources/census-2011/c-series/state-mdds/c01-10-bihar.xls,b00824a538230226,census-c01-extract-v1.1.0-20260527T234036Z,C0101,10,217,00000,000000,District - Gopalganj,total,all,persons,2562012
census-india-2011,sources/census-2011/c-series/state-mdds/c01-10-bihar.xls,b00824a538230226,census-c01-extract-v1.1.0-20260527T234036Z,C0101,10,217,00000,000000,District - Gopalganj,total,all,males,1267666
census-india-2011,sources/census-2011/c-series/state-mdds/c01-10-bihar.xls,b00824a538230226,census-c01-extract-v1.1.0-20260527T234036Z,C0101,10,217,00000,000000,District - Gopalganj,total,all,females,1294346
census-india-2011,sources/census-2011/c-series/state-mdds/c01-10-bihar.xls,b00824a538230226,census-c01-extract-v1.1.0-20260527T234036Z,C0101,10,217,00000,000000,District - Gopalganj,total,hindu,persons,2119262
census-india-2011,sources/census-2011/c-series/state-mdds/c01-10-bihar.xls,b00824a538230226,census-c01-extract-v1.1.0-20260527T234036Z,C0101,10,217,00000,000000,District - Gopalganj,total,hindu,males,1052392
census-india-2011,sources/census-2011/c-series/state-mdds/c01-10-bihar.xls,b00824a538230226,census-c01-extract-v1.1.0-20260527T234036Z,C0101,10,217,00000,000000,District - Gopalganj,total,hindu,females,1066870
census-india-2011,sources/census-2011/c-series/state-mdds/c01-10-bihar.xls,b00824a538230226,census-c01-extract-v1.1.0-20260527T234036Z,C0101,10,217,00000,000000,District - Gopalganj,total,muslim,persons,436057
census-india-2011,sources/census-2011/c-series/state-mdds/c01-10-bihar.xls,b00824a538230226,census-c01-extract-v1.1.0-20260527T234036Z,C0101,10,217,00000,000000,District - Gopalganj,total,muslim,males,211959
census-india-2011,sources/census-2011/c-series/state-mdds/c01-10-bihar.xls,b00824a538230226,census-c01-extract-v1.1.0-20260527T234036Z,C0101,10,217,00000,000000,District - Gopalganj,total,muslim,females,224098
census-india-2011,sources/census-2011/c-series/state-mdds/c01-10-bihar.xls,b00824a538230226,census-c01-extract-v1.1.0-20260527T234036Z,C0101,10,217,00000,000000,District - Gopalganj,total,christian,persons,2463
census-india-2011,sources/census-2011/c-series/state-mdds/c01-10-bihar.xls,b00824a538230226,census-c01-extract-v1.1.0-20260527T234036Z,C0101,10,217,00000,000000,District - Gopalganj,total,christian,males,1212
census-india-2011,sources/census-2011/c-series/state-mdds/c01-10-bihar.xls,b00824a538230226,census-c01-extract-v1.1.0-20260527T234036Z,C0101,10,217,00000,000000,District - Gopalganj,total,christian,females,1251
census-india-2011,sources/census-2011/c-series/state-mdds/c01-10-bihar.xls,b00824a538230226,census-c01-extract-v1.1.0-20260527T234036Z,C0101,10,217,00000,000000,District - Gopalganj,total,sikh,persons,271
census-india-2011,sources/census-2011/c-series/state-mdds/c01-10-bihar.xls,b00824a538230226,census-c01-extract-v1.1.0-20260527T234036Z,C0101,10,217,00000,000000,District - Gopalganj,total,sikh,males,122
census-india-2011,sources/census-2011/c-series/state-mdds/c01-10-bihar.xls,b00824a538230226,census-c01-extract-v1.1.0-20260527T234036Z,C0101,10,217,00000,000000,District - Gopalganj,total,sikh,females,149
census-india-2011,sources/census-2011/c-series/state-mdds/c01-10-bihar.xls,b00824a538230226,census-c01-extract-v1.1.0-20260527T234036Z,C0101,10,217,00000,000000,District - Gopalganj,total,buddhist,persons,167
census-india-2011,sources/census-2011/c-series/state-mdds/c01-10-bihar.xls,b00824a538230226,census-c01-extract-v1.1.0-20260527T234036Z,C0101,10,217,00000,000000,District - Gopalganj,total,buddhist,males,88
census-india-2011,sources/census-2011/c-series/state-mdds/c01-10-bihar.xls,b00824a538230226,census-c01-extract-v1.1.0-20260527T234036Z,C0101,10,217,00000,000000,District - Gopalganj,total,buddhist,females,79
census-india-2011,sources/census-2011/c-series/state-mdds/c01-10-bihar.xls,b00824a538230226,census-c01-extract-v1.1.0-20260527T234036Z,C0101,10,217,00000,000000,District - Gopalganj,total,jain,persons,133
census-india-2011,sources/census-2011/c-series/state-mdds/c01-10-bihar.xls,b00824a538230226,census-c01-extract-v1.1.0-20260527T234036Z,C0101,10,217,00000,000000,District - Gopalganj,total,jain,males,67
census-india-2011,sources/census-2011/c-series/state-mdds/c01-10-bihar.xls,b00824a538230226,census-c01-extract-v1.1.0-20260527T234036Z,C0101,10,217,00000,000000,District - Gopalganj,total,jain,females,66
census-india-2011,sources/census-2011/c-series/state-mdds/c01-10-bihar.xls,b00824a538230226,census-c01-extract-v1.1.0-20260527T234036Z,C0101,10,217,00000,000000,District - Gopalganj,total,other,persons,28
census-india-2011,sources/census-2011/c-series/state-mdds/c01-10-bihar.xls,b00824a538230226,census-c01-extract-v1.1.0-20260527T234036Z,C0101,10,217,00000,000000,District - Gopalganj,total,other,males,15
census-india-2011,sources/census-2011/c-series/state-mdds/c01-10-bihar.xls,b00824a538230226,census-c01-extract-v1.1.0-20260527T234036Z,C0101,10,217,00000,000000,District - Gopalganj,total,other,females,13
census-india-2011,sources/census-2011/c-series/state-mdds/c01-10-bihar.xls,b00824a538230226,census-c01-extract-v1.1.0-20260527T234036Z,C0101,10,217,00000,000000,District - Gopalganj,total,not_stated,persons,3631
census-india-2011,sources/census-2011/c-series/state-mdds/c01-10-bihar.xls,b00824a538230226,census-c01-extract-v1.1.0-20260527T234036Z,C0101,10,217,00000,000000,District - Gopalganj,total,not_stated,males,1811
census-india-2011,sources/census-2011/c-series/state-mdds/c01-10-bihar.xls,b00824a538230226,census-c01-extract-v1.1.0-20260527T234036Z,C0101,10,217,00000,000000,District - Gopalganj,total,not_stated,females,1820
census-india-2011,sources/census-2011/c-series/state-mdds/c01-10-bihar.xls,b00824a538230226,census-c01-extract-v1.1.0-20260527T234036Z,C0101,10,217,00000,000000,District - Gopalganj,rural,all,persons,2399207
census-india-2011,sources/census-2011/c-series/state-mdds/c01-10-bihar.xls,b00824a538230226,census-c01-extract-v1.1.0-20260527T234036Z,C0101,10,217,00000,000000,District - Gopalganj,rural,all,males,1184967
census-india-2011,sources/census-2011/c-series/state-mdds/c01-10-bihar.xls,b00824a538230226,census-c01-extract-v1.1.0-20260527T234036Z,C0101,10,217,00000,000000,District - Gopalganj,rural,all,females,1214240
census-india-2011,sources/census-2011/c-series/state-mdds/c01-10-bihar.xls,b00824a538230226,census-c01-extract-v1.1.0-20260527T234036Z,C0101,10,217,00000,000000,District - Gopalganj,rural,hindu,persons,1988662
census-india-2011,sources/census-2011/c-series/state-mdds/c01-10-bihar.xls,b00824a538230226,census-c01-extract-v1.1.0-20260527T234036Z,C0101,10,217,00000,000000,District - Gopalganj,rural,hindu,males,985733
census-india-2011,sources/census-2011/c-series/state-mdds/c01-10-bihar.xls,b00824a538230226,census-c01-extract-v1.1.0-20260527T234036Z,C0101,10,217,00000,000000,District - Gopalganj,rural,hindu,females,1002929
census-india-2011,sources/census-2011/c-series/state-mdds/c01-10-bihar.xls,b00824a538230226,census-c01-extract-v1.1.0-20260527T234036Z,C0101,10,217,00000,000000,District - Gopalganj,rural,muslim,persons,404348
census-india-2011,sources/census-2011/c-series/state-mdds/c01-10-bihar.xls,b00824a538230226,census-c01-extract-v1.1.0-20260527T234036Z,C0101,10,217,00000,000000,District - Gopalganj,rural,muslim,males,196178
census-india-2011,sources/census-2011/c-series/state-mdds/c01-10-bihar.xls,b00824a538230226,census-c01-extract-v1.1.0-20260527T234036Z,C0101,10,217,00000,000000,District - Gopalganj,rural,muslim,females,208170
census-india-2011,sources/census-2011/c-series/state-mdds/c01-10-bihar.xls,b00824a538230226,census-c01-extract-v1.1.0-20260527T234036Z,C0101,10,217,00000,000000,District - Gopalganj,rural,christian,persons,2237
census-india-2011,sources/census-2011/c-series/state-mdds/c01-10-bihar.xls,b00824a538230226,census-c01-extract-v1.1.0-20260527T234036Z,C0101,10,217,00000,000000,District - Gopalganj,rural,christian,males,1091
census-india-2011,sources/census-2011/c-series/state-mdds/c01-10-bihar.xls,b00824a538230226,census-c01-extract-v1.1.0-20260527T234036Z,C0101,10,217,00000,000000,District - Gopalganj,rural,christian,females,1146
census-india-2011,sources/census-2011/c-series/state-mdds/c01-10-bihar.xls,b00824a538230226,census-c01-extract-v1.1.0-20260527T234036Z,C0101,10,217,00000,000000,District - Gopalganj,rural,sikh,persons,226
census-india-2011,sources/census-2011/c-series/state-mdds/c01-10-bihar.xls,b00824a538230226,census-c01-extract-v1.1.0-20260527T234036Z,C0101,10,217,00000,000000,District - Gopalganj,rural,sikh,males,102
census-india-2011,sources/census-2011/c-series/state-mdds/c01-10-bihar.xls,b00824a538230226,census-c01-extract-v1.1.0-20260527T234036Z,C0101,10,217,00000,000000,District - Gopalganj,rural,sikh,females,124
census-india-2011,sources/census-2011/c-series/state-mdds/c01-10-bihar.xls,b00824a538230226,census-c01-extract-v1.1.0-20260527T234036Z,C0101,10,217,00000,000000,District - Gopalganj,rural,buddhist,persons,155
census-india-2011,sources/census-2011/c-series/state-mdds/c01-10-bihar.xls,b00824a538230226,census-c01-extract-v1.1.0-20260527T234036Z,C0101,10,217,00000,000000,District - Gopalganj,rural,buddhist,males,83
census-india-2011,sources/census-2011/c-series/state-mdds/c01-10-bihar.xls,b00824a538230226,census-c01-extract-v1.1.0-20260527T234036Z,C0101,10,217,00000,000000,District - Gopalganj,rural,buddhist,females,72
census-india-2011,sources/census-2011/c-series/state-mdds/c01-10-bihar.xls,b00824a538230226,census-c01-extract-v1.1.0-20260527T234036Z,C0101,10,217,00000,000000,District - Gopalganj,rural,jain,persons,115
census-india-2011,sources/census-2011/c-series/state-mdds/c01-10-bihar.xls,b00824a538230226,census-c01-extract-v1.1.0-20260527T234036Z,C0101,10,217,00000,000000,District - Gopalganj,rural,jain,males,59
census-india-2011,sources/census-2011/c-series/state-mdds/c01-10-bihar.xls,b00824a538230226,census-c01-extract-v1.1.0-20260527T234036Z,C0101,10,217,00000,000000,District - Gopalganj,rural,jain,females,56
census-india-2011,sources/census-2011/c-series/state-mdds/c01-10-bihar.xls,b00824a538230226,census-c01-extract-v1.1.0-20260527T234036Z,C0101,10,217,00000,000000,District - Gopalganj,rural,other,persons,26
census-india-2011,sources/census-2011/c-series/state-mdds/c01-10-bihar.xls,b00824a538230226,census-c01-extract-v1.1.0-20260527T234036Z,C0101,10,217,00000,000000,District - Gopalganj,rural,other,males,14
census-india-2011,sources/census-2011/c-series/state-mdds/c01-10-bihar.xls,b00824a538230226,census-c01-extract-v1.1.0-20260527T234036Z,C0101,10,217,00000,000000,District - Gopalganj,rural,other,females,12
census-india-2011,sources/census-2011/c-series/state-mdds/c01-10-bihar.xls,b00824a538230226,census-c01-extract-v1.1.0-20260527T234036Z,C0101,10,217,00000,000000,District - Gopalganj,rural,not_stated,persons,3438
census-india-2011,sources/census-2011/c-series/state-mdds/c01-10-bihar.xls,b00824a538230226,census-c01-extract-v1.1.0-20260527T234036Z,C0101,10,217,00000,000000,District - Gopalganj,rural,not_stated,males,1707
census-india-2011,sources/census-2011/c-series/state-mdds/c01-10-bihar.xls,b00824a538230226,census-c01-extract-v1.1.0-20260527T234036Z,C0101,10,217,00000,000000,District - Gopalganj,rural,not_stated,females,1731
census-india-2011,sources/census-2011/c-series/state-mdds/c01-10-bihar.xls,b00824a538230226,census-c01-extract-v1.1.0-20260527T234036Z,C0101,10,217,00000,000000,District - Gopalganj,urban,all,persons,162805
census-india-2011,sources/census-2011/c-series/state-mdds/c01-10-bihar.xls,b00824a538230226,census-c01-extract-v1.1.0-20260527T234036Z,C0101,10,217,00000,000000,District - Gopalganj,urban,all,males,82699
census-india-2011,sources/census-2011/c-series/state-mdds/c01-10-bihar.xls,b00824a538230226,census-c01-extract-v1.1.0-20260527T234036Z,C0101,10,217,00000,000000,District - Gopalganj,urban,all,females,80106
census-india-2011,sources/census-2011/c-series/state-mdds/c01-10-bihar.xls,b00824a538230226,census-c01-extract-v1.1.0-20260527T234036Z,C0101,10,217,00000,000000,District - Gopalganj,urban,hindu,persons,130600
census-india-2011,sources/census-2011/c-series/state-mdds/c01-10-bihar.xls,b00824a538230226,census-c01-extract-v1.1.0-20260527T234036Z,C0101,10,217,00000,000000,District - Gopalganj,urban,hindu,males,66659
census-india-2011,sources/census-2011/c-series/state-mdds/c01-10-bihar.xls,b00824a538230226,census-c01-extract-v1.1.0-20260527T234036Z,C0101,10,217,00000,000000,District - Gopalganj,urban,hindu,females,63941
census-india-2011,sources/census-2011/c-series/state-mdds/c01-10-bihar.xls,b00824a538230226,census-c01-extract-v1.1.0-20260527T234036Z,C0101,10,217,00000,000000,District - Gopalganj,urban,muslim,persons,31709
census-india-2011,sources/census-2011/c-series/state-mdds/c01-10-bihar.xls,b00824a538230226,census-c01-extract-v1.1.0-20260527T234036Z,C0101,10,217,00000,000000,District - Gopalganj,urban,muslim,males,15781
census-india-2011,sources/census-2011/c-series/state-mdds/c01-10-bihar.xls,b00824a538230226,census-c01-extract-v1.1.0-20260527T234036Z,C0101,10,217,00000,000000,District - Gopalganj,urban,muslim,females,15928
census-india-2011,sources/census-2011/c-series/state-mdds/c01-10-bihar.xls,b00824a538230226,census-c01-extract-v1.1.0-20260527T234036Z,C0101,10,217,00000,000000,District - Gopalganj,urban,christian,persons,226
census-india-2011,sources/census-2011/c-series/state-mdds/c01-10-bihar.xls,b00824a538230226,census-c01-extract-v1.1.0-20260527T234036Z,C0101,10,217,00000,000000,District - Gopalganj,urban,christian,males,121
census-india-2011,sources/census-2011/c-series/state-mdds/c01-10-bihar.xls,b00824a538230226,census-c01-extract-v1.1.0-20260527T234036Z,C0101,10,217,00000,000000,District - Gopalganj,urban,christian,females,105
census-india-2011,sources/census-2011/c-series/state-mdds/c01-10-bihar.xls,b00824a538230226,census-c01-extract-v1.1.0-20260527T234036Z,C0101,10,217,00000,000000,District - Gopalganj,urban,sikh,persons,45
census-india-2011,sources/census-2011/c-series/state-mdds/c01-10-bihar.xls,b00824a538230226,census-c01-extract-v1.1.0-20260527T234036Z,C0101,10,217,00000,000000,District - Gopalganj,urban,sikh,males,20
census-india-2011,sources/census-2011/c-series/state-mdds/c01-10-bihar.xls,b00824a538230226,census-c01-extract-v1.1.0-20260527T234036Z,C0101,10,217,00000,000000,District - Gopalganj,urban,sikh,females,25
census-india-2011,sources/census-2011/c-series/state-mdds/c01-10-bihar.xls,b00824a538230226,census-c01-extract-v1.1.0-20260527T234036Z,C0101,10,217,00000,000000,District - Gopalganj,urban,buddhist,persons,12
census-india-2011,sources/census-2011/c-series/state-mdds/c01-10-bihar.xls,b00824a538230226,census-c01-extract-v1.1.0-20260527T234036Z,C0101,10,217,00000,000000,District - Gopalganj,urban,buddhist,males,5
census-india-2011,sources/census-2011/c-series/state-mdds/c01-10-bihar.xls,b00824a538230226,census-c01-extract-v1.1.0-20260527T234036Z,C0101,10,217,00000,000000,District - Gopalganj,urban,buddhist,females,7
census-india-2011,sources/census-2011/c-series/state-mdds/c01-10-bihar.xls,b00824a538230226,census-c01-extract-v1.1.0-20260527T234036Z,C0101,10,217,00000,000000,District - Gopalganj,urban,jain,persons,18
census-india-2011,sources/census-2011/c-series/state-mdds/c01-10-bihar.xls,b00824a538230226,census-c01-extract-v1.1.0-20260527T234036Z,C0101,10,217,00000,000000,District - Gopalganj,urban,jain,males,8
census-india-2011,sources/census-2011/c-series/state-mdds/c01-10-bihar.xls,b00824a538230226,census-c01-extract-v1.1.0-20260527T234036Z,C0101,10,217,00000,000000,District - Gopalganj,urban,jain,females,10
census-india-2011,sources/census-2011/c-series/state-mdds/c01-10-bihar.xls,b00824a538230226,census-c01-extract-v1.1.0-20260527T234036Z,C0101,10,217,00000,000000,District - Gopalganj,urban,other,persons,2
census-india-2011,sources/census-2011/c-series/state-mdds/c01-10-bihar.xls,b00824a538230226,census-c01-extract-v1.1.0-20260527T234036Z,C0101,10,217,00000,000000,District - Gopalganj,urban,other,males,1
census-india-2011,sources/census-2011/c-series/state-mdds/c01-10-bihar.xls,b00824a538230226,census-c01-extract-v1.1.0-20260527T234036Z,C0101,10,217,00000,000000,District - Gopalganj,urban,other,females,1
census-india-2011,sources/census-2011/c-series/state-mdds/c01-10-bihar.xls,b00824a538230226,census-c01-extract-v1.1.0-20260527T234036Z,C0101,10,217,00000,000000,District - Gopalganj,urban,not_stated,persons,193
census-india-2011,sources/census-2011/c-series/state-mdds/c01-10-bihar.xls,b00824a538230226,census-c01-extract-v1.1.0-20260527T234036Z,C0101,10,217,00000,000000,District - Gopalganj,urban,not_stated,males,104
census-india-2011,sources/census-2011/c-series/state-mdds/c01-10-bihar.xls,b00824a538230226,census-c01-extract-v1.1.0-20260527T234036Z,C0101,10,217,00000,000000,District - Gopalganj,urban,not_stated,females,89
census-india-2011,sources/census-2011/c-series/state-mdds/c01-10-bihar.xls,b00824a538230226,census-c01-extract-v1.1.0-20260527T234036Z,C0101,10,218,00000,000000,District - Siwan,total,all,persons,3330464
census-india-2011,sources/census-2011/c-series/state-mdds/c01-10-bihar.xls,b00824a538230226,census-c01-extract-v1.1.0-20260527T234036Z,C0101,10,218,00000,000000,District - Siwan,total,all,males,1675090
census-india-2011,sources/census-2011/c-series/state-mdds/c01-10-bihar.xls,b00824a538230226,census-c01-extract-v1.1.0-20260527T234036Z,C0101,10,218,00000,000000,District - Siwan,total,all,females,1655374
census-india-2011,sources/census-2011/c-series/state-mdds/c01-10-bihar.xls,b00824a538230226,census-c01-extract-v1.1.0-20260527T234036Z,C0101,10,218,00000,000000,District - Siwan,total,hindu,persons,2712635
census-india-2011,sources/census-2011/c-series/state-mdds/c01-10-bihar.xls,b00824a538230226,census-c01-extract-v1.1.0-20260527T234036Z,C0101,10,218,00000,000000,District - Siwan,total,hindu,males,1365234
census-india-2011,sources/census-2011/c-series/state-mdds/c01-10-bihar.xls,b00824a538230226,census-c01-extract-v1.1.0-20260527T234036Z,C0101,10,218,00000,000000,District - Siwan,total,hindu,females,1347401
census-india-2011,sources/census-2011/c-series/state-mdds/c01-10-bihar.xls,b00824a538230226,census-c01-extract-v1.1.0-20260527T234036Z,C0101,10,218,00000,000000,District - Siwan,total,muslim,persons,608282
census-india-2011,sources/census-2011/c-series/state-mdds/c01-10-bihar.xls,b00824a538230226,census-c01-extract-v1.1.0-20260527T234036Z,C0101,10,218,00000,000000,District - Siwan,total,muslim,males,305060
census-india-2011,sources/census-2011/c-series/state-mdds/c01-10-bihar.xls,b00824a538230226,census-c01-extract-v1.1.0-20260527T234036Z,C0101,10,218,00000,000000,District - Siwan,total,muslim,females,303222
census-india-2011,sources/census-2011/c-series/state-mdds/c01-10-bihar.xls,b00824a538230226,census-c01-extract-v1.1.0-20260527T234036Z,C0101,10,218,00000,000000,District - Siwan,total,christian,persons,2618
census-india-2011,sources/census-2011/c-series/state-mdds/c01-10-bihar.xls,b00824a538230226,census-c01-extract-v1.1.0-20260527T234036Z,C0101,10,218,00000,000000,District - Siwan,total,christian,males,1332
census-india-2011,sources/census-2011/c-series/state-mdds/c01-10-bihar.xls,b00824a538230226,census-c01-extract-v1.1.0-20260527T234036Z,C0101,10,218,00000,000000,District - Siwan,total,christian,females,1286
census-india-2011,sources/census-2011/c-series/state-mdds/c01-10-bihar.xls,b00824a538230226,census-c01-extract-v1.1.0-20260527T234036Z,C0101,10,218,00000,000000,District - Siwan,total,sikh,persons,369
census-india-2011,sources/census-2011/c-series/state-mdds/c01-10-bihar.xls,b00824a538230226,census-c01-extract-v1.1.0-20260527T234036Z,C0101,10,218,00000,000000,District - Siwan,total,sikh,males,180
census-india-2011,sources/census-2011/c-series/state-mdds/c01-10-bihar.xls,b00824a538230226,census-c01-extract-v1.1.0-20260527T234036Z,C0101,10,218,00000,000000,District - Siwan,total,sikh,females,189
census-india-2011,sources/census-2011/c-series/state-mdds/c01-10-bihar.xls,b00824a538230226,census-c01-extract-v1.1.0-20260527T234036Z,C0101,10,218,00000,000000,District - Siwan,total,buddhist,persons,407
census-india-2011,sources/census-2011/c-series/state-mdds/c01-10-bihar.xls,b00824a538230226,census-c01-extract-v1.1.0-20260527T234036Z,C0101,10,218,00000,000000,District - Siwan,total,buddhist,males,218
census-india-2011,sources/census-2011/c-series/state-mdds/c01-10-bihar.xls,b00824a538230226,census-c01-extract-v1.1.0-20260527T234036Z,C0101,10,218,00000,000000,District - Siwan,total,buddhist,females,189
census-india-2011,sources/census-2011/c-series/state-mdds/c01-10-bihar.xls,b00824a538230226,census-c01-extract-v1.1.0-20260527T234036Z,C0101,10,218,00000,000000,District - Siwan,total,jain,persons,359
census-india-2011,sources/census-2011/c-series/state-mdds/c01-10-bihar.xls,b00824a538230226,census-c01-extract-v1.1.0-20260527T234036Z,C0101,10,218,00000,000000,District - Siwan,total,jain,males,182
census-india-2011,sources/census-2011/c-series/state-mdds/c01-10-bihar.xls,b00824a538230226,census-c01-extract-v1.1.0-20260527T234036Z,C0101,10,218,00000,000000,District - Siwan,total,jain,females,177
census-india-2011,sources/census-2011/c-series/state-mdds/c01-10-bihar.xls,b00824a538230226,census-c01-extract-v1.1.0-20260527T234036Z,C0101,10,218,00000,000000,District - Siwan,total,other,persons,86
census-india-2011,sources/census-2011/c-series/state-mdds/c01-10-bihar.xls,b00824a538230226,census-c01-extract-v1.1.0-20260527T234036Z,C0101,10,218,00000,000000,District - Siwan,total,other,males,44
census-india-2011,sources/census-2011/c-series/state-mdds/c01-10-bihar.xls,b00824a538230226,census-c01-extract-v1.1.0-20260527T234036Z,C0101,10,218,00000,000000,District - Siwan,total,other,females,42
census-india-2011,sources/census-2011/c-series/state-mdds/c01-10-bihar.xls,b00824a538230226,census-c01-extract-v1.1.0-20260527T234036Z,C0101,10,218,00000,000000,District - Siwan,total,not_stated,persons,5708
census-india-2011,sources/census-2011/c-series/state-mdds/c01-10-bihar.xls,b00824a538230226,census-c01-extract-v1.1.0-20260527T234036Z,C0101,10,218,00000,000000,District - Siwan,total,not_stated,males,2840
census-india-2011,sources/census-2011/c-series/state-mdds/c01-10-bihar.xls,b00824a538230226,census-c01-extract-v1.1.0-20260527T234036Z,C0101,10,218,00000,000000,District - Siwan,total,not_stated,females,2868
census-india-2011,sources/census-2011/c-series/state-mdds/c01-10-bihar.xls,b00824a538230226,census-c01-extract-v1.1.0-20260527T234036Z,C0101,10,218,00000,000000,District - Siwan,rural,all,persons,3147551
census-india-2011,sources/census-2011/c-series/state-mdds/c01-10-bihar.xls,b00824a538230226,census-c01-extract-v1.1.0-20260527T234036Z,C0101,10,218,00000,000000,District - Siwan,rural,all,males,1579685
census-india-2011,sources/census-2011/c-series/state-mdds/c01-10-bihar.xls,b00824a538230226,census-c01-extract-v1.1.0-20260527T234036Z,C0101,10,218,00000,000000,District - Siwan,rural,all,females,1567866
census-india-2011,sources/census-2011/c-series/state-mdds/c01-10-bihar.xls,b00824a538230226,census-c01-extract-v1.1.0-20260527T234036Z,C0101,10,218,00000,000000,District - Siwan,rural,hindu,persons,2584581
census-india-2011,sources/census-2011/c-series/state-mdds/c01-10-bihar.xls,b00824a538230226,census-c01-extract-v1.1.0-20260527T234036Z,C0101,10,218,00000,000000,District - Siwan,rural,hindu,males,1298086
census-india-2011,sources/census-2011/c-series/state-mdds/c01-10-bihar.xls,b00824a538230226,census-c01-extract-v1.1.0-20260527T234036Z,C0101,10,218,00000,000000,District - Siwan,rural,hindu,females,1286495
census-india-2011,sources/census-2011/c-series/state-mdds/c01-10-bihar.xls,b00824a538230226,census-c01-extract-v1.1.0-20260527T234036Z,C0101,10,218,00000,000000,District - Siwan,rural,muslim,persons,554970
census-india-2011,sources/census-2011/c-series/state-mdds/c01-10-bihar.xls,b00824a538230226,census-c01-extract-v1.1.0-20260527T234036Z,C0101,10,218,00000,000000,District - Siwan,rural,muslim,males,277589
census-india-2011,sources/census-2011/c-series/state-mdds/c01-10-bihar.xls,b00824a538230226,census-c01-extract-v1.1.0-20260527T234036Z,C0101,10,218,00000,000000,District - Siwan,rural,muslim,females,277381
census-india-2011,sources/census-2011/c-series/state-mdds/c01-10-bihar.xls,b00824a538230226,census-c01-extract-v1.1.0-20260527T234036Z,C0101,10,218,00000,000000,District - Siwan,rural,christian,persons,2379
census-india-2011,sources/census-2011/c-series/state-mdds/c01-10-bihar.xls,b00824a538230226,census-c01-extract-v1.1.0-20260527T234036Z,C0101,10,218,00000,000000,District - Siwan,rural,christian,males,1218
census-india-2011,sources/census-2011/c-series/state-mdds/c01-10-bihar.xls,b00824a538230226,census-c01-extract-v1.1.0-20260527T234036Z,C0101,10,218,00000,000000,District - Siwan,rural,christian,females,1161
census-india-2011,sources/census-2011/c-series/state-mdds/c01-10-bihar.xls,b00824a538230226,census-c01-extract-v1.1.0-20260527T234036Z,C0101,10,218,00000,000000,District - Siwan,rural,sikh,persons,277
census-india-2011,sources/census-2011/c-series/state-mdds/c01-10-bihar.xls,b00824a538230226,census-c01-extract-v1.1.0-20260527T234036Z,C0101,10,218,00000,000000,District - Siwan,rural,sikh,males,128
census-india-2011,sources/census-2011/c-series/state-mdds/c01-10-bihar.xls,b00824a538230226,census-c01-extract-v1.1.0-20260527T234036Z,C0101,10,218,00000,000000,District - Siwan,rural,sikh,females,149
census-india-2011,sources/census-2011/c-series/state-mdds/c01-10-bihar.xls,b00824a538230226,census-c01-extract-v1.1.0-20260527T234036Z,C0101,10,218,00000,000000,District - Siwan,rural,buddhist,persons,349
census-india-2011,sources/census-2011/c-series/state-mdds/c01-10-bihar.xls,b00824a538230226,census-c01-extract-v1.1.0-20260527T234036Z,C0101,10,218,00000,000000,District - Siwan,rural,buddhist,males,188
census-india-2011,sources/census-2011/c-series/state-mdds/c01-10-bihar.xls,b00824a538230226,census-c01-extract-v1.1.0-20260527T234036Z,C0101,10,218,00000,000000,District - Siwan,rural,buddhist,females,161
census-india-2011,sources/census-2011/c-series/state-mdds/c01-10-bihar.xls,b00824a538230226,census-c01-extract-v1.1.0-20260527T234036Z,C0101,10,218,00000,000000,District - Siwan,rural,jain,persons,254
census-india-2011,sources/census-2011/c-series/state-mdds/c01-10-bihar.xls,b00824a538230226,census-c01-extract-v1.1.0-20260527T234036Z,C0101,10,218,00000,000000,District - Siwan,rural,jain,males,124
census-india-2011,sources/census-2011/c-series/state-mdds/c01-10-bihar.xls,b00824a538230226,census-c01-extract-v1.1.0-20260527T234036Z,C0101,10,218,00000,000000,District - Siwan,rural,jain,females,130
census-india-2011,sources/census-2011/c-series/state-mdds/c01-10-bihar.xls,b00824a538230226,census-c01-extract-v1.1.0-20260527T234036Z,C0101,10,218,00000,000000,District - Siwan,rural,other,persons,85
census-india-2011,sources/census-2011/c-series/state-mdds/c01-10-bihar.xls,b00824a538230226,census-c01-extract-v1.1.0-20260527T234036Z,C0101,10,218,00000,000000,District - Siwan,rural,other,males,43
census-india-2011,sources/census-2011/c-series/state-mdds/c01-10-bihar.xls,b00824a538230226,census-c01-extract-v1.1.0-20260527T234036Z,C0101,10,218,00000,000000,District - Siwan,rural,other,females,42
census-india-2011,sources/census-2011/c-series/state-mdds/c01-10-bihar.xls,b00824a538230226,census-c01-extract-v1.1.0-20260527T234036Z,C0101,10,218,00000,000000,District - Siwan,rural,not_stated,persons,4656
census-india-2011,sources/census-2011/c-series/state-mdds/c01-10-bihar.xls,b00824a538230226,census-c01-extract-v1.1.0-20260527T234036Z,C0101,10,218,00000,000000,District - Siwan,rural,not_stated,males,2309
census-india-2011,sources/census-2011/c-series/state-mdds/c01-10-bihar.xls,b00824a538230226,census-c01-extract-v1.1.0-20260527T234036Z,C0101,10,218,00000,000000,District - Siwan,rural,not_stated,females,2347
census-india-2011,sources/census-2011/c-series/state-mdds/c01-10-bihar.xls,b00824a538230226,census-c01-extract-v1.1.0-20260527T234036Z,C0101,10,218,00000,000000,District - Siwan,urban,all,persons,182913
census-india-2011,sources/census-2011/c-series/state-mdds/c01-10-bihar.xls,b00824a538230226,census-c01-extract-v1.1.0-20260527T234036Z,C0101,10,218,00000,000000,District - Siwan,urban,all,males,95405
census-india-2011,sources/census-2011/c-series/state-mdds/c01-10-bihar.xls,b00824a538230226,census-c01-extract-v1.1.0-20260527T234036Z,C0101,10,218,00000,000000,District - Siwan,urban,all,females,87508
census-india-2011,sources/census-2011/c-series/state-mdds/c01-10-bihar.xls,b00824a538230226,census-c01-extract-v1.1.0-20260527T234036Z,C0101,10,218,00000,000000,District - Siwan,urban,hindu,persons,128054
census-india-2011,sources/census-2011/c-series/state-mdds/c01-10-bihar.xls,b00824a538230226,census-c01-extract-v1.1.0-20260527T234036Z,C0101,10,218,00000,000000,District - Siwan,urban,hindu,males,67148
census-india-2011,sources/census-2011/c-series/state-mdds/c01-10-bihar.xls,b00824a538230226,census-c01-extract-v1.1.0-20260527T234036Z,C0101,10,218,00000,000000,District - Siwan,urban,hindu,females,60906
census-india-2011,sources/census-2011/c-series/state-mdds/c01-10-bihar.xls,b00824a538230226,census-c01-extract-v1.1.0-20260527T234036Z,C0101,10,218,00000,000000,District - Siwan,urban,muslim,persons,53312
census-india-2011,sources/census-2011/c-series/state-mdds/c01-10-bihar.xls,b00824a538230226,census-c01-extract-v1.1.0-20260527T234036Z,C0101,10,218,00000,000000,District - Siwan,urban,muslim,males,27471
census-india-2011,sources/census-2011/c-series/state-mdds/c01-10-bihar.xls,b00824a538230226,census-c01-extract-v1.1.0-20260527T234036Z,C0101,10,218,00000,000000,District - Siwan,urban,muslim,females,25841
census-india-2011,sources/census-2011/c-series/state-mdds/c01-10-bihar.xls,b00824a538230226,census-c01-extract-v1.1.0-20260527T234036Z,C0101,10,218,00000,000000,District - Siwan,urban,christian,persons,239
census-india-2011,sources/census-2011/c-series/state-mdds/c01-10-bihar.xls,b00824a538230226,census-c01-extract-v1.1.0-20260527T234036Z,C0101,10,218,00000,000000,District - Siwan,urban,christian,males,114
census-india-2011,sources/census-2011/c-series/state-mdds/c01-10-bihar.xls,b00824a538230226,census-c01-extract-v1.1.0-20260527T234036Z,C0101,10,218,00000,000000,District - Siwan,urban,christian,females,125
census-india-2011,sources/census-2011/c-series/state-mdds/c01-10-bihar.xls,b00824a538230226,census-c01-extract-v1.1.0-20260527T234036Z,C0101,10,218,00000,000000,District - Siwan,urban,sikh,persons,92
census-india-2011,sources/census-2011/c-series/state-mdds/c01-10-bihar.xls,b00824a538230226,census-c01-extract-v1.1.0-20260527T234036Z,C0101,10,218,00000,000000,District - Siwan,urban,sikh,males,52
census-india-2011,sources/census-2011/c-series/state-mdds/c01-10-bihar.xls,b00824a538230226,census-c01-extract-v1.1.0-20260527T234036Z,C0101,10,218,00000,000000,District - Siwan,urban,sikh,females,40
census-india-2011,sources/census-2011/c-series/state-mdds/c01-10-bihar.xls,b00824a538230226,census-c01-extract-v1.1.0-20260527T234036Z,C0101,10,218,00000,000000,District - Siwan,urban,buddhist,persons,58
census-india-2011,sources/census-2011/c-series/state-mdds/c01-10-bihar.xls,b00824a538230226,census-c01-extract-v1.1.0-20260527T234036Z,C0101,10,218,00000,000000,District - Siwan,urban,buddhist,males,30
census-india-2011,sources/census-2011/c-series/state-mdds/c01-10-bihar.xls,b00824a538230226,census-c01-extract-v1.1.0-20260527T234036Z,C0101,10,218,00000,000000,District - Siwan,urban,buddhist,females,28
census-india-2011,sources/census-2011/c-series/state-mdds/c01-10-bihar.xls,b00824a538230226,census-c01-extract-v1.1.0-20260527T234036Z,C0101,10,218,00000,000000,District - Siwan,urban,jain,persons,105
census-india-2011,sources/census-2011/c-series/state-mdds/c01-10-bihar.xls,b00824a538230226,census-c01-extract-v1.1.0-20260527T234036Z,C0101,10,218,00000,000000,District - Siwan,urban,jain,males,58
census-india-2011,sources/census-2011/c-series/state-mdds/c01-10-bihar.xls,b00824a538230226,census-c01-extract-v1.1.0-20260527T234036Z,C0101,10,218,00000,000000,District - Siwan,urban,jain,females,47
census-india-2011,sources/census-2011/c-series/state-mdds/c01-10-bihar.xls,b00824a538230226,census-c01-extract-v1.1.0-20260527T234036Z,C0101,10,218,00000,000000,District - Siwan,urban,other,persons,1
census-india-2011,sources/census-2011/c-series/state-mdds/c01-10-bihar.xls,b00824a538230226,census-c01-extract-v1.1.0-20260527T234036Z,C0101,10,218,00000,000000,District - Siwan,urban,other,males,1
census-india-2011,sources/census-2011/c-series/state-mdds/c01-10-bihar.xls,b00824a538230226,census-c01-extract-v1.1.0-20260527T234036Z,C0101,10,218,00000,000000,District - Siwan,urban,other,females,0
census-india-2011,sources/census-2011/c-series/state-mdds/c01-10-bihar.xls,b00824a538230226,census-c01-extract-v1.1.0-20260527T234036Z,C0101,10,218,00000,000000,District - Siwan,urban,not_stated,persons,1052
census-india-2011,sources/census-2011/c-series/state-mdds/c01-10-bihar.xls,b00824a538230226,census-c01-extract-v1.1.0-20260527T234036Z,C0101,10,218,00000,000000,District - Siwan,urban,not_stated,males,531
census-india-2011,sources/census-2011/c-series/state-mdds/c01-10-bihar.xls,b00824a538230226,census-c01-extract-v1.1.0-20260527T234036Z,C0101,10,218,00000,000000,District - Siwan,urban,not_stated,females,521
census-india-2011,sources/census-2011/c-series/state-mdds/c01-10-bihar.xls,b00824a538230226,census-c01-extract-v1.1.0-20260527T234036Z,C0101,10,219,00000,000000,District - Saran,total,all,persons,3951862
census-india-2011,sources/census-2011/c-series/state-mdds/c01-10-bihar.xls,b00824a538230226,census-c01-extract-v1.1.0-20260527T234036Z,C0101,10,219,00000,000000,District - Saran,total,all,males,2022821
census-india-2011,sources/census-2011/c-series/state-mdds/c01-10-bihar.xls,b00824a538230226,census-c01-extract-v1.1.0-20260527T234036Z,C0101,10,219,00000,000000,District - Saran,total,all,females,1929041
census-india-2011,sources/census-2011/c-series/state-mdds/c01-10-bihar.xls,b00824a538230226,census-c01-extract-v1.1.0-20260527T234036Z,C0101,10,219,00000,000000,District - Saran,total,hindu,persons,3534772
census-india-2011,sources/census-2011/c-series/state-mdds/c01-10-bihar.xls,b00824a538230226,census-c01-extract-v1.1.0-20260527T234036Z,C0101,10,219,00000,000000,District - Saran,total,hindu,males,1812436
census-india-2011,sources/census-2011/c-series/state-mdds/c01-10-bihar.xls,b00824a538230226,census-c01-extract-v1.1.0-20260527T234036Z,C0101,10,219,00000,000000,District - Saran,total,hindu,females,1722336
census-india-2011,sources/census-2011/c-series/state-mdds/c01-10-bihar.xls,b00824a538230226,census-c01-extract-v1.1.0-20260527T234036Z,C0101,10,219,00000,000000,District - Saran,total,muslim,persons,406449
census-india-2011,sources/census-2011/c-series/state-mdds/c01-10-bihar.xls,b00824a538230226,census-c01-extract-v1.1.0-20260527T234036Z,C0101,10,219,00000,000000,District - Saran,total,muslim,males,204842
census-india-2011,sources/census-2011/c-series/state-mdds/c01-10-bihar.xls,b00824a538230226,census-c01-extract-v1.1.0-20260527T234036Z,C0101,10,219,00000,000000,District - Saran,total,muslim,females,201607
census-india-2011,sources/census-2011/c-series/state-mdds/c01-10-bihar.xls,b00824a538230226,census-c01-extract-v1.1.0-20260527T234036Z,C0101,10,219,00000,000000,District - Saran,total,christian,persons,2330
census-india-2011,sources/census-2011/c-series/state-mdds/c01-10-bihar.xls,b00824a538230226,census-c01-extract-v1.1.0-20260527T234036Z,C0101,10,219,00000,000000,District - Saran,total,christian,males,1178
census-india-2011,sources/census-2011/c-series/state-mdds/c01-10-bihar.xls,b00824a538230226,census-c01-extract-v1.1.0-20260527T234036Z,C0101,10,219,00000,000000,District - Saran,total,christian,females,1152
census-india-2011,sources/census-2011/c-series/state-mdds/c01-10-bihar.xls,b00824a538230226,census-c01-extract-v1.1.0-20260527T234036Z,C0101,10,219,00000,000000,District - Saran,total,sikh,persons,371
census-india-2011,sources/census-2011/c-series/state-mdds/c01-10-bihar.xls,b00824a538230226,census-c01-extract-v1.1.0-20260527T234036Z,C0101,10,219,00000,000000,District - Saran,total,sikh,males,180
census-india-2011,sources/census-2011/c-series/state-mdds/c01-10-bihar.xls,b00824a538230226,census-c01-extract-v1.1.0-20260527T234036Z,C0101,10,219,00000,000000,District - Saran,total,sikh,females,191
census-india-2011,sources/census-2011/c-series/state-mdds/c01-10-bihar.xls,b00824a538230226,census-c01-extract-v1.1.0-20260527T234036Z,C0101,10,219,00000,000000,District - Saran,total,buddhist,persons,229
census-india-2011,sources/census-2011/c-series/state-mdds/c01-10-bihar.xls,b00824a538230226,census-c01-extract-v1.1.0-20260527T234036Z,C0101,10,219,00000,000000,District - Saran,total,buddhist,males,119
census-india-2011,sources/census-2011/c-series/state-mdds/c01-10-bihar.xls,b00824a538230226,census-c01-extract-v1.1.0-20260527T234036Z,C0101,10,219,00000,000000,District - Saran,total,buddhist,females,110
census-india-2011,sources/census-2011/c-series/state-mdds/c01-10-bihar.xls,b00824a538230226,census-c01-extract-v1.1.0-20260527T234036Z,C0101,10,219,00000,000000,District - Saran,total,jain,persons,322
census-india-2011,sources/census-2011/c-series/state-mdds/c01-10-bihar.xls,b00824a538230226,census-c01-extract-v1.1.0-20260527T234036Z,C0101,10,219,00000,000000,District - Saran,total,jain,males,166
census-india-2011,sources/census-2011/c-series/state-mdds/c01-10-bihar.xls,b00824a538230226,census-c01-extract-v1.1.0-20260527T234036Z,C0101,10,219,00000,000000,District - Saran,total,jain,females,156
census-india-2011,sources/census-2011/c-series/state-mdds/c01-10-bihar.xls,b00824a538230226,census-c01-extract-v1.1.0-20260527T234036Z,C0101,10,219,00000,000000,District - Saran,total,other,persons,107
census-india-2011,sources/census-2011/c-series/state-mdds/c01-10-bihar.xls,b00824a538230226,census-c01-extract-v1.1.0-20260527T234036Z,C0101,10,219,00000,000000,District - Saran,total,other,males,53
census-india-2011,sources/census-2011/c-series/state-mdds/c01-10-bihar.xls,b00824a538230226,census-c01-extract-v1.1.0-20260527T234036Z,C0101,10,219,00000,000000,District - Saran,total,other,females,54
census-india-2011,sources/census-2011/c-series/state-mdds/c01-10-bihar.xls,b00824a538230226,census-c01-extract-v1.1.0-20260527T234036Z,C0101,10,219,00000,000000,District - Saran,total,not_stated,persons,7282
census-india-2011,sources/census-2011/c-series/state-mdds/c01-10-bihar.xls,b00824a538230226,census-c01-extract-v1.1.0-20260527T234036Z,C0101,10,219,00000,000000,District - Saran,total,not_stated,males,3847
census-india-2011,sources/census-2011/c-series/state-mdds/c01-10-bihar.xls,b00824a538230226,census-c01-extract-v1.1.0-20260527T234036Z,C0101,10,219,00000,000000,District - Saran,total,not_stated,females,3435
census-india-2011,sources/census-2011/c-series/state-mdds/c01-10-bihar.xls,b00824a538230226,census-c01-extract-v1.1.0-20260527T234036Z,C0101,10,219,00000,000000,District - Saran,rural,all,persons,3598660
census-india-2011,sources/census-2011/c-series/state-mdds/c01-10-bihar.xls,b00824a538230226,census-c01-extract-v1.1.0-20260527T234036Z,C0101,10,219,00000,000000,District - Saran,rural,all,males,1838119
census-india-2011,sources/census-2011/c-series/state-mdds/c01-10-bihar.xls,b00824a538230226,census-c01-extract-v1.1.0-20260527T234036Z,C0101,10,219,00000,000000,District - Saran,rural,all,females,1760541
census-india-2011,sources/census-2011/c-series/state-mdds/c01-10-bihar.xls,b00824a538230226,census-c01-extract-v1.1.0-20260527T234036Z,C0101,10,219,00000,000000,District - Saran,rural,hindu,persons,3233052
census-india-2011,sources/census-2011/c-series/state-mdds/c01-10-bihar.xls,b00824a538230226,census-c01-extract-v1.1.0-20260527T234036Z,C0101,10,219,00000,000000,District - Saran,rural,hindu,males,1654150
census-india-2011,sources/census-2011/c-series/state-mdds/c01-10-bihar.xls,b00824a538230226,census-c01-extract-v1.1.0-20260527T234036Z,C0101,10,219,00000,000000,District - Saran,rural,hindu,females,1578902
census-india-2011,sources/census-2011/c-series/state-mdds/c01-10-bihar.xls,b00824a538230226,census-c01-extract-v1.1.0-20260527T234036Z,C0101,10,219,00000,000000,District - Saran,rural,muslim,persons,356392
census-india-2011,sources/census-2011/c-series/state-mdds/c01-10-bihar.xls,b00824a538230226,census-c01-extract-v1.1.0-20260527T234036Z,C0101,10,219,00000,000000,District - Saran,rural,muslim,males,179201
census-india-2011,sources/census-2011/c-series/state-mdds/c01-10-bihar.xls,b00824a538230226,census-c01-extract-v1.1.0-20260527T234036Z,C0101,10,219,00000,000000,District - Saran,rural,muslim,females,177191
census-india-2011,sources/census-2011/c-series/state-mdds/c01-10-bihar.xls,b00824a538230226,census-c01-extract-v1.1.0-20260527T234036Z,C0101,10,219,00000,000000,District - Saran,rural,christian,persons,1943
census-india-2011,sources/census-2011/c-series/state-mdds/c01-10-bihar.xls,b00824a538230226,census-c01-extract-v1.1.0-20260527T234036Z,C0101,10,219,00000,000000,District - Saran,rural,christian,males,966
census-india-2011,sources/census-2011/c-series/state-mdds/c01-10-bihar.xls,b00824a538230226,census-c01-extract-v1.1.0-20260527T234036Z,C0101,10,219,00000,000000,District - Saran,rural,christian,females,977
census-india-2011,sources/census-2011/c-series/state-mdds/c01-10-bihar.xls,b00824a538230226,census-c01-extract-v1.1.0-20260527T234036Z,C0101,10,219,00000,000000,District - Saran,rural,sikh,persons,300
census-india-2011,sources/census-2011/c-series/state-mdds/c01-10-bihar.xls,b00824a538230226,census-c01-extract-v1.1.0-20260527T234036Z,C0101,10,219,00000,000000,District - Saran,rural,sikh,males,141
census-india-2011,sources/census-2011/c-series/state-mdds/c01-10-bihar.xls,b00824a538230226,census-c01-extract-v1.1.0-20260527T234036Z,C0101,10,219,00000,000000,District - Saran,rural,sikh,females,159
census-india-2011,sources/census-2011/c-series/state-mdds/c01-10-bihar.xls,b00824a538230226,census-c01-extract-v1.1.0-20260527T234036Z,C0101,10,219,00000,000000,District - Saran,rural,buddhist,persons,206
census-india-2011,sources/census-2011/c-series/state-mdds/c01-10-bihar.xls,b00824a538230226,census-c01-extract-v1.1.0-20260527T234036Z,C0101,10,219,00000,000000,District - Saran,rural,buddhist,males,107
census-india-2011,sources/census-2011/c-series/state-mdds/c01-10-bihar.xls,b00824a538230226,census-c01-extract-v1.1.0-20260527T234036Z,C0101,10,219,00000,000000,District - Saran,rural,buddhist,females,99
census-india-2011,sources/census-2011/c-series/state-mdds/c01-10-bihar.xls,b00824a538230226,census-c01-extract-v1.1.0-20260527T234036Z,C0101,10,219,00000,000000,District - Saran,rural,jain,persons,211
census-india-2011,sources/census-2011/c-series/state-mdds/c01-10-bihar.xls,b00824a538230226,census-c01-extract-v1.1.0-20260527T234036Z,C0101,10,219,00000,000000,District - Saran,rural,jain,males,106
census-india-2011,sources/census-2011/c-series/state-mdds/c01-10-bihar.xls,b00824a538230226,census-c01-extract-v1.1.0-20260527T234036Z,C0101,10,219,00000,000000,District - Saran,rural,jain,females,105
census-india-2011,sources/census-2011/c-series/state-mdds/c01-10-bihar.xls,b00824a538230226,census-c01-extract-v1.1.0-20260527T234036Z,C0101,10,219,00000,000000,District - Saran,rural,other,persons,99
census-india-2011,sources/census-2011/c-series/state-mdds/c01-10-bihar.xls,b00824a538230226,census-c01-extract-v1.1.0-20260527T234036Z,C0101,10,219,00000,000000,District - Saran,rural,other,males,50
census-india-2011,sources/census-2011/c-series/state-mdds/c01-10-bihar.xls,b00824a538230226,census-c01-extract-v1.1.0-20260527T234036Z,C0101,10,219,00000,000000,District - Saran,rural,other,females,49
census-india-2011,sources/census-2011/c-series/state-mdds/c01-10-bihar.xls,b00824a538230226,census-c01-extract-v1.1.0-20260527T234036Z,C0101,10,219,00000,000000,District - Saran,rural,not_stated,persons,6457
census-india-2011,sources/census-2011/c-series/state-mdds/c01-10-bihar.xls,b00824a538230226,census-c01-extract-v1.1.0-20260527T234036Z,C0101,10,219,00000,000000,District - Saran,rural,not_stated,males,3398
census-india-2011,sources/census-2011/c-series/state-mdds/c01-10-bihar.xls,b00824a538230226,census-c01-extract-v1.1.0-20260527T234036Z,C0101,10,219,00000,000000,District - Saran,rural,not_stated,females,3059
census-india-2011,sources/census-2011/c-series/state-mdds/c01-10-bihar.xls,b00824a538230226,census-c01-extract-v1.1.0-20260527T234036Z,C0101,10,219,00000,000000,District - Saran,urban,all,persons,353202
census-india-2011,sources/census-2011/c-series/state-mdds/c01-10-bihar.xls,b00824a538230226,census-c01-extract-v1.1.0-20260527T234036Z,C0101,10,219,00000,000000,District - Saran,urban,all,males,184702
census-india-2011,sources/census-2011/c-series/state-mdds/c01-10-bihar.xls,b00824a538230226,census-c01-extract-v1.1.0-20260527T234036Z,C0101,10,219,00000,000000,District - Saran,urban,all,females,168500
census-india-2011,sources/census-2011/c-series/state-mdds/c01-10-bihar.xls,b00824a538230226,census-c01-extract-v1.1.0-20260527T234036Z,C0101,10,219,00000,000000,District - Saran,urban,hindu,persons,301720
census-india-2011,sources/census-2011/c-series/state-mdds/c01-10-bihar.xls,b00824a538230226,census-c01-extract-v1.1.0-20260527T234036Z,C0101,10,219,00000,000000,District - Saran,urban,hindu,males,158286
census-india-2011,sources/census-2011/c-series/state-mdds/c01-10-bihar.xls,b00824a538230226,census-c01-extract-v1.1.0-20260527T234036Z,C0101,10,219,00000,000000,District - Saran,urban,hindu,females,143434
census-india-2011,sources/census-2011/c-series/state-mdds/c01-10-bihar.xls,b00824a538230226,census-c01-extract-v1.1.0-20260527T234036Z,C0101,10,219,00000,000000,District - Saran,urban,muslim,persons,50057
census-india-2011,sources/census-2011/c-series/state-mdds/c01-10-bihar.xls,b00824a538230226,census-c01-extract-v1.1.0-20260527T234036Z,C0101,10,219,00000,000000,District - Saran,urban,muslim,males,25641
census-india-2011,sources/census-2011/c-series/state-mdds/c01-10-bihar.xls,b00824a538230226,census-c01-extract-v1.1.0-20260527T234036Z,C0101,10,219,00000,000000,District - Saran,urban,muslim,females,24416
census-india-2011,sources/census-2011/c-series/state-mdds/c01-10-bihar.xls,b00824a538230226,census-c01-extract-v1.1.0-20260527T234036Z,C0101,10,219,00000,000000,District - Saran,urban,christian,persons,387
census-india-2011,sources/census-2011/c-series/state-mdds/c01-10-bihar.xls,b00824a538230226,census-c01-extract-v1.1.0-20260527T234036Z,C0101,10,219,00000,000000,District - Saran,urban,christian,males,212
census-india-2011,sources/census-2011/c-series/state-mdds/c01-10-bihar.xls,b00824a538230226,census-c01-extract-v1.1.0-20260527T234036Z,C0101,10,219,00000,000000,District - Saran,urban,christian,females,175
census-india-2011,sources/census-2011/c-series/state-mdds/c01-10-bihar.xls,b00824a538230226,census-c01-extract-v1.1.0-20260527T234036Z,C0101,10,219,00000,000000,District - Saran,urban,sikh,persons,71
census-india-2011,sources/census-2011/c-series/state-mdds/c01-10-bihar.xls,b00824a538230226,census-c01-extract-v1.1.0-20260527T234036Z,C0101,10,219,00000,000000,District - Saran,urban,sikh,males,39
census-india-2011,sources/census-2011/c-series/state-mdds/c01-10-bihar.xls,b00824a538230226,census-c01-extract-v1.1.0-20260527T234036Z,C0101,10,219,00000,000000,District - Saran,urban,sikh,females,32
census-india-2011,sources/census-2011/c-series/state-mdds/c01-10-bihar.xls,b00824a538230226,census-c01-extract-v1.1.0-20260527T234036Z,C0101,10,219,00000,000000,District - Saran,urban,buddhist,persons,23
census-india-2011,sources/census-2011/c-series/state-mdds/c01-10-bihar.xls,b00824a538230226,census-c01-extract-v1.1.0-20260527T234036Z,C0101,10,219,00000,000000,District - Saran,urban,buddhist,males,12
census-india-2011,sources/census-2011/c-series/state-mdds/c01-10-bihar.xls,b00824a538230226,census-c01-extract-v1.1.0-20260527T234036Z,C0101,10,219,00000,000000,District - Saran,urban,buddhist,females,11
census-india-2011,sources/census-2011/c-series/state-mdds/c01-10-bihar.xls,b00824a538230226,census-c01-extract-v1.1.0-20260527T234036Z,C0101,10,219,00000,000000,District - Saran,urban,jain,persons,111
census-india-2011,sources/census-2011/c-series/state-mdds/c01-10-bihar.xls,b00824a538230226,census-c01-extract-v1.1.0-20260527T234036Z,C0101,10,219,00000,000000,District - Saran,urban,jain,males,60
census-india-2011,sources/census-2011/c-series/state-mdds/c01-10-bihar.xls,b00824a538230226,census-c01-extract-v1.1.0-20260527T234036Z,C0101,10,219,00000,000000,District - Saran,urban,jain,females,51
census-india-2011,sources/census-2011/c-series/state-mdds/c01-10-bihar.xls,b00824a538230226,census-c01-extract-v1.1.0-20260527T234036Z,C0101,10,219,00000,000000,District - Saran,urban,other,persons,8
census-india-2011,sources/census-2011/c-series/state-mdds/c01-10-bihar.xls,b00824a538230226,census-c01-extract-v1.1.0-20260527T234036Z,C0101,10,219,00000,000000,District - Saran,urban,other,males,3
census-india-2011,sources/census-2011/c-series/state-mdds/c01-10-bihar.xls,b00824a538230226,census-c01-extract-v1.1.0-20260527T234036Z,C0101,10,219,00000,000000,District - Saran,urban,other,females,5
census-india-2011,sources/census-2011/c-series/state-mdds/c01-10-bihar.xls,b00824a538230226,census-c01-extract-v1.1.0-20260527T234036Z,C0101,10,219,00000,000000,District - Saran,urban,not_stated,persons,825
census-india-2011,sources/census-2011/c-series/state-mdds/c01-10-bihar.xls,b00824a538230226,census-c01-extract-v1.1.0-20260527T234036Z,C0101,10,219,00000,000000,District - Saran,urban,not_stated,males,449
census-india-2011,sources/census-2011/c-series/state-mdds/c01-10-bihar.xls,b00824a538230226,census-c01-extract-v1.1.0-20260527T234036Z,C0101,10,219,00000,000000,District - Saran,urban,not_stated,females,376
census-india-2011,sources/census-2011/c-series/state-mdds/c01-10-bihar.xls,b00824a538230226,census-c01-extract-v1.1.0-20260527T234036Z,C0101,10,220,00000,000000,District - Vaishali,total,all,persons,3495021
census-india-2011,sources/census-2011/c-series/state-mdds/c01-10-bihar.xls,b00824a538230226,census-c01-extract-v1.1.0-20260527T234036Z,C0101,10,220,00000,000000,District - Vaishali,total,all,males,1844535
census-india-2011,sources/census-2011/c-series/state-mdds/c01-10-bihar.xls,b00824a538230226,census-c01-extract-v1.1.0-20260527T234036Z,C0101,10,220,00000,000000,District - Vaishali,total,all,females,1650486
census-india-2011,sources/census-2011/c-series/state-mdds/c01-10-bihar.xls,b00824a538230226,census-c01-extract-v1.1.0-20260527T234036Z,C0101,10,220,00000,000000,District - Vaishali,total,hindu,persons,3152346
census-india-2011,sources/census-2011/c-series/state-mdds/c01-10-bihar.xls,b00824a538230226,census-c01-extract-v1.1.0-20260527T234036Z,C0101,10,220,00000,000000,District - Vaishali,total,hindu,males,1666953
census-india-2011,sources/census-2011/c-series/state-mdds/c01-10-bihar.xls,b00824a538230226,census-c01-extract-v1.1.0-20260527T234036Z,C0101,10,220,00000,000000,District - Vaishali,total,hindu,females,1485393
census-india-2011,sources/census-2011/c-series/state-mdds/c01-10-bihar.xls,b00824a538230226,census-c01-extract-v1.1.0-20260527T234036Z,C0101,10,220,00000,000000,District - Vaishali,total,muslim,persons,333980
census-india-2011,sources/census-2011/c-series/state-mdds/c01-10-bihar.xls,b00824a538230226,census-c01-extract-v1.1.0-20260527T234036Z,C0101,10,220,00000,000000,District - Vaishali,total,muslim,males,172906
census-india-2011,sources/census-2011/c-series/state-mdds/c01-10-bihar.xls,b00824a538230226,census-c01-extract-v1.1.0-20260527T234036Z,C0101,10,220,00000,000000,District - Vaishali,total,muslim,females,161074
census-india-2011,sources/census-2011/c-series/state-mdds/c01-10-bihar.xls,b00824a538230226,census-c01-extract-v1.1.0-20260527T234036Z,C0101,10,220,00000,000000,District - Vaishali,total,christian,persons,2203
census-india-2011,sources/census-2011/c-series/state-mdds/c01-10-bihar.xls,b00824a538230226,census-c01-extract-v1.1.0-20260527T234036Z,C0101,10,220,00000,000000,District - Vaishali,total,christian,males,1136
census-india-2011,sources/census-2011/c-series/state-mdds/c01-10-bihar.xls,b00824a538230226,census-c01-extract-v1.1.0-20260527T234036Z,C0101,10,220,00000,000000,District - Vaishali,total,christian,females,1067
census-india-2011,sources/census-2011/c-series/state-mdds/c01-10-bihar.xls,b00824a538230226,census-c01-extract-v1.1.0-20260527T234036Z,C0101,10,220,00000,000000,District - Vaishali,total,sikh,persons,707
census-india-2011,sources/census-2011/c-series/state-mdds/c01-10-bihar.xls,b00824a538230226,census-c01-extract-v1.1.0-20260527T234036Z,C0101,10,220,00000,000000,District - Vaishali,total,sikh,males,354
census-india-2011,sources/census-2011/c-series/state-mdds/c01-10-bihar.xls,b00824a538230226,census-c01-extract-v1.1.0-20260527T234036Z,C0101,10,220,00000,000000,District - Vaishali,total,sikh,females,353
census-india-2011,sources/census-2011/c-series/state-mdds/c01-10-bihar.xls,b00824a538230226,census-c01-extract-v1.1.0-20260527T234036Z,C0101,10,220,00000,000000,District - Vaishali,total,buddhist,persons,362
census-india-2011,sources/census-2011/c-series/state-mdds/c01-10-bihar.xls,b00824a538230226,census-c01-extract-v1.1.0-20260527T234036Z,C0101,10,220,00000,000000,District - Vaishali,total,buddhist,males,186
census-india-2011,sources/census-2011/c-series/state-mdds/c01-10-bihar.xls,b00824a538230226,census-c01-extract-v1.1.0-20260527T234036Z,C0101,10,220,00000,000000,District - Vaishali,total,buddhist,females,176
census-india-2011,sources/census-2011/c-series/state-mdds/c01-10-bihar.xls,b00824a538230226,census-c01-extract-v1.1.0-20260527T234036Z,C0101,10,220,00000,000000,District - Vaishali,total,jain,persons,246
census-india-2011,sources/census-2011/c-series/state-mdds/c01-10-bihar.xls,b00824a538230226,census-c01-extract-v1.1.0-20260527T234036Z,C0101,10,220,00000,000000,District - Vaishali,total,jain,males,131
census-india-2011,sources/census-2011/c-series/state-mdds/c01-10-bihar.xls,b00824a538230226,census-c01-extract-v1.1.0-20260527T234036Z,C0101,10,220,00000,000000,District - Vaishali,total,jain,females,115
census-india-2011,sources/census-2011/c-series/state-mdds/c01-10-bihar.xls,b00824a538230226,census-c01-extract-v1.1.0-20260527T234036Z,C0101,10,220,00000,000000,District - Vaishali,total,other,persons,71
census-india-2011,sources/census-2011/c-series/state-mdds/c01-10-bihar.xls,b00824a538230226,census-c01-extract-v1.1.0-20260527T234036Z,C0101,10,220,00000,000000,District - Vaishali,total,other,males,41
census-india-2011,sources/census-2011/c-series/state-mdds/c01-10-bihar.xls,b00824a538230226,census-c01-extract-v1.1.0-20260527T234036Z,C0101,10,220,00000,000000,District - Vaishali,total,other,females,30
census-india-2011,sources/census-2011/c-series/state-mdds/c01-10-bihar.xls,b00824a538230226,census-c01-extract-v1.1.0-20260527T234036Z,C0101,10,220,00000,000000,District - Vaishali,total,not_stated,persons,5106
census-india-2011,sources/census-2011/c-series/state-mdds/c01-10-bihar.xls,b00824a538230226,census-c01-extract-v1.1.0-20260527T234036Z,C0101,10,220,00000,000000,District - Vaishali,total,not_stated,males,2828
census-india-2011,sources/census-2011/c-series/state-mdds/c01-10-bihar.xls,b00824a538230226,census-c01-extract-v1.1.0-20260527T234036Z,C0101,10,220,00000,000000,District - Vaishali,total,not_stated,females,2278
census-india-2011,sources/census-2011/c-series/state-mdds/c01-10-bihar.xls,b00824a538230226,census-c01-extract-v1.1.0-20260527T234036Z,C0101,10,220,00000,000000,District - Vaishali,rural,all,persons,3261942
census-india-2011,sources/census-2011/c-series/state-mdds/c01-10-bihar.xls,b00824a538230226,census-c01-extract-v1.1.0-20260527T234036Z,C0101,10,220,00000,000000,District - Vaishali,rural,all,males,1721221
census-india-2011,sources/census-2011/c-series/state-mdds/c01-10-bihar.xls,b00824a538230226,census-c01-extract-v1.1.0-20260527T234036Z,C0101,10,220,00000,000000,District - Vaishali,rural,all,females,1540721
census-india-2011,sources/census-2011/c-series/state-mdds/c01-10-bihar.xls,b00824a538230226,census-c01-extract-v1.1.0-20260527T234036Z,C0101,10,220,00000,000000,District - Vaishali,rural,hindu,persons,2954764
census-india-2011,sources/census-2011/c-series/state-mdds/c01-10-bihar.xls,b00824a538230226,census-c01-extract-v1.1.0-20260527T234036Z,C0101,10,220,00000,000000,District - Vaishali,rural,hindu,males,1562048
census-india-2011,sources/census-2011/c-series/state-mdds/c01-10-bihar.xls,b00824a538230226,census-c01-extract-v1.1.0-20260527T234036Z,C0101,10,220,00000,000000,District - Vaishali,rural,hindu,females,1392716
census-india-2011,sources/census-2011/c-series/state-mdds/c01-10-bihar.xls,b00824a538230226,census-c01-extract-v1.1.0-20260527T234036Z,C0101,10,220,00000,000000,District - Vaishali,rural,muslim,persons,299118
census-india-2011,sources/census-2011/c-series/state-mdds/c01-10-bihar.xls,b00824a538230226,census-c01-extract-v1.1.0-20260527T234036Z,C0101,10,220,00000,000000,District - Vaishali,rural,muslim,males,154800
census-india-2011,sources/census-2011/c-series/state-mdds/c01-10-bihar.xls,b00824a538230226,census-c01-extract-v1.1.0-20260527T234036Z,C0101,10,220,00000,000000,District - Vaishali,rural,muslim,females,144318
census-india-2011,sources/census-2011/c-series/state-mdds/c01-10-bihar.xls,b00824a538230226,census-c01-extract-v1.1.0-20260527T234036Z,C0101,10,220,00000,000000,District - Vaishali,rural,christian,persons,1930
census-india-2011,sources/census-2011/c-series/state-mdds/c01-10-bihar.xls,b00824a538230226,census-c01-extract-v1.1.0-20260527T234036Z,C0101,10,220,00000,000000,District - Vaishali,rural,christian,males,1008
census-india-2011,sources/census-2011/c-series/state-mdds/c01-10-bihar.xls,b00824a538230226,census-c01-extract-v1.1.0-20260527T234036Z,C0101,10,220,00000,000000,District - Vaishali,rural,christian,females,922
census-india-2011,sources/census-2011/c-series/state-mdds/c01-10-bihar.xls,b00824a538230226,census-c01-extract-v1.1.0-20260527T234036Z,C0101,10,220,00000,000000,District - Vaishali,rural,sikh,persons,672
census-india-2011,sources/census-2011/c-series/state-mdds/c01-10-bihar.xls,b00824a538230226,census-c01-extract-v1.1.0-20260527T234036Z,C0101,10,220,00000,000000,District - Vaishali,rural,sikh,males,335
census-india-2011,sources/census-2011/c-series/state-mdds/c01-10-bihar.xls,b00824a538230226,census-c01-extract-v1.1.0-20260527T234036Z,C0101,10,220,00000,000000,District - Vaishali,rural,sikh,females,337
census-india-2011,sources/census-2011/c-series/state-mdds/c01-10-bihar.xls,b00824a538230226,census-c01-extract-v1.1.0-20260527T234036Z,C0101,10,220,00000,000000,District - Vaishali,rural,buddhist,persons,297
census-india-2011,sources/census-2011/c-series/state-mdds/c01-10-bihar.xls,b00824a538230226,census-c01-extract-v1.1.0-20260527T234036Z,C0101,10,220,00000,000000,District - Vaishali,rural,buddhist,males,157
census-india-2011,sources/census-2011/c-series/state-mdds/c01-10-bihar.xls,b00824a538230226,census-c01-extract-v1.1.0-20260527T234036Z,C0101,10,220,00000,000000,District - Vaishali,rural,buddhist,females,140
census-india-2011,sources/census-2011/c-series/state-mdds/c01-10-bihar.xls,b00824a538230226,census-c01-extract-v1.1.0-20260527T234036Z,C0101,10,220,00000,000000,District - Vaishali,rural,jain,persons,228
census-india-2011,sources/census-2011/c-series/state-mdds/c01-10-bihar.xls,b00824a538230226,census-c01-extract-v1.1.0-20260527T234036Z,C0101,10,220,00000,000000,District - Vaishali,rural,jain,males,125
census-india-2011,sources/census-2011/c-series/state-mdds/c01-10-bihar.xls,b00824a538230226,census-c01-extract-v1.1.0-20260527T234036Z,C0101,10,220,00000,000000,District - Vaishali,rural,jain,females,103
census-india-2011,sources/census-2011/c-series/state-mdds/c01-10-bihar.xls,b00824a538230226,census-c01-extract-v1.1.0-20260527T234036Z,C0101,10,220,00000,000000,District - Vaishali,rural,other,persons,67
census-india-2011,sources/census-2011/c-series/state-mdds/c01-10-bihar.xls,b00824a538230226,census-c01-extract-v1.1.0-20260527T234036Z,C0101,10,220,00000,000000,District - Vaishali,rural,other,males,39
census-india-2011,sources/census-2011/c-series/state-mdds/c01-10-bihar.xls,b00824a538230226,census-c01-extract-v1.1.0-20260527T234036Z,C0101,10,220,00000,000000,District - Vaishali,rural,other,females,28
census-india-2011,sources/census-2011/c-series/state-mdds/c01-10-bihar.xls,b00824a538230226,census-c01-extract-v1.1.0-20260527T234036Z,C0101,10,220,00000,000000,District - Vaishali,rural,not_stated,persons,4866
census-india-2011,sources/census-2011/c-series/state-mdds/c01-10-bihar.xls,b00824a538230226,census-c01-extract-v1.1.0-20260527T234036Z,C0101,10,220,00000,000000,District - Vaishali,rural,not_stated,males,2709
census-india-2011,sources/census-2011/c-series/state-mdds/c01-10-bihar.xls,b00824a538230226,census-c01-extract-v1.1.0-20260527T234036Z,C0101,10,220,00000,000000,District - Vaishali,rural,not_stated,females,2157
census-india-2011,sources/census-2011/c-series/state-mdds/c01-10-bihar.xls,b00824a538230226,census-c01-extract-v1.1.0-20260527T234036Z,C0101,10,220,00000,000000,District - Vaishali,urban,all,persons,233079
census-india-2011,sources/census-2011/c-series/state-mdds/c01-10-bihar.xls,b00824a538230226,census-c01-extract-v1.1.0-20260527T234036Z,C0101,10,220,00000,000000,District - Vaishali,urban,all,males,123314
census-india-2011,sources/census-2011/c-series/state-mdds/c01-10-bihar.xls,b00824a538230226,census-c01-extract-v1.1.0-20260527T234036Z,C0101,10,220,00000,000000,District - Vaishali,urban,all,females,109765
census-india-2011,sources/census-2011/c-series/state-mdds/c01-10-bihar.xls,b00824a538230226,census-c01-extract-v1.1.0-20260527T234036Z,C0101,10,220,00000,000000,District - Vaishali,urban,hindu,persons,197582
census-india-2011,sources/census-2011/c-series/state-mdds/c01-10-bihar.xls,b00824a538230226,census-c01-extract-v1.1.0-20260527T234036Z,C0101,10,220,00000,000000,District - Vaishali,urban,hindu,males,104905
census-india-2011,sources/census-2011/c-series/state-mdds/c01-10-bihar.xls,b00824a538230226,census-c01-extract-v1.1.0-20260527T234036Z,C0101,10,220,00000,000000,District - Vaishali,urban,hindu,females,92677
census-india-2011,sources/census-2011/c-series/state-mdds/c01-10-bihar.xls,b00824a538230226,census-c01-extract-v1.1.0-20260527T234036Z,C0101,10,220,00000,000000,District - Vaishali,urban,muslim,persons,34862
census-india-2011,sources/census-2011/c-series/state-mdds/c01-10-bihar.xls,b00824a538230226,census-c01-extract-v1.1.0-20260527T234036Z,C0101,10,220,00000,000000,District - Vaishali,urban,muslim,males,18106
census-india-2011,sources/census-2011/c-series/state-mdds/c01-10-bihar.xls,b00824a538230226,census-c01-extract-v1.1.0-20260527T234036Z,C0101,10,220,00000,000000,District - Vaishali,urban,muslim,females,16756
census-india-2011,sources/census-2011/c-series/state-mdds/c01-10-bihar.xls,b00824a538230226,census-c01-extract-v1.1.0-20260527T234036Z,C0101,10,220,00000,000000,District - Vaishali,urban,christian,persons,273
census-india-2011,sources/census-2011/c-series/state-mdds/c01-10-bihar.xls,b00824a538230226,census-c01-extract-v1.1.0-20260527T234036Z,C0101,10,220,00000,000000,District - Vaishali,urban,christian,males,128
census-india-2011,sources/census-2011/c-series/state-mdds/c01-10-bihar.xls,b00824a538230226,census-c01-extract-v1.1.0-20260527T234036Z,C0101,10,220,00000,000000,District - Vaishali,urban,christian,females,145
census-india-2011,sources/census-2011/c-series/state-mdds/c01-10-bihar.xls,b00824a538230226,census-c01-extract-v1.1.0-20260527T234036Z,C0101,10,220,00000,000000,District - Vaishali,urban,sikh,persons,35
census-india-2011,sources/census-2011/c-series/state-mdds/c01-10-bihar.xls,b00824a538230226,census-c01-extract-v1.1.0-20260527T234036Z,C0101,10,220,00000,000000,District - Vaishali,urban,sikh,males,19
census-india-2011,sources/census-2011/c-series/state-mdds/c01-10-bihar.xls,b00824a538230226,census-c01-extract-v1.1.0-20260527T234036Z,C0101,10,220,00000,000000,District - Vaishali,urban,sikh,females,16
census-india-2011,sources/census-2011/c-series/state-mdds/c01-10-bihar.xls,b00824a538230226,census-c01-extract-v1.1.0-20260527T234036Z,C0101,10,220,00000,000000,District - Vaishali,urban,buddhist,persons,65
census-india-2011,sources/census-2011/c-series/state-mdds/c01-10-bihar.xls,b00824a538230226,census-c01-extract-v1.1.0-20260527T234036Z,C0101,10,220,00000,000000,District - Vaishali,urban,buddhist,males,29
census-india-2011,sources/census-2011/c-series/state-mdds/c01-10-bihar.xls,b00824a538230226,census-c01-extract-v1.1.0-20260527T234036Z,C0101,10,220,00000,000000,District - Vaishali,urban,buddhist,females,36
census-india-2011,sources/census-2011/c-series/state-mdds/c01-10-bihar.xls,b00824a538230226,census-c01-extract-v1.1.0-20260527T234036Z,C0101,10,220,00000,000000,District - Vaishali,urban,jain,persons,18
census-india-2011,sources/census-2011/c-series/state-mdds/c01-10-bihar.xls,b00824a538230226,census-c01-extract-v1.1.0-20260527T234036Z,C0101,10,220,00000,000000,District - Vaishali,urban,jain,males,6
census-india-2011,sources/census-2011/c-series/state-mdds/c01-10-bihar.xls,b00824a538230226,census-c01-extract-v1.1.0-20260527T234036Z,C0101,10,220,00000,000000,District - Vaishali,urban,jain,females,12
census-india-2011,sources/census-2011/c-series/state-mdds/c01-10-bihar.xls,b00824a538230226,census-c01-extract-v1.1.0-20260527T234036Z,C0101,10,220,00000,000000,District - Vaishali,urban,other,persons,4
census-india-2011,sources/census-2011/c-series/state-mdds/c01-10-bihar.xls,b00824a538230226,census-c01-extract-v1.1.0-20260527T234036Z,C0101,10,220,00000,000000,District - Vaishali,urban,other,males,2
census-india-2011,sources/census-2011/c-series/state-mdds/c01-10-bihar.xls,b00824a538230226,census-c01-extract-v1.1.0-20260527T234036Z,C0101,10,220,00000,000000,District - Vaishali,urban,other,females,2
census-india-2011,sources/census-2011/c-series/state-mdds/c01-10-bihar.xls,b00824a538230226,census-c01-extract-v1.1.0-20260527T234036Z,C0101,10,220,00000,000000,District - Vaishali,urban,not_stated,persons,240
census-india-2011,sources/census-2011/c-series/state-mdds/c01-10-bihar.xls,b00824a538230226,census-c01-extract-v1.1.0-20260527T234036Z,C0101,10,220,00000,000000,District - Vaishali,urban,not_stated,males,119
census-india-2011,sources/census-2011/c-series/state-mdds/c01-10-bihar.xls,b00824a538230226,census-c01-extract-v1.1.0-20260527T234036Z,C0101,10,220,00000,000000,District - Vaishali,urban,not_stated,females,121
census-india-2011,sources/census-2011/c-series/state-mdds/c01-10-bihar.xls,b00824a538230226,census-c01-extract-v1.1.0-20260527T234036Z,C0101,10,221,00000,000000,District - Samastipur,total,all,persons,4261566
census-india-2011,sources/census-2011/c-series/state-mdds/c01-10-bihar.xls,b00824a538230226,census-c01-extract-v1.1.0-20260527T234036Z,C0101,10,221,00000,000000,District - Samastipur,total,all,males,2230003
census-india-2011,sources/census-2011/c-series/state-mdds/c01-10-bihar.xls,b00824a538230226,census-c01-extract-v1.1.0-20260527T234036Z,C0101,10,221,00000,000000,District - Samastipur,total,all,females,2031563
census-india-2011,sources/census-2011/c-series/state-mdds/c01-10-bihar.xls,b00824a538230226,census-c01-extract-v1.1.0-20260527T234036Z,C0101,10,221,00000,000000,District - Samastipur,total,hindu,persons,3800598
census-india-2011,sources/census-2011/c-series/state-mdds/c01-10-bihar.xls,b00824a538230226,census-c01-extract-v1.1.0-20260527T234036Z,C0101,10,221,00000,000000,District - Samastipur,total,hindu,males,1990906
census-india-2011,sources/census-2011/c-series/state-mdds/c01-10-bihar.xls,b00824a538230226,census-c01-extract-v1.1.0-20260527T234036Z,C0101,10,221,00000,000000,District - Samastipur,total,hindu,females,1809692
census-india-2011,sources/census-2011/c-series/state-mdds/c01-10-bihar.xls,b00824a538230226,census-c01-extract-v1.1.0-20260527T234036Z,C0101,10,221,00000,000000,District - Samastipur,total,muslim,persons,452370
census-india-2011,sources/census-2011/c-series/state-mdds/c01-10-bihar.xls,b00824a538230226,census-c01-extract-v1.1.0-20260527T234036Z,C0101,10,221,00000,000000,District - Samastipur,total,muslim,males,234507
census-india-2011,sources/census-2011/c-series/state-mdds/c01-10-bihar.xls,b00824a538230226,census-c01-extract-v1.1.0-20260527T234036Z,C0101,10,221,00000,000000,District - Samastipur,total,muslim,females,217863
census-india-2011,sources/census-2011/c-series/state-mdds/c01-10-bihar.xls,b00824a538230226,census-c01-extract-v1.1.0-20260527T234036Z,C0101,10,221,00000,000000,District - Samastipur,total,christian,persons,2126
census-india-2011,sources/census-2011/c-series/state-mdds/c01-10-bihar.xls,b00824a538230226,census-c01-extract-v1.1.0-20260527T234036Z,C0101,10,221,00000,000000,District - Samastipur,total,christian,males,1111
census-india-2011,sources/census-2011/c-series/state-mdds/c01-10-bihar.xls,b00824a538230226,census-c01-extract-v1.1.0-20260527T234036Z,C0101,10,221,00000,000000,District - Samastipur,total,christian,females,1015
census-india-2011,sources/census-2011/c-series/state-mdds/c01-10-bihar.xls,b00824a538230226,census-c01-extract-v1.1.0-20260527T234036Z,C0101,10,221,00000,000000,District - Samastipur,total,sikh,persons,554
census-india-2011,sources/census-2011/c-series/state-mdds/c01-10-bihar.xls,b00824a538230226,census-c01-extract-v1.1.0-20260527T234036Z,C0101,10,221,00000,000000,District - Samastipur,total,sikh,males,286
census-india-2011,sources/census-2011/c-series/state-mdds/c01-10-bihar.xls,b00824a538230226,census-c01-extract-v1.1.0-20260527T234036Z,C0101,10,221,00000,000000,District - Samastipur,total,sikh,females,268
census-india-2011,sources/census-2011/c-series/state-mdds/c01-10-bihar.xls,b00824a538230226,census-c01-extract-v1.1.0-20260527T234036Z,C0101,10,221,00000,000000,District - Samastipur,total,buddhist,persons,292
census-india-2011,sources/census-2011/c-series/state-mdds/c01-10-bihar.xls,b00824a538230226,census-c01-extract-v1.1.0-20260527T234036Z,C0101,10,221,00000,000000,District - Samastipur,total,buddhist,males,150
census-india-2011,sources/census-2011/c-series/state-mdds/c01-10-bihar.xls,b00824a538230226,census-c01-extract-v1.1.0-20260527T234036Z,C0101,10,221,00000,000000,District - Samastipur,total,buddhist,females,142
census-india-2011,sources/census-2011/c-series/state-mdds/c01-10-bihar.xls,b00824a538230226,census-c01-extract-v1.1.0-20260527T234036Z,C0101,10,221,00000,000000,District - Samastipur,total,jain,persons,231
census-india-2011,sources/census-2011/c-series/state-mdds/c01-10-bihar.xls,b00824a538230226,census-c01-extract-v1.1.0-20260527T234036Z,C0101,10,221,00000,000000,District - Samastipur,total,jain,males,119
census-india-2011,sources/census-2011/c-series/state-mdds/c01-10-bihar.xls,b00824a538230226,census-c01-extract-v1.1.0-20260527T234036Z,C0101,10,221,00000,000000,District - Samastipur,total,jain,females,112
census-india-2011,sources/census-2011/c-series/state-mdds/c01-10-bihar.xls,b00824a538230226,census-c01-extract-v1.1.0-20260527T234036Z,C0101,10,221,00000,000000,District - Samastipur,total,other,persons,112
census-india-2011,sources/census-2011/c-series/state-mdds/c01-10-bihar.xls,b00824a538230226,census-c01-extract-v1.1.0-20260527T234036Z,C0101,10,221,00000,000000,District - Samastipur,total,other,males,60
census-india-2011,sources/census-2011/c-series/state-mdds/c01-10-bihar.xls,b00824a538230226,census-c01-extract-v1.1.0-20260527T234036Z,C0101,10,221,00000,000000,District - Samastipur,total,other,females,52
census-india-2011,sources/census-2011/c-series/state-mdds/c01-10-bihar.xls,b00824a538230226,census-c01-extract-v1.1.0-20260527T234036Z,C0101,10,221,00000,000000,District - Samastipur,total,not_stated,persons,5283
census-india-2011,sources/census-2011/c-series/state-mdds/c01-10-bihar.xls,b00824a538230226,census-c01-extract-v1.1.0-20260527T234036Z,C0101,10,221,00000,000000,District - Samastipur,total,not_stated,males,2864
census-india-2011,sources/census-2011/c-series/state-mdds/c01-10-bihar.xls,b00824a538230226,census-c01-extract-v1.1.0-20260527T234036Z,C0101,10,221,00000,000000,District - Samastipur,total,not_stated,females,2419
census-india-2011,sources/census-2011/c-series/state-mdds/c01-10-bihar.xls,b00824a538230226,census-c01-extract-v1.1.0-20260527T234036Z,C0101,10,221,00000,000000,District - Samastipur,rural,all,persons,4113769
census-india-2011,sources/census-2011/c-series/state-mdds/c01-10-bihar.xls,b00824a538230226,census-c01-extract-v1.1.0-20260527T234036Z,C0101,10,221,00000,000000,District - Samastipur,rural,all,males,2152273
census-india-2011,sources/census-2011/c-series/state-mdds/c01-10-bihar.xls,b00824a538230226,census-c01-extract-v1.1.0-20260527T234036Z,C0101,10,221,00000,000000,District - Samastipur,rural,all,females,1961496
census-india-2011,sources/census-2011/c-series/state-mdds/c01-10-bihar.xls,b00824a538230226,census-c01-extract-v1.1.0-20260527T234036Z,C0101,10,221,00000,000000,District - Samastipur,rural,hindu,persons,3671630
census-india-2011,sources/census-2011/c-series/state-mdds/c01-10-bihar.xls,b00824a538230226,census-c01-extract-v1.1.0-20260527T234036Z,C0101,10,221,00000,000000,District - Samastipur,rural,hindu,males,1922966
census-india-2011,sources/census-2011/c-series/state-mdds/c01-10-bihar.xls,b00824a538230226,census-c01-extract-v1.1.0-20260527T234036Z,C0101,10,221,00000,000000,District - Samastipur,rural,hindu,females,1748664
census-india-2011,sources/census-2011/c-series/state-mdds/c01-10-bihar.xls,b00824a538230226,census-c01-extract-v1.1.0-20260527T234036Z,C0101,10,221,00000,000000,District - Samastipur,rural,muslim,persons,434472
census-india-2011,sources/census-2011/c-series/state-mdds/c01-10-bihar.xls,b00824a538230226,census-c01-extract-v1.1.0-20260527T234036Z,C0101,10,221,00000,000000,District - Samastipur,rural,muslim,males,225184
census-india-2011,sources/census-2011/c-series/state-mdds/c01-10-bihar.xls,b00824a538230226,census-c01-extract-v1.1.0-20260527T234036Z,C0101,10,221,00000,000000,District - Samastipur,rural,muslim,females,209288
census-india-2011,sources/census-2011/c-series/state-mdds/c01-10-bihar.xls,b00824a538230226,census-c01-extract-v1.1.0-20260527T234036Z,C0101,10,221,00000,000000,District - Samastipur,rural,christian,persons,1755
census-india-2011,sources/census-2011/c-series/state-mdds/c01-10-bihar.xls,b00824a538230226,census-c01-extract-v1.1.0-20260527T234036Z,C0101,10,221,00000,000000,District - Samastipur,rural,christian,males,942
census-india-2011,sources/census-2011/c-series/state-mdds/c01-10-bihar.xls,b00824a538230226,census-c01-extract-v1.1.0-20260527T234036Z,C0101,10,221,00000,000000,District - Samastipur,rural,christian,females,813
census-india-2011,sources/census-2011/c-series/state-mdds/c01-10-bihar.xls,b00824a538230226,census-c01-extract-v1.1.0-20260527T234036Z,C0101,10,221,00000,000000,District - Samastipur,rural,sikh,persons,337
census-india-2011,sources/census-2011/c-series/state-mdds/c01-10-bihar.xls,b00824a538230226,census-c01-extract-v1.1.0-20260527T234036Z,C0101,10,221,00000,000000,District - Samastipur,rural,sikh,males,172
census-india-2011,sources/census-2011/c-series/state-mdds/c01-10-bihar.xls,b00824a538230226,census-c01-extract-v1.1.0-20260527T234036Z,C0101,10,221,00000,000000,District - Samastipur,rural,sikh,females,165
census-india-2011,sources/census-2011/c-series/state-mdds/c01-10-bihar.xls,b00824a538230226,census-c01-extract-v1.1.0-20260527T234036Z,C0101,10,221,00000,000000,District - Samastipur,rural,buddhist,persons,264
census-india-2011,sources/census-2011/c-series/state-mdds/c01-10-bihar.xls,b00824a538230226,census-c01-extract-v1.1.0-20260527T234036Z,C0101,10,221,00000,000000,District - Samastipur,rural,buddhist,males,135
census-india-2011,sources/census-2011/c-series/state-mdds/c01-10-bihar.xls,b00824a538230226,census-c01-extract-v1.1.0-20260527T234036Z,C0101,10,221,00000,000000,District - Samastipur,rural,buddhist,females,129
census-india-2011,sources/census-2011/c-series/state-mdds/c01-10-bihar.xls,b00824a538230226,census-c01-extract-v1.1.0-20260527T234036Z,C0101,10,221,00000,000000,District - Samastipur,rural,jain,persons,142
census-india-2011,sources/census-2011/c-series/state-mdds/c01-10-bihar.xls,b00824a538230226,census-c01-extract-v1.1.0-20260527T234036Z,C0101,10,221,00000,000000,District - Samastipur,rural,jain,males,71
census-india-2011,sources/census-2011/c-series/state-mdds/c01-10-bihar.xls,b00824a538230226,census-c01-extract-v1.1.0-20260527T234036Z,C0101,10,221,00000,000000,District - Samastipur,rural,jain,females,71
census-india-2011,sources/census-2011/c-series/state-mdds/c01-10-bihar.xls,b00824a538230226,census-c01-extract-v1.1.0-20260527T234036Z,C0101,10,221,00000,000000,District - Samastipur,rural,other,persons,96
census-india-2011,sources/census-2011/c-series/state-mdds/c01-10-bihar.xls,b00824a538230226,census-c01-extract-v1.1.0-20260527T234036Z,C0101,10,221,00000,000000,District - Samastipur,rural,other,males,53
census-india-2011,sources/census-2011/c-series/state-mdds/c01-10-bihar.xls,b00824a538230226,census-c01-extract-v1.1.0-20260527T234036Z,C0101,10,221,00000,000000,District - Samastipur,rural,other,females,43
census-india-2011,sources/census-2011/c-series/state-mdds/c01-10-bihar.xls,b00824a538230226,census-c01-extract-v1.1.0-20260527T234036Z,C0101,10,221,00000,000000,District - Samastipur,rural,not_stated,persons,5073
census-india-2011,sources/census-2011/c-series/state-mdds/c01-10-bihar.xls,b00824a538230226,census-c01-extract-v1.1.0-20260527T234036Z,C0101,10,221,00000,000000,District - Samastipur,rural,not_stated,males,2750
census-india-2011,sources/census-2011/c-series/state-mdds/c01-10-bihar.xls,b00824a538230226,census-c01-extract-v1.1.0-20260527T234036Z,C0101,10,221,00000,000000,District - Samastipur,rural,not_stated,females,2323
census-india-2011,sources/census-2011/c-series/state-mdds/c01-10-bihar.xls,b00824a538230226,census-c01-extract-v1.1.0-20260527T234036Z,C0101,10,221,00000,000000,District - Samastipur,urban,all,persons,147797
census-india-2011,sources/census-2011/c-series/state-mdds/c01-10-bihar.xls,b00824a538230226,census-c01-extract-v1.1.0-20260527T234036Z,C0101,10,221,00000,000000,District - Samastipur,urban,all,males,77730
census-india-2011,sources/census-2011/c-series/state-mdds/c01-10-bihar.xls,b00824a538230226,census-c01-extract-v1.1.0-20260527T234036Z,C0101,10,221,00000,000000,District - Samastipur,urban,all,females,70067
census-india-2011,sources/census-2011/c-series/state-mdds/c01-10-bihar.xls,b00824a538230226,census-c01-extract-v1.1.0-20260527T234036Z,C0101,10,221,00000,000000,District - Samastipur,urban,hindu,persons,128968
census-india-2011,sources/census-2011/c-series/state-mdds/c01-10-bihar.xls,b00824a538230226,census-c01-extract-v1.1.0-20260527T234036Z,C0101,10,221,00000,000000,District - Samastipur,urban,hindu,males,67940
census-india-2011,sources/census-2011/c-series/state-mdds/c01-10-bihar.xls,b00824a538230226,census-c01-extract-v1.1.0-20260527T234036Z,C0101,10,221,00000,000000,District - Samastipur,urban,hindu,females,61028
census-india-2011,sources/census-2011/c-series/state-mdds/c01-10-bihar.xls,b00824a538230226,census-c01-extract-v1.1.0-20260527T234036Z,C0101,10,221,00000,000000,District - Samastipur,urban,muslim,persons,17898
census-india-2011,sources/census-2011/c-series/state-mdds/c01-10-bihar.xls,b00824a538230226,census-c01-extract-v1.1.0-20260527T234036Z,C0101,10,221,00000,000000,District - Samastipur,urban,muslim,males,9323
census-india-2011,sources/census-2011/c-series/state-mdds/c01-10-bihar.xls,b00824a538230226,census-c01-extract-v1.1.0-20260527T234036Z,C0101,10,221,00000,000000,District - Samastipur,urban,muslim,females,8575
census-india-2011,sources/census-2011/c-series/state-mdds/c01-10-bihar.xls,b00824a538230226,census-c01-extract-v1.1.0-20260527T234036Z,C0101,10,221,00000,000000,District - Samastipur,urban,christian,persons,371
census-india-2011,sources/census-2011/c-series/state-mdds/c01-10-bihar.xls,b00824a538230226,census-c01-extract-v1.1.0-20260527T234036Z,C0101,10,221,00000,000000,District - Samastipur,urban,christian,males,169
census-india-2011,sources/census-2011/c-series/state-mdds/c01-10-bihar.xls,b00824a538230226,census-c01-extract-v1.1.0-20260527T234036Z,C0101,10,221,00000,000000,District - Samastipur,urban,christian,females,202
census-india-2011,sources/census-2011/c-series/state-mdds/c01-10-bihar.xls,b00824a538230226,census-c01-extract-v1.1.0-20260527T234036Z,C0101,10,221,00000,000000,District - Samastipur,urban,sikh,persons,217
census-india-2011,sources/census-2011/c-series/state-mdds/c01-10-bihar.xls,b00824a538230226,census-c01-extract-v1.1.0-20260527T234036Z,C0101,10,221,00000,000000,District - Samastipur,urban,sikh,males,114
census-india-2011,sources/census-2011/c-series/state-mdds/c01-10-bihar.xls,b00824a538230226,census-c01-extract-v1.1.0-20260527T234036Z,C0101,10,221,00000,000000,District - Samastipur,urban,sikh,females,103
census-india-2011,sources/census-2011/c-series/state-mdds/c01-10-bihar.xls,b00824a538230226,census-c01-extract-v1.1.0-20260527T234036Z,C0101,10,221,00000,000000,District - Samastipur,urban,buddhist,persons,28
census-india-2011,sources/census-2011/c-series/state-mdds/c01-10-bihar.xls,b00824a538230226,census-c01-extract-v1.1.0-20260527T234036Z,C0101,10,221,00000,000000,District - Samastipur,urban,buddhist,males,15
census-india-2011,sources/census-2011/c-series/state-mdds/c01-10-bihar.xls,b00824a538230226,census-c01-extract-v1.1.0-20260527T234036Z,C0101,10,221,00000,000000,District - Samastipur,urban,buddhist,females,13
census-india-2011,sources/census-2011/c-series/state-mdds/c01-10-bihar.xls,b00824a538230226,census-c01-extract-v1.1.0-20260527T234036Z,C0101,10,221,00000,000000,District - Samastipur,urban,jain,persons,89
census-india-2011,sources/census-2011/c-series/state-mdds/c01-10-bihar.xls,b00824a538230226,census-c01-extract-v1.1.0-20260527T234036Z,C0101,10,221,00000,000000,District - Samastipur,urban,jain,males,48
census-india-2011,sources/census-2011/c-series/state-mdds/c01-10-bihar.xls,b00824a538230226,census-c01-extract-v1.1.0-20260527T234036Z,C0101,10,221,00000,000000,District - Samastipur,urban,jain,females,41
census-india-2011,sources/census-2011/c-series/state-mdds/c01-10-bihar.xls,b00824a538230226,census-c01-extract-v1.1.0-20260527T234036Z,C0101,10,221,00000,000000,District - Samastipur,urban,other,persons,16
census-india-2011,sources/census-2011/c-series/state-mdds/c01-10-bihar.xls,b00824a538230226,census-c01-extract-v1.1.0-20260527T234036Z,C0101,10,221,00000,000000,District - Samastipur,urban,other,males,7
census-india-2011,sources/census-2011/c-series/state-mdds/c01-10-bihar.xls,b00824a538230226,census-c01-extract-v1.1.0-20260527T234036Z,C0101,10,221,00000,000000,District - Samastipur,urban,other,females,9
census-india-2011,sources/census-2011/c-series/state-mdds/c01-10-bihar.xls,b00824a538230226,census-c01-extract-v1.1.0-20260527T234036Z,C0101,10,221,00000,000000,District - Samastipur,urban,not_stated,persons,210
census-india-2011,sources/census-2011/c-series/state-mdds/c01-10-bihar.xls,b00824a538230226,census-c01-extract-v1.1.0-20260527T234036Z,C0101,10,221,00000,000000,District - Samastipur,urban,not_stated,males,114
census-india-2011,sources/census-2011/c-series/state-mdds/c01-10-bihar.xls,b00824a538230226,census-c01-extract-v1.1.0-20260527T234036Z,C0101,10,221,00000,000000,District - Samastipur,urban,not_stated,females,96
census-india-2011,sources/census-2011/c-series/state-mdds/c01-10-bihar.xls,b00824a538230226,census-c01-extract-v1.1.0-20260527T234036Z,C0101,10,222,00000,000000,District - Begusarai,total,all,persons,2970541
census-india-2011,sources/census-2011/c-series/state-mdds/c01-10-bihar.xls,b00824a538230226,census-c01-extract-v1.1.0-20260527T234036Z,C0101,10,222,00000,000000,District - Begusarai,total,all,males,1567660
census-india-2011,sources/census-2011/c-series/state-mdds/c01-10-bihar.xls,b00824a538230226,census-c01-extract-v1.1.0-20260527T234036Z,C0101,10,222,00000,000000,District - Begusarai,total,all,females,1402881
census-india-2011,sources/census-2011/c-series/state-mdds/c01-10-bihar.xls,b00824a538230226,census-c01-extract-v1.1.0-20260527T234036Z,C0101,10,222,00000,000000,District - Begusarai,total,hindu,persons,2554330
census-india-2011,sources/census-2011/c-series/state-mdds/c01-10-bihar.xls,b00824a538230226,census-c01-extract-v1.1.0-20260527T234036Z,C0101,10,222,00000,000000,District - Begusarai,total,hindu,males,1350927
census-india-2011,sources/census-2011/c-series/state-mdds/c01-10-bihar.xls,b00824a538230226,census-c01-extract-v1.1.0-20260527T234036Z,C0101,10,222,00000,000000,District - Begusarai,total,hindu,females,1203403
census-india-2011,sources/census-2011/c-series/state-mdds/c01-10-bihar.xls,b00824a538230226,census-c01-extract-v1.1.0-20260527T234036Z,C0101,10,222,00000,000000,District - Begusarai,total,muslim,persons,407348
census-india-2011,sources/census-2011/c-series/state-mdds/c01-10-bihar.xls,b00824a538230226,census-c01-extract-v1.1.0-20260527T234036Z,C0101,10,222,00000,000000,District - Begusarai,total,muslim,males,211896
census-india-2011,sources/census-2011/c-series/state-mdds/c01-10-bihar.xls,b00824a538230226,census-c01-extract-v1.1.0-20260527T234036Z,C0101,10,222,00000,000000,District - Begusarai,total,muslim,females,195452
census-india-2011,sources/census-2011/c-series/state-mdds/c01-10-bihar.xls,b00824a538230226,census-c01-extract-v1.1.0-20260527T234036Z,C0101,10,222,00000,000000,District - Begusarai,total,christian,persons,2209
census-india-2011,sources/census-2011/c-series/state-mdds/c01-10-bihar.xls,b00824a538230226,census-c01-extract-v1.1.0-20260527T234036Z,C0101,10,222,00000,000000,District - Begusarai,total,christian,males,1186
census-india-2011,sources/census-2011/c-series/state-mdds/c01-10-bihar.xls,b00824a538230226,census-c01-extract-v1.1.0-20260527T234036Z,C0101,10,222,00000,000000,District - Begusarai,total,christian,females,1023
census-india-2011,sources/census-2011/c-series/state-mdds/c01-10-bihar.xls,b00824a538230226,census-c01-extract-v1.1.0-20260527T234036Z,C0101,10,222,00000,000000,District - Begusarai,total,sikh,persons,402
census-india-2011,sources/census-2011/c-series/state-mdds/c01-10-bihar.xls,b00824a538230226,census-c01-extract-v1.1.0-20260527T234036Z,C0101,10,222,00000,000000,District - Begusarai,total,sikh,males,207
census-india-2011,sources/census-2011/c-series/state-mdds/c01-10-bihar.xls,b00824a538230226,census-c01-extract-v1.1.0-20260527T234036Z,C0101,10,222,00000,000000,District - Begusarai,total,sikh,females,195
census-india-2011,sources/census-2011/c-series/state-mdds/c01-10-bihar.xls,b00824a538230226,census-c01-extract-v1.1.0-20260527T234036Z,C0101,10,222,00000,000000,District - Begusarai,total,buddhist,persons,229
census-india-2011,sources/census-2011/c-series/state-mdds/c01-10-bihar.xls,b00824a538230226,census-c01-extract-v1.1.0-20260527T234036Z,C0101,10,222,00000,000000,District - Begusarai,total,buddhist,males,121
census-india-2011,sources/census-2011/c-series/state-mdds/c01-10-bihar.xls,b00824a538230226,census-c01-extract-v1.1.0-20260527T234036Z,C0101,10,222,00000,000000,District - Begusarai,total,buddhist,females,108
census-india-2011,sources/census-2011/c-series/state-mdds/c01-10-bihar.xls,b00824a538230226,census-c01-extract-v1.1.0-20260527T234036Z,C0101,10,222,00000,000000,District - Begusarai,total,jain,persons,276
census-india-2011,sources/census-2011/c-series/state-mdds/c01-10-bihar.xls,b00824a538230226,census-c01-extract-v1.1.0-20260527T234036Z,C0101,10,222,00000,000000,District - Begusarai,total,jain,males,139
census-india-2011,sources/census-2011/c-series/state-mdds/c01-10-bihar.xls,b00824a538230226,census-c01-extract-v1.1.0-20260527T234036Z,C0101,10,222,00000,000000,District - Begusarai,total,jain,females,137
census-india-2011,sources/census-2011/c-series/state-mdds/c01-10-bihar.xls,b00824a538230226,census-c01-extract-v1.1.0-20260527T234036Z,C0101,10,222,00000,000000,District - Begusarai,total,other,persons,57
census-india-2011,sources/census-2011/c-series/state-mdds/c01-10-bihar.xls,b00824a538230226,census-c01-extract-v1.1.0-20260527T234036Z,C0101,10,222,00000,000000,District - Begusarai,total,other,males,31
census-india-2011,sources/census-2011/c-series/state-mdds/c01-10-bihar.xls,b00824a538230226,census-c01-extract-v1.1.0-20260527T234036Z,C0101,10,222,00000,000000,District - Begusarai,total,other,females,26
census-india-2011,sources/census-2011/c-series/state-mdds/c01-10-bihar.xls,b00824a538230226,census-c01-extract-v1.1.0-20260527T234036Z,C0101,10,222,00000,000000,District - Begusarai,total,not_stated,persons,5690
census-india-2011,sources/census-2011/c-series/state-mdds/c01-10-bihar.xls,b00824a538230226,census-c01-extract-v1.1.0-20260527T234036Z,C0101,10,222,00000,000000,District - Begusarai,total,not_stated,males,3153
census-india-2011,sources/census-2011/c-series/state-mdds/c01-10-bihar.xls,b00824a538230226,census-c01-extract-v1.1.0-20260527T234036Z,C0101,10,222,00000,000000,District - Begusarai,total,not_stated,females,2537
census-india-2011,sources/census-2011/c-series/state-mdds/c01-10-bihar.xls,b00824a538230226,census-c01-extract-v1.1.0-20260527T234036Z,C0101,10,222,00000,000000,District - Begusarai,rural,all,persons,2400718
census-india-2011,sources/census-2011/c-series/state-mdds/c01-10-bihar.xls,b00824a538230226,census-c01-extract-v1.1.0-20260527T234036Z,C0101,10,222,00000,000000,District - Begusarai,rural,all,males,1266308
census-india-2011,sources/census-2011/c-series/state-mdds/c01-10-bihar.xls,b00824a538230226,census-c01-extract-v1.1.0-20260527T234036Z,C0101,10,222,00000,000000,District - Begusarai,rural,all,females,1134410
census-india-2011,sources/census-2011/c-series/state-mdds/c01-10-bihar.xls,b00824a538230226,census-c01-extract-v1.1.0-20260527T234036Z,C0101,10,222,00000,000000,District - Begusarai,rural,hindu,persons,2097221
census-india-2011,sources/census-2011/c-series/state-mdds/c01-10-bihar.xls,b00824a538230226,census-c01-extract-v1.1.0-20260527T234036Z,C0101,10,222,00000,000000,District - Begusarai,rural,hindu,males,1108419
census-india-2011,sources/census-2011/c-series/state-mdds/c01-10-bihar.xls,b00824a538230226,census-c01-extract-v1.1.0-20260527T234036Z,C0101,10,222,00000,000000,District - Begusarai,rural,hindu,females,988802
census-india-2011,sources/census-2011/c-series/state-mdds/c01-10-bihar.xls,b00824a538230226,census-c01-extract-v1.1.0-20260527T234036Z,C0101,10,222,00000,000000,District - Begusarai,rural,muslim,persons,296805
census-india-2011,sources/census-2011/c-series/state-mdds/c01-10-bihar.xls,b00824a538230226,census-c01-extract-v1.1.0-20260527T234036Z,C0101,10,222,00000,000000,District - Begusarai,rural,muslim,males,154204
census-india-2011,sources/census-2011/c-series/state-mdds/c01-10-bihar.xls,b00824a538230226,census-c01-extract-v1.1.0-20260527T234036Z,C0101,10,222,00000,000000,District - Begusarai,rural,muslim,females,142601
census-india-2011,sources/census-2011/c-series/state-mdds/c01-10-bihar.xls,b00824a538230226,census-c01-extract-v1.1.0-20260527T234036Z,C0101,10,222,00000,000000,District - Begusarai,rural,christian,persons,1544
census-india-2011,sources/census-2011/c-series/state-mdds/c01-10-bihar.xls,b00824a538230226,census-c01-extract-v1.1.0-20260527T234036Z,C0101,10,222,00000,000000,District - Begusarai,rural,christian,males,833
census-india-2011,sources/census-2011/c-series/state-mdds/c01-10-bihar.xls,b00824a538230226,census-c01-extract-v1.1.0-20260527T234036Z,C0101,10,222,00000,000000,District - Begusarai,rural,christian,females,711
census-india-2011,sources/census-2011/c-series/state-mdds/c01-10-bihar.xls,b00824a538230226,census-c01-extract-v1.1.0-20260527T234036Z,C0101,10,222,00000,000000,District - Begusarai,rural,sikh,persons,236
census-india-2011,sources/census-2011/c-series/state-mdds/c01-10-bihar.xls,b00824a538230226,census-c01-extract-v1.1.0-20260527T234036Z,C0101,10,222,00000,000000,District - Begusarai,rural,sikh,males,128
census-india-2011,sources/census-2011/c-series/state-mdds/c01-10-bihar.xls,b00824a538230226,census-c01-extract-v1.1.0-20260527T234036Z,C0101,10,222,00000,000000,District - Begusarai,rural,sikh,females,108
census-india-2011,sources/census-2011/c-series/state-mdds/c01-10-bihar.xls,b00824a538230226,census-c01-extract-v1.1.0-20260527T234036Z,C0101,10,222,00000,000000,District - Begusarai,rural,buddhist,persons,174
census-india-2011,sources/census-2011/c-series/state-mdds/c01-10-bihar.xls,b00824a538230226,census-c01-extract-v1.1.0-20260527T234036Z,C0101,10,222,00000,000000,District - Begusarai,rural,buddhist,males,93
census-india-2011,sources/census-2011/c-series/state-mdds/c01-10-bihar.xls,b00824a538230226,census-c01-extract-v1.1.0-20260527T234036Z,C0101,10,222,00000,000000,District - Begusarai,rural,buddhist,females,81
census-india-2011,sources/census-2011/c-series/state-mdds/c01-10-bihar.xls,b00824a538230226,census-c01-extract-v1.1.0-20260527T234036Z,C0101,10,222,00000,000000,District - Begusarai,rural,jain,persons,203
census-india-2011,sources/census-2011/c-series/state-mdds/c01-10-bihar.xls,b00824a538230226,census-c01-extract-v1.1.0-20260527T234036Z,C0101,10,222,00000,000000,District - Begusarai,rural,jain,males,103
census-india-2011,sources/census-2011/c-series/state-mdds/c01-10-bihar.xls,b00824a538230226,census-c01-extract-v1.1.0-20260527T234036Z,C0101,10,222,00000,000000,District - Begusarai,rural,jain,females,100
census-india-2011,sources/census-2011/c-series/state-mdds/c01-10-bihar.xls,b00824a538230226,census-c01-extract-v1.1.0-20260527T234036Z,C0101,10,222,00000,000000,District - Begusarai,rural,other,persons,42
census-india-2011,sources/census-2011/c-series/state-mdds/c01-10-bihar.xls,b00824a538230226,census-c01-extract-v1.1.0-20260527T234036Z,C0101,10,222,00000,000000,District - Begusarai,rural,other,males,24
census-india-2011,sources/census-2011/c-series/state-mdds/c01-10-bihar.xls,b00824a538230226,census-c01-extract-v1.1.0-20260527T234036Z,C0101,10,222,00000,000000,District - Begusarai,rural,other,females,18
census-india-2011,sources/census-2011/c-series/state-mdds/c01-10-bihar.xls,b00824a538230226,census-c01-extract-v1.1.0-20260527T234036Z,C0101,10,222,00000,000000,District - Begusarai,rural,not_stated,persons,4493
census-india-2011,sources/census-2011/c-series/state-mdds/c01-10-bihar.xls,b00824a538230226,census-c01-extract-v1.1.0-20260527T234036Z,C0101,10,222,00000,000000,District - Begusarai,rural,not_stated,males,2504
census-india-2011,sources/census-2011/c-series/state-mdds/c01-10-bihar.xls,b00824a538230226,census-c01-extract-v1.1.0-20260527T234036Z,C0101,10,222,00000,000000,District - Begusarai,rural,not_stated,females,1989
census-india-2011,sources/census-2011/c-series/state-mdds/c01-10-bihar.xls,b00824a538230226,census-c01-extract-v1.1.0-20260527T234036Z,C0101,10,222,00000,000000,District - Begusarai,urban,all,persons,569823
census-india-2011,sources/census-2011/c-series/state-mdds/c01-10-bihar.xls,b00824a538230226,census-c01-extract-v1.1.0-20260527T234036Z,C0101,10,222,00000,000000,District - Begusarai,urban,all,males,301352
census-india-2011,sources/census-2011/c-series/state-mdds/c01-10-bihar.xls,b00824a538230226,census-c01-extract-v1.1.0-20260527T234036Z,C0101,10,222,00000,000000,District - Begusarai,urban,all,females,268471
census-india-2011,sources/census-2011/c-series/state-mdds/c01-10-bihar.xls,b00824a538230226,census-c01-extract-v1.1.0-20260527T234036Z,C0101,10,222,00000,000000,District - Begusarai,urban,hindu,persons,457109
census-india-2011,sources/census-2011/c-series/state-mdds/c01-10-bihar.xls,b00824a538230226,census-c01-extract-v1.1.0-20260527T234036Z,C0101,10,222,00000,000000,District - Begusarai,urban,hindu,males,242508
census-india-2011,sources/census-2011/c-series/state-mdds/c01-10-bihar.xls,b00824a538230226,census-c01-extract-v1.1.0-20260527T234036Z,C0101,10,222,00000,000000,District - Begusarai,urban,hindu,females,214601
census-india-2011,sources/census-2011/c-series/state-mdds/c01-10-bihar.xls,b00824a538230226,census-c01-extract-v1.1.0-20260527T234036Z,C0101,10,222,00000,000000,District - Begusarai,urban,muslim,persons,110543
census-india-2011,sources/census-2011/c-series/state-mdds/c01-10-bihar.xls,b00824a538230226,census-c01-extract-v1.1.0-20260527T234036Z,C0101,10,222,00000,000000,District - Begusarai,urban,muslim,males,57692
census-india-2011,sources/census-2011/c-series/state-mdds/c01-10-bihar.xls,b00824a538230226,census-c01-extract-v1.1.0-20260527T234036Z,C0101,10,222,00000,000000,District - Begusarai,urban,muslim,females,52851
census-india-2011,sources/census-2011/c-series/state-mdds/c01-10-bihar.xls,b00824a538230226,census-c01-extract-v1.1.0-20260527T234036Z,C0101,10,222,00000,000000,District - Begusarai,urban,christian,persons,665
census-india-2011,sources/census-2011/c-series/state-mdds/c01-10-bihar.xls,b00824a538230226,census-c01-extract-v1.1.0-20260527T234036Z,C0101,10,222,00000,000000,District - Begusarai,urban,christian,males,353
census-india-2011,sources/census-2011/c-series/state-mdds/c01-10-bihar.xls,b00824a538230226,census-c01-extract-v1.1.0-20260527T234036Z,C0101,10,222,00000,000000,District - Begusarai,urban,christian,females,312
census-india-2011,sources/census-2011/c-series/state-mdds/c01-10-bihar.xls,b00824a538230226,census-c01-extract-v1.1.0-20260527T234036Z,C0101,10,222,00000,000000,District - Begusarai,urban,sikh,persons,166
census-india-2011,sources/census-2011/c-series/state-mdds/c01-10-bihar.xls,b00824a538230226,census-c01-extract-v1.1.0-20260527T234036Z,C0101,10,222,00000,000000,District - Begusarai,urban,sikh,males,79
census-india-2011,sources/census-2011/c-series/state-mdds/c01-10-bihar.xls,b00824a538230226,census-c01-extract-v1.1.0-20260527T234036Z,C0101,10,222,00000,000000,District - Begusarai,urban,sikh,females,87
census-india-2011,sources/census-2011/c-series/state-mdds/c01-10-bihar.xls,b00824a538230226,census-c01-extract-v1.1.0-20260527T234036Z,C0101,10,222,00000,000000,District - Begusarai,urban,buddhist,persons,55
census-india-2011,sources/census-2011/c-series/state-mdds/c01-10-bihar.xls,b00824a538230226,census-c01-extract-v1.1.0-20260527T234036Z,C0101,10,222,00000,000000,District - Begusarai,urban,buddhist,males,28
census-india-2011,sources/census-2011/c-series/state-mdds/c01-10-bihar.xls,b00824a538230226,census-c01-extract-v1.1.0-20260527T234036Z,C0101,10,222,00000,000000,District - Begusarai,urban,buddhist,females,27
census-india-2011,sources/census-2011/c-series/state-mdds/c01-10-bihar.xls,b00824a538230226,census-c01-extract-v1.1.0-20260527T234036Z,C0101,10,222,00000,000000,District - Begusarai,urban,jain,persons,73
census-india-2011,sources/census-2011/c-series/state-mdds/c01-10-bihar.xls,b00824a538230226,census-c01-extract-v1.1.0-20260527T234036Z,C0101,10,222,00000,000000,District - Begusarai,urban,jain,males,36
census-india-2011,sources/census-2011/c-series/state-mdds/c01-10-bihar.xls,b00824a538230226,census-c01-extract-v1.1.0-20260527T234036Z,C0101,10,222,00000,000000,District - Begusarai,urban,jain,females,37
census-india-2011,sources/census-2011/c-series/state-mdds/c01-10-bihar.xls,b00824a538230226,census-c01-extract-v1.1.0-20260527T234036Z,C0101,10,222,00000,000000,District - Begusarai,urban,other,persons,15
census-india-2011,sources/census-2011/c-series/state-mdds/c01-10-bihar.xls,b00824a538230226,census-c01-extract-v1.1.0-20260527T234036Z,C0101,10,222,00000,000000,District - Begusarai,urban,other,males,7
census-india-2011,sources/census-2011/c-series/state-mdds/c01-10-bihar.xls,b00824a538230226,census-c01-extract-v1.1.0-20260527T234036Z,C0101,10,222,00000,000000,District - Begusarai,urban,other,females,8
census-india-2011,sources/census-2011/c-series/state-mdds/c01-10-bihar.xls,b00824a538230226,census-c01-extract-v1.1.0-20260527T234036Z,C0101,10,222,00000,000000,District - Begusarai,urban,not_stated,persons,1197
census-india-2011,sources/census-2011/c-series/state-mdds/c01-10-bihar.xls,b00824a538230226,census-c01-extract-v1.1.0-20260527T234036Z,C0101,10,222,00000,000000,District - Begusarai,urban,not_stated,males,649
census-india-2011,sources/census-2011/c-series/state-mdds/c01-10-bihar.xls,b00824a538230226,census-c01-extract-v1.1.0-20260527T234036Z,C0101,10,222,00000,000000,District - Begusarai,urban,not_stated,females,548
census-india-2011,sources/census-2011/c-series/state-mdds/c01-10-bihar.xls,b00824a538230226,census-c01-extract-v1.1.0-20260527T234036Z,C0101,10,223,00000,000000,District - Khagaria,total,all,persons,1666886
census-india-2011,sources/census-2011/c-series/state-mdds/c01-10-bihar.xls,b00824a538230226,census-c01-extract-v1.1.0-20260527T234036Z,C0101,10,223,00000,000000,District - Khagaria,total,all,males,883786
census-india-2011,sources/census-2011/c-series/state-mdds/c01-10-bihar.xls,b00824a538230226,census-c01-extract-v1.1.0-20260527T234036Z,C0101,10,223,00000,000000,District - Khagaria,total,all,females,783100
census-india-2011,sources/census-2011/c-series/state-mdds/c01-10-bihar.xls,b00824a538230226,census-c01-extract-v1.1.0-20260527T234036Z,C0101,10,223,00000,000000,District - Khagaria,total,hindu,persons,1486989
census-india-2011,sources/census-2011/c-series/state-mdds/c01-10-bihar.xls,b00824a538230226,census-c01-extract-v1.1.0-20260527T234036Z,C0101,10,223,00000,000000,District - Khagaria,total,hindu,males,789124
census-india-2011,sources/census-2011/c-series/state-mdds/c01-10-bihar.xls,b00824a538230226,census-c01-extract-v1.1.0-20260527T234036Z,C0101,10,223,00000,000000,District - Khagaria,total,hindu,females,697865
census-india-2011,sources/census-2011/c-series/state-mdds/c01-10-bihar.xls,b00824a538230226,census-c01-extract-v1.1.0-20260527T234036Z,C0101,10,223,00000,000000,District - Khagaria,total,muslim,persons,175588
census-india-2011,sources/census-2011/c-series/state-mdds/c01-10-bihar.xls,b00824a538230226,census-c01-extract-v1.1.0-20260527T234036Z,C0101,10,223,00000,000000,District - Khagaria,total,muslim,males,92402
census-india-2011,sources/census-2011/c-series/state-mdds/c01-10-bihar.xls,b00824a538230226,census-c01-extract-v1.1.0-20260527T234036Z,C0101,10,223,00000,000000,District - Khagaria,total,muslim,females,83186
census-india-2011,sources/census-2011/c-series/state-mdds/c01-10-bihar.xls,b00824a538230226,census-c01-extract-v1.1.0-20260527T234036Z,C0101,10,223,00000,000000,District - Khagaria,total,christian,persons,1253
census-india-2011,sources/census-2011/c-series/state-mdds/c01-10-bihar.xls,b00824a538230226,census-c01-extract-v1.1.0-20260527T234036Z,C0101,10,223,00000,000000,District - Khagaria,total,christian,males,659
census-india-2011,sources/census-2011/c-series/state-mdds/c01-10-bihar.xls,b00824a538230226,census-c01-extract-v1.1.0-20260527T234036Z,C0101,10,223,00000,000000,District - Khagaria,total,christian,females,594
census-india-2011,sources/census-2011/c-series/state-mdds/c01-10-bihar.xls,b00824a538230226,census-c01-extract-v1.1.0-20260527T234036Z,C0101,10,223,00000,000000,District - Khagaria,total,sikh,persons,143
census-india-2011,sources/census-2011/c-series/state-mdds/c01-10-bihar.xls,b00824a538230226,census-c01-extract-v1.1.0-20260527T234036Z,C0101,10,223,00000,000000,District - Khagaria,total,sikh,males,81
census-india-2011,sources/census-2011/c-series/state-mdds/c01-10-bihar.xls,b00824a538230226,census-c01-extract-v1.1.0-20260527T234036Z,C0101,10,223,00000,000000,District - Khagaria,total,sikh,females,62
census-india-2011,sources/census-2011/c-series/state-mdds/c01-10-bihar.xls,b00824a538230226,census-c01-extract-v1.1.0-20260527T234036Z,C0101,10,223,00000,000000,District - Khagaria,total,buddhist,persons,79
census-india-2011,sources/census-2011/c-series/state-mdds/c01-10-bihar.xls,b00824a538230226,census-c01-extract-v1.1.0-20260527T234036Z,C0101,10,223,00000,000000,District - Khagaria,total,buddhist,males,42
census-india-2011,sources/census-2011/c-series/state-mdds/c01-10-bihar.xls,b00824a538230226,census-c01-extract-v1.1.0-20260527T234036Z,C0101,10,223,00000,000000,District - Khagaria,total,buddhist,females,37
census-india-2011,sources/census-2011/c-series/state-mdds/c01-10-bihar.xls,b00824a538230226,census-c01-extract-v1.1.0-20260527T234036Z,C0101,10,223,00000,000000,District - Khagaria,total,jain,persons,86
census-india-2011,sources/census-2011/c-series/state-mdds/c01-10-bihar.xls,b00824a538230226,census-c01-extract-v1.1.0-20260527T234036Z,C0101,10,223,00000,000000,District - Khagaria,total,jain,males,44
census-india-2011,sources/census-2011/c-series/state-mdds/c01-10-bihar.xls,b00824a538230226,census-c01-extract-v1.1.0-20260527T234036Z,C0101,10,223,00000,000000,District - Khagaria,total,jain,females,42
census-india-2011,sources/census-2011/c-series/state-mdds/c01-10-bihar.xls,b00824a538230226,census-c01-extract-v1.1.0-20260527T234036Z,C0101,10,223,00000,000000,District - Khagaria,total,other,persons,115
census-india-2011,sources/census-2011/c-series/state-mdds/c01-10-bihar.xls,b00824a538230226,census-c01-extract-v1.1.0-20260527T234036Z,C0101,10,223,00000,000000,District - Khagaria,total,other,males,67
census-india-2011,sources/census-2011/c-series/state-mdds/c01-10-bihar.xls,b00824a538230226,census-c01-extract-v1.1.0-20260527T234036Z,C0101,10,223,00000,000000,District - Khagaria,total,other,females,48
census-india-2011,sources/census-2011/c-series/state-mdds/c01-10-bihar.xls,b00824a538230226,census-c01-extract-v1.1.0-20260527T234036Z,C0101,10,223,00000,000000,District - Khagaria,total,not_stated,persons,2633
census-india-2011,sources/census-2011/c-series/state-mdds/c01-10-bihar.xls,b00824a538230226,census-c01-extract-v1.1.0-20260527T234036Z,C0101,10,223,00000,000000,District - Khagaria,total,not_stated,males,1367
census-india-2011,sources/census-2011/c-series/state-mdds/c01-10-bihar.xls,b00824a538230226,census-c01-extract-v1.1.0-20260527T234036Z,C0101,10,223,00000,000000,District - Khagaria,total,not_stated,females,1266
census-india-2011,sources/census-2011/c-series/state-mdds/c01-10-bihar.xls,b00824a538230226,census-c01-extract-v1.1.0-20260527T234036Z,C0101,10,223,00000,000000,District - Khagaria,rural,all,persons,1579727
census-india-2011,sources/census-2011/c-series/state-mdds/c01-10-bihar.xls,b00824a538230226,census-c01-extract-v1.1.0-20260527T234036Z,C0101,10,223,00000,000000,District - Khagaria,rural,all,males,837281
census-india-2011,sources/census-2011/c-series/state-mdds/c01-10-bihar.xls,b00824a538230226,census-c01-extract-v1.1.0-20260527T234036Z,C0101,10,223,00000,000000,District - Khagaria,rural,all,females,742446
census-india-2011,sources/census-2011/c-series/state-mdds/c01-10-bihar.xls,b00824a538230226,census-c01-extract-v1.1.0-20260527T234036Z,C0101,10,223,00000,000000,District - Khagaria,rural,hindu,persons,1417197
census-india-2011,sources/census-2011/c-series/state-mdds/c01-10-bihar.xls,b00824a538230226,census-c01-extract-v1.1.0-20260527T234036Z,C0101,10,223,00000,000000,District - Khagaria,rural,hindu,males,751756
census-india-2011,sources/census-2011/c-series/state-mdds/c01-10-bihar.xls,b00824a538230226,census-c01-extract-v1.1.0-20260527T234036Z,C0101,10,223,00000,000000,District - Khagaria,rural,hindu,females,665441
census-india-2011,sources/census-2011/c-series/state-mdds/c01-10-bihar.xls,b00824a538230226,census-c01-extract-v1.1.0-20260527T234036Z,C0101,10,223,00000,000000,District - Khagaria,rural,muslim,persons,158515
census-india-2011,sources/census-2011/c-series/state-mdds/c01-10-bihar.xls,b00824a538230226,census-c01-extract-v1.1.0-20260527T234036Z,C0101,10,223,00000,000000,District - Khagaria,rural,muslim,males,83425
census-india-2011,sources/census-2011/c-series/state-mdds/c01-10-bihar.xls,b00824a538230226,census-c01-extract-v1.1.0-20260527T234036Z,C0101,10,223,00000,000000,District - Khagaria,rural,muslim,females,75090
census-india-2011,sources/census-2011/c-series/state-mdds/c01-10-bihar.xls,b00824a538230226,census-c01-extract-v1.1.0-20260527T234036Z,C0101,10,223,00000,000000,District - Khagaria,rural,christian,persons,1124
census-india-2011,sources/census-2011/c-series/state-mdds/c01-10-bihar.xls,b00824a538230226,census-c01-extract-v1.1.0-20260527T234036Z,C0101,10,223,00000,000000,District - Khagaria,rural,christian,males,591
census-india-2011,sources/census-2011/c-series/state-mdds/c01-10-bihar.xls,b00824a538230226,census-c01-extract-v1.1.0-20260527T234036Z,C0101,10,223,00000,000000,District - Khagaria,rural,christian,females,533
census-india-2011,sources/census-2011/c-series/state-mdds/c01-10-bihar.xls,b00824a538230226,census-c01-extract-v1.1.0-20260527T234036Z,C0101,10,223,00000,000000,District - Khagaria,rural,sikh,persons,114
census-india-2011,sources/census-2011/c-series/state-mdds/c01-10-bihar.xls,b00824a538230226,census-c01-extract-v1.1.0-20260527T234036Z,C0101,10,223,00000,000000,District - Khagaria,rural,sikh,males,66
census-india-2011,sources/census-2011/c-series/state-mdds/c01-10-bihar.xls,b00824a538230226,census-c01-extract-v1.1.0-20260527T234036Z,C0101,10,223,00000,000000,District - Khagaria,rural,sikh,females,48
census-india-2011,sources/census-2011/c-series/state-mdds/c01-10-bihar.xls,b00824a538230226,census-c01-extract-v1.1.0-20260527T234036Z,C0101,10,223,00000,000000,District - Khagaria,rural,buddhist,persons,73
census-india-2011,sources/census-2011/c-series/state-mdds/c01-10-bihar.xls,b00824a538230226,census-c01-extract-v1.1.0-20260527T234036Z,C0101,10,223,00000,000000,District - Khagaria,rural,buddhist,males,37
census-india-2011,sources/census-2011/c-series/state-mdds/c01-10-bihar.xls,b00824a538230226,census-c01-extract-v1.1.0-20260527T234036Z,C0101,10,223,00000,000000,District - Khagaria,rural,buddhist,females,36
census-india-2011,sources/census-2011/c-series/state-mdds/c01-10-bihar.xls,b00824a538230226,census-c01-extract-v1.1.0-20260527T234036Z,C0101,10,223,00000,000000,District - Khagaria,rural,jain,persons,77
census-india-2011,sources/census-2011/c-series/state-mdds/c01-10-bihar.xls,b00824a538230226,census-c01-extract-v1.1.0-20260527T234036Z,C0101,10,223,00000,000000,District - Khagaria,rural,jain,males,38
census-india-2011,sources/census-2011/c-series/state-mdds/c01-10-bihar.xls,b00824a538230226,census-c01-extract-v1.1.0-20260527T234036Z,C0101,10,223,00000,000000,District - Khagaria,rural,jain,females,39
census-india-2011,sources/census-2011/c-series/state-mdds/c01-10-bihar.xls,b00824a538230226,census-c01-extract-v1.1.0-20260527T234036Z,C0101,10,223,00000,000000,District - Khagaria,rural,other,persons,107
census-india-2011,sources/census-2011/c-series/state-mdds/c01-10-bihar.xls,b00824a538230226,census-c01-extract-v1.1.0-20260527T234036Z,C0101,10,223,00000,000000,District - Khagaria,rural,other,males,62
census-india-2011,sources/census-2011/c-series/state-mdds/c01-10-bihar.xls,b00824a538230226,census-c01-extract-v1.1.0-20260527T234036Z,C0101,10,223,00000,000000,District - Khagaria,rural,other,females,45
census-india-2011,sources/census-2011/c-series/state-mdds/c01-10-bihar.xls,b00824a538230226,census-c01-extract-v1.1.0-20260527T234036Z,C0101,10,223,00000,000000,District - Khagaria,rural,not_stated,persons,2520
census-india-2011,sources/census-2011/c-series/state-mdds/c01-10-bihar.xls,b00824a538230226,census-c01-extract-v1.1.0-20260527T234036Z,C0101,10,223,00000,000000,District - Khagaria,rural,not_stated,males,1306
census-india-2011,sources/census-2011/c-series/state-mdds/c01-10-bihar.xls,b00824a538230226,census-c01-extract-v1.1.0-20260527T234036Z,C0101,10,223,00000,000000,District - Khagaria,rural,not_stated,females,1214
census-india-2011,sources/census-2011/c-series/state-mdds/c01-10-bihar.xls,b00824a538230226,census-c01-extract-v1.1.0-20260527T234036Z,C0101,10,223,00000,000000,District - Khagaria,urban,all,persons,87159
census-india-2011,sources/census-2011/c-series/state-mdds/c01-10-bihar.xls,b00824a538230226,census-c01-extract-v1.1.0-20260527T234036Z,C0101,10,223,00000,000000,District - Khagaria,urban,all,males,46505
census-india-2011,sources/census-2011/c-series/state-mdds/c01-10-bihar.xls,b00824a538230226,census-c01-extract-v1.1.0-20260527T234036Z,C0101,10,223,00000,000000,District - Khagaria,urban,all,females,40654
census-india-2011,sources/census-2011/c-series/state-mdds/c01-10-bihar.xls,b00824a538230226,census-c01-extract-v1.1.0-20260527T234036Z,C0101,10,223,00000,000000,District - Khagaria,urban,hindu,persons,69792
census-india-2011,sources/census-2011/c-series/state-mdds/c01-10-bihar.xls,b00824a538230226,census-c01-extract-v1.1.0-20260527T234036Z,C0101,10,223,00000,000000,District - Khagaria,urban,hindu,males,37368
census-india-2011,sources/census-2011/c-series/state-mdds/c01-10-bihar.xls,b00824a538230226,census-c01-extract-v1.1.0-20260527T234036Z,C0101,10,223,00000,000000,District - Khagaria,urban,hindu,females,32424
census-india-2011,sources/census-2011/c-series/state-mdds/c01-10-bihar.xls,b00824a538230226,census-c01-extract-v1.1.0-20260527T234036Z,C0101,10,223,00000,000000,District - Khagaria,urban,muslim,persons,17073
census-india-2011,sources/census-2011/c-series/state-mdds/c01-10-bihar.xls,b00824a538230226,census-c01-extract-v1.1.0-20260527T234036Z,C0101,10,223,00000,000000,District - Khagaria,urban,muslim,males,8977
census-india-2011,sources/census-2011/c-series/state-mdds/c01-10-bihar.xls,b00824a538230226,census-c01-extract-v1.1.0-20260527T234036Z,C0101,10,223,00000,000000,District - Khagaria,urban,muslim,females,8096
census-india-2011,sources/census-2011/c-series/state-mdds/c01-10-bihar.xls,b00824a538230226,census-c01-extract-v1.1.0-20260527T234036Z,C0101,10,223,00000,000000,District - Khagaria,urban,christian,persons,129
census-india-2011,sources/census-2011/c-series/state-mdds/c01-10-bihar.xls,b00824a538230226,census-c01-extract-v1.1.0-20260527T234036Z,C0101,10,223,00000,000000,District - Khagaria,urban,christian,males,68
census-india-2011,sources/census-2011/c-series/state-mdds/c01-10-bihar.xls,b00824a538230226,census-c01-extract-v1.1.0-20260527T234036Z,C0101,10,223,00000,000000,District - Khagaria,urban,christian,females,61
census-india-2011,sources/census-2011/c-series/state-mdds/c01-10-bihar.xls,b00824a538230226,census-c01-extract-v1.1.0-20260527T234036Z,C0101,10,223,00000,000000,District - Khagaria,urban,sikh,persons,29
census-india-2011,sources/census-2011/c-series/state-mdds/c01-10-bihar.xls,b00824a538230226,census-c01-extract-v1.1.0-20260527T234036Z,C0101,10,223,00000,000000,District - Khagaria,urban,sikh,males,15
census-india-2011,sources/census-2011/c-series/state-mdds/c01-10-bihar.xls,b00824a538230226,census-c01-extract-v1.1.0-20260527T234036Z,C0101,10,223,00000,000000,District - Khagaria,urban,sikh,females,14
census-india-2011,sources/census-2011/c-series/state-mdds/c01-10-bihar.xls,b00824a538230226,census-c01-extract-v1.1.0-20260527T234036Z,C0101,10,223,00000,000000,District - Khagaria,urban,buddhist,persons,6
census-india-2011,sources/census-2011/c-series/state-mdds/c01-10-bihar.xls,b00824a538230226,census-c01-extract-v1.1.0-20260527T234036Z,C0101,10,223,00000,000000,District - Khagaria,urban,buddhist,males,5
census-india-2011,sources/census-2011/c-series/state-mdds/c01-10-bihar.xls,b00824a538230226,census-c01-extract-v1.1.0-20260527T234036Z,C0101,10,223,00000,000000,District - Khagaria,urban,buddhist,females,1
census-india-2011,sources/census-2011/c-series/state-mdds/c01-10-bihar.xls,b00824a538230226,census-c01-extract-v1.1.0-20260527T234036Z,C0101,10,223,00000,000000,District - Khagaria,urban,jain,persons,9
census-india-2011,sources/census-2011/c-series/state-mdds/c01-10-bihar.xls,b00824a538230226,census-c01-extract-v1.1.0-20260527T234036Z,C0101,10,223,00000,000000,District - Khagaria,urban,jain,males,6
census-india-2011,sources/census-2011/c-series/state-mdds/c01-10-bihar.xls,b00824a538230226,census-c01-extract-v1.1.0-20260527T234036Z,C0101,10,223,00000,000000,District - Khagaria,urban,jain,females,3
census-india-2011,sources/census-2011/c-series/state-mdds/c01-10-bihar.xls,b00824a538230226,census-c01-extract-v1.1.0-20260527T234036Z,C0101,10,223,00000,000000,District - Khagaria,urban,other,persons,8
census-india-2011,sources/census-2011/c-series/state-mdds/c01-10-bihar.xls,b00824a538230226,census-c01-extract-v1.1.0-20260527T234036Z,C0101,10,223,00000,000000,District - Khagaria,urban,other,males,5
census-india-2011,sources/census-2011/c-series/state-mdds/c01-10-bihar.xls,b00824a538230226,census-c01-extract-v1.1.0-20260527T234036Z,C0101,10,223,00000,000000,District - Khagaria,urban,other,females,3
census-india-2011,sources/census-2011/c-series/state-mdds/c01-10-bihar.xls,b00824a538230226,census-c01-extract-v1.1.0-20260527T234036Z,C0101,10,223,00000,000000,District - Khagaria,urban,not_stated,persons,113
census-india-2011,sources/census-2011/c-series/state-mdds/c01-10-bihar.xls,b00824a538230226,census-c01-extract-v1.1.0-20260527T234036Z,C0101,10,223,00000,000000,District - Khagaria,urban,not_stated,males,61
census-india-2011,sources/census-2011/c-series/state-mdds/c01-10-bihar.xls,b00824a538230226,census-c01-extract-v1.1.0-20260527T234036Z,C0101,10,223,00000,000000,District - Khagaria,urban,not_stated,females,52
census-india-2011,sources/census-2011/c-series/state-mdds/c01-10-bihar.xls,b00824a538230226,census-c01-extract-v1.1.0-20260527T234036Z,C0101,10,224,00000,000000,District - Bhagalpur,total,all,persons,3037766
census-india-2011,sources/census-2011/c-series/state-mdds/c01-10-bihar.xls,b00824a538230226,census-c01-extract-v1.1.0-20260527T234036Z,C0101,10,224,00000,000000,District - Bhagalpur,total,all,males,1615663
census-india-2011,sources/census-2011/c-series/state-mdds/c01-10-bihar.xls,b00824a538230226,census-c01-extract-v1.1.0-20260527T234036Z,C0101,10,224,00000,000000,District - Bhagalpur,total,all,females,1422103
census-india-2011,sources/census-2011/c-series/state-mdds/c01-10-bihar.xls,b00824a538230226,census-c01-extract-v1.1.0-20260527T234036Z,C0101,10,224,00000,000000,District - Bhagalpur,total,hindu,persons,2487866
census-india-2011,sources/census-2011/c-series/state-mdds/c01-10-bihar.xls,b00824a538230226,census-c01-extract-v1.1.0-20260527T234036Z,C0101,10,224,00000,000000,District - Bhagalpur,total,hindu,males,1328217
census-india-2011,sources/census-2011/c-series/state-mdds/c01-10-bihar.xls,b00824a538230226,census-c01-extract-v1.1.0-20260527T234036Z,C0101,10,224,00000,000000,District - Bhagalpur,total,hindu,females,1159649
census-india-2011,sources/census-2011/c-series/state-mdds/c01-10-bihar.xls,b00824a538230226,census-c01-extract-v1.1.0-20260527T234036Z,C0101,10,224,00000,000000,District - Bhagalpur,total,muslim,persons,537098
census-india-2011,sources/census-2011/c-series/state-mdds/c01-10-bihar.xls,b00824a538230226,census-c01-extract-v1.1.0-20260527T234036Z,C0101,10,224,00000,000000,District - Bhagalpur,total,muslim,males,280770
census-india-2011,sources/census-2011/c-series/state-mdds/c01-10-bihar.xls,b00824a538230226,census-c01-extract-v1.1.0-20260527T234036Z,C0101,10,224,00000,000000,District - Bhagalpur,total,muslim,females,256328
census-india-2011,sources/census-2011/c-series/state-mdds/c01-10-bihar.xls,b00824a538230226,census-c01-extract-v1.1.0-20260527T234036Z,C0101,10,224,00000,000000,District - Bhagalpur,total,christian,persons,3556
census-india-2011,sources/census-2011/c-series/state-mdds/c01-10-bihar.xls,b00824a538230226,census-c01-extract-v1.1.0-20260527T234036Z,C0101,10,224,00000,000000,District - Bhagalpur,total,christian,males,1790
census-india-2011,sources/census-2011/c-series/state-mdds/c01-10-bihar.xls,b00824a538230226,census-c01-extract-v1.1.0-20260527T234036Z,C0101,10,224,00000,000000,District - Bhagalpur,total,christian,females,1766
census-india-2011,sources/census-2011/c-series/state-mdds/c01-10-bihar.xls,b00824a538230226,census-c01-extract-v1.1.0-20260527T234036Z,C0101,10,224,00000,000000,District - Bhagalpur,total,sikh,persons,415
census-india-2011,sources/census-2011/c-series/state-mdds/c01-10-bihar.xls,b00824a538230226,census-c01-extract-v1.1.0-20260527T234036Z,C0101,10,224,00000,000000,District - Bhagalpur,total,sikh,males,205
census-india-2011,sources/census-2011/c-series/state-mdds/c01-10-bihar.xls,b00824a538230226,census-c01-extract-v1.1.0-20260527T234036Z,C0101,10,224,00000,000000,District - Bhagalpur,total,sikh,females,210
census-india-2011,sources/census-2011/c-series/state-mdds/c01-10-bihar.xls,b00824a538230226,census-c01-extract-v1.1.0-20260527T234036Z,C0101,10,224,00000,000000,District - Bhagalpur,total,buddhist,persons,180
census-india-2011,sources/census-2011/c-series/state-mdds/c01-10-bihar.xls,b00824a538230226,census-c01-extract-v1.1.0-20260527T234036Z,C0101,10,224,00000,000000,District - Bhagalpur,total,buddhist,males,94
census-india-2011,sources/census-2011/c-series/state-mdds/c01-10-bihar.xls,b00824a538230226,census-c01-extract-v1.1.0-20260527T234036Z,C0101,10,224,00000,000000,District - Bhagalpur,total,buddhist,females,86
census-india-2011,sources/census-2011/c-series/state-mdds/c01-10-bihar.xls,b00824a538230226,census-c01-extract-v1.1.0-20260527T234036Z,C0101,10,224,00000,000000,District - Bhagalpur,total,jain,persons,1050
census-india-2011,sources/census-2011/c-series/state-mdds/c01-10-bihar.xls,b00824a538230226,census-c01-extract-v1.1.0-20260527T234036Z,C0101,10,224,00000,000000,District - Bhagalpur,total,jain,males,563
census-india-2011,sources/census-2011/c-series/state-mdds/c01-10-bihar.xls,b00824a538230226,census-c01-extract-v1.1.0-20260527T234036Z,C0101,10,224,00000,000000,District - Bhagalpur,total,jain,females,487
census-india-2011,sources/census-2011/c-series/state-mdds/c01-10-bihar.xls,b00824a538230226,census-c01-extract-v1.1.0-20260527T234036Z,C0101,10,224,00000,000000,District - Bhagalpur,total,other,persons,32
census-india-2011,sources/census-2011/c-series/state-mdds/c01-10-bihar.xls,b00824a538230226,census-c01-extract-v1.1.0-20260527T234036Z,C0101,10,224,00000,000000,District - Bhagalpur,total,other,males,16
census-india-2011,sources/census-2011/c-series/state-mdds/c01-10-bihar.xls,b00824a538230226,census-c01-extract-v1.1.0-20260527T234036Z,C0101,10,224,00000,000000,District - Bhagalpur,total,other,females,16
census-india-2011,sources/census-2011/c-series/state-mdds/c01-10-bihar.xls,b00824a538230226,census-c01-extract-v1.1.0-20260527T234036Z,C0101,10,224,00000,000000,District - Bhagalpur,total,not_stated,persons,7569
census-india-2011,sources/census-2011/c-series/state-mdds/c01-10-bihar.xls,b00824a538230226,census-c01-extract-v1.1.0-20260527T234036Z,C0101,10,224,00000,000000,District - Bhagalpur,total,not_stated,males,4008
census-india-2011,sources/census-2011/c-series/state-mdds/c01-10-bihar.xls,b00824a538230226,census-c01-extract-v1.1.0-20260527T234036Z,C0101,10,224,00000,000000,District - Bhagalpur,total,not_stated,females,3561
census-india-2011,sources/census-2011/c-series/state-mdds/c01-10-bihar.xls,b00824a538230226,census-c01-extract-v1.1.0-20260527T234036Z,C0101,10,224,00000,000000,District - Bhagalpur,rural,all,persons,2435234
census-india-2011,sources/census-2011/c-series/state-mdds/c01-10-bihar.xls,b00824a538230226,census-c01-extract-v1.1.0-20260527T234036Z,C0101,10,224,00000,000000,District - Bhagalpur,rural,all,males,1295386
census-india-2011,sources/census-2011/c-series/state-mdds/c01-10-bihar.xls,b00824a538230226,census-c01-extract-v1.1.0-20260527T234036Z,C0101,10,224,00000,000000,District - Bhagalpur,rural,all,females,1139848
census-india-2011,sources/census-2011/c-series/state-mdds/c01-10-bihar.xls,b00824a538230226,census-c01-extract-v1.1.0-20260527T234036Z,C0101,10,224,00000,000000,District - Bhagalpur,rural,hindu,persons,2066487
census-india-2011,sources/census-2011/c-series/state-mdds/c01-10-bihar.xls,b00824a538230226,census-c01-extract-v1.1.0-20260527T234036Z,C0101,10,224,00000,000000,District - Bhagalpur,rural,hindu,males,1102516
census-india-2011,sources/census-2011/c-series/state-mdds/c01-10-bihar.xls,b00824a538230226,census-c01-extract-v1.1.0-20260527T234036Z,C0101,10,224,00000,000000,District - Bhagalpur,rural,hindu,females,963971
census-india-2011,sources/census-2011/c-series/state-mdds/c01-10-bihar.xls,b00824a538230226,census-c01-extract-v1.1.0-20260527T234036Z,C0101,10,224,00000,000000,District - Bhagalpur,rural,muslim,persons,360482
census-india-2011,sources/census-2011/c-series/state-mdds/c01-10-bihar.xls,b00824a538230226,census-c01-extract-v1.1.0-20260527T234036Z,C0101,10,224,00000,000000,District - Bhagalpur,rural,muslim,males,188459
census-india-2011,sources/census-2011/c-series/state-mdds/c01-10-bihar.xls,b00824a538230226,census-c01-extract-v1.1.0-20260527T234036Z,C0101,10,224,00000,000000,District - Bhagalpur,rural,muslim,females,172023
census-india-2011,sources/census-2011/c-series/state-mdds/c01-10-bihar.xls,b00824a538230226,census-c01-extract-v1.1.0-20260527T234036Z,C0101,10,224,00000,000000,District - Bhagalpur,rural,christian,persons,2186
census-india-2011,sources/census-2011/c-series/state-mdds/c01-10-bihar.xls,b00824a538230226,census-c01-extract-v1.1.0-20260527T234036Z,C0101,10,224,00000,000000,District - Bhagalpur,rural,christian,males,1161
census-india-2011,sources/census-2011/c-series/state-mdds/c01-10-bihar.xls,b00824a538230226,census-c01-extract-v1.1.0-20260527T234036Z,C0101,10,224,00000,000000,District - Bhagalpur,rural,christian,females,1025
census-india-2011,sources/census-2011/c-series/state-mdds/c01-10-bihar.xls,b00824a538230226,census-c01-extract-v1.1.0-20260527T234036Z,C0101,10,224,00000,000000,District - Bhagalpur,rural,sikh,persons,234
census-india-2011,sources/census-2011/c-series/state-mdds/c01-10-bihar.xls,b00824a538230226,census-c01-extract-v1.1.0-20260527T234036Z,C0101,10,224,00000,000000,District - Bhagalpur,rural,sikh,males,112
census-india-2011,sources/census-2011/c-series/state-mdds/c01-10-bihar.xls,b00824a538230226,census-c01-extract-v1.1.0-20260527T234036Z,C0101,10,224,00000,000000,District - Bhagalpur,rural,sikh,females,122
census-india-2011,sources/census-2011/c-series/state-mdds/c01-10-bihar.xls,b00824a538230226,census-c01-extract-v1.1.0-20260527T234036Z,C0101,10,224,00000,000000,District - Bhagalpur,rural,buddhist,persons,120
census-india-2011,sources/census-2011/c-series/state-mdds/c01-10-bihar.xls,b00824a538230226,census-c01-extract-v1.1.0-20260527T234036Z,C0101,10,224,00000,000000,District - Bhagalpur,rural,buddhist,males,60
census-india-2011,sources/census-2011/c-series/state-mdds/c01-10-bihar.xls,b00824a538230226,census-c01-extract-v1.1.0-20260527T234036Z,C0101,10,224,00000,000000,District - Bhagalpur,rural,buddhist,females,60
census-india-2011,sources/census-2011/c-series/state-mdds/c01-10-bihar.xls,b00824a538230226,census-c01-extract-v1.1.0-20260527T234036Z,C0101,10,224,00000,000000,District - Bhagalpur,rural,jain,persons,135
census-india-2011,sources/census-2011/c-series/state-mdds/c01-10-bihar.xls,b00824a538230226,census-c01-extract-v1.1.0-20260527T234036Z,C0101,10,224,00000,000000,District - Bhagalpur,rural,jain,males,77
census-india-2011,sources/census-2011/c-series/state-mdds/c01-10-bihar.xls,b00824a538230226,census-c01-extract-v1.1.0-20260527T234036Z,C0101,10,224,00000,000000,District - Bhagalpur,rural,jain,females,58
census-india-2011,sources/census-2011/c-series/state-mdds/c01-10-bihar.xls,b00824a538230226,census-c01-extract-v1.1.0-20260527T234036Z,C0101,10,224,00000,000000,District - Bhagalpur,rural,other,persons,21
census-india-2011,sources/census-2011/c-series/state-mdds/c01-10-bihar.xls,b00824a538230226,census-c01-extract-v1.1.0-20260527T234036Z,C0101,10,224,00000,000000,District - Bhagalpur,rural,other,males,11
census-india-2011,sources/census-2011/c-series/state-mdds/c01-10-bihar.xls,b00824a538230226,census-c01-extract-v1.1.0-20260527T234036Z,C0101,10,224,00000,000000,District - Bhagalpur,rural,other,females,10
census-india-2011,sources/census-2011/c-series/state-mdds/c01-10-bihar.xls,b00824a538230226,census-c01-extract-v1.1.0-20260527T234036Z,C0101,10,224,00000,000000,District - Bhagalpur,rural,not_stated,persons,5569
census-india-2011,sources/census-2011/c-series/state-mdds/c01-10-bihar.xls,b00824a538230226,census-c01-extract-v1.1.0-20260527T234036Z,C0101,10,224,00000,000000,District - Bhagalpur,rural,not_stated,males,2990
census-india-2011,sources/census-2011/c-series/state-mdds/c01-10-bihar.xls,b00824a538230226,census-c01-extract-v1.1.0-20260527T234036Z,C0101,10,224,00000,000000,District - Bhagalpur,rural,not_stated,females,2579
census-india-2011,sources/census-2011/c-series/state-mdds/c01-10-bihar.xls,b00824a538230226,census-c01-extract-v1.1.0-20260527T234036Z,C0101,10,224,00000,000000,District - Bhagalpur,urban,all,persons,602532
census-india-2011,sources/census-2011/c-series/state-mdds/c01-10-bihar.xls,b00824a538230226,census-c01-extract-v1.1.0-20260527T234036Z,C0101,10,224,00000,000000,District - Bhagalpur,urban,all,males,320277
census-india-2011,sources/census-2011/c-series/state-mdds/c01-10-bihar.xls,b00824a538230226,census-c01-extract-v1.1.0-20260527T234036Z,C0101,10,224,00000,000000,District - Bhagalpur,urban,all,females,282255
census-india-2011,sources/census-2011/c-series/state-mdds/c01-10-bihar.xls,b00824a538230226,census-c01-extract-v1.1.0-20260527T234036Z,C0101,10,224,00000,000000,District - Bhagalpur,urban,hindu,persons,421379
census-india-2011,sources/census-2011/c-series/state-mdds/c01-10-bihar.xls,b00824a538230226,census-c01-extract-v1.1.0-20260527T234036Z,C0101,10,224,00000,000000,District - Bhagalpur,urban,hindu,males,225701
census-india-2011,sources/census-2011/c-series/state-mdds/c01-10-bihar.xls,b00824a538230226,census-c01-extract-v1.1.0-20260527T234036Z,C0101,10,224,00000,000000,District - Bhagalpur,urban,hindu,females,195678
census-india-2011,sources/census-2011/c-series/state-mdds/c01-10-bihar.xls,b00824a538230226,census-c01-extract-v1.1.0-20260527T234036Z,C0101,10,224,00000,000000,District - Bhagalpur,urban,muslim,persons,176616
census-india-2011,sources/census-2011/c-series/state-mdds/c01-10-bihar.xls,b00824a538230226,census-c01-extract-v1.1.0-20260527T234036Z,C0101,10,224,00000,000000,District - Bhagalpur,urban,muslim,males,92311
census-india-2011,sources/census-2011/c-series/state-mdds/c01-10-bihar.xls,b00824a538230226,census-c01-extract-v1.1.0-20260527T234036Z,C0101,10,224,00000,000000,District - Bhagalpur,urban,muslim,females,84305
census-india-2011,sources/census-2011/c-series/state-mdds/c01-10-bihar.xls,b00824a538230226,census-c01-extract-v1.1.0-20260527T234036Z,C0101,10,224,00000,000000,District - Bhagalpur,urban,christian,persons,1370
census-india-2011,sources/census-2011/c-series/state-mdds/c01-10-bihar.xls,b00824a538230226,census-c01-extract-v1.1.0-20260527T234036Z,C0101,10,224,00000,000000,District - Bhagalpur,urban,christian,males,629
census-india-2011,sources/census-2011/c-series/state-mdds/c01-10-bihar.xls,b00824a538230226,census-c01-extract-v1.1.0-20260527T234036Z,C0101,10,224,00000,000000,District - Bhagalpur,urban,christian,females,741
census-india-2011,sources/census-2011/c-series/state-mdds/c01-10-bihar.xls,b00824a538230226,census-c01-extract-v1.1.0-20260527T234036Z,C0101,10,224,00000,000000,District - Bhagalpur,urban,sikh,persons,181
census-india-2011,sources/census-2011/c-series/state-mdds/c01-10-bihar.xls,b00824a538230226,census-c01-extract-v1.1.0-20260527T234036Z,C0101,10,224,00000,000000,District - Bhagalpur,urban,sikh,males,93
census-india-2011,sources/census-2011/c-series/state-mdds/c01-10-bihar.xls,b00824a538230226,census-c01-extract-v1.1.0-20260527T234036Z,C0101,10,224,00000,000000,District - Bhagalpur,urban,sikh,females,88
census-india-2011,sources/census-2011/c-series/state-mdds/c01-10-bihar.xls,b00824a538230226,census-c01-extract-v1.1.0-20260527T234036Z,C0101,10,224,00000,000000,District - Bhagalpur,urban,buddhist,persons,60
census-india-2011,sources/census-2011/c-series/state-mdds/c01-10-bihar.xls,b00824a538230226,census-c01-extract-v1.1.0-20260527T234036Z,C0101,10,224,00000,000000,District - Bhagalpur,urban,buddhist,males,34
census-india-2011,sources/census-2011/c-series/state-mdds/c01-10-bihar.xls,b00824a538230226,census-c01-extract-v1.1.0-20260527T234036Z,C0101,10,224,00000,000000,District - Bhagalpur,urban,buddhist,females,26
census-india-2011,sources/census-2011/c-series/state-mdds/c01-10-bihar.xls,b00824a538230226,census-c01-extract-v1.1.0-20260527T234036Z,C0101,10,224,00000,000000,District - Bhagalpur,urban,jain,persons,915
census-india-2011,sources/census-2011/c-series/state-mdds/c01-10-bihar.xls,b00824a538230226,census-c01-extract-v1.1.0-20260527T234036Z,C0101,10,224,00000,000000,District - Bhagalpur,urban,jain,males,486
census-india-2011,sources/census-2011/c-series/state-mdds/c01-10-bihar.xls,b00824a538230226,census-c01-extract-v1.1.0-20260527T234036Z,C0101,10,224,00000,000000,District - Bhagalpur,urban,jain,females,429
census-india-2011,sources/census-2011/c-series/state-mdds/c01-10-bihar.xls,b00824a538230226,census-c01-extract-v1.1.0-20260527T234036Z,C0101,10,224,00000,000000,District - Bhagalpur,urban,other,persons,11
census-india-2011,sources/census-2011/c-series/state-mdds/c01-10-bihar.xls,b00824a538230226,census-c01-extract-v1.1.0-20260527T234036Z,C0101,10,224,00000,000000,District - Bhagalpur,urban,other,males,5
census-india-2011,sources/census-2011/c-series/state-mdds/c01-10-bihar.xls,b00824a538230226,census-c01-extract-v1.1.0-20260527T234036Z,C0101,10,224,00000,000000,District - Bhagalpur,urban,other,females,6
census-india-2011,sources/census-2011/c-series/state-mdds/c01-10-bihar.xls,b00824a538230226,census-c01-extract-v1.1.0-20260527T234036Z,C0101,10,224,00000,000000,District - Bhagalpur,urban,not_stated,persons,2000
census-india-2011,sources/census-2011/c-series/state-mdds/c01-10-bihar.xls,b00824a538230226,census-c01-extract-v1.1.0-20260527T234036Z,C0101,10,224,00000,000000,District - Bhagalpur,urban,not_stated,males,1018
census-india-2011,sources/census-2011/c-series/state-mdds/c01-10-bihar.xls,b00824a538230226,census-c01-extract-v1.1.0-20260527T234036Z,C0101,10,224,00000,000000,District - Bhagalpur,urban,not_stated,females,982
census-india-2011,sources/census-2011/c-series/state-mdds/c01-10-bihar.xls,b00824a538230226,census-c01-extract-v1.1.0-20260527T234036Z,C0101,10,225,00000,000000,District - Banka,total,all,persons,2034763
census-india-2011,sources/census-2011/c-series/state-mdds/c01-10-bihar.xls,b00824a538230226,census-c01-extract-v1.1.0-20260527T234036Z,C0101,10,225,00000,000000,District - Banka,total,all,males,1067140
census-india-2011,sources/census-2011/c-series/state-mdds/c01-10-bihar.xls,b00824a538230226,census-c01-extract-v1.1.0-20260527T234036Z,C0101,10,225,00000,000000,District - Banka,total,all,females,967623
census-india-2011,sources/census-2011/c-series/state-mdds/c01-10-bihar.xls,b00824a538230226,census-c01-extract-v1.1.0-20260527T234036Z,C0101,10,225,00000,000000,District - Banka,total,hindu,persons,1772655
census-india-2011,sources/census-2011/c-series/state-mdds/c01-10-bihar.xls,b00824a538230226,census-c01-extract-v1.1.0-20260527T234036Z,C0101,10,225,00000,000000,District - Banka,total,hindu,males,931659
census-india-2011,sources/census-2011/c-series/state-mdds/c01-10-bihar.xls,b00824a538230226,census-c01-extract-v1.1.0-20260527T234036Z,C0101,10,225,00000,000000,District - Banka,total,hindu,females,840996
census-india-2011,sources/census-2011/c-series/state-mdds/c01-10-bihar.xls,b00824a538230226,census-c01-extract-v1.1.0-20260527T234036Z,C0101,10,225,00000,000000,District - Banka,total,muslim,persons,250925
census-india-2011,sources/census-2011/c-series/state-mdds/c01-10-bihar.xls,b00824a538230226,census-c01-extract-v1.1.0-20260527T234036Z,C0101,10,225,00000,000000,District - Banka,total,muslim,males,129692
census-india-2011,sources/census-2011/c-series/state-mdds/c01-10-bihar.xls,b00824a538230226,census-c01-extract-v1.1.0-20260527T234036Z,C0101,10,225,00000,000000,District - Banka,total,muslim,females,121233
census-india-2011,sources/census-2011/c-series/state-mdds/c01-10-bihar.xls,b00824a538230226,census-c01-extract-v1.1.0-20260527T234036Z,C0101,10,225,00000,000000,District - Banka,total,christian,persons,6138
census-india-2011,sources/census-2011/c-series/state-mdds/c01-10-bihar.xls,b00824a538230226,census-c01-extract-v1.1.0-20260527T234036Z,C0101,10,225,00000,000000,District - Banka,total,christian,males,3087
census-india-2011,sources/census-2011/c-series/state-mdds/c01-10-bihar.xls,b00824a538230226,census-c01-extract-v1.1.0-20260527T234036Z,C0101,10,225,00000,000000,District - Banka,total,christian,females,3051
census-india-2011,sources/census-2011/c-series/state-mdds/c01-10-bihar.xls,b00824a538230226,census-c01-extract-v1.1.0-20260527T234036Z,C0101,10,225,00000,000000,District - Banka,total,sikh,persons,139
census-india-2011,sources/census-2011/c-series/state-mdds/c01-10-bihar.xls,b00824a538230226,census-c01-extract-v1.1.0-20260527T234036Z,C0101,10,225,00000,000000,District - Banka,total,sikh,males,64
census-india-2011,sources/census-2011/c-series/state-mdds/c01-10-bihar.xls,b00824a538230226,census-c01-extract-v1.1.0-20260527T234036Z,C0101,10,225,00000,000000,District - Banka,total,sikh,females,75
census-india-2011,sources/census-2011/c-series/state-mdds/c01-10-bihar.xls,b00824a538230226,census-c01-extract-v1.1.0-20260527T234036Z,C0101,10,225,00000,000000,District - Banka,total,buddhist,persons,113
census-india-2011,sources/census-2011/c-series/state-mdds/c01-10-bihar.xls,b00824a538230226,census-c01-extract-v1.1.0-20260527T234036Z,C0101,10,225,00000,000000,District - Banka,total,buddhist,males,65
census-india-2011,sources/census-2011/c-series/state-mdds/c01-10-bihar.xls,b00824a538230226,census-c01-extract-v1.1.0-20260527T234036Z,C0101,10,225,00000,000000,District - Banka,total,buddhist,females,48
census-india-2011,sources/census-2011/c-series/state-mdds/c01-10-bihar.xls,b00824a538230226,census-c01-extract-v1.1.0-20260527T234036Z,C0101,10,225,00000,000000,District - Banka,total,jain,persons,94
census-india-2011,sources/census-2011/c-series/state-mdds/c01-10-bihar.xls,b00824a538230226,census-c01-extract-v1.1.0-20260527T234036Z,C0101,10,225,00000,000000,District - Banka,total,jain,males,52
census-india-2011,sources/census-2011/c-series/state-mdds/c01-10-bihar.xls,b00824a538230226,census-c01-extract-v1.1.0-20260527T234036Z,C0101,10,225,00000,000000,District - Banka,total,jain,females,42
census-india-2011,sources/census-2011/c-series/state-mdds/c01-10-bihar.xls,b00824a538230226,census-c01-extract-v1.1.0-20260527T234036Z,C0101,10,225,00000,000000,District - Banka,total,other,persons,1035
census-india-2011,sources/census-2011/c-series/state-mdds/c01-10-bihar.xls,b00824a538230226,census-c01-extract-v1.1.0-20260527T234036Z,C0101,10,225,00000,000000,District - Banka,total,other,males,507
census-india-2011,sources/census-2011/c-series/state-mdds/c01-10-bihar.xls,b00824a538230226,census-c01-extract-v1.1.0-20260527T234036Z,C0101,10,225,00000,000000,District - Banka,total,other,females,528
census-india-2011,sources/census-2011/c-series/state-mdds/c01-10-bihar.xls,b00824a538230226,census-c01-extract-v1.1.0-20260527T234036Z,C0101,10,225,00000,000000,District - Banka,total,not_stated,persons,3664
census-india-2011,sources/census-2011/c-series/state-mdds/c01-10-bihar.xls,b00824a538230226,census-c01-extract-v1.1.0-20260527T234036Z,C0101,10,225,00000,000000,District - Banka,total,not_stated,males,2014
census-india-2011,sources/census-2011/c-series/state-mdds/c01-10-bihar.xls,b00824a538230226,census-c01-extract-v1.1.0-20260527T234036Z,C0101,10,225,00000,000000,District - Banka,total,not_stated,females,1650
census-india-2011,sources/census-2011/c-series/state-mdds/c01-10-bihar.xls,b00824a538230226,census-c01-extract-v1.1.0-20260527T234036Z,C0101,10,225,00000,000000,District - Banka,rural,all,persons,1963450
census-india-2011,sources/census-2011/c-series/state-mdds/c01-10-bihar.xls,b00824a538230226,census-c01-extract-v1.1.0-20260527T234036Z,C0101,10,225,00000,000000,District - Banka,rural,all,males,1029097
census-india-2011,sources/census-2011/c-series/state-mdds/c01-10-bihar.xls,b00824a538230226,census-c01-extract-v1.1.0-20260527T234036Z,C0101,10,225,00000,000000,District - Banka,rural,all,females,934353
census-india-2011,sources/census-2011/c-series/state-mdds/c01-10-bihar.xls,b00824a538230226,census-c01-extract-v1.1.0-20260527T234036Z,C0101,10,225,00000,000000,District - Banka,rural,hindu,persons,1712619
census-india-2011,sources/census-2011/c-series/state-mdds/c01-10-bihar.xls,b00824a538230226,census-c01-extract-v1.1.0-20260527T234036Z,C0101,10,225,00000,000000,District - Banka,rural,hindu,males,899417
census-india-2011,sources/census-2011/c-series/state-mdds/c01-10-bihar.xls,b00824a538230226,census-c01-extract-v1.1.0-20260527T234036Z,C0101,10,225,00000,000000,District - Banka,rural,hindu,females,813202
census-india-2011,sources/census-2011/c-series/state-mdds/c01-10-bihar.xls,b00824a538230226,census-c01-extract-v1.1.0-20260527T234036Z,C0101,10,225,00000,000000,District - Banka,rural,muslim,persons,239893
census-india-2011,sources/census-2011/c-series/state-mdds/c01-10-bihar.xls,b00824a538230226,census-c01-extract-v1.1.0-20260527T234036Z,C0101,10,225,00000,000000,District - Banka,rural,muslim,males,124025
census-india-2011,sources/census-2011/c-series/state-mdds/c01-10-bihar.xls,b00824a538230226,census-c01-extract-v1.1.0-20260527T234036Z,C0101,10,225,00000,000000,District - Banka,rural,muslim,females,115868
census-india-2011,sources/census-2011/c-series/state-mdds/c01-10-bihar.xls,b00824a538230226,census-c01-extract-v1.1.0-20260527T234036Z,C0101,10,225,00000,000000,District - Banka,rural,christian,persons,6000
census-india-2011,sources/census-2011/c-series/state-mdds/c01-10-bihar.xls,b00824a538230226,census-c01-extract-v1.1.0-20260527T234036Z,C0101,10,225,00000,000000,District - Banka,rural,christian,males,3009
census-india-2011,sources/census-2011/c-series/state-mdds/c01-10-bihar.xls,b00824a538230226,census-c01-extract-v1.1.0-20260527T234036Z,C0101,10,225,00000,000000,District - Banka,rural,christian,females,2991
census-india-2011,sources/census-2011/c-series/state-mdds/c01-10-bihar.xls,b00824a538230226,census-c01-extract-v1.1.0-20260527T234036Z,C0101,10,225,00000,000000,District - Banka,rural,sikh,persons,130
census-india-2011,sources/census-2011/c-series/state-mdds/c01-10-bihar.xls,b00824a538230226,census-c01-extract-v1.1.0-20260527T234036Z,C0101,10,225,00000,000000,District - Banka,rural,sikh,males,60
census-india-2011,sources/census-2011/c-series/state-mdds/c01-10-bihar.xls,b00824a538230226,census-c01-extract-v1.1.0-20260527T234036Z,C0101,10,225,00000,000000,District - Banka,rural,sikh,females,70
census-india-2011,sources/census-2011/c-series/state-mdds/c01-10-bihar.xls,b00824a538230226,census-c01-extract-v1.1.0-20260527T234036Z,C0101,10,225,00000,000000,District - Banka,rural,buddhist,persons,110
census-india-2011,sources/census-2011/c-series/state-mdds/c01-10-bihar.xls,b00824a538230226,census-c01-extract-v1.1.0-20260527T234036Z,C0101,10,225,00000,000000,District - Banka,rural,buddhist,males,62
census-india-2011,sources/census-2011/c-series/state-mdds/c01-10-bihar.xls,b00824a538230226,census-c01-extract-v1.1.0-20260527T234036Z,C0101,10,225,00000,000000,District - Banka,rural,buddhist,females,48
census-india-2011,sources/census-2011/c-series/state-mdds/c01-10-bihar.xls,b00824a538230226,census-c01-extract-v1.1.0-20260527T234036Z,C0101,10,225,00000,000000,District - Banka,rural,jain,persons,92
census-india-2011,sources/census-2011/c-series/state-mdds/c01-10-bihar.xls,b00824a538230226,census-c01-extract-v1.1.0-20260527T234036Z,C0101,10,225,00000,000000,District - Banka,rural,jain,males,50
census-india-2011,sources/census-2011/c-series/state-mdds/c01-10-bihar.xls,b00824a538230226,census-c01-extract-v1.1.0-20260527T234036Z,C0101,10,225,00000,000000,District - Banka,rural,jain,females,42
census-india-2011,sources/census-2011/c-series/state-mdds/c01-10-bihar.xls,b00824a538230226,census-c01-extract-v1.1.0-20260527T234036Z,C0101,10,225,00000,000000,District - Banka,rural,other,persons,1035
census-india-2011,sources/census-2011/c-series/state-mdds/c01-10-bihar.xls,b00824a538230226,census-c01-extract-v1.1.0-20260527T234036Z,C0101,10,225,00000,000000,District - Banka,rural,other,males,507
census-india-2011,sources/census-2011/c-series/state-mdds/c01-10-bihar.xls,b00824a538230226,census-c01-extract-v1.1.0-20260527T234036Z,C0101,10,225,00000,000000,District - Banka,rural,other,females,528
census-india-2011,sources/census-2011/c-series/state-mdds/c01-10-bihar.xls,b00824a538230226,census-c01-extract-v1.1.0-20260527T234036Z,C0101,10,225,00000,000000,District - Banka,rural,not_stated,persons,3571
census-india-2011,sources/census-2011/c-series/state-mdds/c01-10-bihar.xls,b00824a538230226,census-c01-extract-v1.1.0-20260527T234036Z,C0101,10,225,00000,000000,District - Banka,rural,not_stated,males,1967
census-india-2011,sources/census-2011/c-series/state-mdds/c01-10-bihar.xls,b00824a538230226,census-c01-extract-v1.1.0-20260527T234036Z,C0101,10,225,00000,000000,District - Banka,rural,not_stated,females,1604
census-india-2011,sources/census-2011/c-series/state-mdds/c01-10-bihar.xls,b00824a538230226,census-c01-extract-v1.1.0-20260527T234036Z,C0101,10,225,00000,000000,District - Banka,urban,all,persons,71313
census-india-2011,sources/census-2011/c-series/state-mdds/c01-10-bihar.xls,b00824a538230226,census-c01-extract-v1.1.0-20260527T234036Z,C0101,10,225,00000,000000,District - Banka,urban,all,males,38043
census-india-2011,sources/census-2011/c-series/state-mdds/c01-10-bihar.xls,b00824a538230226,census-c01-extract-v1.1.0-20260527T234036Z,C0101,10,225,00000,000000,District - Banka,urban,all,females,33270
census-india-2011,sources/census-2011/c-series/state-mdds/c01-10-bihar.xls,b00824a538230226,census-c01-extract-v1.1.0-20260527T234036Z,C0101,10,225,00000,000000,District - Banka,urban,hindu,persons,60036
census-india-2011,sources/census-2011/c-series/state-mdds/c01-10-bihar.xls,b00824a538230226,census-c01-extract-v1.1.0-20260527T234036Z,C0101,10,225,00000,000000,District - Banka,urban,hindu,males,32242
census-india-2011,sources/census-2011/c-series/state-mdds/c01-10-bihar.xls,b00824a538230226,census-c01-extract-v1.1.0-20260527T234036Z,C0101,10,225,00000,000000,District - Banka,urban,hindu,females,27794
census-india-2011,sources/census-2011/c-series/state-mdds/c01-10-bihar.xls,b00824a538230226,census-c01-extract-v1.1.0-20260527T234036Z,C0101,10,225,00000,000000,District - Banka,urban,muslim,persons,11032
census-india-2011,sources/census-2011/c-series/state-mdds/c01-10-bihar.xls,b00824a538230226,census-c01-extract-v1.1.0-20260527T234036Z,C0101,10,225,00000,000000,District - Banka,urban,muslim,males,5667
census-india-2011,sources/census-2011/c-series/state-mdds/c01-10-bihar.xls,b00824a538230226,census-c01-extract-v1.1.0-20260527T234036Z,C0101,10,225,00000,000000,District - Banka,urban,muslim,females,5365
census-india-2011,sources/census-2011/c-series/state-mdds/c01-10-bihar.xls,b00824a538230226,census-c01-extract-v1.1.0-20260527T234036Z,C0101,10,225,00000,000000,District - Banka,urban,christian,persons,138
census-india-2011,sources/census-2011/c-series/state-mdds/c01-10-bihar.xls,b00824a538230226,census-c01-extract-v1.1.0-20260527T234036Z,C0101,10,225,00000,000000,District - Banka,urban,christian,males,78
census-india-2011,sources/census-2011/c-series/state-mdds/c01-10-bihar.xls,b00824a538230226,census-c01-extract-v1.1.0-20260527T234036Z,C0101,10,225,00000,000000,District - Banka,urban,christian,females,60
census-india-2011,sources/census-2011/c-series/state-mdds/c01-10-bihar.xls,b00824a538230226,census-c01-extract-v1.1.0-20260527T234036Z,C0101,10,225,00000,000000,District - Banka,urban,sikh,persons,9
census-india-2011,sources/census-2011/c-series/state-mdds/c01-10-bihar.xls,b00824a538230226,census-c01-extract-v1.1.0-20260527T234036Z,C0101,10,225,00000,000000,District - Banka,urban,sikh,males,4
census-india-2011,sources/census-2011/c-series/state-mdds/c01-10-bihar.xls,b00824a538230226,census-c01-extract-v1.1.0-20260527T234036Z,C0101,10,225,00000,000000,District - Banka,urban,sikh,females,5
census-india-2011,sources/census-2011/c-series/state-mdds/c01-10-bihar.xls,b00824a538230226,census-c01-extract-v1.1.0-20260527T234036Z,C0101,10,225,00000,000000,District - Banka,urban,buddhist,persons,3
census-india-2011,sources/census-2011/c-series/state-mdds/c01-10-bihar.xls,b00824a538230226,census-c01-extract-v1.1.0-20260527T234036Z,C0101,10,225,00000,000000,District - Banka,urban,buddhist,males,3
census-india-2011,sources/census-2011/c-series/state-mdds/c01-10-bihar.xls,b00824a538230226,census-c01-extract-v1.1.0-20260527T234036Z,C0101,10,225,00000,000000,District - Banka,urban,buddhist,females,0
census-india-2011,sources/census-2011/c-series/state-mdds/c01-10-bihar.xls,b00824a538230226,census-c01-extract-v1.1.0-20260527T234036Z,C0101,10,225,00000,000000,District - Banka,urban,jain,persons,2
census-india-2011,sources/census-2011/c-series/state-mdds/c01-10-bihar.xls,b00824a538230226,census-c01-extract-v1.1.0-20260527T234036Z,C0101,10,225,00000,000000,District - Banka,urban,jain,males,2
census-india-2011,sources/census-2011/c-series/state-mdds/c01-10-bihar.xls,b00824a538230226,census-c01-extract-v1.1.0-20260527T234036Z,C0101,10,225,00000,000000,District - Banka,urban,jain,females,0
census-india-2011,sources/census-2011/c-series/state-mdds/c01-10-bihar.xls,b00824a538230226,census-c01-extract-v1.1.0-20260527T234036Z,C0101,10,225,00000,000000,District - Banka,urban,other,persons,0
census-india-2011,sources/census-2011/c-series/state-mdds/c01-10-bihar.xls,b00824a538230226,census-c01-extract-v1.1.0-20260527T234036Z,C0101,10,225,00000,000000,District - Banka,urban,other,males,0
census-india-2011,sources/census-2011/c-series/state-mdds/c01-10-bihar.xls,b00824a538230226,census-c01-extract-v1.1.0-20260527T234036Z,C0101,10,225,00000,000000,District - Banka,urban,other,females,0
census-india-2011,sources/census-2011/c-series/state-mdds/c01-10-bihar.xls,b00824a538230226,census-c01-extract-v1.1.0-20260527T234036Z,C0101,10,225,00000,000000,District - Banka,urban,not_stated,persons,93
census-india-2011,sources/census-2011/c-series/state-mdds/c01-10-bihar.xls,b00824a538230226,census-c01-extract-v1.1.0-20260527T234036Z,C0101,10,225,00000,000000,District - Banka,urban,not_stated,males,47
census-india-2011,sources/census-2011/c-series/state-mdds/c01-10-bihar.xls,b00824a538230226,census-c01-extract-v1.1.0-20260527T234036Z,C0101,10,225,00000,000000,District - Banka,urban,not_stated,females,46
census-india-2011,sources/census-2011/c-series/state-mdds/c01-10-bihar.xls,b00824a538230226,census-c01-extract-v1.1.0-20260527T234036Z,C0101,10,226,00000,000000,District - Munger,total,all,persons,1367765
census-india-2011,sources/census-2011/c-series/state-mdds/c01-10-bihar.xls,b00824a538230226,census-c01-extract-v1.1.0-20260527T234036Z,C0101,10,226,00000,000000,District - Munger,total,all,males,729041
census-india-2011,sources/census-2011/c-series/state-mdds/c01-10-bihar.xls,b00824a538230226,census-c01-extract-v1.1.0-20260527T234036Z,C0101,10,226,00000,000000,District - Munger,total,all,females,638724
census-india-2011,sources/census-2011/c-series/state-mdds/c01-10-bihar.xls,b00824a538230226,census-c01-extract-v1.1.0-20260527T234036Z,C0101,10,226,00000,000000,District - Munger,total,hindu,persons,1252319
census-india-2011,sources/census-2011/c-series/state-mdds/c01-10-bihar.xls,b00824a538230226,census-c01-extract-v1.1.0-20260527T234036Z,C0101,10,226,00000,000000,District - Munger,total,hindu,males,668210
census-india-2011,sources/census-2011/c-series/state-mdds/c01-10-bihar.xls,b00824a538230226,census-c01-extract-v1.1.0-20260527T234036Z,C0101,10,226,00000,000000,District - Munger,total,hindu,females,584109
census-india-2011,sources/census-2011/c-series/state-mdds/c01-10-bihar.xls,b00824a538230226,census-c01-extract-v1.1.0-20260527T234036Z,C0101,10,226,00000,000000,District - Munger,total,muslim,persons,110416
census-india-2011,sources/census-2011/c-series/state-mdds/c01-10-bihar.xls,b00824a538230226,census-c01-extract-v1.1.0-20260527T234036Z,C0101,10,226,00000,000000,District - Munger,total,muslim,males,58250
census-india-2011,sources/census-2011/c-series/state-mdds/c01-10-bihar.xls,b00824a538230226,census-c01-extract-v1.1.0-20260527T234036Z,C0101,10,226,00000,000000,District - Munger,total,muslim,females,52166
census-india-2011,sources/census-2011/c-series/state-mdds/c01-10-bihar.xls,b00824a538230226,census-c01-extract-v1.1.0-20260527T234036Z,C0101,10,226,00000,000000,District - Munger,total,christian,persons,1815
census-india-2011,sources/census-2011/c-series/state-mdds/c01-10-bihar.xls,b00824a538230226,census-c01-extract-v1.1.0-20260527T234036Z,C0101,10,226,00000,000000,District - Munger,total,christian,males,917
census-india-2011,sources/census-2011/c-series/state-mdds/c01-10-bihar.xls,b00824a538230226,census-c01-extract-v1.1.0-20260527T234036Z,C0101,10,226,00000,000000,District - Munger,total,christian,females,898
census-india-2011,sources/census-2011/c-series/state-mdds/c01-10-bihar.xls,b00824a538230226,census-c01-extract-v1.1.0-20260527T234036Z,C0101,10,226,00000,000000,District - Munger,total,sikh,persons,338
census-india-2011,sources/census-2011/c-series/state-mdds/c01-10-bihar.xls,b00824a538230226,census-c01-extract-v1.1.0-20260527T234036Z,C0101,10,226,00000,000000,District - Munger,total,sikh,males,166
census-india-2011,sources/census-2011/c-series/state-mdds/c01-10-bihar.xls,b00824a538230226,census-c01-extract-v1.1.0-20260527T234036Z,C0101,10,226,00000,000000,District - Munger,total,sikh,females,172
census-india-2011,sources/census-2011/c-series/state-mdds/c01-10-bihar.xls,b00824a538230226,census-c01-extract-v1.1.0-20260527T234036Z,C0101,10,226,00000,000000,District - Munger,total,buddhist,persons,95
census-india-2011,sources/census-2011/c-series/state-mdds/c01-10-bihar.xls,b00824a538230226,census-c01-extract-v1.1.0-20260527T234036Z,C0101,10,226,00000,000000,District - Munger,total,buddhist,males,47
census-india-2011,sources/census-2011/c-series/state-mdds/c01-10-bihar.xls,b00824a538230226,census-c01-extract-v1.1.0-20260527T234036Z,C0101,10,226,00000,000000,District - Munger,total,buddhist,females,48
census-india-2011,sources/census-2011/c-series/state-mdds/c01-10-bihar.xls,b00824a538230226,census-c01-extract-v1.1.0-20260527T234036Z,C0101,10,226,00000,000000,District - Munger,total,jain,persons,145
census-india-2011,sources/census-2011/c-series/state-mdds/c01-10-bihar.xls,b00824a538230226,census-c01-extract-v1.1.0-20260527T234036Z,C0101,10,226,00000,000000,District - Munger,total,jain,males,72
census-india-2011,sources/census-2011/c-series/state-mdds/c01-10-bihar.xls,b00824a538230226,census-c01-extract-v1.1.0-20260527T234036Z,C0101,10,226,00000,000000,District - Munger,total,jain,females,73
census-india-2011,sources/census-2011/c-series/state-mdds/c01-10-bihar.xls,b00824a538230226,census-c01-extract-v1.1.0-20260527T234036Z,C0101,10,226,00000,000000,District - Munger,total,other,persons,61
census-india-2011,sources/census-2011/c-series/state-mdds/c01-10-bihar.xls,b00824a538230226,census-c01-extract-v1.1.0-20260527T234036Z,C0101,10,226,00000,000000,District - Munger,total,other,males,37
census-india-2011,sources/census-2011/c-series/state-mdds/c01-10-bihar.xls,b00824a538230226,census-c01-extract-v1.1.0-20260527T234036Z,C0101,10,226,00000,000000,District - Munger,total,other,females,24
census-india-2011,sources/census-2011/c-series/state-mdds/c01-10-bihar.xls,b00824a538230226,census-c01-extract-v1.1.0-20260527T234036Z,C0101,10,226,00000,000000,District - Munger,total,not_stated,persons,2576
census-india-2011,sources/census-2011/c-series/state-mdds/c01-10-bihar.xls,b00824a538230226,census-c01-extract-v1.1.0-20260527T234036Z,C0101,10,226,00000,000000,District - Munger,total,not_stated,males,1342
census-india-2011,sources/census-2011/c-series/state-mdds/c01-10-bihar.xls,b00824a538230226,census-c01-extract-v1.1.0-20260527T234036Z,C0101,10,226,00000,000000,District - Munger,total,not_stated,females,1234
census-india-2011,sources/census-2011/c-series/state-mdds/c01-10-bihar.xls,b00824a538230226,census-c01-extract-v1.1.0-20260527T234036Z,C0101,10,226,00000,000000,District - Munger,rural,all,persons,987645
census-india-2011,sources/census-2011/c-series/state-mdds/c01-10-bihar.xls,b00824a538230226,census-c01-extract-v1.1.0-20260527T234036Z,C0101,10,226,00000,000000,District - Munger,rural,all,males,527299
census-india-2011,sources/census-2011/c-series/state-mdds/c01-10-bihar.xls,b00824a538230226,census-c01-extract-v1.1.0-20260527T234036Z,C0101,10,226,00000,000000,District - Munger,rural,all,females,460346
census-india-2011,sources/census-2011/c-series/state-mdds/c01-10-bihar.xls,b00824a538230226,census-c01-extract-v1.1.0-20260527T234036Z,C0101,10,226,00000,000000,District - Munger,rural,hindu,persons,931727
census-india-2011,sources/census-2011/c-series/state-mdds/c01-10-bihar.xls,b00824a538230226,census-c01-extract-v1.1.0-20260527T234036Z,C0101,10,226,00000,000000,District - Munger,rural,hindu,males,497983
census-india-2011,sources/census-2011/c-series/state-mdds/c01-10-bihar.xls,b00824a538230226,census-c01-extract-v1.1.0-20260527T234036Z,C0101,10,226,00000,000000,District - Munger,rural,hindu,females,433744
census-india-2011,sources/census-2011/c-series/state-mdds/c01-10-bihar.xls,b00824a538230226,census-c01-extract-v1.1.0-20260527T234036Z,C0101,10,226,00000,000000,District - Munger,rural,muslim,persons,53359
census-india-2011,sources/census-2011/c-series/state-mdds/c01-10-bihar.xls,b00824a538230226,census-c01-extract-v1.1.0-20260527T234036Z,C0101,10,226,00000,000000,District - Munger,rural,muslim,males,27966
census-india-2011,sources/census-2011/c-series/state-mdds/c01-10-bihar.xls,b00824a538230226,census-c01-extract-v1.1.0-20260527T234036Z,C0101,10,226,00000,000000,District - Munger,rural,muslim,females,25393
census-india-2011,sources/census-2011/c-series/state-mdds/c01-10-bihar.xls,b00824a538230226,census-c01-extract-v1.1.0-20260527T234036Z,C0101,10,226,00000,000000,District - Munger,rural,christian,persons,497
census-india-2011,sources/census-2011/c-series/state-mdds/c01-10-bihar.xls,b00824a538230226,census-c01-extract-v1.1.0-20260527T234036Z,C0101,10,226,00000,000000,District - Munger,rural,christian,males,285
census-india-2011,sources/census-2011/c-series/state-mdds/c01-10-bihar.xls,b00824a538230226,census-c01-extract-v1.1.0-20260527T234036Z,C0101,10,226,00000,000000,District - Munger,rural,christian,females,212
census-india-2011,sources/census-2011/c-series/state-mdds/c01-10-bihar.xls,b00824a538230226,census-c01-extract-v1.1.0-20260527T234036Z,C0101,10,226,00000,000000,District - Munger,rural,sikh,persons,107
census-india-2011,sources/census-2011/c-series/state-mdds/c01-10-bihar.xls,b00824a538230226,census-c01-extract-v1.1.0-20260527T234036Z,C0101,10,226,00000,000000,District - Munger,rural,sikh,males,49
census-india-2011,sources/census-2011/c-series/state-mdds/c01-10-bihar.xls,b00824a538230226,census-c01-extract-v1.1.0-20260527T234036Z,C0101,10,226,00000,000000,District - Munger,rural,sikh,females,58
census-india-2011,sources/census-2011/c-series/state-mdds/c01-10-bihar.xls,b00824a538230226,census-c01-extract-v1.1.0-20260527T234036Z,C0101,10,226,00000,000000,District - Munger,rural,buddhist,persons,66
census-india-2011,sources/census-2011/c-series/state-mdds/c01-10-bihar.xls,b00824a538230226,census-c01-extract-v1.1.0-20260527T234036Z,C0101,10,226,00000,000000,District - Munger,rural,buddhist,males,32
census-india-2011,sources/census-2011/c-series/state-mdds/c01-10-bihar.xls,b00824a538230226,census-c01-extract-v1.1.0-20260527T234036Z,C0101,10,226,00000,000000,District - Munger,rural,buddhist,females,34
census-india-2011,sources/census-2011/c-series/state-mdds/c01-10-bihar.xls,b00824a538230226,census-c01-extract-v1.1.0-20260527T234036Z,C0101,10,226,00000,000000,District - Munger,rural,jain,persons,75
census-india-2011,sources/census-2011/c-series/state-mdds/c01-10-bihar.xls,b00824a538230226,census-c01-extract-v1.1.0-20260527T234036Z,C0101,10,226,00000,000000,District - Munger,rural,jain,males,38
census-india-2011,sources/census-2011/c-series/state-mdds/c01-10-bihar.xls,b00824a538230226,census-c01-extract-v1.1.0-20260527T234036Z,C0101,10,226,00000,000000,District - Munger,rural,jain,females,37
census-india-2011,sources/census-2011/c-series/state-mdds/c01-10-bihar.xls,b00824a538230226,census-c01-extract-v1.1.0-20260527T234036Z,C0101,10,226,00000,000000,District - Munger,rural,other,persons,45
census-india-2011,sources/census-2011/c-series/state-mdds/c01-10-bihar.xls,b00824a538230226,census-c01-extract-v1.1.0-20260527T234036Z,C0101,10,226,00000,000000,District - Munger,rural,other,males,28
census-india-2011,sources/census-2011/c-series/state-mdds/c01-10-bihar.xls,b00824a538230226,census-c01-extract-v1.1.0-20260527T234036Z,C0101,10,226,00000,000000,District - Munger,rural,other,females,17
census-india-2011,sources/census-2011/c-series/state-mdds/c01-10-bihar.xls,b00824a538230226,census-c01-extract-v1.1.0-20260527T234036Z,C0101,10,226,00000,000000,District - Munger,rural,not_stated,persons,1769
census-india-2011,sources/census-2011/c-series/state-mdds/c01-10-bihar.xls,b00824a538230226,census-c01-extract-v1.1.0-20260527T234036Z,C0101,10,226,00000,000000,District - Munger,rural,not_stated,males,918
census-india-2011,sources/census-2011/c-series/state-mdds/c01-10-bihar.xls,b00824a538230226,census-c01-extract-v1.1.0-20260527T234036Z,C0101,10,226,00000,000000,District - Munger,rural,not_stated,females,851
census-india-2011,sources/census-2011/c-series/state-mdds/c01-10-bihar.xls,b00824a538230226,census-c01-extract-v1.1.0-20260527T234036Z,C0101,10,226,00000,000000,District - Munger,urban,all,persons,380120
census-india-2011,sources/census-2011/c-series/state-mdds/c01-10-bihar.xls,b00824a538230226,census-c01-extract-v1.1.0-20260527T234036Z,C0101,10,226,00000,000000,District - Munger,urban,all,males,201742
census-india-2011,sources/census-2011/c-series/state-mdds/c01-10-bihar.xls,b00824a538230226,census-c01-extract-v1.1.0-20260527T234036Z,C0101,10,226,00000,000000,District - Munger,urban,all,females,178378
census-india-2011,sources/census-2011/c-series/state-mdds/c01-10-bihar.xls,b00824a538230226,census-c01-extract-v1.1.0-20260527T234036Z,C0101,10,226,00000,000000,District - Munger,urban,hindu,persons,320592
census-india-2011,sources/census-2011/c-series/state-mdds/c01-10-bihar.xls,b00824a538230226,census-c01-extract-v1.1.0-20260527T234036Z,C0101,10,226,00000,000000,District - Munger,urban,hindu,males,170227
census-india-2011,sources/census-2011/c-series/state-mdds/c01-10-bihar.xls,b00824a538230226,census-c01-extract-v1.1.0-20260527T234036Z,C0101,10,226,00000,000000,District - Munger,urban,hindu,females,150365
census-india-2011,sources/census-2011/c-series/state-mdds/c01-10-bihar.xls,b00824a538230226,census-c01-extract-v1.1.0-20260527T234036Z,C0101,10,226,00000,000000,District - Munger,urban,muslim,persons,57057
census-india-2011,sources/census-2011/c-series/state-mdds/c01-10-bihar.xls,b00824a538230226,census-c01-extract-v1.1.0-20260527T234036Z,C0101,10,226,00000,000000,District - Munger,urban,muslim,males,30284
census-india-2011,sources/census-2011/c-series/state-mdds/c01-10-bihar.xls,b00824a538230226,census-c01-extract-v1.1.0-20260527T234036Z,C0101,10,226,00000,000000,District - Munger,urban,muslim,females,26773
census-india-2011,sources/census-2011/c-series/state-mdds/c01-10-bihar.xls,b00824a538230226,census-c01-extract-v1.1.0-20260527T234036Z,C0101,10,226,00000,000000,District - Munger,urban,christian,persons,1318
census-india-2011,sources/census-2011/c-series/state-mdds/c01-10-bihar.xls,b00824a538230226,census-c01-extract-v1.1.0-20260527T234036Z,C0101,10,226,00000,000000,District - Munger,urban,christian,males,632
census-india-2011,sources/census-2011/c-series/state-mdds/c01-10-bihar.xls,b00824a538230226,census-c01-extract-v1.1.0-20260527T234036Z,C0101,10,226,00000,000000,District - Munger,urban,christian,females,686
census-india-2011,sources/census-2011/c-series/state-mdds/c01-10-bihar.xls,b00824a538230226,census-c01-extract-v1.1.0-20260527T234036Z,C0101,10,226,00000,000000,District - Munger,urban,sikh,persons,231
census-india-2011,sources/census-2011/c-series/state-mdds/c01-10-bihar.xls,b00824a538230226,census-c01-extract-v1.1.0-20260527T234036Z,C0101,10,226,00000,000000,District - Munger,urban,sikh,males,117
census-india-2011,sources/census-2011/c-series/state-mdds/c01-10-bihar.xls,b00824a538230226,census-c01-extract-v1.1.0-20260527T234036Z,C0101,10,226,00000,000000,District - Munger,urban,sikh,females,114
census-india-2011,sources/census-2011/c-series/state-mdds/c01-10-bihar.xls,b00824a538230226,census-c01-extract-v1.1.0-20260527T234036Z,C0101,10,226,00000,000000,District - Munger,urban,buddhist,persons,29
census-india-2011,sources/census-2011/c-series/state-mdds/c01-10-bihar.xls,b00824a538230226,census-c01-extract-v1.1.0-20260527T234036Z,C0101,10,226,00000,000000,District - Munger,urban,buddhist,males,15
census-india-2011,sources/census-2011/c-series/state-mdds/c01-10-bihar.xls,b00824a538230226,census-c01-extract-v1.1.0-20260527T234036Z,C0101,10,226,00000,000000,District - Munger,urban,buddhist,females,14
census-india-2011,sources/census-2011/c-series/state-mdds/c01-10-bihar.xls,b00824a538230226,census-c01-extract-v1.1.0-20260527T234036Z,C0101,10,226,00000,000000,District - Munger,urban,jain,persons,70
census-india-2011,sources/census-2011/c-series/state-mdds/c01-10-bihar.xls,b00824a538230226,census-c01-extract-v1.1.0-20260527T234036Z,C0101,10,226,00000,000000,District - Munger,urban,jain,males,34
census-india-2011,sources/census-2011/c-series/state-mdds/c01-10-bihar.xls,b00824a538230226,census-c01-extract-v1.1.0-20260527T234036Z,C0101,10,226,00000,000000,District - Munger,urban,jain,females,36
census-india-2011,sources/census-2011/c-series/state-mdds/c01-10-bihar.xls,b00824a538230226,census-c01-extract-v1.1.0-20260527T234036Z,C0101,10,226,00000,000000,District - Munger,urban,other,persons,16
census-india-2011,sources/census-2011/c-series/state-mdds/c01-10-bihar.xls,b00824a538230226,census-c01-extract-v1.1.0-20260527T234036Z,C0101,10,226,00000,000000,District - Munger,urban,other,males,9
census-india-2011,sources/census-2011/c-series/state-mdds/c01-10-bihar.xls,b00824a538230226,census-c01-extract-v1.1.0-20260527T234036Z,C0101,10,226,00000,000000,District - Munger,urban,other,females,7
census-india-2011,sources/census-2011/c-series/state-mdds/c01-10-bihar.xls,b00824a538230226,census-c01-extract-v1.1.0-20260527T234036Z,C0101,10,226,00000,000000,District - Munger,urban,not_stated,persons,807
census-india-2011,sources/census-2011/c-series/state-mdds/c01-10-bihar.xls,b00824a538230226,census-c01-extract-v1.1.0-20260527T234036Z,C0101,10,226,00000,000000,District - Munger,urban,not_stated,males,424
census-india-2011,sources/census-2011/c-series/state-mdds/c01-10-bihar.xls,b00824a538230226,census-c01-extract-v1.1.0-20260527T234036Z,C0101,10,226,00000,000000,District - Munger,urban,not_stated,females,383
census-india-2011,sources/census-2011/c-series/state-mdds/c01-10-bihar.xls,b00824a538230226,census-c01-extract-v1.1.0-20260527T234036Z,C0101,10,227,00000,000000,District - Lakhisarai,total,all,persons,1000912
census-india-2011,sources/census-2011/c-series/state-mdds/c01-10-bihar.xls,b00824a538230226,census-c01-extract-v1.1.0-20260527T234036Z,C0101,10,227,00000,000000,District - Lakhisarai,total,all,males,526345
census-india-2011,sources/census-2011/c-series/state-mdds/c01-10-bihar.xls,b00824a538230226,census-c01-extract-v1.1.0-20260527T234036Z,C0101,10,227,00000,000000,District - Lakhisarai,total,all,females,474567
census-india-2011,sources/census-2011/c-series/state-mdds/c01-10-bihar.xls,b00824a538230226,census-c01-extract-v1.1.0-20260527T234036Z,C0101,10,227,00000,000000,District - Lakhisarai,total,hindu,persons,956396
census-india-2011,sources/census-2011/c-series/state-mdds/c01-10-bihar.xls,b00824a538230226,census-c01-extract-v1.1.0-20260527T234036Z,C0101,10,227,00000,000000,District - Lakhisarai,total,hindu,males,503285
census-india-2011,sources/census-2011/c-series/state-mdds/c01-10-bihar.xls,b00824a538230226,census-c01-extract-v1.1.0-20260527T234036Z,C0101,10,227,00000,000000,District - Lakhisarai,total,hindu,females,453111
census-india-2011,sources/census-2011/c-series/state-mdds/c01-10-bihar.xls,b00824a538230226,census-c01-extract-v1.1.0-20260527T234036Z,C0101,10,227,00000,000000,District - Lakhisarai,total,muslim,persons,40886
census-india-2011,sources/census-2011/c-series/state-mdds/c01-10-bihar.xls,b00824a538230226,census-c01-extract-v1.1.0-20260527T234036Z,C0101,10,227,00000,000000,District - Lakhisarai,total,muslim,males,21259
census-india-2011,sources/census-2011/c-series/state-mdds/c01-10-bihar.xls,b00824a538230226,census-c01-extract-v1.1.0-20260527T234036Z,C0101,10,227,00000,000000,District - Lakhisarai,total,muslim,females,19627
census-india-2011,sources/census-2011/c-series/state-mdds/c01-10-bihar.xls,b00824a538230226,census-c01-extract-v1.1.0-20260527T234036Z,C0101,10,227,00000,000000,District - Lakhisarai,total,christian,persons,487
census-india-2011,sources/census-2011/c-series/state-mdds/c01-10-bihar.xls,b00824a538230226,census-c01-extract-v1.1.0-20260527T234036Z,C0101,10,227,00000,000000,District - Lakhisarai,total,christian,males,254
census-india-2011,sources/census-2011/c-series/state-mdds/c01-10-bihar.xls,b00824a538230226,census-c01-extract-v1.1.0-20260527T234036Z,C0101,10,227,00000,000000,District - Lakhisarai,total,christian,females,233
census-india-2011,sources/census-2011/c-series/state-mdds/c01-10-bihar.xls,b00824a538230226,census-c01-extract-v1.1.0-20260527T234036Z,C0101,10,227,00000,000000,District - Lakhisarai,total,sikh,persons,140
census-india-2011,sources/census-2011/c-series/state-mdds/c01-10-bihar.xls,b00824a538230226,census-c01-extract-v1.1.0-20260527T234036Z,C0101,10,227,00000,000000,District - Lakhisarai,total,sikh,males,74
census-india-2011,sources/census-2011/c-series/state-mdds/c01-10-bihar.xls,b00824a538230226,census-c01-extract-v1.1.0-20260527T234036Z,C0101,10,227,00000,000000,District - Lakhisarai,total,sikh,females,66
census-india-2011,sources/census-2011/c-series/state-mdds/c01-10-bihar.xls,b00824a538230226,census-c01-extract-v1.1.0-20260527T234036Z,C0101,10,227,00000,000000,District - Lakhisarai,total,buddhist,persons,52
census-india-2011,sources/census-2011/c-series/state-mdds/c01-10-bihar.xls,b00824a538230226,census-c01-extract-v1.1.0-20260527T234036Z,C0101,10,227,00000,000000,District - Lakhisarai,total,buddhist,males,29
census-india-2011,sources/census-2011/c-series/state-mdds/c01-10-bihar.xls,b00824a538230226,census-c01-extract-v1.1.0-20260527T234036Z,C0101,10,227,00000,000000,District - Lakhisarai,total,buddhist,females,23
census-india-2011,sources/census-2011/c-series/state-mdds/c01-10-bihar.xls,b00824a538230226,census-c01-extract-v1.1.0-20260527T234036Z,C0101,10,227,00000,000000,District - Lakhisarai,total,jain,persons,78
census-india-2011,sources/census-2011/c-series/state-mdds/c01-10-bihar.xls,b00824a538230226,census-c01-extract-v1.1.0-20260527T234036Z,C0101,10,227,00000,000000,District - Lakhisarai,total,jain,males,56
census-india-2011,sources/census-2011/c-series/state-mdds/c01-10-bihar.xls,b00824a538230226,census-c01-extract-v1.1.0-20260527T234036Z,C0101,10,227,00000,000000,District - Lakhisarai,total,jain,females,22
census-india-2011,sources/census-2011/c-series/state-mdds/c01-10-bihar.xls,b00824a538230226,census-c01-extract-v1.1.0-20260527T234036Z,C0101,10,227,00000,000000,District - Lakhisarai,total,other,persons,52
census-india-2011,sources/census-2011/c-series/state-mdds/c01-10-bihar.xls,b00824a538230226,census-c01-extract-v1.1.0-20260527T234036Z,C0101,10,227,00000,000000,District - Lakhisarai,total,other,males,26
census-india-2011,sources/census-2011/c-series/state-mdds/c01-10-bihar.xls,b00824a538230226,census-c01-extract-v1.1.0-20260527T234036Z,C0101,10,227,00000,000000,District - Lakhisarai,total,other,females,26
census-india-2011,sources/census-2011/c-series/state-mdds/c01-10-bihar.xls,b00824a538230226,census-c01-extract-v1.1.0-20260527T234036Z,C0101,10,227,00000,000000,District - Lakhisarai,total,not_stated,persons,2821
census-india-2011,sources/census-2011/c-series/state-mdds/c01-10-bihar.xls,b00824a538230226,census-c01-extract-v1.1.0-20260527T234036Z,C0101,10,227,00000,000000,District - Lakhisarai,total,not_stated,males,1362
census-india-2011,sources/census-2011/c-series/state-mdds/c01-10-bihar.xls,b00824a538230226,census-c01-extract-v1.1.0-20260527T234036Z,C0101,10,227,00000,000000,District - Lakhisarai,total,not_stated,females,1459
census-india-2011,sources/census-2011/c-series/state-mdds/c01-10-bihar.xls,b00824a538230226,census-c01-extract-v1.1.0-20260527T234036Z,C0101,10,227,00000,000000,District - Lakhisarai,rural,all,persons,857901
census-india-2011,sources/census-2011/c-series/state-mdds/c01-10-bihar.xls,b00824a538230226,census-c01-extract-v1.1.0-20260527T234036Z,C0101,10,227,00000,000000,District - Lakhisarai,rural,all,males,450863
census-india-2011,sources/census-2011/c-series/state-mdds/c01-10-bihar.xls,b00824a538230226,census-c01-extract-v1.1.0-20260527T234036Z,C0101,10,227,00000,000000,District - Lakhisarai,rural,all,females,407038
census-india-2011,sources/census-2011/c-series/state-mdds/c01-10-bihar.xls,b00824a538230226,census-c01-extract-v1.1.0-20260527T234036Z,C0101,10,227,00000,000000,District - Lakhisarai,rural,hindu,persons,819995
census-india-2011,sources/census-2011/c-series/state-mdds/c01-10-bihar.xls,b00824a538230226,census-c01-extract-v1.1.0-20260527T234036Z,C0101,10,227,00000,000000,District - Lakhisarai,rural,hindu,males,431292
census-india-2011,sources/census-2011/c-series/state-mdds/c01-10-bihar.xls,b00824a538230226,census-c01-extract-v1.1.0-20260527T234036Z,C0101,10,227,00000,000000,District - Lakhisarai,rural,hindu,females,388703
census-india-2011,sources/census-2011/c-series/state-mdds/c01-10-bihar.xls,b00824a538230226,census-c01-extract-v1.1.0-20260527T234036Z,C0101,10,227,00000,000000,District - Lakhisarai,rural,muslim,persons,34705
census-india-2011,sources/census-2011/c-series/state-mdds/c01-10-bihar.xls,b00824a538230226,census-c01-extract-v1.1.0-20260527T234036Z,C0101,10,227,00000,000000,District - Lakhisarai,rural,muslim,males,17979
census-india-2011,sources/census-2011/c-series/state-mdds/c01-10-bihar.xls,b00824a538230226,census-c01-extract-v1.1.0-20260527T234036Z,C0101,10,227,00000,000000,District - Lakhisarai,rural,muslim,females,16726
census-india-2011,sources/census-2011/c-series/state-mdds/c01-10-bihar.xls,b00824a538230226,census-c01-extract-v1.1.0-20260527T234036Z,C0101,10,227,00000,000000,District - Lakhisarai,rural,christian,persons,363
census-india-2011,sources/census-2011/c-series/state-mdds/c01-10-bihar.xls,b00824a538230226,census-c01-extract-v1.1.0-20260527T234036Z,C0101,10,227,00000,000000,District - Lakhisarai,rural,christian,males,198
census-india-2011,sources/census-2011/c-series/state-mdds/c01-10-bihar.xls,b00824a538230226,census-c01-extract-v1.1.0-20260527T234036Z,C0101,10,227,00000,000000,District - Lakhisarai,rural,christian,females,165
census-india-2011,sources/census-2011/c-series/state-mdds/c01-10-bihar.xls,b00824a538230226,census-c01-extract-v1.1.0-20260527T234036Z,C0101,10,227,00000,000000,District - Lakhisarai,rural,sikh,persons,45
census-india-2011,sources/census-2011/c-series/state-mdds/c01-10-bihar.xls,b00824a538230226,census-c01-extract-v1.1.0-20260527T234036Z,C0101,10,227,00000,000000,District - Lakhisarai,rural,sikh,males,20
census-india-2011,sources/census-2011/c-series/state-mdds/c01-10-bihar.xls,b00824a538230226,census-c01-extract-v1.1.0-20260527T234036Z,C0101,10,227,00000,000000,District - Lakhisarai,rural,sikh,females,25
census-india-2011,sources/census-2011/c-series/state-mdds/c01-10-bihar.xls,b00824a538230226,census-c01-extract-v1.1.0-20260527T234036Z,C0101,10,227,00000,000000,District - Lakhisarai,rural,buddhist,persons,38
census-india-2011,sources/census-2011/c-series/state-mdds/c01-10-bihar.xls,b00824a538230226,census-c01-extract-v1.1.0-20260527T234036Z,C0101,10,227,00000,000000,District - Lakhisarai,rural,buddhist,males,18
census-india-2011,sources/census-2011/c-series/state-mdds/c01-10-bihar.xls,b00824a538230226,census-c01-extract-v1.1.0-20260527T234036Z,C0101,10,227,00000,000000,District - Lakhisarai,rural,buddhist,females,20
census-india-2011,sources/census-2011/c-series/state-mdds/c01-10-bihar.xls,b00824a538230226,census-c01-extract-v1.1.0-20260527T234036Z,C0101,10,227,00000,000000,District - Lakhisarai,rural,jain,persons,65
census-india-2011,sources/census-2011/c-series/state-mdds/c01-10-bihar.xls,b00824a538230226,census-c01-extract-v1.1.0-20260527T234036Z,C0101,10,227,00000,000000,District - Lakhisarai,rural,jain,males,50
census-india-2011,sources/census-2011/c-series/state-mdds/c01-10-bihar.xls,b00824a538230226,census-c01-extract-v1.1.0-20260527T234036Z,C0101,10,227,00000,000000,District - Lakhisarai,rural,jain,females,15
census-india-2011,sources/census-2011/c-series/state-mdds/c01-10-bihar.xls,b00824a538230226,census-c01-extract-v1.1.0-20260527T234036Z,C0101,10,227,00000,000000,District - Lakhisarai,rural,other,persons,46
census-india-2011,sources/census-2011/c-series/state-mdds/c01-10-bihar.xls,b00824a538230226,census-c01-extract-v1.1.0-20260527T234036Z,C0101,10,227,00000,000000,District - Lakhisarai,rural,other,males,23
census-india-2011,sources/census-2011/c-series/state-mdds/c01-10-bihar.xls,b00824a538230226,census-c01-extract-v1.1.0-20260527T234036Z,C0101,10,227,00000,000000,District - Lakhisarai,rural,other,females,23
census-india-2011,sources/census-2011/c-series/state-mdds/c01-10-bihar.xls,b00824a538230226,census-c01-extract-v1.1.0-20260527T234036Z,C0101,10,227,00000,000000,District - Lakhisarai,rural,not_stated,persons,2644
census-india-2011,sources/census-2011/c-series/state-mdds/c01-10-bihar.xls,b00824a538230226,census-c01-extract-v1.1.0-20260527T234036Z,C0101,10,227,00000,000000,District - Lakhisarai,rural,not_stated,males,1283
census-india-2011,sources/census-2011/c-series/state-mdds/c01-10-bihar.xls,b00824a538230226,census-c01-extract-v1.1.0-20260527T234036Z,C0101,10,227,00000,000000,District - Lakhisarai,rural,not_stated,females,1361
census-india-2011,sources/census-2011/c-series/state-mdds/c01-10-bihar.xls,b00824a538230226,census-c01-extract-v1.1.0-20260527T234036Z,C0101,10,227,00000,000000,District - Lakhisarai,urban,all,persons,143011
census-india-2011,sources/census-2011/c-series/state-mdds/c01-10-bihar.xls,b00824a538230226,census-c01-extract-v1.1.0-20260527T234036Z,C0101,10,227,00000,000000,District - Lakhisarai,urban,all,males,75482
census-india-2011,sources/census-2011/c-series/state-mdds/c01-10-bihar.xls,b00824a538230226,census-c01-extract-v1.1.0-20260527T234036Z,C0101,10,227,00000,000000,District - Lakhisarai,urban,all,females,67529
census-india-2011,sources/census-2011/c-series/state-mdds/c01-10-bihar.xls,b00824a538230226,census-c01-extract-v1.1.0-20260527T234036Z,C0101,10,227,00000,000000,District - Lakhisarai,urban,hindu,persons,136401
census-india-2011,sources/census-2011/c-series/state-mdds/c01-10-bihar.xls,b00824a538230226,census-c01-extract-v1.1.0-20260527T234036Z,C0101,10,227,00000,000000,District - Lakhisarai,urban,hindu,males,71993
census-india-2011,sources/census-2011/c-series/state-mdds/c01-10-bihar.xls,b00824a538230226,census-c01-extract-v1.1.0-20260527T234036Z,C0101,10,227,00000,000000,District - Lakhisarai,urban,hindu,females,64408
census-india-2011,sources/census-2011/c-series/state-mdds/c01-10-bihar.xls,b00824a538230226,census-c01-extract-v1.1.0-20260527T234036Z,C0101,10,227,00000,000000,District - Lakhisarai,urban,muslim,persons,6181
census-india-2011,sources/census-2011/c-series/state-mdds/c01-10-bihar.xls,b00824a538230226,census-c01-extract-v1.1.0-20260527T234036Z,C0101,10,227,00000,000000,District - Lakhisarai,urban,muslim,males,3280
census-india-2011,sources/census-2011/c-series/state-mdds/c01-10-bihar.xls,b00824a538230226,census-c01-extract-v1.1.0-20260527T234036Z,C0101,10,227,00000,000000,District - Lakhisarai,urban,muslim,females,2901
census-india-2011,sources/census-2011/c-series/state-mdds/c01-10-bihar.xls,b00824a538230226,census-c01-extract-v1.1.0-20260527T234036Z,C0101,10,227,00000,000000,District - Lakhisarai,urban,christian,persons,124
census-india-2011,sources/census-2011/c-series/state-mdds/c01-10-bihar.xls,b00824a538230226,census-c01-extract-v1.1.0-20260527T234036Z,C0101,10,227,00000,000000,District - Lakhisarai,urban,christian,males,56
census-india-2011,sources/census-2011/c-series/state-mdds/c01-10-bihar.xls,b00824a538230226,census-c01-extract-v1.1.0-20260527T234036Z,C0101,10,227,00000,000000,District - Lakhisarai,urban,christian,females,68
census-india-2011,sources/census-2011/c-series/state-mdds/c01-10-bihar.xls,b00824a538230226,census-c01-extract-v1.1.0-20260527T234036Z,C0101,10,227,00000,000000,District - Lakhisarai,urban,sikh,persons,95
census-india-2011,sources/census-2011/c-series/state-mdds/c01-10-bihar.xls,b00824a538230226,census-c01-extract-v1.1.0-20260527T234036Z,C0101,10,227,00000,000000,District - Lakhisarai,urban,sikh,males,54
census-india-2011,sources/census-2011/c-series/state-mdds/c01-10-bihar.xls,b00824a538230226,census-c01-extract-v1.1.0-20260527T234036Z,C0101,10,227,00000,000000,District - Lakhisarai,urban,sikh,females,41
census-india-2011,sources/census-2011/c-series/state-mdds/c01-10-bihar.xls,b00824a538230226,census-c01-extract-v1.1.0-20260527T234036Z,C0101,10,227,00000,000000,District - Lakhisarai,urban,buddhist,persons,14
census-india-2011,sources/census-2011/c-series/state-mdds/c01-10-bihar.xls,b00824a538230226,census-c01-extract-v1.1.0-20260527T234036Z,C0101,10,227,00000,000000,District - Lakhisarai,urban,buddhist,males,11
census-india-2011,sources/census-2011/c-series/state-mdds/c01-10-bihar.xls,b00824a538230226,census-c01-extract-v1.1.0-20260527T234036Z,C0101,10,227,00000,000000,District - Lakhisarai,urban,buddhist,females,3
census-india-2011,sources/census-2011/c-series/state-mdds/c01-10-bihar.xls,b00824a538230226,census-c01-extract-v1.1.0-20260527T234036Z,C0101,10,227,00000,000000,District - Lakhisarai,urban,jain,persons,13
census-india-2011,sources/census-2011/c-series/state-mdds/c01-10-bihar.xls,b00824a538230226,census-c01-extract-v1.1.0-20260527T234036Z,C0101,10,227,00000,000000,District - Lakhisarai,urban,jain,males,6
census-india-2011,sources/census-2011/c-series/state-mdds/c01-10-bihar.xls,b00824a538230226,census-c01-extract-v1.1.0-20260527T234036Z,C0101,10,227,00000,000000,District - Lakhisarai,urban,jain,females,7
census-india-2011,sources/census-2011/c-series/state-mdds/c01-10-bihar.xls,b00824a538230226,census-c01-extract-v1.1.0-20260527T234036Z,C0101,10,227,00000,000000,District - Lakhisarai,urban,other,persons,6
census-india-2011,sources/census-2011/c-series/state-mdds/c01-10-bihar.xls,b00824a538230226,census-c01-extract-v1.1.0-20260527T234036Z,C0101,10,227,00000,000000,District - Lakhisarai,urban,other,males,3
census-india-2011,sources/census-2011/c-series/state-mdds/c01-10-bihar.xls,b00824a538230226,census-c01-extract-v1.1.0-20260527T234036Z,C0101,10,227,00000,000000,District - Lakhisarai,urban,other,females,3
census-india-2011,sources/census-2011/c-series/state-mdds/c01-10-bihar.xls,b00824a538230226,census-c01-extract-v1.1.0-20260527T234036Z,C0101,10,227,00000,000000,District - Lakhisarai,urban,not_stated,persons,177
census-india-2011,sources/census-2011/c-series/state-mdds/c01-10-bihar.xls,b00824a538230226,census-c01-extract-v1.1.0-20260527T234036Z,C0101,10,227,00000,000000,District - Lakhisarai,urban,not_stated,males,79
census-india-2011,sources/census-2011/c-series/state-mdds/c01-10-bihar.xls,b00824a538230226,census-c01-extract-v1.1.0-20260527T234036Z,C0101,10,227,00000,000000,District - Lakhisarai,urban,not_stated,females,98
census-india-2011,sources/census-2011/c-series/state-mdds/c01-10-bihar.xls,b00824a538230226,census-c01-extract-v1.1.0-20260527T234036Z,C0101,10,228,00000,000000,District - Sheikhpura,total,all,persons,636342
census-india-2011,sources/census-2011/c-series/state-mdds/c01-10-bihar.xls,b00824a538230226,census-c01-extract-v1.1.0-20260527T234036Z,C0101,10,228,00000,000000,District - Sheikhpura,total,all,males,329743
census-india-2011,sources/census-2011/c-series/state-mdds/c01-10-bihar.xls,b00824a538230226,census-c01-extract-v1.1.0-20260527T234036Z,C0101,10,228,00000,000000,District - Sheikhpura,total,all,females,306599
census-india-2011,sources/census-2011/c-series/state-mdds/c01-10-bihar.xls,b00824a538230226,census-c01-extract-v1.1.0-20260527T234036Z,C0101,10,228,00000,000000,District - Sheikhpura,total,hindu,persons,596102
census-india-2011,sources/census-2011/c-series/state-mdds/c01-10-bihar.xls,b00824a538230226,census-c01-extract-v1.1.0-20260527T234036Z,C0101,10,228,00000,000000,District - Sheikhpura,total,hindu,males,309142
census-india-2011,sources/census-2011/c-series/state-mdds/c01-10-bihar.xls,b00824a538230226,census-c01-extract-v1.1.0-20260527T234036Z,C0101,10,228,00000,000000,District - Sheikhpura,total,hindu,females,286960
census-india-2011,sources/census-2011/c-series/state-mdds/c01-10-bihar.xls,b00824a538230226,census-c01-extract-v1.1.0-20260527T234036Z,C0101,10,228,00000,000000,District - Sheikhpura,total,muslim,persons,37653
census-india-2011,sources/census-2011/c-series/state-mdds/c01-10-bihar.xls,b00824a538230226,census-c01-extract-v1.1.0-20260527T234036Z,C0101,10,228,00000,000000,District - Sheikhpura,total,muslim,males,19334
census-india-2011,sources/census-2011/c-series/state-mdds/c01-10-bihar.xls,b00824a538230226,census-c01-extract-v1.1.0-20260527T234036Z,C0101,10,228,00000,000000,District - Sheikhpura,total,muslim,females,18319
census-india-2011,sources/census-2011/c-series/state-mdds/c01-10-bihar.xls,b00824a538230226,census-c01-extract-v1.1.0-20260527T234036Z,C0101,10,228,00000,000000,District - Sheikhpura,total,christian,persons,313
census-india-2011,sources/census-2011/c-series/state-mdds/c01-10-bihar.xls,b00824a538230226,census-c01-extract-v1.1.0-20260527T234036Z,C0101,10,228,00000,000000,District - Sheikhpura,total,christian,males,143
census-india-2011,sources/census-2011/c-series/state-mdds/c01-10-bihar.xls,b00824a538230226,census-c01-extract-v1.1.0-20260527T234036Z,C0101,10,228,00000,000000,District - Sheikhpura,total,christian,females,170
census-india-2011,sources/census-2011/c-series/state-mdds/c01-10-bihar.xls,b00824a538230226,census-c01-extract-v1.1.0-20260527T234036Z,C0101,10,228,00000,000000,District - Sheikhpura,total,sikh,persons,75
census-india-2011,sources/census-2011/c-series/state-mdds/c01-10-bihar.xls,b00824a538230226,census-c01-extract-v1.1.0-20260527T234036Z,C0101,10,228,00000,000000,District - Sheikhpura,total,sikh,males,36
census-india-2011,sources/census-2011/c-series/state-mdds/c01-10-bihar.xls,b00824a538230226,census-c01-extract-v1.1.0-20260527T234036Z,C0101,10,228,00000,000000,District - Sheikhpura,total,sikh,females,39
census-india-2011,sources/census-2011/c-series/state-mdds/c01-10-bihar.xls,b00824a538230226,census-c01-extract-v1.1.0-20260527T234036Z,C0101,10,228,00000,000000,District - Sheikhpura,total,buddhist,persons,41
census-india-2011,sources/census-2011/c-series/state-mdds/c01-10-bihar.xls,b00824a538230226,census-c01-extract-v1.1.0-20260527T234036Z,C0101,10,228,00000,000000,District - Sheikhpura,total,buddhist,males,25
census-india-2011,sources/census-2011/c-series/state-mdds/c01-10-bihar.xls,b00824a538230226,census-c01-extract-v1.1.0-20260527T234036Z,C0101,10,228,00000,000000,District - Sheikhpura,total,buddhist,females,16
census-india-2011,sources/census-2011/c-series/state-mdds/c01-10-bihar.xls,b00824a538230226,census-c01-extract-v1.1.0-20260527T234036Z,C0101,10,228,00000,000000,District - Sheikhpura,total,jain,persons,43
census-india-2011,sources/census-2011/c-series/state-mdds/c01-10-bihar.xls,b00824a538230226,census-c01-extract-v1.1.0-20260527T234036Z,C0101,10,228,00000,000000,District - Sheikhpura,total,jain,males,24
census-india-2011,sources/census-2011/c-series/state-mdds/c01-10-bihar.xls,b00824a538230226,census-c01-extract-v1.1.0-20260527T234036Z,C0101,10,228,00000,000000,District - Sheikhpura,total,jain,females,19
census-india-2011,sources/census-2011/c-series/state-mdds/c01-10-bihar.xls,b00824a538230226,census-c01-extract-v1.1.0-20260527T234036Z,C0101,10,228,00000,000000,District - Sheikhpura,total,other,persons,31
census-india-2011,sources/census-2011/c-series/state-mdds/c01-10-bihar.xls,b00824a538230226,census-c01-extract-v1.1.0-20260527T234036Z,C0101,10,228,00000,000000,District - Sheikhpura,total,other,males,15
census-india-2011,sources/census-2011/c-series/state-mdds/c01-10-bihar.xls,b00824a538230226,census-c01-extract-v1.1.0-20260527T234036Z,C0101,10,228,00000,000000,District - Sheikhpura,total,other,females,16
census-india-2011,sources/census-2011/c-series/state-mdds/c01-10-bihar.xls,b00824a538230226,census-c01-extract-v1.1.0-20260527T234036Z,C0101,10,228,00000,000000,District - Sheikhpura,total,not_stated,persons,2084
census-india-2011,sources/census-2011/c-series/state-mdds/c01-10-bihar.xls,b00824a538230226,census-c01-extract-v1.1.0-20260527T234036Z,C0101,10,228,00000,000000,District - Sheikhpura,total,not_stated,males,1024
census-india-2011,sources/census-2011/c-series/state-mdds/c01-10-bihar.xls,b00824a538230226,census-c01-extract-v1.1.0-20260527T234036Z,C0101,10,228,00000,000000,District - Sheikhpura,total,not_stated,females,1060
census-india-2011,sources/census-2011/c-series/state-mdds/c01-10-bihar.xls,b00824a538230226,census-c01-extract-v1.1.0-20260527T234036Z,C0101,10,228,00000,000000,District - Sheikhpura,rural,all,persons,527340
census-india-2011,sources/census-2011/c-series/state-mdds/c01-10-bihar.xls,b00824a538230226,census-c01-extract-v1.1.0-20260527T234036Z,C0101,10,228,00000,000000,District - Sheikhpura,rural,all,males,272360
census-india-2011,sources/census-2011/c-series/state-mdds/c01-10-bihar.xls,b00824a538230226,census-c01-extract-v1.1.0-20260527T234036Z,C0101,10,228,00000,000000,District - Sheikhpura,rural,all,females,254980
census-india-2011,sources/census-2011/c-series/state-mdds/c01-10-bihar.xls,b00824a538230226,census-c01-extract-v1.1.0-20260527T234036Z,C0101,10,228,00000,000000,District - Sheikhpura,rural,hindu,persons,497784
census-india-2011,sources/census-2011/c-series/state-mdds/c01-10-bihar.xls,b00824a538230226,census-c01-extract-v1.1.0-20260527T234036Z,C0101,10,228,00000,000000,District - Sheikhpura,rural,hindu,males,257258
census-india-2011,sources/census-2011/c-series/state-mdds/c01-10-bihar.xls,b00824a538230226,census-c01-extract-v1.1.0-20260527T234036Z,C0101,10,228,00000,000000,District - Sheikhpura,rural,hindu,females,240526
census-india-2011,sources/census-2011/c-series/state-mdds/c01-10-bihar.xls,b00824a538230226,census-c01-extract-v1.1.0-20260527T234036Z,C0101,10,228,00000,000000,District - Sheikhpura,rural,muslim,persons,27425
census-india-2011,sources/census-2011/c-series/state-mdds/c01-10-bihar.xls,b00824a538230226,census-c01-extract-v1.1.0-20260527T234036Z,C0101,10,228,00000,000000,District - Sheikhpura,rural,muslim,males,14049
census-india-2011,sources/census-2011/c-series/state-mdds/c01-10-bihar.xls,b00824a538230226,census-c01-extract-v1.1.0-20260527T234036Z,C0101,10,228,00000,000000,District - Sheikhpura,rural,muslim,females,13376
census-india-2011,sources/census-2011/c-series/state-mdds/c01-10-bihar.xls,b00824a538230226,census-c01-extract-v1.1.0-20260527T234036Z,C0101,10,228,00000,000000,District - Sheikhpura,rural,christian,persons,205
census-india-2011,sources/census-2011/c-series/state-mdds/c01-10-bihar.xls,b00824a538230226,census-c01-extract-v1.1.0-20260527T234036Z,C0101,10,228,00000,000000,District - Sheikhpura,rural,christian,males,95
census-india-2011,sources/census-2011/c-series/state-mdds/c01-10-bihar.xls,b00824a538230226,census-c01-extract-v1.1.0-20260527T234036Z,C0101,10,228,00000,000000,District - Sheikhpura,rural,christian,females,110
census-india-2011,sources/census-2011/c-series/state-mdds/c01-10-bihar.xls,b00824a538230226,census-c01-extract-v1.1.0-20260527T234036Z,C0101,10,228,00000,000000,District - Sheikhpura,rural,sikh,persons,54
census-india-2011,sources/census-2011/c-series/state-mdds/c01-10-bihar.xls,b00824a538230226,census-c01-extract-v1.1.0-20260527T234036Z,C0101,10,228,00000,000000,District - Sheikhpura,rural,sikh,males,25
census-india-2011,sources/census-2011/c-series/state-mdds/c01-10-bihar.xls,b00824a538230226,census-c01-extract-v1.1.0-20260527T234036Z,C0101,10,228,00000,000000,District - Sheikhpura,rural,sikh,females,29
census-india-2011,sources/census-2011/c-series/state-mdds/c01-10-bihar.xls,b00824a538230226,census-c01-extract-v1.1.0-20260527T234036Z,C0101,10,228,00000,000000,District - Sheikhpura,rural,buddhist,persons,35
census-india-2011,sources/census-2011/c-series/state-mdds/c01-10-bihar.xls,b00824a538230226,census-c01-extract-v1.1.0-20260527T234036Z,C0101,10,228,00000,000000,District - Sheikhpura,rural,buddhist,males,23
census-india-2011,sources/census-2011/c-series/state-mdds/c01-10-bihar.xls,b00824a538230226,census-c01-extract-v1.1.0-20260527T234036Z,C0101,10,228,00000,000000,District - Sheikhpura,rural,buddhist,females,12
census-india-2011,sources/census-2011/c-series/state-mdds/c01-10-bihar.xls,b00824a538230226,census-c01-extract-v1.1.0-20260527T234036Z,C0101,10,228,00000,000000,District - Sheikhpura,rural,jain,persons,40
census-india-2011,sources/census-2011/c-series/state-mdds/c01-10-bihar.xls,b00824a538230226,census-c01-extract-v1.1.0-20260527T234036Z,C0101,10,228,00000,000000,District - Sheikhpura,rural,jain,males,22
census-india-2011,sources/census-2011/c-series/state-mdds/c01-10-bihar.xls,b00824a538230226,census-c01-extract-v1.1.0-20260527T234036Z,C0101,10,228,00000,000000,District - Sheikhpura,rural,jain,females,18
census-india-2011,sources/census-2011/c-series/state-mdds/c01-10-bihar.xls,b00824a538230226,census-c01-extract-v1.1.0-20260527T234036Z,C0101,10,228,00000,000000,District - Sheikhpura,rural,other,persons,29
census-india-2011,sources/census-2011/c-series/state-mdds/c01-10-bihar.xls,b00824a538230226,census-c01-extract-v1.1.0-20260527T234036Z,C0101,10,228,00000,000000,District - Sheikhpura,rural,other,males,14
census-india-2011,sources/census-2011/c-series/state-mdds/c01-10-bihar.xls,b00824a538230226,census-c01-extract-v1.1.0-20260527T234036Z,C0101,10,228,00000,000000,District - Sheikhpura,rural,other,females,15
census-india-2011,sources/census-2011/c-series/state-mdds/c01-10-bihar.xls,b00824a538230226,census-c01-extract-v1.1.0-20260527T234036Z,C0101,10,228,00000,000000,District - Sheikhpura,rural,not_stated,persons,1768
census-india-2011,sources/census-2011/c-series/state-mdds/c01-10-bihar.xls,b00824a538230226,census-c01-extract-v1.1.0-20260527T234036Z,C0101,10,228,00000,000000,District - Sheikhpura,rural,not_stated,males,874
census-india-2011,sources/census-2011/c-series/state-mdds/c01-10-bihar.xls,b00824a538230226,census-c01-extract-v1.1.0-20260527T234036Z,C0101,10,228,00000,000000,District - Sheikhpura,rural,not_stated,females,894
census-india-2011,sources/census-2011/c-series/state-mdds/c01-10-bihar.xls,b00824a538230226,census-c01-extract-v1.1.0-20260527T234036Z,C0101,10,228,00000,000000,District - Sheikhpura,urban,all,persons,109002
census-india-2011,sources/census-2011/c-series/state-mdds/c01-10-bihar.xls,b00824a538230226,census-c01-extract-v1.1.0-20260527T234036Z,C0101,10,228,00000,000000,District - Sheikhpura,urban,all,males,57383
census-india-2011,sources/census-2011/c-series/state-mdds/c01-10-bihar.xls,b00824a538230226,census-c01-extract-v1.1.0-20260527T234036Z,C0101,10,228,00000,000000,District - Sheikhpura,urban,all,females,51619
census-india-2011,sources/census-2011/c-series/state-mdds/c01-10-bihar.xls,b00824a538230226,census-c01-extract-v1.1.0-20260527T234036Z,C0101,10,228,00000,000000,District - Sheikhpura,urban,hindu,persons,98318
census-india-2011,sources/census-2011/c-series/state-mdds/c01-10-bihar.xls,b00824a538230226,census-c01-extract-v1.1.0-20260527T234036Z,C0101,10,228,00000,000000,District - Sheikhpura,urban,hindu,males,51884
census-india-2011,sources/census-2011/c-series/state-mdds/c01-10-bihar.xls,b00824a538230226,census-c01-extract-v1.1.0-20260527T234036Z,C0101,10,228,00000,000000,District - Sheikhpura,urban,hindu,females,46434
census-india-2011,sources/census-2011/c-series/state-mdds/c01-10-bihar.xls,b00824a538230226,census-c01-extract-v1.1.0-20260527T234036Z,C0101,10,228,00000,000000,District - Sheikhpura,urban,muslim,persons,10228
census-india-2011,sources/census-2011/c-series/state-mdds/c01-10-bihar.xls,b00824a538230226,census-c01-extract-v1.1.0-20260527T234036Z,C0101,10,228,00000,000000,District - Sheikhpura,urban,muslim,males,5285
census-india-2011,sources/census-2011/c-series/state-mdds/c01-10-bihar.xls,b00824a538230226,census-c01-extract-v1.1.0-20260527T234036Z,C0101,10,228,00000,000000,District - Sheikhpura,urban,muslim,females,4943
census-india-2011,sources/census-2011/c-series/state-mdds/c01-10-bihar.xls,b00824a538230226,census-c01-extract-v1.1.0-20260527T234036Z,C0101,10,228,00000,000000,District - Sheikhpura,urban,christian,persons,108
census-india-2011,sources/census-2011/c-series/state-mdds/c01-10-bihar.xls,b00824a538230226,census-c01-extract-v1.1.0-20260527T234036Z,C0101,10,228,00000,000000,District - Sheikhpura,urban,christian,males,48
census-india-2011,sources/census-2011/c-series/state-mdds/c01-10-bihar.xls,b00824a538230226,census-c01-extract-v1.1.0-20260527T234036Z,C0101,10,228,00000,000000,District - Sheikhpura,urban,christian,females,60
census-india-2011,sources/census-2011/c-series/state-mdds/c01-10-bihar.xls,b00824a538230226,census-c01-extract-v1.1.0-20260527T234036Z,C0101,10,228,00000,000000,District - Sheikhpura,urban,sikh,persons,21
census-india-2011,sources/census-2011/c-series/state-mdds/c01-10-bihar.xls,b00824a538230226,census-c01-extract-v1.1.0-20260527T234036Z,C0101,10,228,00000,000000,District - Sheikhpura,urban,sikh,males,11
census-india-2011,sources/census-2011/c-series/state-mdds/c01-10-bihar.xls,b00824a538230226,census-c01-extract-v1.1.0-20260527T234036Z,C0101,10,228,00000,000000,District - Sheikhpura,urban,sikh,females,10
census-india-2011,sources/census-2011/c-series/state-mdds/c01-10-bihar.xls,b00824a538230226,census-c01-extract-v1.1.0-20260527T234036Z,C0101,10,228,00000,000000,District - Sheikhpura,urban,buddhist,persons,6
census-india-2011,sources/census-2011/c-series/state-mdds/c01-10-bihar.xls,b00824a538230226,census-c01-extract-v1.1.0-20260527T234036Z,C0101,10,228,00000,000000,District - Sheikhpura,urban,buddhist,males,2
census-india-2011,sources/census-2011/c-series/state-mdds/c01-10-bihar.xls,b00824a538230226,census-c01-extract-v1.1.0-20260527T234036Z,C0101,10,228,00000,000000,District - Sheikhpura,urban,buddhist,females,4
census-india-2011,sources/census-2011/c-series/state-mdds/c01-10-bihar.xls,b00824a538230226,census-c01-extract-v1.1.0-20260527T234036Z,C0101,10,228,00000,000000,District - Sheikhpura,urban,jain,persons,3
census-india-2011,sources/census-2011/c-series/state-mdds/c01-10-bihar.xls,b00824a538230226,census-c01-extract-v1.1.0-20260527T234036Z,C0101,10,228,00000,000000,District - Sheikhpura,urban,jain,males,2
census-india-2011,sources/census-2011/c-series/state-mdds/c01-10-bihar.xls,b00824a538230226,census-c01-extract-v1.1.0-20260527T234036Z,C0101,10,228,00000,000000,District - Sheikhpura,urban,jain,females,1
census-india-2011,sources/census-2011/c-series/state-mdds/c01-10-bihar.xls,b00824a538230226,census-c01-extract-v1.1.0-20260527T234036Z,C0101,10,228,00000,000000,District - Sheikhpura,urban,other,persons,2
census-india-2011,sources/census-2011/c-series/state-mdds/c01-10-bihar.xls,b00824a538230226,census-c01-extract-v1.1.0-20260527T234036Z,C0101,10,228,00000,000000,District - Sheikhpura,urban,other,males,1
census-india-2011,sources/census-2011/c-series/state-mdds/c01-10-bihar.xls,b00824a538230226,census-c01-extract-v1.1.0-20260527T234036Z,C0101,10,228,00000,000000,District - Sheikhpura,urban,other,females,1
census-india-2011,sources/census-2011/c-series/state-mdds/c01-10-bihar.xls,b00824a538230226,census-c01-extract-v1.1.0-20260527T234036Z,C0101,10,228,00000,000000,District - Sheikhpura,urban,not_stated,persons,316
census-india-2011,sources/census-2011/c-series/state-mdds/c01-10-bihar.xls,b00824a538230226,census-c01-extract-v1.1.0-20260527T234036Z,C0101,10,228,00000,000000,District - Sheikhpura,urban,not_stated,males,150
census-india-2011,sources/census-2011/c-series/state-mdds/c01-10-bihar.xls,b00824a538230226,census-c01-extract-v1.1.0-20260527T234036Z,C0101,10,228,00000,000000,District - Sheikhpura,urban,not_stated,females,166
census-india-2011,sources/census-2011/c-series/state-mdds/c01-10-bihar.xls,b00824a538230226,census-c01-extract-v1.1.0-20260527T234036Z,C0101,10,229,00000,000000,District - Nalanda,total,all,persons,2877653
census-india-2011,sources/census-2011/c-series/state-mdds/c01-10-bihar.xls,b00824a538230226,census-c01-extract-v1.1.0-20260527T234036Z,C0101,10,229,00000,000000,District - Nalanda,total,all,males,1497060
census-india-2011,sources/census-2011/c-series/state-mdds/c01-10-bihar.xls,b00824a538230226,census-c01-extract-v1.1.0-20260527T234036Z,C0101,10,229,00000,000000,District - Nalanda,total,all,females,1380593
census-india-2011,sources/census-2011/c-series/state-mdds/c01-10-bihar.xls,b00824a538230226,census-c01-extract-v1.1.0-20260527T234036Z,C0101,10,229,00000,000000,District - Nalanda,total,hindu,persons,2669775
census-india-2011,sources/census-2011/c-series/state-mdds/c01-10-bihar.xls,b00824a538230226,census-c01-extract-v1.1.0-20260527T234036Z,C0101,10,229,00000,000000,District - Nalanda,total,hindu,males,1390136
census-india-2011,sources/census-2011/c-series/state-mdds/c01-10-bihar.xls,b00824a538230226,census-c01-extract-v1.1.0-20260527T234036Z,C0101,10,229,00000,000000,District - Nalanda,total,hindu,females,1279639
census-india-2011,sources/census-2011/c-series/state-mdds/c01-10-bihar.xls,b00824a538230226,census-c01-extract-v1.1.0-20260527T234036Z,C0101,10,229,00000,000000,District - Nalanda,total,muslim,persons,198033
census-india-2011,sources/census-2011/c-series/state-mdds/c01-10-bihar.xls,b00824a538230226,census-c01-extract-v1.1.0-20260527T234036Z,C0101,10,229,00000,000000,District - Nalanda,total,muslim,males,101925
census-india-2011,sources/census-2011/c-series/state-mdds/c01-10-bihar.xls,b00824a538230226,census-c01-extract-v1.1.0-20260527T234036Z,C0101,10,229,00000,000000,District - Nalanda,total,muslim,females,96108
census-india-2011,sources/census-2011/c-series/state-mdds/c01-10-bihar.xls,b00824a538230226,census-c01-extract-v1.1.0-20260527T234036Z,C0101,10,229,00000,000000,District - Nalanda,total,christian,persons,1978
census-india-2011,sources/census-2011/c-series/state-mdds/c01-10-bihar.xls,b00824a538230226,census-c01-extract-v1.1.0-20260527T234036Z,C0101,10,229,00000,000000,District - Nalanda,total,christian,males,1035
census-india-2011,sources/census-2011/c-series/state-mdds/c01-10-bihar.xls,b00824a538230226,census-c01-extract-v1.1.0-20260527T234036Z,C0101,10,229,00000,000000,District - Nalanda,total,christian,females,943
census-india-2011,sources/census-2011/c-series/state-mdds/c01-10-bihar.xls,b00824a538230226,census-c01-extract-v1.1.0-20260527T234036Z,C0101,10,229,00000,000000,District - Nalanda,total,sikh,persons,393
census-india-2011,sources/census-2011/c-series/state-mdds/c01-10-bihar.xls,b00824a538230226,census-c01-extract-v1.1.0-20260527T234036Z,C0101,10,229,00000,000000,District - Nalanda,total,sikh,males,216
census-india-2011,sources/census-2011/c-series/state-mdds/c01-10-bihar.xls,b00824a538230226,census-c01-extract-v1.1.0-20260527T234036Z,C0101,10,229,00000,000000,District - Nalanda,total,sikh,females,177
census-india-2011,sources/census-2011/c-series/state-mdds/c01-10-bihar.xls,b00824a538230226,census-c01-extract-v1.1.0-20260527T234036Z,C0101,10,229,00000,000000,District - Nalanda,total,buddhist,persons,414
census-india-2011,sources/census-2011/c-series/state-mdds/c01-10-bihar.xls,b00824a538230226,census-c01-extract-v1.1.0-20260527T234036Z,C0101,10,229,00000,000000,District - Nalanda,total,buddhist,males,271
census-india-2011,sources/census-2011/c-series/state-mdds/c01-10-bihar.xls,b00824a538230226,census-c01-extract-v1.1.0-20260527T234036Z,C0101,10,229,00000,000000,District - Nalanda,total,buddhist,females,143
census-india-2011,sources/census-2011/c-series/state-mdds/c01-10-bihar.xls,b00824a538230226,census-c01-extract-v1.1.0-20260527T234036Z,C0101,10,229,00000,000000,District - Nalanda,total,jain,persons,561
census-india-2011,sources/census-2011/c-series/state-mdds/c01-10-bihar.xls,b00824a538230226,census-c01-extract-v1.1.0-20260527T234036Z,C0101,10,229,00000,000000,District - Nalanda,total,jain,males,276
census-india-2011,sources/census-2011/c-series/state-mdds/c01-10-bihar.xls,b00824a538230226,census-c01-extract-v1.1.0-20260527T234036Z,C0101,10,229,00000,000000,District - Nalanda,total,jain,females,285
census-india-2011,sources/census-2011/c-series/state-mdds/c01-10-bihar.xls,b00824a538230226,census-c01-extract-v1.1.0-20260527T234036Z,C0101,10,229,00000,000000,District - Nalanda,total,other,persons,64
census-india-2011,sources/census-2011/c-series/state-mdds/c01-10-bihar.xls,b00824a538230226,census-c01-extract-v1.1.0-20260527T234036Z,C0101,10,229,00000,000000,District - Nalanda,total,other,males,34
census-india-2011,sources/census-2011/c-series/state-mdds/c01-10-bihar.xls,b00824a538230226,census-c01-extract-v1.1.0-20260527T234036Z,C0101,10,229,00000,000000,District - Nalanda,total,other,females,30
census-india-2011,sources/census-2011/c-series/state-mdds/c01-10-bihar.xls,b00824a538230226,census-c01-extract-v1.1.0-20260527T234036Z,C0101,10,229,00000,000000,District - Nalanda,total,not_stated,persons,6435
census-india-2011,sources/census-2011/c-series/state-mdds/c01-10-bihar.xls,b00824a538230226,census-c01-extract-v1.1.0-20260527T234036Z,C0101,10,229,00000,000000,District - Nalanda,total,not_stated,males,3167
census-india-2011,sources/census-2011/c-series/state-mdds/c01-10-bihar.xls,b00824a538230226,census-c01-extract-v1.1.0-20260527T234036Z,C0101,10,229,00000,000000,District - Nalanda,total,not_stated,females,3268
census-india-2011,sources/census-2011/c-series/state-mdds/c01-10-bihar.xls,b00824a538230226,census-c01-extract-v1.1.0-20260527T234036Z,C0101,10,229,00000,000000,District - Nalanda,rural,all,persons,2419759
census-india-2011,sources/census-2011/c-series/state-mdds/c01-10-bihar.xls,b00824a538230226,census-c01-extract-v1.1.0-20260527T234036Z,C0101,10,229,00000,000000,District - Nalanda,rural,all,males,1257728
census-india-2011,sources/census-2011/c-series/state-mdds/c01-10-bihar.xls,b00824a538230226,census-c01-extract-v1.1.0-20260527T234036Z,C0101,10,229,00000,000000,District - Nalanda,rural,all,females,1162031
census-india-2011,sources/census-2011/c-series/state-mdds/c01-10-bihar.xls,b00824a538230226,census-c01-extract-v1.1.0-20260527T234036Z,C0101,10,229,00000,000000,District - Nalanda,rural,hindu,persons,2341053
census-india-2011,sources/census-2011/c-series/state-mdds/c01-10-bihar.xls,b00824a538230226,census-c01-extract-v1.1.0-20260527T234036Z,C0101,10,229,00000,000000,District - Nalanda,rural,hindu,males,1217230
census-india-2011,sources/census-2011/c-series/state-mdds/c01-10-bihar.xls,b00824a538230226,census-c01-extract-v1.1.0-20260527T234036Z,C0101,10,229,00000,000000,District - Nalanda,rural,hindu,females,1123823
census-india-2011,sources/census-2011/c-series/state-mdds/c01-10-bihar.xls,b00824a538230226,census-c01-extract-v1.1.0-20260527T234036Z,C0101,10,229,00000,000000,District - Nalanda,rural,muslim,persons,71291
census-india-2011,sources/census-2011/c-series/state-mdds/c01-10-bihar.xls,b00824a538230226,census-c01-extract-v1.1.0-20260527T234036Z,C0101,10,229,00000,000000,District - Nalanda,rural,muslim,males,36714
census-india-2011,sources/census-2011/c-series/state-mdds/c01-10-bihar.xls,b00824a538230226,census-c01-extract-v1.1.0-20260527T234036Z,C0101,10,229,00000,000000,District - Nalanda,rural,muslim,females,34577
census-india-2011,sources/census-2011/c-series/state-mdds/c01-10-bihar.xls,b00824a538230226,census-c01-extract-v1.1.0-20260527T234036Z,C0101,10,229,00000,000000,District - Nalanda,rural,christian,persons,1329
census-india-2011,sources/census-2011/c-series/state-mdds/c01-10-bihar.xls,b00824a538230226,census-c01-extract-v1.1.0-20260527T234036Z,C0101,10,229,00000,000000,District - Nalanda,rural,christian,males,703
census-india-2011,sources/census-2011/c-series/state-mdds/c01-10-bihar.xls,b00824a538230226,census-c01-extract-v1.1.0-20260527T234036Z,C0101,10,229,00000,000000,District - Nalanda,rural,christian,females,626
census-india-2011,sources/census-2011/c-series/state-mdds/c01-10-bihar.xls,b00824a538230226,census-c01-extract-v1.1.0-20260527T234036Z,C0101,10,229,00000,000000,District - Nalanda,rural,sikh,persons,328
census-india-2011,sources/census-2011/c-series/state-mdds/c01-10-bihar.xls,b00824a538230226,census-c01-extract-v1.1.0-20260527T234036Z,C0101,10,229,00000,000000,District - Nalanda,rural,sikh,males,183
census-india-2011,sources/census-2011/c-series/state-mdds/c01-10-bihar.xls,b00824a538230226,census-c01-extract-v1.1.0-20260527T234036Z,C0101,10,229,00000,000000,District - Nalanda,rural,sikh,females,145
census-india-2011,sources/census-2011/c-series/state-mdds/c01-10-bihar.xls,b00824a538230226,census-c01-extract-v1.1.0-20260527T234036Z,C0101,10,229,00000,000000,District - Nalanda,rural,buddhist,persons,352
census-india-2011,sources/census-2011/c-series/state-mdds/c01-10-bihar.xls,b00824a538230226,census-c01-extract-v1.1.0-20260527T234036Z,C0101,10,229,00000,000000,District - Nalanda,rural,buddhist,males,234
census-india-2011,sources/census-2011/c-series/state-mdds/c01-10-bihar.xls,b00824a538230226,census-c01-extract-v1.1.0-20260527T234036Z,C0101,10,229,00000,000000,District - Nalanda,rural,buddhist,females,118
census-india-2011,sources/census-2011/c-series/state-mdds/c01-10-bihar.xls,b00824a538230226,census-c01-extract-v1.1.0-20260527T234036Z,C0101,10,229,00000,000000,District - Nalanda,rural,jain,persons,192
census-india-2011,sources/census-2011/c-series/state-mdds/c01-10-bihar.xls,b00824a538230226,census-c01-extract-v1.1.0-20260527T234036Z,C0101,10,229,00000,000000,District - Nalanda,rural,jain,males,105
census-india-2011,sources/census-2011/c-series/state-mdds/c01-10-bihar.xls,b00824a538230226,census-c01-extract-v1.1.0-20260527T234036Z,C0101,10,229,00000,000000,District - Nalanda,rural,jain,females,87
census-india-2011,sources/census-2011/c-series/state-mdds/c01-10-bihar.xls,b00824a538230226,census-c01-extract-v1.1.0-20260527T234036Z,C0101,10,229,00000,000000,District - Nalanda,rural,other,persons,55
census-india-2011,sources/census-2011/c-series/state-mdds/c01-10-bihar.xls,b00824a538230226,census-c01-extract-v1.1.0-20260527T234036Z,C0101,10,229,00000,000000,District - Nalanda,rural,other,males,28
census-india-2011,sources/census-2011/c-series/state-mdds/c01-10-bihar.xls,b00824a538230226,census-c01-extract-v1.1.0-20260527T234036Z,C0101,10,229,00000,000000,District - Nalanda,rural,other,females,27
census-india-2011,sources/census-2011/c-series/state-mdds/c01-10-bihar.xls,b00824a538230226,census-c01-extract-v1.1.0-20260527T234036Z,C0101,10,229,00000,000000,District - Nalanda,rural,not_stated,persons,5159
census-india-2011,sources/census-2011/c-series/state-mdds/c01-10-bihar.xls,b00824a538230226,census-c01-extract-v1.1.0-20260527T234036Z,C0101,10,229,00000,000000,District - Nalanda,rural,not_stated,males,2531
census-india-2011,sources/census-2011/c-series/state-mdds/c01-10-bihar.xls,b00824a538230226,census-c01-extract-v1.1.0-20260527T234036Z,C0101,10,229,00000,000000,District - Nalanda,rural,not_stated,females,2628
census-india-2011,sources/census-2011/c-series/state-mdds/c01-10-bihar.xls,b00824a538230226,census-c01-extract-v1.1.0-20260527T234036Z,C0101,10,229,00000,000000,District - Nalanda,urban,all,persons,457894
census-india-2011,sources/census-2011/c-series/state-mdds/c01-10-bihar.xls,b00824a538230226,census-c01-extract-v1.1.0-20260527T234036Z,C0101,10,229,00000,000000,District - Nalanda,urban,all,males,239332
census-india-2011,sources/census-2011/c-series/state-mdds/c01-10-bihar.xls,b00824a538230226,census-c01-extract-v1.1.0-20260527T234036Z,C0101,10,229,00000,000000,District - Nalanda,urban,all,females,218562
census-india-2011,sources/census-2011/c-series/state-mdds/c01-10-bihar.xls,b00824a538230226,census-c01-extract-v1.1.0-20260527T234036Z,C0101,10,229,00000,000000,District - Nalanda,urban,hindu,persons,328722
census-india-2011,sources/census-2011/c-series/state-mdds/c01-10-bihar.xls,b00824a538230226,census-c01-extract-v1.1.0-20260527T234036Z,C0101,10,229,00000,000000,District - Nalanda,urban,hindu,males,172906
census-india-2011,sources/census-2011/c-series/state-mdds/c01-10-bihar.xls,b00824a538230226,census-c01-extract-v1.1.0-20260527T234036Z,C0101,10,229,00000,000000,District - Nalanda,urban,hindu,females,155816
census-india-2011,sources/census-2011/c-series/state-mdds/c01-10-bihar.xls,b00824a538230226,census-c01-extract-v1.1.0-20260527T234036Z,C0101,10,229,00000,000000,District - Nalanda,urban,muslim,persons,126742
census-india-2011,sources/census-2011/c-series/state-mdds/c01-10-bihar.xls,b00824a538230226,census-c01-extract-v1.1.0-20260527T234036Z,C0101,10,229,00000,000000,District - Nalanda,urban,muslim,males,65211
census-india-2011,sources/census-2011/c-series/state-mdds/c01-10-bihar.xls,b00824a538230226,census-c01-extract-v1.1.0-20260527T234036Z,C0101,10,229,00000,000000,District - Nalanda,urban,muslim,females,61531
census-india-2011,sources/census-2011/c-series/state-mdds/c01-10-bihar.xls,b00824a538230226,census-c01-extract-v1.1.0-20260527T234036Z,C0101,10,229,00000,000000,District - Nalanda,urban,christian,persons,649
census-india-2011,sources/census-2011/c-series/state-mdds/c01-10-bihar.xls,b00824a538230226,census-c01-extract-v1.1.0-20260527T234036Z,C0101,10,229,00000,000000,District - Nalanda,urban,christian,males,332
census-india-2011,sources/census-2011/c-series/state-mdds/c01-10-bihar.xls,b00824a538230226,census-c01-extract-v1.1.0-20260527T234036Z,C0101,10,229,00000,000000,District - Nalanda,urban,christian,females,317
census-india-2011,sources/census-2011/c-series/state-mdds/c01-10-bihar.xls,b00824a538230226,census-c01-extract-v1.1.0-20260527T234036Z,C0101,10,229,00000,000000,District - Nalanda,urban,sikh,persons,65
census-india-2011,sources/census-2011/c-series/state-mdds/c01-10-bihar.xls,b00824a538230226,census-c01-extract-v1.1.0-20260527T234036Z,C0101,10,229,00000,000000,District - Nalanda,urban,sikh,males,33
census-india-2011,sources/census-2011/c-series/state-mdds/c01-10-bihar.xls,b00824a538230226,census-c01-extract-v1.1.0-20260527T234036Z,C0101,10,229,00000,000000,District - Nalanda,urban,sikh,females,32
census-india-2011,sources/census-2011/c-series/state-mdds/c01-10-bihar.xls,b00824a538230226,census-c01-extract-v1.1.0-20260527T234036Z,C0101,10,229,00000,000000,District - Nalanda,urban,buddhist,persons,62
census-india-2011,sources/census-2011/c-series/state-mdds/c01-10-bihar.xls,b00824a538230226,census-c01-extract-v1.1.0-20260527T234036Z,C0101,10,229,00000,000000,District - Nalanda,urban,buddhist,males,37
census-india-2011,sources/census-2011/c-series/state-mdds/c01-10-bihar.xls,b00824a538230226,census-c01-extract-v1.1.0-20260527T234036Z,C0101,10,229,00000,000000,District - Nalanda,urban,buddhist,females,25
census-india-2011,sources/census-2011/c-series/state-mdds/c01-10-bihar.xls,b00824a538230226,census-c01-extract-v1.1.0-20260527T234036Z,C0101,10,229,00000,000000,District - Nalanda,urban,jain,persons,369
census-india-2011,sources/census-2011/c-series/state-mdds/c01-10-bihar.xls,b00824a538230226,census-c01-extract-v1.1.0-20260527T234036Z,C0101,10,229,00000,000000,District - Nalanda,urban,jain,males,171
census-india-2011,sources/census-2011/c-series/state-mdds/c01-10-bihar.xls,b00824a538230226,census-c01-extract-v1.1.0-20260527T234036Z,C0101,10,229,00000,000000,District - Nalanda,urban,jain,females,198
census-india-2011,sources/census-2011/c-series/state-mdds/c01-10-bihar.xls,b00824a538230226,census-c01-extract-v1.1.0-20260527T234036Z,C0101,10,229,00000,000000,District - Nalanda,urban,other,persons,9
census-india-2011,sources/census-2011/c-series/state-mdds/c01-10-bihar.xls,b00824a538230226,census-c01-extract-v1.1.0-20260527T234036Z,C0101,10,229,00000,000000,District - Nalanda,urban,other,males,6
census-india-2011,sources/census-2011/c-series/state-mdds/c01-10-bihar.xls,b00824a538230226,census-c01-extract-v1.1.0-20260527T234036Z,C0101,10,229,00000,000000,District - Nalanda,urban,other,females,3
census-india-2011,sources/census-2011/c-series/state-mdds/c01-10-bihar.xls,b00824a538230226,census-c01-extract-v1.1.0-20260527T234036Z,C0101,10,229,00000,000000,District - Nalanda,urban,not_stated,persons,1276
census-india-2011,sources/census-2011/c-series/state-mdds/c01-10-bihar.xls,b00824a538230226,census-c01-extract-v1.1.0-20260527T234036Z,C0101,10,229,00000,000000,District - Nalanda,urban,not_stated,males,636
census-india-2011,sources/census-2011/c-series/state-mdds/c01-10-bihar.xls,b00824a538230226,census-c01-extract-v1.1.0-20260527T234036Z,C0101,10,229,00000,000000,District - Nalanda,urban,not_stated,females,640
census-india-2011,sources/census-2011/c-series/state-mdds/c01-10-bihar.xls,b00824a538230226,census-c01-extract-v1.1.0-20260527T234036Z,C0101,10,230,00000,000000,District - Patna,total,all,persons,5838465
census-india-2011,sources/census-2011/c-series/state-mdds/c01-10-bihar.xls,b00824a538230226,census-c01-extract-v1.1.0-20260527T234036Z,C0101,10,230,00000,000000,District - Patna,total,all,males,3078512
census-india-2011,sources/census-2011/c-series/state-mdds/c01-10-bihar.xls,b00824a538230226,census-c01-extract-v1.1.0-20260527T234036Z,C0101,10,230,00000,000000,District - Patna,total,all,females,2759953
census-india-2011,sources/census-2011/c-series/state-mdds/c01-10-bihar.xls,b00824a538230226,census-c01-extract-v1.1.0-20260527T234036Z,C0101,10,230,00000,000000,District - Patna,total,hindu,persons,5356075
census-india-2011,sources/census-2011/c-series/state-mdds/c01-10-bihar.xls,b00824a538230226,census-c01-extract-v1.1.0-20260527T234036Z,C0101,10,230,00000,000000,District - Patna,total,hindu,males,2828753
census-india-2011,sources/census-2011/c-series/state-mdds/c01-10-bihar.xls,b00824a538230226,census-c01-extract-v1.1.0-20260527T234036Z,C0101,10,230,00000,000000,District - Patna,total,hindu,females,2527322
census-india-2011,sources/census-2011/c-series/state-mdds/c01-10-bihar.xls,b00824a538230226,census-c01-extract-v1.1.0-20260527T234036Z,C0101,10,230,00000,000000,District - Patna,total,muslim,persons,439952
census-india-2011,sources/census-2011/c-series/state-mdds/c01-10-bihar.xls,b00824a538230226,census-c01-extract-v1.1.0-20260527T234036Z,C0101,10,230,00000,000000,District - Patna,total,muslim,males,227997
census-india-2011,sources/census-2011/c-series/state-mdds/c01-10-bihar.xls,b00824a538230226,census-c01-extract-v1.1.0-20260527T234036Z,C0101,10,230,00000,000000,District - Patna,total,muslim,females,211955
census-india-2011,sources/census-2011/c-series/state-mdds/c01-10-bihar.xls,b00824a538230226,census-c01-extract-v1.1.0-20260527T234036Z,C0101,10,230,00000,000000,District - Patna,total,christian,persons,12551
census-india-2011,sources/census-2011/c-series/state-mdds/c01-10-bihar.xls,b00824a538230226,census-c01-extract-v1.1.0-20260527T234036Z,C0101,10,230,00000,000000,District - Patna,total,christian,males,6154
census-india-2011,sources/census-2011/c-series/state-mdds/c01-10-bihar.xls,b00824a538230226,census-c01-extract-v1.1.0-20260527T234036Z,C0101,10,230,00000,000000,District - Patna,total,christian,females,6397
census-india-2011,sources/census-2011/c-series/state-mdds/c01-10-bihar.xls,b00824a538230226,census-c01-extract-v1.1.0-20260527T234036Z,C0101,10,230,00000,000000,District - Patna,total,sikh,persons,4803
census-india-2011,sources/census-2011/c-series/state-mdds/c01-10-bihar.xls,b00824a538230226,census-c01-extract-v1.1.0-20260527T234036Z,C0101,10,230,00000,000000,District - Patna,total,sikh,males,2533
census-india-2011,sources/census-2011/c-series/state-mdds/c01-10-bihar.xls,b00824a538230226,census-c01-extract-v1.1.0-20260527T234036Z,C0101,10,230,00000,000000,District - Patna,total,sikh,females,2270
census-india-2011,sources/census-2011/c-series/state-mdds/c01-10-bihar.xls,b00824a538230226,census-c01-extract-v1.1.0-20260527T234036Z,C0101,10,230,00000,000000,District - Patna,total,buddhist,persons,1062
census-india-2011,sources/census-2011/c-series/state-mdds/c01-10-bihar.xls,b00824a538230226,census-c01-extract-v1.1.0-20260527T234036Z,C0101,10,230,00000,000000,District - Patna,total,buddhist,males,572
census-india-2011,sources/census-2011/c-series/state-mdds/c01-10-bihar.xls,b00824a538230226,census-c01-extract-v1.1.0-20260527T234036Z,C0101,10,230,00000,000000,District - Patna,total,buddhist,females,490
census-india-2011,sources/census-2011/c-series/state-mdds/c01-10-bihar.xls,b00824a538230226,census-c01-extract-v1.1.0-20260527T234036Z,C0101,10,230,00000,000000,District - Patna,total,jain,persons,2151
census-india-2011,sources/census-2011/c-series/state-mdds/c01-10-bihar.xls,b00824a538230226,census-c01-extract-v1.1.0-20260527T234036Z,C0101,10,230,00000,000000,District - Patna,total,jain,males,1129
census-india-2011,sources/census-2011/c-series/state-mdds/c01-10-bihar.xls,b00824a538230226,census-c01-extract-v1.1.0-20260527T234036Z,C0101,10,230,00000,000000,District - Patna,total,jain,females,1022
census-india-2011,sources/census-2011/c-series/state-mdds/c01-10-bihar.xls,b00824a538230226,census-c01-extract-v1.1.0-20260527T234036Z,C0101,10,230,00000,000000,District - Patna,total,other,persons,203
census-india-2011,sources/census-2011/c-series/state-mdds/c01-10-bihar.xls,b00824a538230226,census-c01-extract-v1.1.0-20260527T234036Z,C0101,10,230,00000,000000,District - Patna,total,other,males,100
census-india-2011,sources/census-2011/c-series/state-mdds/c01-10-bihar.xls,b00824a538230226,census-c01-extract-v1.1.0-20260527T234036Z,C0101,10,230,00000,000000,District - Patna,total,other,females,103
census-india-2011,sources/census-2011/c-series/state-mdds/c01-10-bihar.xls,b00824a538230226,census-c01-extract-v1.1.0-20260527T234036Z,C0101,10,230,00000,000000,District - Patna,total,not_stated,persons,21668
census-india-2011,sources/census-2011/c-series/state-mdds/c01-10-bihar.xls,b00824a538230226,census-c01-extract-v1.1.0-20260527T234036Z,C0101,10,230,00000,000000,District - Patna,total,not_stated,males,11274
census-india-2011,sources/census-2011/c-series/state-mdds/c01-10-bihar.xls,b00824a538230226,census-c01-extract-v1.1.0-20260527T234036Z,C0101,10,230,00000,000000,District - Patna,total,not_stated,females,10394
census-india-2011,sources/census-2011/c-series/state-mdds/c01-10-bihar.xls,b00824a538230226,census-c01-extract-v1.1.0-20260527T234036Z,C0101,10,230,00000,000000,District - Patna,rural,all,persons,3323875
census-india-2011,sources/census-2011/c-series/state-mdds/c01-10-bihar.xls,b00824a538230226,census-c01-extract-v1.1.0-20260527T234036Z,C0101,10,230,00000,000000,District - Patna,rural,all,males,1746025
census-india-2011,sources/census-2011/c-series/state-mdds/c01-10-bihar.xls,b00824a538230226,census-c01-extract-v1.1.0-20260527T234036Z,C0101,10,230,00000,000000,District - Patna,rural,all,females,1577850
census-india-2011,sources/census-2011/c-series/state-mdds/c01-10-bihar.xls,b00824a538230226,census-c01-extract-v1.1.0-20260527T234036Z,C0101,10,230,00000,000000,District - Patna,rural,hindu,persons,3201963
census-india-2011,sources/census-2011/c-series/state-mdds/c01-10-bihar.xls,b00824a538230226,census-c01-extract-v1.1.0-20260527T234036Z,C0101,10,230,00000,000000,District - Patna,rural,hindu,males,1683241
census-india-2011,sources/census-2011/c-series/state-mdds/c01-10-bihar.xls,b00824a538230226,census-c01-extract-v1.1.0-20260527T234036Z,C0101,10,230,00000,000000,District - Patna,rural,hindu,females,1518722
census-india-2011,sources/census-2011/c-series/state-mdds/c01-10-bihar.xls,b00824a538230226,census-c01-extract-v1.1.0-20260527T234036Z,C0101,10,230,00000,000000,District - Patna,rural,muslim,persons,107286
census-india-2011,sources/census-2011/c-series/state-mdds/c01-10-bihar.xls,b00824a538230226,census-c01-extract-v1.1.0-20260527T234036Z,C0101,10,230,00000,000000,District - Patna,rural,muslim,males,55121
census-india-2011,sources/census-2011/c-series/state-mdds/c01-10-bihar.xls,b00824a538230226,census-c01-extract-v1.1.0-20260527T234036Z,C0101,10,230,00000,000000,District - Patna,rural,muslim,females,52165
census-india-2011,sources/census-2011/c-series/state-mdds/c01-10-bihar.xls,b00824a538230226,census-c01-extract-v1.1.0-20260527T234036Z,C0101,10,230,00000,000000,District - Patna,rural,christian,persons,2375
census-india-2011,sources/census-2011/c-series/state-mdds/c01-10-bihar.xls,b00824a538230226,census-c01-extract-v1.1.0-20260527T234036Z,C0101,10,230,00000,000000,District - Patna,rural,christian,males,1239
census-india-2011,sources/census-2011/c-series/state-mdds/c01-10-bihar.xls,b00824a538230226,census-c01-extract-v1.1.0-20260527T234036Z,C0101,10,230,00000,000000,District - Patna,rural,christian,females,1136
census-india-2011,sources/census-2011/c-series/state-mdds/c01-10-bihar.xls,b00824a538230226,census-c01-extract-v1.1.0-20260527T234036Z,C0101,10,230,00000,000000,District - Patna,rural,sikh,persons,512
census-india-2011,sources/census-2011/c-series/state-mdds/c01-10-bihar.xls,b00824a538230226,census-c01-extract-v1.1.0-20260527T234036Z,C0101,10,230,00000,000000,District - Patna,rural,sikh,males,279
census-india-2011,sources/census-2011/c-series/state-mdds/c01-10-bihar.xls,b00824a538230226,census-c01-extract-v1.1.0-20260527T234036Z,C0101,10,230,00000,000000,District - Patna,rural,sikh,females,233
census-india-2011,sources/census-2011/c-series/state-mdds/c01-10-bihar.xls,b00824a538230226,census-c01-extract-v1.1.0-20260527T234036Z,C0101,10,230,00000,000000,District - Patna,rural,buddhist,persons,651
census-india-2011,sources/census-2011/c-series/state-mdds/c01-10-bihar.xls,b00824a538230226,census-c01-extract-v1.1.0-20260527T234036Z,C0101,10,230,00000,000000,District - Patna,rural,buddhist,males,342
census-india-2011,sources/census-2011/c-series/state-mdds/c01-10-bihar.xls,b00824a538230226,census-c01-extract-v1.1.0-20260527T234036Z,C0101,10,230,00000,000000,District - Patna,rural,buddhist,females,309
census-india-2011,sources/census-2011/c-series/state-mdds/c01-10-bihar.xls,b00824a538230226,census-c01-extract-v1.1.0-20260527T234036Z,C0101,10,230,00000,000000,District - Patna,rural,jain,persons,490
census-india-2011,sources/census-2011/c-series/state-mdds/c01-10-bihar.xls,b00824a538230226,census-c01-extract-v1.1.0-20260527T234036Z,C0101,10,230,00000,000000,District - Patna,rural,jain,males,256
census-india-2011,sources/census-2011/c-series/state-mdds/c01-10-bihar.xls,b00824a538230226,census-c01-extract-v1.1.0-20260527T234036Z,C0101,10,230,00000,000000,District - Patna,rural,jain,females,234
census-india-2011,sources/census-2011/c-series/state-mdds/c01-10-bihar.xls,b00824a538230226,census-c01-extract-v1.1.0-20260527T234036Z,C0101,10,230,00000,000000,District - Patna,rural,other,persons,40
census-india-2011,sources/census-2011/c-series/state-mdds/c01-10-bihar.xls,b00824a538230226,census-c01-extract-v1.1.0-20260527T234036Z,C0101,10,230,00000,000000,District - Patna,rural,other,males,21
census-india-2011,sources/census-2011/c-series/state-mdds/c01-10-bihar.xls,b00824a538230226,census-c01-extract-v1.1.0-20260527T234036Z,C0101,10,230,00000,000000,District - Patna,rural,other,females,19
census-india-2011,sources/census-2011/c-series/state-mdds/c01-10-bihar.xls,b00824a538230226,census-c01-extract-v1.1.0-20260527T234036Z,C0101,10,230,00000,000000,District - Patna,rural,not_stated,persons,10558
census-india-2011,sources/census-2011/c-series/state-mdds/c01-10-bihar.xls,b00824a538230226,census-c01-extract-v1.1.0-20260527T234036Z,C0101,10,230,00000,000000,District - Patna,rural,not_stated,males,5526
census-india-2011,sources/census-2011/c-series/state-mdds/c01-10-bihar.xls,b00824a538230226,census-c01-extract-v1.1.0-20260527T234036Z,C0101,10,230,00000,000000,District - Patna,rural,not_stated,females,5032
census-india-2011,sources/census-2011/c-series/state-mdds/c01-10-bihar.xls,b00824a538230226,census-c01-extract-v1.1.0-20260527T234036Z,C0101,10,230,00000,000000,District - Patna,urban,all,persons,2514590
census-india-2011,sources/census-2011/c-series/state-mdds/c01-10-bihar.xls,b00824a538230226,census-c01-extract-v1.1.0-20260527T234036Z,C0101,10,230,00000,000000,District - Patna,urban,all,males,1332487
census-india-2011,sources/census-2011/c-series/state-mdds/c01-10-bihar.xls,b00824a538230226,census-c01-extract-v1.1.0-20260527T234036Z,C0101,10,230,00000,000000,District - Patna,urban,all,females,1182103
census-india-2011,sources/census-2011/c-series/state-mdds/c01-10-bihar.xls,b00824a538230226,census-c01-extract-v1.1.0-20260527T234036Z,C0101,10,230,00000,000000,District - Patna,urban,hindu,persons,2154112
census-india-2011,sources/census-2011/c-series/state-mdds/c01-10-bihar.xls,b00824a538230226,census-c01-extract-v1.1.0-20260527T234036Z,C0101,10,230,00000,000000,District - Patna,urban,hindu,males,1145512
census-india-2011,sources/census-2011/c-series/state-mdds/c01-10-bihar.xls,b00824a538230226,census-c01-extract-v1.1.0-20260527T234036Z,C0101,10,230,00000,000000,District - Patna,urban,hindu,females,1008600
census-india-2011,sources/census-2011/c-series/state-mdds/c01-10-bihar.xls,b00824a538230226,census-c01-extract-v1.1.0-20260527T234036Z,C0101,10,230,00000,000000,District - Patna,urban,muslim,persons,332666
census-india-2011,sources/census-2011/c-series/state-mdds/c01-10-bihar.xls,b00824a538230226,census-c01-extract-v1.1.0-20260527T234036Z,C0101,10,230,00000,000000,District - Patna,urban,muslim,males,172876
census-india-2011,sources/census-2011/c-series/state-mdds/c01-10-bihar.xls,b00824a538230226,census-c01-extract-v1.1.0-20260527T234036Z,C0101,10,230,00000,000000,District - Patna,urban,muslim,females,159790
census-india-2011,sources/census-2011/c-series/state-mdds/c01-10-bihar.xls,b00824a538230226,census-c01-extract-v1.1.0-20260527T234036Z,C0101,10,230,00000,000000,District - Patna,urban,christian,persons,10176
census-india-2011,sources/census-2011/c-series/state-mdds/c01-10-bihar.xls,b00824a538230226,census-c01-extract-v1.1.0-20260527T234036Z,C0101,10,230,00000,000000,District - Patna,urban,christian,males,4915
census-india-2011,sources/census-2011/c-series/state-mdds/c01-10-bihar.xls,b00824a538230226,census-c01-extract-v1.1.0-20260527T234036Z,C0101,10,230,00000,000000,District - Patna,urban,christian,females,5261
census-india-2011,sources/census-2011/c-series/state-mdds/c01-10-bihar.xls,b00824a538230226,census-c01-extract-v1.1.0-20260527T234036Z,C0101,10,230,00000,000000,District - Patna,urban,sikh,persons,4291
census-india-2011,sources/census-2011/c-series/state-mdds/c01-10-bihar.xls,b00824a538230226,census-c01-extract-v1.1.0-20260527T234036Z,C0101,10,230,00000,000000,District - Patna,urban,sikh,males,2254
census-india-2011,sources/census-2011/c-series/state-mdds/c01-10-bihar.xls,b00824a538230226,census-c01-extract-v1.1.0-20260527T234036Z,C0101,10,230,00000,000000,District - Patna,urban,sikh,females,2037
census-india-2011,sources/census-2011/c-series/state-mdds/c01-10-bihar.xls,b00824a538230226,census-c01-extract-v1.1.0-20260527T234036Z,C0101,10,230,00000,000000,District - Patna,urban,buddhist,persons,411
census-india-2011,sources/census-2011/c-series/state-mdds/c01-10-bihar.xls,b00824a538230226,census-c01-extract-v1.1.0-20260527T234036Z,C0101,10,230,00000,000000,District - Patna,urban,buddhist,males,230
census-india-2011,sources/census-2011/c-series/state-mdds/c01-10-bihar.xls,b00824a538230226,census-c01-extract-v1.1.0-20260527T234036Z,C0101,10,230,00000,000000,District - Patna,urban,buddhist,females,181
census-india-2011,sources/census-2011/c-series/state-mdds/c01-10-bihar.xls,b00824a538230226,census-c01-extract-v1.1.0-20260527T234036Z,C0101,10,230,00000,000000,District - Patna,urban,jain,persons,1661
census-india-2011,sources/census-2011/c-series/state-mdds/c01-10-bihar.xls,b00824a538230226,census-c01-extract-v1.1.0-20260527T234036Z,C0101,10,230,00000,000000,District - Patna,urban,jain,males,873
census-india-2011,sources/census-2011/c-series/state-mdds/c01-10-bihar.xls,b00824a538230226,census-c01-extract-v1.1.0-20260527T234036Z,C0101,10,230,00000,000000,District - Patna,urban,jain,females,788
census-india-2011,sources/census-2011/c-series/state-mdds/c01-10-bihar.xls,b00824a538230226,census-c01-extract-v1.1.0-20260527T234036Z,C0101,10,230,00000,000000,District - Patna,urban,other,persons,163
census-india-2011,sources/census-2011/c-series/state-mdds/c01-10-bihar.xls,b00824a538230226,census-c01-extract-v1.1.0-20260527T234036Z,C0101,10,230,00000,000000,District - Patna,urban,other,males,79
census-india-2011,sources/census-2011/c-series/state-mdds/c01-10-bihar.xls,b00824a538230226,census-c01-extract-v1.1.0-20260527T234036Z,C0101,10,230,00000,000000,District - Patna,urban,other,females,84
census-india-2011,sources/census-2011/c-series/state-mdds/c01-10-bihar.xls,b00824a538230226,census-c01-extract-v1.1.0-20260527T234036Z,C0101,10,230,00000,000000,District - Patna,urban,not_stated,persons,11110
census-india-2011,sources/census-2011/c-series/state-mdds/c01-10-bihar.xls,b00824a538230226,census-c01-extract-v1.1.0-20260527T234036Z,C0101,10,230,00000,000000,District - Patna,urban,not_stated,males,5748
census-india-2011,sources/census-2011/c-series/state-mdds/c01-10-bihar.xls,b00824a538230226,census-c01-extract-v1.1.0-20260527T234036Z,C0101,10,230,00000,000000,District - Patna,urban,not_stated,females,5362
census-india-2011,sources/census-2011/c-series/state-mdds/c01-10-bihar.xls,b00824a538230226,census-c01-extract-v1.1.0-20260527T234036Z,C0101,10,231,00000,000000,District - Bhojpur,total,all,persons,2728407
census-india-2011,sources/census-2011/c-series/state-mdds/c01-10-bihar.xls,b00824a538230226,census-c01-extract-v1.1.0-20260527T234036Z,C0101,10,231,00000,000000,District - Bhojpur,total,all,males,1430380
census-india-2011,sources/census-2011/c-series/state-mdds/c01-10-bihar.xls,b00824a538230226,census-c01-extract-v1.1.0-20260527T234036Z,C0101,10,231,00000,000000,District - Bhojpur,total,all,females,1298027
census-india-2011,sources/census-2011/c-series/state-mdds/c01-10-bihar.xls,b00824a538230226,census-c01-extract-v1.1.0-20260527T234036Z,C0101,10,231,00000,000000,District - Bhojpur,total,hindu,persons,2518216
census-india-2011,sources/census-2011/c-series/state-mdds/c01-10-bihar.xls,b00824a538230226,census-c01-extract-v1.1.0-20260527T234036Z,C0101,10,231,00000,000000,District - Bhojpur,total,hindu,males,1321631
census-india-2011,sources/census-2011/c-series/state-mdds/c01-10-bihar.xls,b00824a538230226,census-c01-extract-v1.1.0-20260527T234036Z,C0101,10,231,00000,000000,District - Bhojpur,total,hindu,females,1196585
census-india-2011,sources/census-2011/c-series/state-mdds/c01-10-bihar.xls,b00824a538230226,census-c01-extract-v1.1.0-20260527T234036Z,C0101,10,231,00000,000000,District - Bhojpur,total,muslim,persons,197819
census-india-2011,sources/census-2011/c-series/state-mdds/c01-10-bihar.xls,b00824a538230226,census-c01-extract-v1.1.0-20260527T234036Z,C0101,10,231,00000,000000,District - Bhojpur,total,muslim,males,102282
census-india-2011,sources/census-2011/c-series/state-mdds/c01-10-bihar.xls,b00824a538230226,census-c01-extract-v1.1.0-20260527T234036Z,C0101,10,231,00000,000000,District - Bhojpur,total,muslim,females,95537
census-india-2011,sources/census-2011/c-series/state-mdds/c01-10-bihar.xls,b00824a538230226,census-c01-extract-v1.1.0-20260527T234036Z,C0101,10,231,00000,000000,District - Bhojpur,total,christian,persons,2165
census-india-2011,sources/census-2011/c-series/state-mdds/c01-10-bihar.xls,b00824a538230226,census-c01-extract-v1.1.0-20260527T234036Z,C0101,10,231,00000,000000,District - Bhojpur,total,christian,males,1111
census-india-2011,sources/census-2011/c-series/state-mdds/c01-10-bihar.xls,b00824a538230226,census-c01-extract-v1.1.0-20260527T234036Z,C0101,10,231,00000,000000,District - Bhojpur,total,christian,females,1054
census-india-2011,sources/census-2011/c-series/state-mdds/c01-10-bihar.xls,b00824a538230226,census-c01-extract-v1.1.0-20260527T234036Z,C0101,10,231,00000,000000,District - Bhojpur,total,sikh,persons,544
census-india-2011,sources/census-2011/c-series/state-mdds/c01-10-bihar.xls,b00824a538230226,census-c01-extract-v1.1.0-20260527T234036Z,C0101,10,231,00000,000000,District - Bhojpur,total,sikh,males,274
census-india-2011,sources/census-2011/c-series/state-mdds/c01-10-bihar.xls,b00824a538230226,census-c01-extract-v1.1.0-20260527T234036Z,C0101,10,231,00000,000000,District - Bhojpur,total,sikh,females,270
census-india-2011,sources/census-2011/c-series/state-mdds/c01-10-bihar.xls,b00824a538230226,census-c01-extract-v1.1.0-20260527T234036Z,C0101,10,231,00000,000000,District - Bhojpur,total,buddhist,persons,647
census-india-2011,sources/census-2011/c-series/state-mdds/c01-10-bihar.xls,b00824a538230226,census-c01-extract-v1.1.0-20260527T234036Z,C0101,10,231,00000,000000,District - Bhojpur,total,buddhist,males,333
census-india-2011,sources/census-2011/c-series/state-mdds/c01-10-bihar.xls,b00824a538230226,census-c01-extract-v1.1.0-20260527T234036Z,C0101,10,231,00000,000000,District - Bhojpur,total,buddhist,females,314
census-india-2011,sources/census-2011/c-series/state-mdds/c01-10-bihar.xls,b00824a538230226,census-c01-extract-v1.1.0-20260527T234036Z,C0101,10,231,00000,000000,District - Bhojpur,total,jain,persons,1472
census-india-2011,sources/census-2011/c-series/state-mdds/c01-10-bihar.xls,b00824a538230226,census-c01-extract-v1.1.0-20260527T234036Z,C0101,10,231,00000,000000,District - Bhojpur,total,jain,males,739
census-india-2011,sources/census-2011/c-series/state-mdds/c01-10-bihar.xls,b00824a538230226,census-c01-extract-v1.1.0-20260527T234036Z,C0101,10,231,00000,000000,District - Bhojpur,total,jain,females,733
census-india-2011,sources/census-2011/c-series/state-mdds/c01-10-bihar.xls,b00824a538230226,census-c01-extract-v1.1.0-20260527T234036Z,C0101,10,231,00000,000000,District - Bhojpur,total,other,persons,48
census-india-2011,sources/census-2011/c-series/state-mdds/c01-10-bihar.xls,b00824a538230226,census-c01-extract-v1.1.0-20260527T234036Z,C0101,10,231,00000,000000,District - Bhojpur,total,other,males,23
census-india-2011,sources/census-2011/c-series/state-mdds/c01-10-bihar.xls,b00824a538230226,census-c01-extract-v1.1.0-20260527T234036Z,C0101,10,231,00000,000000,District - Bhojpur,total,other,females,25
census-india-2011,sources/census-2011/c-series/state-mdds/c01-10-bihar.xls,b00824a538230226,census-c01-extract-v1.1.0-20260527T234036Z,C0101,10,231,00000,000000,District - Bhojpur,total,not_stated,persons,7496
census-india-2011,sources/census-2011/c-series/state-mdds/c01-10-bihar.xls,b00824a538230226,census-c01-extract-v1.1.0-20260527T234036Z,C0101,10,231,00000,000000,District - Bhojpur,total,not_stated,males,3987
census-india-2011,sources/census-2011/c-series/state-mdds/c01-10-bihar.xls,b00824a538230226,census-c01-extract-v1.1.0-20260527T234036Z,C0101,10,231,00000,000000,District - Bhojpur,total,not_stated,females,3509
census-india-2011,sources/census-2011/c-series/state-mdds/c01-10-bihar.xls,b00824a538230226,census-c01-extract-v1.1.0-20260527T234036Z,C0101,10,231,00000,000000,District - Bhojpur,rural,all,persons,2338546
census-india-2011,sources/census-2011/c-series/state-mdds/c01-10-bihar.xls,b00824a538230226,census-c01-extract-v1.1.0-20260527T234036Z,C0101,10,231,00000,000000,District - Bhojpur,rural,all,males,1224274
census-india-2011,sources/census-2011/c-series/state-mdds/c01-10-bihar.xls,b00824a538230226,census-c01-extract-v1.1.0-20260527T234036Z,C0101,10,231,00000,000000,District - Bhojpur,rural,all,females,1114272
census-india-2011,sources/census-2011/c-series/state-mdds/c01-10-bihar.xls,b00824a538230226,census-c01-extract-v1.1.0-20260527T234036Z,C0101,10,231,00000,000000,District - Bhojpur,rural,hindu,persons,2202804
census-india-2011,sources/census-2011/c-series/state-mdds/c01-10-bihar.xls,b00824a538230226,census-c01-extract-v1.1.0-20260527T234036Z,C0101,10,231,00000,000000,District - Bhojpur,rural,hindu,males,1154369
census-india-2011,sources/census-2011/c-series/state-mdds/c01-10-bihar.xls,b00824a538230226,census-c01-extract-v1.1.0-20260527T234036Z,C0101,10,231,00000,000000,District - Bhojpur,rural,hindu,females,1048435
census-india-2011,sources/census-2011/c-series/state-mdds/c01-10-bihar.xls,b00824a538230226,census-c01-extract-v1.1.0-20260527T234036Z,C0101,10,231,00000,000000,District - Bhojpur,rural,muslim,persons,126853
census-india-2011,sources/census-2011/c-series/state-mdds/c01-10-bihar.xls,b00824a538230226,census-c01-extract-v1.1.0-20260527T234036Z,C0101,10,231,00000,000000,District - Bhojpur,rural,muslim,males,65216
census-india-2011,sources/census-2011/c-series/state-mdds/c01-10-bihar.xls,b00824a538230226,census-c01-extract-v1.1.0-20260527T234036Z,C0101,10,231,00000,000000,District - Bhojpur,rural,muslim,females,61637
census-india-2011,sources/census-2011/c-series/state-mdds/c01-10-bihar.xls,b00824a538230226,census-c01-extract-v1.1.0-20260527T234036Z,C0101,10,231,00000,000000,District - Bhojpur,rural,christian,persons,1594
census-india-2011,sources/census-2011/c-series/state-mdds/c01-10-bihar.xls,b00824a538230226,census-c01-extract-v1.1.0-20260527T234036Z,C0101,10,231,00000,000000,District - Bhojpur,rural,christian,males,824
census-india-2011,sources/census-2011/c-series/state-mdds/c01-10-bihar.xls,b00824a538230226,census-c01-extract-v1.1.0-20260527T234036Z,C0101,10,231,00000,000000,District - Bhojpur,rural,christian,females,770
census-india-2011,sources/census-2011/c-series/state-mdds/c01-10-bihar.xls,b00824a538230226,census-c01-extract-v1.1.0-20260527T234036Z,C0101,10,231,00000,000000,District - Bhojpur,rural,sikh,persons,218
census-india-2011,sources/census-2011/c-series/state-mdds/c01-10-bihar.xls,b00824a538230226,census-c01-extract-v1.1.0-20260527T234036Z,C0101,10,231,00000,000000,District - Bhojpur,rural,sikh,males,101
census-india-2011,sources/census-2011/c-series/state-mdds/c01-10-bihar.xls,b00824a538230226,census-c01-extract-v1.1.0-20260527T234036Z,C0101,10,231,00000,000000,District - Bhojpur,rural,sikh,females,117
census-india-2011,sources/census-2011/c-series/state-mdds/c01-10-bihar.xls,b00824a538230226,census-c01-extract-v1.1.0-20260527T234036Z,C0101,10,231,00000,000000,District - Bhojpur,rural,buddhist,persons,533
census-india-2011,sources/census-2011/c-series/state-mdds/c01-10-bihar.xls,b00824a538230226,census-c01-extract-v1.1.0-20260527T234036Z,C0101,10,231,00000,000000,District - Bhojpur,rural,buddhist,males,270
census-india-2011,sources/census-2011/c-series/state-mdds/c01-10-bihar.xls,b00824a538230226,census-c01-extract-v1.1.0-20260527T234036Z,C0101,10,231,00000,000000,District - Bhojpur,rural,buddhist,females,263
census-india-2011,sources/census-2011/c-series/state-mdds/c01-10-bihar.xls,b00824a538230226,census-c01-extract-v1.1.0-20260527T234036Z,C0101,10,231,00000,000000,District - Bhojpur,rural,jain,persons,294
census-india-2011,sources/census-2011/c-series/state-mdds/c01-10-bihar.xls,b00824a538230226,census-c01-extract-v1.1.0-20260527T234036Z,C0101,10,231,00000,000000,District - Bhojpur,rural,jain,males,152
census-india-2011,sources/census-2011/c-series/state-mdds/c01-10-bihar.xls,b00824a538230226,census-c01-extract-v1.1.0-20260527T234036Z,C0101,10,231,00000,000000,District - Bhojpur,rural,jain,females,142
census-india-2011,sources/census-2011/c-series/state-mdds/c01-10-bihar.xls,b00824a538230226,census-c01-extract-v1.1.0-20260527T234036Z,C0101,10,231,00000,000000,District - Bhojpur,rural,other,persons,42
census-india-2011,sources/census-2011/c-series/state-mdds/c01-10-bihar.xls,b00824a538230226,census-c01-extract-v1.1.0-20260527T234036Z,C0101,10,231,00000,000000,District - Bhojpur,rural,other,males,20
census-india-2011,sources/census-2011/c-series/state-mdds/c01-10-bihar.xls,b00824a538230226,census-c01-extract-v1.1.0-20260527T234036Z,C0101,10,231,00000,000000,District - Bhojpur,rural,other,females,22
census-india-2011,sources/census-2011/c-series/state-mdds/c01-10-bihar.xls,b00824a538230226,census-c01-extract-v1.1.0-20260527T234036Z,C0101,10,231,00000,000000,District - Bhojpur,rural,not_stated,persons,6208
census-india-2011,sources/census-2011/c-series/state-mdds/c01-10-bihar.xls,b00824a538230226,census-c01-extract-v1.1.0-20260527T234036Z,C0101,10,231,00000,000000,District - Bhojpur,rural,not_stated,males,3322
census-india-2011,sources/census-2011/c-series/state-mdds/c01-10-bihar.xls,b00824a538230226,census-c01-extract-v1.1.0-20260527T234036Z,C0101,10,231,00000,000000,District - Bhojpur,rural,not_stated,females,2886
census-india-2011,sources/census-2011/c-series/state-mdds/c01-10-bihar.xls,b00824a538230226,census-c01-extract-v1.1.0-20260527T234036Z,C0101,10,231,00000,000000,District - Bhojpur,urban,all,persons,389861
census-india-2011,sources/census-2011/c-series/state-mdds/c01-10-bihar.xls,b00824a538230226,census-c01-extract-v1.1.0-20260527T234036Z,C0101,10,231,00000,000000,District - Bhojpur,urban,all,males,206106
census-india-2011,sources/census-2011/c-series/state-mdds/c01-10-bihar.xls,b00824a538230226,census-c01-extract-v1.1.0-20260527T234036Z,C0101,10,231,00000,000000,District - Bhojpur,urban,all,females,183755
census-india-2011,sources/census-2011/c-series/state-mdds/c01-10-bihar.xls,b00824a538230226,census-c01-extract-v1.1.0-20260527T234036Z,C0101,10,231,00000,000000,District - Bhojpur,urban,hindu,persons,315412
census-india-2011,sources/census-2011/c-series/state-mdds/c01-10-bihar.xls,b00824a538230226,census-c01-extract-v1.1.0-20260527T234036Z,C0101,10,231,00000,000000,District - Bhojpur,urban,hindu,males,167262
census-india-2011,sources/census-2011/c-series/state-mdds/c01-10-bihar.xls,b00824a538230226,census-c01-extract-v1.1.0-20260527T234036Z,C0101,10,231,00000,000000,District - Bhojpur,urban,hindu,females,148150
census-india-2011,sources/census-2011/c-series/state-mdds/c01-10-bihar.xls,b00824a538230226,census-c01-extract-v1.1.0-20260527T234036Z,C0101,10,231,00000,000000,District - Bhojpur,urban,muslim,persons,70966
census-india-2011,sources/census-2011/c-series/state-mdds/c01-10-bihar.xls,b00824a538230226,census-c01-extract-v1.1.0-20260527T234036Z,C0101,10,231,00000,000000,District - Bhojpur,urban,muslim,males,37066
census-india-2011,sources/census-2011/c-series/state-mdds/c01-10-bihar.xls,b00824a538230226,census-c01-extract-v1.1.0-20260527T234036Z,C0101,10,231,00000,000000,District - Bhojpur,urban,muslim,females,33900
census-india-2011,sources/census-2011/c-series/state-mdds/c01-10-bihar.xls,b00824a538230226,census-c01-extract-v1.1.0-20260527T234036Z,C0101,10,231,00000,000000,District - Bhojpur,urban,christian,persons,571
census-india-2011,sources/census-2011/c-series/state-mdds/c01-10-bihar.xls,b00824a538230226,census-c01-extract-v1.1.0-20260527T234036Z,C0101,10,231,00000,000000,District - Bhojpur,urban,christian,males,287
census-india-2011,sources/census-2011/c-series/state-mdds/c01-10-bihar.xls,b00824a538230226,census-c01-extract-v1.1.0-20260527T234036Z,C0101,10,231,00000,000000,District - Bhojpur,urban,christian,females,284
census-india-2011,sources/census-2011/c-series/state-mdds/c01-10-bihar.xls,b00824a538230226,census-c01-extract-v1.1.0-20260527T234036Z,C0101,10,231,00000,000000,District - Bhojpur,urban,sikh,persons,326
census-india-2011,sources/census-2011/c-series/state-mdds/c01-10-bihar.xls,b00824a538230226,census-c01-extract-v1.1.0-20260527T234036Z,C0101,10,231,00000,000000,District - Bhojpur,urban,sikh,males,173
census-india-2011,sources/census-2011/c-series/state-mdds/c01-10-bihar.xls,b00824a538230226,census-c01-extract-v1.1.0-20260527T234036Z,C0101,10,231,00000,000000,District - Bhojpur,urban,sikh,females,153
census-india-2011,sources/census-2011/c-series/state-mdds/c01-10-bihar.xls,b00824a538230226,census-c01-extract-v1.1.0-20260527T234036Z,C0101,10,231,00000,000000,District - Bhojpur,urban,buddhist,persons,114
census-india-2011,sources/census-2011/c-series/state-mdds/c01-10-bihar.xls,b00824a538230226,census-c01-extract-v1.1.0-20260527T234036Z,C0101,10,231,00000,000000,District - Bhojpur,urban,buddhist,males,63
census-india-2011,sources/census-2011/c-series/state-mdds/c01-10-bihar.xls,b00824a538230226,census-c01-extract-v1.1.0-20260527T234036Z,C0101,10,231,00000,000000,District - Bhojpur,urban,buddhist,females,51
census-india-2011,sources/census-2011/c-series/state-mdds/c01-10-bihar.xls,b00824a538230226,census-c01-extract-v1.1.0-20260527T234036Z,C0101,10,231,00000,000000,District - Bhojpur,urban,jain,persons,1178
census-india-2011,sources/census-2011/c-series/state-mdds/c01-10-bihar.xls,b00824a538230226,census-c01-extract-v1.1.0-20260527T234036Z,C0101,10,231,00000,000000,District - Bhojpur,urban,jain,males,587
census-india-2011,sources/census-2011/c-series/state-mdds/c01-10-bihar.xls,b00824a538230226,census-c01-extract-v1.1.0-20260527T234036Z,C0101,10,231,00000,000000,District - Bhojpur,urban,jain,females,591
census-india-2011,sources/census-2011/c-series/state-mdds/c01-10-bihar.xls,b00824a538230226,census-c01-extract-v1.1.0-20260527T234036Z,C0101,10,231,00000,000000,District - Bhojpur,urban,other,persons,6
census-india-2011,sources/census-2011/c-series/state-mdds/c01-10-bihar.xls,b00824a538230226,census-c01-extract-v1.1.0-20260527T234036Z,C0101,10,231,00000,000000,District - Bhojpur,urban,other,males,3
census-india-2011,sources/census-2011/c-series/state-mdds/c01-10-bihar.xls,b00824a538230226,census-c01-extract-v1.1.0-20260527T234036Z,C0101,10,231,00000,000000,District - Bhojpur,urban,other,females,3
census-india-2011,sources/census-2011/c-series/state-mdds/c01-10-bihar.xls,b00824a538230226,census-c01-extract-v1.1.0-20260527T234036Z,C0101,10,231,00000,000000,District - Bhojpur,urban,not_stated,persons,1288
census-india-2011,sources/census-2011/c-series/state-mdds/c01-10-bihar.xls,b00824a538230226,census-c01-extract-v1.1.0-20260527T234036Z,C0101,10,231,00000,000000,District - Bhojpur,urban,not_stated,males,665
census-india-2011,sources/census-2011/c-series/state-mdds/c01-10-bihar.xls,b00824a538230226,census-c01-extract-v1.1.0-20260527T234036Z,C0101,10,231,00000,000000,District - Bhojpur,urban,not_stated,females,623
census-india-2011,sources/census-2011/c-series/state-mdds/c01-10-bihar.xls,b00824a538230226,census-c01-extract-v1.1.0-20260527T234036Z,C0101,10,232,00000,000000,District - Buxar,total,all,persons,1706352
census-india-2011,sources/census-2011/c-series/state-mdds/c01-10-bihar.xls,b00824a538230226,census-c01-extract-v1.1.0-20260527T234036Z,C0101,10,232,00000,000000,District - Buxar,total,all,males,887977
census-india-2011,sources/census-2011/c-series/state-mdds/c01-10-bihar.xls,b00824a538230226,census-c01-extract-v1.1.0-20260527T234036Z,C0101,10,232,00000,000000,District - Buxar,total,all,females,818375
census-india-2011,sources/census-2011/c-series/state-mdds/c01-10-bihar.xls,b00824a538230226,census-c01-extract-v1.1.0-20260527T234036Z,C0101,10,232,00000,000000,District - Buxar,total,hindu,persons,1591454
census-india-2011,sources/census-2011/c-series/state-mdds/c01-10-bihar.xls,b00824a538230226,census-c01-extract-v1.1.0-20260527T234036Z,C0101,10,232,00000,000000,District - Buxar,total,hindu,males,828625
census-india-2011,sources/census-2011/c-series/state-mdds/c01-10-bihar.xls,b00824a538230226,census-c01-extract-v1.1.0-20260527T234036Z,C0101,10,232,00000,000000,District - Buxar,total,hindu,females,762829
census-india-2011,sources/census-2011/c-series/state-mdds/c01-10-bihar.xls,b00824a538230226,census-c01-extract-v1.1.0-20260527T234036Z,C0101,10,232,00000,000000,District - Buxar,total,muslim,persons,105423
census-india-2011,sources/census-2011/c-series/state-mdds/c01-10-bihar.xls,b00824a538230226,census-c01-extract-v1.1.0-20260527T234036Z,C0101,10,232,00000,000000,District - Buxar,total,muslim,males,54417
census-india-2011,sources/census-2011/c-series/state-mdds/c01-10-bihar.xls,b00824a538230226,census-c01-extract-v1.1.0-20260527T234036Z,C0101,10,232,00000,000000,District - Buxar,total,muslim,females,51006
census-india-2011,sources/census-2011/c-series/state-mdds/c01-10-bihar.xls,b00824a538230226,census-c01-extract-v1.1.0-20260527T234036Z,C0101,10,232,00000,000000,District - Buxar,total,christian,persons,2125
census-india-2011,sources/census-2011/c-series/state-mdds/c01-10-bihar.xls,b00824a538230226,census-c01-extract-v1.1.0-20260527T234036Z,C0101,10,232,00000,000000,District - Buxar,total,christian,males,1076
census-india-2011,sources/census-2011/c-series/state-mdds/c01-10-bihar.xls,b00824a538230226,census-c01-extract-v1.1.0-20260527T234036Z,C0101,10,232,00000,000000,District - Buxar,total,christian,females,1049
census-india-2011,sources/census-2011/c-series/state-mdds/c01-10-bihar.xls,b00824a538230226,census-c01-extract-v1.1.0-20260527T234036Z,C0101,10,232,00000,000000,District - Buxar,total,sikh,persons,248
census-india-2011,sources/census-2011/c-series/state-mdds/c01-10-bihar.xls,b00824a538230226,census-c01-extract-v1.1.0-20260527T234036Z,C0101,10,232,00000,000000,District - Buxar,total,sikh,males,124
census-india-2011,sources/census-2011/c-series/state-mdds/c01-10-bihar.xls,b00824a538230226,census-c01-extract-v1.1.0-20260527T234036Z,C0101,10,232,00000,000000,District - Buxar,total,sikh,females,124
census-india-2011,sources/census-2011/c-series/state-mdds/c01-10-bihar.xls,b00824a538230226,census-c01-extract-v1.1.0-20260527T234036Z,C0101,10,232,00000,000000,District - Buxar,total,buddhist,persons,5090
census-india-2011,sources/census-2011/c-series/state-mdds/c01-10-bihar.xls,b00824a538230226,census-c01-extract-v1.1.0-20260527T234036Z,C0101,10,232,00000,000000,District - Buxar,total,buddhist,males,2641
census-india-2011,sources/census-2011/c-series/state-mdds/c01-10-bihar.xls,b00824a538230226,census-c01-extract-v1.1.0-20260527T234036Z,C0101,10,232,00000,000000,District - Buxar,total,buddhist,females,2449
census-india-2011,sources/census-2011/c-series/state-mdds/c01-10-bihar.xls,b00824a538230226,census-c01-extract-v1.1.0-20260527T234036Z,C0101,10,232,00000,000000,District - Buxar,total,jain,persons,97
census-india-2011,sources/census-2011/c-series/state-mdds/c01-10-bihar.xls,b00824a538230226,census-c01-extract-v1.1.0-20260527T234036Z,C0101,10,232,00000,000000,District - Buxar,total,jain,males,58
census-india-2011,sources/census-2011/c-series/state-mdds/c01-10-bihar.xls,b00824a538230226,census-c01-extract-v1.1.0-20260527T234036Z,C0101,10,232,00000,000000,District - Buxar,total,jain,females,39
census-india-2011,sources/census-2011/c-series/state-mdds/c01-10-bihar.xls,b00824a538230226,census-c01-extract-v1.1.0-20260527T234036Z,C0101,10,232,00000,000000,District - Buxar,total,other,persons,57
census-india-2011,sources/census-2011/c-series/state-mdds/c01-10-bihar.xls,b00824a538230226,census-c01-extract-v1.1.0-20260527T234036Z,C0101,10,232,00000,000000,District - Buxar,total,other,males,29
census-india-2011,sources/census-2011/c-series/state-mdds/c01-10-bihar.xls,b00824a538230226,census-c01-extract-v1.1.0-20260527T234036Z,C0101,10,232,00000,000000,District - Buxar,total,other,females,28
census-india-2011,sources/census-2011/c-series/state-mdds/c01-10-bihar.xls,b00824a538230226,census-c01-extract-v1.1.0-20260527T234036Z,C0101,10,232,00000,000000,District - Buxar,total,not_stated,persons,1858
census-india-2011,sources/census-2011/c-series/state-mdds/c01-10-bihar.xls,b00824a538230226,census-c01-extract-v1.1.0-20260527T234036Z,C0101,10,232,00000,000000,District - Buxar,total,not_stated,males,1007
census-india-2011,sources/census-2011/c-series/state-mdds/c01-10-bihar.xls,b00824a538230226,census-c01-extract-v1.1.0-20260527T234036Z,C0101,10,232,00000,000000,District - Buxar,total,not_stated,females,851
census-india-2011,sources/census-2011/c-series/state-mdds/c01-10-bihar.xls,b00824a538230226,census-c01-extract-v1.1.0-20260527T234036Z,C0101,10,232,00000,000000,District - Buxar,rural,all,persons,1541853
census-india-2011,sources/census-2011/c-series/state-mdds/c01-10-bihar.xls,b00824a538230226,census-c01-extract-v1.1.0-20260527T234036Z,C0101,10,232,00000,000000,District - Buxar,rural,all,males,801086
census-india-2011,sources/census-2011/c-series/state-mdds/c01-10-bihar.xls,b00824a538230226,census-c01-extract-v1.1.0-20260527T234036Z,C0101,10,232,00000,000000,District - Buxar,rural,all,females,740767
census-india-2011,sources/census-2011/c-series/state-mdds/c01-10-bihar.xls,b00824a538230226,census-c01-extract-v1.1.0-20260527T234036Z,C0101,10,232,00000,000000,District - Buxar,rural,hindu,persons,1453734
census-india-2011,sources/census-2011/c-series/state-mdds/c01-10-bihar.xls,b00824a538230226,census-c01-extract-v1.1.0-20260527T234036Z,C0101,10,232,00000,000000,District - Buxar,rural,hindu,males,755663
census-india-2011,sources/census-2011/c-series/state-mdds/c01-10-bihar.xls,b00824a538230226,census-c01-extract-v1.1.0-20260527T234036Z,C0101,10,232,00000,000000,District - Buxar,rural,hindu,females,698071
census-india-2011,sources/census-2011/c-series/state-mdds/c01-10-bihar.xls,b00824a538230226,census-c01-extract-v1.1.0-20260527T234036Z,C0101,10,232,00000,000000,District - Buxar,rural,muslim,persons,79455
census-india-2011,sources/census-2011/c-series/state-mdds/c01-10-bihar.xls,b00824a538230226,census-c01-extract-v1.1.0-20260527T234036Z,C0101,10,232,00000,000000,District - Buxar,rural,muslim,males,40914
census-india-2011,sources/census-2011/c-series/state-mdds/c01-10-bihar.xls,b00824a538230226,census-c01-extract-v1.1.0-20260527T234036Z,C0101,10,232,00000,000000,District - Buxar,rural,muslim,females,38541
census-india-2011,sources/census-2011/c-series/state-mdds/c01-10-bihar.xls,b00824a538230226,census-c01-extract-v1.1.0-20260527T234036Z,C0101,10,232,00000,000000,District - Buxar,rural,christian,persons,1725
census-india-2011,sources/census-2011/c-series/state-mdds/c01-10-bihar.xls,b00824a538230226,census-c01-extract-v1.1.0-20260527T234036Z,C0101,10,232,00000,000000,District - Buxar,rural,christian,males,882
census-india-2011,sources/census-2011/c-series/state-mdds/c01-10-bihar.xls,b00824a538230226,census-c01-extract-v1.1.0-20260527T234036Z,C0101,10,232,00000,000000,District - Buxar,rural,christian,females,843
census-india-2011,sources/census-2011/c-series/state-mdds/c01-10-bihar.xls,b00824a538230226,census-c01-extract-v1.1.0-20260527T234036Z,C0101,10,232,00000,000000,District - Buxar,rural,sikh,persons,125
census-india-2011,sources/census-2011/c-series/state-mdds/c01-10-bihar.xls,b00824a538230226,census-c01-extract-v1.1.0-20260527T234036Z,C0101,10,232,00000,000000,District - Buxar,rural,sikh,males,59
census-india-2011,sources/census-2011/c-series/state-mdds/c01-10-bihar.xls,b00824a538230226,census-c01-extract-v1.1.0-20260527T234036Z,C0101,10,232,00000,000000,District - Buxar,rural,sikh,females,66
census-india-2011,sources/census-2011/c-series/state-mdds/c01-10-bihar.xls,b00824a538230226,census-c01-extract-v1.1.0-20260527T234036Z,C0101,10,232,00000,000000,District - Buxar,rural,buddhist,persons,5031
census-india-2011,sources/census-2011/c-series/state-mdds/c01-10-bihar.xls,b00824a538230226,census-c01-extract-v1.1.0-20260527T234036Z,C0101,10,232,00000,000000,District - Buxar,rural,buddhist,males,2605
census-india-2011,sources/census-2011/c-series/state-mdds/c01-10-bihar.xls,b00824a538230226,census-c01-extract-v1.1.0-20260527T234036Z,C0101,10,232,00000,000000,District - Buxar,rural,buddhist,females,2426
census-india-2011,sources/census-2011/c-series/state-mdds/c01-10-bihar.xls,b00824a538230226,census-c01-extract-v1.1.0-20260527T234036Z,C0101,10,232,00000,000000,District - Buxar,rural,jain,persons,84
census-india-2011,sources/census-2011/c-series/state-mdds/c01-10-bihar.xls,b00824a538230226,census-c01-extract-v1.1.0-20260527T234036Z,C0101,10,232,00000,000000,District - Buxar,rural,jain,males,52
census-india-2011,sources/census-2011/c-series/state-mdds/c01-10-bihar.xls,b00824a538230226,census-c01-extract-v1.1.0-20260527T234036Z,C0101,10,232,00000,000000,District - Buxar,rural,jain,females,32
census-india-2011,sources/census-2011/c-series/state-mdds/c01-10-bihar.xls,b00824a538230226,census-c01-extract-v1.1.0-20260527T234036Z,C0101,10,232,00000,000000,District - Buxar,rural,other,persons,51
census-india-2011,sources/census-2011/c-series/state-mdds/c01-10-bihar.xls,b00824a538230226,census-c01-extract-v1.1.0-20260527T234036Z,C0101,10,232,00000,000000,District - Buxar,rural,other,males,27
census-india-2011,sources/census-2011/c-series/state-mdds/c01-10-bihar.xls,b00824a538230226,census-c01-extract-v1.1.0-20260527T234036Z,C0101,10,232,00000,000000,District - Buxar,rural,other,females,24
census-india-2011,sources/census-2011/c-series/state-mdds/c01-10-bihar.xls,b00824a538230226,census-c01-extract-v1.1.0-20260527T234036Z,C0101,10,232,00000,000000,District - Buxar,rural,not_stated,persons,1648
census-india-2011,sources/census-2011/c-series/state-mdds/c01-10-bihar.xls,b00824a538230226,census-c01-extract-v1.1.0-20260527T234036Z,C0101,10,232,00000,000000,District - Buxar,rural,not_stated,males,884
census-india-2011,sources/census-2011/c-series/state-mdds/c01-10-bihar.xls,b00824a538230226,census-c01-extract-v1.1.0-20260527T234036Z,C0101,10,232,00000,000000,District - Buxar,rural,not_stated,females,764
census-india-2011,sources/census-2011/c-series/state-mdds/c01-10-bihar.xls,b00824a538230226,census-c01-extract-v1.1.0-20260527T234036Z,C0101,10,232,00000,000000,District - Buxar,urban,all,persons,164499
census-india-2011,sources/census-2011/c-series/state-mdds/c01-10-bihar.xls,b00824a538230226,census-c01-extract-v1.1.0-20260527T234036Z,C0101,10,232,00000,000000,District - Buxar,urban,all,males,86891
census-india-2011,sources/census-2011/c-series/state-mdds/c01-10-bihar.xls,b00824a538230226,census-c01-extract-v1.1.0-20260527T234036Z,C0101,10,232,00000,000000,District - Buxar,urban,all,females,77608
census-india-2011,sources/census-2011/c-series/state-mdds/c01-10-bihar.xls,b00824a538230226,census-c01-extract-v1.1.0-20260527T234036Z,C0101,10,232,00000,000000,District - Buxar,urban,hindu,persons,137720
census-india-2011,sources/census-2011/c-series/state-mdds/c01-10-bihar.xls,b00824a538230226,census-c01-extract-v1.1.0-20260527T234036Z,C0101,10,232,00000,000000,District - Buxar,urban,hindu,males,72962
census-india-2011,sources/census-2011/c-series/state-mdds/c01-10-bihar.xls,b00824a538230226,census-c01-extract-v1.1.0-20260527T234036Z,C0101,10,232,00000,000000,District - Buxar,urban,hindu,females,64758
census-india-2011,sources/census-2011/c-series/state-mdds/c01-10-bihar.xls,b00824a538230226,census-c01-extract-v1.1.0-20260527T234036Z,C0101,10,232,00000,000000,District - Buxar,urban,muslim,persons,25968
census-india-2011,sources/census-2011/c-series/state-mdds/c01-10-bihar.xls,b00824a538230226,census-c01-extract-v1.1.0-20260527T234036Z,C0101,10,232,00000,000000,District - Buxar,urban,muslim,males,13503
census-india-2011,sources/census-2011/c-series/state-mdds/c01-10-bihar.xls,b00824a538230226,census-c01-extract-v1.1.0-20260527T234036Z,C0101,10,232,00000,000000,District - Buxar,urban,muslim,females,12465
census-india-2011,sources/census-2011/c-series/state-mdds/c01-10-bihar.xls,b00824a538230226,census-c01-extract-v1.1.0-20260527T234036Z,C0101,10,232,00000,000000,District - Buxar,urban,christian,persons,400
census-india-2011,sources/census-2011/c-series/state-mdds/c01-10-bihar.xls,b00824a538230226,census-c01-extract-v1.1.0-20260527T234036Z,C0101,10,232,00000,000000,District - Buxar,urban,christian,males,194
census-india-2011,sources/census-2011/c-series/state-mdds/c01-10-bihar.xls,b00824a538230226,census-c01-extract-v1.1.0-20260527T234036Z,C0101,10,232,00000,000000,District - Buxar,urban,christian,females,206
census-india-2011,sources/census-2011/c-series/state-mdds/c01-10-bihar.xls,b00824a538230226,census-c01-extract-v1.1.0-20260527T234036Z,C0101,10,232,00000,000000,District - Buxar,urban,sikh,persons,123
census-india-2011,sources/census-2011/c-series/state-mdds/c01-10-bihar.xls,b00824a538230226,census-c01-extract-v1.1.0-20260527T234036Z,C0101,10,232,00000,000000,District - Buxar,urban,sikh,males,65
census-india-2011,sources/census-2011/c-series/state-mdds/c01-10-bihar.xls,b00824a538230226,census-c01-extract-v1.1.0-20260527T234036Z,C0101,10,232,00000,000000,District - Buxar,urban,sikh,females,58
census-india-2011,sources/census-2011/c-series/state-mdds/c01-10-bihar.xls,b00824a538230226,census-c01-extract-v1.1.0-20260527T234036Z,C0101,10,232,00000,000000,District - Buxar,urban,buddhist,persons,59
census-india-2011,sources/census-2011/c-series/state-mdds/c01-10-bihar.xls,b00824a538230226,census-c01-extract-v1.1.0-20260527T234036Z,C0101,10,232,00000,000000,District - Buxar,urban,buddhist,males,36
census-india-2011,sources/census-2011/c-series/state-mdds/c01-10-bihar.xls,b00824a538230226,census-c01-extract-v1.1.0-20260527T234036Z,C0101,10,232,00000,000000,District - Buxar,urban,buddhist,females,23
census-india-2011,sources/census-2011/c-series/state-mdds/c01-10-bihar.xls,b00824a538230226,census-c01-extract-v1.1.0-20260527T234036Z,C0101,10,232,00000,000000,District - Buxar,urban,jain,persons,13
census-india-2011,sources/census-2011/c-series/state-mdds/c01-10-bihar.xls,b00824a538230226,census-c01-extract-v1.1.0-20260527T234036Z,C0101,10,232,00000,000000,District - Buxar,urban,jain,males,6
census-india-2011,sources/census-2011/c-series/state-mdds/c01-10-bihar.xls,b00824a538230226,census-c01-extract-v1.1.0-20260527T234036Z,C0101,10,232,00000,000000,District - Buxar,urban,jain,females,7
census-india-2011,sources/census-2011/c-series/state-mdds/c01-10-bihar.xls,b00824a538230226,census-c01-extract-v1.1.0-20260527T234036Z,C0101,10,232,00000,000000,District - Buxar,urban,other,persons,6
census-india-2011,sources/census-2011/c-series/state-mdds/c01-10-bihar.xls,b00824a538230226,census-c01-extract-v1.1.0-20260527T234036Z,C0101,10,232,00000,000000,District - Buxar,urban,other,males,2
census-india-2011,sources/census-2011/c-series/state-mdds/c01-10-bihar.xls,b00824a538230226,census-c01-extract-v1.1.0-20260527T234036Z,C0101,10,232,00000,000000,District - Buxar,urban,other,females,4
census-india-2011,sources/census-2011/c-series/state-mdds/c01-10-bihar.xls,b00824a538230226,census-c01-extract-v1.1.0-20260527T234036Z,C0101,10,232,00000,000000,District - Buxar,urban,not_stated,persons,210
census-india-2011,sources/census-2011/c-series/state-mdds/c01-10-bihar.xls,b00824a538230226,census-c01-extract-v1.1.0-20260527T234036Z,C0101,10,232,00000,000000,District - Buxar,urban,not_stated,males,123
census-india-2011,sources/census-2011/c-series/state-mdds/c01-10-bihar.xls,b00824a538230226,census-c01-extract-v1.1.0-20260527T234036Z,C0101,10,232,00000,000000,District - Buxar,urban,not_stated,females,87
census-india-2011,sources/census-2011/c-series/state-mdds/c01-10-bihar.xls,b00824a538230226,census-c01-extract-v1.1.0-20260527T234036Z,C0101,10,233,00000,000000,District - Kaimur (Bhabua),total,all,persons,1626384
census-india-2011,sources/census-2011/c-series/state-mdds/c01-10-bihar.xls,b00824a538230226,census-c01-extract-v1.1.0-20260527T234036Z,C0101,10,233,00000,000000,District - Kaimur (Bhabua),total,all,males,847006
census-india-2011,sources/census-2011/c-series/state-mdds/c01-10-bihar.xls,b00824a538230226,census-c01-extract-v1.1.0-20260527T234036Z,C0101,10,233,00000,000000,District - Kaimur (Bhabua),total,all,females,779378
census-india-2011,sources/census-2011/c-series/state-mdds/c01-10-bihar.xls,b00824a538230226,census-c01-extract-v1.1.0-20260527T234036Z,C0101,10,233,00000,000000,District - Kaimur (Bhabua),total,hindu,persons,1456229
census-india-2011,sources/census-2011/c-series/state-mdds/c01-10-bihar.xls,b00824a538230226,census-c01-extract-v1.1.0-20260527T234036Z,C0101,10,233,00000,000000,District - Kaimur (Bhabua),total,hindu,males,759188
census-india-2011,sources/census-2011/c-series/state-mdds/c01-10-bihar.xls,b00824a538230226,census-c01-extract-v1.1.0-20260527T234036Z,C0101,10,233,00000,000000,District - Kaimur (Bhabua),total,hindu,females,697041
census-india-2011,sources/census-2011/c-series/state-mdds/c01-10-bihar.xls,b00824a538230226,census-c01-extract-v1.1.0-20260527T234036Z,C0101,10,233,00000,000000,District - Kaimur (Bhabua),total,muslim,persons,155283
census-india-2011,sources/census-2011/c-series/state-mdds/c01-10-bihar.xls,b00824a538230226,census-c01-extract-v1.1.0-20260527T234036Z,C0101,10,233,00000,000000,District - Kaimur (Bhabua),total,muslim,males,80069
census-india-2011,sources/census-2011/c-series/state-mdds/c01-10-bihar.xls,b00824a538230226,census-c01-extract-v1.1.0-20260527T234036Z,C0101,10,233,00000,000000,District - Kaimur (Bhabua),total,muslim,females,75214
census-india-2011,sources/census-2011/c-series/state-mdds/c01-10-bihar.xls,b00824a538230226,census-c01-extract-v1.1.0-20260527T234036Z,C0101,10,233,00000,000000,District - Kaimur (Bhabua),total,christian,persons,1407
census-india-2011,sources/census-2011/c-series/state-mdds/c01-10-bihar.xls,b00824a538230226,census-c01-extract-v1.1.0-20260527T234036Z,C0101,10,233,00000,000000,District - Kaimur (Bhabua),total,christian,males,732
census-india-2011,sources/census-2011/c-series/state-mdds/c01-10-bihar.xls,b00824a538230226,census-c01-extract-v1.1.0-20260527T234036Z,C0101,10,233,00000,000000,District - Kaimur (Bhabua),total,christian,females,675
census-india-2011,sources/census-2011/c-series/state-mdds/c01-10-bihar.xls,b00824a538230226,census-c01-extract-v1.1.0-20260527T234036Z,C0101,10,233,00000,000000,District - Kaimur (Bhabua),total,sikh,persons,296
census-india-2011,sources/census-2011/c-series/state-mdds/c01-10-bihar.xls,b00824a538230226,census-c01-extract-v1.1.0-20260527T234036Z,C0101,10,233,00000,000000,District - Kaimur (Bhabua),total,sikh,males,157
census-india-2011,sources/census-2011/c-series/state-mdds/c01-10-bihar.xls,b00824a538230226,census-c01-extract-v1.1.0-20260527T234036Z,C0101,10,233,00000,000000,District - Kaimur (Bhabua),total,sikh,females,139
census-india-2011,sources/census-2011/c-series/state-mdds/c01-10-bihar.xls,b00824a538230226,census-c01-extract-v1.1.0-20260527T234036Z,C0101,10,233,00000,000000,District - Kaimur (Bhabua),total,buddhist,persons,7707
census-india-2011,sources/census-2011/c-series/state-mdds/c01-10-bihar.xls,b00824a538230226,census-c01-extract-v1.1.0-20260527T234036Z,C0101,10,233,00000,000000,District - Kaimur (Bhabua),total,buddhist,males,4019
census-india-2011,sources/census-2011/c-series/state-mdds/c01-10-bihar.xls,b00824a538230226,census-c01-extract-v1.1.0-20260527T234036Z,C0101,10,233,00000,000000,District - Kaimur (Bhabua),total,buddhist,females,3688
census-india-2011,sources/census-2011/c-series/state-mdds/c01-10-bihar.xls,b00824a538230226,census-c01-extract-v1.1.0-20260527T234036Z,C0101,10,233,00000,000000,District - Kaimur (Bhabua),total,jain,persons,129
census-india-2011,sources/census-2011/c-series/state-mdds/c01-10-bihar.xls,b00824a538230226,census-c01-extract-v1.1.0-20260527T234036Z,C0101,10,233,00000,000000,District - Kaimur (Bhabua),total,jain,males,69
census-india-2011,sources/census-2011/c-series/state-mdds/c01-10-bihar.xls,b00824a538230226,census-c01-extract-v1.1.0-20260527T234036Z,C0101,10,233,00000,000000,District - Kaimur (Bhabua),total,jain,females,60
census-india-2011,sources/census-2011/c-series/state-mdds/c01-10-bihar.xls,b00824a538230226,census-c01-extract-v1.1.0-20260527T234036Z,C0101,10,233,00000,000000,District - Kaimur (Bhabua),total,other,persons,1534
census-india-2011,sources/census-2011/c-series/state-mdds/c01-10-bihar.xls,b00824a538230226,census-c01-extract-v1.1.0-20260527T234036Z,C0101,10,233,00000,000000,District - Kaimur (Bhabua),total,other,males,782
census-india-2011,sources/census-2011/c-series/state-mdds/c01-10-bihar.xls,b00824a538230226,census-c01-extract-v1.1.0-20260527T234036Z,C0101,10,233,00000,000000,District - Kaimur (Bhabua),total,other,females,752
census-india-2011,sources/census-2011/c-series/state-mdds/c01-10-bihar.xls,b00824a538230226,census-c01-extract-v1.1.0-20260527T234036Z,C0101,10,233,00000,000000,District - Kaimur (Bhabua),total,not_stated,persons,3799
census-india-2011,sources/census-2011/c-series/state-mdds/c01-10-bihar.xls,b00824a538230226,census-c01-extract-v1.1.0-20260527T234036Z,C0101,10,233,00000,000000,District - Kaimur (Bhabua),total,not_stated,males,1990
census-india-2011,sources/census-2011/c-series/state-mdds/c01-10-bihar.xls,b00824a538230226,census-c01-extract-v1.1.0-20260527T234036Z,C0101,10,233,00000,000000,District - Kaimur (Bhabua),total,not_stated,females,1809
census-india-2011,sources/census-2011/c-series/state-mdds/c01-10-bihar.xls,b00824a538230226,census-c01-extract-v1.1.0-20260527T234036Z,C0101,10,233,00000,000000,District - Kaimur (Bhabua),rural,all,persons,1560813
census-india-2011,sources/census-2011/c-series/state-mdds/c01-10-bihar.xls,b00824a538230226,census-c01-extract-v1.1.0-20260527T234036Z,C0101,10,233,00000,000000,District - Kaimur (Bhabua),rural,all,males,812298
census-india-2011,sources/census-2011/c-series/state-mdds/c01-10-bihar.xls,b00824a538230226,census-c01-extract-v1.1.0-20260527T234036Z,C0101,10,233,00000,000000,District - Kaimur (Bhabua),rural,all,females,748515
census-india-2011,sources/census-2011/c-series/state-mdds/c01-10-bihar.xls,b00824a538230226,census-c01-extract-v1.1.0-20260527T234036Z,C0101,10,233,00000,000000,District - Kaimur (Bhabua),rural,hindu,persons,1403706
census-india-2011,sources/census-2011/c-series/state-mdds/c01-10-bihar.xls,b00824a538230226,census-c01-extract-v1.1.0-20260527T234036Z,C0101,10,233,00000,000000,District - Kaimur (Bhabua),rural,hindu,males,731371
census-india-2011,sources/census-2011/c-series/state-mdds/c01-10-bihar.xls,b00824a538230226,census-c01-extract-v1.1.0-20260527T234036Z,C0101,10,233,00000,000000,District - Kaimur (Bhabua),rural,hindu,females,672335
census-india-2011,sources/census-2011/c-series/state-mdds/c01-10-bihar.xls,b00824a538230226,census-c01-extract-v1.1.0-20260527T234036Z,C0101,10,233,00000,000000,District - Kaimur (Bhabua),rural,muslim,persons,142437
census-india-2011,sources/census-2011/c-series/state-mdds/c01-10-bihar.xls,b00824a538230226,census-c01-extract-v1.1.0-20260527T234036Z,C0101,10,233,00000,000000,District - Kaimur (Bhabua),rural,muslim,males,73287
census-india-2011,sources/census-2011/c-series/state-mdds/c01-10-bihar.xls,b00824a538230226,census-c01-extract-v1.1.0-20260527T234036Z,C0101,10,233,00000,000000,District - Kaimur (Bhabua),rural,muslim,females,69150
census-india-2011,sources/census-2011/c-series/state-mdds/c01-10-bihar.xls,b00824a538230226,census-c01-extract-v1.1.0-20260527T234036Z,C0101,10,233,00000,000000,District - Kaimur (Bhabua),rural,christian,persons,1327
census-india-2011,sources/census-2011/c-series/state-mdds/c01-10-bihar.xls,b00824a538230226,census-c01-extract-v1.1.0-20260527T234036Z,C0101,10,233,00000,000000,District - Kaimur (Bhabua),rural,christian,males,686
census-india-2011,sources/census-2011/c-series/state-mdds/c01-10-bihar.xls,b00824a538230226,census-c01-extract-v1.1.0-20260527T234036Z,C0101,10,233,00000,000000,District - Kaimur (Bhabua),rural,christian,females,641
census-india-2011,sources/census-2011/c-series/state-mdds/c01-10-bihar.xls,b00824a538230226,census-c01-extract-v1.1.0-20260527T234036Z,C0101,10,233,00000,000000,District - Kaimur (Bhabua),rural,sikh,persons,287
census-india-2011,sources/census-2011/c-series/state-mdds/c01-10-bihar.xls,b00824a538230226,census-c01-extract-v1.1.0-20260527T234036Z,C0101,10,233,00000,000000,District - Kaimur (Bhabua),rural,sikh,males,155
census-india-2011,sources/census-2011/c-series/state-mdds/c01-10-bihar.xls,b00824a538230226,census-c01-extract-v1.1.0-20260527T234036Z,C0101,10,233,00000,000000,District - Kaimur (Bhabua),rural,sikh,females,132
census-india-2011,sources/census-2011/c-series/state-mdds/c01-10-bihar.xls,b00824a538230226,census-c01-extract-v1.1.0-20260527T234036Z,C0101,10,233,00000,000000,District - Kaimur (Bhabua),rural,buddhist,persons,7675
census-india-2011,sources/census-2011/c-series/state-mdds/c01-10-bihar.xls,b00824a538230226,census-c01-extract-v1.1.0-20260527T234036Z,C0101,10,233,00000,000000,District - Kaimur (Bhabua),rural,buddhist,males,4000
census-india-2011,sources/census-2011/c-series/state-mdds/c01-10-bihar.xls,b00824a538230226,census-c01-extract-v1.1.0-20260527T234036Z,C0101,10,233,00000,000000,District - Kaimur (Bhabua),rural,buddhist,females,3675
census-india-2011,sources/census-2011/c-series/state-mdds/c01-10-bihar.xls,b00824a538230226,census-c01-extract-v1.1.0-20260527T234036Z,C0101,10,233,00000,000000,District - Kaimur (Bhabua),rural,jain,persons,125
census-india-2011,sources/census-2011/c-series/state-mdds/c01-10-bihar.xls,b00824a538230226,census-c01-extract-v1.1.0-20260527T234036Z,C0101,10,233,00000,000000,District - Kaimur (Bhabua),rural,jain,males,65
census-india-2011,sources/census-2011/c-series/state-mdds/c01-10-bihar.xls,b00824a538230226,census-c01-extract-v1.1.0-20260527T234036Z,C0101,10,233,00000,000000,District - Kaimur (Bhabua),rural,jain,females,60
census-india-2011,sources/census-2011/c-series/state-mdds/c01-10-bihar.xls,b00824a538230226,census-c01-extract-v1.1.0-20260527T234036Z,C0101,10,233,00000,000000,District - Kaimur (Bhabua),rural,other,persons,1532
census-india-2011,sources/census-2011/c-series/state-mdds/c01-10-bihar.xls,b00824a538230226,census-c01-extract-v1.1.0-20260527T234036Z,C0101,10,233,00000,000000,District - Kaimur (Bhabua),rural,other,males,781
census-india-2011,sources/census-2011/c-series/state-mdds/c01-10-bihar.xls,b00824a538230226,census-c01-extract-v1.1.0-20260527T234036Z,C0101,10,233,00000,000000,District - Kaimur (Bhabua),rural,other,females,751
census-india-2011,sources/census-2011/c-series/state-mdds/c01-10-bihar.xls,b00824a538230226,census-c01-extract-v1.1.0-20260527T234036Z,C0101,10,233,00000,000000,District - Kaimur (Bhabua),rural,not_stated,persons,3724
census-india-2011,sources/census-2011/c-series/state-mdds/c01-10-bihar.xls,b00824a538230226,census-c01-extract-v1.1.0-20260527T234036Z,C0101,10,233,00000,000000,District - Kaimur (Bhabua),rural,not_stated,males,1953
census-india-2011,sources/census-2011/c-series/state-mdds/c01-10-bihar.xls,b00824a538230226,census-c01-extract-v1.1.0-20260527T234036Z,C0101,10,233,00000,000000,District - Kaimur (Bhabua),rural,not_stated,females,1771
census-india-2011,sources/census-2011/c-series/state-mdds/c01-10-bihar.xls,b00824a538230226,census-c01-extract-v1.1.0-20260527T234036Z,C0101,10,233,00000,000000,District - Kaimur (Bhabua),urban,all,persons,65571
census-india-2011,sources/census-2011/c-series/state-mdds/c01-10-bihar.xls,b00824a538230226,census-c01-extract-v1.1.0-20260527T234036Z,C0101,10,233,00000,000000,District - Kaimur (Bhabua),urban,all,males,34708
census-india-2011,sources/census-2011/c-series/state-mdds/c01-10-bihar.xls,b00824a538230226,census-c01-extract-v1.1.0-20260527T234036Z,C0101,10,233,00000,000000,District - Kaimur (Bhabua),urban,all,females,30863
census-india-2011,sources/census-2011/c-series/state-mdds/c01-10-bihar.xls,b00824a538230226,census-c01-extract-v1.1.0-20260527T234036Z,C0101,10,233,00000,000000,District - Kaimur (Bhabua),urban,hindu,persons,52523
census-india-2011,sources/census-2011/c-series/state-mdds/c01-10-bihar.xls,b00824a538230226,census-c01-extract-v1.1.0-20260527T234036Z,C0101,10,233,00000,000000,District - Kaimur (Bhabua),urban,hindu,males,27817
census-india-2011,sources/census-2011/c-series/state-mdds/c01-10-bihar.xls,b00824a538230226,census-c01-extract-v1.1.0-20260527T234036Z,C0101,10,233,00000,000000,District - Kaimur (Bhabua),urban,hindu,females,24706
census-india-2011,sources/census-2011/c-series/state-mdds/c01-10-bihar.xls,b00824a538230226,census-c01-extract-v1.1.0-20260527T234036Z,C0101,10,233,00000,000000,District - Kaimur (Bhabua),urban,muslim,persons,12846
census-india-2011,sources/census-2011/c-series/state-mdds/c01-10-bihar.xls,b00824a538230226,census-c01-extract-v1.1.0-20260527T234036Z,C0101,10,233,00000,000000,District - Kaimur (Bhabua),urban,muslim,males,6782
census-india-2011,sources/census-2011/c-series/state-mdds/c01-10-bihar.xls,b00824a538230226,census-c01-extract-v1.1.0-20260527T234036Z,C0101,10,233,00000,000000,District - Kaimur (Bhabua),urban,muslim,females,6064
census-india-2011,sources/census-2011/c-series/state-mdds/c01-10-bihar.xls,b00824a538230226,census-c01-extract-v1.1.0-20260527T234036Z,C0101,10,233,00000,000000,District - Kaimur (Bhabua),urban,christian,persons,80
census-india-2011,sources/census-2011/c-series/state-mdds/c01-10-bihar.xls,b00824a538230226,census-c01-extract-v1.1.0-20260527T234036Z,C0101,10,233,00000,000000,District - Kaimur (Bhabua),urban,christian,males,46
census-india-2011,sources/census-2011/c-series/state-mdds/c01-10-bihar.xls,b00824a538230226,census-c01-extract-v1.1.0-20260527T234036Z,C0101,10,233,00000,000000,District - Kaimur (Bhabua),urban,christian,females,34
census-india-2011,sources/census-2011/c-series/state-mdds/c01-10-bihar.xls,b00824a538230226,census-c01-extract-v1.1.0-20260527T234036Z,C0101,10,233,00000,000000,District - Kaimur (Bhabua),urban,sikh,persons,9
census-india-2011,sources/census-2011/c-series/state-mdds/c01-10-bihar.xls,b00824a538230226,census-c01-extract-v1.1.0-20260527T234036Z,C0101,10,233,00000,000000,District - Kaimur (Bhabua),urban,sikh,males,2
census-india-2011,sources/census-2011/c-series/state-mdds/c01-10-bihar.xls,b00824a538230226,census-c01-extract-v1.1.0-20260527T234036Z,C0101,10,233,00000,000000,District - Kaimur (Bhabua),urban,sikh,females,7
census-india-2011,sources/census-2011/c-series/state-mdds/c01-10-bihar.xls,b00824a538230226,census-c01-extract-v1.1.0-20260527T234036Z,C0101,10,233,00000,000000,District - Kaimur (Bhabua),urban,buddhist,persons,32
census-india-2011,sources/census-2011/c-series/state-mdds/c01-10-bihar.xls,b00824a538230226,census-c01-extract-v1.1.0-20260527T234036Z,C0101,10,233,00000,000000,District - Kaimur (Bhabua),urban,buddhist,males,19
census-india-2011,sources/census-2011/c-series/state-mdds/c01-10-bihar.xls,b00824a538230226,census-c01-extract-v1.1.0-20260527T234036Z,C0101,10,233,00000,000000,District - Kaimur (Bhabua),urban,buddhist,females,13
census-india-2011,sources/census-2011/c-series/state-mdds/c01-10-bihar.xls,b00824a538230226,census-c01-extract-v1.1.0-20260527T234036Z,C0101,10,233,00000,000000,District - Kaimur (Bhabua),urban,jain,persons,4
census-india-2011,sources/census-2011/c-series/state-mdds/c01-10-bihar.xls,b00824a538230226,census-c01-extract-v1.1.0-20260527T234036Z,C0101,10,233,00000,000000,District - Kaimur (Bhabua),urban,jain,males,4
census-india-2011,sources/census-2011/c-series/state-mdds/c01-10-bihar.xls,b00824a538230226,census-c01-extract-v1.1.0-20260527T234036Z,C0101,10,233,00000,000000,District - Kaimur (Bhabua),urban,jain,females,0
census-india-2011,sources/census-2011/c-series/state-mdds/c01-10-bihar.xls,b00824a538230226,census-c01-extract-v1.1.0-20260527T234036Z,C0101,10,233,00000,000000,District - Kaimur (Bhabua),urban,other,persons,2
census-india-2011,sources/census-2011/c-series/state-mdds/c01-10-bihar.xls,b00824a538230226,census-c01-extract-v1.1.0-20260527T234036Z,C0101,10,233,00000,000000,District - Kaimur (Bhabua),urban,other,males,1
census-india-2011,sources/census-2011/c-series/state-mdds/c01-10-bihar.xls,b00824a538230226,census-c01-extract-v1.1.0-20260527T234036Z,C0101,10,233,00000,000000,District - Kaimur (Bhabua),urban,other,females,1
census-india-2011,sources/census-2011/c-series/state-mdds/c01-10-bihar.xls,b00824a538230226,census-c01-extract-v1.1.0-20260527T234036Z,C0101,10,233,00000,000000,District - Kaimur (Bhabua),urban,not_stated,persons,75
census-india-2011,sources/census-2011/c-series/state-mdds/c01-10-bihar.xls,b00824a538230226,census-c01-extract-v1.1.0-20260527T234036Z,C0101,10,233,00000,000000,District - Kaimur (Bhabua),urban,not_stated,males,37
census-india-2011,sources/census-2011/c-series/state-mdds/c01-10-bihar.xls,b00824a538230226,census-c01-extract-v1.1.0-20260527T234036Z,C0101,10,233,00000,000000,District - Kaimur (Bhabua),urban,not_stated,females,38
census-india-2011,sources/census-2011/c-series/state-mdds/c01-10-bihar.xls,b00824a538230226,census-c01-extract-v1.1.0-20260527T234036Z,C0101,10,234,00000,000000,District - Rohtas,total,all,persons,2959918
census-india-2011,sources/census-2011/c-series/state-mdds/c01-10-bihar.xls,b00824a538230226,census-c01-extract-v1.1.0-20260527T234036Z,C0101,10,234,00000,000000,District - Rohtas,total,all,males,1543546
census-india-2011,sources/census-2011/c-series/state-mdds/c01-10-bihar.xls,b00824a538230226,census-c01-extract-v1.1.0-20260527T234036Z,C0101,10,234,00000,000000,District - Rohtas,total,all,females,1416372
census-india-2011,sources/census-2011/c-series/state-mdds/c01-10-bihar.xls,b00824a538230226,census-c01-extract-v1.1.0-20260527T234036Z,C0101,10,234,00000,000000,District - Rohtas,total,hindu,persons,2645415
census-india-2011,sources/census-2011/c-series/state-mdds/c01-10-bihar.xls,b00824a538230226,census-c01-extract-v1.1.0-20260527T234036Z,C0101,10,234,00000,000000,District - Rohtas,total,hindu,males,1381155
census-india-2011,sources/census-2011/c-series/state-mdds/c01-10-bihar.xls,b00824a538230226,census-c01-extract-v1.1.0-20260527T234036Z,C0101,10,234,00000,000000,District - Rohtas,total,hindu,females,1264260
census-india-2011,sources/census-2011/c-series/state-mdds/c01-10-bihar.xls,b00824a538230226,census-c01-extract-v1.1.0-20260527T234036Z,C0101,10,234,00000,000000,District - Rohtas,total,muslim,persons,300487
census-india-2011,sources/census-2011/c-series/state-mdds/c01-10-bihar.xls,b00824a538230226,census-c01-extract-v1.1.0-20260527T234036Z,C0101,10,234,00000,000000,District - Rohtas,total,muslim,males,155104
census-india-2011,sources/census-2011/c-series/state-mdds/c01-10-bihar.xls,b00824a538230226,census-c01-extract-v1.1.0-20260527T234036Z,C0101,10,234,00000,000000,District - Rohtas,total,muslim,females,145383
census-india-2011,sources/census-2011/c-series/state-mdds/c01-10-bihar.xls,b00824a538230226,census-c01-extract-v1.1.0-20260527T234036Z,C0101,10,234,00000,000000,District - Rohtas,total,christian,persons,2889
census-india-2011,sources/census-2011/c-series/state-mdds/c01-10-bihar.xls,b00824a538230226,census-c01-extract-v1.1.0-20260527T234036Z,C0101,10,234,00000,000000,District - Rohtas,total,christian,males,1472
census-india-2011,sources/census-2011/c-series/state-mdds/c01-10-bihar.xls,b00824a538230226,census-c01-extract-v1.1.0-20260527T234036Z,C0101,10,234,00000,000000,District - Rohtas,total,christian,females,1417
census-india-2011,sources/census-2011/c-series/state-mdds/c01-10-bihar.xls,b00824a538230226,census-c01-extract-v1.1.0-20260527T234036Z,C0101,10,234,00000,000000,District - Rohtas,total,sikh,persons,2569
census-india-2011,sources/census-2011/c-series/state-mdds/c01-10-bihar.xls,b00824a538230226,census-c01-extract-v1.1.0-20260527T234036Z,C0101,10,234,00000,000000,District - Rohtas,total,sikh,males,1354
census-india-2011,sources/census-2011/c-series/state-mdds/c01-10-bihar.xls,b00824a538230226,census-c01-extract-v1.1.0-20260527T234036Z,C0101,10,234,00000,000000,District - Rohtas,total,sikh,females,1215
census-india-2011,sources/census-2011/c-series/state-mdds/c01-10-bihar.xls,b00824a538230226,census-c01-extract-v1.1.0-20260527T234036Z,C0101,10,234,00000,000000,District - Rohtas,total,buddhist,persons,1584
census-india-2011,sources/census-2011/c-series/state-mdds/c01-10-bihar.xls,b00824a538230226,census-c01-extract-v1.1.0-20260527T234036Z,C0101,10,234,00000,000000,District - Rohtas,total,buddhist,males,820
census-india-2011,sources/census-2011/c-series/state-mdds/c01-10-bihar.xls,b00824a538230226,census-c01-extract-v1.1.0-20260527T234036Z,C0101,10,234,00000,000000,District - Rohtas,total,buddhist,females,764
census-india-2011,sources/census-2011/c-series/state-mdds/c01-10-bihar.xls,b00824a538230226,census-c01-extract-v1.1.0-20260527T234036Z,C0101,10,234,00000,000000,District - Rohtas,total,jain,persons,252
census-india-2011,sources/census-2011/c-series/state-mdds/c01-10-bihar.xls,b00824a538230226,census-c01-extract-v1.1.0-20260527T234036Z,C0101,10,234,00000,000000,District - Rohtas,total,jain,males,118
census-india-2011,sources/census-2011/c-series/state-mdds/c01-10-bihar.xls,b00824a538230226,census-c01-extract-v1.1.0-20260527T234036Z,C0101,10,234,00000,000000,District - Rohtas,total,jain,females,134
census-india-2011,sources/census-2011/c-series/state-mdds/c01-10-bihar.xls,b00824a538230226,census-c01-extract-v1.1.0-20260527T234036Z,C0101,10,234,00000,000000,District - Rohtas,total,other,persons,537
census-india-2011,sources/census-2011/c-series/state-mdds/c01-10-bihar.xls,b00824a538230226,census-c01-extract-v1.1.0-20260527T234036Z,C0101,10,234,00000,000000,District - Rohtas,total,other,males,283
census-india-2011,sources/census-2011/c-series/state-mdds/c01-10-bihar.xls,b00824a538230226,census-c01-extract-v1.1.0-20260527T234036Z,C0101,10,234,00000,000000,District - Rohtas,total,other,females,254
census-india-2011,sources/census-2011/c-series/state-mdds/c01-10-bihar.xls,b00824a538230226,census-c01-extract-v1.1.0-20260527T234036Z,C0101,10,234,00000,000000,District - Rohtas,total,not_stated,persons,6185
census-india-2011,sources/census-2011/c-series/state-mdds/c01-10-bihar.xls,b00824a538230226,census-c01-extract-v1.1.0-20260527T234036Z,C0101,10,234,00000,000000,District - Rohtas,total,not_stated,males,3240
census-india-2011,sources/census-2011/c-series/state-mdds/c01-10-bihar.xls,b00824a538230226,census-c01-extract-v1.1.0-20260527T234036Z,C0101,10,234,00000,000000,District - Rohtas,total,not_stated,females,2945
census-india-2011,sources/census-2011/c-series/state-mdds/c01-10-bihar.xls,b00824a538230226,census-c01-extract-v1.1.0-20260527T234036Z,C0101,10,234,00000,000000,District - Rohtas,rural,all,persons,2532153
census-india-2011,sources/census-2011/c-series/state-mdds/c01-10-bihar.xls,b00824a538230226,census-c01-extract-v1.1.0-20260527T234036Z,C0101,10,234,00000,000000,District - Rohtas,rural,all,males,1318276
census-india-2011,sources/census-2011/c-series/state-mdds/c01-10-bihar.xls,b00824a538230226,census-c01-extract-v1.1.0-20260527T234036Z,C0101,10,234,00000,000000,District - Rohtas,rural,all,females,1213877
census-india-2011,sources/census-2011/c-series/state-mdds/c01-10-bihar.xls,b00824a538230226,census-c01-extract-v1.1.0-20260527T234036Z,C0101,10,234,00000,000000,District - Rohtas,rural,hindu,persons,2318349
census-india-2011,sources/census-2011/c-series/state-mdds/c01-10-bihar.xls,b00824a538230226,census-c01-extract-v1.1.0-20260527T234036Z,C0101,10,234,00000,000000,District - Rohtas,rural,hindu,males,1208276
census-india-2011,sources/census-2011/c-series/state-mdds/c01-10-bihar.xls,b00824a538230226,census-c01-extract-v1.1.0-20260527T234036Z,C0101,10,234,00000,000000,District - Rohtas,rural,hindu,females,1110073
census-india-2011,sources/census-2011/c-series/state-mdds/c01-10-bihar.xls,b00824a538230226,census-c01-extract-v1.1.0-20260527T234036Z,C0101,10,234,00000,000000,District - Rohtas,rural,muslim,persons,203758
census-india-2011,sources/census-2011/c-series/state-mdds/c01-10-bihar.xls,b00824a538230226,census-c01-extract-v1.1.0-20260527T234036Z,C0101,10,234,00000,000000,District - Rohtas,rural,muslim,males,104794
census-india-2011,sources/census-2011/c-series/state-mdds/c01-10-bihar.xls,b00824a538230226,census-c01-extract-v1.1.0-20260527T234036Z,C0101,10,234,00000,000000,District - Rohtas,rural,muslim,females,98964
census-india-2011,sources/census-2011/c-series/state-mdds/c01-10-bihar.xls,b00824a538230226,census-c01-extract-v1.1.0-20260527T234036Z,C0101,10,234,00000,000000,District - Rohtas,rural,christian,persons,2308
census-india-2011,sources/census-2011/c-series/state-mdds/c01-10-bihar.xls,b00824a538230226,census-c01-extract-v1.1.0-20260527T234036Z,C0101,10,234,00000,000000,District - Rohtas,rural,christian,males,1191
census-india-2011,sources/census-2011/c-series/state-mdds/c01-10-bihar.xls,b00824a538230226,census-c01-extract-v1.1.0-20260527T234036Z,C0101,10,234,00000,000000,District - Rohtas,rural,christian,females,1117
census-india-2011,sources/census-2011/c-series/state-mdds/c01-10-bihar.xls,b00824a538230226,census-c01-extract-v1.1.0-20260527T234036Z,C0101,10,234,00000,000000,District - Rohtas,rural,sikh,persons,257
census-india-2011,sources/census-2011/c-series/state-mdds/c01-10-bihar.xls,b00824a538230226,census-c01-extract-v1.1.0-20260527T234036Z,C0101,10,234,00000,000000,District - Rohtas,rural,sikh,males,125
census-india-2011,sources/census-2011/c-series/state-mdds/c01-10-bihar.xls,b00824a538230226,census-c01-extract-v1.1.0-20260527T234036Z,C0101,10,234,00000,000000,District - Rohtas,rural,sikh,females,132
census-india-2011,sources/census-2011/c-series/state-mdds/c01-10-bihar.xls,b00824a538230226,census-c01-extract-v1.1.0-20260527T234036Z,C0101,10,234,00000,000000,District - Rohtas,rural,buddhist,persons,1553
census-india-2011,sources/census-2011/c-series/state-mdds/c01-10-bihar.xls,b00824a538230226,census-c01-extract-v1.1.0-20260527T234036Z,C0101,10,234,00000,000000,District - Rohtas,rural,buddhist,males,806
census-india-2011,sources/census-2011/c-series/state-mdds/c01-10-bihar.xls,b00824a538230226,census-c01-extract-v1.1.0-20260527T234036Z,C0101,10,234,00000,000000,District - Rohtas,rural,buddhist,females,747
census-india-2011,sources/census-2011/c-series/state-mdds/c01-10-bihar.xls,b00824a538230226,census-c01-extract-v1.1.0-20260527T234036Z,C0101,10,234,00000,000000,District - Rohtas,rural,jain,persons,174
census-india-2011,sources/census-2011/c-series/state-mdds/c01-10-bihar.xls,b00824a538230226,census-c01-extract-v1.1.0-20260527T234036Z,C0101,10,234,00000,000000,District - Rohtas,rural,jain,males,79
census-india-2011,sources/census-2011/c-series/state-mdds/c01-10-bihar.xls,b00824a538230226,census-c01-extract-v1.1.0-20260527T234036Z,C0101,10,234,00000,000000,District - Rohtas,rural,jain,females,95
census-india-2011,sources/census-2011/c-series/state-mdds/c01-10-bihar.xls,b00824a538230226,census-c01-extract-v1.1.0-20260527T234036Z,C0101,10,234,00000,000000,District - Rohtas,rural,other,persons,519
census-india-2011,sources/census-2011/c-series/state-mdds/c01-10-bihar.xls,b00824a538230226,census-c01-extract-v1.1.0-20260527T234036Z,C0101,10,234,00000,000000,District - Rohtas,rural,other,males,274
census-india-2011,sources/census-2011/c-series/state-mdds/c01-10-bihar.xls,b00824a538230226,census-c01-extract-v1.1.0-20260527T234036Z,C0101,10,234,00000,000000,District - Rohtas,rural,other,females,245
census-india-2011,sources/census-2011/c-series/state-mdds/c01-10-bihar.xls,b00824a538230226,census-c01-extract-v1.1.0-20260527T234036Z,C0101,10,234,00000,000000,District - Rohtas,rural,not_stated,persons,5235
census-india-2011,sources/census-2011/c-series/state-mdds/c01-10-bihar.xls,b00824a538230226,census-c01-extract-v1.1.0-20260527T234036Z,C0101,10,234,00000,000000,District - Rohtas,rural,not_stated,males,2731
census-india-2011,sources/census-2011/c-series/state-mdds/c01-10-bihar.xls,b00824a538230226,census-c01-extract-v1.1.0-20260527T234036Z,C0101,10,234,00000,000000,District - Rohtas,rural,not_stated,females,2504
census-india-2011,sources/census-2011/c-series/state-mdds/c01-10-bihar.xls,b00824a538230226,census-c01-extract-v1.1.0-20260527T234036Z,C0101,10,234,00000,000000,District - Rohtas,urban,all,persons,427765
census-india-2011,sources/census-2011/c-series/state-mdds/c01-10-bihar.xls,b00824a538230226,census-c01-extract-v1.1.0-20260527T234036Z,C0101,10,234,00000,000000,District - Rohtas,urban,all,males,225270
census-india-2011,sources/census-2011/c-series/state-mdds/c01-10-bihar.xls,b00824a538230226,census-c01-extract-v1.1.0-20260527T234036Z,C0101,10,234,00000,000000,District - Rohtas,urban,all,females,202495
census-india-2011,sources/census-2011/c-series/state-mdds/c01-10-bihar.xls,b00824a538230226,census-c01-extract-v1.1.0-20260527T234036Z,C0101,10,234,00000,000000,District - Rohtas,urban,hindu,persons,327066
census-india-2011,sources/census-2011/c-series/state-mdds/c01-10-bihar.xls,b00824a538230226,census-c01-extract-v1.1.0-20260527T234036Z,C0101,10,234,00000,000000,District - Rohtas,urban,hindu,males,172879
census-india-2011,sources/census-2011/c-series/state-mdds/c01-10-bihar.xls,b00824a538230226,census-c01-extract-v1.1.0-20260527T234036Z,C0101,10,234,00000,000000,District - Rohtas,urban,hindu,females,154187
census-india-2011,sources/census-2011/c-series/state-mdds/c01-10-bihar.xls,b00824a538230226,census-c01-extract-v1.1.0-20260527T234036Z,C0101,10,234,00000,000000,District - Rohtas,urban,muslim,persons,96729
census-india-2011,sources/census-2011/c-series/state-mdds/c01-10-bihar.xls,b00824a538230226,census-c01-extract-v1.1.0-20260527T234036Z,C0101,10,234,00000,000000,District - Rohtas,urban,muslim,males,50310
census-india-2011,sources/census-2011/c-series/state-mdds/c01-10-bihar.xls,b00824a538230226,census-c01-extract-v1.1.0-20260527T234036Z,C0101,10,234,00000,000000,District - Rohtas,urban,muslim,females,46419
census-india-2011,sources/census-2011/c-series/state-mdds/c01-10-bihar.xls,b00824a538230226,census-c01-extract-v1.1.0-20260527T234036Z,C0101,10,234,00000,000000,District - Rohtas,urban,christian,persons,581
census-india-2011,sources/census-2011/c-series/state-mdds/c01-10-bihar.xls,b00824a538230226,census-c01-extract-v1.1.0-20260527T234036Z,C0101,10,234,00000,000000,District - Rohtas,urban,christian,males,281
census-india-2011,sources/census-2011/c-series/state-mdds/c01-10-bihar.xls,b00824a538230226,census-c01-extract-v1.1.0-20260527T234036Z,C0101,10,234,00000,000000,District - Rohtas,urban,christian,females,300
census-india-2011,sources/census-2011/c-series/state-mdds/c01-10-bihar.xls,b00824a538230226,census-c01-extract-v1.1.0-20260527T234036Z,C0101,10,234,00000,000000,District - Rohtas,urban,sikh,persons,2312
census-india-2011,sources/census-2011/c-series/state-mdds/c01-10-bihar.xls,b00824a538230226,census-c01-extract-v1.1.0-20260527T234036Z,C0101,10,234,00000,000000,District - Rohtas,urban,sikh,males,1229
census-india-2011,sources/census-2011/c-series/state-mdds/c01-10-bihar.xls,b00824a538230226,census-c01-extract-v1.1.0-20260527T234036Z,C0101,10,234,00000,000000,District - Rohtas,urban,sikh,females,1083
census-india-2011,sources/census-2011/c-series/state-mdds/c01-10-bihar.xls,b00824a538230226,census-c01-extract-v1.1.0-20260527T234036Z,C0101,10,234,00000,000000,District - Rohtas,urban,buddhist,persons,31
census-india-2011,sources/census-2011/c-series/state-mdds/c01-10-bihar.xls,b00824a538230226,census-c01-extract-v1.1.0-20260527T234036Z,C0101,10,234,00000,000000,District - Rohtas,urban,buddhist,males,14
census-india-2011,sources/census-2011/c-series/state-mdds/c01-10-bihar.xls,b00824a538230226,census-c01-extract-v1.1.0-20260527T234036Z,C0101,10,234,00000,000000,District - Rohtas,urban,buddhist,females,17
census-india-2011,sources/census-2011/c-series/state-mdds/c01-10-bihar.xls,b00824a538230226,census-c01-extract-v1.1.0-20260527T234036Z,C0101,10,234,00000,000000,District - Rohtas,urban,jain,persons,78
census-india-2011,sources/census-2011/c-series/state-mdds/c01-10-bihar.xls,b00824a538230226,census-c01-extract-v1.1.0-20260527T234036Z,C0101,10,234,00000,000000,District - Rohtas,urban,jain,males,39
census-india-2011,sources/census-2011/c-series/state-mdds/c01-10-bihar.xls,b00824a538230226,census-c01-extract-v1.1.0-20260527T234036Z,C0101,10,234,00000,000000,District - Rohtas,urban,jain,females,39
census-india-2011,sources/census-2011/c-series/state-mdds/c01-10-bihar.xls,b00824a538230226,census-c01-extract-v1.1.0-20260527T234036Z,C0101,10,234,00000,000000,District - Rohtas,urban,other,persons,18
census-india-2011,sources/census-2011/c-series/state-mdds/c01-10-bihar.xls,b00824a538230226,census-c01-extract-v1.1.0-20260527T234036Z,C0101,10,234,00000,000000,District - Rohtas,urban,other,males,9
census-india-2011,sources/census-2011/c-series/state-mdds/c01-10-bihar.xls,b00824a538230226,census-c01-extract-v1.1.0-20260527T234036Z,C0101,10,234,00000,000000,District - Rohtas,urban,other,females,9
census-india-2011,sources/census-2011/c-series/state-mdds/c01-10-bihar.xls,b00824a538230226,census-c01-extract-v1.1.0-20260527T234036Z,C0101,10,234,00000,000000,District - Rohtas,urban,not_stated,persons,950
census-india-2011,sources/census-2011/c-series/state-mdds/c01-10-bihar.xls,b00824a538230226,census-c01-extract-v1.1.0-20260527T234036Z,C0101,10,234,00000,000000,District - Rohtas,urban,not_stated,males,509
census-india-2011,sources/census-2011/c-series/state-mdds/c01-10-bihar.xls,b00824a538230226,census-c01-extract-v1.1.0-20260527T234036Z,C0101,10,234,00000,000000,District - Rohtas,urban,not_stated,females,441
census-india-2011,sources/census-2011/c-series/state-mdds/c01-10-bihar.xls,b00824a538230226,census-c01-extract-v1.1.0-20260527T234036Z,C0101,10,235,00000,000000,District - Aurangabad,total,all,persons,2540073
census-india-2011,sources/census-2011/c-series/state-mdds/c01-10-bihar.xls,b00824a538230226,census-c01-extract-v1.1.0-20260527T234036Z,C0101,10,235,00000,000000,District - Aurangabad,total,all,males,1318684
census-india-2011,sources/census-2011/c-series/state-mdds/c01-10-bihar.xls,b00824a538230226,census-c01-extract-v1.1.0-20260527T234036Z,C0101,10,235,00000,000000,District - Aurangabad,total,all,females,1221389
census-india-2011,sources/census-2011/c-series/state-mdds/c01-10-bihar.xls,b00824a538230226,census-c01-extract-v1.1.0-20260527T234036Z,C0101,10,235,00000,000000,District - Aurangabad,total,hindu,persons,2291133
census-india-2011,sources/census-2011/c-series/state-mdds/c01-10-bihar.xls,b00824a538230226,census-c01-extract-v1.1.0-20260527T234036Z,C0101,10,235,00000,000000,District - Aurangabad,total,hindu,males,1190825
census-india-2011,sources/census-2011/c-series/state-mdds/c01-10-bihar.xls,b00824a538230226,census-c01-extract-v1.1.0-20260527T234036Z,C0101,10,235,00000,000000,District - Aurangabad,total,hindu,females,1100308
census-india-2011,sources/census-2011/c-series/state-mdds/c01-10-bihar.xls,b00824a538230226,census-c01-extract-v1.1.0-20260527T234036Z,C0101,10,235,00000,000000,District - Aurangabad,total,muslim,persons,237353
census-india-2011,sources/census-2011/c-series/state-mdds/c01-10-bihar.xls,b00824a538230226,census-c01-extract-v1.1.0-20260527T234036Z,C0101,10,235,00000,000000,District - Aurangabad,total,muslim,males,121784
census-india-2011,sources/census-2011/c-series/state-mdds/c01-10-bihar.xls,b00824a538230226,census-c01-extract-v1.1.0-20260527T234036Z,C0101,10,235,00000,000000,District - Aurangabad,total,muslim,females,115569
census-india-2011,sources/census-2011/c-series/state-mdds/c01-10-bihar.xls,b00824a538230226,census-c01-extract-v1.1.0-20260527T234036Z,C0101,10,235,00000,000000,District - Aurangabad,total,christian,persons,2218
census-india-2011,sources/census-2011/c-series/state-mdds/c01-10-bihar.xls,b00824a538230226,census-c01-extract-v1.1.0-20260527T234036Z,C0101,10,235,00000,000000,District - Aurangabad,total,christian,males,1132
census-india-2011,sources/census-2011/c-series/state-mdds/c01-10-bihar.xls,b00824a538230226,census-c01-extract-v1.1.0-20260527T234036Z,C0101,10,235,00000,000000,District - Aurangabad,total,christian,females,1086
census-india-2011,sources/census-2011/c-series/state-mdds/c01-10-bihar.xls,b00824a538230226,census-c01-extract-v1.1.0-20260527T234036Z,C0101,10,235,00000,000000,District - Aurangabad,total,sikh,persons,295
census-india-2011,sources/census-2011/c-series/state-mdds/c01-10-bihar.xls,b00824a538230226,census-c01-extract-v1.1.0-20260527T234036Z,C0101,10,235,00000,000000,District - Aurangabad,total,sikh,males,156
census-india-2011,sources/census-2011/c-series/state-mdds/c01-10-bihar.xls,b00824a538230226,census-c01-extract-v1.1.0-20260527T234036Z,C0101,10,235,00000,000000,District - Aurangabad,total,sikh,females,139
census-india-2011,sources/census-2011/c-series/state-mdds/c01-10-bihar.xls,b00824a538230226,census-c01-extract-v1.1.0-20260527T234036Z,C0101,10,235,00000,000000,District - Aurangabad,total,buddhist,persons,334
census-india-2011,sources/census-2011/c-series/state-mdds/c01-10-bihar.xls,b00824a538230226,census-c01-extract-v1.1.0-20260527T234036Z,C0101,10,235,00000,000000,District - Aurangabad,total,buddhist,males,170
census-india-2011,sources/census-2011/c-series/state-mdds/c01-10-bihar.xls,b00824a538230226,census-c01-extract-v1.1.0-20260527T234036Z,C0101,10,235,00000,000000,District - Aurangabad,total,buddhist,females,164
census-india-2011,sources/census-2011/c-series/state-mdds/c01-10-bihar.xls,b00824a538230226,census-c01-extract-v1.1.0-20260527T234036Z,C0101,10,235,00000,000000,District - Aurangabad,total,jain,persons,775
census-india-2011,sources/census-2011/c-series/state-mdds/c01-10-bihar.xls,b00824a538230226,census-c01-extract-v1.1.0-20260527T234036Z,C0101,10,235,00000,000000,District - Aurangabad,total,jain,males,373
census-india-2011,sources/census-2011/c-series/state-mdds/c01-10-bihar.xls,b00824a538230226,census-c01-extract-v1.1.0-20260527T234036Z,C0101,10,235,00000,000000,District - Aurangabad,total,jain,females,402
census-india-2011,sources/census-2011/c-series/state-mdds/c01-10-bihar.xls,b00824a538230226,census-c01-extract-v1.1.0-20260527T234036Z,C0101,10,235,00000,000000,District - Aurangabad,total,other,persons,19
census-india-2011,sources/census-2011/c-series/state-mdds/c01-10-bihar.xls,b00824a538230226,census-c01-extract-v1.1.0-20260527T234036Z,C0101,10,235,00000,000000,District - Aurangabad,total,other,males,11
census-india-2011,sources/census-2011/c-series/state-mdds/c01-10-bihar.xls,b00824a538230226,census-c01-extract-v1.1.0-20260527T234036Z,C0101,10,235,00000,000000,District - Aurangabad,total,other,females,8
census-india-2011,sources/census-2011/c-series/state-mdds/c01-10-bihar.xls,b00824a538230226,census-c01-extract-v1.1.0-20260527T234036Z,C0101,10,235,00000,000000,District - Aurangabad,total,not_stated,persons,7946
census-india-2011,sources/census-2011/c-series/state-mdds/c01-10-bihar.xls,b00824a538230226,census-c01-extract-v1.1.0-20260527T234036Z,C0101,10,235,00000,000000,District - Aurangabad,total,not_stated,males,4233
census-india-2011,sources/census-2011/c-series/state-mdds/c01-10-bihar.xls,b00824a538230226,census-c01-extract-v1.1.0-20260527T234036Z,C0101,10,235,00000,000000,District - Aurangabad,total,not_stated,females,3713
census-india-2011,sources/census-2011/c-series/state-mdds/c01-10-bihar.xls,b00824a538230226,census-c01-extract-v1.1.0-20260527T234036Z,C0101,10,235,00000,000000,District - Aurangabad,rural,all,persons,2303219
census-india-2011,sources/census-2011/c-series/state-mdds/c01-10-bihar.xls,b00824a538230226,census-c01-extract-v1.1.0-20260527T234036Z,C0101,10,235,00000,000000,District - Aurangabad,rural,all,males,1194619
census-india-2011,sources/census-2011/c-series/state-mdds/c01-10-bihar.xls,b00824a538230226,census-c01-extract-v1.1.0-20260527T234036Z,C0101,10,235,00000,000000,District - Aurangabad,rural,all,females,1108600
census-india-2011,sources/census-2011/c-series/state-mdds/c01-10-bihar.xls,b00824a538230226,census-c01-extract-v1.1.0-20260527T234036Z,C0101,10,235,00000,000000,District - Aurangabad,rural,hindu,persons,2109386
census-india-2011,sources/census-2011/c-series/state-mdds/c01-10-bihar.xls,b00824a538230226,census-c01-extract-v1.1.0-20260527T234036Z,C0101,10,235,00000,000000,District - Aurangabad,rural,hindu,males,1095071
census-india-2011,sources/census-2011/c-series/state-mdds/c01-10-bihar.xls,b00824a538230226,census-c01-extract-v1.1.0-20260527T234036Z,C0101,10,235,00000,000000,District - Aurangabad,rural,hindu,females,1014315
census-india-2011,sources/census-2011/c-series/state-mdds/c01-10-bihar.xls,b00824a538230226,census-c01-extract-v1.1.0-20260527T234036Z,C0101,10,235,00000,000000,District - Aurangabad,rural,muslim,persons,183822
census-india-2011,sources/census-2011/c-series/state-mdds/c01-10-bihar.xls,b00824a538230226,census-c01-extract-v1.1.0-20260527T234036Z,C0101,10,235,00000,000000,District - Aurangabad,rural,muslim,males,94331
census-india-2011,sources/census-2011/c-series/state-mdds/c01-10-bihar.xls,b00824a538230226,census-c01-extract-v1.1.0-20260527T234036Z,C0101,10,235,00000,000000,District - Aurangabad,rural,muslim,females,89491
census-india-2011,sources/census-2011/c-series/state-mdds/c01-10-bihar.xls,b00824a538230226,census-c01-extract-v1.1.0-20260527T234036Z,C0101,10,235,00000,000000,District - Aurangabad,rural,christian,persons,1872
census-india-2011,sources/census-2011/c-series/state-mdds/c01-10-bihar.xls,b00824a538230226,census-c01-extract-v1.1.0-20260527T234036Z,C0101,10,235,00000,000000,District - Aurangabad,rural,christian,males,934
census-india-2011,sources/census-2011/c-series/state-mdds/c01-10-bihar.xls,b00824a538230226,census-c01-extract-v1.1.0-20260527T234036Z,C0101,10,235,00000,000000,District - Aurangabad,rural,christian,females,938
census-india-2011,sources/census-2011/c-series/state-mdds/c01-10-bihar.xls,b00824a538230226,census-c01-extract-v1.1.0-20260527T234036Z,C0101,10,235,00000,000000,District - Aurangabad,rural,sikh,persons,211
census-india-2011,sources/census-2011/c-series/state-mdds/c01-10-bihar.xls,b00824a538230226,census-c01-extract-v1.1.0-20260527T234036Z,C0101,10,235,00000,000000,District - Aurangabad,rural,sikh,males,110
census-india-2011,sources/census-2011/c-series/state-mdds/c01-10-bihar.xls,b00824a538230226,census-c01-extract-v1.1.0-20260527T234036Z,C0101,10,235,00000,000000,District - Aurangabad,rural,sikh,females,101
census-india-2011,sources/census-2011/c-series/state-mdds/c01-10-bihar.xls,b00824a538230226,census-c01-extract-v1.1.0-20260527T234036Z,C0101,10,235,00000,000000,District - Aurangabad,rural,buddhist,persons,300
census-india-2011,sources/census-2011/c-series/state-mdds/c01-10-bihar.xls,b00824a538230226,census-c01-extract-v1.1.0-20260527T234036Z,C0101,10,235,00000,000000,District - Aurangabad,rural,buddhist,males,152
census-india-2011,sources/census-2011/c-series/state-mdds/c01-10-bihar.xls,b00824a538230226,census-c01-extract-v1.1.0-20260527T234036Z,C0101,10,235,00000,000000,District - Aurangabad,rural,buddhist,females,148
census-india-2011,sources/census-2011/c-series/state-mdds/c01-10-bihar.xls,b00824a538230226,census-c01-extract-v1.1.0-20260527T234036Z,C0101,10,235,00000,000000,District - Aurangabad,rural,jain,persons,217
census-india-2011,sources/census-2011/c-series/state-mdds/c01-10-bihar.xls,b00824a538230226,census-c01-extract-v1.1.0-20260527T234036Z,C0101,10,235,00000,000000,District - Aurangabad,rural,jain,males,95
census-india-2011,sources/census-2011/c-series/state-mdds/c01-10-bihar.xls,b00824a538230226,census-c01-extract-v1.1.0-20260527T234036Z,C0101,10,235,00000,000000,District - Aurangabad,rural,jain,females,122
census-india-2011,sources/census-2011/c-series/state-mdds/c01-10-bihar.xls,b00824a538230226,census-c01-extract-v1.1.0-20260527T234036Z,C0101,10,235,00000,000000,District - Aurangabad,rural,other,persons,18
census-india-2011,sources/census-2011/c-series/state-mdds/c01-10-bihar.xls,b00824a538230226,census-c01-extract-v1.1.0-20260527T234036Z,C0101,10,235,00000,000000,District - Aurangabad,rural,other,males,11
census-india-2011,sources/census-2011/c-series/state-mdds/c01-10-bihar.xls,b00824a538230226,census-c01-extract-v1.1.0-20260527T234036Z,C0101,10,235,00000,000000,District - Aurangabad,rural,other,females,7
census-india-2011,sources/census-2011/c-series/state-mdds/c01-10-bihar.xls,b00824a538230226,census-c01-extract-v1.1.0-20260527T234036Z,C0101,10,235,00000,000000,District - Aurangabad,rural,not_stated,persons,7393
census-india-2011,sources/census-2011/c-series/state-mdds/c01-10-bihar.xls,b00824a538230226,census-c01-extract-v1.1.0-20260527T234036Z,C0101,10,235,00000,000000,District - Aurangabad,rural,not_stated,males,3915
census-india-2011,sources/census-2011/c-series/state-mdds/c01-10-bihar.xls,b00824a538230226,census-c01-extract-v1.1.0-20260527T234036Z,C0101,10,235,00000,000000,District - Aurangabad,rural,not_stated,females,3478
census-india-2011,sources/census-2011/c-series/state-mdds/c01-10-bihar.xls,b00824a538230226,census-c01-extract-v1.1.0-20260527T234036Z,C0101,10,235,00000,000000,District - Aurangabad,urban,all,persons,236854
census-india-2011,sources/census-2011/c-series/state-mdds/c01-10-bihar.xls,b00824a538230226,census-c01-extract-v1.1.0-20260527T234036Z,C0101,10,235,00000,000000,District - Aurangabad,urban,all,males,124065
census-india-2011,sources/census-2011/c-series/state-mdds/c01-10-bihar.xls,b00824a538230226,census-c01-extract-v1.1.0-20260527T234036Z,C0101,10,235,00000,000000,District - Aurangabad,urban,all,females,112789
census-india-2011,sources/census-2011/c-series/state-mdds/c01-10-bihar.xls,b00824a538230226,census-c01-extract-v1.1.0-20260527T234036Z,C0101,10,235,00000,000000,District - Aurangabad,urban,hindu,persons,181747
census-india-2011,sources/census-2011/c-series/state-mdds/c01-10-bihar.xls,b00824a538230226,census-c01-extract-v1.1.0-20260527T234036Z,C0101,10,235,00000,000000,District - Aurangabad,urban,hindu,males,95754
census-india-2011,sources/census-2011/c-series/state-mdds/c01-10-bihar.xls,b00824a538230226,census-c01-extract-v1.1.0-20260527T234036Z,C0101,10,235,00000,000000,District - Aurangabad,urban,hindu,females,85993
census-india-2011,sources/census-2011/c-series/state-mdds/c01-10-bihar.xls,b00824a538230226,census-c01-extract-v1.1.0-20260527T234036Z,C0101,10,235,00000,000000,District - Aurangabad,urban,muslim,persons,53531
census-india-2011,sources/census-2011/c-series/state-mdds/c01-10-bihar.xls,b00824a538230226,census-c01-extract-v1.1.0-20260527T234036Z,C0101,10,235,00000,000000,District - Aurangabad,urban,muslim,males,27453
census-india-2011,sources/census-2011/c-series/state-mdds/c01-10-bihar.xls,b00824a538230226,census-c01-extract-v1.1.0-20260527T234036Z,C0101,10,235,00000,000000,District - Aurangabad,urban,muslim,females,26078
census-india-2011,sources/census-2011/c-series/state-mdds/c01-10-bihar.xls,b00824a538230226,census-c01-extract-v1.1.0-20260527T234036Z,C0101,10,235,00000,000000,District - Aurangabad,urban,christian,persons,346
census-india-2011,sources/census-2011/c-series/state-mdds/c01-10-bihar.xls,b00824a538230226,census-c01-extract-v1.1.0-20260527T234036Z,C0101,10,235,00000,000000,District - Aurangabad,urban,christian,males,198
census-india-2011,sources/census-2011/c-series/state-mdds/c01-10-bihar.xls,b00824a538230226,census-c01-extract-v1.1.0-20260527T234036Z,C0101,10,235,00000,000000,District - Aurangabad,urban,christian,females,148
census-india-2011,sources/census-2011/c-series/state-mdds/c01-10-bihar.xls,b00824a538230226,census-c01-extract-v1.1.0-20260527T234036Z,C0101,10,235,00000,000000,District - Aurangabad,urban,sikh,persons,84
census-india-2011,sources/census-2011/c-series/state-mdds/c01-10-bihar.xls,b00824a538230226,census-c01-extract-v1.1.0-20260527T234036Z,C0101,10,235,00000,000000,District - Aurangabad,urban,sikh,males,46
census-india-2011,sources/census-2011/c-series/state-mdds/c01-10-bihar.xls,b00824a538230226,census-c01-extract-v1.1.0-20260527T234036Z,C0101,10,235,00000,000000,District - Aurangabad,urban,sikh,females,38
census-india-2011,sources/census-2011/c-series/state-mdds/c01-10-bihar.xls,b00824a538230226,census-c01-extract-v1.1.0-20260527T234036Z,C0101,10,235,00000,000000,District - Aurangabad,urban,buddhist,persons,34
census-india-2011,sources/census-2011/c-series/state-mdds/c01-10-bihar.xls,b00824a538230226,census-c01-extract-v1.1.0-20260527T234036Z,C0101,10,235,00000,000000,District - Aurangabad,urban,buddhist,males,18
census-india-2011,sources/census-2011/c-series/state-mdds/c01-10-bihar.xls,b00824a538230226,census-c01-extract-v1.1.0-20260527T234036Z,C0101,10,235,00000,000000,District - Aurangabad,urban,buddhist,females,16
census-india-2011,sources/census-2011/c-series/state-mdds/c01-10-bihar.xls,b00824a538230226,census-c01-extract-v1.1.0-20260527T234036Z,C0101,10,235,00000,000000,District - Aurangabad,urban,jain,persons,558
census-india-2011,sources/census-2011/c-series/state-mdds/c01-10-bihar.xls,b00824a538230226,census-c01-extract-v1.1.0-20260527T234036Z,C0101,10,235,00000,000000,District - Aurangabad,urban,jain,males,278
census-india-2011,sources/census-2011/c-series/state-mdds/c01-10-bihar.xls,b00824a538230226,census-c01-extract-v1.1.0-20260527T234036Z,C0101,10,235,00000,000000,District - Aurangabad,urban,jain,females,280
census-india-2011,sources/census-2011/c-series/state-mdds/c01-10-bihar.xls,b00824a538230226,census-c01-extract-v1.1.0-20260527T234036Z,C0101,10,235,00000,000000,District - Aurangabad,urban,other,persons,1
census-india-2011,sources/census-2011/c-series/state-mdds/c01-10-bihar.xls,b00824a538230226,census-c01-extract-v1.1.0-20260527T234036Z,C0101,10,235,00000,000000,District - Aurangabad,urban,other,males,0
census-india-2011,sources/census-2011/c-series/state-mdds/c01-10-bihar.xls,b00824a538230226,census-c01-extract-v1.1.0-20260527T234036Z,C0101,10,235,00000,000000,District - Aurangabad,urban,other,females,1
census-india-2011,sources/census-2011/c-series/state-mdds/c01-10-bihar.xls,b00824a538230226,census-c01-extract-v1.1.0-20260527T234036Z,C0101,10,235,00000,000000,District - Aurangabad,urban,not_stated,persons,553
census-india-2011,sources/census-2011/c-series/state-mdds/c01-10-bihar.xls,b00824a538230226,census-c01-extract-v1.1.0-20260527T234036Z,C0101,10,235,00000,000000,District - Aurangabad,urban,not_stated,males,318
census-india-2011,sources/census-2011/c-series/state-mdds/c01-10-bihar.xls,b00824a538230226,census-c01-extract-v1.1.0-20260527T234036Z,C0101,10,235,00000,000000,District - Aurangabad,urban,not_stated,females,235
census-india-2011,sources/census-2011/c-series/state-mdds/c01-10-bihar.xls,b00824a538230226,census-c01-extract-v1.1.0-20260527T234036Z,C0101,10,236,00000,000000,District - Gaya,total,all,persons,4391418
census-india-2011,sources/census-2011/c-series/state-mdds/c01-10-bihar.xls,b00824a538230226,census-c01-extract-v1.1.0-20260527T234036Z,C0101,10,236,00000,000000,District - Gaya,total,all,males,2266566
census-india-2011,sources/census-2011/c-series/state-mdds/c01-10-bihar.xls,b00824a538230226,census-c01-extract-v1.1.0-20260527T234036Z,C0101,10,236,00000,000000,District - Gaya,total,all,females,2124852
census-india-2011,sources/census-2011/c-series/state-mdds/c01-10-bihar.xls,b00824a538230226,census-c01-extract-v1.1.0-20260527T234036Z,C0101,10,236,00000,000000,District - Gaya,total,hindu,persons,3876395
census-india-2011,sources/census-2011/c-series/state-mdds/c01-10-bihar.xls,b00824a538230226,census-c01-extract-v1.1.0-20260527T234036Z,C0101,10,236,00000,000000,District - Gaya,total,hindu,males,2002380
census-india-2011,sources/census-2011/c-series/state-mdds/c01-10-bihar.xls,b00824a538230226,census-c01-extract-v1.1.0-20260527T234036Z,C0101,10,236,00000,000000,District - Gaya,total,hindu,females,1874015
census-india-2011,sources/census-2011/c-series/state-mdds/c01-10-bihar.xls,b00824a538230226,census-c01-extract-v1.1.0-20260527T234036Z,C0101,10,236,00000,000000,District - Gaya,total,muslim,persons,488121
census-india-2011,sources/census-2011/c-series/state-mdds/c01-10-bihar.xls,b00824a538230226,census-c01-extract-v1.1.0-20260527T234036Z,C0101,10,236,00000,000000,District - Gaya,total,muslim,males,250474
census-india-2011,sources/census-2011/c-series/state-mdds/c01-10-bihar.xls,b00824a538230226,census-c01-extract-v1.1.0-20260527T234036Z,C0101,10,236,00000,000000,District - Gaya,total,muslim,females,237647
census-india-2011,sources/census-2011/c-series/state-mdds/c01-10-bihar.xls,b00824a538230226,census-c01-extract-v1.1.0-20260527T234036Z,C0101,10,236,00000,000000,District - Gaya,total,christian,persons,3943
census-india-2011,sources/census-2011/c-series/state-mdds/c01-10-bihar.xls,b00824a538230226,census-c01-extract-v1.1.0-20260527T234036Z,C0101,10,236,00000,000000,District - Gaya,total,christian,males,2044
census-india-2011,sources/census-2011/c-series/state-mdds/c01-10-bihar.xls,b00824a538230226,census-c01-extract-v1.1.0-20260527T234036Z,C0101,10,236,00000,000000,District - Gaya,total,christian,females,1899
census-india-2011,sources/census-2011/c-series/state-mdds/c01-10-bihar.xls,b00824a538230226,census-c01-extract-v1.1.0-20260527T234036Z,C0101,10,236,00000,000000,District - Gaya,total,sikh,persons,913
census-india-2011,sources/census-2011/c-series/state-mdds/c01-10-bihar.xls,b00824a538230226,census-c01-extract-v1.1.0-20260527T234036Z,C0101,10,236,00000,000000,District - Gaya,total,sikh,males,475
census-india-2011,sources/census-2011/c-series/state-mdds/c01-10-bihar.xls,b00824a538230226,census-c01-extract-v1.1.0-20260527T234036Z,C0101,10,236,00000,000000,District - Gaya,total,sikh,females,438
census-india-2011,sources/census-2011/c-series/state-mdds/c01-10-bihar.xls,b00824a538230226,census-c01-extract-v1.1.0-20260527T234036Z,C0101,10,236,00000,000000,District - Gaya,total,buddhist,persons,870
census-india-2011,sources/census-2011/c-series/state-mdds/c01-10-bihar.xls,b00824a538230226,census-c01-extract-v1.1.0-20260527T234036Z,C0101,10,236,00000,000000,District - Gaya,total,buddhist,males,523
census-india-2011,sources/census-2011/c-series/state-mdds/c01-10-bihar.xls,b00824a538230226,census-c01-extract-v1.1.0-20260527T234036Z,C0101,10,236,00000,000000,District - Gaya,total,buddhist,females,347
census-india-2011,sources/census-2011/c-series/state-mdds/c01-10-bihar.xls,b00824a538230226,census-c01-extract-v1.1.0-20260527T234036Z,C0101,10,236,00000,000000,District - Gaya,total,jain,persons,1723
census-india-2011,sources/census-2011/c-series/state-mdds/c01-10-bihar.xls,b00824a538230226,census-c01-extract-v1.1.0-20260527T234036Z,C0101,10,236,00000,000000,District - Gaya,total,jain,males,864
census-india-2011,sources/census-2011/c-series/state-mdds/c01-10-bihar.xls,b00824a538230226,census-c01-extract-v1.1.0-20260527T234036Z,C0101,10,236,00000,000000,District - Gaya,total,jain,females,859
census-india-2011,sources/census-2011/c-series/state-mdds/c01-10-bihar.xls,b00824a538230226,census-c01-extract-v1.1.0-20260527T234036Z,C0101,10,236,00000,000000,District - Gaya,total,other,persons,108
census-india-2011,sources/census-2011/c-series/state-mdds/c01-10-bihar.xls,b00824a538230226,census-c01-extract-v1.1.0-20260527T234036Z,C0101,10,236,00000,000000,District - Gaya,total,other,males,46
census-india-2011,sources/census-2011/c-series/state-mdds/c01-10-bihar.xls,b00824a538230226,census-c01-extract-v1.1.0-20260527T234036Z,C0101,10,236,00000,000000,District - Gaya,total,other,females,62
census-india-2011,sources/census-2011/c-series/state-mdds/c01-10-bihar.xls,b00824a538230226,census-c01-extract-v1.1.0-20260527T234036Z,C0101,10,236,00000,000000,District - Gaya,total,not_stated,persons,19345
census-india-2011,sources/census-2011/c-series/state-mdds/c01-10-bihar.xls,b00824a538230226,census-c01-extract-v1.1.0-20260527T234036Z,C0101,10,236,00000,000000,District - Gaya,total,not_stated,males,9760
census-india-2011,sources/census-2011/c-series/state-mdds/c01-10-bihar.xls,b00824a538230226,census-c01-extract-v1.1.0-20260527T234036Z,C0101,10,236,00000,000000,District - Gaya,total,not_stated,females,9585
census-india-2011,sources/census-2011/c-series/state-mdds/c01-10-bihar.xls,b00824a538230226,census-c01-extract-v1.1.0-20260527T234036Z,C0101,10,236,00000,000000,District - Gaya,rural,all,persons,3809817
census-india-2011,sources/census-2011/c-series/state-mdds/c01-10-bihar.xls,b00824a538230226,census-c01-extract-v1.1.0-20260527T234036Z,C0101,10,236,00000,000000,District - Gaya,rural,all,males,1960592
census-india-2011,sources/census-2011/c-series/state-mdds/c01-10-bihar.xls,b00824a538230226,census-c01-extract-v1.1.0-20260527T234036Z,C0101,10,236,00000,000000,District - Gaya,rural,all,females,1849225
census-india-2011,sources/census-2011/c-series/state-mdds/c01-10-bihar.xls,b00824a538230226,census-c01-extract-v1.1.0-20260527T234036Z,C0101,10,236,00000,000000,District - Gaya,rural,hindu,persons,3416603
census-india-2011,sources/census-2011/c-series/state-mdds/c01-10-bihar.xls,b00824a538230226,census-c01-extract-v1.1.0-20260527T234036Z,C0101,10,236,00000,000000,District - Gaya,rural,hindu,males,1759355
census-india-2011,sources/census-2011/c-series/state-mdds/c01-10-bihar.xls,b00824a538230226,census-c01-extract-v1.1.0-20260527T234036Z,C0101,10,236,00000,000000,District - Gaya,rural,hindu,females,1657248
census-india-2011,sources/census-2011/c-series/state-mdds/c01-10-bihar.xls,b00824a538230226,census-c01-extract-v1.1.0-20260527T234036Z,C0101,10,236,00000,000000,District - Gaya,rural,muslim,persons,376047
census-india-2011,sources/census-2011/c-series/state-mdds/c01-10-bihar.xls,b00824a538230226,census-c01-extract-v1.1.0-20260527T234036Z,C0101,10,236,00000,000000,District - Gaya,rural,muslim,males,192558
census-india-2011,sources/census-2011/c-series/state-mdds/c01-10-bihar.xls,b00824a538230226,census-c01-extract-v1.1.0-20260527T234036Z,C0101,10,236,00000,000000,District - Gaya,rural,muslim,females,183489
census-india-2011,sources/census-2011/c-series/state-mdds/c01-10-bihar.xls,b00824a538230226,census-c01-extract-v1.1.0-20260527T234036Z,C0101,10,236,00000,000000,District - Gaya,rural,christian,persons,2563
census-india-2011,sources/census-2011/c-series/state-mdds/c01-10-bihar.xls,b00824a538230226,census-c01-extract-v1.1.0-20260527T234036Z,C0101,10,236,00000,000000,District - Gaya,rural,christian,males,1307
census-india-2011,sources/census-2011/c-series/state-mdds/c01-10-bihar.xls,b00824a538230226,census-c01-extract-v1.1.0-20260527T234036Z,C0101,10,236,00000,000000,District - Gaya,rural,christian,females,1256
census-india-2011,sources/census-2011/c-series/state-mdds/c01-10-bihar.xls,b00824a538230226,census-c01-extract-v1.1.0-20260527T234036Z,C0101,10,236,00000,000000,District - Gaya,rural,sikh,persons,453
census-india-2011,sources/census-2011/c-series/state-mdds/c01-10-bihar.xls,b00824a538230226,census-c01-extract-v1.1.0-20260527T234036Z,C0101,10,236,00000,000000,District - Gaya,rural,sikh,males,230
census-india-2011,sources/census-2011/c-series/state-mdds/c01-10-bihar.xls,b00824a538230226,census-c01-extract-v1.1.0-20260527T234036Z,C0101,10,236,00000,000000,District - Gaya,rural,sikh,females,223
census-india-2011,sources/census-2011/c-series/state-mdds/c01-10-bihar.xls,b00824a538230226,census-c01-extract-v1.1.0-20260527T234036Z,C0101,10,236,00000,000000,District - Gaya,rural,buddhist,persons,596
census-india-2011,sources/census-2011/c-series/state-mdds/c01-10-bihar.xls,b00824a538230226,census-c01-extract-v1.1.0-20260527T234036Z,C0101,10,236,00000,000000,District - Gaya,rural,buddhist,males,328
census-india-2011,sources/census-2011/c-series/state-mdds/c01-10-bihar.xls,b00824a538230226,census-c01-extract-v1.1.0-20260527T234036Z,C0101,10,236,00000,000000,District - Gaya,rural,buddhist,females,268
census-india-2011,sources/census-2011/c-series/state-mdds/c01-10-bihar.xls,b00824a538230226,census-c01-extract-v1.1.0-20260527T234036Z,C0101,10,236,00000,000000,District - Gaya,rural,jain,persons,553
census-india-2011,sources/census-2011/c-series/state-mdds/c01-10-bihar.xls,b00824a538230226,census-c01-extract-v1.1.0-20260527T234036Z,C0101,10,236,00000,000000,District - Gaya,rural,jain,males,290
census-india-2011,sources/census-2011/c-series/state-mdds/c01-10-bihar.xls,b00824a538230226,census-c01-extract-v1.1.0-20260527T234036Z,C0101,10,236,00000,000000,District - Gaya,rural,jain,females,263
census-india-2011,sources/census-2011/c-series/state-mdds/c01-10-bihar.xls,b00824a538230226,census-c01-extract-v1.1.0-20260527T234036Z,C0101,10,236,00000,000000,District - Gaya,rural,other,persons,69
census-india-2011,sources/census-2011/c-series/state-mdds/c01-10-bihar.xls,b00824a538230226,census-c01-extract-v1.1.0-20260527T234036Z,C0101,10,236,00000,000000,District - Gaya,rural,other,males,29
census-india-2011,sources/census-2011/c-series/state-mdds/c01-10-bihar.xls,b00824a538230226,census-c01-extract-v1.1.0-20260527T234036Z,C0101,10,236,00000,000000,District - Gaya,rural,other,females,40
census-india-2011,sources/census-2011/c-series/state-mdds/c01-10-bihar.xls,b00824a538230226,census-c01-extract-v1.1.0-20260527T234036Z,C0101,10,236,00000,000000,District - Gaya,rural,not_stated,persons,12933
census-india-2011,sources/census-2011/c-series/state-mdds/c01-10-bihar.xls,b00824a538230226,census-c01-extract-v1.1.0-20260527T234036Z,C0101,10,236,00000,000000,District - Gaya,rural,not_stated,males,6495
census-india-2011,sources/census-2011/c-series/state-mdds/c01-10-bihar.xls,b00824a538230226,census-c01-extract-v1.1.0-20260527T234036Z,C0101,10,236,00000,000000,District - Gaya,rural,not_stated,females,6438
census-india-2011,sources/census-2011/c-series/state-mdds/c01-10-bihar.xls,b00824a538230226,census-c01-extract-v1.1.0-20260527T234036Z,C0101,10,236,00000,000000,District - Gaya,urban,all,persons,581601
census-india-2011,sources/census-2011/c-series/state-mdds/c01-10-bihar.xls,b00824a538230226,census-c01-extract-v1.1.0-20260527T234036Z,C0101,10,236,00000,000000,District - Gaya,urban,all,males,305974
census-india-2011,sources/census-2011/c-series/state-mdds/c01-10-bihar.xls,b00824a538230226,census-c01-extract-v1.1.0-20260527T234036Z,C0101,10,236,00000,000000,District - Gaya,urban,all,females,275627
census-india-2011,sources/census-2011/c-series/state-mdds/c01-10-bihar.xls,b00824a538230226,census-c01-extract-v1.1.0-20260527T234036Z,C0101,10,236,00000,000000,District - Gaya,urban,hindu,persons,459792
census-india-2011,sources/census-2011/c-series/state-mdds/c01-10-bihar.xls,b00824a538230226,census-c01-extract-v1.1.0-20260527T234036Z,C0101,10,236,00000,000000,District - Gaya,urban,hindu,males,243025
census-india-2011,sources/census-2011/c-series/state-mdds/c01-10-bihar.xls,b00824a538230226,census-c01-extract-v1.1.0-20260527T234036Z,C0101,10,236,00000,000000,District - Gaya,urban,hindu,females,216767
census-india-2011,sources/census-2011/c-series/state-mdds/c01-10-bihar.xls,b00824a538230226,census-c01-extract-v1.1.0-20260527T234036Z,C0101,10,236,00000,000000,District - Gaya,urban,muslim,persons,112074
census-india-2011,sources/census-2011/c-series/state-mdds/c01-10-bihar.xls,b00824a538230226,census-c01-extract-v1.1.0-20260527T234036Z,C0101,10,236,00000,000000,District - Gaya,urban,muslim,males,57916
census-india-2011,sources/census-2011/c-series/state-mdds/c01-10-bihar.xls,b00824a538230226,census-c01-extract-v1.1.0-20260527T234036Z,C0101,10,236,00000,000000,District - Gaya,urban,muslim,females,54158
census-india-2011,sources/census-2011/c-series/state-mdds/c01-10-bihar.xls,b00824a538230226,census-c01-extract-v1.1.0-20260527T234036Z,C0101,10,236,00000,000000,District - Gaya,urban,christian,persons,1380
census-india-2011,sources/census-2011/c-series/state-mdds/c01-10-bihar.xls,b00824a538230226,census-c01-extract-v1.1.0-20260527T234036Z,C0101,10,236,00000,000000,District - Gaya,urban,christian,males,737
census-india-2011,sources/census-2011/c-series/state-mdds/c01-10-bihar.xls,b00824a538230226,census-c01-extract-v1.1.0-20260527T234036Z,C0101,10,236,00000,000000,District - Gaya,urban,christian,females,643
census-india-2011,sources/census-2011/c-series/state-mdds/c01-10-bihar.xls,b00824a538230226,census-c01-extract-v1.1.0-20260527T234036Z,C0101,10,236,00000,000000,District - Gaya,urban,sikh,persons,460
census-india-2011,sources/census-2011/c-series/state-mdds/c01-10-bihar.xls,b00824a538230226,census-c01-extract-v1.1.0-20260527T234036Z,C0101,10,236,00000,000000,District - Gaya,urban,sikh,males,245
census-india-2011,sources/census-2011/c-series/state-mdds/c01-10-bihar.xls,b00824a538230226,census-c01-extract-v1.1.0-20260527T234036Z,C0101,10,236,00000,000000,District - Gaya,urban,sikh,females,215
census-india-2011,sources/census-2011/c-series/state-mdds/c01-10-bihar.xls,b00824a538230226,census-c01-extract-v1.1.0-20260527T234036Z,C0101,10,236,00000,000000,District - Gaya,urban,buddhist,persons,274
census-india-2011,sources/census-2011/c-series/state-mdds/c01-10-bihar.xls,b00824a538230226,census-c01-extract-v1.1.0-20260527T234036Z,C0101,10,236,00000,000000,District - Gaya,urban,buddhist,males,195
census-india-2011,sources/census-2011/c-series/state-mdds/c01-10-bihar.xls,b00824a538230226,census-c01-extract-v1.1.0-20260527T234036Z,C0101,10,236,00000,000000,District - Gaya,urban,buddhist,females,79
census-india-2011,sources/census-2011/c-series/state-mdds/c01-10-bihar.xls,b00824a538230226,census-c01-extract-v1.1.0-20260527T234036Z,C0101,10,236,00000,000000,District - Gaya,urban,jain,persons,1170
census-india-2011,sources/census-2011/c-series/state-mdds/c01-10-bihar.xls,b00824a538230226,census-c01-extract-v1.1.0-20260527T234036Z,C0101,10,236,00000,000000,District - Gaya,urban,jain,males,574
census-india-2011,sources/census-2011/c-series/state-mdds/c01-10-bihar.xls,b00824a538230226,census-c01-extract-v1.1.0-20260527T234036Z,C0101,10,236,00000,000000,District - Gaya,urban,jain,females,596
census-india-2011,sources/census-2011/c-series/state-mdds/c01-10-bihar.xls,b00824a538230226,census-c01-extract-v1.1.0-20260527T234036Z,C0101,10,236,00000,000000,District - Gaya,urban,other,persons,39
census-india-2011,sources/census-2011/c-series/state-mdds/c01-10-bihar.xls,b00824a538230226,census-c01-extract-v1.1.0-20260527T234036Z,C0101,10,236,00000,000000,District - Gaya,urban,other,males,17
census-india-2011,sources/census-2011/c-series/state-mdds/c01-10-bihar.xls,b00824a538230226,census-c01-extract-v1.1.0-20260527T234036Z,C0101,10,236,00000,000000,District - Gaya,urban,other,females,22
census-india-2011,sources/census-2011/c-series/state-mdds/c01-10-bihar.xls,b00824a538230226,census-c01-extract-v1.1.0-20260527T234036Z,C0101,10,236,00000,000000,District - Gaya,urban,not_stated,persons,6412
census-india-2011,sources/census-2011/c-series/state-mdds/c01-10-bihar.xls,b00824a538230226,census-c01-extract-v1.1.0-20260527T234036Z,C0101,10,236,00000,000000,District - Gaya,urban,not_stated,males,3265
census-india-2011,sources/census-2011/c-series/state-mdds/c01-10-bihar.xls,b00824a538230226,census-c01-extract-v1.1.0-20260527T234036Z,C0101,10,236,00000,000000,District - Gaya,urban,not_stated,females,3147
census-india-2011,sources/census-2011/c-series/state-mdds/c01-10-bihar.xls,b00824a538230226,census-c01-extract-v1.1.0-20260527T234036Z,C0101,10,237,00000,000000,District - Nawada,total,all,persons,2219146
census-india-2011,sources/census-2011/c-series/state-mdds/c01-10-bihar.xls,b00824a538230226,census-c01-extract-v1.1.0-20260527T234036Z,C0101,10,237,00000,000000,District - Nawada,total,all,males,1144668
census-india-2011,sources/census-2011/c-series/state-mdds/c01-10-bihar.xls,b00824a538230226,census-c01-extract-v1.1.0-20260527T234036Z,C0101,10,237,00000,000000,District - Nawada,total,all,females,1074478
census-india-2011,sources/census-2011/c-series/state-mdds/c01-10-bihar.xls,b00824a538230226,census-c01-extract-v1.1.0-20260527T234036Z,C0101,10,237,00000,000000,District - Nawada,total,hindu,persons,1964620
census-india-2011,sources/census-2011/c-series/state-mdds/c01-10-bihar.xls,b00824a538230226,census-c01-extract-v1.1.0-20260527T234036Z,C0101,10,237,00000,000000,District - Nawada,total,hindu,males,1014433
census-india-2011,sources/census-2011/c-series/state-mdds/c01-10-bihar.xls,b00824a538230226,census-c01-extract-v1.1.0-20260527T234036Z,C0101,10,237,00000,000000,District - Nawada,total,hindu,females,950187
census-india-2011,sources/census-2011/c-series/state-mdds/c01-10-bihar.xls,b00824a538230226,census-c01-extract-v1.1.0-20260527T234036Z,C0101,10,237,00000,000000,District - Nawada,total,muslim,persons,244394
census-india-2011,sources/census-2011/c-series/state-mdds/c01-10-bihar.xls,b00824a538230226,census-c01-extract-v1.1.0-20260527T234036Z,C0101,10,237,00000,000000,District - Nawada,total,muslim,males,125196
census-india-2011,sources/census-2011/c-series/state-mdds/c01-10-bihar.xls,b00824a538230226,census-c01-extract-v1.1.0-20260527T234036Z,C0101,10,237,00000,000000,District - Nawada,total,muslim,females,119198
census-india-2011,sources/census-2011/c-series/state-mdds/c01-10-bihar.xls,b00824a538230226,census-c01-extract-v1.1.0-20260527T234036Z,C0101,10,237,00000,000000,District - Nawada,total,christian,persons,1299
census-india-2011,sources/census-2011/c-series/state-mdds/c01-10-bihar.xls,b00824a538230226,census-c01-extract-v1.1.0-20260527T234036Z,C0101,10,237,00000,000000,District - Nawada,total,christian,males,658
census-india-2011,sources/census-2011/c-series/state-mdds/c01-10-bihar.xls,b00824a538230226,census-c01-extract-v1.1.0-20260527T234036Z,C0101,10,237,00000,000000,District - Nawada,total,christian,females,641
census-india-2011,sources/census-2011/c-series/state-mdds/c01-10-bihar.xls,b00824a538230226,census-c01-extract-v1.1.0-20260527T234036Z,C0101,10,237,00000,000000,District - Nawada,total,sikh,persons,250
census-india-2011,sources/census-2011/c-series/state-mdds/c01-10-bihar.xls,b00824a538230226,census-c01-extract-v1.1.0-20260527T234036Z,C0101,10,237,00000,000000,District - Nawada,total,sikh,males,128
census-india-2011,sources/census-2011/c-series/state-mdds/c01-10-bihar.xls,b00824a538230226,census-c01-extract-v1.1.0-20260527T234036Z,C0101,10,237,00000,000000,District - Nawada,total,sikh,females,122
census-india-2011,sources/census-2011/c-series/state-mdds/c01-10-bihar.xls,b00824a538230226,census-c01-extract-v1.1.0-20260527T234036Z,C0101,10,237,00000,000000,District - Nawada,total,buddhist,persons,176
census-india-2011,sources/census-2011/c-series/state-mdds/c01-10-bihar.xls,b00824a538230226,census-c01-extract-v1.1.0-20260527T234036Z,C0101,10,237,00000,000000,District - Nawada,total,buddhist,males,91
census-india-2011,sources/census-2011/c-series/state-mdds/c01-10-bihar.xls,b00824a538230226,census-c01-extract-v1.1.0-20260527T234036Z,C0101,10,237,00000,000000,District - Nawada,total,buddhist,females,85
census-india-2011,sources/census-2011/c-series/state-mdds/c01-10-bihar.xls,b00824a538230226,census-c01-extract-v1.1.0-20260527T234036Z,C0101,10,237,00000,000000,District - Nawada,total,jain,persons,279
census-india-2011,sources/census-2011/c-series/state-mdds/c01-10-bihar.xls,b00824a538230226,census-c01-extract-v1.1.0-20260527T234036Z,C0101,10,237,00000,000000,District - Nawada,total,jain,males,161
census-india-2011,sources/census-2011/c-series/state-mdds/c01-10-bihar.xls,b00824a538230226,census-c01-extract-v1.1.0-20260527T234036Z,C0101,10,237,00000,000000,District - Nawada,total,jain,females,118
census-india-2011,sources/census-2011/c-series/state-mdds/c01-10-bihar.xls,b00824a538230226,census-c01-extract-v1.1.0-20260527T234036Z,C0101,10,237,00000,000000,District - Nawada,total,other,persons,80
census-india-2011,sources/census-2011/c-series/state-mdds/c01-10-bihar.xls,b00824a538230226,census-c01-extract-v1.1.0-20260527T234036Z,C0101,10,237,00000,000000,District - Nawada,total,other,males,37
census-india-2011,sources/census-2011/c-series/state-mdds/c01-10-bihar.xls,b00824a538230226,census-c01-extract-v1.1.0-20260527T234036Z,C0101,10,237,00000,000000,District - Nawada,total,other,females,43
census-india-2011,sources/census-2011/c-series/state-mdds/c01-10-bihar.xls,b00824a538230226,census-c01-extract-v1.1.0-20260527T234036Z,C0101,10,237,00000,000000,District - Nawada,total,not_stated,persons,8048
census-india-2011,sources/census-2011/c-series/state-mdds/c01-10-bihar.xls,b00824a538230226,census-c01-extract-v1.1.0-20260527T234036Z,C0101,10,237,00000,000000,District - Nawada,total,not_stated,males,3964
census-india-2011,sources/census-2011/c-series/state-mdds/c01-10-bihar.xls,b00824a538230226,census-c01-extract-v1.1.0-20260527T234036Z,C0101,10,237,00000,000000,District - Nawada,total,not_stated,females,4084
census-india-2011,sources/census-2011/c-series/state-mdds/c01-10-bihar.xls,b00824a538230226,census-c01-extract-v1.1.0-20260527T234036Z,C0101,10,237,00000,000000,District - Nawada,rural,all,persons,2003567
census-india-2011,sources/census-2011/c-series/state-mdds/c01-10-bihar.xls,b00824a538230226,census-c01-extract-v1.1.0-20260527T234036Z,C0101,10,237,00000,000000,District - Nawada,rural,all,males,1031656
census-india-2011,sources/census-2011/c-series/state-mdds/c01-10-bihar.xls,b00824a538230226,census-c01-extract-v1.1.0-20260527T234036Z,C0101,10,237,00000,000000,District - Nawada,rural,all,females,971911
census-india-2011,sources/census-2011/c-series/state-mdds/c01-10-bihar.xls,b00824a538230226,census-c01-extract-v1.1.0-20260527T234036Z,C0101,10,237,00000,000000,District - Nawada,rural,hindu,persons,1807215
census-india-2011,sources/census-2011/c-series/state-mdds/c01-10-bihar.xls,b00824a538230226,census-c01-extract-v1.1.0-20260527T234036Z,C0101,10,237,00000,000000,District - Nawada,rural,hindu,males,931579
census-india-2011,sources/census-2011/c-series/state-mdds/c01-10-bihar.xls,b00824a538230226,census-c01-extract-v1.1.0-20260527T234036Z,C0101,10,237,00000,000000,District - Nawada,rural,hindu,females,875636
census-india-2011,sources/census-2011/c-series/state-mdds/c01-10-bihar.xls,b00824a538230226,census-c01-extract-v1.1.0-20260527T234036Z,C0101,10,237,00000,000000,District - Nawada,rural,muslim,persons,187701
census-india-2011,sources/census-2011/c-series/state-mdds/c01-10-bihar.xls,b00824a538230226,census-c01-extract-v1.1.0-20260527T234036Z,C0101,10,237,00000,000000,District - Nawada,rural,muslim,males,95798
census-india-2011,sources/census-2011/c-series/state-mdds/c01-10-bihar.xls,b00824a538230226,census-c01-extract-v1.1.0-20260527T234036Z,C0101,10,237,00000,000000,District - Nawada,rural,muslim,females,91903
census-india-2011,sources/census-2011/c-series/state-mdds/c01-10-bihar.xls,b00824a538230226,census-c01-extract-v1.1.0-20260527T234036Z,C0101,10,237,00000,000000,District - Nawada,rural,christian,persons,1129
census-india-2011,sources/census-2011/c-series/state-mdds/c01-10-bihar.xls,b00824a538230226,census-c01-extract-v1.1.0-20260527T234036Z,C0101,10,237,00000,000000,District - Nawada,rural,christian,males,576
census-india-2011,sources/census-2011/c-series/state-mdds/c01-10-bihar.xls,b00824a538230226,census-c01-extract-v1.1.0-20260527T234036Z,C0101,10,237,00000,000000,District - Nawada,rural,christian,females,553
census-india-2011,sources/census-2011/c-series/state-mdds/c01-10-bihar.xls,b00824a538230226,census-c01-extract-v1.1.0-20260527T234036Z,C0101,10,237,00000,000000,District - Nawada,rural,sikh,persons,232
census-india-2011,sources/census-2011/c-series/state-mdds/c01-10-bihar.xls,b00824a538230226,census-c01-extract-v1.1.0-20260527T234036Z,C0101,10,237,00000,000000,District - Nawada,rural,sikh,males,115
census-india-2011,sources/census-2011/c-series/state-mdds/c01-10-bihar.xls,b00824a538230226,census-c01-extract-v1.1.0-20260527T234036Z,C0101,10,237,00000,000000,District - Nawada,rural,sikh,females,117
census-india-2011,sources/census-2011/c-series/state-mdds/c01-10-bihar.xls,b00824a538230226,census-c01-extract-v1.1.0-20260527T234036Z,C0101,10,237,00000,000000,District - Nawada,rural,buddhist,persons,113
census-india-2011,sources/census-2011/c-series/state-mdds/c01-10-bihar.xls,b00824a538230226,census-c01-extract-v1.1.0-20260527T234036Z,C0101,10,237,00000,000000,District - Nawada,rural,buddhist,males,63
census-india-2011,sources/census-2011/c-series/state-mdds/c01-10-bihar.xls,b00824a538230226,census-c01-extract-v1.1.0-20260527T234036Z,C0101,10,237,00000,000000,District - Nawada,rural,buddhist,females,50
census-india-2011,sources/census-2011/c-series/state-mdds/c01-10-bihar.xls,b00824a538230226,census-c01-extract-v1.1.0-20260527T234036Z,C0101,10,237,00000,000000,District - Nawada,rural,jain,persons,115
census-india-2011,sources/census-2011/c-series/state-mdds/c01-10-bihar.xls,b00824a538230226,census-c01-extract-v1.1.0-20260527T234036Z,C0101,10,237,00000,000000,District - Nawada,rural,jain,males,57
census-india-2011,sources/census-2011/c-series/state-mdds/c01-10-bihar.xls,b00824a538230226,census-c01-extract-v1.1.0-20260527T234036Z,C0101,10,237,00000,000000,District - Nawada,rural,jain,females,58
census-india-2011,sources/census-2011/c-series/state-mdds/c01-10-bihar.xls,b00824a538230226,census-c01-extract-v1.1.0-20260527T234036Z,C0101,10,237,00000,000000,District - Nawada,rural,other,persons,74
census-india-2011,sources/census-2011/c-series/state-mdds/c01-10-bihar.xls,b00824a538230226,census-c01-extract-v1.1.0-20260527T234036Z,C0101,10,237,00000,000000,District - Nawada,rural,other,males,33
census-india-2011,sources/census-2011/c-series/state-mdds/c01-10-bihar.xls,b00824a538230226,census-c01-extract-v1.1.0-20260527T234036Z,C0101,10,237,00000,000000,District - Nawada,rural,other,females,41
census-india-2011,sources/census-2011/c-series/state-mdds/c01-10-bihar.xls,b00824a538230226,census-c01-extract-v1.1.0-20260527T234036Z,C0101,10,237,00000,000000,District - Nawada,rural,not_stated,persons,6988
census-india-2011,sources/census-2011/c-series/state-mdds/c01-10-bihar.xls,b00824a538230226,census-c01-extract-v1.1.0-20260527T234036Z,C0101,10,237,00000,000000,District - Nawada,rural,not_stated,males,3435
census-india-2011,sources/census-2011/c-series/state-mdds/c01-10-bihar.xls,b00824a538230226,census-c01-extract-v1.1.0-20260527T234036Z,C0101,10,237,00000,000000,District - Nawada,rural,not_stated,females,3553
census-india-2011,sources/census-2011/c-series/state-mdds/c01-10-bihar.xls,b00824a538230226,census-c01-extract-v1.1.0-20260527T234036Z,C0101,10,237,00000,000000,District - Nawada,urban,all,persons,215579
census-india-2011,sources/census-2011/c-series/state-mdds/c01-10-bihar.xls,b00824a538230226,census-c01-extract-v1.1.0-20260527T234036Z,C0101,10,237,00000,000000,District - Nawada,urban,all,males,113012
census-india-2011,sources/census-2011/c-series/state-mdds/c01-10-bihar.xls,b00824a538230226,census-c01-extract-v1.1.0-20260527T234036Z,C0101,10,237,00000,000000,District - Nawada,urban,all,females,102567
census-india-2011,sources/census-2011/c-series/state-mdds/c01-10-bihar.xls,b00824a538230226,census-c01-extract-v1.1.0-20260527T234036Z,C0101,10,237,00000,000000,District - Nawada,urban,hindu,persons,157405
census-india-2011,sources/census-2011/c-series/state-mdds/c01-10-bihar.xls,b00824a538230226,census-c01-extract-v1.1.0-20260527T234036Z,C0101,10,237,00000,000000,District - Nawada,urban,hindu,males,82854
census-india-2011,sources/census-2011/c-series/state-mdds/c01-10-bihar.xls,b00824a538230226,census-c01-extract-v1.1.0-20260527T234036Z,C0101,10,237,00000,000000,District - Nawada,urban,hindu,females,74551
census-india-2011,sources/census-2011/c-series/state-mdds/c01-10-bihar.xls,b00824a538230226,census-c01-extract-v1.1.0-20260527T234036Z,C0101,10,237,00000,000000,District - Nawada,urban,muslim,persons,56693
census-india-2011,sources/census-2011/c-series/state-mdds/c01-10-bihar.xls,b00824a538230226,census-c01-extract-v1.1.0-20260527T234036Z,C0101,10,237,00000,000000,District - Nawada,urban,muslim,males,29398
census-india-2011,sources/census-2011/c-series/state-mdds/c01-10-bihar.xls,b00824a538230226,census-c01-extract-v1.1.0-20260527T234036Z,C0101,10,237,00000,000000,District - Nawada,urban,muslim,females,27295
census-india-2011,sources/census-2011/c-series/state-mdds/c01-10-bihar.xls,b00824a538230226,census-c01-extract-v1.1.0-20260527T234036Z,C0101,10,237,00000,000000,District - Nawada,urban,christian,persons,170
census-india-2011,sources/census-2011/c-series/state-mdds/c01-10-bihar.xls,b00824a538230226,census-c01-extract-v1.1.0-20260527T234036Z,C0101,10,237,00000,000000,District - Nawada,urban,christian,males,82
census-india-2011,sources/census-2011/c-series/state-mdds/c01-10-bihar.xls,b00824a538230226,census-c01-extract-v1.1.0-20260527T234036Z,C0101,10,237,00000,000000,District - Nawada,urban,christian,females,88
census-india-2011,sources/census-2011/c-series/state-mdds/c01-10-bihar.xls,b00824a538230226,census-c01-extract-v1.1.0-20260527T234036Z,C0101,10,237,00000,000000,District - Nawada,urban,sikh,persons,18
census-india-2011,sources/census-2011/c-series/state-mdds/c01-10-bihar.xls,b00824a538230226,census-c01-extract-v1.1.0-20260527T234036Z,C0101,10,237,00000,000000,District - Nawada,urban,sikh,males,13
census-india-2011,sources/census-2011/c-series/state-mdds/c01-10-bihar.xls,b00824a538230226,census-c01-extract-v1.1.0-20260527T234036Z,C0101,10,237,00000,000000,District - Nawada,urban,sikh,females,5
census-india-2011,sources/census-2011/c-series/state-mdds/c01-10-bihar.xls,b00824a538230226,census-c01-extract-v1.1.0-20260527T234036Z,C0101,10,237,00000,000000,District - Nawada,urban,buddhist,persons,63
census-india-2011,sources/census-2011/c-series/state-mdds/c01-10-bihar.xls,b00824a538230226,census-c01-extract-v1.1.0-20260527T234036Z,C0101,10,237,00000,000000,District - Nawada,urban,buddhist,males,28
census-india-2011,sources/census-2011/c-series/state-mdds/c01-10-bihar.xls,b00824a538230226,census-c01-extract-v1.1.0-20260527T234036Z,C0101,10,237,00000,000000,District - Nawada,urban,buddhist,females,35
census-india-2011,sources/census-2011/c-series/state-mdds/c01-10-bihar.xls,b00824a538230226,census-c01-extract-v1.1.0-20260527T234036Z,C0101,10,237,00000,000000,District - Nawada,urban,jain,persons,164
census-india-2011,sources/census-2011/c-series/state-mdds/c01-10-bihar.xls,b00824a538230226,census-c01-extract-v1.1.0-20260527T234036Z,C0101,10,237,00000,000000,District - Nawada,urban,jain,males,104
census-india-2011,sources/census-2011/c-series/state-mdds/c01-10-bihar.xls,b00824a538230226,census-c01-extract-v1.1.0-20260527T234036Z,C0101,10,237,00000,000000,District - Nawada,urban,jain,females,60
census-india-2011,sources/census-2011/c-series/state-mdds/c01-10-bihar.xls,b00824a538230226,census-c01-extract-v1.1.0-20260527T234036Z,C0101,10,237,00000,000000,District - Nawada,urban,other,persons,6
census-india-2011,sources/census-2011/c-series/state-mdds/c01-10-bihar.xls,b00824a538230226,census-c01-extract-v1.1.0-20260527T234036Z,C0101,10,237,00000,000000,District - Nawada,urban,other,males,4
census-india-2011,sources/census-2011/c-series/state-mdds/c01-10-bihar.xls,b00824a538230226,census-c01-extract-v1.1.0-20260527T234036Z,C0101,10,237,00000,000000,District - Nawada,urban,other,females,2
census-india-2011,sources/census-2011/c-series/state-mdds/c01-10-bihar.xls,b00824a538230226,census-c01-extract-v1.1.0-20260527T234036Z,C0101,10,237,00000,000000,District - Nawada,urban,not_stated,persons,1060
census-india-2011,sources/census-2011/c-series/state-mdds/c01-10-bihar.xls,b00824a538230226,census-c01-extract-v1.1.0-20260527T234036Z,C0101,10,237,00000,000000,District - Nawada,urban,not_stated,males,529
census-india-2011,sources/census-2011/c-series/state-mdds/c01-10-bihar.xls,b00824a538230226,census-c01-extract-v1.1.0-20260527T234036Z,C0101,10,237,00000,000000,District - Nawada,urban,not_stated,females,531
census-india-2011,sources/census-2011/c-series/state-mdds/c01-10-bihar.xls,b00824a538230226,census-c01-extract-v1.1.0-20260527T234036Z,C0101,10,238,00000,000000,District - Jamui,total,all,persons,1760405
census-india-2011,sources/census-2011/c-series/state-mdds/c01-10-bihar.xls,b00824a538230226,census-c01-extract-v1.1.0-20260527T234036Z,C0101,10,238,00000,000000,District - Jamui,total,all,males,916064
census-india-2011,sources/census-2011/c-series/state-mdds/c01-10-bihar.xls,b00824a538230226,census-c01-extract-v1.1.0-20260527T234036Z,C0101,10,238,00000,000000,District - Jamui,total,all,females,844341
census-india-2011,sources/census-2011/c-series/state-mdds/c01-10-bihar.xls,b00824a538230226,census-c01-extract-v1.1.0-20260527T234036Z,C0101,10,238,00000,000000,District - Jamui,total,hindu,persons,1525746
census-india-2011,sources/census-2011/c-series/state-mdds/c01-10-bihar.xls,b00824a538230226,census-c01-extract-v1.1.0-20260527T234036Z,C0101,10,238,00000,000000,District - Jamui,total,hindu,males,795023
census-india-2011,sources/census-2011/c-series/state-mdds/c01-10-bihar.xls,b00824a538230226,census-c01-extract-v1.1.0-20260527T234036Z,C0101,10,238,00000,000000,District - Jamui,total,hindu,females,730723
census-india-2011,sources/census-2011/c-series/state-mdds/c01-10-bihar.xls,b00824a538230226,census-c01-extract-v1.1.0-20260527T234036Z,C0101,10,238,00000,000000,District - Jamui,total,muslim,persons,217621
census-india-2011,sources/census-2011/c-series/state-mdds/c01-10-bihar.xls,b00824a538230226,census-c01-extract-v1.1.0-20260527T234036Z,C0101,10,238,00000,000000,District - Jamui,total,muslim,males,112304
census-india-2011,sources/census-2011/c-series/state-mdds/c01-10-bihar.xls,b00824a538230226,census-c01-extract-v1.1.0-20260527T234036Z,C0101,10,238,00000,000000,District - Jamui,total,muslim,females,105317
census-india-2011,sources/census-2011/c-series/state-mdds/c01-10-bihar.xls,b00824a538230226,census-c01-extract-v1.1.0-20260527T234036Z,C0101,10,238,00000,000000,District - Jamui,total,christian,persons,8443
census-india-2011,sources/census-2011/c-series/state-mdds/c01-10-bihar.xls,b00824a538230226,census-c01-extract-v1.1.0-20260527T234036Z,C0101,10,238,00000,000000,District - Jamui,total,christian,males,4351
census-india-2011,sources/census-2011/c-series/state-mdds/c01-10-bihar.xls,b00824a538230226,census-c01-extract-v1.1.0-20260527T234036Z,C0101,10,238,00000,000000,District - Jamui,total,christian,females,4092
census-india-2011,sources/census-2011/c-series/state-mdds/c01-10-bihar.xls,b00824a538230226,census-c01-extract-v1.1.0-20260527T234036Z,C0101,10,238,00000,000000,District - Jamui,total,sikh,persons,162
census-india-2011,sources/census-2011/c-series/state-mdds/c01-10-bihar.xls,b00824a538230226,census-c01-extract-v1.1.0-20260527T234036Z,C0101,10,238,00000,000000,District - Jamui,total,sikh,males,87
census-india-2011,sources/census-2011/c-series/state-mdds/c01-10-bihar.xls,b00824a538230226,census-c01-extract-v1.1.0-20260527T234036Z,C0101,10,238,00000,000000,District - Jamui,total,sikh,females,75
census-india-2011,sources/census-2011/c-series/state-mdds/c01-10-bihar.xls,b00824a538230226,census-c01-extract-v1.1.0-20260527T234036Z,C0101,10,238,00000,000000,District - Jamui,total,buddhist,persons,159
census-india-2011,sources/census-2011/c-series/state-mdds/c01-10-bihar.xls,b00824a538230226,census-c01-extract-v1.1.0-20260527T234036Z,C0101,10,238,00000,000000,District - Jamui,total,buddhist,males,79
census-india-2011,sources/census-2011/c-series/state-mdds/c01-10-bihar.xls,b00824a538230226,census-c01-extract-v1.1.0-20260527T234036Z,C0101,10,238,00000,000000,District - Jamui,total,buddhist,females,80
census-india-2011,sources/census-2011/c-series/state-mdds/c01-10-bihar.xls,b00824a538230226,census-c01-extract-v1.1.0-20260527T234036Z,C0101,10,238,00000,000000,District - Jamui,total,jain,persons,87
census-india-2011,sources/census-2011/c-series/state-mdds/c01-10-bihar.xls,b00824a538230226,census-c01-extract-v1.1.0-20260527T234036Z,C0101,10,238,00000,000000,District - Jamui,total,jain,males,47
census-india-2011,sources/census-2011/c-series/state-mdds/c01-10-bihar.xls,b00824a538230226,census-c01-extract-v1.1.0-20260527T234036Z,C0101,10,238,00000,000000,District - Jamui,total,jain,females,40
census-india-2011,sources/census-2011/c-series/state-mdds/c01-10-bihar.xls,b00824a538230226,census-c01-extract-v1.1.0-20260527T234036Z,C0101,10,238,00000,000000,District - Jamui,total,other,persons,3438
census-india-2011,sources/census-2011/c-series/state-mdds/c01-10-bihar.xls,b00824a538230226,census-c01-extract-v1.1.0-20260527T234036Z,C0101,10,238,00000,000000,District - Jamui,total,other,males,1751
census-india-2011,sources/census-2011/c-series/state-mdds/c01-10-bihar.xls,b00824a538230226,census-c01-extract-v1.1.0-20260527T234036Z,C0101,10,238,00000,000000,District - Jamui,total,other,females,1687
census-india-2011,sources/census-2011/c-series/state-mdds/c01-10-bihar.xls,b00824a538230226,census-c01-extract-v1.1.0-20260527T234036Z,C0101,10,238,00000,000000,District - Jamui,total,not_stated,persons,4749
census-india-2011,sources/census-2011/c-series/state-mdds/c01-10-bihar.xls,b00824a538230226,census-c01-extract-v1.1.0-20260527T234036Z,C0101,10,238,00000,000000,District - Jamui,total,not_stated,males,2422
census-india-2011,sources/census-2011/c-series/state-mdds/c01-10-bihar.xls,b00824a538230226,census-c01-extract-v1.1.0-20260527T234036Z,C0101,10,238,00000,000000,District - Jamui,total,not_stated,females,2327
census-india-2011,sources/census-2011/c-series/state-mdds/c01-10-bihar.xls,b00824a538230226,census-c01-extract-v1.1.0-20260527T234036Z,C0101,10,238,00000,000000,District - Jamui,rural,all,persons,1615072
census-india-2011,sources/census-2011/c-series/state-mdds/c01-10-bihar.xls,b00824a538230226,census-c01-extract-v1.1.0-20260527T234036Z,C0101,10,238,00000,000000,District - Jamui,rural,all,males,839776
census-india-2011,sources/census-2011/c-series/state-mdds/c01-10-bihar.xls,b00824a538230226,census-c01-extract-v1.1.0-20260527T234036Z,C0101,10,238,00000,000000,District - Jamui,rural,all,females,775296
census-india-2011,sources/census-2011/c-series/state-mdds/c01-10-bihar.xls,b00824a538230226,census-c01-extract-v1.1.0-20260527T234036Z,C0101,10,238,00000,000000,District - Jamui,rural,hindu,persons,1413669
census-india-2011,sources/census-2011/c-series/state-mdds/c01-10-bihar.xls,b00824a538230226,census-c01-extract-v1.1.0-20260527T234036Z,C0101,10,238,00000,000000,District - Jamui,rural,hindu,males,735964
census-india-2011,sources/census-2011/c-series/state-mdds/c01-10-bihar.xls,b00824a538230226,census-c01-extract-v1.1.0-20260527T234036Z,C0101,10,238,00000,000000,District - Jamui,rural,hindu,females,677705
census-india-2011,sources/census-2011/c-series/state-mdds/c01-10-bihar.xls,b00824a538230226,census-c01-extract-v1.1.0-20260527T234036Z,C0101,10,238,00000,000000,District - Jamui,rural,muslim,persons,185392
census-india-2011,sources/census-2011/c-series/state-mdds/c01-10-bihar.xls,b00824a538230226,census-c01-extract-v1.1.0-20260527T234036Z,C0101,10,238,00000,000000,District - Jamui,rural,muslim,males,95548
census-india-2011,sources/census-2011/c-series/state-mdds/c01-10-bihar.xls,b00824a538230226,census-c01-extract-v1.1.0-20260527T234036Z,C0101,10,238,00000,000000,District - Jamui,rural,muslim,females,89844
census-india-2011,sources/census-2011/c-series/state-mdds/c01-10-bihar.xls,b00824a538230226,census-c01-extract-v1.1.0-20260527T234036Z,C0101,10,238,00000,000000,District - Jamui,rural,christian,persons,8095
census-india-2011,sources/census-2011/c-series/state-mdds/c01-10-bihar.xls,b00824a538230226,census-c01-extract-v1.1.0-20260527T234036Z,C0101,10,238,00000,000000,District - Jamui,rural,christian,males,4185
census-india-2011,sources/census-2011/c-series/state-mdds/c01-10-bihar.xls,b00824a538230226,census-c01-extract-v1.1.0-20260527T234036Z,C0101,10,238,00000,000000,District - Jamui,rural,christian,females,3910
census-india-2011,sources/census-2011/c-series/state-mdds/c01-10-bihar.xls,b00824a538230226,census-c01-extract-v1.1.0-20260527T234036Z,C0101,10,238,00000,000000,District - Jamui,rural,sikh,persons,140
census-india-2011,sources/census-2011/c-series/state-mdds/c01-10-bihar.xls,b00824a538230226,census-c01-extract-v1.1.0-20260527T234036Z,C0101,10,238,00000,000000,District - Jamui,rural,sikh,males,74
census-india-2011,sources/census-2011/c-series/state-mdds/c01-10-bihar.xls,b00824a538230226,census-c01-extract-v1.1.0-20260527T234036Z,C0101,10,238,00000,000000,District - Jamui,rural,sikh,females,66
census-india-2011,sources/census-2011/c-series/state-mdds/c01-10-bihar.xls,b00824a538230226,census-c01-extract-v1.1.0-20260527T234036Z,C0101,10,238,00000,000000,District - Jamui,rural,buddhist,persons,152
census-india-2011,sources/census-2011/c-series/state-mdds/c01-10-bihar.xls,b00824a538230226,census-c01-extract-v1.1.0-20260527T234036Z,C0101,10,238,00000,000000,District - Jamui,rural,buddhist,males,75
census-india-2011,sources/census-2011/c-series/state-mdds/c01-10-bihar.xls,b00824a538230226,census-c01-extract-v1.1.0-20260527T234036Z,C0101,10,238,00000,000000,District - Jamui,rural,buddhist,females,77
census-india-2011,sources/census-2011/c-series/state-mdds/c01-10-bihar.xls,b00824a538230226,census-c01-extract-v1.1.0-20260527T234036Z,C0101,10,238,00000,000000,District - Jamui,rural,jain,persons,79
census-india-2011,sources/census-2011/c-series/state-mdds/c01-10-bihar.xls,b00824a538230226,census-c01-extract-v1.1.0-20260527T234036Z,C0101,10,238,00000,000000,District - Jamui,rural,jain,males,41
census-india-2011,sources/census-2011/c-series/state-mdds/c01-10-bihar.xls,b00824a538230226,census-c01-extract-v1.1.0-20260527T234036Z,C0101,10,238,00000,000000,District - Jamui,rural,jain,females,38
census-india-2011,sources/census-2011/c-series/state-mdds/c01-10-bihar.xls,b00824a538230226,census-c01-extract-v1.1.0-20260527T234036Z,C0101,10,238,00000,000000,District - Jamui,rural,other,persons,3434
census-india-2011,sources/census-2011/c-series/state-mdds/c01-10-bihar.xls,b00824a538230226,census-c01-extract-v1.1.0-20260527T234036Z,C0101,10,238,00000,000000,District - Jamui,rural,other,males,1747
census-india-2011,sources/census-2011/c-series/state-mdds/c01-10-bihar.xls,b00824a538230226,census-c01-extract-v1.1.0-20260527T234036Z,C0101,10,238,00000,000000,District - Jamui,rural,other,females,1687
census-india-2011,sources/census-2011/c-series/state-mdds/c01-10-bihar.xls,b00824a538230226,census-c01-extract-v1.1.0-20260527T234036Z,C0101,10,238,00000,000000,District - Jamui,rural,not_stated,persons,4111
census-india-2011,sources/census-2011/c-series/state-mdds/c01-10-bihar.xls,b00824a538230226,census-c01-extract-v1.1.0-20260527T234036Z,C0101,10,238,00000,000000,District - Jamui,rural,not_stated,males,2142
census-india-2011,sources/census-2011/c-series/state-mdds/c01-10-bihar.xls,b00824a538230226,census-c01-extract-v1.1.0-20260527T234036Z,C0101,10,238,00000,000000,District - Jamui,rural,not_stated,females,1969
census-india-2011,sources/census-2011/c-series/state-mdds/c01-10-bihar.xls,b00824a538230226,census-c01-extract-v1.1.0-20260527T234036Z,C0101,10,238,00000,000000,District - Jamui,urban,all,persons,145333
census-india-2011,sources/census-2011/c-series/state-mdds/c01-10-bihar.xls,b00824a538230226,census-c01-extract-v1.1.0-20260527T234036Z,C0101,10,238,00000,000000,District - Jamui,urban,all,males,76288
census-india-2011,sources/census-2011/c-series/state-mdds/c01-10-bihar.xls,b00824a538230226,census-c01-extract-v1.1.0-20260527T234036Z,C0101,10,238,00000,000000,District - Jamui,urban,all,females,69045
census-india-2011,sources/census-2011/c-series/state-mdds/c01-10-bihar.xls,b00824a538230226,census-c01-extract-v1.1.0-20260527T234036Z,C0101,10,238,00000,000000,District - Jamui,urban,hindu,persons,112077
census-india-2011,sources/census-2011/c-series/state-mdds/c01-10-bihar.xls,b00824a538230226,census-c01-extract-v1.1.0-20260527T234036Z,C0101,10,238,00000,000000,District - Jamui,urban,hindu,males,59059
census-india-2011,sources/census-2011/c-series/state-mdds/c01-10-bihar.xls,b00824a538230226,census-c01-extract-v1.1.0-20260527T234036Z,C0101,10,238,00000,000000,District - Jamui,urban,hindu,females,53018
census-india-2011,sources/census-2011/c-series/state-mdds/c01-10-bihar.xls,b00824a538230226,census-c01-extract-v1.1.0-20260527T234036Z,C0101,10,238,00000,000000,District - Jamui,urban,muslim,persons,32229
census-india-2011,sources/census-2011/c-series/state-mdds/c01-10-bihar.xls,b00824a538230226,census-c01-extract-v1.1.0-20260527T234036Z,C0101,10,238,00000,000000,District - Jamui,urban,muslim,males,16756
census-india-2011,sources/census-2011/c-series/state-mdds/c01-10-bihar.xls,b00824a538230226,census-c01-extract-v1.1.0-20260527T234036Z,C0101,10,238,00000,000000,District - Jamui,urban,muslim,females,15473
census-india-2011,sources/census-2011/c-series/state-mdds/c01-10-bihar.xls,b00824a538230226,census-c01-extract-v1.1.0-20260527T234036Z,C0101,10,238,00000,000000,District - Jamui,urban,christian,persons,348
census-india-2011,sources/census-2011/c-series/state-mdds/c01-10-bihar.xls,b00824a538230226,census-c01-extract-v1.1.0-20260527T234036Z,C0101,10,238,00000,000000,District - Jamui,urban,christian,males,166
census-india-2011,sources/census-2011/c-series/state-mdds/c01-10-bihar.xls,b00824a538230226,census-c01-extract-v1.1.0-20260527T234036Z,C0101,10,238,00000,000000,District - Jamui,urban,christian,females,182
census-india-2011,sources/census-2011/c-series/state-mdds/c01-10-bihar.xls,b00824a538230226,census-c01-extract-v1.1.0-20260527T234036Z,C0101,10,238,00000,000000,District - Jamui,urban,sikh,persons,22
census-india-2011,sources/census-2011/c-series/state-mdds/c01-10-bihar.xls,b00824a538230226,census-c01-extract-v1.1.0-20260527T234036Z,C0101,10,238,00000,000000,District - Jamui,urban,sikh,males,13
census-india-2011,sources/census-2011/c-series/state-mdds/c01-10-bihar.xls,b00824a538230226,census-c01-extract-v1.1.0-20260527T234036Z,C0101,10,238,00000,000000,District - Jamui,urban,sikh,females,9
census-india-2011,sources/census-2011/c-series/state-mdds/c01-10-bihar.xls,b00824a538230226,census-c01-extract-v1.1.0-20260527T234036Z,C0101,10,238,00000,000000,District - Jamui,urban,buddhist,persons,7
census-india-2011,sources/census-2011/c-series/state-mdds/c01-10-bihar.xls,b00824a538230226,census-c01-extract-v1.1.0-20260527T234036Z,C0101,10,238,00000,000000,District - Jamui,urban,buddhist,males,4
census-india-2011,sources/census-2011/c-series/state-mdds/c01-10-bihar.xls,b00824a538230226,census-c01-extract-v1.1.0-20260527T234036Z,C0101,10,238,00000,000000,District - Jamui,urban,buddhist,females,3
census-india-2011,sources/census-2011/c-series/state-mdds/c01-10-bihar.xls,b00824a538230226,census-c01-extract-v1.1.0-20260527T234036Z,C0101,10,238,00000,000000,District - Jamui,urban,jain,persons,8
census-india-2011,sources/census-2011/c-series/state-mdds/c01-10-bihar.xls,b00824a538230226,census-c01-extract-v1.1.0-20260527T234036Z,C0101,10,238,00000,000000,District - Jamui,urban,jain,males,6
census-india-2011,sources/census-2011/c-series/state-mdds/c01-10-bihar.xls,b00824a538230226,census-c01-extract-v1.1.0-20260527T234036Z,C0101,10,238,00000,000000,District - Jamui,urban,jain,females,2
census-india-2011,sources/census-2011/c-series/state-mdds/c01-10-bihar.xls,b00824a538230226,census-c01-extract-v1.1.0-20260527T234036Z,C0101,10,238,00000,000000,District - Jamui,urban,other,persons,4
census-india-2011,sources/census-2011/c-series/state-mdds/c01-10-bihar.xls,b00824a538230226,census-c01-extract-v1.1.0-20260527T234036Z,C0101,10,238,00000,000000,District - Jamui,urban,other,males,4
census-india-2011,sources/census-2011/c-series/state-mdds/c01-10-bihar.xls,b00824a538230226,census-c01-extract-v1.1.0-20260527T234036Z,C0101,10,238,00000,000000,District - Jamui,urban,other,females,0
census-india-2011,sources/census-2011/c-series/state-mdds/c01-10-bihar.xls,b00824a538230226,census-c01-extract-v1.1.0-20260527T234036Z,C0101,10,238,00000,000000,District - Jamui,urban,not_stated,persons,638
census-india-2011,sources/census-2011/c-series/state-mdds/c01-10-bihar.xls,b00824a538230226,census-c01-extract-v1.1.0-20260527T234036Z,C0101,10,238,00000,000000,District - Jamui,urban,not_stated,males,280
census-india-2011,sources/census-2011/c-series/state-mdds/c01-10-bihar.xls,b00824a538230226,census-c01-extract-v1.1.0-20260527T234036Z,C0101,10,238,00000,000000,District - Jamui,urban,not_stated,females,358
census-india-2011,sources/census-2011/c-series/state-mdds/c01-10-bihar.xls,b00824a538230226,census-c01-extract-v1.1.0-20260527T234036Z,C0101,10,239,00000,000000,District - Jehanabad,total,all,persons,1125313
census-india-2011,sources/census-2011/c-series/state-mdds/c01-10-bihar.xls,b00824a538230226,census-c01-extract-v1.1.0-20260527T234036Z,C0101,10,239,00000,000000,District - Jehanabad,total,all,males,585582
census-india-2011,sources/census-2011/c-series/state-mdds/c01-10-bihar.xls,b00824a538230226,census-c01-extract-v1.1.0-20260527T234036Z,C0101,10,239,00000,000000,District - Jehanabad,total,all,females,539731
census-india-2011,sources/census-2011/c-series/state-mdds/c01-10-bihar.xls,b00824a538230226,census-c01-extract-v1.1.0-20260527T234036Z,C0101,10,239,00000,000000,District - Jehanabad,total,hindu,persons,1045117
census-india-2011,sources/census-2011/c-series/state-mdds/c01-10-bihar.xls,b00824a538230226,census-c01-extract-v1.1.0-20260527T234036Z,C0101,10,239,00000,000000,District - Jehanabad,total,hindu,males,543981
census-india-2011,sources/census-2011/c-series/state-mdds/c01-10-bihar.xls,b00824a538230226,census-c01-extract-v1.1.0-20260527T234036Z,C0101,10,239,00000,000000,District - Jehanabad,total,hindu,females,501136
census-india-2011,sources/census-2011/c-series/state-mdds/c01-10-bihar.xls,b00824a538230226,census-c01-extract-v1.1.0-20260527T234036Z,C0101,10,239,00000,000000,District - Jehanabad,total,muslim,persons,75742
census-india-2011,sources/census-2011/c-series/state-mdds/c01-10-bihar.xls,b00824a538230226,census-c01-extract-v1.1.0-20260527T234036Z,C0101,10,239,00000,000000,District - Jehanabad,total,muslim,males,39305
census-india-2011,sources/census-2011/c-series/state-mdds/c01-10-bihar.xls,b00824a538230226,census-c01-extract-v1.1.0-20260527T234036Z,C0101,10,239,00000,000000,District - Jehanabad,total,muslim,females,36437
census-india-2011,sources/census-2011/c-series/state-mdds/c01-10-bihar.xls,b00824a538230226,census-c01-extract-v1.1.0-20260527T234036Z,C0101,10,239,00000,000000,District - Jehanabad,total,christian,persons,691
census-india-2011,sources/census-2011/c-series/state-mdds/c01-10-bihar.xls,b00824a538230226,census-c01-extract-v1.1.0-20260527T234036Z,C0101,10,239,00000,000000,District - Jehanabad,total,christian,males,358
census-india-2011,sources/census-2011/c-series/state-mdds/c01-10-bihar.xls,b00824a538230226,census-c01-extract-v1.1.0-20260527T234036Z,C0101,10,239,00000,000000,District - Jehanabad,total,christian,females,333
census-india-2011,sources/census-2011/c-series/state-mdds/c01-10-bihar.xls,b00824a538230226,census-c01-extract-v1.1.0-20260527T234036Z,C0101,10,239,00000,000000,District - Jehanabad,total,sikh,persons,148
census-india-2011,sources/census-2011/c-series/state-mdds/c01-10-bihar.xls,b00824a538230226,census-c01-extract-v1.1.0-20260527T234036Z,C0101,10,239,00000,000000,District - Jehanabad,total,sikh,males,81
census-india-2011,sources/census-2011/c-series/state-mdds/c01-10-bihar.xls,b00824a538230226,census-c01-extract-v1.1.0-20260527T234036Z,C0101,10,239,00000,000000,District - Jehanabad,total,sikh,females,67
census-india-2011,sources/census-2011/c-series/state-mdds/c01-10-bihar.xls,b00824a538230226,census-c01-extract-v1.1.0-20260527T234036Z,C0101,10,239,00000,000000,District - Jehanabad,total,buddhist,persons,248
census-india-2011,sources/census-2011/c-series/state-mdds/c01-10-bihar.xls,b00824a538230226,census-c01-extract-v1.1.0-20260527T234036Z,C0101,10,239,00000,000000,District - Jehanabad,total,buddhist,males,134
census-india-2011,sources/census-2011/c-series/state-mdds/c01-10-bihar.xls,b00824a538230226,census-c01-extract-v1.1.0-20260527T234036Z,C0101,10,239,00000,000000,District - Jehanabad,total,buddhist,females,114
census-india-2011,sources/census-2011/c-series/state-mdds/c01-10-bihar.xls,b00824a538230226,census-c01-extract-v1.1.0-20260527T234036Z,C0101,10,239,00000,000000,District - Jehanabad,total,jain,persons,60
census-india-2011,sources/census-2011/c-series/state-mdds/c01-10-bihar.xls,b00824a538230226,census-c01-extract-v1.1.0-20260527T234036Z,C0101,10,239,00000,000000,District - Jehanabad,total,jain,males,40
census-india-2011,sources/census-2011/c-series/state-mdds/c01-10-bihar.xls,b00824a538230226,census-c01-extract-v1.1.0-20260527T234036Z,C0101,10,239,00000,000000,District - Jehanabad,total,jain,females,20
census-india-2011,sources/census-2011/c-series/state-mdds/c01-10-bihar.xls,b00824a538230226,census-c01-extract-v1.1.0-20260527T234036Z,C0101,10,239,00000,000000,District - Jehanabad,total,other,persons,58
census-india-2011,sources/census-2011/c-series/state-mdds/c01-10-bihar.xls,b00824a538230226,census-c01-extract-v1.1.0-20260527T234036Z,C0101,10,239,00000,000000,District - Jehanabad,total,other,males,33
census-india-2011,sources/census-2011/c-series/state-mdds/c01-10-bihar.xls,b00824a538230226,census-c01-extract-v1.1.0-20260527T234036Z,C0101,10,239,00000,000000,District - Jehanabad,total,other,females,25
census-india-2011,sources/census-2011/c-series/state-mdds/c01-10-bihar.xls,b00824a538230226,census-c01-extract-v1.1.0-20260527T234036Z,C0101,10,239,00000,000000,District - Jehanabad,total,not_stated,persons,3249
census-india-2011,sources/census-2011/c-series/state-mdds/c01-10-bihar.xls,b00824a538230226,census-c01-extract-v1.1.0-20260527T234036Z,C0101,10,239,00000,000000,District - Jehanabad,total,not_stated,males,1650
census-india-2011,sources/census-2011/c-series/state-mdds/c01-10-bihar.xls,b00824a538230226,census-c01-extract-v1.1.0-20260527T234036Z,C0101,10,239,00000,000000,District - Jehanabad,total,not_stated,females,1599
census-india-2011,sources/census-2011/c-series/state-mdds/c01-10-bihar.xls,b00824a538230226,census-c01-extract-v1.1.0-20260527T234036Z,C0101,10,239,00000,000000,District - Jehanabad,rural,all,persons,990117
census-india-2011,sources/census-2011/c-series/state-mdds/c01-10-bihar.xls,b00824a538230226,census-c01-extract-v1.1.0-20260527T234036Z,C0101,10,239,00000,000000,District - Jehanabad,rural,all,males,514154
census-india-2011,sources/census-2011/c-series/state-mdds/c01-10-bihar.xls,b00824a538230226,census-c01-extract-v1.1.0-20260527T234036Z,C0101,10,239,00000,000000,District - Jehanabad,rural,all,females,475963
census-india-2011,sources/census-2011/c-series/state-mdds/c01-10-bihar.xls,b00824a538230226,census-c01-extract-v1.1.0-20260527T234036Z,C0101,10,239,00000,000000,District - Jehanabad,rural,hindu,persons,936878
census-india-2011,sources/census-2011/c-series/state-mdds/c01-10-bihar.xls,b00824a538230226,census-c01-extract-v1.1.0-20260527T234036Z,C0101,10,239,00000,000000,District - Jehanabad,rural,hindu,males,486630
census-india-2011,sources/census-2011/c-series/state-mdds/c01-10-bihar.xls,b00824a538230226,census-c01-extract-v1.1.0-20260527T234036Z,C0101,10,239,00000,000000,District - Jehanabad,rural,hindu,females,450248
census-india-2011,sources/census-2011/c-series/state-mdds/c01-10-bihar.xls,b00824a538230226,census-c01-extract-v1.1.0-20260527T234036Z,C0101,10,239,00000,000000,District - Jehanabad,rural,muslim,persons,49291
census-india-2011,sources/census-2011/c-series/state-mdds/c01-10-bihar.xls,b00824a538230226,census-c01-extract-v1.1.0-20260527T234036Z,C0101,10,239,00000,000000,District - Jehanabad,rural,muslim,males,25485
census-india-2011,sources/census-2011/c-series/state-mdds/c01-10-bihar.xls,b00824a538230226,census-c01-extract-v1.1.0-20260527T234036Z,C0101,10,239,00000,000000,District - Jehanabad,rural,muslim,females,23806
census-india-2011,sources/census-2011/c-series/state-mdds/c01-10-bihar.xls,b00824a538230226,census-c01-extract-v1.1.0-20260527T234036Z,C0101,10,239,00000,000000,District - Jehanabad,rural,christian,persons,512
census-india-2011,sources/census-2011/c-series/state-mdds/c01-10-bihar.xls,b00824a538230226,census-c01-extract-v1.1.0-20260527T234036Z,C0101,10,239,00000,000000,District - Jehanabad,rural,christian,males,263
census-india-2011,sources/census-2011/c-series/state-mdds/c01-10-bihar.xls,b00824a538230226,census-c01-extract-v1.1.0-20260527T234036Z,C0101,10,239,00000,000000,District - Jehanabad,rural,christian,females,249
census-india-2011,sources/census-2011/c-series/state-mdds/c01-10-bihar.xls,b00824a538230226,census-c01-extract-v1.1.0-20260527T234036Z,C0101,10,239,00000,000000,District - Jehanabad,rural,sikh,persons,132
census-india-2011,sources/census-2011/c-series/state-mdds/c01-10-bihar.xls,b00824a538230226,census-c01-extract-v1.1.0-20260527T234036Z,C0101,10,239,00000,000000,District - Jehanabad,rural,sikh,males,71
census-india-2011,sources/census-2011/c-series/state-mdds/c01-10-bihar.xls,b00824a538230226,census-c01-extract-v1.1.0-20260527T234036Z,C0101,10,239,00000,000000,District - Jehanabad,rural,sikh,females,61
census-india-2011,sources/census-2011/c-series/state-mdds/c01-10-bihar.xls,b00824a538230226,census-c01-extract-v1.1.0-20260527T234036Z,C0101,10,239,00000,000000,District - Jehanabad,rural,buddhist,persons,241
census-india-2011,sources/census-2011/c-series/state-mdds/c01-10-bihar.xls,b00824a538230226,census-c01-extract-v1.1.0-20260527T234036Z,C0101,10,239,00000,000000,District - Jehanabad,rural,buddhist,males,128
census-india-2011,sources/census-2011/c-series/state-mdds/c01-10-bihar.xls,b00824a538230226,census-c01-extract-v1.1.0-20260527T234036Z,C0101,10,239,00000,000000,District - Jehanabad,rural,buddhist,females,113
census-india-2011,sources/census-2011/c-series/state-mdds/c01-10-bihar.xls,b00824a538230226,census-c01-extract-v1.1.0-20260527T234036Z,C0101,10,239,00000,000000,District - Jehanabad,rural,jain,persons,54
census-india-2011,sources/census-2011/c-series/state-mdds/c01-10-bihar.xls,b00824a538230226,census-c01-extract-v1.1.0-20260527T234036Z,C0101,10,239,00000,000000,District - Jehanabad,rural,jain,males,36
census-india-2011,sources/census-2011/c-series/state-mdds/c01-10-bihar.xls,b00824a538230226,census-c01-extract-v1.1.0-20260527T234036Z,C0101,10,239,00000,000000,District - Jehanabad,rural,jain,females,18
census-india-2011,sources/census-2011/c-series/state-mdds/c01-10-bihar.xls,b00824a538230226,census-c01-extract-v1.1.0-20260527T234036Z,C0101,10,239,00000,000000,District - Jehanabad,rural,other,persons,55
census-india-2011,sources/census-2011/c-series/state-mdds/c01-10-bihar.xls,b00824a538230226,census-c01-extract-v1.1.0-20260527T234036Z,C0101,10,239,00000,000000,District - Jehanabad,rural,other,males,30
census-india-2011,sources/census-2011/c-series/state-mdds/c01-10-bihar.xls,b00824a538230226,census-c01-extract-v1.1.0-20260527T234036Z,C0101,10,239,00000,000000,District - Jehanabad,rural,other,females,25
census-india-2011,sources/census-2011/c-series/state-mdds/c01-10-bihar.xls,b00824a538230226,census-c01-extract-v1.1.0-20260527T234036Z,C0101,10,239,00000,000000,District - Jehanabad,rural,not_stated,persons,2954
census-india-2011,sources/census-2011/c-series/state-mdds/c01-10-bihar.xls,b00824a538230226,census-c01-extract-v1.1.0-20260527T234036Z,C0101,10,239,00000,000000,District - Jehanabad,rural,not_stated,males,1511
census-india-2011,sources/census-2011/c-series/state-mdds/c01-10-bihar.xls,b00824a538230226,census-c01-extract-v1.1.0-20260527T234036Z,C0101,10,239,00000,000000,District - Jehanabad,rural,not_stated,females,1443
census-india-2011,sources/census-2011/c-series/state-mdds/c01-10-bihar.xls,b00824a538230226,census-c01-extract-v1.1.0-20260527T234036Z,C0101,10,239,00000,000000,District - Jehanabad,urban,all,persons,135196
census-india-2011,sources/census-2011/c-series/state-mdds/c01-10-bihar.xls,b00824a538230226,census-c01-extract-v1.1.0-20260527T234036Z,C0101,10,239,00000,000000,District - Jehanabad,urban,all,males,71428
census-india-2011,sources/census-2011/c-series/state-mdds/c01-10-bihar.xls,b00824a538230226,census-c01-extract-v1.1.0-20260527T234036Z,C0101,10,239,00000,000000,District - Jehanabad,urban,all,females,63768
census-india-2011,sources/census-2011/c-series/state-mdds/c01-10-bihar.xls,b00824a538230226,census-c01-extract-v1.1.0-20260527T234036Z,C0101,10,239,00000,000000,District - Jehanabad,urban,hindu,persons,108239
census-india-2011,sources/census-2011/c-series/state-mdds/c01-10-bihar.xls,b00824a538230226,census-c01-extract-v1.1.0-20260527T234036Z,C0101,10,239,00000,000000,District - Jehanabad,urban,hindu,males,57351
census-india-2011,sources/census-2011/c-series/state-mdds/c01-10-bihar.xls,b00824a538230226,census-c01-extract-v1.1.0-20260527T234036Z,C0101,10,239,00000,000000,District - Jehanabad,urban,hindu,females,50888
census-india-2011,sources/census-2011/c-series/state-mdds/c01-10-bihar.xls,b00824a538230226,census-c01-extract-v1.1.0-20260527T234036Z,C0101,10,239,00000,000000,District - Jehanabad,urban,muslim,persons,26451
census-india-2011,sources/census-2011/c-series/state-mdds/c01-10-bihar.xls,b00824a538230226,census-c01-extract-v1.1.0-20260527T234036Z,C0101,10,239,00000,000000,District - Jehanabad,urban,muslim,males,13820
census-india-2011,sources/census-2011/c-series/state-mdds/c01-10-bihar.xls,b00824a538230226,census-c01-extract-v1.1.0-20260527T234036Z,C0101,10,239,00000,000000,District - Jehanabad,urban,muslim,females,12631
census-india-2011,sources/census-2011/c-series/state-mdds/c01-10-bihar.xls,b00824a538230226,census-c01-extract-v1.1.0-20260527T234036Z,C0101,10,239,00000,000000,District - Jehanabad,urban,christian,persons,179
census-india-2011,sources/census-2011/c-series/state-mdds/c01-10-bihar.xls,b00824a538230226,census-c01-extract-v1.1.0-20260527T234036Z,C0101,10,239,00000,000000,District - Jehanabad,urban,christian,males,95
census-india-2011,sources/census-2011/c-series/state-mdds/c01-10-bihar.xls,b00824a538230226,census-c01-extract-v1.1.0-20260527T234036Z,C0101,10,239,00000,000000,District - Jehanabad,urban,christian,females,84
census-india-2011,sources/census-2011/c-series/state-mdds/c01-10-bihar.xls,b00824a538230226,census-c01-extract-v1.1.0-20260527T234036Z,C0101,10,239,00000,000000,District - Jehanabad,urban,sikh,persons,16
census-india-2011,sources/census-2011/c-series/state-mdds/c01-10-bihar.xls,b00824a538230226,census-c01-extract-v1.1.0-20260527T234036Z,C0101,10,239,00000,000000,District - Jehanabad,urban,sikh,males,10
census-india-2011,sources/census-2011/c-series/state-mdds/c01-10-bihar.xls,b00824a538230226,census-c01-extract-v1.1.0-20260527T234036Z,C0101,10,239,00000,000000,District - Jehanabad,urban,sikh,females,6
census-india-2011,sources/census-2011/c-series/state-mdds/c01-10-bihar.xls,b00824a538230226,census-c01-extract-v1.1.0-20260527T234036Z,C0101,10,239,00000,000000,District - Jehanabad,urban,buddhist,persons,7
census-india-2011,sources/census-2011/c-series/state-mdds/c01-10-bihar.xls,b00824a538230226,census-c01-extract-v1.1.0-20260527T234036Z,C0101,10,239,00000,000000,District - Jehanabad,urban,buddhist,males,6
census-india-2011,sources/census-2011/c-series/state-mdds/c01-10-bihar.xls,b00824a538230226,census-c01-extract-v1.1.0-20260527T234036Z,C0101,10,239,00000,000000,District - Jehanabad,urban,buddhist,females,1
census-india-2011,sources/census-2011/c-series/state-mdds/c01-10-bihar.xls,b00824a538230226,census-c01-extract-v1.1.0-20260527T234036Z,C0101,10,239,00000,000000,District - Jehanabad,urban,jain,persons,6
census-india-2011,sources/census-2011/c-series/state-mdds/c01-10-bihar.xls,b00824a538230226,census-c01-extract-v1.1.0-20260527T234036Z,C0101,10,239,00000,000000,District - Jehanabad,urban,jain,males,4
census-india-2011,sources/census-2011/c-series/state-mdds/c01-10-bihar.xls,b00824a538230226,census-c01-extract-v1.1.0-20260527T234036Z,C0101,10,239,00000,000000,District - Jehanabad,urban,jain,females,2
census-india-2011,sources/census-2011/c-series/state-mdds/c01-10-bihar.xls,b00824a538230226,census-c01-extract-v1.1.0-20260527T234036Z,C0101,10,239,00000,000000,District - Jehanabad,urban,other,persons,3
census-india-2011,sources/census-2011/c-series/state-mdds/c01-10-bihar.xls,b00824a538230226,census-c01-extract-v1.1.0-20260527T234036Z,C0101,10,239,00000,000000,District - Jehanabad,urban,other,males,3
census-india-2011,sources/census-2011/c-series/state-mdds/c01-10-bihar.xls,b00824a538230226,census-c01-extract-v1.1.0-20260527T234036Z,C0101,10,239,00000,000000,District - Jehanabad,urban,other,females,0
census-india-2011,sources/census-2011/c-series/state-mdds/c01-10-bihar.xls,b00824a538230226,census-c01-extract-v1.1.0-20260527T234036Z,C0101,10,239,00000,000000,District - Jehanabad,urban,not_stated,persons,295
census-india-2011,sources/census-2011/c-series/state-mdds/c01-10-bihar.xls,b00824a538230226,census-c01-extract-v1.1.0-20260527T234036Z,C0101,10,239,00000,000000,District - Jehanabad,urban,not_stated,males,139
census-india-2011,sources/census-2011/c-series/state-mdds/c01-10-bihar.xls,b00824a538230226,census-c01-extract-v1.1.0-20260527T234036Z,C0101,10,239,00000,000000,District - Jehanabad,urban,not_stated,females,156
census-india-2011,sources/census-2011/c-series/state-mdds/c01-10-bihar.xls,b00824a538230226,census-c01-extract-v1.1.0-20260527T234036Z,C0101,10,240,00000,000000,District - Arwal,total,all,persons,700843
census-india-2011,sources/census-2011/c-series/state-mdds/c01-10-bihar.xls,b00824a538230226,census-c01-extract-v1.1.0-20260527T234036Z,C0101,10,240,00000,000000,District - Arwal,total,all,males,363497
census-india-2011,sources/census-2011/c-series/state-mdds/c01-10-bihar.xls,b00824a538230226,census-c01-extract-v1.1.0-20260527T234036Z,C0101,10,240,00000,000000,District - Arwal,total,all,females,337346
census-india-2011,sources/census-2011/c-series/state-mdds/c01-10-bihar.xls,b00824a538230226,census-c01-extract-v1.1.0-20260527T234036Z,C0101,10,240,00000,000000,District - Arwal,total,hindu,persons,634099
census-india-2011,sources/census-2011/c-series/state-mdds/c01-10-bihar.xls,b00824a538230226,census-c01-extract-v1.1.0-20260527T234036Z,C0101,10,240,00000,000000,District - Arwal,total,hindu,males,329040
census-india-2011,sources/census-2011/c-series/state-mdds/c01-10-bihar.xls,b00824a538230226,census-c01-extract-v1.1.0-20260527T234036Z,C0101,10,240,00000,000000,District - Arwal,total,hindu,females,305059
census-india-2011,sources/census-2011/c-series/state-mdds/c01-10-bihar.xls,b00824a538230226,census-c01-extract-v1.1.0-20260527T234036Z,C0101,10,240,00000,000000,District - Arwal,total,muslim,persons,64259
census-india-2011,sources/census-2011/c-series/state-mdds/c01-10-bihar.xls,b00824a538230226,census-c01-extract-v1.1.0-20260527T234036Z,C0101,10,240,00000,000000,District - Arwal,total,muslim,males,33156
census-india-2011,sources/census-2011/c-series/state-mdds/c01-10-bihar.xls,b00824a538230226,census-c01-extract-v1.1.0-20260527T234036Z,C0101,10,240,00000,000000,District - Arwal,total,muslim,females,31103
census-india-2011,sources/census-2011/c-series/state-mdds/c01-10-bihar.xls,b00824a538230226,census-c01-extract-v1.1.0-20260527T234036Z,C0101,10,240,00000,000000,District - Arwal,total,christian,persons,390
census-india-2011,sources/census-2011/c-series/state-mdds/c01-10-bihar.xls,b00824a538230226,census-c01-extract-v1.1.0-20260527T234036Z,C0101,10,240,00000,000000,District - Arwal,total,christian,males,186
census-india-2011,sources/census-2011/c-series/state-mdds/c01-10-bihar.xls,b00824a538230226,census-c01-extract-v1.1.0-20260527T234036Z,C0101,10,240,00000,000000,District - Arwal,total,christian,females,204
census-india-2011,sources/census-2011/c-series/state-mdds/c01-10-bihar.xls,b00824a538230226,census-c01-extract-v1.1.0-20260527T234036Z,C0101,10,240,00000,000000,District - Arwal,total,sikh,persons,59
census-india-2011,sources/census-2011/c-series/state-mdds/c01-10-bihar.xls,b00824a538230226,census-c01-extract-v1.1.0-20260527T234036Z,C0101,10,240,00000,000000,District - Arwal,total,sikh,males,28
census-india-2011,sources/census-2011/c-series/state-mdds/c01-10-bihar.xls,b00824a538230226,census-c01-extract-v1.1.0-20260527T234036Z,C0101,10,240,00000,000000,District - Arwal,total,sikh,females,31
census-india-2011,sources/census-2011/c-series/state-mdds/c01-10-bihar.xls,b00824a538230226,census-c01-extract-v1.1.0-20260527T234036Z,C0101,10,240,00000,000000,District - Arwal,total,buddhist,persons,323
census-india-2011,sources/census-2011/c-series/state-mdds/c01-10-bihar.xls,b00824a538230226,census-c01-extract-v1.1.0-20260527T234036Z,C0101,10,240,00000,000000,District - Arwal,total,buddhist,males,182
census-india-2011,sources/census-2011/c-series/state-mdds/c01-10-bihar.xls,b00824a538230226,census-c01-extract-v1.1.0-20260527T234036Z,C0101,10,240,00000,000000,District - Arwal,total,buddhist,females,141
census-india-2011,sources/census-2011/c-series/state-mdds/c01-10-bihar.xls,b00824a538230226,census-c01-extract-v1.1.0-20260527T234036Z,C0101,10,240,00000,000000,District - Arwal,total,jain,persons,74
census-india-2011,sources/census-2011/c-series/state-mdds/c01-10-bihar.xls,b00824a538230226,census-c01-extract-v1.1.0-20260527T234036Z,C0101,10,240,00000,000000,District - Arwal,total,jain,males,34
census-india-2011,sources/census-2011/c-series/state-mdds/c01-10-bihar.xls,b00824a538230226,census-c01-extract-v1.1.0-20260527T234036Z,C0101,10,240,00000,000000,District - Arwal,total,jain,females,40
census-india-2011,sources/census-2011/c-series/state-mdds/c01-10-bihar.xls,b00824a538230226,census-c01-extract-v1.1.0-20260527T234036Z,C0101,10,240,00000,000000,District - Arwal,total,other,persons,60
census-india-2011,sources/census-2011/c-series/state-mdds/c01-10-bihar.xls,b00824a538230226,census-c01-extract-v1.1.0-20260527T234036Z,C0101,10,240,00000,000000,District - Arwal,total,other,males,29
census-india-2011,sources/census-2011/c-series/state-mdds/c01-10-bihar.xls,b00824a538230226,census-c01-extract-v1.1.0-20260527T234036Z,C0101,10,240,00000,000000,District - Arwal,total,other,females,31
census-india-2011,sources/census-2011/c-series/state-mdds/c01-10-bihar.xls,b00824a538230226,census-c01-extract-v1.1.0-20260527T234036Z,C0101,10,240,00000,000000,District - Arwal,total,not_stated,persons,1579
census-india-2011,sources/census-2011/c-series/state-mdds/c01-10-bihar.xls,b00824a538230226,census-c01-extract-v1.1.0-20260527T234036Z,C0101,10,240,00000,000000,District - Arwal,total,not_stated,males,842
census-india-2011,sources/census-2011/c-series/state-mdds/c01-10-bihar.xls,b00824a538230226,census-c01-extract-v1.1.0-20260527T234036Z,C0101,10,240,00000,000000,District - Arwal,total,not_stated,females,737
census-india-2011,sources/census-2011/c-series/state-mdds/c01-10-bihar.xls,b00824a538230226,census-c01-extract-v1.1.0-20260527T234036Z,C0101,10,240,00000,000000,District - Arwal,rural,all,persons,648994
census-india-2011,sources/census-2011/c-series/state-mdds/c01-10-bihar.xls,b00824a538230226,census-c01-extract-v1.1.0-20260527T234036Z,C0101,10,240,00000,000000,District - Arwal,rural,all,males,336420
census-india-2011,sources/census-2011/c-series/state-mdds/c01-10-bihar.xls,b00824a538230226,census-c01-extract-v1.1.0-20260527T234036Z,C0101,10,240,00000,000000,District - Arwal,rural,all,females,312574
census-india-2011,sources/census-2011/c-series/state-mdds/c01-10-bihar.xls,b00824a538230226,census-c01-extract-v1.1.0-20260527T234036Z,C0101,10,240,00000,000000,District - Arwal,rural,hindu,persons,591466
census-india-2011,sources/census-2011/c-series/state-mdds/c01-10-bihar.xls,b00824a538230226,census-c01-extract-v1.1.0-20260527T234036Z,C0101,10,240,00000,000000,District - Arwal,rural,hindu,males,306806
census-india-2011,sources/census-2011/c-series/state-mdds/c01-10-bihar.xls,b00824a538230226,census-c01-extract-v1.1.0-20260527T234036Z,C0101,10,240,00000,000000,District - Arwal,rural,hindu,females,284660
census-india-2011,sources/census-2011/c-series/state-mdds/c01-10-bihar.xls,b00824a538230226,census-c01-extract-v1.1.0-20260527T234036Z,C0101,10,240,00000,000000,District - Arwal,rural,muslim,persons,55206
census-india-2011,sources/census-2011/c-series/state-mdds/c01-10-bihar.xls,b00824a538230226,census-c01-extract-v1.1.0-20260527T234036Z,C0101,10,240,00000,000000,District - Arwal,rural,muslim,males,28403
census-india-2011,sources/census-2011/c-series/state-mdds/c01-10-bihar.xls,b00824a538230226,census-c01-extract-v1.1.0-20260527T234036Z,C0101,10,240,00000,000000,District - Arwal,rural,muslim,females,26803
census-india-2011,sources/census-2011/c-series/state-mdds/c01-10-bihar.xls,b00824a538230226,census-c01-extract-v1.1.0-20260527T234036Z,C0101,10,240,00000,000000,District - Arwal,rural,christian,persons,344
census-india-2011,sources/census-2011/c-series/state-mdds/c01-10-bihar.xls,b00824a538230226,census-c01-extract-v1.1.0-20260527T234036Z,C0101,10,240,00000,000000,District - Arwal,rural,christian,males,158
census-india-2011,sources/census-2011/c-series/state-mdds/c01-10-bihar.xls,b00824a538230226,census-c01-extract-v1.1.0-20260527T234036Z,C0101,10,240,00000,000000,District - Arwal,rural,christian,females,186
census-india-2011,sources/census-2011/c-series/state-mdds/c01-10-bihar.xls,b00824a538230226,census-c01-extract-v1.1.0-20260527T234036Z,C0101,10,240,00000,000000,District - Arwal,rural,sikh,persons,52
census-india-2011,sources/census-2011/c-series/state-mdds/c01-10-bihar.xls,b00824a538230226,census-c01-extract-v1.1.0-20260527T234036Z,C0101,10,240,00000,000000,District - Arwal,rural,sikh,males,26
census-india-2011,sources/census-2011/c-series/state-mdds/c01-10-bihar.xls,b00824a538230226,census-c01-extract-v1.1.0-20260527T234036Z,C0101,10,240,00000,000000,District - Arwal,rural,sikh,females,26
census-india-2011,sources/census-2011/c-series/state-mdds/c01-10-bihar.xls,b00824a538230226,census-c01-extract-v1.1.0-20260527T234036Z,C0101,10,240,00000,000000,District - Arwal,rural,buddhist,persons,311
census-india-2011,sources/census-2011/c-series/state-mdds/c01-10-bihar.xls,b00824a538230226,census-c01-extract-v1.1.0-20260527T234036Z,C0101,10,240,00000,000000,District - Arwal,rural,buddhist,males,172
census-india-2011,sources/census-2011/c-series/state-mdds/c01-10-bihar.xls,b00824a538230226,census-c01-extract-v1.1.0-20260527T234036Z,C0101,10,240,00000,000000,District - Arwal,rural,buddhist,females,139
census-india-2011,sources/census-2011/c-series/state-mdds/c01-10-bihar.xls,b00824a538230226,census-c01-extract-v1.1.0-20260527T234036Z,C0101,10,240,00000,000000,District - Arwal,rural,jain,persons,71
census-india-2011,sources/census-2011/c-series/state-mdds/c01-10-bihar.xls,b00824a538230226,census-c01-extract-v1.1.0-20260527T234036Z,C0101,10,240,00000,000000,District - Arwal,rural,jain,males,32
census-india-2011,sources/census-2011/c-series/state-mdds/c01-10-bihar.xls,b00824a538230226,census-c01-extract-v1.1.0-20260527T234036Z,C0101,10,240,00000,000000,District - Arwal,rural,jain,females,39
census-india-2011,sources/census-2011/c-series/state-mdds/c01-10-bihar.xls,b00824a538230226,census-c01-extract-v1.1.0-20260527T234036Z,C0101,10,240,00000,000000,District - Arwal,rural,other,persons,55
census-india-2011,sources/census-2011/c-series/state-mdds/c01-10-bihar.xls,b00824a538230226,census-c01-extract-v1.1.0-20260527T234036Z,C0101,10,240,00000,000000,District - Arwal,rural,other,males,26
census-india-2011,sources/census-2011/c-series/state-mdds/c01-10-bihar.xls,b00824a538230226,census-c01-extract-v1.1.0-20260527T234036Z,C0101,10,240,00000,000000,District - Arwal,rural,other,females,29
census-india-2011,sources/census-2011/c-series/state-mdds/c01-10-bihar.xls,b00824a538230226,census-c01-extract-v1.1.0-20260527T234036Z,C0101,10,240,00000,000000,District - Arwal,rural,not_stated,persons,1489
census-india-2011,sources/census-2011/c-series/state-mdds/c01-10-bihar.xls,b00824a538230226,census-c01-extract-v1.1.0-20260527T234036Z,C0101,10,240,00000,000000,District - Arwal,rural,not_stated,males,797
census-india-2011,sources/census-2011/c-series/state-mdds/c01-10-bihar.xls,b00824a538230226,census-c01-extract-v1.1.0-20260527T234036Z,C0101,10,240,00000,000000,District - Arwal,rural,not_stated,females,692
census-india-2011,sources/census-2011/c-series/state-mdds/c01-10-bihar.xls,b00824a538230226,census-c01-extract-v1.1.0-20260527T234036Z,C0101,10,240,00000,000000,District - Arwal,urban,all,persons,51849
census-india-2011,sources/census-2011/c-series/state-mdds/c01-10-bihar.xls,b00824a538230226,census-c01-extract-v1.1.0-20260527T234036Z,C0101,10,240,00000,000000,District - Arwal,urban,all,males,27077
census-india-2011,sources/census-2011/c-series/state-mdds/c01-10-bihar.xls,b00824a538230226,census-c01-extract-v1.1.0-20260527T234036Z,C0101,10,240,00000,000000,District - Arwal,urban,all,females,24772
census-india-2011,sources/census-2011/c-series/state-mdds/c01-10-bihar.xls,b00824a538230226,census-c01-extract-v1.1.0-20260527T234036Z,C0101,10,240,00000,000000,District - Arwal,urban,hindu,persons,42633
census-india-2011,sources/census-2011/c-series/state-mdds/c01-10-bihar.xls,b00824a538230226,census-c01-extract-v1.1.0-20260527T234036Z,C0101,10,240,00000,000000,District - Arwal,urban,hindu,males,22234
census-india-2011,sources/census-2011/c-series/state-mdds/c01-10-bihar.xls,b00824a538230226,census-c01-extract-v1.1.0-20260527T234036Z,C0101,10,240,00000,000000,District - Arwal,urban,hindu,females,20399
census-india-2011,sources/census-2011/c-series/state-mdds/c01-10-bihar.xls,b00824a538230226,census-c01-extract-v1.1.0-20260527T234036Z,C0101,10,240,00000,000000,District - Arwal,urban,muslim,persons,9053
census-india-2011,sources/census-2011/c-series/state-mdds/c01-10-bihar.xls,b00824a538230226,census-c01-extract-v1.1.0-20260527T234036Z,C0101,10,240,00000,000000,District - Arwal,urban,muslim,males,4753
census-india-2011,sources/census-2011/c-series/state-mdds/c01-10-bihar.xls,b00824a538230226,census-c01-extract-v1.1.0-20260527T234036Z,C0101,10,240,00000,000000,District - Arwal,urban,muslim,females,4300
census-india-2011,sources/census-2011/c-series/state-mdds/c01-10-bihar.xls,b00824a538230226,census-c01-extract-v1.1.0-20260527T234036Z,C0101,10,240,00000,000000,District - Arwal,urban,christian,persons,46
census-india-2011,sources/census-2011/c-series/state-mdds/c01-10-bihar.xls,b00824a538230226,census-c01-extract-v1.1.0-20260527T234036Z,C0101,10,240,00000,000000,District - Arwal,urban,christian,males,28
census-india-2011,sources/census-2011/c-series/state-mdds/c01-10-bihar.xls,b00824a538230226,census-c01-extract-v1.1.0-20260527T234036Z,C0101,10,240,00000,000000,District - Arwal,urban,christian,females,18
census-india-2011,sources/census-2011/c-series/state-mdds/c01-10-bihar.xls,b00824a538230226,census-c01-extract-v1.1.0-20260527T234036Z,C0101,10,240,00000,000000,District - Arwal,urban,sikh,persons,7
census-india-2011,sources/census-2011/c-series/state-mdds/c01-10-bihar.xls,b00824a538230226,census-c01-extract-v1.1.0-20260527T234036Z,C0101,10,240,00000,000000,District - Arwal,urban,sikh,males,2
census-india-2011,sources/census-2011/c-series/state-mdds/c01-10-bihar.xls,b00824a538230226,census-c01-extract-v1.1.0-20260527T234036Z,C0101,10,240,00000,000000,District - Arwal,urban,sikh,females,5
census-india-2011,sources/census-2011/c-series/state-mdds/c01-10-bihar.xls,b00824a538230226,census-c01-extract-v1.1.0-20260527T234036Z,C0101,10,240,00000,000000,District - Arwal,urban,buddhist,persons,12
census-india-2011,sources/census-2011/c-series/state-mdds/c01-10-bihar.xls,b00824a538230226,census-c01-extract-v1.1.0-20260527T234036Z,C0101,10,240,00000,000000,District - Arwal,urban,buddhist,males,10
census-india-2011,sources/census-2011/c-series/state-mdds/c01-10-bihar.xls,b00824a538230226,census-c01-extract-v1.1.0-20260527T234036Z,C0101,10,240,00000,000000,District - Arwal,urban,buddhist,females,2
census-india-2011,sources/census-2011/c-series/state-mdds/c01-10-bihar.xls,b00824a538230226,census-c01-extract-v1.1.0-20260527T234036Z,C0101,10,240,00000,000000,District - Arwal,urban,jain,persons,3
census-india-2011,sources/census-2011/c-series/state-mdds/c01-10-bihar.xls,b00824a538230226,census-c01-extract-v1.1.0-20260527T234036Z,C0101,10,240,00000,000000,District - Arwal,urban,jain,males,2
census-india-2011,sources/census-2011/c-series/state-mdds/c01-10-bihar.xls,b00824a538230226,census-c01-extract-v1.1.0-20260527T234036Z,C0101,10,240,00000,000000,District - Arwal,urban,jain,females,1
census-india-2011,sources/census-2011/c-series/state-mdds/c01-10-bihar.xls,b00824a538230226,census-c01-extract-v1.1.0-20260527T234036Z,C0101,10,240,00000,000000,District - Arwal,urban,other,persons,5
census-india-2011,sources/census-2011/c-series/state-mdds/c01-10-bihar.xls,b00824a538230226,census-c01-extract-v1.1.0-20260527T234036Z,C0101,10,240,00000,000000,District - Arwal,urban,other,males,3
census-india-2011,sources/census-2011/c-series/state-mdds/c01-10-bihar.xls,b00824a538230226,census-c01-extract-v1.1.0-20260527T234036Z,C0101,10,240,00000,000000,District - Arwal,urban,other,females,2
census-india-2011,sources/census-2011/c-series/state-mdds/c01-10-bihar.xls,b00824a538230226,census-c01-extract-v1.1.0-20260527T234036Z,C0101,10,240,00000,000000,District - Arwal,urban,not_stated,persons,90
census-india-2011,sources/census-2011/c-series/state-mdds/c01-10-bihar.xls,b00824a538230226,census-c01-extract-v1.1.0-20260527T234036Z,C0101,10,240,00000,000000,District - Arwal,urban,not_stated,males,45
census-india-2011,sources/census-2011/c-series/state-mdds/c01-10-bihar.xls,b00824a538230226,census-c01-extract-v1.1.0-20260527T234036Z,C0101,10,240,00000,000000,District - Arwal,urban,not_stated,females,45
