source_id,source_document,source_sha256_prefix,extraction_run,table_name,state_code,distt_code,tehsil_code,town_code,area_name,residence,religion,sex,value
census-india-2011,sources/census-2011/c-series/state-mdds/c01-27-maharashtra.xls,bce626419f500bd7,census-c01-extract-v1.1.0-20260528T003617Z,C0101,27,000,00000,000000,State - MAHARASHTRA,total,all,persons,112374333
census-india-2011,sources/census-2011/c-series/state-mdds/c01-27-maharashtra.xls,bce626419f500bd7,census-c01-extract-v1.1.0-20260528T003617Z,C0101,27,000,00000,000000,State - MAHARASHTRA,total,all,males,58243056
census-india-2011,sources/census-2011/c-series/state-mdds/c01-27-maharashtra.xls,bce626419f500bd7,census-c01-extract-v1.1.0-20260528T003617Z,C0101,27,000,00000,000000,State - MAHARASHTRA,total,all,females,54131277
census-india-2011,sources/census-2011/c-series/state-mdds/c01-27-maharashtra.xls,bce626419f500bd7,census-c01-extract-v1.1.0-20260528T003617Z,C0101,27,000,00000,000000,State - MAHARASHTRA,total,hindu,persons,89703057
census-india-2011,sources/census-2011/c-series/state-mdds/c01-27-maharashtra.xls,bce626419f500bd7,census-c01-extract-v1.1.0-20260528T003617Z,C0101,27,000,00000,000000,State - MAHARASHTRA,total,hindu,males,46535862
census-india-2011,sources/census-2011/c-series/state-mdds/c01-27-maharashtra.xls,bce626419f500bd7,census-c01-extract-v1.1.0-20260528T003617Z,C0101,27,000,00000,000000,State - MAHARASHTRA,total,hindu,females,43167195
census-india-2011,sources/census-2011/c-series/state-mdds/c01-27-maharashtra.xls,bce626419f500bd7,census-c01-extract-v1.1.0-20260528T003617Z,C0101,27,000,00000,000000,State - MAHARASHTRA,total,muslim,persons,12971152
census-india-2011,sources/census-2011/c-series/state-mdds/c01-27-maharashtra.xls,bce626419f500bd7,census-c01-extract-v1.1.0-20260528T003617Z,C0101,27,000,00000,000000,State - MAHARASHTRA,total,muslim,males,6789127
census-india-2011,sources/census-2011/c-series/state-mdds/c01-27-maharashtra.xls,bce626419f500bd7,census-c01-extract-v1.1.0-20260528T003617Z,C0101,27,000,00000,000000,State - MAHARASHTRA,total,muslim,females,6182025
census-india-2011,sources/census-2011/c-series/state-mdds/c01-27-maharashtra.xls,bce626419f500bd7,census-c01-extract-v1.1.0-20260528T003617Z,C0101,27,000,00000,000000,State - MAHARASHTRA,total,christian,persons,1080073
census-india-2011,sources/census-2011/c-series/state-mdds/c01-27-maharashtra.xls,bce626419f500bd7,census-c01-extract-v1.1.0-20260528T003617Z,C0101,27,000,00000,000000,State - MAHARASHTRA,total,christian,males,531916
census-india-2011,sources/census-2011/c-series/state-mdds/c01-27-maharashtra.xls,bce626419f500bd7,census-c01-extract-v1.1.0-20260528T003617Z,C0101,27,000,00000,000000,State - MAHARASHTRA,total,christian,females,548157
census-india-2011,sources/census-2011/c-series/state-mdds/c01-27-maharashtra.xls,bce626419f500bd7,census-c01-extract-v1.1.0-20260528T003617Z,C0101,27,000,00000,000000,State - MAHARASHTRA,total,sikh,persons,223247
census-india-2011,sources/census-2011/c-series/state-mdds/c01-27-maharashtra.xls,bce626419f500bd7,census-c01-extract-v1.1.0-20260528T003617Z,C0101,27,000,00000,000000,State - MAHARASHTRA,total,sikh,males,118058
census-india-2011,sources/census-2011/c-series/state-mdds/c01-27-maharashtra.xls,bce626419f500bd7,census-c01-extract-v1.1.0-20260528T003617Z,C0101,27,000,00000,000000,State - MAHARASHTRA,total,sikh,females,105189
census-india-2011,sources/census-2011/c-series/state-mdds/c01-27-maharashtra.xls,bce626419f500bd7,census-c01-extract-v1.1.0-20260528T003617Z,C0101,27,000,00000,000000,State - MAHARASHTRA,total,buddhist,persons,6531200
census-india-2011,sources/census-2011/c-series/state-mdds/c01-27-maharashtra.xls,bce626419f500bd7,census-c01-extract-v1.1.0-20260528T003617Z,C0101,27,000,00000,000000,State - MAHARASHTRA,total,buddhist,males,3314906
census-india-2011,sources/census-2011/c-series/state-mdds/c01-27-maharashtra.xls,bce626419f500bd7,census-c01-extract-v1.1.0-20260528T003617Z,C0101,27,000,00000,000000,State - MAHARASHTRA,total,buddhist,females,3216294
census-india-2011,sources/census-2011/c-series/state-mdds/c01-27-maharashtra.xls,bce626419f500bd7,census-c01-extract-v1.1.0-20260528T003617Z,C0101,27,000,00000,000000,State - MAHARASHTRA,total,jain,persons,1400349
census-india-2011,sources/census-2011/c-series/state-mdds/c01-27-maharashtra.xls,bce626419f500bd7,census-c01-extract-v1.1.0-20260528T003617Z,C0101,27,000,00000,000000,State - MAHARASHTRA,total,jain,males,713157
census-india-2011,sources/census-2011/c-series/state-mdds/c01-27-maharashtra.xls,bce626419f500bd7,census-c01-extract-v1.1.0-20260528T003617Z,C0101,27,000,00000,000000,State - MAHARASHTRA,total,jain,females,687192
census-india-2011,sources/census-2011/c-series/state-mdds/c01-27-maharashtra.xls,bce626419f500bd7,census-c01-extract-v1.1.0-20260528T003617Z,C0101,27,000,00000,000000,State - MAHARASHTRA,total,other,persons,178965
census-india-2011,sources/census-2011/c-series/state-mdds/c01-27-maharashtra.xls,bce626419f500bd7,census-c01-extract-v1.1.0-20260528T003617Z,C0101,27,000,00000,000000,State - MAHARASHTRA,total,other,males,89823
census-india-2011,sources/census-2011/c-series/state-mdds/c01-27-maharashtra.xls,bce626419f500bd7,census-c01-extract-v1.1.0-20260528T003617Z,C0101,27,000,00000,000000,State - MAHARASHTRA,total,other,females,89142
census-india-2011,sources/census-2011/c-series/state-mdds/c01-27-maharashtra.xls,bce626419f500bd7,census-c01-extract-v1.1.0-20260528T003617Z,C0101,27,000,00000,000000,State - MAHARASHTRA,total,not_stated,persons,286290
census-india-2011,sources/census-2011/c-series/state-mdds/c01-27-maharashtra.xls,bce626419f500bd7,census-c01-extract-v1.1.0-20260528T003617Z,C0101,27,000,00000,000000,State - MAHARASHTRA,total,not_stated,males,150207
census-india-2011,sources/census-2011/c-series/state-mdds/c01-27-maharashtra.xls,bce626419f500bd7,census-c01-extract-v1.1.0-20260528T003617Z,C0101,27,000,00000,000000,State - MAHARASHTRA,total,not_stated,females,136083
census-india-2011,sources/census-2011/c-series/state-mdds/c01-27-maharashtra.xls,bce626419f500bd7,census-c01-extract-v1.1.0-20260528T003617Z,C0101,27,000,00000,000000,State - MAHARASHTRA,rural,all,persons,61556074
census-india-2011,sources/census-2011/c-series/state-mdds/c01-27-maharashtra.xls,bce626419f500bd7,census-c01-extract-v1.1.0-20260528T003617Z,C0101,27,000,00000,000000,State - MAHARASHTRA,rural,all,males,31539034
census-india-2011,sources/census-2011/c-series/state-mdds/c01-27-maharashtra.xls,bce626419f500bd7,census-c01-extract-v1.1.0-20260528T003617Z,C0101,27,000,00000,000000,State - MAHARASHTRA,rural,all,females,30017040
census-india-2011,sources/census-2011/c-series/state-mdds/c01-27-maharashtra.xls,bce626419f500bd7,census-c01-extract-v1.1.0-20260528T003617Z,C0101,27,000,00000,000000,State - MAHARASHTRA,rural,hindu,persons,53986028
census-india-2011,sources/census-2011/c-series/state-mdds/c01-27-maharashtra.xls,bce626419f500bd7,census-c01-extract-v1.1.0-20260528T003617Z,C0101,27,000,00000,000000,State - MAHARASHTRA,rural,hindu,males,27674324
census-india-2011,sources/census-2011/c-series/state-mdds/c01-27-maharashtra.xls,bce626419f500bd7,census-c01-extract-v1.1.0-20260528T003617Z,C0101,27,000,00000,000000,State - MAHARASHTRA,rural,hindu,females,26311704
census-india-2011,sources/census-2011/c-series/state-mdds/c01-27-maharashtra.xls,bce626419f500bd7,census-c01-extract-v1.1.0-20260528T003617Z,C0101,27,000,00000,000000,State - MAHARASHTRA,rural,muslim,persons,3496807
census-india-2011,sources/census-2011/c-series/state-mdds/c01-27-maharashtra.xls,bce626419f500bd7,census-c01-extract-v1.1.0-20260528T003617Z,C0101,27,000,00000,000000,State - MAHARASHTRA,rural,muslim,males,1785117
census-india-2011,sources/census-2011/c-series/state-mdds/c01-27-maharashtra.xls,bce626419f500bd7,census-c01-extract-v1.1.0-20260528T003617Z,C0101,27,000,00000,000000,State - MAHARASHTRA,rural,muslim,females,1711690
census-india-2011,sources/census-2011/c-series/state-mdds/c01-27-maharashtra.xls,bce626419f500bd7,census-c01-extract-v1.1.0-20260528T003617Z,C0101,27,000,00000,000000,State - MAHARASHTRA,rural,christian,persons,114972
census-india-2011,sources/census-2011/c-series/state-mdds/c01-27-maharashtra.xls,bce626419f500bd7,census-c01-extract-v1.1.0-20260528T003617Z,C0101,27,000,00000,000000,State - MAHARASHTRA,rural,christian,males,58022
census-india-2011,sources/census-2011/c-series/state-mdds/c01-27-maharashtra.xls,bce626419f500bd7,census-c01-extract-v1.1.0-20260528T003617Z,C0101,27,000,00000,000000,State - MAHARASHTRA,rural,christian,females,56950
census-india-2011,sources/census-2011/c-series/state-mdds/c01-27-maharashtra.xls,bce626419f500bd7,census-c01-extract-v1.1.0-20260528T003617Z,C0101,27,000,00000,000000,State - MAHARASHTRA,rural,sikh,persons,26450
census-india-2011,sources/census-2011/c-series/state-mdds/c01-27-maharashtra.xls,bce626419f500bd7,census-c01-extract-v1.1.0-20260528T003617Z,C0101,27,000,00000,000000,State - MAHARASHTRA,rural,sikh,males,13987
census-india-2011,sources/census-2011/c-series/state-mdds/c01-27-maharashtra.xls,bce626419f500bd7,census-c01-extract-v1.1.0-20260528T003617Z,C0101,27,000,00000,000000,State - MAHARASHTRA,rural,sikh,females,12463
census-india-2011,sources/census-2011/c-series/state-mdds/c01-27-maharashtra.xls,bce626419f500bd7,census-c01-extract-v1.1.0-20260528T003617Z,C0101,27,000,00000,000000,State - MAHARASHTRA,rural,buddhist,persons,3412078
census-india-2011,sources/census-2011/c-series/state-mdds/c01-27-maharashtra.xls,bce626419f500bd7,census-c01-extract-v1.1.0-20260528T003617Z,C0101,27,000,00000,000000,State - MAHARASHTRA,rural,buddhist,males,1737963
census-india-2011,sources/census-2011/c-series/state-mdds/c01-27-maharashtra.xls,bce626419f500bd7,census-c01-extract-v1.1.0-20260528T003617Z,C0101,27,000,00000,000000,State - MAHARASHTRA,rural,buddhist,females,1674115
census-india-2011,sources/census-2011/c-series/state-mdds/c01-27-maharashtra.xls,bce626419f500bd7,census-c01-extract-v1.1.0-20260528T003617Z,C0101,27,000,00000,000000,State - MAHARASHTRA,rural,jain,persons,269959
census-india-2011,sources/census-2011/c-series/state-mdds/c01-27-maharashtra.xls,bce626419f500bd7,census-c01-extract-v1.1.0-20260528T003617Z,C0101,27,000,00000,000000,State - MAHARASHTRA,rural,jain,males,140476
census-india-2011,sources/census-2011/c-series/state-mdds/c01-27-maharashtra.xls,bce626419f500bd7,census-c01-extract-v1.1.0-20260528T003617Z,C0101,27,000,00000,000000,State - MAHARASHTRA,rural,jain,females,129483
census-india-2011,sources/census-2011/c-series/state-mdds/c01-27-maharashtra.xls,bce626419f500bd7,census-c01-extract-v1.1.0-20260528T003617Z,C0101,27,000,00000,000000,State - MAHARASHTRA,rural,other,persons,93647
census-india-2011,sources/census-2011/c-series/state-mdds/c01-27-maharashtra.xls,bce626419f500bd7,census-c01-extract-v1.1.0-20260528T003617Z,C0101,27,000,00000,000000,State - MAHARASHTRA,rural,other,males,47080
census-india-2011,sources/census-2011/c-series/state-mdds/c01-27-maharashtra.xls,bce626419f500bd7,census-c01-extract-v1.1.0-20260528T003617Z,C0101,27,000,00000,000000,State - MAHARASHTRA,rural,other,females,46567
census-india-2011,sources/census-2011/c-series/state-mdds/c01-27-maharashtra.xls,bce626419f500bd7,census-c01-extract-v1.1.0-20260528T003617Z,C0101,27,000,00000,000000,State - MAHARASHTRA,rural,not_stated,persons,156133
census-india-2011,sources/census-2011/c-series/state-mdds/c01-27-maharashtra.xls,bce626419f500bd7,census-c01-extract-v1.1.0-20260528T003617Z,C0101,27,000,00000,000000,State - MAHARASHTRA,rural,not_stated,males,82065
census-india-2011,sources/census-2011/c-series/state-mdds/c01-27-maharashtra.xls,bce626419f500bd7,census-c01-extract-v1.1.0-20260528T003617Z,C0101,27,000,00000,000000,State - MAHARASHTRA,rural,not_stated,females,74068
census-india-2011,sources/census-2011/c-series/state-mdds/c01-27-maharashtra.xls,bce626419f500bd7,census-c01-extract-v1.1.0-20260528T003617Z,C0101,27,000,00000,000000,State - MAHARASHTRA,urban,all,persons,50818259
census-india-2011,sources/census-2011/c-series/state-mdds/c01-27-maharashtra.xls,bce626419f500bd7,census-c01-extract-v1.1.0-20260528T003617Z,C0101,27,000,00000,000000,State - MAHARASHTRA,urban,all,males,26704022
census-india-2011,sources/census-2011/c-series/state-mdds/c01-27-maharashtra.xls,bce626419f500bd7,census-c01-extract-v1.1.0-20260528T003617Z,C0101,27,000,00000,000000,State - MAHARASHTRA,urban,all,females,24114237
census-india-2011,sources/census-2011/c-series/state-mdds/c01-27-maharashtra.xls,bce626419f500bd7,census-c01-extract-v1.1.0-20260528T003617Z,C0101,27,000,00000,000000,State - MAHARASHTRA,urban,hindu,persons,35717029
census-india-2011,sources/census-2011/c-series/state-mdds/c01-27-maharashtra.xls,bce626419f500bd7,census-c01-extract-v1.1.0-20260528T003617Z,C0101,27,000,00000,000000,State - MAHARASHTRA,urban,hindu,males,18861538
census-india-2011,sources/census-2011/c-series/state-mdds/c01-27-maharashtra.xls,bce626419f500bd7,census-c01-extract-v1.1.0-20260528T003617Z,C0101,27,000,00000,000000,State - MAHARASHTRA,urban,hindu,females,16855491
census-india-2011,sources/census-2011/c-series/state-mdds/c01-27-maharashtra.xls,bce626419f500bd7,census-c01-extract-v1.1.0-20260528T003617Z,C0101,27,000,00000,000000,State - MAHARASHTRA,urban,muslim,persons,9474345
census-india-2011,sources/census-2011/c-series/state-mdds/c01-27-maharashtra.xls,bce626419f500bd7,census-c01-extract-v1.1.0-20260528T003617Z,C0101,27,000,00000,000000,State - MAHARASHTRA,urban,muslim,males,5004010
census-india-2011,sources/census-2011/c-series/state-mdds/c01-27-maharashtra.xls,bce626419f500bd7,census-c01-extract-v1.1.0-20260528T003617Z,C0101,27,000,00000,000000,State - MAHARASHTRA,urban,muslim,females,4470335
census-india-2011,sources/census-2011/c-series/state-mdds/c01-27-maharashtra.xls,bce626419f500bd7,census-c01-extract-v1.1.0-20260528T003617Z,C0101,27,000,00000,000000,State - MAHARASHTRA,urban,christian,persons,965101
census-india-2011,sources/census-2011/c-series/state-mdds/c01-27-maharashtra.xls,bce626419f500bd7,census-c01-extract-v1.1.0-20260528T003617Z,C0101,27,000,00000,000000,State - MAHARASHTRA,urban,christian,males,473894
census-india-2011,sources/census-2011/c-series/state-mdds/c01-27-maharashtra.xls,bce626419f500bd7,census-c01-extract-v1.1.0-20260528T003617Z,C0101,27,000,00000,000000,State - MAHARASHTRA,urban,christian,females,491207
census-india-2011,sources/census-2011/c-series/state-mdds/c01-27-maharashtra.xls,bce626419f500bd7,census-c01-extract-v1.1.0-20260528T003617Z,C0101,27,000,00000,000000,State - MAHARASHTRA,urban,sikh,persons,196797
census-india-2011,sources/census-2011/c-series/state-mdds/c01-27-maharashtra.xls,bce626419f500bd7,census-c01-extract-v1.1.0-20260528T003617Z,C0101,27,000,00000,000000,State - MAHARASHTRA,urban,sikh,males,104071
census-india-2011,sources/census-2011/c-series/state-mdds/c01-27-maharashtra.xls,bce626419f500bd7,census-c01-extract-v1.1.0-20260528T003617Z,C0101,27,000,00000,000000,State - MAHARASHTRA,urban,sikh,females,92726
census-india-2011,sources/census-2011/c-series/state-mdds/c01-27-maharashtra.xls,bce626419f500bd7,census-c01-extract-v1.1.0-20260528T003617Z,C0101,27,000,00000,000000,State - MAHARASHTRA,urban,buddhist,persons,3119122
census-india-2011,sources/census-2011/c-series/state-mdds/c01-27-maharashtra.xls,bce626419f500bd7,census-c01-extract-v1.1.0-20260528T003617Z,C0101,27,000,00000,000000,State - MAHARASHTRA,urban,buddhist,males,1576943
census-india-2011,sources/census-2011/c-series/state-mdds/c01-27-maharashtra.xls,bce626419f500bd7,census-c01-extract-v1.1.0-20260528T003617Z,C0101,27,000,00000,000000,State - MAHARASHTRA,urban,buddhist,females,1542179
census-india-2011,sources/census-2011/c-series/state-mdds/c01-27-maharashtra.xls,bce626419f500bd7,census-c01-extract-v1.1.0-20260528T003617Z,C0101,27,000,00000,000000,State - MAHARASHTRA,urban,jain,persons,1130390
census-india-2011,sources/census-2011/c-series/state-mdds/c01-27-maharashtra.xls,bce626419f500bd7,census-c01-extract-v1.1.0-20260528T003617Z,C0101,27,000,00000,000000,State - MAHARASHTRA,urban,jain,males,572681
census-india-2011,sources/census-2011/c-series/state-mdds/c01-27-maharashtra.xls,bce626419f500bd7,census-c01-extract-v1.1.0-20260528T003617Z,C0101,27,000,00000,000000,State - MAHARASHTRA,urban,jain,females,557709
census-india-2011,sources/census-2011/c-series/state-mdds/c01-27-maharashtra.xls,bce626419f500bd7,census-c01-extract-v1.1.0-20260528T003617Z,C0101,27,000,00000,000000,State - MAHARASHTRA,urban,other,persons,85318
census-india-2011,sources/census-2011/c-series/state-mdds/c01-27-maharashtra.xls,bce626419f500bd7,census-c01-extract-v1.1.0-20260528T003617Z,C0101,27,000,00000,000000,State - MAHARASHTRA,urban,other,males,42743
census-india-2011,sources/census-2011/c-series/state-mdds/c01-27-maharashtra.xls,bce626419f500bd7,census-c01-extract-v1.1.0-20260528T003617Z,C0101,27,000,00000,000000,State - MAHARASHTRA,urban,other,females,42575
census-india-2011,sources/census-2011/c-series/state-mdds/c01-27-maharashtra.xls,bce626419f500bd7,census-c01-extract-v1.1.0-20260528T003617Z,C0101,27,000,00000,000000,State - MAHARASHTRA,urban,not_stated,persons,130157
census-india-2011,sources/census-2011/c-series/state-mdds/c01-27-maharashtra.xls,bce626419f500bd7,census-c01-extract-v1.1.0-20260528T003617Z,C0101,27,000,00000,000000,State - MAHARASHTRA,urban,not_stated,males,68142
census-india-2011,sources/census-2011/c-series/state-mdds/c01-27-maharashtra.xls,bce626419f500bd7,census-c01-extract-v1.1.0-20260528T003617Z,C0101,27,000,00000,000000,State - MAHARASHTRA,urban,not_stated,females,62015
census-india-2011,sources/census-2011/c-series/state-mdds/c01-27-maharashtra.xls,bce626419f500bd7,census-c01-extract-v1.1.0-20260528T003617Z,C0101,27,497,00000,000000,District - Nandurbar,total,all,persons,1648295
census-india-2011,sources/census-2011/c-series/state-mdds/c01-27-maharashtra.xls,bce626419f500bd7,census-c01-extract-v1.1.0-20260528T003617Z,C0101,27,497,00000,000000,District - Nandurbar,total,all,males,833170
census-india-2011,sources/census-2011/c-series/state-mdds/c01-27-maharashtra.xls,bce626419f500bd7,census-c01-extract-v1.1.0-20260528T003617Z,C0101,27,497,00000,000000,District - Nandurbar,total,all,females,815125
census-india-2011,sources/census-2011/c-series/state-mdds/c01-27-maharashtra.xls,bce626419f500bd7,census-c01-extract-v1.1.0-20260528T003617Z,C0101,27,497,00000,000000,District - Nandurbar,total,hindu,persons,1521618
census-india-2011,sources/census-2011/c-series/state-mdds/c01-27-maharashtra.xls,bce626419f500bd7,census-c01-extract-v1.1.0-20260528T003617Z,C0101,27,497,00000,000000,District - Nandurbar,total,hindu,males,764459
census-india-2011,sources/census-2011/c-series/state-mdds/c01-27-maharashtra.xls,bce626419f500bd7,census-c01-extract-v1.1.0-20260528T003617Z,C0101,27,497,00000,000000,District - Nandurbar,total,hindu,females,757159
census-india-2011,sources/census-2011/c-series/state-mdds/c01-27-maharashtra.xls,bce626419f500bd7,census-c01-extract-v1.1.0-20260528T003617Z,C0101,27,497,00000,000000,District - Nandurbar,total,muslim,persons,96182
census-india-2011,sources/census-2011/c-series/state-mdds/c01-27-maharashtra.xls,bce626419f500bd7,census-c01-extract-v1.1.0-20260528T003617Z,C0101,27,497,00000,000000,District - Nandurbar,total,muslim,males,53201
census-india-2011,sources/census-2011/c-series/state-mdds/c01-27-maharashtra.xls,bce626419f500bd7,census-c01-extract-v1.1.0-20260528T003617Z,C0101,27,497,00000,000000,District - Nandurbar,total,muslim,females,42981
census-india-2011,sources/census-2011/c-series/state-mdds/c01-27-maharashtra.xls,bce626419f500bd7,census-c01-extract-v1.1.0-20260528T003617Z,C0101,27,497,00000,000000,District - Nandurbar,total,christian,persons,8467
census-india-2011,sources/census-2011/c-series/state-mdds/c01-27-maharashtra.xls,bce626419f500bd7,census-c01-extract-v1.1.0-20260528T003617Z,C0101,27,497,00000,000000,District - Nandurbar,total,christian,males,4162
census-india-2011,sources/census-2011/c-series/state-mdds/c01-27-maharashtra.xls,bce626419f500bd7,census-c01-extract-v1.1.0-20260528T003617Z,C0101,27,497,00000,000000,District - Nandurbar,total,christian,females,4305
census-india-2011,sources/census-2011/c-series/state-mdds/c01-27-maharashtra.xls,bce626419f500bd7,census-c01-extract-v1.1.0-20260528T003617Z,C0101,27,497,00000,000000,District - Nandurbar,total,sikh,persons,685
census-india-2011,sources/census-2011/c-series/state-mdds/c01-27-maharashtra.xls,bce626419f500bd7,census-c01-extract-v1.1.0-20260528T003617Z,C0101,27,497,00000,000000,District - Nandurbar,total,sikh,males,346
census-india-2011,sources/census-2011/c-series/state-mdds/c01-27-maharashtra.xls,bce626419f500bd7,census-c01-extract-v1.1.0-20260528T003617Z,C0101,27,497,00000,000000,District - Nandurbar,total,sikh,females,339
census-india-2011,sources/census-2011/c-series/state-mdds/c01-27-maharashtra.xls,bce626419f500bd7,census-c01-extract-v1.1.0-20260528T003617Z,C0101,27,497,00000,000000,District - Nandurbar,total,buddhist,persons,4969
census-india-2011,sources/census-2011/c-series/state-mdds/c01-27-maharashtra.xls,bce626419f500bd7,census-c01-extract-v1.1.0-20260528T003617Z,C0101,27,497,00000,000000,District - Nandurbar,total,buddhist,males,2500
census-india-2011,sources/census-2011/c-series/state-mdds/c01-27-maharashtra.xls,bce626419f500bd7,census-c01-extract-v1.1.0-20260528T003617Z,C0101,27,497,00000,000000,District - Nandurbar,total,buddhist,females,2469
census-india-2011,sources/census-2011/c-series/state-mdds/c01-27-maharashtra.xls,bce626419f500bd7,census-c01-extract-v1.1.0-20260528T003617Z,C0101,27,497,00000,000000,District - Nandurbar,total,jain,persons,6191
census-india-2011,sources/census-2011/c-series/state-mdds/c01-27-maharashtra.xls,bce626419f500bd7,census-c01-extract-v1.1.0-20260528T003617Z,C0101,27,497,00000,000000,District - Nandurbar,total,jain,males,3169
census-india-2011,sources/census-2011/c-series/state-mdds/c01-27-maharashtra.xls,bce626419f500bd7,census-c01-extract-v1.1.0-20260528T003617Z,C0101,27,497,00000,000000,District - Nandurbar,total,jain,females,3022
census-india-2011,sources/census-2011/c-series/state-mdds/c01-27-maharashtra.xls,bce626419f500bd7,census-c01-extract-v1.1.0-20260528T003617Z,C0101,27,497,00000,000000,District - Nandurbar,total,other,persons,2907
census-india-2011,sources/census-2011/c-series/state-mdds/c01-27-maharashtra.xls,bce626419f500bd7,census-c01-extract-v1.1.0-20260528T003617Z,C0101,27,497,00000,000000,District - Nandurbar,total,other,males,1446
census-india-2011,sources/census-2011/c-series/state-mdds/c01-27-maharashtra.xls,bce626419f500bd7,census-c01-extract-v1.1.0-20260528T003617Z,C0101,27,497,00000,000000,District - Nandurbar,total,other,females,1461
census-india-2011,sources/census-2011/c-series/state-mdds/c01-27-maharashtra.xls,bce626419f500bd7,census-c01-extract-v1.1.0-20260528T003617Z,C0101,27,497,00000,000000,District - Nandurbar,total,not_stated,persons,7276
census-india-2011,sources/census-2011/c-series/state-mdds/c01-27-maharashtra.xls,bce626419f500bd7,census-c01-extract-v1.1.0-20260528T003617Z,C0101,27,497,00000,000000,District - Nandurbar,total,not_stated,males,3887
census-india-2011,sources/census-2011/c-series/state-mdds/c01-27-maharashtra.xls,bce626419f500bd7,census-c01-extract-v1.1.0-20260528T003617Z,C0101,27,497,00000,000000,District - Nandurbar,total,not_stated,females,3389
census-india-2011,sources/census-2011/c-series/state-mdds/c01-27-maharashtra.xls,bce626419f500bd7,census-c01-extract-v1.1.0-20260528T003617Z,C0101,27,497,00000,000000,District - Nandurbar,rural,all,persons,1372821
census-india-2011,sources/census-2011/c-series/state-mdds/c01-27-maharashtra.xls,bce626419f500bd7,census-c01-extract-v1.1.0-20260528T003617Z,C0101,27,497,00000,000000,District - Nandurbar,rural,all,males,687671
census-india-2011,sources/census-2011/c-series/state-mdds/c01-27-maharashtra.xls,bce626419f500bd7,census-c01-extract-v1.1.0-20260528T003617Z,C0101,27,497,00000,000000,District - Nandurbar,rural,all,females,685150
census-india-2011,sources/census-2011/c-series/state-mdds/c01-27-maharashtra.xls,bce626419f500bd7,census-c01-extract-v1.1.0-20260528T003617Z,C0101,27,497,00000,000000,District - Nandurbar,rural,hindu,persons,1335295
census-india-2011,sources/census-2011/c-series/state-mdds/c01-27-maharashtra.xls,bce626419f500bd7,census-c01-extract-v1.1.0-20260528T003617Z,C0101,27,497,00000,000000,District - Nandurbar,rural,hindu,males,668553
census-india-2011,sources/census-2011/c-series/state-mdds/c01-27-maharashtra.xls,bce626419f500bd7,census-c01-extract-v1.1.0-20260528T003617Z,C0101,27,497,00000,000000,District - Nandurbar,rural,hindu,females,666742
census-india-2011,sources/census-2011/c-series/state-mdds/c01-27-maharashtra.xls,bce626419f500bd7,census-c01-extract-v1.1.0-20260528T003617Z,C0101,27,497,00000,000000,District - Nandurbar,rural,muslim,persons,16928
census-india-2011,sources/census-2011/c-series/state-mdds/c01-27-maharashtra.xls,bce626419f500bd7,census-c01-extract-v1.1.0-20260528T003617Z,C0101,27,497,00000,000000,District - Nandurbar,rural,muslim,males,8541
census-india-2011,sources/census-2011/c-series/state-mdds/c01-27-maharashtra.xls,bce626419f500bd7,census-c01-extract-v1.1.0-20260528T003617Z,C0101,27,497,00000,000000,District - Nandurbar,rural,muslim,females,8387
census-india-2011,sources/census-2011/c-series/state-mdds/c01-27-maharashtra.xls,bce626419f500bd7,census-c01-extract-v1.1.0-20260528T003617Z,C0101,27,497,00000,000000,District - Nandurbar,rural,christian,persons,6737
census-india-2011,sources/census-2011/c-series/state-mdds/c01-27-maharashtra.xls,bce626419f500bd7,census-c01-extract-v1.1.0-20260528T003617Z,C0101,27,497,00000,000000,District - Nandurbar,rural,christian,males,3318
census-india-2011,sources/census-2011/c-series/state-mdds/c01-27-maharashtra.xls,bce626419f500bd7,census-c01-extract-v1.1.0-20260528T003617Z,C0101,27,497,00000,000000,District - Nandurbar,rural,christian,females,3419
census-india-2011,sources/census-2011/c-series/state-mdds/c01-27-maharashtra.xls,bce626419f500bd7,census-c01-extract-v1.1.0-20260528T003617Z,C0101,27,497,00000,000000,District - Nandurbar,rural,sikh,persons,270
census-india-2011,sources/census-2011/c-series/state-mdds/c01-27-maharashtra.xls,bce626419f500bd7,census-c01-extract-v1.1.0-20260528T003617Z,C0101,27,497,00000,000000,District - Nandurbar,rural,sikh,males,132
census-india-2011,sources/census-2011/c-series/state-mdds/c01-27-maharashtra.xls,bce626419f500bd7,census-c01-extract-v1.1.0-20260528T003617Z,C0101,27,497,00000,000000,District - Nandurbar,rural,sikh,females,138
census-india-2011,sources/census-2011/c-series/state-mdds/c01-27-maharashtra.xls,bce626419f500bd7,census-c01-extract-v1.1.0-20260528T003617Z,C0101,27,497,00000,000000,District - Nandurbar,rural,buddhist,persons,3123
census-india-2011,sources/census-2011/c-series/state-mdds/c01-27-maharashtra.xls,bce626419f500bd7,census-c01-extract-v1.1.0-20260528T003617Z,C0101,27,497,00000,000000,District - Nandurbar,rural,buddhist,males,1590
census-india-2011,sources/census-2011/c-series/state-mdds/c01-27-maharashtra.xls,bce626419f500bd7,census-c01-extract-v1.1.0-20260528T003617Z,C0101,27,497,00000,000000,District - Nandurbar,rural,buddhist,females,1533
census-india-2011,sources/census-2011/c-series/state-mdds/c01-27-maharashtra.xls,bce626419f500bd7,census-c01-extract-v1.1.0-20260528T003617Z,C0101,27,497,00000,000000,District - Nandurbar,rural,jain,persons,1001
census-india-2011,sources/census-2011/c-series/state-mdds/c01-27-maharashtra.xls,bce626419f500bd7,census-c01-extract-v1.1.0-20260528T003617Z,C0101,27,497,00000,000000,District - Nandurbar,rural,jain,males,529
census-india-2011,sources/census-2011/c-series/state-mdds/c01-27-maharashtra.xls,bce626419f500bd7,census-c01-extract-v1.1.0-20260528T003617Z,C0101,27,497,00000,000000,District - Nandurbar,rural,jain,females,472
census-india-2011,sources/census-2011/c-series/state-mdds/c01-27-maharashtra.xls,bce626419f500bd7,census-c01-extract-v1.1.0-20260528T003617Z,C0101,27,497,00000,000000,District - Nandurbar,rural,other,persons,2868
census-india-2011,sources/census-2011/c-series/state-mdds/c01-27-maharashtra.xls,bce626419f500bd7,census-c01-extract-v1.1.0-20260528T003617Z,C0101,27,497,00000,000000,District - Nandurbar,rural,other,males,1426
census-india-2011,sources/census-2011/c-series/state-mdds/c01-27-maharashtra.xls,bce626419f500bd7,census-c01-extract-v1.1.0-20260528T003617Z,C0101,27,497,00000,000000,District - Nandurbar,rural,other,females,1442
census-india-2011,sources/census-2011/c-series/state-mdds/c01-27-maharashtra.xls,bce626419f500bd7,census-c01-extract-v1.1.0-20260528T003617Z,C0101,27,497,00000,000000,District - Nandurbar,rural,not_stated,persons,6599
census-india-2011,sources/census-2011/c-series/state-mdds/c01-27-maharashtra.xls,bce626419f500bd7,census-c01-extract-v1.1.0-20260528T003617Z,C0101,27,497,00000,000000,District - Nandurbar,rural,not_stated,males,3582
census-india-2011,sources/census-2011/c-series/state-mdds/c01-27-maharashtra.xls,bce626419f500bd7,census-c01-extract-v1.1.0-20260528T003617Z,C0101,27,497,00000,000000,District - Nandurbar,rural,not_stated,females,3017
census-india-2011,sources/census-2011/c-series/state-mdds/c01-27-maharashtra.xls,bce626419f500bd7,census-c01-extract-v1.1.0-20260528T003617Z,C0101,27,497,00000,000000,District - Nandurbar,urban,all,persons,275474
census-india-2011,sources/census-2011/c-series/state-mdds/c01-27-maharashtra.xls,bce626419f500bd7,census-c01-extract-v1.1.0-20260528T003617Z,C0101,27,497,00000,000000,District - Nandurbar,urban,all,males,145499
census-india-2011,sources/census-2011/c-series/state-mdds/c01-27-maharashtra.xls,bce626419f500bd7,census-c01-extract-v1.1.0-20260528T003617Z,C0101,27,497,00000,000000,District - Nandurbar,urban,all,females,129975
census-india-2011,sources/census-2011/c-series/state-mdds/c01-27-maharashtra.xls,bce626419f500bd7,census-c01-extract-v1.1.0-20260528T003617Z,C0101,27,497,00000,000000,District - Nandurbar,urban,hindu,persons,186323
census-india-2011,sources/census-2011/c-series/state-mdds/c01-27-maharashtra.xls,bce626419f500bd7,census-c01-extract-v1.1.0-20260528T003617Z,C0101,27,497,00000,000000,District - Nandurbar,urban,hindu,males,95906
census-india-2011,sources/census-2011/c-series/state-mdds/c01-27-maharashtra.xls,bce626419f500bd7,census-c01-extract-v1.1.0-20260528T003617Z,C0101,27,497,00000,000000,District - Nandurbar,urban,hindu,females,90417
census-india-2011,sources/census-2011/c-series/state-mdds/c01-27-maharashtra.xls,bce626419f500bd7,census-c01-extract-v1.1.0-20260528T003617Z,C0101,27,497,00000,000000,District - Nandurbar,urban,muslim,persons,79254
census-india-2011,sources/census-2011/c-series/state-mdds/c01-27-maharashtra.xls,bce626419f500bd7,census-c01-extract-v1.1.0-20260528T003617Z,C0101,27,497,00000,000000,District - Nandurbar,urban,muslim,males,44660
census-india-2011,sources/census-2011/c-series/state-mdds/c01-27-maharashtra.xls,bce626419f500bd7,census-c01-extract-v1.1.0-20260528T003617Z,C0101,27,497,00000,000000,District - Nandurbar,urban,muslim,females,34594
census-india-2011,sources/census-2011/c-series/state-mdds/c01-27-maharashtra.xls,bce626419f500bd7,census-c01-extract-v1.1.0-20260528T003617Z,C0101,27,497,00000,000000,District - Nandurbar,urban,christian,persons,1730
census-india-2011,sources/census-2011/c-series/state-mdds/c01-27-maharashtra.xls,bce626419f500bd7,census-c01-extract-v1.1.0-20260528T003617Z,C0101,27,497,00000,000000,District - Nandurbar,urban,christian,males,844
census-india-2011,sources/census-2011/c-series/state-mdds/c01-27-maharashtra.xls,bce626419f500bd7,census-c01-extract-v1.1.0-20260528T003617Z,C0101,27,497,00000,000000,District - Nandurbar,urban,christian,females,886
census-india-2011,sources/census-2011/c-series/state-mdds/c01-27-maharashtra.xls,bce626419f500bd7,census-c01-extract-v1.1.0-20260528T003617Z,C0101,27,497,00000,000000,District - Nandurbar,urban,sikh,persons,415
census-india-2011,sources/census-2011/c-series/state-mdds/c01-27-maharashtra.xls,bce626419f500bd7,census-c01-extract-v1.1.0-20260528T003617Z,C0101,27,497,00000,000000,District - Nandurbar,urban,sikh,males,214
census-india-2011,sources/census-2011/c-series/state-mdds/c01-27-maharashtra.xls,bce626419f500bd7,census-c01-extract-v1.1.0-20260528T003617Z,C0101,27,497,00000,000000,District - Nandurbar,urban,sikh,females,201
census-india-2011,sources/census-2011/c-series/state-mdds/c01-27-maharashtra.xls,bce626419f500bd7,census-c01-extract-v1.1.0-20260528T003617Z,C0101,27,497,00000,000000,District - Nandurbar,urban,buddhist,persons,1846
census-india-2011,sources/census-2011/c-series/state-mdds/c01-27-maharashtra.xls,bce626419f500bd7,census-c01-extract-v1.1.0-20260528T003617Z,C0101,27,497,00000,000000,District - Nandurbar,urban,buddhist,males,910
census-india-2011,sources/census-2011/c-series/state-mdds/c01-27-maharashtra.xls,bce626419f500bd7,census-c01-extract-v1.1.0-20260528T003617Z,C0101,27,497,00000,000000,District - Nandurbar,urban,buddhist,females,936
census-india-2011,sources/census-2011/c-series/state-mdds/c01-27-maharashtra.xls,bce626419f500bd7,census-c01-extract-v1.1.0-20260528T003617Z,C0101,27,497,00000,000000,District - Nandurbar,urban,jain,persons,5190
census-india-2011,sources/census-2011/c-series/state-mdds/c01-27-maharashtra.xls,bce626419f500bd7,census-c01-extract-v1.1.0-20260528T003617Z,C0101,27,497,00000,000000,District - Nandurbar,urban,jain,males,2640
census-india-2011,sources/census-2011/c-series/state-mdds/c01-27-maharashtra.xls,bce626419f500bd7,census-c01-extract-v1.1.0-20260528T003617Z,C0101,27,497,00000,000000,District - Nandurbar,urban,jain,females,2550
census-india-2011,sources/census-2011/c-series/state-mdds/c01-27-maharashtra.xls,bce626419f500bd7,census-c01-extract-v1.1.0-20260528T003617Z,C0101,27,497,00000,000000,District - Nandurbar,urban,other,persons,39
census-india-2011,sources/census-2011/c-series/state-mdds/c01-27-maharashtra.xls,bce626419f500bd7,census-c01-extract-v1.1.0-20260528T003617Z,C0101,27,497,00000,000000,District - Nandurbar,urban,other,males,20
census-india-2011,sources/census-2011/c-series/state-mdds/c01-27-maharashtra.xls,bce626419f500bd7,census-c01-extract-v1.1.0-20260528T003617Z,C0101,27,497,00000,000000,District - Nandurbar,urban,other,females,19
census-india-2011,sources/census-2011/c-series/state-mdds/c01-27-maharashtra.xls,bce626419f500bd7,census-c01-extract-v1.1.0-20260528T003617Z,C0101,27,497,00000,000000,District - Nandurbar,urban,not_stated,persons,677
census-india-2011,sources/census-2011/c-series/state-mdds/c01-27-maharashtra.xls,bce626419f500bd7,census-c01-extract-v1.1.0-20260528T003617Z,C0101,27,497,00000,000000,District - Nandurbar,urban,not_stated,males,305
census-india-2011,sources/census-2011/c-series/state-mdds/c01-27-maharashtra.xls,bce626419f500bd7,census-c01-extract-v1.1.0-20260528T003617Z,C0101,27,497,00000,000000,District - Nandurbar,urban,not_stated,females,372
census-india-2011,sources/census-2011/c-series/state-mdds/c01-27-maharashtra.xls,bce626419f500bd7,census-c01-extract-v1.1.0-20260528T003617Z,C0101,27,498,00000,000000,District - Dhule,total,all,persons,2050862
census-india-2011,sources/census-2011/c-series/state-mdds/c01-27-maharashtra.xls,bce626419f500bd7,census-c01-extract-v1.1.0-20260528T003617Z,C0101,27,498,00000,000000,District - Dhule,total,all,males,1054031
census-india-2011,sources/census-2011/c-series/state-mdds/c01-27-maharashtra.xls,bce626419f500bd7,census-c01-extract-v1.1.0-20260528T003617Z,C0101,27,498,00000,000000,District - Dhule,total,all,females,996831
census-india-2011,sources/census-2011/c-series/state-mdds/c01-27-maharashtra.xls,bce626419f500bd7,census-c01-extract-v1.1.0-20260528T003617Z,C0101,27,498,00000,000000,District - Dhule,total,hindu,persons,1825460
census-india-2011,sources/census-2011/c-series/state-mdds/c01-27-maharashtra.xls,bce626419f500bd7,census-c01-extract-v1.1.0-20260528T003617Z,C0101,27,498,00000,000000,District - Dhule,total,hindu,males,939294
census-india-2011,sources/census-2011/c-series/state-mdds/c01-27-maharashtra.xls,bce626419f500bd7,census-c01-extract-v1.1.0-20260528T003617Z,C0101,27,498,00000,000000,District - Dhule,total,hindu,females,886166
census-india-2011,sources/census-2011/c-series/state-mdds/c01-27-maharashtra.xls,bce626419f500bd7,census-c01-extract-v1.1.0-20260528T003617Z,C0101,27,498,00000,000000,District - Dhule,total,muslim,persons,187901
census-india-2011,sources/census-2011/c-series/state-mdds/c01-27-maharashtra.xls,bce626419f500bd7,census-c01-extract-v1.1.0-20260528T003617Z,C0101,27,498,00000,000000,District - Dhule,total,muslim,males,95345
census-india-2011,sources/census-2011/c-series/state-mdds/c01-27-maharashtra.xls,bce626419f500bd7,census-c01-extract-v1.1.0-20260528T003617Z,C0101,27,498,00000,000000,District - Dhule,total,muslim,females,92556
census-india-2011,sources/census-2011/c-series/state-mdds/c01-27-maharashtra.xls,bce626419f500bd7,census-c01-extract-v1.1.0-20260528T003617Z,C0101,27,498,00000,000000,District - Dhule,total,christian,persons,3653
census-india-2011,sources/census-2011/c-series/state-mdds/c01-27-maharashtra.xls,bce626419f500bd7,census-c01-extract-v1.1.0-20260528T003617Z,C0101,27,498,00000,000000,District - Dhule,total,christian,males,1824
census-india-2011,sources/census-2011/c-series/state-mdds/c01-27-maharashtra.xls,bce626419f500bd7,census-c01-extract-v1.1.0-20260528T003617Z,C0101,27,498,00000,000000,District - Dhule,total,christian,females,1829
census-india-2011,sources/census-2011/c-series/state-mdds/c01-27-maharashtra.xls,bce626419f500bd7,census-c01-extract-v1.1.0-20260528T003617Z,C0101,27,498,00000,000000,District - Dhule,total,sikh,persons,1422
census-india-2011,sources/census-2011/c-series/state-mdds/c01-27-maharashtra.xls,bce626419f500bd7,census-c01-extract-v1.1.0-20260528T003617Z,C0101,27,498,00000,000000,District - Dhule,total,sikh,males,718
census-india-2011,sources/census-2011/c-series/state-mdds/c01-27-maharashtra.xls,bce626419f500bd7,census-c01-extract-v1.1.0-20260528T003617Z,C0101,27,498,00000,000000,District - Dhule,total,sikh,females,704
census-india-2011,sources/census-2011/c-series/state-mdds/c01-27-maharashtra.xls,bce626419f500bd7,census-c01-extract-v1.1.0-20260528T003617Z,C0101,27,498,00000,000000,District - Dhule,total,buddhist,persons,13405
census-india-2011,sources/census-2011/c-series/state-mdds/c01-27-maharashtra.xls,bce626419f500bd7,census-c01-extract-v1.1.0-20260528T003617Z,C0101,27,498,00000,000000,District - Dhule,total,buddhist,males,6831
census-india-2011,sources/census-2011/c-series/state-mdds/c01-27-maharashtra.xls,bce626419f500bd7,census-c01-extract-v1.1.0-20260528T003617Z,C0101,27,498,00000,000000,District - Dhule,total,buddhist,females,6574
census-india-2011,sources/census-2011/c-series/state-mdds/c01-27-maharashtra.xls,bce626419f500bd7,census-c01-extract-v1.1.0-20260528T003617Z,C0101,27,498,00000,000000,District - Dhule,total,jain,persons,12818
census-india-2011,sources/census-2011/c-series/state-mdds/c01-27-maharashtra.xls,bce626419f500bd7,census-c01-extract-v1.1.0-20260528T003617Z,C0101,27,498,00000,000000,District - Dhule,total,jain,males,6617
census-india-2011,sources/census-2011/c-series/state-mdds/c01-27-maharashtra.xls,bce626419f500bd7,census-c01-extract-v1.1.0-20260528T003617Z,C0101,27,498,00000,000000,District - Dhule,total,jain,females,6201
census-india-2011,sources/census-2011/c-series/state-mdds/c01-27-maharashtra.xls,bce626419f500bd7,census-c01-extract-v1.1.0-20260528T003617Z,C0101,27,498,00000,000000,District - Dhule,total,other,persons,912
census-india-2011,sources/census-2011/c-series/state-mdds/c01-27-maharashtra.xls,bce626419f500bd7,census-c01-extract-v1.1.0-20260528T003617Z,C0101,27,498,00000,000000,District - Dhule,total,other,males,462
census-india-2011,sources/census-2011/c-series/state-mdds/c01-27-maharashtra.xls,bce626419f500bd7,census-c01-extract-v1.1.0-20260528T003617Z,C0101,27,498,00000,000000,District - Dhule,total,other,females,450
census-india-2011,sources/census-2011/c-series/state-mdds/c01-27-maharashtra.xls,bce626419f500bd7,census-c01-extract-v1.1.0-20260528T003617Z,C0101,27,498,00000,000000,District - Dhule,total,not_stated,persons,5291
census-india-2011,sources/census-2011/c-series/state-mdds/c01-27-maharashtra.xls,bce626419f500bd7,census-c01-extract-v1.1.0-20260528T003617Z,C0101,27,498,00000,000000,District - Dhule,total,not_stated,males,2940
census-india-2011,sources/census-2011/c-series/state-mdds/c01-27-maharashtra.xls,bce626419f500bd7,census-c01-extract-v1.1.0-20260528T003617Z,C0101,27,498,00000,000000,District - Dhule,total,not_stated,females,2351
census-india-2011,sources/census-2011/c-series/state-mdds/c01-27-maharashtra.xls,bce626419f500bd7,census-c01-extract-v1.1.0-20260528T003617Z,C0101,27,498,00000,000000,District - Dhule,rural,all,persons,1479826
census-india-2011,sources/census-2011/c-series/state-mdds/c01-27-maharashtra.xls,bce626419f500bd7,census-c01-extract-v1.1.0-20260528T003617Z,C0101,27,498,00000,000000,District - Dhule,rural,all,males,758916
census-india-2011,sources/census-2011/c-series/state-mdds/c01-27-maharashtra.xls,bce626419f500bd7,census-c01-extract-v1.1.0-20260528T003617Z,C0101,27,498,00000,000000,District - Dhule,rural,all,females,720910
census-india-2011,sources/census-2011/c-series/state-mdds/c01-27-maharashtra.xls,bce626419f500bd7,census-c01-extract-v1.1.0-20260528T003617Z,C0101,27,498,00000,000000,District - Dhule,rural,hindu,persons,1421959
census-india-2011,sources/census-2011/c-series/state-mdds/c01-27-maharashtra.xls,bce626419f500bd7,census-c01-extract-v1.1.0-20260528T003617Z,C0101,27,498,00000,000000,District - Dhule,rural,hindu,males,729448
census-india-2011,sources/census-2011/c-series/state-mdds/c01-27-maharashtra.xls,bce626419f500bd7,census-c01-extract-v1.1.0-20260528T003617Z,C0101,27,498,00000,000000,District - Dhule,rural,hindu,females,692511
census-india-2011,sources/census-2011/c-series/state-mdds/c01-27-maharashtra.xls,bce626419f500bd7,census-c01-extract-v1.1.0-20260528T003617Z,C0101,27,498,00000,000000,District - Dhule,rural,muslim,persons,40036
census-india-2011,sources/census-2011/c-series/state-mdds/c01-27-maharashtra.xls,bce626419f500bd7,census-c01-extract-v1.1.0-20260528T003617Z,C0101,27,498,00000,000000,District - Dhule,rural,muslim,males,20170
census-india-2011,sources/census-2011/c-series/state-mdds/c01-27-maharashtra.xls,bce626419f500bd7,census-c01-extract-v1.1.0-20260528T003617Z,C0101,27,498,00000,000000,District - Dhule,rural,muslim,females,19866
census-india-2011,sources/census-2011/c-series/state-mdds/c01-27-maharashtra.xls,bce626419f500bd7,census-c01-extract-v1.1.0-20260528T003617Z,C0101,27,498,00000,000000,District - Dhule,rural,christian,persons,2093
census-india-2011,sources/census-2011/c-series/state-mdds/c01-27-maharashtra.xls,bce626419f500bd7,census-c01-extract-v1.1.0-20260528T003617Z,C0101,27,498,00000,000000,District - Dhule,rural,christian,males,1063
census-india-2011,sources/census-2011/c-series/state-mdds/c01-27-maharashtra.xls,bce626419f500bd7,census-c01-extract-v1.1.0-20260528T003617Z,C0101,27,498,00000,000000,District - Dhule,rural,christian,females,1030
census-india-2011,sources/census-2011/c-series/state-mdds/c01-27-maharashtra.xls,bce626419f500bd7,census-c01-extract-v1.1.0-20260528T003617Z,C0101,27,498,00000,000000,District - Dhule,rural,sikh,persons,430
census-india-2011,sources/census-2011/c-series/state-mdds/c01-27-maharashtra.xls,bce626419f500bd7,census-c01-extract-v1.1.0-20260528T003617Z,C0101,27,498,00000,000000,District - Dhule,rural,sikh,males,201
census-india-2011,sources/census-2011/c-series/state-mdds/c01-27-maharashtra.xls,bce626419f500bd7,census-c01-extract-v1.1.0-20260528T003617Z,C0101,27,498,00000,000000,District - Dhule,rural,sikh,females,229
census-india-2011,sources/census-2011/c-series/state-mdds/c01-27-maharashtra.xls,bce626419f500bd7,census-c01-extract-v1.1.0-20260528T003617Z,C0101,27,498,00000,000000,District - Dhule,rural,buddhist,persons,6868
census-india-2011,sources/census-2011/c-series/state-mdds/c01-27-maharashtra.xls,bce626419f500bd7,census-c01-extract-v1.1.0-20260528T003617Z,C0101,27,498,00000,000000,District - Dhule,rural,buddhist,males,3534
census-india-2011,sources/census-2011/c-series/state-mdds/c01-27-maharashtra.xls,bce626419f500bd7,census-c01-extract-v1.1.0-20260528T003617Z,C0101,27,498,00000,000000,District - Dhule,rural,buddhist,females,3334
census-india-2011,sources/census-2011/c-series/state-mdds/c01-27-maharashtra.xls,bce626419f500bd7,census-c01-extract-v1.1.0-20260528T003617Z,C0101,27,498,00000,000000,District - Dhule,rural,jain,persons,4225
census-india-2011,sources/census-2011/c-series/state-mdds/c01-27-maharashtra.xls,bce626419f500bd7,census-c01-extract-v1.1.0-20260528T003617Z,C0101,27,498,00000,000000,District - Dhule,rural,jain,males,2260
census-india-2011,sources/census-2011/c-series/state-mdds/c01-27-maharashtra.xls,bce626419f500bd7,census-c01-extract-v1.1.0-20260528T003617Z,C0101,27,498,00000,000000,District - Dhule,rural,jain,females,1965
census-india-2011,sources/census-2011/c-series/state-mdds/c01-27-maharashtra.xls,bce626419f500bd7,census-c01-extract-v1.1.0-20260528T003617Z,C0101,27,498,00000,000000,District - Dhule,rural,other,persons,856
census-india-2011,sources/census-2011/c-series/state-mdds/c01-27-maharashtra.xls,bce626419f500bd7,census-c01-extract-v1.1.0-20260528T003617Z,C0101,27,498,00000,000000,District - Dhule,rural,other,males,434
census-india-2011,sources/census-2011/c-series/state-mdds/c01-27-maharashtra.xls,bce626419f500bd7,census-c01-extract-v1.1.0-20260528T003617Z,C0101,27,498,00000,000000,District - Dhule,rural,other,females,422
census-india-2011,sources/census-2011/c-series/state-mdds/c01-27-maharashtra.xls,bce626419f500bd7,census-c01-extract-v1.1.0-20260528T003617Z,C0101,27,498,00000,000000,District - Dhule,rural,not_stated,persons,3359
census-india-2011,sources/census-2011/c-series/state-mdds/c01-27-maharashtra.xls,bce626419f500bd7,census-c01-extract-v1.1.0-20260528T003617Z,C0101,27,498,00000,000000,District - Dhule,rural,not_stated,males,1806
census-india-2011,sources/census-2011/c-series/state-mdds/c01-27-maharashtra.xls,bce626419f500bd7,census-c01-extract-v1.1.0-20260528T003617Z,C0101,27,498,00000,000000,District - Dhule,rural,not_stated,females,1553
census-india-2011,sources/census-2011/c-series/state-mdds/c01-27-maharashtra.xls,bce626419f500bd7,census-c01-extract-v1.1.0-20260528T003617Z,C0101,27,498,00000,000000,District - Dhule,urban,all,persons,571036
census-india-2011,sources/census-2011/c-series/state-mdds/c01-27-maharashtra.xls,bce626419f500bd7,census-c01-extract-v1.1.0-20260528T003617Z,C0101,27,498,00000,000000,District - Dhule,urban,all,males,295115
census-india-2011,sources/census-2011/c-series/state-mdds/c01-27-maharashtra.xls,bce626419f500bd7,census-c01-extract-v1.1.0-20260528T003617Z,C0101,27,498,00000,000000,District - Dhule,urban,all,females,275921
census-india-2011,sources/census-2011/c-series/state-mdds/c01-27-maharashtra.xls,bce626419f500bd7,census-c01-extract-v1.1.0-20260528T003617Z,C0101,27,498,00000,000000,District - Dhule,urban,hindu,persons,403501
census-india-2011,sources/census-2011/c-series/state-mdds/c01-27-maharashtra.xls,bce626419f500bd7,census-c01-extract-v1.1.0-20260528T003617Z,C0101,27,498,00000,000000,District - Dhule,urban,hindu,males,209846
census-india-2011,sources/census-2011/c-series/state-mdds/c01-27-maharashtra.xls,bce626419f500bd7,census-c01-extract-v1.1.0-20260528T003617Z,C0101,27,498,00000,000000,District - Dhule,urban,hindu,females,193655
census-india-2011,sources/census-2011/c-series/state-mdds/c01-27-maharashtra.xls,bce626419f500bd7,census-c01-extract-v1.1.0-20260528T003617Z,C0101,27,498,00000,000000,District - Dhule,urban,muslim,persons,147865
census-india-2011,sources/census-2011/c-series/state-mdds/c01-27-maharashtra.xls,bce626419f500bd7,census-c01-extract-v1.1.0-20260528T003617Z,C0101,27,498,00000,000000,District - Dhule,urban,muslim,males,75175
census-india-2011,sources/census-2011/c-series/state-mdds/c01-27-maharashtra.xls,bce626419f500bd7,census-c01-extract-v1.1.0-20260528T003617Z,C0101,27,498,00000,000000,District - Dhule,urban,muslim,females,72690
census-india-2011,sources/census-2011/c-series/state-mdds/c01-27-maharashtra.xls,bce626419f500bd7,census-c01-extract-v1.1.0-20260528T003617Z,C0101,27,498,00000,000000,District - Dhule,urban,christian,persons,1560
census-india-2011,sources/census-2011/c-series/state-mdds/c01-27-maharashtra.xls,bce626419f500bd7,census-c01-extract-v1.1.0-20260528T003617Z,C0101,27,498,00000,000000,District - Dhule,urban,christian,males,761
census-india-2011,sources/census-2011/c-series/state-mdds/c01-27-maharashtra.xls,bce626419f500bd7,census-c01-extract-v1.1.0-20260528T003617Z,C0101,27,498,00000,000000,District - Dhule,urban,christian,females,799
census-india-2011,sources/census-2011/c-series/state-mdds/c01-27-maharashtra.xls,bce626419f500bd7,census-c01-extract-v1.1.0-20260528T003617Z,C0101,27,498,00000,000000,District - Dhule,urban,sikh,persons,992
census-india-2011,sources/census-2011/c-series/state-mdds/c01-27-maharashtra.xls,bce626419f500bd7,census-c01-extract-v1.1.0-20260528T003617Z,C0101,27,498,00000,000000,District - Dhule,urban,sikh,males,517
census-india-2011,sources/census-2011/c-series/state-mdds/c01-27-maharashtra.xls,bce626419f500bd7,census-c01-extract-v1.1.0-20260528T003617Z,C0101,27,498,00000,000000,District - Dhule,urban,sikh,females,475
census-india-2011,sources/census-2011/c-series/state-mdds/c01-27-maharashtra.xls,bce626419f500bd7,census-c01-extract-v1.1.0-20260528T003617Z,C0101,27,498,00000,000000,District - Dhule,urban,buddhist,persons,6537
census-india-2011,sources/census-2011/c-series/state-mdds/c01-27-maharashtra.xls,bce626419f500bd7,census-c01-extract-v1.1.0-20260528T003617Z,C0101,27,498,00000,000000,District - Dhule,urban,buddhist,males,3297
census-india-2011,sources/census-2011/c-series/state-mdds/c01-27-maharashtra.xls,bce626419f500bd7,census-c01-extract-v1.1.0-20260528T003617Z,C0101,27,498,00000,000000,District - Dhule,urban,buddhist,females,3240
census-india-2011,sources/census-2011/c-series/state-mdds/c01-27-maharashtra.xls,bce626419f500bd7,census-c01-extract-v1.1.0-20260528T003617Z,C0101,27,498,00000,000000,District - Dhule,urban,jain,persons,8593
census-india-2011,sources/census-2011/c-series/state-mdds/c01-27-maharashtra.xls,bce626419f500bd7,census-c01-extract-v1.1.0-20260528T003617Z,C0101,27,498,00000,000000,District - Dhule,urban,jain,males,4357
census-india-2011,sources/census-2011/c-series/state-mdds/c01-27-maharashtra.xls,bce626419f500bd7,census-c01-extract-v1.1.0-20260528T003617Z,C0101,27,498,00000,000000,District - Dhule,urban,jain,females,4236
census-india-2011,sources/census-2011/c-series/state-mdds/c01-27-maharashtra.xls,bce626419f500bd7,census-c01-extract-v1.1.0-20260528T003617Z,C0101,27,498,00000,000000,District - Dhule,urban,other,persons,56
census-india-2011,sources/census-2011/c-series/state-mdds/c01-27-maharashtra.xls,bce626419f500bd7,census-c01-extract-v1.1.0-20260528T003617Z,C0101,27,498,00000,000000,District - Dhule,urban,other,males,28
census-india-2011,sources/census-2011/c-series/state-mdds/c01-27-maharashtra.xls,bce626419f500bd7,census-c01-extract-v1.1.0-20260528T003617Z,C0101,27,498,00000,000000,District - Dhule,urban,other,females,28
census-india-2011,sources/census-2011/c-series/state-mdds/c01-27-maharashtra.xls,bce626419f500bd7,census-c01-extract-v1.1.0-20260528T003617Z,C0101,27,498,00000,000000,District - Dhule,urban,not_stated,persons,1932
census-india-2011,sources/census-2011/c-series/state-mdds/c01-27-maharashtra.xls,bce626419f500bd7,census-c01-extract-v1.1.0-20260528T003617Z,C0101,27,498,00000,000000,District - Dhule,urban,not_stated,males,1134
census-india-2011,sources/census-2011/c-series/state-mdds/c01-27-maharashtra.xls,bce626419f500bd7,census-c01-extract-v1.1.0-20260528T003617Z,C0101,27,498,00000,000000,District - Dhule,urban,not_stated,females,798
census-india-2011,sources/census-2011/c-series/state-mdds/c01-27-maharashtra.xls,bce626419f500bd7,census-c01-extract-v1.1.0-20260528T003617Z,C0101,27,499,00000,000000,District - Jalgaon,total,all,persons,4229917
census-india-2011,sources/census-2011/c-series/state-mdds/c01-27-maharashtra.xls,bce626419f500bd7,census-c01-extract-v1.1.0-20260528T003617Z,C0101,27,499,00000,000000,District - Jalgaon,total,all,males,2197365
census-india-2011,sources/census-2011/c-series/state-mdds/c01-27-maharashtra.xls,bce626419f500bd7,census-c01-extract-v1.1.0-20260528T003617Z,C0101,27,499,00000,000000,District - Jalgaon,total,all,females,2032552
census-india-2011,sources/census-2011/c-series/state-mdds/c01-27-maharashtra.xls,bce626419f500bd7,census-c01-extract-v1.1.0-20260528T003617Z,C0101,27,499,00000,000000,District - Jalgaon,total,hindu,persons,3457615
census-india-2011,sources/census-2011/c-series/state-mdds/c01-27-maharashtra.xls,bce626419f500bd7,census-c01-extract-v1.1.0-20260528T003617Z,C0101,27,499,00000,000000,District - Jalgaon,total,hindu,males,1802246
census-india-2011,sources/census-2011/c-series/state-mdds/c01-27-maharashtra.xls,bce626419f500bd7,census-c01-extract-v1.1.0-20260528T003617Z,C0101,27,499,00000,000000,District - Jalgaon,total,hindu,females,1655369
census-india-2011,sources/census-2011/c-series/state-mdds/c01-27-maharashtra.xls,bce626419f500bd7,census-c01-extract-v1.1.0-20260528T003617Z,C0101,27,499,00000,000000,District - Jalgaon,total,muslim,persons,560261
census-india-2011,sources/census-2011/c-series/state-mdds/c01-27-maharashtra.xls,bce626419f500bd7,census-c01-extract-v1.1.0-20260528T003617Z,C0101,27,499,00000,000000,District - Jalgaon,total,muslim,males,286303
census-india-2011,sources/census-2011/c-series/state-mdds/c01-27-maharashtra.xls,bce626419f500bd7,census-c01-extract-v1.1.0-20260528T003617Z,C0101,27,499,00000,000000,District - Jalgaon,total,muslim,females,273958
census-india-2011,sources/census-2011/c-series/state-mdds/c01-27-maharashtra.xls,bce626419f500bd7,census-c01-extract-v1.1.0-20260528T003617Z,C0101,27,499,00000,000000,District - Jalgaon,total,christian,persons,7091
census-india-2011,sources/census-2011/c-series/state-mdds/c01-27-maharashtra.xls,bce626419f500bd7,census-c01-extract-v1.1.0-20260528T003617Z,C0101,27,499,00000,000000,District - Jalgaon,total,christian,males,3540
census-india-2011,sources/census-2011/c-series/state-mdds/c01-27-maharashtra.xls,bce626419f500bd7,census-c01-extract-v1.1.0-20260528T003617Z,C0101,27,499,00000,000000,District - Jalgaon,total,christian,females,3551
census-india-2011,sources/census-2011/c-series/state-mdds/c01-27-maharashtra.xls,bce626419f500bd7,census-c01-extract-v1.1.0-20260528T003617Z,C0101,27,499,00000,000000,District - Jalgaon,total,sikh,persons,3091
census-india-2011,sources/census-2011/c-series/state-mdds/c01-27-maharashtra.xls,bce626419f500bd7,census-c01-extract-v1.1.0-20260528T003617Z,C0101,27,499,00000,000000,District - Jalgaon,total,sikh,males,1613
census-india-2011,sources/census-2011/c-series/state-mdds/c01-27-maharashtra.xls,bce626419f500bd7,census-c01-extract-v1.1.0-20260528T003617Z,C0101,27,499,00000,000000,District - Jalgaon,total,sikh,females,1478
census-india-2011,sources/census-2011/c-series/state-mdds/c01-27-maharashtra.xls,bce626419f500bd7,census-c01-extract-v1.1.0-20260528T003617Z,C0101,27,499,00000,000000,District - Jalgaon,total,buddhist,persons,143865
census-india-2011,sources/census-2011/c-series/state-mdds/c01-27-maharashtra.xls,bce626419f500bd7,census-c01-extract-v1.1.0-20260528T003617Z,C0101,27,499,00000,000000,District - Jalgaon,total,buddhist,males,73777
census-india-2011,sources/census-2011/c-series/state-mdds/c01-27-maharashtra.xls,bce626419f500bd7,census-c01-extract-v1.1.0-20260528T003617Z,C0101,27,499,00000,000000,District - Jalgaon,total,buddhist,females,70088
census-india-2011,sources/census-2011/c-series/state-mdds/c01-27-maharashtra.xls,bce626419f500bd7,census-c01-extract-v1.1.0-20260528T003617Z,C0101,27,499,00000,000000,District - Jalgaon,total,jain,persons,27404
census-india-2011,sources/census-2011/c-series/state-mdds/c01-27-maharashtra.xls,bce626419f500bd7,census-c01-extract-v1.1.0-20260528T003617Z,C0101,27,499,00000,000000,District - Jalgaon,total,jain,males,14205
census-india-2011,sources/census-2011/c-series/state-mdds/c01-27-maharashtra.xls,bce626419f500bd7,census-c01-extract-v1.1.0-20260528T003617Z,C0101,27,499,00000,000000,District - Jalgaon,total,jain,females,13199
census-india-2011,sources/census-2011/c-series/state-mdds/c01-27-maharashtra.xls,bce626419f500bd7,census-c01-extract-v1.1.0-20260528T003617Z,C0101,27,499,00000,000000,District - Jalgaon,total,other,persons,9662
census-india-2011,sources/census-2011/c-series/state-mdds/c01-27-maharashtra.xls,bce626419f500bd7,census-c01-extract-v1.1.0-20260528T003617Z,C0101,27,499,00000,000000,District - Jalgaon,total,other,males,4870
census-india-2011,sources/census-2011/c-series/state-mdds/c01-27-maharashtra.xls,bce626419f500bd7,census-c01-extract-v1.1.0-20260528T003617Z,C0101,27,499,00000,000000,District - Jalgaon,total,other,females,4792
census-india-2011,sources/census-2011/c-series/state-mdds/c01-27-maharashtra.xls,bce626419f500bd7,census-c01-extract-v1.1.0-20260528T003617Z,C0101,27,499,00000,000000,District - Jalgaon,total,not_stated,persons,20928
census-india-2011,sources/census-2011/c-series/state-mdds/c01-27-maharashtra.xls,bce626419f500bd7,census-c01-extract-v1.1.0-20260528T003617Z,C0101,27,499,00000,000000,District - Jalgaon,total,not_stated,males,10811
census-india-2011,sources/census-2011/c-series/state-mdds/c01-27-maharashtra.xls,bce626419f500bd7,census-c01-extract-v1.1.0-20260528T003617Z,C0101,27,499,00000,000000,District - Jalgaon,total,not_stated,females,10117
census-india-2011,sources/census-2011/c-series/state-mdds/c01-27-maharashtra.xls,bce626419f500bd7,census-c01-extract-v1.1.0-20260528T003617Z,C0101,27,499,00000,000000,District - Jalgaon,rural,all,persons,2887206
census-india-2011,sources/census-2011/c-series/state-mdds/c01-27-maharashtra.xls,bce626419f500bd7,census-c01-extract-v1.1.0-20260528T003617Z,C0101,27,499,00000,000000,District - Jalgaon,rural,all,males,1500514
census-india-2011,sources/census-2011/c-series/state-mdds/c01-27-maharashtra.xls,bce626419f500bd7,census-c01-extract-v1.1.0-20260528T003617Z,C0101,27,499,00000,000000,District - Jalgaon,rural,all,females,1386692
census-india-2011,sources/census-2011/c-series/state-mdds/c01-27-maharashtra.xls,bce626419f500bd7,census-c01-extract-v1.1.0-20260528T003617Z,C0101,27,499,00000,000000,District - Jalgaon,rural,hindu,persons,2491109
census-india-2011,sources/census-2011/c-series/state-mdds/c01-27-maharashtra.xls,bce626419f500bd7,census-c01-extract-v1.1.0-20260528T003617Z,C0101,27,499,00000,000000,District - Jalgaon,rural,hindu,males,1297170
census-india-2011,sources/census-2011/c-series/state-mdds/c01-27-maharashtra.xls,bce626419f500bd7,census-c01-extract-v1.1.0-20260528T003617Z,C0101,27,499,00000,000000,District - Jalgaon,rural,hindu,females,1193939
census-india-2011,sources/census-2011/c-series/state-mdds/c01-27-maharashtra.xls,bce626419f500bd7,census-c01-extract-v1.1.0-20260528T003617Z,C0101,27,499,00000,000000,District - Jalgaon,rural,muslim,persons,264824
census-india-2011,sources/census-2011/c-series/state-mdds/c01-27-maharashtra.xls,bce626419f500bd7,census-c01-extract-v1.1.0-20260528T003617Z,C0101,27,499,00000,000000,District - Jalgaon,rural,muslim,males,135754
census-india-2011,sources/census-2011/c-series/state-mdds/c01-27-maharashtra.xls,bce626419f500bd7,census-c01-extract-v1.1.0-20260528T003617Z,C0101,27,499,00000,000000,District - Jalgaon,rural,muslim,females,129070
census-india-2011,sources/census-2011/c-series/state-mdds/c01-27-maharashtra.xls,bce626419f500bd7,census-c01-extract-v1.1.0-20260528T003617Z,C0101,27,499,00000,000000,District - Jalgaon,rural,christian,persons,2461
census-india-2011,sources/census-2011/c-series/state-mdds/c01-27-maharashtra.xls,bce626419f500bd7,census-c01-extract-v1.1.0-20260528T003617Z,C0101,27,499,00000,000000,District - Jalgaon,rural,christian,males,1264
census-india-2011,sources/census-2011/c-series/state-mdds/c01-27-maharashtra.xls,bce626419f500bd7,census-c01-extract-v1.1.0-20260528T003617Z,C0101,27,499,00000,000000,District - Jalgaon,rural,christian,females,1197
census-india-2011,sources/census-2011/c-series/state-mdds/c01-27-maharashtra.xls,bce626419f500bd7,census-c01-extract-v1.1.0-20260528T003617Z,C0101,27,499,00000,000000,District - Jalgaon,rural,sikh,persons,895
census-india-2011,sources/census-2011/c-series/state-mdds/c01-27-maharashtra.xls,bce626419f500bd7,census-c01-extract-v1.1.0-20260528T003617Z,C0101,27,499,00000,000000,District - Jalgaon,rural,sikh,males,452
census-india-2011,sources/census-2011/c-series/state-mdds/c01-27-maharashtra.xls,bce626419f500bd7,census-c01-extract-v1.1.0-20260528T003617Z,C0101,27,499,00000,000000,District - Jalgaon,rural,sikh,females,443
census-india-2011,sources/census-2011/c-series/state-mdds/c01-27-maharashtra.xls,bce626419f500bd7,census-c01-extract-v1.1.0-20260528T003617Z,C0101,27,499,00000,000000,District - Jalgaon,rural,buddhist,persons,93256
census-india-2011,sources/census-2011/c-series/state-mdds/c01-27-maharashtra.xls,bce626419f500bd7,census-c01-extract-v1.1.0-20260528T003617Z,C0101,27,499,00000,000000,District - Jalgaon,rural,buddhist,males,48160
census-india-2011,sources/census-2011/c-series/state-mdds/c01-27-maharashtra.xls,bce626419f500bd7,census-c01-extract-v1.1.0-20260528T003617Z,C0101,27,499,00000,000000,District - Jalgaon,rural,buddhist,females,45096
census-india-2011,sources/census-2011/c-series/state-mdds/c01-27-maharashtra.xls,bce626419f500bd7,census-c01-extract-v1.1.0-20260528T003617Z,C0101,27,499,00000,000000,District - Jalgaon,rural,jain,persons,8036
census-india-2011,sources/census-2011/c-series/state-mdds/c01-27-maharashtra.xls,bce626419f500bd7,census-c01-extract-v1.1.0-20260528T003617Z,C0101,27,499,00000,000000,District - Jalgaon,rural,jain,males,4227
census-india-2011,sources/census-2011/c-series/state-mdds/c01-27-maharashtra.xls,bce626419f500bd7,census-c01-extract-v1.1.0-20260528T003617Z,C0101,27,499,00000,000000,District - Jalgaon,rural,jain,females,3809
census-india-2011,sources/census-2011/c-series/state-mdds/c01-27-maharashtra.xls,bce626419f500bd7,census-c01-extract-v1.1.0-20260528T003617Z,C0101,27,499,00000,000000,District - Jalgaon,rural,other,persons,8942
census-india-2011,sources/census-2011/c-series/state-mdds/c01-27-maharashtra.xls,bce626419f500bd7,census-c01-extract-v1.1.0-20260528T003617Z,C0101,27,499,00000,000000,District - Jalgaon,rural,other,males,4524
census-india-2011,sources/census-2011/c-series/state-mdds/c01-27-maharashtra.xls,bce626419f500bd7,census-c01-extract-v1.1.0-20260528T003617Z,C0101,27,499,00000,000000,District - Jalgaon,rural,other,females,4418
census-india-2011,sources/census-2011/c-series/state-mdds/c01-27-maharashtra.xls,bce626419f500bd7,census-c01-extract-v1.1.0-20260528T003617Z,C0101,27,499,00000,000000,District - Jalgaon,rural,not_stated,persons,17683
census-india-2011,sources/census-2011/c-series/state-mdds/c01-27-maharashtra.xls,bce626419f500bd7,census-c01-extract-v1.1.0-20260528T003617Z,C0101,27,499,00000,000000,District - Jalgaon,rural,not_stated,males,8963
census-india-2011,sources/census-2011/c-series/state-mdds/c01-27-maharashtra.xls,bce626419f500bd7,census-c01-extract-v1.1.0-20260528T003617Z,C0101,27,499,00000,000000,District - Jalgaon,rural,not_stated,females,8720
census-india-2011,sources/census-2011/c-series/state-mdds/c01-27-maharashtra.xls,bce626419f500bd7,census-c01-extract-v1.1.0-20260528T003617Z,C0101,27,499,00000,000000,District - Jalgaon,urban,all,persons,1342711
census-india-2011,sources/census-2011/c-series/state-mdds/c01-27-maharashtra.xls,bce626419f500bd7,census-c01-extract-v1.1.0-20260528T003617Z,C0101,27,499,00000,000000,District - Jalgaon,urban,all,males,696851
census-india-2011,sources/census-2011/c-series/state-mdds/c01-27-maharashtra.xls,bce626419f500bd7,census-c01-extract-v1.1.0-20260528T003617Z,C0101,27,499,00000,000000,District - Jalgaon,urban,all,females,645860
census-india-2011,sources/census-2011/c-series/state-mdds/c01-27-maharashtra.xls,bce626419f500bd7,census-c01-extract-v1.1.0-20260528T003617Z,C0101,27,499,00000,000000,District - Jalgaon,urban,hindu,persons,966506
census-india-2011,sources/census-2011/c-series/state-mdds/c01-27-maharashtra.xls,bce626419f500bd7,census-c01-extract-v1.1.0-20260528T003617Z,C0101,27,499,00000,000000,District - Jalgaon,urban,hindu,males,505076
census-india-2011,sources/census-2011/c-series/state-mdds/c01-27-maharashtra.xls,bce626419f500bd7,census-c01-extract-v1.1.0-20260528T003617Z,C0101,27,499,00000,000000,District - Jalgaon,urban,hindu,females,461430
census-india-2011,sources/census-2011/c-series/state-mdds/c01-27-maharashtra.xls,bce626419f500bd7,census-c01-extract-v1.1.0-20260528T003617Z,C0101,27,499,00000,000000,District - Jalgaon,urban,muslim,persons,295437
census-india-2011,sources/census-2011/c-series/state-mdds/c01-27-maharashtra.xls,bce626419f500bd7,census-c01-extract-v1.1.0-20260528T003617Z,C0101,27,499,00000,000000,District - Jalgaon,urban,muslim,males,150549
census-india-2011,sources/census-2011/c-series/state-mdds/c01-27-maharashtra.xls,bce626419f500bd7,census-c01-extract-v1.1.0-20260528T003617Z,C0101,27,499,00000,000000,District - Jalgaon,urban,muslim,females,144888
census-india-2011,sources/census-2011/c-series/state-mdds/c01-27-maharashtra.xls,bce626419f500bd7,census-c01-extract-v1.1.0-20260528T003617Z,C0101,27,499,00000,000000,District - Jalgaon,urban,christian,persons,4630
census-india-2011,sources/census-2011/c-series/state-mdds/c01-27-maharashtra.xls,bce626419f500bd7,census-c01-extract-v1.1.0-20260528T003617Z,C0101,27,499,00000,000000,District - Jalgaon,urban,christian,males,2276
census-india-2011,sources/census-2011/c-series/state-mdds/c01-27-maharashtra.xls,bce626419f500bd7,census-c01-extract-v1.1.0-20260528T003617Z,C0101,27,499,00000,000000,District - Jalgaon,urban,christian,females,2354
census-india-2011,sources/census-2011/c-series/state-mdds/c01-27-maharashtra.xls,bce626419f500bd7,census-c01-extract-v1.1.0-20260528T003617Z,C0101,27,499,00000,000000,District - Jalgaon,urban,sikh,persons,2196
census-india-2011,sources/census-2011/c-series/state-mdds/c01-27-maharashtra.xls,bce626419f500bd7,census-c01-extract-v1.1.0-20260528T003617Z,C0101,27,499,00000,000000,District - Jalgaon,urban,sikh,males,1161
census-india-2011,sources/census-2011/c-series/state-mdds/c01-27-maharashtra.xls,bce626419f500bd7,census-c01-extract-v1.1.0-20260528T003617Z,C0101,27,499,00000,000000,District - Jalgaon,urban,sikh,females,1035
census-india-2011,sources/census-2011/c-series/state-mdds/c01-27-maharashtra.xls,bce626419f500bd7,census-c01-extract-v1.1.0-20260528T003617Z,C0101,27,499,00000,000000,District - Jalgaon,urban,buddhist,persons,50609
census-india-2011,sources/census-2011/c-series/state-mdds/c01-27-maharashtra.xls,bce626419f500bd7,census-c01-extract-v1.1.0-20260528T003617Z,C0101,27,499,00000,000000,District - Jalgaon,urban,buddhist,males,25617
census-india-2011,sources/census-2011/c-series/state-mdds/c01-27-maharashtra.xls,bce626419f500bd7,census-c01-extract-v1.1.0-20260528T003617Z,C0101,27,499,00000,000000,District - Jalgaon,urban,buddhist,females,24992
census-india-2011,sources/census-2011/c-series/state-mdds/c01-27-maharashtra.xls,bce626419f500bd7,census-c01-extract-v1.1.0-20260528T003617Z,C0101,27,499,00000,000000,District - Jalgaon,urban,jain,persons,19368
census-india-2011,sources/census-2011/c-series/state-mdds/c01-27-maharashtra.xls,bce626419f500bd7,census-c01-extract-v1.1.0-20260528T003617Z,C0101,27,499,00000,000000,District - Jalgaon,urban,jain,males,9978
census-india-2011,sources/census-2011/c-series/state-mdds/c01-27-maharashtra.xls,bce626419f500bd7,census-c01-extract-v1.1.0-20260528T003617Z,C0101,27,499,00000,000000,District - Jalgaon,urban,jain,females,9390
census-india-2011,sources/census-2011/c-series/state-mdds/c01-27-maharashtra.xls,bce626419f500bd7,census-c01-extract-v1.1.0-20260528T003617Z,C0101,27,499,00000,000000,District - Jalgaon,urban,other,persons,720
census-india-2011,sources/census-2011/c-series/state-mdds/c01-27-maharashtra.xls,bce626419f500bd7,census-c01-extract-v1.1.0-20260528T003617Z,C0101,27,499,00000,000000,District - Jalgaon,urban,other,males,346
census-india-2011,sources/census-2011/c-series/state-mdds/c01-27-maharashtra.xls,bce626419f500bd7,census-c01-extract-v1.1.0-20260528T003617Z,C0101,27,499,00000,000000,District - Jalgaon,urban,other,females,374
census-india-2011,sources/census-2011/c-series/state-mdds/c01-27-maharashtra.xls,bce626419f500bd7,census-c01-extract-v1.1.0-20260528T003617Z,C0101,27,499,00000,000000,District - Jalgaon,urban,not_stated,persons,3245
census-india-2011,sources/census-2011/c-series/state-mdds/c01-27-maharashtra.xls,bce626419f500bd7,census-c01-extract-v1.1.0-20260528T003617Z,C0101,27,499,00000,000000,District - Jalgaon,urban,not_stated,males,1848
census-india-2011,sources/census-2011/c-series/state-mdds/c01-27-maharashtra.xls,bce626419f500bd7,census-c01-extract-v1.1.0-20260528T003617Z,C0101,27,499,00000,000000,District - Jalgaon,urban,not_stated,females,1397
census-india-2011,sources/census-2011/c-series/state-mdds/c01-27-maharashtra.xls,bce626419f500bd7,census-c01-extract-v1.1.0-20260528T003617Z,C0101,27,500,00000,000000,District - Buldana,total,all,persons,2586258
census-india-2011,sources/census-2011/c-series/state-mdds/c01-27-maharashtra.xls,bce626419f500bd7,census-c01-extract-v1.1.0-20260528T003617Z,C0101,27,500,00000,000000,District - Buldana,total,all,males,1337560
census-india-2011,sources/census-2011/c-series/state-mdds/c01-27-maharashtra.xls,bce626419f500bd7,census-c01-extract-v1.1.0-20260528T003617Z,C0101,27,500,00000,000000,District - Buldana,total,all,females,1248698
census-india-2011,sources/census-2011/c-series/state-mdds/c01-27-maharashtra.xls,bce626419f500bd7,census-c01-extract-v1.1.0-20260528T003617Z,C0101,27,500,00000,000000,District - Buldana,total,hindu,persons,1845424
census-india-2011,sources/census-2011/c-series/state-mdds/c01-27-maharashtra.xls,bce626419f500bd7,census-c01-extract-v1.1.0-20260528T003617Z,C0101,27,500,00000,000000,District - Buldana,total,hindu,males,956449
census-india-2011,sources/census-2011/c-series/state-mdds/c01-27-maharashtra.xls,bce626419f500bd7,census-c01-extract-v1.1.0-20260528T003617Z,C0101,27,500,00000,000000,District - Buldana,total,hindu,females,888975
census-india-2011,sources/census-2011/c-series/state-mdds/c01-27-maharashtra.xls,bce626419f500bd7,census-c01-extract-v1.1.0-20260528T003617Z,C0101,27,500,00000,000000,District - Buldana,total,muslim,persons,354236
census-india-2011,sources/census-2011/c-series/state-mdds/c01-27-maharashtra.xls,bce626419f500bd7,census-c01-extract-v1.1.0-20260528T003617Z,C0101,27,500,00000,000000,District - Buldana,total,muslim,males,182592
census-india-2011,sources/census-2011/c-series/state-mdds/c01-27-maharashtra.xls,bce626419f500bd7,census-c01-extract-v1.1.0-20260528T003617Z,C0101,27,500,00000,000000,District - Buldana,total,muslim,females,171644
census-india-2011,sources/census-2011/c-series/state-mdds/c01-27-maharashtra.xls,bce626419f500bd7,census-c01-extract-v1.1.0-20260528T003617Z,C0101,27,500,00000,000000,District - Buldana,total,christian,persons,3531
census-india-2011,sources/census-2011/c-series/state-mdds/c01-27-maharashtra.xls,bce626419f500bd7,census-c01-extract-v1.1.0-20260528T003617Z,C0101,27,500,00000,000000,District - Buldana,total,christian,males,1835
census-india-2011,sources/census-2011/c-series/state-mdds/c01-27-maharashtra.xls,bce626419f500bd7,census-c01-extract-v1.1.0-20260528T003617Z,C0101,27,500,00000,000000,District - Buldana,total,christian,females,1696
census-india-2011,sources/census-2011/c-series/state-mdds/c01-27-maharashtra.xls,bce626419f500bd7,census-c01-extract-v1.1.0-20260528T003617Z,C0101,27,500,00000,000000,District - Buldana,total,sikh,persons,1668
census-india-2011,sources/census-2011/c-series/state-mdds/c01-27-maharashtra.xls,bce626419f500bd7,census-c01-extract-v1.1.0-20260528T003617Z,C0101,27,500,00000,000000,District - Buldana,total,sikh,males,884
census-india-2011,sources/census-2011/c-series/state-mdds/c01-27-maharashtra.xls,bce626419f500bd7,census-c01-extract-v1.1.0-20260528T003617Z,C0101,27,500,00000,000000,District - Buldana,total,sikh,females,784
census-india-2011,sources/census-2011/c-series/state-mdds/c01-27-maharashtra.xls,bce626419f500bd7,census-c01-extract-v1.1.0-20260528T003617Z,C0101,27,500,00000,000000,District - Buldana,total,buddhist,persons,364229
census-india-2011,sources/census-2011/c-series/state-mdds/c01-27-maharashtra.xls,bce626419f500bd7,census-c01-extract-v1.1.0-20260528T003617Z,C0101,27,500,00000,000000,District - Buldana,total,buddhist,males,186967
census-india-2011,sources/census-2011/c-series/state-mdds/c01-27-maharashtra.xls,bce626419f500bd7,census-c01-extract-v1.1.0-20260528T003617Z,C0101,27,500,00000,000000,District - Buldana,total,buddhist,females,177262
census-india-2011,sources/census-2011/c-series/state-mdds/c01-27-maharashtra.xls,bce626419f500bd7,census-c01-extract-v1.1.0-20260528T003617Z,C0101,27,500,00000,000000,District - Buldana,total,jain,persons,12242
census-india-2011,sources/census-2011/c-series/state-mdds/c01-27-maharashtra.xls,bce626419f500bd7,census-c01-extract-v1.1.0-20260528T003617Z,C0101,27,500,00000,000000,District - Buldana,total,jain,males,6335
census-india-2011,sources/census-2011/c-series/state-mdds/c01-27-maharashtra.xls,bce626419f500bd7,census-c01-extract-v1.1.0-20260528T003617Z,C0101,27,500,00000,000000,District - Buldana,total,jain,females,5907
census-india-2011,sources/census-2011/c-series/state-mdds/c01-27-maharashtra.xls,bce626419f500bd7,census-c01-extract-v1.1.0-20260528T003617Z,C0101,27,500,00000,000000,District - Buldana,total,other,persons,522
census-india-2011,sources/census-2011/c-series/state-mdds/c01-27-maharashtra.xls,bce626419f500bd7,census-c01-extract-v1.1.0-20260528T003617Z,C0101,27,500,00000,000000,District - Buldana,total,other,males,270
census-india-2011,sources/census-2011/c-series/state-mdds/c01-27-maharashtra.xls,bce626419f500bd7,census-c01-extract-v1.1.0-20260528T003617Z,C0101,27,500,00000,000000,District - Buldana,total,other,females,252
census-india-2011,sources/census-2011/c-series/state-mdds/c01-27-maharashtra.xls,bce626419f500bd7,census-c01-extract-v1.1.0-20260528T003617Z,C0101,27,500,00000,000000,District - Buldana,total,not_stated,persons,4406
census-india-2011,sources/census-2011/c-series/state-mdds/c01-27-maharashtra.xls,bce626419f500bd7,census-c01-extract-v1.1.0-20260528T003617Z,C0101,27,500,00000,000000,District - Buldana,total,not_stated,males,2228
census-india-2011,sources/census-2011/c-series/state-mdds/c01-27-maharashtra.xls,bce626419f500bd7,census-c01-extract-v1.1.0-20260528T003617Z,C0101,27,500,00000,000000,District - Buldana,total,not_stated,females,2178
census-india-2011,sources/census-2011/c-series/state-mdds/c01-27-maharashtra.xls,bce626419f500bd7,census-c01-extract-v1.1.0-20260528T003617Z,C0101,27,500,00000,000000,District - Buldana,rural,all,persons,2037398
census-india-2011,sources/census-2011/c-series/state-mdds/c01-27-maharashtra.xls,bce626419f500bd7,census-c01-extract-v1.1.0-20260528T003617Z,C0101,27,500,00000,000000,District - Buldana,rural,all,males,1055242
census-india-2011,sources/census-2011/c-series/state-mdds/c01-27-maharashtra.xls,bce626419f500bd7,census-c01-extract-v1.1.0-20260528T003617Z,C0101,27,500,00000,000000,District - Buldana,rural,all,females,982156
census-india-2011,sources/census-2011/c-series/state-mdds/c01-27-maharashtra.xls,bce626419f500bd7,census-c01-extract-v1.1.0-20260528T003617Z,C0101,27,500,00000,000000,District - Buldana,rural,hindu,persons,1516619
census-india-2011,sources/census-2011/c-series/state-mdds/c01-27-maharashtra.xls,bce626419f500bd7,census-c01-extract-v1.1.0-20260528T003617Z,C0101,27,500,00000,000000,District - Buldana,rural,hindu,males,786810
census-india-2011,sources/census-2011/c-series/state-mdds/c01-27-maharashtra.xls,bce626419f500bd7,census-c01-extract-v1.1.0-20260528T003617Z,C0101,27,500,00000,000000,District - Buldana,rural,hindu,females,729809
census-india-2011,sources/census-2011/c-series/state-mdds/c01-27-maharashtra.xls,bce626419f500bd7,census-c01-extract-v1.1.0-20260528T003617Z,C0101,27,500,00000,000000,District - Buldana,rural,muslim,persons,198801
census-india-2011,sources/census-2011/c-series/state-mdds/c01-27-maharashtra.xls,bce626419f500bd7,census-c01-extract-v1.1.0-20260528T003617Z,C0101,27,500,00000,000000,District - Buldana,rural,muslim,males,102706
census-india-2011,sources/census-2011/c-series/state-mdds/c01-27-maharashtra.xls,bce626419f500bd7,census-c01-extract-v1.1.0-20260528T003617Z,C0101,27,500,00000,000000,District - Buldana,rural,muslim,females,96095
census-india-2011,sources/census-2011/c-series/state-mdds/c01-27-maharashtra.xls,bce626419f500bd7,census-c01-extract-v1.1.0-20260528T003617Z,C0101,27,500,00000,000000,District - Buldana,rural,christian,persons,1985
census-india-2011,sources/census-2011/c-series/state-mdds/c01-27-maharashtra.xls,bce626419f500bd7,census-c01-extract-v1.1.0-20260528T003617Z,C0101,27,500,00000,000000,District - Buldana,rural,christian,males,1064
census-india-2011,sources/census-2011/c-series/state-mdds/c01-27-maharashtra.xls,bce626419f500bd7,census-c01-extract-v1.1.0-20260528T003617Z,C0101,27,500,00000,000000,District - Buldana,rural,christian,females,921
census-india-2011,sources/census-2011/c-series/state-mdds/c01-27-maharashtra.xls,bce626419f500bd7,census-c01-extract-v1.1.0-20260528T003617Z,C0101,27,500,00000,000000,District - Buldana,rural,sikh,persons,915
census-india-2011,sources/census-2011/c-series/state-mdds/c01-27-maharashtra.xls,bce626419f500bd7,census-c01-extract-v1.1.0-20260528T003617Z,C0101,27,500,00000,000000,District - Buldana,rural,sikh,males,483
census-india-2011,sources/census-2011/c-series/state-mdds/c01-27-maharashtra.xls,bce626419f500bd7,census-c01-extract-v1.1.0-20260528T003617Z,C0101,27,500,00000,000000,District - Buldana,rural,sikh,females,432
census-india-2011,sources/census-2011/c-series/state-mdds/c01-27-maharashtra.xls,bce626419f500bd7,census-c01-extract-v1.1.0-20260528T003617Z,C0101,27,500,00000,000000,District - Buldana,rural,buddhist,persons,310768
census-india-2011,sources/census-2011/c-series/state-mdds/c01-27-maharashtra.xls,bce626419f500bd7,census-c01-extract-v1.1.0-20260528T003617Z,C0101,27,500,00000,000000,District - Buldana,rural,buddhist,males,159876
census-india-2011,sources/census-2011/c-series/state-mdds/c01-27-maharashtra.xls,bce626419f500bd7,census-c01-extract-v1.1.0-20260528T003617Z,C0101,27,500,00000,000000,District - Buldana,rural,buddhist,females,150892
census-india-2011,sources/census-2011/c-series/state-mdds/c01-27-maharashtra.xls,bce626419f500bd7,census-c01-extract-v1.1.0-20260528T003617Z,C0101,27,500,00000,000000,District - Buldana,rural,jain,persons,4268
census-india-2011,sources/census-2011/c-series/state-mdds/c01-27-maharashtra.xls,bce626419f500bd7,census-c01-extract-v1.1.0-20260528T003617Z,C0101,27,500,00000,000000,District - Buldana,rural,jain,males,2263
census-india-2011,sources/census-2011/c-series/state-mdds/c01-27-maharashtra.xls,bce626419f500bd7,census-c01-extract-v1.1.0-20260528T003617Z,C0101,27,500,00000,000000,District - Buldana,rural,jain,females,2005
census-india-2011,sources/census-2011/c-series/state-mdds/c01-27-maharashtra.xls,bce626419f500bd7,census-c01-extract-v1.1.0-20260528T003617Z,C0101,27,500,00000,000000,District - Buldana,rural,other,persons,403
census-india-2011,sources/census-2011/c-series/state-mdds/c01-27-maharashtra.xls,bce626419f500bd7,census-c01-extract-v1.1.0-20260528T003617Z,C0101,27,500,00000,000000,District - Buldana,rural,other,males,207
census-india-2011,sources/census-2011/c-series/state-mdds/c01-27-maharashtra.xls,bce626419f500bd7,census-c01-extract-v1.1.0-20260528T003617Z,C0101,27,500,00000,000000,District - Buldana,rural,other,females,196
census-india-2011,sources/census-2011/c-series/state-mdds/c01-27-maharashtra.xls,bce626419f500bd7,census-c01-extract-v1.1.0-20260528T003617Z,C0101,27,500,00000,000000,District - Buldana,rural,not_stated,persons,3639
census-india-2011,sources/census-2011/c-series/state-mdds/c01-27-maharashtra.xls,bce626419f500bd7,census-c01-extract-v1.1.0-20260528T003617Z,C0101,27,500,00000,000000,District - Buldana,rural,not_stated,males,1833
census-india-2011,sources/census-2011/c-series/state-mdds/c01-27-maharashtra.xls,bce626419f500bd7,census-c01-extract-v1.1.0-20260528T003617Z,C0101,27,500,00000,000000,District - Buldana,rural,not_stated,females,1806
census-india-2011,sources/census-2011/c-series/state-mdds/c01-27-maharashtra.xls,bce626419f500bd7,census-c01-extract-v1.1.0-20260528T003617Z,C0101,27,500,00000,000000,District - Buldana,urban,all,persons,548860
census-india-2011,sources/census-2011/c-series/state-mdds/c01-27-maharashtra.xls,bce626419f500bd7,census-c01-extract-v1.1.0-20260528T003617Z,C0101,27,500,00000,000000,District - Buldana,urban,all,males,282318
census-india-2011,sources/census-2011/c-series/state-mdds/c01-27-maharashtra.xls,bce626419f500bd7,census-c01-extract-v1.1.0-20260528T003617Z,C0101,27,500,00000,000000,District - Buldana,urban,all,females,266542
census-india-2011,sources/census-2011/c-series/state-mdds/c01-27-maharashtra.xls,bce626419f500bd7,census-c01-extract-v1.1.0-20260528T003617Z,C0101,27,500,00000,000000,District - Buldana,urban,hindu,persons,328805
census-india-2011,sources/census-2011/c-series/state-mdds/c01-27-maharashtra.xls,bce626419f500bd7,census-c01-extract-v1.1.0-20260528T003617Z,C0101,27,500,00000,000000,District - Buldana,urban,hindu,males,169639
census-india-2011,sources/census-2011/c-series/state-mdds/c01-27-maharashtra.xls,bce626419f500bd7,census-c01-extract-v1.1.0-20260528T003617Z,C0101,27,500,00000,000000,District - Buldana,urban,hindu,females,159166
census-india-2011,sources/census-2011/c-series/state-mdds/c01-27-maharashtra.xls,bce626419f500bd7,census-c01-extract-v1.1.0-20260528T003617Z,C0101,27,500,00000,000000,District - Buldana,urban,muslim,persons,155435
census-india-2011,sources/census-2011/c-series/state-mdds/c01-27-maharashtra.xls,bce626419f500bd7,census-c01-extract-v1.1.0-20260528T003617Z,C0101,27,500,00000,000000,District - Buldana,urban,muslim,males,79886
census-india-2011,sources/census-2011/c-series/state-mdds/c01-27-maharashtra.xls,bce626419f500bd7,census-c01-extract-v1.1.0-20260528T003617Z,C0101,27,500,00000,000000,District - Buldana,urban,muslim,females,75549
census-india-2011,sources/census-2011/c-series/state-mdds/c01-27-maharashtra.xls,bce626419f500bd7,census-c01-extract-v1.1.0-20260528T003617Z,C0101,27,500,00000,000000,District - Buldana,urban,christian,persons,1546
census-india-2011,sources/census-2011/c-series/state-mdds/c01-27-maharashtra.xls,bce626419f500bd7,census-c01-extract-v1.1.0-20260528T003617Z,C0101,27,500,00000,000000,District - Buldana,urban,christian,males,771
census-india-2011,sources/census-2011/c-series/state-mdds/c01-27-maharashtra.xls,bce626419f500bd7,census-c01-extract-v1.1.0-20260528T003617Z,C0101,27,500,00000,000000,District - Buldana,urban,christian,females,775
census-india-2011,sources/census-2011/c-series/state-mdds/c01-27-maharashtra.xls,bce626419f500bd7,census-c01-extract-v1.1.0-20260528T003617Z,C0101,27,500,00000,000000,District - Buldana,urban,sikh,persons,753
census-india-2011,sources/census-2011/c-series/state-mdds/c01-27-maharashtra.xls,bce626419f500bd7,census-c01-extract-v1.1.0-20260528T003617Z,C0101,27,500,00000,000000,District - Buldana,urban,sikh,males,401
census-india-2011,sources/census-2011/c-series/state-mdds/c01-27-maharashtra.xls,bce626419f500bd7,census-c01-extract-v1.1.0-20260528T003617Z,C0101,27,500,00000,000000,District - Buldana,urban,sikh,females,352
census-india-2011,sources/census-2011/c-series/state-mdds/c01-27-maharashtra.xls,bce626419f500bd7,census-c01-extract-v1.1.0-20260528T003617Z,C0101,27,500,00000,000000,District - Buldana,urban,buddhist,persons,53461
census-india-2011,sources/census-2011/c-series/state-mdds/c01-27-maharashtra.xls,bce626419f500bd7,census-c01-extract-v1.1.0-20260528T003617Z,C0101,27,500,00000,000000,District - Buldana,urban,buddhist,males,27091
census-india-2011,sources/census-2011/c-series/state-mdds/c01-27-maharashtra.xls,bce626419f500bd7,census-c01-extract-v1.1.0-20260528T003617Z,C0101,27,500,00000,000000,District - Buldana,urban,buddhist,females,26370
census-india-2011,sources/census-2011/c-series/state-mdds/c01-27-maharashtra.xls,bce626419f500bd7,census-c01-extract-v1.1.0-20260528T003617Z,C0101,27,500,00000,000000,District - Buldana,urban,jain,persons,7974
census-india-2011,sources/census-2011/c-series/state-mdds/c01-27-maharashtra.xls,bce626419f500bd7,census-c01-extract-v1.1.0-20260528T003617Z,C0101,27,500,00000,000000,District - Buldana,urban,jain,males,4072
census-india-2011,sources/census-2011/c-series/state-mdds/c01-27-maharashtra.xls,bce626419f500bd7,census-c01-extract-v1.1.0-20260528T003617Z,C0101,27,500,00000,000000,District - Buldana,urban,jain,females,3902
census-india-2011,sources/census-2011/c-series/state-mdds/c01-27-maharashtra.xls,bce626419f500bd7,census-c01-extract-v1.1.0-20260528T003617Z,C0101,27,500,00000,000000,District - Buldana,urban,other,persons,119
census-india-2011,sources/census-2011/c-series/state-mdds/c01-27-maharashtra.xls,bce626419f500bd7,census-c01-extract-v1.1.0-20260528T003617Z,C0101,27,500,00000,000000,District - Buldana,urban,other,males,63
census-india-2011,sources/census-2011/c-series/state-mdds/c01-27-maharashtra.xls,bce626419f500bd7,census-c01-extract-v1.1.0-20260528T003617Z,C0101,27,500,00000,000000,District - Buldana,urban,other,females,56
census-india-2011,sources/census-2011/c-series/state-mdds/c01-27-maharashtra.xls,bce626419f500bd7,census-c01-extract-v1.1.0-20260528T003617Z,C0101,27,500,00000,000000,District - Buldana,urban,not_stated,persons,767
census-india-2011,sources/census-2011/c-series/state-mdds/c01-27-maharashtra.xls,bce626419f500bd7,census-c01-extract-v1.1.0-20260528T003617Z,C0101,27,500,00000,000000,District - Buldana,urban,not_stated,males,395
census-india-2011,sources/census-2011/c-series/state-mdds/c01-27-maharashtra.xls,bce626419f500bd7,census-c01-extract-v1.1.0-20260528T003617Z,C0101,27,500,00000,000000,District - Buldana,urban,not_stated,females,372
census-india-2011,sources/census-2011/c-series/state-mdds/c01-27-maharashtra.xls,bce626419f500bd7,census-c01-extract-v1.1.0-20260528T003617Z,C0101,27,501,00000,000000,District - Akola,total,all,persons,1813906
census-india-2011,sources/census-2011/c-series/state-mdds/c01-27-maharashtra.xls,bce626419f500bd7,census-c01-extract-v1.1.0-20260528T003617Z,C0101,27,501,00000,000000,District - Akola,total,all,males,932334
census-india-2011,sources/census-2011/c-series/state-mdds/c01-27-maharashtra.xls,bce626419f500bd7,census-c01-extract-v1.1.0-20260528T003617Z,C0101,27,501,00000,000000,District - Akola,total,all,females,881572
census-india-2011,sources/census-2011/c-series/state-mdds/c01-27-maharashtra.xls,bce626419f500bd7,census-c01-extract-v1.1.0-20260528T003617Z,C0101,27,501,00000,000000,District - Akola,total,hindu,persons,1107809
census-india-2011,sources/census-2011/c-series/state-mdds/c01-27-maharashtra.xls,bce626419f500bd7,census-c01-extract-v1.1.0-20260528T003617Z,C0101,27,501,00000,000000,District - Akola,total,hindu,males,570058
census-india-2011,sources/census-2011/c-series/state-mdds/c01-27-maharashtra.xls,bce626419f500bd7,census-c01-extract-v1.1.0-20260528T003617Z,C0101,27,501,00000,000000,District - Akola,total,hindu,females,537751
census-india-2011,sources/census-2011/c-series/state-mdds/c01-27-maharashtra.xls,bce626419f500bd7,census-c01-extract-v1.1.0-20260528T003617Z,C0101,27,501,00000,000000,District - Akola,total,muslim,persons,357253
census-india-2011,sources/census-2011/c-series/state-mdds/c01-27-maharashtra.xls,bce626419f500bd7,census-c01-extract-v1.1.0-20260528T003617Z,C0101,27,501,00000,000000,District - Akola,total,muslim,males,183351
census-india-2011,sources/census-2011/c-series/state-mdds/c01-27-maharashtra.xls,bce626419f500bd7,census-c01-extract-v1.1.0-20260528T003617Z,C0101,27,501,00000,000000,District - Akola,total,muslim,females,173902
census-india-2011,sources/census-2011/c-series/state-mdds/c01-27-maharashtra.xls,bce626419f500bd7,census-c01-extract-v1.1.0-20260528T003617Z,C0101,27,501,00000,000000,District - Akola,total,christian,persons,4483
census-india-2011,sources/census-2011/c-series/state-mdds/c01-27-maharashtra.xls,bce626419f500bd7,census-c01-extract-v1.1.0-20260528T003617Z,C0101,27,501,00000,000000,District - Akola,total,christian,males,2238
census-india-2011,sources/census-2011/c-series/state-mdds/c01-27-maharashtra.xls,bce626419f500bd7,census-c01-extract-v1.1.0-20260528T003617Z,C0101,27,501,00000,000000,District - Akola,total,christian,females,2245
census-india-2011,sources/census-2011/c-series/state-mdds/c01-27-maharashtra.xls,bce626419f500bd7,census-c01-extract-v1.1.0-20260528T003617Z,C0101,27,501,00000,000000,District - Akola,total,sikh,persons,1504
census-india-2011,sources/census-2011/c-series/state-mdds/c01-27-maharashtra.xls,bce626419f500bd7,census-c01-extract-v1.1.0-20260528T003617Z,C0101,27,501,00000,000000,District - Akola,total,sikh,males,785
census-india-2011,sources/census-2011/c-series/state-mdds/c01-27-maharashtra.xls,bce626419f500bd7,census-c01-extract-v1.1.0-20260528T003617Z,C0101,27,501,00000,000000,District - Akola,total,sikh,females,719
census-india-2011,sources/census-2011/c-series/state-mdds/c01-27-maharashtra.xls,bce626419f500bd7,census-c01-extract-v1.1.0-20260528T003617Z,C0101,27,501,00000,000000,District - Akola,total,buddhist,persons,328033
census-india-2011,sources/census-2011/c-series/state-mdds/c01-27-maharashtra.xls,bce626419f500bd7,census-c01-extract-v1.1.0-20260528T003617Z,C0101,27,501,00000,000000,District - Akola,total,buddhist,males,168222
census-india-2011,sources/census-2011/c-series/state-mdds/c01-27-maharashtra.xls,bce626419f500bd7,census-c01-extract-v1.1.0-20260528T003617Z,C0101,27,501,00000,000000,District - Akola,total,buddhist,females,159811
census-india-2011,sources/census-2011/c-series/state-mdds/c01-27-maharashtra.xls,bce626419f500bd7,census-c01-extract-v1.1.0-20260528T003617Z,C0101,27,501,00000,000000,District - Akola,total,jain,persons,10205
census-india-2011,sources/census-2011/c-series/state-mdds/c01-27-maharashtra.xls,bce626419f500bd7,census-c01-extract-v1.1.0-20260528T003617Z,C0101,27,501,00000,000000,District - Akola,total,jain,males,5290
census-india-2011,sources/census-2011/c-series/state-mdds/c01-27-maharashtra.xls,bce626419f500bd7,census-c01-extract-v1.1.0-20260528T003617Z,C0101,27,501,00000,000000,District - Akola,total,jain,females,4915
census-india-2011,sources/census-2011/c-series/state-mdds/c01-27-maharashtra.xls,bce626419f500bd7,census-c01-extract-v1.1.0-20260528T003617Z,C0101,27,501,00000,000000,District - Akola,total,other,persons,389
census-india-2011,sources/census-2011/c-series/state-mdds/c01-27-maharashtra.xls,bce626419f500bd7,census-c01-extract-v1.1.0-20260528T003617Z,C0101,27,501,00000,000000,District - Akola,total,other,males,211
census-india-2011,sources/census-2011/c-series/state-mdds/c01-27-maharashtra.xls,bce626419f500bd7,census-c01-extract-v1.1.0-20260528T003617Z,C0101,27,501,00000,000000,District - Akola,total,other,females,178
census-india-2011,sources/census-2011/c-series/state-mdds/c01-27-maharashtra.xls,bce626419f500bd7,census-c01-extract-v1.1.0-20260528T003617Z,C0101,27,501,00000,000000,District - Akola,total,not_stated,persons,4230
census-india-2011,sources/census-2011/c-series/state-mdds/c01-27-maharashtra.xls,bce626419f500bd7,census-c01-extract-v1.1.0-20260528T003617Z,C0101,27,501,00000,000000,District - Akola,total,not_stated,males,2179
census-india-2011,sources/census-2011/c-series/state-mdds/c01-27-maharashtra.xls,bce626419f500bd7,census-c01-extract-v1.1.0-20260528T003617Z,C0101,27,501,00000,000000,District - Akola,total,not_stated,females,2051
census-india-2011,sources/census-2011/c-series/state-mdds/c01-27-maharashtra.xls,bce626419f500bd7,census-c01-extract-v1.1.0-20260528T003617Z,C0101,27,501,00000,000000,District - Akola,rural,all,persons,1094165
census-india-2011,sources/census-2011/c-series/state-mdds/c01-27-maharashtra.xls,bce626419f500bd7,census-c01-extract-v1.1.0-20260528T003617Z,C0101,27,501,00000,000000,District - Akola,rural,all,males,563933
census-india-2011,sources/census-2011/c-series/state-mdds/c01-27-maharashtra.xls,bce626419f500bd7,census-c01-extract-v1.1.0-20260528T003617Z,C0101,27,501,00000,000000,District - Akola,rural,all,females,530232
census-india-2011,sources/census-2011/c-series/state-mdds/c01-27-maharashtra.xls,bce626419f500bd7,census-c01-extract-v1.1.0-20260528T003617Z,C0101,27,501,00000,000000,District - Akola,rural,hindu,persons,718291
census-india-2011,sources/census-2011/c-series/state-mdds/c01-27-maharashtra.xls,bce626419f500bd7,census-c01-extract-v1.1.0-20260528T003617Z,C0101,27,501,00000,000000,District - Akola,rural,hindu,males,370200
census-india-2011,sources/census-2011/c-series/state-mdds/c01-27-maharashtra.xls,bce626419f500bd7,census-c01-extract-v1.1.0-20260528T003617Z,C0101,27,501,00000,000000,District - Akola,rural,hindu,females,348091
census-india-2011,sources/census-2011/c-series/state-mdds/c01-27-maharashtra.xls,bce626419f500bd7,census-c01-extract-v1.1.0-20260528T003617Z,C0101,27,501,00000,000000,District - Akola,rural,muslim,persons,132725
census-india-2011,sources/census-2011/c-series/state-mdds/c01-27-maharashtra.xls,bce626419f500bd7,census-c01-extract-v1.1.0-20260528T003617Z,C0101,27,501,00000,000000,District - Akola,rural,muslim,males,68469
census-india-2011,sources/census-2011/c-series/state-mdds/c01-27-maharashtra.xls,bce626419f500bd7,census-c01-extract-v1.1.0-20260528T003617Z,C0101,27,501,00000,000000,District - Akola,rural,muslim,females,64256
census-india-2011,sources/census-2011/c-series/state-mdds/c01-27-maharashtra.xls,bce626419f500bd7,census-c01-extract-v1.1.0-20260528T003617Z,C0101,27,501,00000,000000,District - Akola,rural,christian,persons,1872
census-india-2011,sources/census-2011/c-series/state-mdds/c01-27-maharashtra.xls,bce626419f500bd7,census-c01-extract-v1.1.0-20260528T003617Z,C0101,27,501,00000,000000,District - Akola,rural,christian,males,979
census-india-2011,sources/census-2011/c-series/state-mdds/c01-27-maharashtra.xls,bce626419f500bd7,census-c01-extract-v1.1.0-20260528T003617Z,C0101,27,501,00000,000000,District - Akola,rural,christian,females,893
census-india-2011,sources/census-2011/c-series/state-mdds/c01-27-maharashtra.xls,bce626419f500bd7,census-c01-extract-v1.1.0-20260528T003617Z,C0101,27,501,00000,000000,District - Akola,rural,sikh,persons,430
census-india-2011,sources/census-2011/c-series/state-mdds/c01-27-maharashtra.xls,bce626419f500bd7,census-c01-extract-v1.1.0-20260528T003617Z,C0101,27,501,00000,000000,District - Akola,rural,sikh,males,235
census-india-2011,sources/census-2011/c-series/state-mdds/c01-27-maharashtra.xls,bce626419f500bd7,census-c01-extract-v1.1.0-20260528T003617Z,C0101,27,501,00000,000000,District - Akola,rural,sikh,females,195
census-india-2011,sources/census-2011/c-series/state-mdds/c01-27-maharashtra.xls,bce626419f500bd7,census-c01-extract-v1.1.0-20260528T003617Z,C0101,27,501,00000,000000,District - Akola,rural,buddhist,persons,234798
census-india-2011,sources/census-2011/c-series/state-mdds/c01-27-maharashtra.xls,bce626419f500bd7,census-c01-extract-v1.1.0-20260528T003617Z,C0101,27,501,00000,000000,District - Akola,rural,buddhist,males,120938
census-india-2011,sources/census-2011/c-series/state-mdds/c01-27-maharashtra.xls,bce626419f500bd7,census-c01-extract-v1.1.0-20260528T003617Z,C0101,27,501,00000,000000,District - Akola,rural,buddhist,females,113860
census-india-2011,sources/census-2011/c-series/state-mdds/c01-27-maharashtra.xls,bce626419f500bd7,census-c01-extract-v1.1.0-20260528T003617Z,C0101,27,501,00000,000000,District - Akola,rural,jain,persons,2570
census-india-2011,sources/census-2011/c-series/state-mdds/c01-27-maharashtra.xls,bce626419f500bd7,census-c01-extract-v1.1.0-20260528T003617Z,C0101,27,501,00000,000000,District - Akola,rural,jain,males,1339
census-india-2011,sources/census-2011/c-series/state-mdds/c01-27-maharashtra.xls,bce626419f500bd7,census-c01-extract-v1.1.0-20260528T003617Z,C0101,27,501,00000,000000,District - Akola,rural,jain,females,1231
census-india-2011,sources/census-2011/c-series/state-mdds/c01-27-maharashtra.xls,bce626419f500bd7,census-c01-extract-v1.1.0-20260528T003617Z,C0101,27,501,00000,000000,District - Akola,rural,other,persons,162
census-india-2011,sources/census-2011/c-series/state-mdds/c01-27-maharashtra.xls,bce626419f500bd7,census-c01-extract-v1.1.0-20260528T003617Z,C0101,27,501,00000,000000,District - Akola,rural,other,males,90
census-india-2011,sources/census-2011/c-series/state-mdds/c01-27-maharashtra.xls,bce626419f500bd7,census-c01-extract-v1.1.0-20260528T003617Z,C0101,27,501,00000,000000,District - Akola,rural,other,females,72
census-india-2011,sources/census-2011/c-series/state-mdds/c01-27-maharashtra.xls,bce626419f500bd7,census-c01-extract-v1.1.0-20260528T003617Z,C0101,27,501,00000,000000,District - Akola,rural,not_stated,persons,3317
census-india-2011,sources/census-2011/c-series/state-mdds/c01-27-maharashtra.xls,bce626419f500bd7,census-c01-extract-v1.1.0-20260528T003617Z,C0101,27,501,00000,000000,District - Akola,rural,not_stated,males,1683
census-india-2011,sources/census-2011/c-series/state-mdds/c01-27-maharashtra.xls,bce626419f500bd7,census-c01-extract-v1.1.0-20260528T003617Z,C0101,27,501,00000,000000,District - Akola,rural,not_stated,females,1634
census-india-2011,sources/census-2011/c-series/state-mdds/c01-27-maharashtra.xls,bce626419f500bd7,census-c01-extract-v1.1.0-20260528T003617Z,C0101,27,501,00000,000000,District - Akola,urban,all,persons,719741
census-india-2011,sources/census-2011/c-series/state-mdds/c01-27-maharashtra.xls,bce626419f500bd7,census-c01-extract-v1.1.0-20260528T003617Z,C0101,27,501,00000,000000,District - Akola,urban,all,males,368401
census-india-2011,sources/census-2011/c-series/state-mdds/c01-27-maharashtra.xls,bce626419f500bd7,census-c01-extract-v1.1.0-20260528T003617Z,C0101,27,501,00000,000000,District - Akola,urban,all,females,351340
census-india-2011,sources/census-2011/c-series/state-mdds/c01-27-maharashtra.xls,bce626419f500bd7,census-c01-extract-v1.1.0-20260528T003617Z,C0101,27,501,00000,000000,District - Akola,urban,hindu,persons,389518
census-india-2011,sources/census-2011/c-series/state-mdds/c01-27-maharashtra.xls,bce626419f500bd7,census-c01-extract-v1.1.0-20260528T003617Z,C0101,27,501,00000,000000,District - Akola,urban,hindu,males,199858
census-india-2011,sources/census-2011/c-series/state-mdds/c01-27-maharashtra.xls,bce626419f500bd7,census-c01-extract-v1.1.0-20260528T003617Z,C0101,27,501,00000,000000,District - Akola,urban,hindu,females,189660
census-india-2011,sources/census-2011/c-series/state-mdds/c01-27-maharashtra.xls,bce626419f500bd7,census-c01-extract-v1.1.0-20260528T003617Z,C0101,27,501,00000,000000,District - Akola,urban,muslim,persons,224528
census-india-2011,sources/census-2011/c-series/state-mdds/c01-27-maharashtra.xls,bce626419f500bd7,census-c01-extract-v1.1.0-20260528T003617Z,C0101,27,501,00000,000000,District - Akola,urban,muslim,males,114882
census-india-2011,sources/census-2011/c-series/state-mdds/c01-27-maharashtra.xls,bce626419f500bd7,census-c01-extract-v1.1.0-20260528T003617Z,C0101,27,501,00000,000000,District - Akola,urban,muslim,females,109646
census-india-2011,sources/census-2011/c-series/state-mdds/c01-27-maharashtra.xls,bce626419f500bd7,census-c01-extract-v1.1.0-20260528T003617Z,C0101,27,501,00000,000000,District - Akola,urban,christian,persons,2611
census-india-2011,sources/census-2011/c-series/state-mdds/c01-27-maharashtra.xls,bce626419f500bd7,census-c01-extract-v1.1.0-20260528T003617Z,C0101,27,501,00000,000000,District - Akola,urban,christian,males,1259
census-india-2011,sources/census-2011/c-series/state-mdds/c01-27-maharashtra.xls,bce626419f500bd7,census-c01-extract-v1.1.0-20260528T003617Z,C0101,27,501,00000,000000,District - Akola,urban,christian,females,1352
census-india-2011,sources/census-2011/c-series/state-mdds/c01-27-maharashtra.xls,bce626419f500bd7,census-c01-extract-v1.1.0-20260528T003617Z,C0101,27,501,00000,000000,District - Akola,urban,sikh,persons,1074
census-india-2011,sources/census-2011/c-series/state-mdds/c01-27-maharashtra.xls,bce626419f500bd7,census-c01-extract-v1.1.0-20260528T003617Z,C0101,27,501,00000,000000,District - Akola,urban,sikh,males,550
census-india-2011,sources/census-2011/c-series/state-mdds/c01-27-maharashtra.xls,bce626419f500bd7,census-c01-extract-v1.1.0-20260528T003617Z,C0101,27,501,00000,000000,District - Akola,urban,sikh,females,524
census-india-2011,sources/census-2011/c-series/state-mdds/c01-27-maharashtra.xls,bce626419f500bd7,census-c01-extract-v1.1.0-20260528T003617Z,C0101,27,501,00000,000000,District - Akola,urban,buddhist,persons,93235
census-india-2011,sources/census-2011/c-series/state-mdds/c01-27-maharashtra.xls,bce626419f500bd7,census-c01-extract-v1.1.0-20260528T003617Z,C0101,27,501,00000,000000,District - Akola,urban,buddhist,males,47284
census-india-2011,sources/census-2011/c-series/state-mdds/c01-27-maharashtra.xls,bce626419f500bd7,census-c01-extract-v1.1.0-20260528T003617Z,C0101,27,501,00000,000000,District - Akola,urban,buddhist,females,45951
census-india-2011,sources/census-2011/c-series/state-mdds/c01-27-maharashtra.xls,bce626419f500bd7,census-c01-extract-v1.1.0-20260528T003617Z,C0101,27,501,00000,000000,District - Akola,urban,jain,persons,7635
census-india-2011,sources/census-2011/c-series/state-mdds/c01-27-maharashtra.xls,bce626419f500bd7,census-c01-extract-v1.1.0-20260528T003617Z,C0101,27,501,00000,000000,District - Akola,urban,jain,males,3951
census-india-2011,sources/census-2011/c-series/state-mdds/c01-27-maharashtra.xls,bce626419f500bd7,census-c01-extract-v1.1.0-20260528T003617Z,C0101,27,501,00000,000000,District - Akola,urban,jain,females,3684
census-india-2011,sources/census-2011/c-series/state-mdds/c01-27-maharashtra.xls,bce626419f500bd7,census-c01-extract-v1.1.0-20260528T003617Z,C0101,27,501,00000,000000,District - Akola,urban,other,persons,227
census-india-2011,sources/census-2011/c-series/state-mdds/c01-27-maharashtra.xls,bce626419f500bd7,census-c01-extract-v1.1.0-20260528T003617Z,C0101,27,501,00000,000000,District - Akola,urban,other,males,121
census-india-2011,sources/census-2011/c-series/state-mdds/c01-27-maharashtra.xls,bce626419f500bd7,census-c01-extract-v1.1.0-20260528T003617Z,C0101,27,501,00000,000000,District - Akola,urban,other,females,106
census-india-2011,sources/census-2011/c-series/state-mdds/c01-27-maharashtra.xls,bce626419f500bd7,census-c01-extract-v1.1.0-20260528T003617Z,C0101,27,501,00000,000000,District - Akola,urban,not_stated,persons,913
census-india-2011,sources/census-2011/c-series/state-mdds/c01-27-maharashtra.xls,bce626419f500bd7,census-c01-extract-v1.1.0-20260528T003617Z,C0101,27,501,00000,000000,District - Akola,urban,not_stated,males,496
census-india-2011,sources/census-2011/c-series/state-mdds/c01-27-maharashtra.xls,bce626419f500bd7,census-c01-extract-v1.1.0-20260528T003617Z,C0101,27,501,00000,000000,District - Akola,urban,not_stated,females,417
census-india-2011,sources/census-2011/c-series/state-mdds/c01-27-maharashtra.xls,bce626419f500bd7,census-c01-extract-v1.1.0-20260528T003617Z,C0101,27,502,00000,000000,District - Washim,total,all,persons,1197160
census-india-2011,sources/census-2011/c-series/state-mdds/c01-27-maharashtra.xls,bce626419f500bd7,census-c01-extract-v1.1.0-20260528T003617Z,C0101,27,502,00000,000000,District - Washim,total,all,males,620302
census-india-2011,sources/census-2011/c-series/state-mdds/c01-27-maharashtra.xls,bce626419f500bd7,census-c01-extract-v1.1.0-20260528T003617Z,C0101,27,502,00000,000000,District - Washim,total,all,females,576858
census-india-2011,sources/census-2011/c-series/state-mdds/c01-27-maharashtra.xls,bce626419f500bd7,census-c01-extract-v1.1.0-20260528T003617Z,C0101,27,502,00000,000000,District - Washim,total,hindu,persons,859949
census-india-2011,sources/census-2011/c-series/state-mdds/c01-27-maharashtra.xls,bce626419f500bd7,census-c01-extract-v1.1.0-20260528T003617Z,C0101,27,502,00000,000000,District - Washim,total,hindu,males,446855
census-india-2011,sources/census-2011/c-series/state-mdds/c01-27-maharashtra.xls,bce626419f500bd7,census-c01-extract-v1.1.0-20260528T003617Z,C0101,27,502,00000,000000,District - Washim,total,hindu,females,413094
census-india-2011,sources/census-2011/c-series/state-mdds/c01-27-maharashtra.xls,bce626419f500bd7,census-c01-extract-v1.1.0-20260528T003617Z,C0101,27,502,00000,000000,District - Washim,total,muslim,persons,142672
census-india-2011,sources/census-2011/c-series/state-mdds/c01-27-maharashtra.xls,bce626419f500bd7,census-c01-extract-v1.1.0-20260528T003617Z,C0101,27,502,00000,000000,District - Washim,total,muslim,males,73041
census-india-2011,sources/census-2011/c-series/state-mdds/c01-27-maharashtra.xls,bce626419f500bd7,census-c01-extract-v1.1.0-20260528T003617Z,C0101,27,502,00000,000000,District - Washim,total,muslim,females,69631
census-india-2011,sources/census-2011/c-series/state-mdds/c01-27-maharashtra.xls,bce626419f500bd7,census-c01-extract-v1.1.0-20260528T003617Z,C0101,27,502,00000,000000,District - Washim,total,christian,persons,1707
census-india-2011,sources/census-2011/c-series/state-mdds/c01-27-maharashtra.xls,bce626419f500bd7,census-c01-extract-v1.1.0-20260528T003617Z,C0101,27,502,00000,000000,District - Washim,total,christian,males,880
census-india-2011,sources/census-2011/c-series/state-mdds/c01-27-maharashtra.xls,bce626419f500bd7,census-c01-extract-v1.1.0-20260528T003617Z,C0101,27,502,00000,000000,District - Washim,total,christian,females,827
census-india-2011,sources/census-2011/c-series/state-mdds/c01-27-maharashtra.xls,bce626419f500bd7,census-c01-extract-v1.1.0-20260528T003617Z,C0101,27,502,00000,000000,District - Washim,total,sikh,persons,518
census-india-2011,sources/census-2011/c-series/state-mdds/c01-27-maharashtra.xls,bce626419f500bd7,census-c01-extract-v1.1.0-20260528T003617Z,C0101,27,502,00000,000000,District - Washim,total,sikh,males,275
census-india-2011,sources/census-2011/c-series/state-mdds/c01-27-maharashtra.xls,bce626419f500bd7,census-c01-extract-v1.1.0-20260528T003617Z,C0101,27,502,00000,000000,District - Washim,total,sikh,females,243
census-india-2011,sources/census-2011/c-series/state-mdds/c01-27-maharashtra.xls,bce626419f500bd7,census-c01-extract-v1.1.0-20260528T003617Z,C0101,27,502,00000,000000,District - Washim,total,buddhist,persons,179330
census-india-2011,sources/census-2011/c-series/state-mdds/c01-27-maharashtra.xls,bce626419f500bd7,census-c01-extract-v1.1.0-20260528T003617Z,C0101,27,502,00000,000000,District - Washim,total,buddhist,males,92343
census-india-2011,sources/census-2011/c-series/state-mdds/c01-27-maharashtra.xls,bce626419f500bd7,census-c01-extract-v1.1.0-20260528T003617Z,C0101,27,502,00000,000000,District - Washim,total,buddhist,females,86987
census-india-2011,sources/census-2011/c-series/state-mdds/c01-27-maharashtra.xls,bce626419f500bd7,census-c01-extract-v1.1.0-20260528T003617Z,C0101,27,502,00000,000000,District - Washim,total,jain,persons,8476
census-india-2011,sources/census-2011/c-series/state-mdds/c01-27-maharashtra.xls,bce626419f500bd7,census-c01-extract-v1.1.0-20260528T003617Z,C0101,27,502,00000,000000,District - Washim,total,jain,males,4380
census-india-2011,sources/census-2011/c-series/state-mdds/c01-27-maharashtra.xls,bce626419f500bd7,census-c01-extract-v1.1.0-20260528T003617Z,C0101,27,502,00000,000000,District - Washim,total,jain,females,4096
census-india-2011,sources/census-2011/c-series/state-mdds/c01-27-maharashtra.xls,bce626419f500bd7,census-c01-extract-v1.1.0-20260528T003617Z,C0101,27,502,00000,000000,District - Washim,total,other,persons,381
census-india-2011,sources/census-2011/c-series/state-mdds/c01-27-maharashtra.xls,bce626419f500bd7,census-c01-extract-v1.1.0-20260528T003617Z,C0101,27,502,00000,000000,District - Washim,total,other,males,176
census-india-2011,sources/census-2011/c-series/state-mdds/c01-27-maharashtra.xls,bce626419f500bd7,census-c01-extract-v1.1.0-20260528T003617Z,C0101,27,502,00000,000000,District - Washim,total,other,females,205
census-india-2011,sources/census-2011/c-series/state-mdds/c01-27-maharashtra.xls,bce626419f500bd7,census-c01-extract-v1.1.0-20260528T003617Z,C0101,27,502,00000,000000,District - Washim,total,not_stated,persons,4127
census-india-2011,sources/census-2011/c-series/state-mdds/c01-27-maharashtra.xls,bce626419f500bd7,census-c01-extract-v1.1.0-20260528T003617Z,C0101,27,502,00000,000000,District - Washim,total,not_stated,males,2352
census-india-2011,sources/census-2011/c-series/state-mdds/c01-27-maharashtra.xls,bce626419f500bd7,census-c01-extract-v1.1.0-20260528T003617Z,C0101,27,502,00000,000000,District - Washim,total,not_stated,females,1775
census-india-2011,sources/census-2011/c-series/state-mdds/c01-27-maharashtra.xls,bce626419f500bd7,census-c01-extract-v1.1.0-20260528T003617Z,C0101,27,502,00000,000000,District - Washim,rural,all,persons,985747
census-india-2011,sources/census-2011/c-series/state-mdds/c01-27-maharashtra.xls,bce626419f500bd7,census-c01-extract-v1.1.0-20260528T003617Z,C0101,27,502,00000,000000,District - Washim,rural,all,males,511727
census-india-2011,sources/census-2011/c-series/state-mdds/c01-27-maharashtra.xls,bce626419f500bd7,census-c01-extract-v1.1.0-20260528T003617Z,C0101,27,502,00000,000000,District - Washim,rural,all,females,474020
census-india-2011,sources/census-2011/c-series/state-mdds/c01-27-maharashtra.xls,bce626419f500bd7,census-c01-extract-v1.1.0-20260528T003617Z,C0101,27,502,00000,000000,District - Washim,rural,hindu,persons,749342
census-india-2011,sources/census-2011/c-series/state-mdds/c01-27-maharashtra.xls,bce626419f500bd7,census-c01-extract-v1.1.0-20260528T003617Z,C0101,27,502,00000,000000,District - Washim,rural,hindu,males,389954
census-india-2011,sources/census-2011/c-series/state-mdds/c01-27-maharashtra.xls,bce626419f500bd7,census-c01-extract-v1.1.0-20260528T003617Z,C0101,27,502,00000,000000,District - Washim,rural,hindu,females,359388
census-india-2011,sources/census-2011/c-series/state-mdds/c01-27-maharashtra.xls,bce626419f500bd7,census-c01-extract-v1.1.0-20260528T003617Z,C0101,27,502,00000,000000,District - Washim,rural,muslim,persons,67690
census-india-2011,sources/census-2011/c-series/state-mdds/c01-27-maharashtra.xls,bce626419f500bd7,census-c01-extract-v1.1.0-20260528T003617Z,C0101,27,502,00000,000000,District - Washim,rural,muslim,males,34458
census-india-2011,sources/census-2011/c-series/state-mdds/c01-27-maharashtra.xls,bce626419f500bd7,census-c01-extract-v1.1.0-20260528T003617Z,C0101,27,502,00000,000000,District - Washim,rural,muslim,females,33232
census-india-2011,sources/census-2011/c-series/state-mdds/c01-27-maharashtra.xls,bce626419f500bd7,census-c01-extract-v1.1.0-20260528T003617Z,C0101,27,502,00000,000000,District - Washim,rural,christian,persons,928
census-india-2011,sources/census-2011/c-series/state-mdds/c01-27-maharashtra.xls,bce626419f500bd7,census-c01-extract-v1.1.0-20260528T003617Z,C0101,27,502,00000,000000,District - Washim,rural,christian,males,494
census-india-2011,sources/census-2011/c-series/state-mdds/c01-27-maharashtra.xls,bce626419f500bd7,census-c01-extract-v1.1.0-20260528T003617Z,C0101,27,502,00000,000000,District - Washim,rural,christian,females,434
census-india-2011,sources/census-2011/c-series/state-mdds/c01-27-maharashtra.xls,bce626419f500bd7,census-c01-extract-v1.1.0-20260528T003617Z,C0101,27,502,00000,000000,District - Washim,rural,sikh,persons,200
census-india-2011,sources/census-2011/c-series/state-mdds/c01-27-maharashtra.xls,bce626419f500bd7,census-c01-extract-v1.1.0-20260528T003617Z,C0101,27,502,00000,000000,District - Washim,rural,sikh,males,117
census-india-2011,sources/census-2011/c-series/state-mdds/c01-27-maharashtra.xls,bce626419f500bd7,census-c01-extract-v1.1.0-20260528T003617Z,C0101,27,502,00000,000000,District - Washim,rural,sikh,females,83
census-india-2011,sources/census-2011/c-series/state-mdds/c01-27-maharashtra.xls,bce626419f500bd7,census-c01-extract-v1.1.0-20260528T003617Z,C0101,27,502,00000,000000,District - Washim,rural,buddhist,persons,160200
census-india-2011,sources/census-2011/c-series/state-mdds/c01-27-maharashtra.xls,bce626419f500bd7,census-c01-extract-v1.1.0-20260528T003617Z,C0101,27,502,00000,000000,District - Washim,rural,buddhist,males,82649
census-india-2011,sources/census-2011/c-series/state-mdds/c01-27-maharashtra.xls,bce626419f500bd7,census-c01-extract-v1.1.0-20260528T003617Z,C0101,27,502,00000,000000,District - Washim,rural,buddhist,females,77551
census-india-2011,sources/census-2011/c-series/state-mdds/c01-27-maharashtra.xls,bce626419f500bd7,census-c01-extract-v1.1.0-20260528T003617Z,C0101,27,502,00000,000000,District - Washim,rural,jain,persons,3202
census-india-2011,sources/census-2011/c-series/state-mdds/c01-27-maharashtra.xls,bce626419f500bd7,census-c01-extract-v1.1.0-20260528T003617Z,C0101,27,502,00000,000000,District - Washim,rural,jain,males,1688
census-india-2011,sources/census-2011/c-series/state-mdds/c01-27-maharashtra.xls,bce626419f500bd7,census-c01-extract-v1.1.0-20260528T003617Z,C0101,27,502,00000,000000,District - Washim,rural,jain,females,1514
census-india-2011,sources/census-2011/c-series/state-mdds/c01-27-maharashtra.xls,bce626419f500bd7,census-c01-extract-v1.1.0-20260528T003617Z,C0101,27,502,00000,000000,District - Washim,rural,other,persons,334
census-india-2011,sources/census-2011/c-series/state-mdds/c01-27-maharashtra.xls,bce626419f500bd7,census-c01-extract-v1.1.0-20260528T003617Z,C0101,27,502,00000,000000,District - Washim,rural,other,males,161
census-india-2011,sources/census-2011/c-series/state-mdds/c01-27-maharashtra.xls,bce626419f500bd7,census-c01-extract-v1.1.0-20260528T003617Z,C0101,27,502,00000,000000,District - Washim,rural,other,females,173
census-india-2011,sources/census-2011/c-series/state-mdds/c01-27-maharashtra.xls,bce626419f500bd7,census-c01-extract-v1.1.0-20260528T003617Z,C0101,27,502,00000,000000,District - Washim,rural,not_stated,persons,3851
census-india-2011,sources/census-2011/c-series/state-mdds/c01-27-maharashtra.xls,bce626419f500bd7,census-c01-extract-v1.1.0-20260528T003617Z,C0101,27,502,00000,000000,District - Washim,rural,not_stated,males,2206
census-india-2011,sources/census-2011/c-series/state-mdds/c01-27-maharashtra.xls,bce626419f500bd7,census-c01-extract-v1.1.0-20260528T003617Z,C0101,27,502,00000,000000,District - Washim,rural,not_stated,females,1645
census-india-2011,sources/census-2011/c-series/state-mdds/c01-27-maharashtra.xls,bce626419f500bd7,census-c01-extract-v1.1.0-20260528T003617Z,C0101,27,502,00000,000000,District - Washim,urban,all,persons,211413
census-india-2011,sources/census-2011/c-series/state-mdds/c01-27-maharashtra.xls,bce626419f500bd7,census-c01-extract-v1.1.0-20260528T003617Z,C0101,27,502,00000,000000,District - Washim,urban,all,males,108575
census-india-2011,sources/census-2011/c-series/state-mdds/c01-27-maharashtra.xls,bce626419f500bd7,census-c01-extract-v1.1.0-20260528T003617Z,C0101,27,502,00000,000000,District - Washim,urban,all,females,102838
census-india-2011,sources/census-2011/c-series/state-mdds/c01-27-maharashtra.xls,bce626419f500bd7,census-c01-extract-v1.1.0-20260528T003617Z,C0101,27,502,00000,000000,District - Washim,urban,hindu,persons,110607
census-india-2011,sources/census-2011/c-series/state-mdds/c01-27-maharashtra.xls,bce626419f500bd7,census-c01-extract-v1.1.0-20260528T003617Z,C0101,27,502,00000,000000,District - Washim,urban,hindu,males,56901
census-india-2011,sources/census-2011/c-series/state-mdds/c01-27-maharashtra.xls,bce626419f500bd7,census-c01-extract-v1.1.0-20260528T003617Z,C0101,27,502,00000,000000,District - Washim,urban,hindu,females,53706
census-india-2011,sources/census-2011/c-series/state-mdds/c01-27-maharashtra.xls,bce626419f500bd7,census-c01-extract-v1.1.0-20260528T003617Z,C0101,27,502,00000,000000,District - Washim,urban,muslim,persons,74982
census-india-2011,sources/census-2011/c-series/state-mdds/c01-27-maharashtra.xls,bce626419f500bd7,census-c01-extract-v1.1.0-20260528T003617Z,C0101,27,502,00000,000000,District - Washim,urban,muslim,males,38583
census-india-2011,sources/census-2011/c-series/state-mdds/c01-27-maharashtra.xls,bce626419f500bd7,census-c01-extract-v1.1.0-20260528T003617Z,C0101,27,502,00000,000000,District - Washim,urban,muslim,females,36399
census-india-2011,sources/census-2011/c-series/state-mdds/c01-27-maharashtra.xls,bce626419f500bd7,census-c01-extract-v1.1.0-20260528T003617Z,C0101,27,502,00000,000000,District - Washim,urban,christian,persons,779
census-india-2011,sources/census-2011/c-series/state-mdds/c01-27-maharashtra.xls,bce626419f500bd7,census-c01-extract-v1.1.0-20260528T003617Z,C0101,27,502,00000,000000,District - Washim,urban,christian,males,386
census-india-2011,sources/census-2011/c-series/state-mdds/c01-27-maharashtra.xls,bce626419f500bd7,census-c01-extract-v1.1.0-20260528T003617Z,C0101,27,502,00000,000000,District - Washim,urban,christian,females,393
census-india-2011,sources/census-2011/c-series/state-mdds/c01-27-maharashtra.xls,bce626419f500bd7,census-c01-extract-v1.1.0-20260528T003617Z,C0101,27,502,00000,000000,District - Washim,urban,sikh,persons,318
census-india-2011,sources/census-2011/c-series/state-mdds/c01-27-maharashtra.xls,bce626419f500bd7,census-c01-extract-v1.1.0-20260528T003617Z,C0101,27,502,00000,000000,District - Washim,urban,sikh,males,158
census-india-2011,sources/census-2011/c-series/state-mdds/c01-27-maharashtra.xls,bce626419f500bd7,census-c01-extract-v1.1.0-20260528T003617Z,C0101,27,502,00000,000000,District - Washim,urban,sikh,females,160
census-india-2011,sources/census-2011/c-series/state-mdds/c01-27-maharashtra.xls,bce626419f500bd7,census-c01-extract-v1.1.0-20260528T003617Z,C0101,27,502,00000,000000,District - Washim,urban,buddhist,persons,19130
census-india-2011,sources/census-2011/c-series/state-mdds/c01-27-maharashtra.xls,bce626419f500bd7,census-c01-extract-v1.1.0-20260528T003617Z,C0101,27,502,00000,000000,District - Washim,urban,buddhist,males,9694
census-india-2011,sources/census-2011/c-series/state-mdds/c01-27-maharashtra.xls,bce626419f500bd7,census-c01-extract-v1.1.0-20260528T003617Z,C0101,27,502,00000,000000,District - Washim,urban,buddhist,females,9436
census-india-2011,sources/census-2011/c-series/state-mdds/c01-27-maharashtra.xls,bce626419f500bd7,census-c01-extract-v1.1.0-20260528T003617Z,C0101,27,502,00000,000000,District - Washim,urban,jain,persons,5274
census-india-2011,sources/census-2011/c-series/state-mdds/c01-27-maharashtra.xls,bce626419f500bd7,census-c01-extract-v1.1.0-20260528T003617Z,C0101,27,502,00000,000000,District - Washim,urban,jain,males,2692
census-india-2011,sources/census-2011/c-series/state-mdds/c01-27-maharashtra.xls,bce626419f500bd7,census-c01-extract-v1.1.0-20260528T003617Z,C0101,27,502,00000,000000,District - Washim,urban,jain,females,2582
census-india-2011,sources/census-2011/c-series/state-mdds/c01-27-maharashtra.xls,bce626419f500bd7,census-c01-extract-v1.1.0-20260528T003617Z,C0101,27,502,00000,000000,District - Washim,urban,other,persons,47
census-india-2011,sources/census-2011/c-series/state-mdds/c01-27-maharashtra.xls,bce626419f500bd7,census-c01-extract-v1.1.0-20260528T003617Z,C0101,27,502,00000,000000,District - Washim,urban,other,males,15
census-india-2011,sources/census-2011/c-series/state-mdds/c01-27-maharashtra.xls,bce626419f500bd7,census-c01-extract-v1.1.0-20260528T003617Z,C0101,27,502,00000,000000,District - Washim,urban,other,females,32
census-india-2011,sources/census-2011/c-series/state-mdds/c01-27-maharashtra.xls,bce626419f500bd7,census-c01-extract-v1.1.0-20260528T003617Z,C0101,27,502,00000,000000,District - Washim,urban,not_stated,persons,276
census-india-2011,sources/census-2011/c-series/state-mdds/c01-27-maharashtra.xls,bce626419f500bd7,census-c01-extract-v1.1.0-20260528T003617Z,C0101,27,502,00000,000000,District - Washim,urban,not_stated,males,146
census-india-2011,sources/census-2011/c-series/state-mdds/c01-27-maharashtra.xls,bce626419f500bd7,census-c01-extract-v1.1.0-20260528T003617Z,C0101,27,502,00000,000000,District - Washim,urban,not_stated,females,130
census-india-2011,sources/census-2011/c-series/state-mdds/c01-27-maharashtra.xls,bce626419f500bd7,census-c01-extract-v1.1.0-20260528T003617Z,C0101,27,503,00000,000000,District - Amravati,total,all,persons,2888445
census-india-2011,sources/census-2011/c-series/state-mdds/c01-27-maharashtra.xls,bce626419f500bd7,census-c01-extract-v1.1.0-20260528T003617Z,C0101,27,503,00000,000000,District - Amravati,total,all,males,1480768
census-india-2011,sources/census-2011/c-series/state-mdds/c01-27-maharashtra.xls,bce626419f500bd7,census-c01-extract-v1.1.0-20260528T003617Z,C0101,27,503,00000,000000,District - Amravati,total,all,females,1407677
census-india-2011,sources/census-2011/c-series/state-mdds/c01-27-maharashtra.xls,bce626419f500bd7,census-c01-extract-v1.1.0-20260528T003617Z,C0101,27,503,00000,000000,District - Amravati,total,hindu,persons,2055177
census-india-2011,sources/census-2011/c-series/state-mdds/c01-27-maharashtra.xls,bce626419f500bd7,census-c01-extract-v1.1.0-20260528T003617Z,C0101,27,503,00000,000000,District - Amravati,total,hindu,males,1052816
census-india-2011,sources/census-2011/c-series/state-mdds/c01-27-maharashtra.xls,bce626419f500bd7,census-c01-extract-v1.1.0-20260528T003617Z,C0101,27,503,00000,000000,District - Amravati,total,hindu,females,1002361
census-india-2011,sources/census-2011/c-series/state-mdds/c01-27-maharashtra.xls,bce626419f500bd7,census-c01-extract-v1.1.0-20260528T003617Z,C0101,27,503,00000,000000,District - Amravati,total,muslim,persons,421410
census-india-2011,sources/census-2011/c-series/state-mdds/c01-27-maharashtra.xls,bce626419f500bd7,census-c01-extract-v1.1.0-20260528T003617Z,C0101,27,503,00000,000000,District - Amravati,total,muslim,males,216366
census-india-2011,sources/census-2011/c-series/state-mdds/c01-27-maharashtra.xls,bce626419f500bd7,census-c01-extract-v1.1.0-20260528T003617Z,C0101,27,503,00000,000000,District - Amravati,total,muslim,females,205044
census-india-2011,sources/census-2011/c-series/state-mdds/c01-27-maharashtra.xls,bce626419f500bd7,census-c01-extract-v1.1.0-20260528T003617Z,C0101,27,503,00000,000000,District - Amravati,total,christian,persons,7223
census-india-2011,sources/census-2011/c-series/state-mdds/c01-27-maharashtra.xls,bce626419f500bd7,census-c01-extract-v1.1.0-20260528T003617Z,C0101,27,503,00000,000000,District - Amravati,total,christian,males,3544
census-india-2011,sources/census-2011/c-series/state-mdds/c01-27-maharashtra.xls,bce626419f500bd7,census-c01-extract-v1.1.0-20260528T003617Z,C0101,27,503,00000,000000,District - Amravati,total,christian,females,3679
census-india-2011,sources/census-2011/c-series/state-mdds/c01-27-maharashtra.xls,bce626419f500bd7,census-c01-extract-v1.1.0-20260528T003617Z,C0101,27,503,00000,000000,District - Amravati,total,sikh,persons,2242
census-india-2011,sources/census-2011/c-series/state-mdds/c01-27-maharashtra.xls,bce626419f500bd7,census-c01-extract-v1.1.0-20260528T003617Z,C0101,27,503,00000,000000,District - Amravati,total,sikh,males,1185
census-india-2011,sources/census-2011/c-series/state-mdds/c01-27-maharashtra.xls,bce626419f500bd7,census-c01-extract-v1.1.0-20260528T003617Z,C0101,27,503,00000,000000,District - Amravati,total,sikh,females,1057
census-india-2011,sources/census-2011/c-series/state-mdds/c01-27-maharashtra.xls,bce626419f500bd7,census-c01-extract-v1.1.0-20260528T003617Z,C0101,27,503,00000,000000,District - Amravati,total,buddhist,persons,383891
census-india-2011,sources/census-2011/c-series/state-mdds/c01-27-maharashtra.xls,bce626419f500bd7,census-c01-extract-v1.1.0-20260528T003617Z,C0101,27,503,00000,000000,District - Amravati,total,buddhist,males,197129
census-india-2011,sources/census-2011/c-series/state-mdds/c01-27-maharashtra.xls,bce626419f500bd7,census-c01-extract-v1.1.0-20260528T003617Z,C0101,27,503,00000,000000,District - Amravati,total,buddhist,females,186762
census-india-2011,sources/census-2011/c-series/state-mdds/c01-27-maharashtra.xls,bce626419f500bd7,census-c01-extract-v1.1.0-20260528T003617Z,C0101,27,503,00000,000000,District - Amravati,total,jain,persons,11360
census-india-2011,sources/census-2011/c-series/state-mdds/c01-27-maharashtra.xls,bce626419f500bd7,census-c01-extract-v1.1.0-20260528T003617Z,C0101,27,503,00000,000000,District - Amravati,total,jain,males,5829
census-india-2011,sources/census-2011/c-series/state-mdds/c01-27-maharashtra.xls,bce626419f500bd7,census-c01-extract-v1.1.0-20260528T003617Z,C0101,27,503,00000,000000,District - Amravati,total,jain,females,5531
census-india-2011,sources/census-2011/c-series/state-mdds/c01-27-maharashtra.xls,bce626419f500bd7,census-c01-extract-v1.1.0-20260528T003617Z,C0101,27,503,00000,000000,District - Amravati,total,other,persons,3288
census-india-2011,sources/census-2011/c-series/state-mdds/c01-27-maharashtra.xls,bce626419f500bd7,census-c01-extract-v1.1.0-20260528T003617Z,C0101,27,503,00000,000000,District - Amravati,total,other,males,1697
census-india-2011,sources/census-2011/c-series/state-mdds/c01-27-maharashtra.xls,bce626419f500bd7,census-c01-extract-v1.1.0-20260528T003617Z,C0101,27,503,00000,000000,District - Amravati,total,other,females,1591
census-india-2011,sources/census-2011/c-series/state-mdds/c01-27-maharashtra.xls,bce626419f500bd7,census-c01-extract-v1.1.0-20260528T003617Z,C0101,27,503,00000,000000,District - Amravati,total,not_stated,persons,3854
census-india-2011,sources/census-2011/c-series/state-mdds/c01-27-maharashtra.xls,bce626419f500bd7,census-c01-extract-v1.1.0-20260528T003617Z,C0101,27,503,00000,000000,District - Amravati,total,not_stated,males,2202
census-india-2011,sources/census-2011/c-series/state-mdds/c01-27-maharashtra.xls,bce626419f500bd7,census-c01-extract-v1.1.0-20260528T003617Z,C0101,27,503,00000,000000,District - Amravati,total,not_stated,females,1652
census-india-2011,sources/census-2011/c-series/state-mdds/c01-27-maharashtra.xls,bce626419f500bd7,census-c01-extract-v1.1.0-20260528T003617Z,C0101,27,503,00000,000000,District - Amravati,rural,all,persons,1851158
census-india-2011,sources/census-2011/c-series/state-mdds/c01-27-maharashtra.xls,bce626419f500bd7,census-c01-extract-v1.1.0-20260528T003617Z,C0101,27,503,00000,000000,District - Amravati,rural,all,males,950633
census-india-2011,sources/census-2011/c-series/state-mdds/c01-27-maharashtra.xls,bce626419f500bd7,census-c01-extract-v1.1.0-20260528T003617Z,C0101,27,503,00000,000000,District - Amravati,rural,all,females,900525
census-india-2011,sources/census-2011/c-series/state-mdds/c01-27-maharashtra.xls,bce626419f500bd7,census-c01-extract-v1.1.0-20260528T003617Z,C0101,27,503,00000,000000,District - Amravati,rural,hindu,persons,1412155
census-india-2011,sources/census-2011/c-series/state-mdds/c01-27-maharashtra.xls,bce626419f500bd7,census-c01-extract-v1.1.0-20260528T003617Z,C0101,27,503,00000,000000,District - Amravati,rural,hindu,males,724232
census-india-2011,sources/census-2011/c-series/state-mdds/c01-27-maharashtra.xls,bce626419f500bd7,census-c01-extract-v1.1.0-20260528T003617Z,C0101,27,503,00000,000000,District - Amravati,rural,hindu,females,687923
census-india-2011,sources/census-2011/c-series/state-mdds/c01-27-maharashtra.xls,bce626419f500bd7,census-c01-extract-v1.1.0-20260528T003617Z,C0101,27,503,00000,000000,District - Amravati,rural,muslim,persons,153030
census-india-2011,sources/census-2011/c-series/state-mdds/c01-27-maharashtra.xls,bce626419f500bd7,census-c01-extract-v1.1.0-20260528T003617Z,C0101,27,503,00000,000000,District - Amravati,rural,muslim,males,78609
census-india-2011,sources/census-2011/c-series/state-mdds/c01-27-maharashtra.xls,bce626419f500bd7,census-c01-extract-v1.1.0-20260528T003617Z,C0101,27,503,00000,000000,District - Amravati,rural,muslim,females,74421
census-india-2011,sources/census-2011/c-series/state-mdds/c01-27-maharashtra.xls,bce626419f500bd7,census-c01-extract-v1.1.0-20260528T003617Z,C0101,27,503,00000,000000,District - Amravati,rural,christian,persons,3026
census-india-2011,sources/census-2011/c-series/state-mdds/c01-27-maharashtra.xls,bce626419f500bd7,census-c01-extract-v1.1.0-20260528T003617Z,C0101,27,503,00000,000000,District - Amravati,rural,christian,males,1548
census-india-2011,sources/census-2011/c-series/state-mdds/c01-27-maharashtra.xls,bce626419f500bd7,census-c01-extract-v1.1.0-20260528T003617Z,C0101,27,503,00000,000000,District - Amravati,rural,christian,females,1478
census-india-2011,sources/census-2011/c-series/state-mdds/c01-27-maharashtra.xls,bce626419f500bd7,census-c01-extract-v1.1.0-20260528T003617Z,C0101,27,503,00000,000000,District - Amravati,rural,sikh,persons,767
census-india-2011,sources/census-2011/c-series/state-mdds/c01-27-maharashtra.xls,bce626419f500bd7,census-c01-extract-v1.1.0-20260528T003617Z,C0101,27,503,00000,000000,District - Amravati,rural,sikh,males,400
census-india-2011,sources/census-2011/c-series/state-mdds/c01-27-maharashtra.xls,bce626419f500bd7,census-c01-extract-v1.1.0-20260528T003617Z,C0101,27,503,00000,000000,District - Amravati,rural,sikh,females,367
census-india-2011,sources/census-2011/c-series/state-mdds/c01-27-maharashtra.xls,bce626419f500bd7,census-c01-extract-v1.1.0-20260528T003617Z,C0101,27,503,00000,000000,District - Amravati,rural,buddhist,persons,274105
census-india-2011,sources/census-2011/c-series/state-mdds/c01-27-maharashtra.xls,bce626419f500bd7,census-c01-extract-v1.1.0-20260528T003617Z,C0101,27,503,00000,000000,District - Amravati,rural,buddhist,males,141440
census-india-2011,sources/census-2011/c-series/state-mdds/c01-27-maharashtra.xls,bce626419f500bd7,census-c01-extract-v1.1.0-20260528T003617Z,C0101,27,503,00000,000000,District - Amravati,rural,buddhist,females,132665
census-india-2011,sources/census-2011/c-series/state-mdds/c01-27-maharashtra.xls,bce626419f500bd7,census-c01-extract-v1.1.0-20260528T003617Z,C0101,27,503,00000,000000,District - Amravati,rural,jain,persons,3030
census-india-2011,sources/census-2011/c-series/state-mdds/c01-27-maharashtra.xls,bce626419f500bd7,census-c01-extract-v1.1.0-20260528T003617Z,C0101,27,503,00000,000000,District - Amravati,rural,jain,males,1591
census-india-2011,sources/census-2011/c-series/state-mdds/c01-27-maharashtra.xls,bce626419f500bd7,census-c01-extract-v1.1.0-20260528T003617Z,C0101,27,503,00000,000000,District - Amravati,rural,jain,females,1439
census-india-2011,sources/census-2011/c-series/state-mdds/c01-27-maharashtra.xls,bce626419f500bd7,census-c01-extract-v1.1.0-20260528T003617Z,C0101,27,503,00000,000000,District - Amravati,rural,other,persons,2388
census-india-2011,sources/census-2011/c-series/state-mdds/c01-27-maharashtra.xls,bce626419f500bd7,census-c01-extract-v1.1.0-20260528T003617Z,C0101,27,503,00000,000000,District - Amravati,rural,other,males,1231
census-india-2011,sources/census-2011/c-series/state-mdds/c01-27-maharashtra.xls,bce626419f500bd7,census-c01-extract-v1.1.0-20260528T003617Z,C0101,27,503,00000,000000,District - Amravati,rural,other,females,1157
census-india-2011,sources/census-2011/c-series/state-mdds/c01-27-maharashtra.xls,bce626419f500bd7,census-c01-extract-v1.1.0-20260528T003617Z,C0101,27,503,00000,000000,District - Amravati,rural,not_stated,persons,2657
census-india-2011,sources/census-2011/c-series/state-mdds/c01-27-maharashtra.xls,bce626419f500bd7,census-c01-extract-v1.1.0-20260528T003617Z,C0101,27,503,00000,000000,District - Amravati,rural,not_stated,males,1582
census-india-2011,sources/census-2011/c-series/state-mdds/c01-27-maharashtra.xls,bce626419f500bd7,census-c01-extract-v1.1.0-20260528T003617Z,C0101,27,503,00000,000000,District - Amravati,rural,not_stated,females,1075
census-india-2011,sources/census-2011/c-series/state-mdds/c01-27-maharashtra.xls,bce626419f500bd7,census-c01-extract-v1.1.0-20260528T003617Z,C0101,27,503,00000,000000,District - Amravati,urban,all,persons,1037287
census-india-2011,sources/census-2011/c-series/state-mdds/c01-27-maharashtra.xls,bce626419f500bd7,census-c01-extract-v1.1.0-20260528T003617Z,C0101,27,503,00000,000000,District - Amravati,urban,all,males,530135
census-india-2011,sources/census-2011/c-series/state-mdds/c01-27-maharashtra.xls,bce626419f500bd7,census-c01-extract-v1.1.0-20260528T003617Z,C0101,27,503,00000,000000,District - Amravati,urban,all,females,507152
census-india-2011,sources/census-2011/c-series/state-mdds/c01-27-maharashtra.xls,bce626419f500bd7,census-c01-extract-v1.1.0-20260528T003617Z,C0101,27,503,00000,000000,District - Amravati,urban,hindu,persons,643022
census-india-2011,sources/census-2011/c-series/state-mdds/c01-27-maharashtra.xls,bce626419f500bd7,census-c01-extract-v1.1.0-20260528T003617Z,C0101,27,503,00000,000000,District - Amravati,urban,hindu,males,328584
census-india-2011,sources/census-2011/c-series/state-mdds/c01-27-maharashtra.xls,bce626419f500bd7,census-c01-extract-v1.1.0-20260528T003617Z,C0101,27,503,00000,000000,District - Amravati,urban,hindu,females,314438
census-india-2011,sources/census-2011/c-series/state-mdds/c01-27-maharashtra.xls,bce626419f500bd7,census-c01-extract-v1.1.0-20260528T003617Z,C0101,27,503,00000,000000,District - Amravati,urban,muslim,persons,268380
census-india-2011,sources/census-2011/c-series/state-mdds/c01-27-maharashtra.xls,bce626419f500bd7,census-c01-extract-v1.1.0-20260528T003617Z,C0101,27,503,00000,000000,District - Amravati,urban,muslim,males,137757
census-india-2011,sources/census-2011/c-series/state-mdds/c01-27-maharashtra.xls,bce626419f500bd7,census-c01-extract-v1.1.0-20260528T003617Z,C0101,27,503,00000,000000,District - Amravati,urban,muslim,females,130623
census-india-2011,sources/census-2011/c-series/state-mdds/c01-27-maharashtra.xls,bce626419f500bd7,census-c01-extract-v1.1.0-20260528T003617Z,C0101,27,503,00000,000000,District - Amravati,urban,christian,persons,4197
census-india-2011,sources/census-2011/c-series/state-mdds/c01-27-maharashtra.xls,bce626419f500bd7,census-c01-extract-v1.1.0-20260528T003617Z,C0101,27,503,00000,000000,District - Amravati,urban,christian,males,1996
census-india-2011,sources/census-2011/c-series/state-mdds/c01-27-maharashtra.xls,bce626419f500bd7,census-c01-extract-v1.1.0-20260528T003617Z,C0101,27,503,00000,000000,District - Amravati,urban,christian,females,2201
census-india-2011,sources/census-2011/c-series/state-mdds/c01-27-maharashtra.xls,bce626419f500bd7,census-c01-extract-v1.1.0-20260528T003617Z,C0101,27,503,00000,000000,District - Amravati,urban,sikh,persons,1475
census-india-2011,sources/census-2011/c-series/state-mdds/c01-27-maharashtra.xls,bce626419f500bd7,census-c01-extract-v1.1.0-20260528T003617Z,C0101,27,503,00000,000000,District - Amravati,urban,sikh,males,785
census-india-2011,sources/census-2011/c-series/state-mdds/c01-27-maharashtra.xls,bce626419f500bd7,census-c01-extract-v1.1.0-20260528T003617Z,C0101,27,503,00000,000000,District - Amravati,urban,sikh,females,690
census-india-2011,sources/census-2011/c-series/state-mdds/c01-27-maharashtra.xls,bce626419f500bd7,census-c01-extract-v1.1.0-20260528T003617Z,C0101,27,503,00000,000000,District - Amravati,urban,buddhist,persons,109786
census-india-2011,sources/census-2011/c-series/state-mdds/c01-27-maharashtra.xls,bce626419f500bd7,census-c01-extract-v1.1.0-20260528T003617Z,C0101,27,503,00000,000000,District - Amravati,urban,buddhist,males,55689
census-india-2011,sources/census-2011/c-series/state-mdds/c01-27-maharashtra.xls,bce626419f500bd7,census-c01-extract-v1.1.0-20260528T003617Z,C0101,27,503,00000,000000,District - Amravati,urban,buddhist,females,54097
census-india-2011,sources/census-2011/c-series/state-mdds/c01-27-maharashtra.xls,bce626419f500bd7,census-c01-extract-v1.1.0-20260528T003617Z,C0101,27,503,00000,000000,District - Amravati,urban,jain,persons,8330
census-india-2011,sources/census-2011/c-series/state-mdds/c01-27-maharashtra.xls,bce626419f500bd7,census-c01-extract-v1.1.0-20260528T003617Z,C0101,27,503,00000,000000,District - Amravati,urban,jain,males,4238
census-india-2011,sources/census-2011/c-series/state-mdds/c01-27-maharashtra.xls,bce626419f500bd7,census-c01-extract-v1.1.0-20260528T003617Z,C0101,27,503,00000,000000,District - Amravati,urban,jain,females,4092
census-india-2011,sources/census-2011/c-series/state-mdds/c01-27-maharashtra.xls,bce626419f500bd7,census-c01-extract-v1.1.0-20260528T003617Z,C0101,27,503,00000,000000,District - Amravati,urban,other,persons,900
census-india-2011,sources/census-2011/c-series/state-mdds/c01-27-maharashtra.xls,bce626419f500bd7,census-c01-extract-v1.1.0-20260528T003617Z,C0101,27,503,00000,000000,District - Amravati,urban,other,males,466
census-india-2011,sources/census-2011/c-series/state-mdds/c01-27-maharashtra.xls,bce626419f500bd7,census-c01-extract-v1.1.0-20260528T003617Z,C0101,27,503,00000,000000,District - Amravati,urban,other,females,434
census-india-2011,sources/census-2011/c-series/state-mdds/c01-27-maharashtra.xls,bce626419f500bd7,census-c01-extract-v1.1.0-20260528T003617Z,C0101,27,503,00000,000000,District - Amravati,urban,not_stated,persons,1197
census-india-2011,sources/census-2011/c-series/state-mdds/c01-27-maharashtra.xls,bce626419f500bd7,census-c01-extract-v1.1.0-20260528T003617Z,C0101,27,503,00000,000000,District - Amravati,urban,not_stated,males,620
census-india-2011,sources/census-2011/c-series/state-mdds/c01-27-maharashtra.xls,bce626419f500bd7,census-c01-extract-v1.1.0-20260528T003617Z,C0101,27,503,00000,000000,District - Amravati,urban,not_stated,females,577
census-india-2011,sources/census-2011/c-series/state-mdds/c01-27-maharashtra.xls,bce626419f500bd7,census-c01-extract-v1.1.0-20260528T003617Z,C0101,27,504,00000,000000,District - Wardha,total,all,persons,1300774
census-india-2011,sources/census-2011/c-series/state-mdds/c01-27-maharashtra.xls,bce626419f500bd7,census-c01-extract-v1.1.0-20260528T003617Z,C0101,27,504,00000,000000,District - Wardha,total,all,males,668385
census-india-2011,sources/census-2011/c-series/state-mdds/c01-27-maharashtra.xls,bce626419f500bd7,census-c01-extract-v1.1.0-20260528T003617Z,C0101,27,504,00000,000000,District - Wardha,total,all,females,632389
census-india-2011,sources/census-2011/c-series/state-mdds/c01-27-maharashtra.xls,bce626419f500bd7,census-c01-extract-v1.1.0-20260528T003617Z,C0101,27,504,00000,000000,District - Wardha,total,hindu,persons,1057096
census-india-2011,sources/census-2011/c-series/state-mdds/c01-27-maharashtra.xls,bce626419f500bd7,census-c01-extract-v1.1.0-20260528T003617Z,C0101,27,504,00000,000000,District - Wardha,total,hindu,males,543626
census-india-2011,sources/census-2011/c-series/state-mdds/c01-27-maharashtra.xls,bce626419f500bd7,census-c01-extract-v1.1.0-20260528T003617Z,C0101,27,504,00000,000000,District - Wardha,total,hindu,females,513470
census-india-2011,sources/census-2011/c-series/state-mdds/c01-27-maharashtra.xls,bce626419f500bd7,census-c01-extract-v1.1.0-20260528T003617Z,C0101,27,504,00000,000000,District - Wardha,total,muslim,persons,53854
census-india-2011,sources/census-2011/c-series/state-mdds/c01-27-maharashtra.xls,bce626419f500bd7,census-c01-extract-v1.1.0-20260528T003617Z,C0101,27,504,00000,000000,District - Wardha,total,muslim,males,27576
census-india-2011,sources/census-2011/c-series/state-mdds/c01-27-maharashtra.xls,bce626419f500bd7,census-c01-extract-v1.1.0-20260528T003617Z,C0101,27,504,00000,000000,District - Wardha,total,muslim,females,26278
census-india-2011,sources/census-2011/c-series/state-mdds/c01-27-maharashtra.xls,bce626419f500bd7,census-c01-extract-v1.1.0-20260528T003617Z,C0101,27,504,00000,000000,District - Wardha,total,christian,persons,2696
census-india-2011,sources/census-2011/c-series/state-mdds/c01-27-maharashtra.xls,bce626419f500bd7,census-c01-extract-v1.1.0-20260528T003617Z,C0101,27,504,00000,000000,District - Wardha,total,christian,males,1275
census-india-2011,sources/census-2011/c-series/state-mdds/c01-27-maharashtra.xls,bce626419f500bd7,census-c01-extract-v1.1.0-20260528T003617Z,C0101,27,504,00000,000000,District - Wardha,total,christian,females,1421
census-india-2011,sources/census-2011/c-series/state-mdds/c01-27-maharashtra.xls,bce626419f500bd7,census-c01-extract-v1.1.0-20260528T003617Z,C0101,27,504,00000,000000,District - Wardha,total,sikh,persons,2147
census-india-2011,sources/census-2011/c-series/state-mdds/c01-27-maharashtra.xls,bce626419f500bd7,census-c01-extract-v1.1.0-20260528T003617Z,C0101,27,504,00000,000000,District - Wardha,total,sikh,males,1127
census-india-2011,sources/census-2011/c-series/state-mdds/c01-27-maharashtra.xls,bce626419f500bd7,census-c01-extract-v1.1.0-20260528T003617Z,C0101,27,504,00000,000000,District - Wardha,total,sikh,females,1020
census-india-2011,sources/census-2011/c-series/state-mdds/c01-27-maharashtra.xls,bce626419f500bd7,census-c01-extract-v1.1.0-20260528T003617Z,C0101,27,504,00000,000000,District - Wardha,total,buddhist,persons,175417
census-india-2011,sources/census-2011/c-series/state-mdds/c01-27-maharashtra.xls,bce626419f500bd7,census-c01-extract-v1.1.0-20260528T003617Z,C0101,27,504,00000,000000,District - Wardha,total,buddhist,males,89855
census-india-2011,sources/census-2011/c-series/state-mdds/c01-27-maharashtra.xls,bce626419f500bd7,census-c01-extract-v1.1.0-20260528T003617Z,C0101,27,504,00000,000000,District - Wardha,total,buddhist,females,85562
census-india-2011,sources/census-2011/c-series/state-mdds/c01-27-maharashtra.xls,bce626419f500bd7,census-c01-extract-v1.1.0-20260528T003617Z,C0101,27,504,00000,000000,District - Wardha,total,jain,persons,5663
census-india-2011,sources/census-2011/c-series/state-mdds/c01-27-maharashtra.xls,bce626419f500bd7,census-c01-extract-v1.1.0-20260528T003617Z,C0101,27,504,00000,000000,District - Wardha,total,jain,males,2892
census-india-2011,sources/census-2011/c-series/state-mdds/c01-27-maharashtra.xls,bce626419f500bd7,census-c01-extract-v1.1.0-20260528T003617Z,C0101,27,504,00000,000000,District - Wardha,total,jain,females,2771
census-india-2011,sources/census-2011/c-series/state-mdds/c01-27-maharashtra.xls,bce626419f500bd7,census-c01-extract-v1.1.0-20260528T003617Z,C0101,27,504,00000,000000,District - Wardha,total,other,persons,2254
census-india-2011,sources/census-2011/c-series/state-mdds/c01-27-maharashtra.xls,bce626419f500bd7,census-c01-extract-v1.1.0-20260528T003617Z,C0101,27,504,00000,000000,District - Wardha,total,other,males,1134
census-india-2011,sources/census-2011/c-series/state-mdds/c01-27-maharashtra.xls,bce626419f500bd7,census-c01-extract-v1.1.0-20260528T003617Z,C0101,27,504,00000,000000,District - Wardha,total,other,females,1120
census-india-2011,sources/census-2011/c-series/state-mdds/c01-27-maharashtra.xls,bce626419f500bd7,census-c01-extract-v1.1.0-20260528T003617Z,C0101,27,504,00000,000000,District - Wardha,total,not_stated,persons,1647
census-india-2011,sources/census-2011/c-series/state-mdds/c01-27-maharashtra.xls,bce626419f500bd7,census-c01-extract-v1.1.0-20260528T003617Z,C0101,27,504,00000,000000,District - Wardha,total,not_stated,males,900
census-india-2011,sources/census-2011/c-series/state-mdds/c01-27-maharashtra.xls,bce626419f500bd7,census-c01-extract-v1.1.0-20260528T003617Z,C0101,27,504,00000,000000,District - Wardha,total,not_stated,females,747
census-india-2011,sources/census-2011/c-series/state-mdds/c01-27-maharashtra.xls,bce626419f500bd7,census-c01-extract-v1.1.0-20260528T003617Z,C0101,27,504,00000,000000,District - Wardha,rural,all,persons,877474
census-india-2011,sources/census-2011/c-series/state-mdds/c01-27-maharashtra.xls,bce626419f500bd7,census-c01-extract-v1.1.0-20260528T003617Z,C0101,27,504,00000,000000,District - Wardha,rural,all,males,451874
census-india-2011,sources/census-2011/c-series/state-mdds/c01-27-maharashtra.xls,bce626419f500bd7,census-c01-extract-v1.1.0-20260528T003617Z,C0101,27,504,00000,000000,District - Wardha,rural,all,females,425600
census-india-2011,sources/census-2011/c-series/state-mdds/c01-27-maharashtra.xls,bce626419f500bd7,census-c01-extract-v1.1.0-20260528T003617Z,C0101,27,504,00000,000000,District - Wardha,rural,hindu,persons,736457
census-india-2011,sources/census-2011/c-series/state-mdds/c01-27-maharashtra.xls,bce626419f500bd7,census-c01-extract-v1.1.0-20260528T003617Z,C0101,27,504,00000,000000,District - Wardha,rural,hindu,males,379306
census-india-2011,sources/census-2011/c-series/state-mdds/c01-27-maharashtra.xls,bce626419f500bd7,census-c01-extract-v1.1.0-20260528T003617Z,C0101,27,504,00000,000000,District - Wardha,rural,hindu,females,357151
census-india-2011,sources/census-2011/c-series/state-mdds/c01-27-maharashtra.xls,bce626419f500bd7,census-c01-extract-v1.1.0-20260528T003617Z,C0101,27,504,00000,000000,District - Wardha,rural,muslim,persons,22012
census-india-2011,sources/census-2011/c-series/state-mdds/c01-27-maharashtra.xls,bce626419f500bd7,census-c01-extract-v1.1.0-20260528T003617Z,C0101,27,504,00000,000000,District - Wardha,rural,muslim,males,11227
census-india-2011,sources/census-2011/c-series/state-mdds/c01-27-maharashtra.xls,bce626419f500bd7,census-c01-extract-v1.1.0-20260528T003617Z,C0101,27,504,00000,000000,District - Wardha,rural,muslim,females,10785
census-india-2011,sources/census-2011/c-series/state-mdds/c01-27-maharashtra.xls,bce626419f500bd7,census-c01-extract-v1.1.0-20260528T003617Z,C0101,27,504,00000,000000,District - Wardha,rural,christian,persons,1065
census-india-2011,sources/census-2011/c-series/state-mdds/c01-27-maharashtra.xls,bce626419f500bd7,census-c01-extract-v1.1.0-20260528T003617Z,C0101,27,504,00000,000000,District - Wardha,rural,christian,males,500
census-india-2011,sources/census-2011/c-series/state-mdds/c01-27-maharashtra.xls,bce626419f500bd7,census-c01-extract-v1.1.0-20260528T003617Z,C0101,27,504,00000,000000,District - Wardha,rural,christian,females,565
census-india-2011,sources/census-2011/c-series/state-mdds/c01-27-maharashtra.xls,bce626419f500bd7,census-c01-extract-v1.1.0-20260528T003617Z,C0101,27,504,00000,000000,District - Wardha,rural,sikh,persons,1416
census-india-2011,sources/census-2011/c-series/state-mdds/c01-27-maharashtra.xls,bce626419f500bd7,census-c01-extract-v1.1.0-20260528T003617Z,C0101,27,504,00000,000000,District - Wardha,rural,sikh,males,726
census-india-2011,sources/census-2011/c-series/state-mdds/c01-27-maharashtra.xls,bce626419f500bd7,census-c01-extract-v1.1.0-20260528T003617Z,C0101,27,504,00000,000000,District - Wardha,rural,sikh,females,690
census-india-2011,sources/census-2011/c-series/state-mdds/c01-27-maharashtra.xls,bce626419f500bd7,census-c01-extract-v1.1.0-20260528T003617Z,C0101,27,504,00000,000000,District - Wardha,rural,buddhist,persons,112329
census-india-2011,sources/census-2011/c-series/state-mdds/c01-27-maharashtra.xls,bce626419f500bd7,census-c01-extract-v1.1.0-20260528T003617Z,C0101,27,504,00000,000000,District - Wardha,rural,buddhist,males,57927
census-india-2011,sources/census-2011/c-series/state-mdds/c01-27-maharashtra.xls,bce626419f500bd7,census-c01-extract-v1.1.0-20260528T003617Z,C0101,27,504,00000,000000,District - Wardha,rural,buddhist,females,54402
census-india-2011,sources/census-2011/c-series/state-mdds/c01-27-maharashtra.xls,bce626419f500bd7,census-c01-extract-v1.1.0-20260528T003617Z,C0101,27,504,00000,000000,District - Wardha,rural,jain,persons,966
census-india-2011,sources/census-2011/c-series/state-mdds/c01-27-maharashtra.xls,bce626419f500bd7,census-c01-extract-v1.1.0-20260528T003617Z,C0101,27,504,00000,000000,District - Wardha,rural,jain,males,493
census-india-2011,sources/census-2011/c-series/state-mdds/c01-27-maharashtra.xls,bce626419f500bd7,census-c01-extract-v1.1.0-20260528T003617Z,C0101,27,504,00000,000000,District - Wardha,rural,jain,females,473
census-india-2011,sources/census-2011/c-series/state-mdds/c01-27-maharashtra.xls,bce626419f500bd7,census-c01-extract-v1.1.0-20260528T003617Z,C0101,27,504,00000,000000,District - Wardha,rural,other,persons,1863
census-india-2011,sources/census-2011/c-series/state-mdds/c01-27-maharashtra.xls,bce626419f500bd7,census-c01-extract-v1.1.0-20260528T003617Z,C0101,27,504,00000,000000,District - Wardha,rural,other,males,943
census-india-2011,sources/census-2011/c-series/state-mdds/c01-27-maharashtra.xls,bce626419f500bd7,census-c01-extract-v1.1.0-20260528T003617Z,C0101,27,504,00000,000000,District - Wardha,rural,other,females,920
census-india-2011,sources/census-2011/c-series/state-mdds/c01-27-maharashtra.xls,bce626419f500bd7,census-c01-extract-v1.1.0-20260528T003617Z,C0101,27,504,00000,000000,District - Wardha,rural,not_stated,persons,1366
census-india-2011,sources/census-2011/c-series/state-mdds/c01-27-maharashtra.xls,bce626419f500bd7,census-c01-extract-v1.1.0-20260528T003617Z,C0101,27,504,00000,000000,District - Wardha,rural,not_stated,males,752
census-india-2011,sources/census-2011/c-series/state-mdds/c01-27-maharashtra.xls,bce626419f500bd7,census-c01-extract-v1.1.0-20260528T003617Z,C0101,27,504,00000,000000,District - Wardha,rural,not_stated,females,614
census-india-2011,sources/census-2011/c-series/state-mdds/c01-27-maharashtra.xls,bce626419f500bd7,census-c01-extract-v1.1.0-20260528T003617Z,C0101,27,504,00000,000000,District - Wardha,urban,all,persons,423300
census-india-2011,sources/census-2011/c-series/state-mdds/c01-27-maharashtra.xls,bce626419f500bd7,census-c01-extract-v1.1.0-20260528T003617Z,C0101,27,504,00000,000000,District - Wardha,urban,all,males,216511
census-india-2011,sources/census-2011/c-series/state-mdds/c01-27-maharashtra.xls,bce626419f500bd7,census-c01-extract-v1.1.0-20260528T003617Z,C0101,27,504,00000,000000,District - Wardha,urban,all,females,206789
census-india-2011,sources/census-2011/c-series/state-mdds/c01-27-maharashtra.xls,bce626419f500bd7,census-c01-extract-v1.1.0-20260528T003617Z,C0101,27,504,00000,000000,District - Wardha,urban,hindu,persons,320639
census-india-2011,sources/census-2011/c-series/state-mdds/c01-27-maharashtra.xls,bce626419f500bd7,census-c01-extract-v1.1.0-20260528T003617Z,C0101,27,504,00000,000000,District - Wardha,urban,hindu,males,164320
census-india-2011,sources/census-2011/c-series/state-mdds/c01-27-maharashtra.xls,bce626419f500bd7,census-c01-extract-v1.1.0-20260528T003617Z,C0101,27,504,00000,000000,District - Wardha,urban,hindu,females,156319
census-india-2011,sources/census-2011/c-series/state-mdds/c01-27-maharashtra.xls,bce626419f500bd7,census-c01-extract-v1.1.0-20260528T003617Z,C0101,27,504,00000,000000,District - Wardha,urban,muslim,persons,31842
census-india-2011,sources/census-2011/c-series/state-mdds/c01-27-maharashtra.xls,bce626419f500bd7,census-c01-extract-v1.1.0-20260528T003617Z,C0101,27,504,00000,000000,District - Wardha,urban,muslim,males,16349
census-india-2011,sources/census-2011/c-series/state-mdds/c01-27-maharashtra.xls,bce626419f500bd7,census-c01-extract-v1.1.0-20260528T003617Z,C0101,27,504,00000,000000,District - Wardha,urban,muslim,females,15493
census-india-2011,sources/census-2011/c-series/state-mdds/c01-27-maharashtra.xls,bce626419f500bd7,census-c01-extract-v1.1.0-20260528T003617Z,C0101,27,504,00000,000000,District - Wardha,urban,christian,persons,1631
census-india-2011,sources/census-2011/c-series/state-mdds/c01-27-maharashtra.xls,bce626419f500bd7,census-c01-extract-v1.1.0-20260528T003617Z,C0101,27,504,00000,000000,District - Wardha,urban,christian,males,775
census-india-2011,sources/census-2011/c-series/state-mdds/c01-27-maharashtra.xls,bce626419f500bd7,census-c01-extract-v1.1.0-20260528T003617Z,C0101,27,504,00000,000000,District - Wardha,urban,christian,females,856
census-india-2011,sources/census-2011/c-series/state-mdds/c01-27-maharashtra.xls,bce626419f500bd7,census-c01-extract-v1.1.0-20260528T003617Z,C0101,27,504,00000,000000,District - Wardha,urban,sikh,persons,731
census-india-2011,sources/census-2011/c-series/state-mdds/c01-27-maharashtra.xls,bce626419f500bd7,census-c01-extract-v1.1.0-20260528T003617Z,C0101,27,504,00000,000000,District - Wardha,urban,sikh,males,401
census-india-2011,sources/census-2011/c-series/state-mdds/c01-27-maharashtra.xls,bce626419f500bd7,census-c01-extract-v1.1.0-20260528T003617Z,C0101,27,504,00000,000000,District - Wardha,urban,sikh,females,330
census-india-2011,sources/census-2011/c-series/state-mdds/c01-27-maharashtra.xls,bce626419f500bd7,census-c01-extract-v1.1.0-20260528T003617Z,C0101,27,504,00000,000000,District - Wardha,urban,buddhist,persons,63088
census-india-2011,sources/census-2011/c-series/state-mdds/c01-27-maharashtra.xls,bce626419f500bd7,census-c01-extract-v1.1.0-20260528T003617Z,C0101,27,504,00000,000000,District - Wardha,urban,buddhist,males,31928
census-india-2011,sources/census-2011/c-series/state-mdds/c01-27-maharashtra.xls,bce626419f500bd7,census-c01-extract-v1.1.0-20260528T003617Z,C0101,27,504,00000,000000,District - Wardha,urban,buddhist,females,31160
census-india-2011,sources/census-2011/c-series/state-mdds/c01-27-maharashtra.xls,bce626419f500bd7,census-c01-extract-v1.1.0-20260528T003617Z,C0101,27,504,00000,000000,District - Wardha,urban,jain,persons,4697
census-india-2011,sources/census-2011/c-series/state-mdds/c01-27-maharashtra.xls,bce626419f500bd7,census-c01-extract-v1.1.0-20260528T003617Z,C0101,27,504,00000,000000,District - Wardha,urban,jain,males,2399
census-india-2011,sources/census-2011/c-series/state-mdds/c01-27-maharashtra.xls,bce626419f500bd7,census-c01-extract-v1.1.0-20260528T003617Z,C0101,27,504,00000,000000,District - Wardha,urban,jain,females,2298
census-india-2011,sources/census-2011/c-series/state-mdds/c01-27-maharashtra.xls,bce626419f500bd7,census-c01-extract-v1.1.0-20260528T003617Z,C0101,27,504,00000,000000,District - Wardha,urban,other,persons,391
census-india-2011,sources/census-2011/c-series/state-mdds/c01-27-maharashtra.xls,bce626419f500bd7,census-c01-extract-v1.1.0-20260528T003617Z,C0101,27,504,00000,000000,District - Wardha,urban,other,males,191
census-india-2011,sources/census-2011/c-series/state-mdds/c01-27-maharashtra.xls,bce626419f500bd7,census-c01-extract-v1.1.0-20260528T003617Z,C0101,27,504,00000,000000,District - Wardha,urban,other,females,200
census-india-2011,sources/census-2011/c-series/state-mdds/c01-27-maharashtra.xls,bce626419f500bd7,census-c01-extract-v1.1.0-20260528T003617Z,C0101,27,504,00000,000000,District - Wardha,urban,not_stated,persons,281
census-india-2011,sources/census-2011/c-series/state-mdds/c01-27-maharashtra.xls,bce626419f500bd7,census-c01-extract-v1.1.0-20260528T003617Z,C0101,27,504,00000,000000,District - Wardha,urban,not_stated,males,148
census-india-2011,sources/census-2011/c-series/state-mdds/c01-27-maharashtra.xls,bce626419f500bd7,census-c01-extract-v1.1.0-20260528T003617Z,C0101,27,504,00000,000000,District - Wardha,urban,not_stated,females,133
census-india-2011,sources/census-2011/c-series/state-mdds/c01-27-maharashtra.xls,bce626419f500bd7,census-c01-extract-v1.1.0-20260528T003617Z,C0101,27,505,00000,000000,District - Nagpur,total,all,persons,4653570
census-india-2011,sources/census-2011/c-series/state-mdds/c01-27-maharashtra.xls,bce626419f500bd7,census-c01-extract-v1.1.0-20260528T003617Z,C0101,27,505,00000,000000,District - Nagpur,total,all,males,2384975
census-india-2011,sources/census-2011/c-series/state-mdds/c01-27-maharashtra.xls,bce626419f500bd7,census-c01-extract-v1.1.0-20260528T003617Z,C0101,27,505,00000,000000,District - Nagpur,total,all,females,2268595
census-india-2011,sources/census-2011/c-series/state-mdds/c01-27-maharashtra.xls,bce626419f500bd7,census-c01-extract-v1.1.0-20260528T003617Z,C0101,27,505,00000,000000,District - Nagpur,total,hindu,persons,3492202
census-india-2011,sources/census-2011/c-series/state-mdds/c01-27-maharashtra.xls,bce626419f500bd7,census-c01-extract-v1.1.0-20260528T003617Z,C0101,27,505,00000,000000,District - Nagpur,total,hindu,males,1795245
census-india-2011,sources/census-2011/c-series/state-mdds/c01-27-maharashtra.xls,bce626419f500bd7,census-c01-extract-v1.1.0-20260528T003617Z,C0101,27,505,00000,000000,District - Nagpur,total,hindu,females,1696957
census-india-2011,sources/census-2011/c-series/state-mdds/c01-27-maharashtra.xls,bce626419f500bd7,census-c01-extract-v1.1.0-20260528T003617Z,C0101,27,505,00000,000000,District - Nagpur,total,muslim,persons,390974
census-india-2011,sources/census-2011/c-series/state-mdds/c01-27-maharashtra.xls,bce626419f500bd7,census-c01-extract-v1.1.0-20260528T003617Z,C0101,27,505,00000,000000,District - Nagpur,total,muslim,males,200292
census-india-2011,sources/census-2011/c-series/state-mdds/c01-27-maharashtra.xls,bce626419f500bd7,census-c01-extract-v1.1.0-20260528T003617Z,C0101,27,505,00000,000000,District - Nagpur,total,muslim,females,190682
census-india-2011,sources/census-2011/c-series/state-mdds/c01-27-maharashtra.xls,bce626419f500bd7,census-c01-extract-v1.1.0-20260528T003617Z,C0101,27,505,00000,000000,District - Nagpur,total,christian,persons,34667
census-india-2011,sources/census-2011/c-series/state-mdds/c01-27-maharashtra.xls,bce626419f500bd7,census-c01-extract-v1.1.0-20260528T003617Z,C0101,27,505,00000,000000,District - Nagpur,total,christian,males,17004
census-india-2011,sources/census-2011/c-series/state-mdds/c01-27-maharashtra.xls,bce626419f500bd7,census-c01-extract-v1.1.0-20260528T003617Z,C0101,27,505,00000,000000,District - Nagpur,total,christian,females,17663
census-india-2011,sources/census-2011/c-series/state-mdds/c01-27-maharashtra.xls,bce626419f500bd7,census-c01-extract-v1.1.0-20260528T003617Z,C0101,27,505,00000,000000,District - Nagpur,total,sikh,persons,20469
census-india-2011,sources/census-2011/c-series/state-mdds/c01-27-maharashtra.xls,bce626419f500bd7,census-c01-extract-v1.1.0-20260528T003617Z,C0101,27,505,00000,000000,District - Nagpur,total,sikh,males,10668
census-india-2011,sources/census-2011/c-series/state-mdds/c01-27-maharashtra.xls,bce626419f500bd7,census-c01-extract-v1.1.0-20260528T003617Z,C0101,27,505,00000,000000,District - Nagpur,total,sikh,females,9801
census-india-2011,sources/census-2011/c-series/state-mdds/c01-27-maharashtra.xls,bce626419f500bd7,census-c01-extract-v1.1.0-20260528T003617Z,C0101,27,505,00000,000000,District - Nagpur,total,buddhist,persons,668050
census-india-2011,sources/census-2011/c-series/state-mdds/c01-27-maharashtra.xls,bce626419f500bd7,census-c01-extract-v1.1.0-20260528T003617Z,C0101,27,505,00000,000000,District - Nagpur,total,buddhist,males,337692
census-india-2011,sources/census-2011/c-series/state-mdds/c01-27-maharashtra.xls,bce626419f500bd7,census-c01-extract-v1.1.0-20260528T003617Z,C0101,27,505,00000,000000,District - Nagpur,total,buddhist,females,330358
census-india-2011,sources/census-2011/c-series/state-mdds/c01-27-maharashtra.xls,bce626419f500bd7,census-c01-extract-v1.1.0-20260528T003617Z,C0101,27,505,00000,000000,District - Nagpur,total,jain,persons,24528
census-india-2011,sources/census-2011/c-series/state-mdds/c01-27-maharashtra.xls,bce626419f500bd7,census-c01-extract-v1.1.0-20260528T003617Z,C0101,27,505,00000,000000,District - Nagpur,total,jain,males,12485
census-india-2011,sources/census-2011/c-series/state-mdds/c01-27-maharashtra.xls,bce626419f500bd7,census-c01-extract-v1.1.0-20260528T003617Z,C0101,27,505,00000,000000,District - Nagpur,total,jain,females,12043
census-india-2011,sources/census-2011/c-series/state-mdds/c01-27-maharashtra.xls,bce626419f500bd7,census-c01-extract-v1.1.0-20260528T003617Z,C0101,27,505,00000,000000,District - Nagpur,total,other,persons,12181
census-india-2011,sources/census-2011/c-series/state-mdds/c01-27-maharashtra.xls,bce626419f500bd7,census-c01-extract-v1.1.0-20260528T003617Z,C0101,27,505,00000,000000,District - Nagpur,total,other,males,6208
census-india-2011,sources/census-2011/c-series/state-mdds/c01-27-maharashtra.xls,bce626419f500bd7,census-c01-extract-v1.1.0-20260528T003617Z,C0101,27,505,00000,000000,District - Nagpur,total,other,females,5973
census-india-2011,sources/census-2011/c-series/state-mdds/c01-27-maharashtra.xls,bce626419f500bd7,census-c01-extract-v1.1.0-20260528T003617Z,C0101,27,505,00000,000000,District - Nagpur,total,not_stated,persons,10499
census-india-2011,sources/census-2011/c-series/state-mdds/c01-27-maharashtra.xls,bce626419f500bd7,census-c01-extract-v1.1.0-20260528T003617Z,C0101,27,505,00000,000000,District - Nagpur,total,not_stated,males,5381
census-india-2011,sources/census-2011/c-series/state-mdds/c01-27-maharashtra.xls,bce626419f500bd7,census-c01-extract-v1.1.0-20260528T003617Z,C0101,27,505,00000,000000,District - Nagpur,total,not_stated,females,5118
census-india-2011,sources/census-2011/c-series/state-mdds/c01-27-maharashtra.xls,bce626419f500bd7,census-c01-extract-v1.1.0-20260528T003617Z,C0101,27,505,00000,000000,District - Nagpur,rural,all,persons,1474811
census-india-2011,sources/census-2011/c-series/state-mdds/c01-27-maharashtra.xls,bce626419f500bd7,census-c01-extract-v1.1.0-20260528T003617Z,C0101,27,505,00000,000000,District - Nagpur,rural,all,males,758357
census-india-2011,sources/census-2011/c-series/state-mdds/c01-27-maharashtra.xls,bce626419f500bd7,census-c01-extract-v1.1.0-20260528T003617Z,C0101,27,505,00000,000000,District - Nagpur,rural,all,females,716454
census-india-2011,sources/census-2011/c-series/state-mdds/c01-27-maharashtra.xls,bce626419f500bd7,census-c01-extract-v1.1.0-20260528T003617Z,C0101,27,505,00000,000000,District - Nagpur,rural,hindu,persons,1245547
census-india-2011,sources/census-2011/c-series/state-mdds/c01-27-maharashtra.xls,bce626419f500bd7,census-c01-extract-v1.1.0-20260528T003617Z,C0101,27,505,00000,000000,District - Nagpur,rural,hindu,males,640824
census-india-2011,sources/census-2011/c-series/state-mdds/c01-27-maharashtra.xls,bce626419f500bd7,census-c01-extract-v1.1.0-20260528T003617Z,C0101,27,505,00000,000000,District - Nagpur,rural,hindu,females,604723
census-india-2011,sources/census-2011/c-series/state-mdds/c01-27-maharashtra.xls,bce626419f500bd7,census-c01-extract-v1.1.0-20260528T003617Z,C0101,27,505,00000,000000,District - Nagpur,rural,muslim,persons,30246
census-india-2011,sources/census-2011/c-series/state-mdds/c01-27-maharashtra.xls,bce626419f500bd7,census-c01-extract-v1.1.0-20260528T003617Z,C0101,27,505,00000,000000,District - Nagpur,rural,muslim,males,15650
census-india-2011,sources/census-2011/c-series/state-mdds/c01-27-maharashtra.xls,bce626419f500bd7,census-c01-extract-v1.1.0-20260528T003617Z,C0101,27,505,00000,000000,District - Nagpur,rural,muslim,females,14596
census-india-2011,sources/census-2011/c-series/state-mdds/c01-27-maharashtra.xls,bce626419f500bd7,census-c01-extract-v1.1.0-20260528T003617Z,C0101,27,505,00000,000000,District - Nagpur,rural,christian,persons,3574
census-india-2011,sources/census-2011/c-series/state-mdds/c01-27-maharashtra.xls,bce626419f500bd7,census-c01-extract-v1.1.0-20260528T003617Z,C0101,27,505,00000,000000,District - Nagpur,rural,christian,males,1847
census-india-2011,sources/census-2011/c-series/state-mdds/c01-27-maharashtra.xls,bce626419f500bd7,census-c01-extract-v1.1.0-20260528T003617Z,C0101,27,505,00000,000000,District - Nagpur,rural,christian,females,1727
census-india-2011,sources/census-2011/c-series/state-mdds/c01-27-maharashtra.xls,bce626419f500bd7,census-c01-extract-v1.1.0-20260528T003617Z,C0101,27,505,00000,000000,District - Nagpur,rural,sikh,persons,2032
census-india-2011,sources/census-2011/c-series/state-mdds/c01-27-maharashtra.xls,bce626419f500bd7,census-c01-extract-v1.1.0-20260528T003617Z,C0101,27,505,00000,000000,District - Nagpur,rural,sikh,males,1043
census-india-2011,sources/census-2011/c-series/state-mdds/c01-27-maharashtra.xls,bce626419f500bd7,census-c01-extract-v1.1.0-20260528T003617Z,C0101,27,505,00000,000000,District - Nagpur,rural,sikh,females,989
census-india-2011,sources/census-2011/c-series/state-mdds/c01-27-maharashtra.xls,bce626419f500bd7,census-c01-extract-v1.1.0-20260528T003617Z,C0101,27,505,00000,000000,District - Nagpur,rural,buddhist,persons,178949
census-india-2011,sources/census-2011/c-series/state-mdds/c01-27-maharashtra.xls,bce626419f500bd7,census-c01-extract-v1.1.0-20260528T003617Z,C0101,27,505,00000,000000,District - Nagpur,rural,buddhist,males,91527
census-india-2011,sources/census-2011/c-series/state-mdds/c01-27-maharashtra.xls,bce626419f500bd7,census-c01-extract-v1.1.0-20260528T003617Z,C0101,27,505,00000,000000,District - Nagpur,rural,buddhist,females,87422
census-india-2011,sources/census-2011/c-series/state-mdds/c01-27-maharashtra.xls,bce626419f500bd7,census-c01-extract-v1.1.0-20260528T003617Z,C0101,27,505,00000,000000,District - Nagpur,rural,jain,persons,1411
census-india-2011,sources/census-2011/c-series/state-mdds/c01-27-maharashtra.xls,bce626419f500bd7,census-c01-extract-v1.1.0-20260528T003617Z,C0101,27,505,00000,000000,District - Nagpur,rural,jain,males,745
census-india-2011,sources/census-2011/c-series/state-mdds/c01-27-maharashtra.xls,bce626419f500bd7,census-c01-extract-v1.1.0-20260528T003617Z,C0101,27,505,00000,000000,District - Nagpur,rural,jain,females,666
census-india-2011,sources/census-2011/c-series/state-mdds/c01-27-maharashtra.xls,bce626419f500bd7,census-c01-extract-v1.1.0-20260528T003617Z,C0101,27,505,00000,000000,District - Nagpur,rural,other,persons,9014
census-india-2011,sources/census-2011/c-series/state-mdds/c01-27-maharashtra.xls,bce626419f500bd7,census-c01-extract-v1.1.0-20260528T003617Z,C0101,27,505,00000,000000,District - Nagpur,rural,other,males,4612
census-india-2011,sources/census-2011/c-series/state-mdds/c01-27-maharashtra.xls,bce626419f500bd7,census-c01-extract-v1.1.0-20260528T003617Z,C0101,27,505,00000,000000,District - Nagpur,rural,other,females,4402
census-india-2011,sources/census-2011/c-series/state-mdds/c01-27-maharashtra.xls,bce626419f500bd7,census-c01-extract-v1.1.0-20260528T003617Z,C0101,27,505,00000,000000,District - Nagpur,rural,not_stated,persons,4038
census-india-2011,sources/census-2011/c-series/state-mdds/c01-27-maharashtra.xls,bce626419f500bd7,census-c01-extract-v1.1.0-20260528T003617Z,C0101,27,505,00000,000000,District - Nagpur,rural,not_stated,males,2109
census-india-2011,sources/census-2011/c-series/state-mdds/c01-27-maharashtra.xls,bce626419f500bd7,census-c01-extract-v1.1.0-20260528T003617Z,C0101,27,505,00000,000000,District - Nagpur,rural,not_stated,females,1929
census-india-2011,sources/census-2011/c-series/state-mdds/c01-27-maharashtra.xls,bce626419f500bd7,census-c01-extract-v1.1.0-20260528T003617Z,C0101,27,505,00000,000000,District - Nagpur,urban,all,persons,3178759
census-india-2011,sources/census-2011/c-series/state-mdds/c01-27-maharashtra.xls,bce626419f500bd7,census-c01-extract-v1.1.0-20260528T003617Z,C0101,27,505,00000,000000,District - Nagpur,urban,all,males,1626618
census-india-2011,sources/census-2011/c-series/state-mdds/c01-27-maharashtra.xls,bce626419f500bd7,census-c01-extract-v1.1.0-20260528T003617Z,C0101,27,505,00000,000000,District - Nagpur,urban,all,females,1552141
census-india-2011,sources/census-2011/c-series/state-mdds/c01-27-maharashtra.xls,bce626419f500bd7,census-c01-extract-v1.1.0-20260528T003617Z,C0101,27,505,00000,000000,District - Nagpur,urban,hindu,persons,2246655
census-india-2011,sources/census-2011/c-series/state-mdds/c01-27-maharashtra.xls,bce626419f500bd7,census-c01-extract-v1.1.0-20260528T003617Z,C0101,27,505,00000,000000,District - Nagpur,urban,hindu,males,1154421
census-india-2011,sources/census-2011/c-series/state-mdds/c01-27-maharashtra.xls,bce626419f500bd7,census-c01-extract-v1.1.0-20260528T003617Z,C0101,27,505,00000,000000,District - Nagpur,urban,hindu,females,1092234
census-india-2011,sources/census-2011/c-series/state-mdds/c01-27-maharashtra.xls,bce626419f500bd7,census-c01-extract-v1.1.0-20260528T003617Z,C0101,27,505,00000,000000,District - Nagpur,urban,muslim,persons,360728
census-india-2011,sources/census-2011/c-series/state-mdds/c01-27-maharashtra.xls,bce626419f500bd7,census-c01-extract-v1.1.0-20260528T003617Z,C0101,27,505,00000,000000,District - Nagpur,urban,muslim,males,184642
census-india-2011,sources/census-2011/c-series/state-mdds/c01-27-maharashtra.xls,bce626419f500bd7,census-c01-extract-v1.1.0-20260528T003617Z,C0101,27,505,00000,000000,District - Nagpur,urban,muslim,females,176086
census-india-2011,sources/census-2011/c-series/state-mdds/c01-27-maharashtra.xls,bce626419f500bd7,census-c01-extract-v1.1.0-20260528T003617Z,C0101,27,505,00000,000000,District - Nagpur,urban,christian,persons,31093
census-india-2011,sources/census-2011/c-series/state-mdds/c01-27-maharashtra.xls,bce626419f500bd7,census-c01-extract-v1.1.0-20260528T003617Z,C0101,27,505,00000,000000,District - Nagpur,urban,christian,males,15157
census-india-2011,sources/census-2011/c-series/state-mdds/c01-27-maharashtra.xls,bce626419f500bd7,census-c01-extract-v1.1.0-20260528T003617Z,C0101,27,505,00000,000000,District - Nagpur,urban,christian,females,15936
census-india-2011,sources/census-2011/c-series/state-mdds/c01-27-maharashtra.xls,bce626419f500bd7,census-c01-extract-v1.1.0-20260528T003617Z,C0101,27,505,00000,000000,District - Nagpur,urban,sikh,persons,18437
census-india-2011,sources/census-2011/c-series/state-mdds/c01-27-maharashtra.xls,bce626419f500bd7,census-c01-extract-v1.1.0-20260528T003617Z,C0101,27,505,00000,000000,District - Nagpur,urban,sikh,males,9625
census-india-2011,sources/census-2011/c-series/state-mdds/c01-27-maharashtra.xls,bce626419f500bd7,census-c01-extract-v1.1.0-20260528T003617Z,C0101,27,505,00000,000000,District - Nagpur,urban,sikh,females,8812
census-india-2011,sources/census-2011/c-series/state-mdds/c01-27-maharashtra.xls,bce626419f500bd7,census-c01-extract-v1.1.0-20260528T003617Z,C0101,27,505,00000,000000,District - Nagpur,urban,buddhist,persons,489101
census-india-2011,sources/census-2011/c-series/state-mdds/c01-27-maharashtra.xls,bce626419f500bd7,census-c01-extract-v1.1.0-20260528T003617Z,C0101,27,505,00000,000000,District - Nagpur,urban,buddhist,males,246165
census-india-2011,sources/census-2011/c-series/state-mdds/c01-27-maharashtra.xls,bce626419f500bd7,census-c01-extract-v1.1.0-20260528T003617Z,C0101,27,505,00000,000000,District - Nagpur,urban,buddhist,females,242936
census-india-2011,sources/census-2011/c-series/state-mdds/c01-27-maharashtra.xls,bce626419f500bd7,census-c01-extract-v1.1.0-20260528T003617Z,C0101,27,505,00000,000000,District - Nagpur,urban,jain,persons,23117
census-india-2011,sources/census-2011/c-series/state-mdds/c01-27-maharashtra.xls,bce626419f500bd7,census-c01-extract-v1.1.0-20260528T003617Z,C0101,27,505,00000,000000,District - Nagpur,urban,jain,males,11740
census-india-2011,sources/census-2011/c-series/state-mdds/c01-27-maharashtra.xls,bce626419f500bd7,census-c01-extract-v1.1.0-20260528T003617Z,C0101,27,505,00000,000000,District - Nagpur,urban,jain,females,11377
census-india-2011,sources/census-2011/c-series/state-mdds/c01-27-maharashtra.xls,bce626419f500bd7,census-c01-extract-v1.1.0-20260528T003617Z,C0101,27,505,00000,000000,District - Nagpur,urban,other,persons,3167
census-india-2011,sources/census-2011/c-series/state-mdds/c01-27-maharashtra.xls,bce626419f500bd7,census-c01-extract-v1.1.0-20260528T003617Z,C0101,27,505,00000,000000,District - Nagpur,urban,other,males,1596
census-india-2011,sources/census-2011/c-series/state-mdds/c01-27-maharashtra.xls,bce626419f500bd7,census-c01-extract-v1.1.0-20260528T003617Z,C0101,27,505,00000,000000,District - Nagpur,urban,other,females,1571
census-india-2011,sources/census-2011/c-series/state-mdds/c01-27-maharashtra.xls,bce626419f500bd7,census-c01-extract-v1.1.0-20260528T003617Z,C0101,27,505,00000,000000,District - Nagpur,urban,not_stated,persons,6461
census-india-2011,sources/census-2011/c-series/state-mdds/c01-27-maharashtra.xls,bce626419f500bd7,census-c01-extract-v1.1.0-20260528T003617Z,C0101,27,505,00000,000000,District - Nagpur,urban,not_stated,males,3272
census-india-2011,sources/census-2011/c-series/state-mdds/c01-27-maharashtra.xls,bce626419f500bd7,census-c01-extract-v1.1.0-20260528T003617Z,C0101,27,505,00000,000000,District - Nagpur,urban,not_stated,females,3189
census-india-2011,sources/census-2011/c-series/state-mdds/c01-27-maharashtra.xls,bce626419f500bd7,census-c01-extract-v1.1.0-20260528T003617Z,C0101,27,506,00000,000000,District - Bhandara,total,all,persons,1200334
census-india-2011,sources/census-2011/c-series/state-mdds/c01-27-maharashtra.xls,bce626419f500bd7,census-c01-extract-v1.1.0-20260528T003617Z,C0101,27,506,00000,000000,District - Bhandara,total,all,males,605520
census-india-2011,sources/census-2011/c-series/state-mdds/c01-27-maharashtra.xls,bce626419f500bd7,census-c01-extract-v1.1.0-20260528T003617Z,C0101,27,506,00000,000000,District - Bhandara,total,all,females,594814
census-india-2011,sources/census-2011/c-series/state-mdds/c01-27-maharashtra.xls,bce626419f500bd7,census-c01-extract-v1.1.0-20260528T003617Z,C0101,27,506,00000,000000,District - Bhandara,total,hindu,persons,1009352
census-india-2011,sources/census-2011/c-series/state-mdds/c01-27-maharashtra.xls,bce626419f500bd7,census-c01-extract-v1.1.0-20260528T003617Z,C0101,27,506,00000,000000,District - Bhandara,total,hindu,males,509493
census-india-2011,sources/census-2011/c-series/state-mdds/c01-27-maharashtra.xls,bce626419f500bd7,census-c01-extract-v1.1.0-20260528T003617Z,C0101,27,506,00000,000000,District - Bhandara,total,hindu,females,499859
census-india-2011,sources/census-2011/c-series/state-mdds/c01-27-maharashtra.xls,bce626419f500bd7,census-c01-extract-v1.1.0-20260528T003617Z,C0101,27,506,00000,000000,District - Bhandara,total,muslim,persons,26502
census-india-2011,sources/census-2011/c-series/state-mdds/c01-27-maharashtra.xls,bce626419f500bd7,census-c01-extract-v1.1.0-20260528T003617Z,C0101,27,506,00000,000000,District - Bhandara,total,muslim,males,13524
census-india-2011,sources/census-2011/c-series/state-mdds/c01-27-maharashtra.xls,bce626419f500bd7,census-c01-extract-v1.1.0-20260528T003617Z,C0101,27,506,00000,000000,District - Bhandara,total,muslim,females,12978
census-india-2011,sources/census-2011/c-series/state-mdds/c01-27-maharashtra.xls,bce626419f500bd7,census-c01-extract-v1.1.0-20260528T003617Z,C0101,27,506,00000,000000,District - Bhandara,total,christian,persons,2145
census-india-2011,sources/census-2011/c-series/state-mdds/c01-27-maharashtra.xls,bce626419f500bd7,census-c01-extract-v1.1.0-20260528T003617Z,C0101,27,506,00000,000000,District - Bhandara,total,christian,males,1082
census-india-2011,sources/census-2011/c-series/state-mdds/c01-27-maharashtra.xls,bce626419f500bd7,census-c01-extract-v1.1.0-20260528T003617Z,C0101,27,506,00000,000000,District - Bhandara,total,christian,females,1063
census-india-2011,sources/census-2011/c-series/state-mdds/c01-27-maharashtra.xls,bce626419f500bd7,census-c01-extract-v1.1.0-20260528T003617Z,C0101,27,506,00000,000000,District - Bhandara,total,sikh,persons,831
census-india-2011,sources/census-2011/c-series/state-mdds/c01-27-maharashtra.xls,bce626419f500bd7,census-c01-extract-v1.1.0-20260528T003617Z,C0101,27,506,00000,000000,District - Bhandara,total,sikh,males,426
census-india-2011,sources/census-2011/c-series/state-mdds/c01-27-maharashtra.xls,bce626419f500bd7,census-c01-extract-v1.1.0-20260528T003617Z,C0101,27,506,00000,000000,District - Bhandara,total,sikh,females,405
census-india-2011,sources/census-2011/c-series/state-mdds/c01-27-maharashtra.xls,bce626419f500bd7,census-c01-extract-v1.1.0-20260528T003617Z,C0101,27,506,00000,000000,District - Bhandara,total,buddhist,persons,154458
census-india-2011,sources/census-2011/c-series/state-mdds/c01-27-maharashtra.xls,bce626419f500bd7,census-c01-extract-v1.1.0-20260528T003617Z,C0101,27,506,00000,000000,District - Bhandara,total,buddhist,males,77394
census-india-2011,sources/census-2011/c-series/state-mdds/c01-27-maharashtra.xls,bce626419f500bd7,census-c01-extract-v1.1.0-20260528T003617Z,C0101,27,506,00000,000000,District - Bhandara,total,buddhist,females,77064
census-india-2011,sources/census-2011/c-series/state-mdds/c01-27-maharashtra.xls,bce626419f500bd7,census-c01-extract-v1.1.0-20260528T003617Z,C0101,27,506,00000,000000,District - Bhandara,total,jain,persons,1017
census-india-2011,sources/census-2011/c-series/state-mdds/c01-27-maharashtra.xls,bce626419f500bd7,census-c01-extract-v1.1.0-20260528T003617Z,C0101,27,506,00000,000000,District - Bhandara,total,jain,males,515
census-india-2011,sources/census-2011/c-series/state-mdds/c01-27-maharashtra.xls,bce626419f500bd7,census-c01-extract-v1.1.0-20260528T003617Z,C0101,27,506,00000,000000,District - Bhandara,total,jain,females,502
census-india-2011,sources/census-2011/c-series/state-mdds/c01-27-maharashtra.xls,bce626419f500bd7,census-c01-extract-v1.1.0-20260528T003617Z,C0101,27,506,00000,000000,District - Bhandara,total,other,persons,3555
census-india-2011,sources/census-2011/c-series/state-mdds/c01-27-maharashtra.xls,bce626419f500bd7,census-c01-extract-v1.1.0-20260528T003617Z,C0101,27,506,00000,000000,District - Bhandara,total,other,males,1790
census-india-2011,sources/census-2011/c-series/state-mdds/c01-27-maharashtra.xls,bce626419f500bd7,census-c01-extract-v1.1.0-20260528T003617Z,C0101,27,506,00000,000000,District - Bhandara,total,other,females,1765
census-india-2011,sources/census-2011/c-series/state-mdds/c01-27-maharashtra.xls,bce626419f500bd7,census-c01-extract-v1.1.0-20260528T003617Z,C0101,27,506,00000,000000,District - Bhandara,total,not_stated,persons,2474
census-india-2011,sources/census-2011/c-series/state-mdds/c01-27-maharashtra.xls,bce626419f500bd7,census-c01-extract-v1.1.0-20260528T003617Z,C0101,27,506,00000,000000,District - Bhandara,total,not_stated,males,1296
census-india-2011,sources/census-2011/c-series/state-mdds/c01-27-maharashtra.xls,bce626419f500bd7,census-c01-extract-v1.1.0-20260528T003617Z,C0101,27,506,00000,000000,District - Bhandara,total,not_stated,females,1178
census-india-2011,sources/census-2011/c-series/state-mdds/c01-27-maharashtra.xls,bce626419f500bd7,census-c01-extract-v1.1.0-20260528T003617Z,C0101,27,506,00000,000000,District - Bhandara,rural,all,persons,966503
census-india-2011,sources/census-2011/c-series/state-mdds/c01-27-maharashtra.xls,bce626419f500bd7,census-c01-extract-v1.1.0-20260528T003617Z,C0101,27,506,00000,000000,District - Bhandara,rural,all,males,487484
census-india-2011,sources/census-2011/c-series/state-mdds/c01-27-maharashtra.xls,bce626419f500bd7,census-c01-extract-v1.1.0-20260528T003617Z,C0101,27,506,00000,000000,District - Bhandara,rural,all,females,479019
census-india-2011,sources/census-2011/c-series/state-mdds/c01-27-maharashtra.xls,bce626419f500bd7,census-c01-extract-v1.1.0-20260528T003617Z,C0101,27,506,00000,000000,District - Bhandara,rural,hindu,persons,828084
census-india-2011,sources/census-2011/c-series/state-mdds/c01-27-maharashtra.xls,bce626419f500bd7,census-c01-extract-v1.1.0-20260528T003617Z,C0101,27,506,00000,000000,District - Bhandara,rural,hindu,males,417810
census-india-2011,sources/census-2011/c-series/state-mdds/c01-27-maharashtra.xls,bce626419f500bd7,census-c01-extract-v1.1.0-20260528T003617Z,C0101,27,506,00000,000000,District - Bhandara,rural,hindu,females,410274
census-india-2011,sources/census-2011/c-series/state-mdds/c01-27-maharashtra.xls,bce626419f500bd7,census-c01-extract-v1.1.0-20260528T003617Z,C0101,27,506,00000,000000,District - Bhandara,rural,muslim,persons,9149
census-india-2011,sources/census-2011/c-series/state-mdds/c01-27-maharashtra.xls,bce626419f500bd7,census-c01-extract-v1.1.0-20260528T003617Z,C0101,27,506,00000,000000,District - Bhandara,rural,muslim,males,4723
census-india-2011,sources/census-2011/c-series/state-mdds/c01-27-maharashtra.xls,bce626419f500bd7,census-c01-extract-v1.1.0-20260528T003617Z,C0101,27,506,00000,000000,District - Bhandara,rural,muslim,females,4426
census-india-2011,sources/census-2011/c-series/state-mdds/c01-27-maharashtra.xls,bce626419f500bd7,census-c01-extract-v1.1.0-20260528T003617Z,C0101,27,506,00000,000000,District - Bhandara,rural,christian,persons,1260
census-india-2011,sources/census-2011/c-series/state-mdds/c01-27-maharashtra.xls,bce626419f500bd7,census-c01-extract-v1.1.0-20260528T003617Z,C0101,27,506,00000,000000,District - Bhandara,rural,christian,males,632
census-india-2011,sources/census-2011/c-series/state-mdds/c01-27-maharashtra.xls,bce626419f500bd7,census-c01-extract-v1.1.0-20260528T003617Z,C0101,27,506,00000,000000,District - Bhandara,rural,christian,females,628
census-india-2011,sources/census-2011/c-series/state-mdds/c01-27-maharashtra.xls,bce626419f500bd7,census-c01-extract-v1.1.0-20260528T003617Z,C0101,27,506,00000,000000,District - Bhandara,rural,sikh,persons,508
census-india-2011,sources/census-2011/c-series/state-mdds/c01-27-maharashtra.xls,bce626419f500bd7,census-c01-extract-v1.1.0-20260528T003617Z,C0101,27,506,00000,000000,District - Bhandara,rural,sikh,males,259
census-india-2011,sources/census-2011/c-series/state-mdds/c01-27-maharashtra.xls,bce626419f500bd7,census-c01-extract-v1.1.0-20260528T003617Z,C0101,27,506,00000,000000,District - Bhandara,rural,sikh,females,249
census-india-2011,sources/census-2011/c-series/state-mdds/c01-27-maharashtra.xls,bce626419f500bd7,census-c01-extract-v1.1.0-20260528T003617Z,C0101,27,506,00000,000000,District - Bhandara,rural,buddhist,persons,122119
census-india-2011,sources/census-2011/c-series/state-mdds/c01-27-maharashtra.xls,bce626419f500bd7,census-c01-extract-v1.1.0-20260528T003617Z,C0101,27,506,00000,000000,District - Bhandara,rural,buddhist,males,61293
census-india-2011,sources/census-2011/c-series/state-mdds/c01-27-maharashtra.xls,bce626419f500bd7,census-c01-extract-v1.1.0-20260528T003617Z,C0101,27,506,00000,000000,District - Bhandara,rural,buddhist,females,60826
census-india-2011,sources/census-2011/c-series/state-mdds/c01-27-maharashtra.xls,bce626419f500bd7,census-c01-extract-v1.1.0-20260528T003617Z,C0101,27,506,00000,000000,District - Bhandara,rural,jain,persons,446
census-india-2011,sources/census-2011/c-series/state-mdds/c01-27-maharashtra.xls,bce626419f500bd7,census-c01-extract-v1.1.0-20260528T003617Z,C0101,27,506,00000,000000,District - Bhandara,rural,jain,males,238
census-india-2011,sources/census-2011/c-series/state-mdds/c01-27-maharashtra.xls,bce626419f500bd7,census-c01-extract-v1.1.0-20260528T003617Z,C0101,27,506,00000,000000,District - Bhandara,rural,jain,females,208
census-india-2011,sources/census-2011/c-series/state-mdds/c01-27-maharashtra.xls,bce626419f500bd7,census-c01-extract-v1.1.0-20260528T003617Z,C0101,27,506,00000,000000,District - Bhandara,rural,other,persons,2993
census-india-2011,sources/census-2011/c-series/state-mdds/c01-27-maharashtra.xls,bce626419f500bd7,census-c01-extract-v1.1.0-20260528T003617Z,C0101,27,506,00000,000000,District - Bhandara,rural,other,males,1510
census-india-2011,sources/census-2011/c-series/state-mdds/c01-27-maharashtra.xls,bce626419f500bd7,census-c01-extract-v1.1.0-20260528T003617Z,C0101,27,506,00000,000000,District - Bhandara,rural,other,females,1483
census-india-2011,sources/census-2011/c-series/state-mdds/c01-27-maharashtra.xls,bce626419f500bd7,census-c01-extract-v1.1.0-20260528T003617Z,C0101,27,506,00000,000000,District - Bhandara,rural,not_stated,persons,1944
census-india-2011,sources/census-2011/c-series/state-mdds/c01-27-maharashtra.xls,bce626419f500bd7,census-c01-extract-v1.1.0-20260528T003617Z,C0101,27,506,00000,000000,District - Bhandara,rural,not_stated,males,1019
census-india-2011,sources/census-2011/c-series/state-mdds/c01-27-maharashtra.xls,bce626419f500bd7,census-c01-extract-v1.1.0-20260528T003617Z,C0101,27,506,00000,000000,District - Bhandara,rural,not_stated,females,925
census-india-2011,sources/census-2011/c-series/state-mdds/c01-27-maharashtra.xls,bce626419f500bd7,census-c01-extract-v1.1.0-20260528T003617Z,C0101,27,506,00000,000000,District - Bhandara,urban,all,persons,233831
census-india-2011,sources/census-2011/c-series/state-mdds/c01-27-maharashtra.xls,bce626419f500bd7,census-c01-extract-v1.1.0-20260528T003617Z,C0101,27,506,00000,000000,District - Bhandara,urban,all,males,118036
census-india-2011,sources/census-2011/c-series/state-mdds/c01-27-maharashtra.xls,bce626419f500bd7,census-c01-extract-v1.1.0-20260528T003617Z,C0101,27,506,00000,000000,District - Bhandara,urban,all,females,115795
census-india-2011,sources/census-2011/c-series/state-mdds/c01-27-maharashtra.xls,bce626419f500bd7,census-c01-extract-v1.1.0-20260528T003617Z,C0101,27,506,00000,000000,District - Bhandara,urban,hindu,persons,181268
census-india-2011,sources/census-2011/c-series/state-mdds/c01-27-maharashtra.xls,bce626419f500bd7,census-c01-extract-v1.1.0-20260528T003617Z,C0101,27,506,00000,000000,District - Bhandara,urban,hindu,males,91683
census-india-2011,sources/census-2011/c-series/state-mdds/c01-27-maharashtra.xls,bce626419f500bd7,census-c01-extract-v1.1.0-20260528T003617Z,C0101,27,506,00000,000000,District - Bhandara,urban,hindu,females,89585
census-india-2011,sources/census-2011/c-series/state-mdds/c01-27-maharashtra.xls,bce626419f500bd7,census-c01-extract-v1.1.0-20260528T003617Z,C0101,27,506,00000,000000,District - Bhandara,urban,muslim,persons,17353
census-india-2011,sources/census-2011/c-series/state-mdds/c01-27-maharashtra.xls,bce626419f500bd7,census-c01-extract-v1.1.0-20260528T003617Z,C0101,27,506,00000,000000,District - Bhandara,urban,muslim,males,8801
census-india-2011,sources/census-2011/c-series/state-mdds/c01-27-maharashtra.xls,bce626419f500bd7,census-c01-extract-v1.1.0-20260528T003617Z,C0101,27,506,00000,000000,District - Bhandara,urban,muslim,females,8552
census-india-2011,sources/census-2011/c-series/state-mdds/c01-27-maharashtra.xls,bce626419f500bd7,census-c01-extract-v1.1.0-20260528T003617Z,C0101,27,506,00000,000000,District - Bhandara,urban,christian,persons,885
census-india-2011,sources/census-2011/c-series/state-mdds/c01-27-maharashtra.xls,bce626419f500bd7,census-c01-extract-v1.1.0-20260528T003617Z,C0101,27,506,00000,000000,District - Bhandara,urban,christian,males,450
census-india-2011,sources/census-2011/c-series/state-mdds/c01-27-maharashtra.xls,bce626419f500bd7,census-c01-extract-v1.1.0-20260528T003617Z,C0101,27,506,00000,000000,District - Bhandara,urban,christian,females,435
census-india-2011,sources/census-2011/c-series/state-mdds/c01-27-maharashtra.xls,bce626419f500bd7,census-c01-extract-v1.1.0-20260528T003617Z,C0101,27,506,00000,000000,District - Bhandara,urban,sikh,persons,323
census-india-2011,sources/census-2011/c-series/state-mdds/c01-27-maharashtra.xls,bce626419f500bd7,census-c01-extract-v1.1.0-20260528T003617Z,C0101,27,506,00000,000000,District - Bhandara,urban,sikh,males,167
census-india-2011,sources/census-2011/c-series/state-mdds/c01-27-maharashtra.xls,bce626419f500bd7,census-c01-extract-v1.1.0-20260528T003617Z,C0101,27,506,00000,000000,District - Bhandara,urban,sikh,females,156
census-india-2011,sources/census-2011/c-series/state-mdds/c01-27-maharashtra.xls,bce626419f500bd7,census-c01-extract-v1.1.0-20260528T003617Z,C0101,27,506,00000,000000,District - Bhandara,urban,buddhist,persons,32339
census-india-2011,sources/census-2011/c-series/state-mdds/c01-27-maharashtra.xls,bce626419f500bd7,census-c01-extract-v1.1.0-20260528T003617Z,C0101,27,506,00000,000000,District - Bhandara,urban,buddhist,males,16101
census-india-2011,sources/census-2011/c-series/state-mdds/c01-27-maharashtra.xls,bce626419f500bd7,census-c01-extract-v1.1.0-20260528T003617Z,C0101,27,506,00000,000000,District - Bhandara,urban,buddhist,females,16238
census-india-2011,sources/census-2011/c-series/state-mdds/c01-27-maharashtra.xls,bce626419f500bd7,census-c01-extract-v1.1.0-20260528T003617Z,C0101,27,506,00000,000000,District - Bhandara,urban,jain,persons,571
census-india-2011,sources/census-2011/c-series/state-mdds/c01-27-maharashtra.xls,bce626419f500bd7,census-c01-extract-v1.1.0-20260528T003617Z,C0101,27,506,00000,000000,District - Bhandara,urban,jain,males,277
census-india-2011,sources/census-2011/c-series/state-mdds/c01-27-maharashtra.xls,bce626419f500bd7,census-c01-extract-v1.1.0-20260528T003617Z,C0101,27,506,00000,000000,District - Bhandara,urban,jain,females,294
census-india-2011,sources/census-2011/c-series/state-mdds/c01-27-maharashtra.xls,bce626419f500bd7,census-c01-extract-v1.1.0-20260528T003617Z,C0101,27,506,00000,000000,District - Bhandara,urban,other,persons,562
census-india-2011,sources/census-2011/c-series/state-mdds/c01-27-maharashtra.xls,bce626419f500bd7,census-c01-extract-v1.1.0-20260528T003617Z,C0101,27,506,00000,000000,District - Bhandara,urban,other,males,280
census-india-2011,sources/census-2011/c-series/state-mdds/c01-27-maharashtra.xls,bce626419f500bd7,census-c01-extract-v1.1.0-20260528T003617Z,C0101,27,506,00000,000000,District - Bhandara,urban,other,females,282
census-india-2011,sources/census-2011/c-series/state-mdds/c01-27-maharashtra.xls,bce626419f500bd7,census-c01-extract-v1.1.0-20260528T003617Z,C0101,27,506,00000,000000,District - Bhandara,urban,not_stated,persons,530
census-india-2011,sources/census-2011/c-series/state-mdds/c01-27-maharashtra.xls,bce626419f500bd7,census-c01-extract-v1.1.0-20260528T003617Z,C0101,27,506,00000,000000,District - Bhandara,urban,not_stated,males,277
census-india-2011,sources/census-2011/c-series/state-mdds/c01-27-maharashtra.xls,bce626419f500bd7,census-c01-extract-v1.1.0-20260528T003617Z,C0101,27,506,00000,000000,District - Bhandara,urban,not_stated,females,253
census-india-2011,sources/census-2011/c-series/state-mdds/c01-27-maharashtra.xls,bce626419f500bd7,census-c01-extract-v1.1.0-20260528T003617Z,C0101,27,507,00000,000000,District - Gondiya,total,all,persons,1322507
census-india-2011,sources/census-2011/c-series/state-mdds/c01-27-maharashtra.xls,bce626419f500bd7,census-c01-extract-v1.1.0-20260528T003617Z,C0101,27,507,00000,000000,District - Gondiya,total,all,males,661554
census-india-2011,sources/census-2011/c-series/state-mdds/c01-27-maharashtra.xls,bce626419f500bd7,census-c01-extract-v1.1.0-20260528T003617Z,C0101,27,507,00000,000000,District - Gondiya,total,all,females,660953
census-india-2011,sources/census-2011/c-series/state-mdds/c01-27-maharashtra.xls,bce626419f500bd7,census-c01-extract-v1.1.0-20260528T003617Z,C0101,27,507,00000,000000,District - Gondiya,total,hindu,persons,1153861
census-india-2011,sources/census-2011/c-series/state-mdds/c01-27-maharashtra.xls,bce626419f500bd7,census-c01-extract-v1.1.0-20260528T003617Z,C0101,27,507,00000,000000,District - Gondiya,total,hindu,males,577270
census-india-2011,sources/census-2011/c-series/state-mdds/c01-27-maharashtra.xls,bce626419f500bd7,census-c01-extract-v1.1.0-20260528T003617Z,C0101,27,507,00000,000000,District - Gondiya,total,hindu,females,576591
census-india-2011,sources/census-2011/c-series/state-mdds/c01-27-maharashtra.xls,bce626419f500bd7,census-c01-extract-v1.1.0-20260528T003617Z,C0101,27,507,00000,000000,District - Gondiya,total,muslim,persons,26157
census-india-2011,sources/census-2011/c-series/state-mdds/c01-27-maharashtra.xls,bce626419f500bd7,census-c01-extract-v1.1.0-20260528T003617Z,C0101,27,507,00000,000000,District - Gondiya,total,muslim,males,13070
census-india-2011,sources/census-2011/c-series/state-mdds/c01-27-maharashtra.xls,bce626419f500bd7,census-c01-extract-v1.1.0-20260528T003617Z,C0101,27,507,00000,000000,District - Gondiya,total,muslim,females,13087
census-india-2011,sources/census-2011/c-series/state-mdds/c01-27-maharashtra.xls,bce626419f500bd7,census-c01-extract-v1.1.0-20260528T003617Z,C0101,27,507,00000,000000,District - Gondiya,total,christian,persons,1827
census-india-2011,sources/census-2011/c-series/state-mdds/c01-27-maharashtra.xls,bce626419f500bd7,census-c01-extract-v1.1.0-20260528T003617Z,C0101,27,507,00000,000000,District - Gondiya,total,christian,males,919
census-india-2011,sources/census-2011/c-series/state-mdds/c01-27-maharashtra.xls,bce626419f500bd7,census-c01-extract-v1.1.0-20260528T003617Z,C0101,27,507,00000,000000,District - Gondiya,total,christian,females,908
census-india-2011,sources/census-2011/c-series/state-mdds/c01-27-maharashtra.xls,bce626419f500bd7,census-c01-extract-v1.1.0-20260528T003617Z,C0101,27,507,00000,000000,District - Gondiya,total,sikh,persons,2160
census-india-2011,sources/census-2011/c-series/state-mdds/c01-27-maharashtra.xls,bce626419f500bd7,census-c01-extract-v1.1.0-20260528T003617Z,C0101,27,507,00000,000000,District - Gondiya,total,sikh,males,1146
census-india-2011,sources/census-2011/c-series/state-mdds/c01-27-maharashtra.xls,bce626419f500bd7,census-c01-extract-v1.1.0-20260528T003617Z,C0101,27,507,00000,000000,District - Gondiya,total,sikh,females,1014
census-india-2011,sources/census-2011/c-series/state-mdds/c01-27-maharashtra.xls,bce626419f500bd7,census-c01-extract-v1.1.0-20260528T003617Z,C0101,27,507,00000,000000,District - Gondiya,total,buddhist,persons,125282
census-india-2011,sources/census-2011/c-series/state-mdds/c01-27-maharashtra.xls,bce626419f500bd7,census-c01-extract-v1.1.0-20260528T003617Z,C0101,27,507,00000,000000,District - Gondiya,total,buddhist,males,62334
census-india-2011,sources/census-2011/c-series/state-mdds/c01-27-maharashtra.xls,bce626419f500bd7,census-c01-extract-v1.1.0-20260528T003617Z,C0101,27,507,00000,000000,District - Gondiya,total,buddhist,females,62948
census-india-2011,sources/census-2011/c-series/state-mdds/c01-27-maharashtra.xls,bce626419f500bd7,census-c01-extract-v1.1.0-20260528T003617Z,C0101,27,507,00000,000000,District - Gondiya,total,jain,persons,1568
census-india-2011,sources/census-2011/c-series/state-mdds/c01-27-maharashtra.xls,bce626419f500bd7,census-c01-extract-v1.1.0-20260528T003617Z,C0101,27,507,00000,000000,District - Gondiya,total,jain,males,786
census-india-2011,sources/census-2011/c-series/state-mdds/c01-27-maharashtra.xls,bce626419f500bd7,census-c01-extract-v1.1.0-20260528T003617Z,C0101,27,507,00000,000000,District - Gondiya,total,jain,females,782
census-india-2011,sources/census-2011/c-series/state-mdds/c01-27-maharashtra.xls,bce626419f500bd7,census-c01-extract-v1.1.0-20260528T003617Z,C0101,27,507,00000,000000,District - Gondiya,total,other,persons,5080
census-india-2011,sources/census-2011/c-series/state-mdds/c01-27-maharashtra.xls,bce626419f500bd7,census-c01-extract-v1.1.0-20260528T003617Z,C0101,27,507,00000,000000,District - Gondiya,total,other,males,2570
census-india-2011,sources/census-2011/c-series/state-mdds/c01-27-maharashtra.xls,bce626419f500bd7,census-c01-extract-v1.1.0-20260528T003617Z,C0101,27,507,00000,000000,District - Gondiya,total,other,females,2510
census-india-2011,sources/census-2011/c-series/state-mdds/c01-27-maharashtra.xls,bce626419f500bd7,census-c01-extract-v1.1.0-20260528T003617Z,C0101,27,507,00000,000000,District - Gondiya,total,not_stated,persons,6572
census-india-2011,sources/census-2011/c-series/state-mdds/c01-27-maharashtra.xls,bce626419f500bd7,census-c01-extract-v1.1.0-20260528T003617Z,C0101,27,507,00000,000000,District - Gondiya,total,not_stated,males,3459
census-india-2011,sources/census-2011/c-series/state-mdds/c01-27-maharashtra.xls,bce626419f500bd7,census-c01-extract-v1.1.0-20260528T003617Z,C0101,27,507,00000,000000,District - Gondiya,total,not_stated,females,3113
census-india-2011,sources/census-2011/c-series/state-mdds/c01-27-maharashtra.xls,bce626419f500bd7,census-c01-extract-v1.1.0-20260528T003617Z,C0101,27,507,00000,000000,District - Gondiya,rural,all,persons,1096577
census-india-2011,sources/census-2011/c-series/state-mdds/c01-27-maharashtra.xls,bce626419f500bd7,census-c01-extract-v1.1.0-20260528T003617Z,C0101,27,507,00000,000000,District - Gondiya,rural,all,males,547934
census-india-2011,sources/census-2011/c-series/state-mdds/c01-27-maharashtra.xls,bce626419f500bd7,census-c01-extract-v1.1.0-20260528T003617Z,C0101,27,507,00000,000000,District - Gondiya,rural,all,females,548643
census-india-2011,sources/census-2011/c-series/state-mdds/c01-27-maharashtra.xls,bce626419f500bd7,census-c01-extract-v1.1.0-20260528T003617Z,C0101,27,507,00000,000000,District - Gondiya,rural,hindu,persons,976137
census-india-2011,sources/census-2011/c-series/state-mdds/c01-27-maharashtra.xls,bce626419f500bd7,census-c01-extract-v1.1.0-20260528T003617Z,C0101,27,507,00000,000000,District - Gondiya,rural,hindu,males,487715
census-india-2011,sources/census-2011/c-series/state-mdds/c01-27-maharashtra.xls,bce626419f500bd7,census-c01-extract-v1.1.0-20260528T003617Z,C0101,27,507,00000,000000,District - Gondiya,rural,hindu,females,488422
census-india-2011,sources/census-2011/c-series/state-mdds/c01-27-maharashtra.xls,bce626419f500bd7,census-c01-extract-v1.1.0-20260528T003617Z,C0101,27,507,00000,000000,District - Gondiya,rural,muslim,persons,10969
census-india-2011,sources/census-2011/c-series/state-mdds/c01-27-maharashtra.xls,bce626419f500bd7,census-c01-extract-v1.1.0-20260528T003617Z,C0101,27,507,00000,000000,District - Gondiya,rural,muslim,males,5496
census-india-2011,sources/census-2011/c-series/state-mdds/c01-27-maharashtra.xls,bce626419f500bd7,census-c01-extract-v1.1.0-20260528T003617Z,C0101,27,507,00000,000000,District - Gondiya,rural,muslim,females,5473
census-india-2011,sources/census-2011/c-series/state-mdds/c01-27-maharashtra.xls,bce626419f500bd7,census-c01-extract-v1.1.0-20260528T003617Z,C0101,27,507,00000,000000,District - Gondiya,rural,christian,persons,1022
census-india-2011,sources/census-2011/c-series/state-mdds/c01-27-maharashtra.xls,bce626419f500bd7,census-c01-extract-v1.1.0-20260528T003617Z,C0101,27,507,00000,000000,District - Gondiya,rural,christian,males,521
census-india-2011,sources/census-2011/c-series/state-mdds/c01-27-maharashtra.xls,bce626419f500bd7,census-c01-extract-v1.1.0-20260528T003617Z,C0101,27,507,00000,000000,District - Gondiya,rural,christian,females,501
census-india-2011,sources/census-2011/c-series/state-mdds/c01-27-maharashtra.xls,bce626419f500bd7,census-c01-extract-v1.1.0-20260528T003617Z,C0101,27,507,00000,000000,District - Gondiya,rural,sikh,persons,716
census-india-2011,sources/census-2011/c-series/state-mdds/c01-27-maharashtra.xls,bce626419f500bd7,census-c01-extract-v1.1.0-20260528T003617Z,C0101,27,507,00000,000000,District - Gondiya,rural,sikh,males,392
census-india-2011,sources/census-2011/c-series/state-mdds/c01-27-maharashtra.xls,bce626419f500bd7,census-c01-extract-v1.1.0-20260528T003617Z,C0101,27,507,00000,000000,District - Gondiya,rural,sikh,females,324
census-india-2011,sources/census-2011/c-series/state-mdds/c01-27-maharashtra.xls,bce626419f500bd7,census-c01-extract-v1.1.0-20260528T003617Z,C0101,27,507,00000,000000,District - Gondiya,rural,buddhist,persons,97396
census-india-2011,sources/census-2011/c-series/state-mdds/c01-27-maharashtra.xls,bce626419f500bd7,census-c01-extract-v1.1.0-20260528T003617Z,C0101,27,507,00000,000000,District - Gondiya,rural,buddhist,males,48501
census-india-2011,sources/census-2011/c-series/state-mdds/c01-27-maharashtra.xls,bce626419f500bd7,census-c01-extract-v1.1.0-20260528T003617Z,C0101,27,507,00000,000000,District - Gondiya,rural,buddhist,females,48895
census-india-2011,sources/census-2011/c-series/state-mdds/c01-27-maharashtra.xls,bce626419f500bd7,census-c01-extract-v1.1.0-20260528T003617Z,C0101,27,507,00000,000000,District - Gondiya,rural,jain,persons,394
census-india-2011,sources/census-2011/c-series/state-mdds/c01-27-maharashtra.xls,bce626419f500bd7,census-c01-extract-v1.1.0-20260528T003617Z,C0101,27,507,00000,000000,District - Gondiya,rural,jain,males,198
census-india-2011,sources/census-2011/c-series/state-mdds/c01-27-maharashtra.xls,bce626419f500bd7,census-c01-extract-v1.1.0-20260528T003617Z,C0101,27,507,00000,000000,District - Gondiya,rural,jain,females,196
census-india-2011,sources/census-2011/c-series/state-mdds/c01-27-maharashtra.xls,bce626419f500bd7,census-c01-extract-v1.1.0-20260528T003617Z,C0101,27,507,00000,000000,District - Gondiya,rural,other,persons,4751
census-india-2011,sources/census-2011/c-series/state-mdds/c01-27-maharashtra.xls,bce626419f500bd7,census-c01-extract-v1.1.0-20260528T003617Z,C0101,27,507,00000,000000,District - Gondiya,rural,other,males,2402
census-india-2011,sources/census-2011/c-series/state-mdds/c01-27-maharashtra.xls,bce626419f500bd7,census-c01-extract-v1.1.0-20260528T003617Z,C0101,27,507,00000,000000,District - Gondiya,rural,other,females,2349
census-india-2011,sources/census-2011/c-series/state-mdds/c01-27-maharashtra.xls,bce626419f500bd7,census-c01-extract-v1.1.0-20260528T003617Z,C0101,27,507,00000,000000,District - Gondiya,rural,not_stated,persons,5192
census-india-2011,sources/census-2011/c-series/state-mdds/c01-27-maharashtra.xls,bce626419f500bd7,census-c01-extract-v1.1.0-20260528T003617Z,C0101,27,507,00000,000000,District - Gondiya,rural,not_stated,males,2709
census-india-2011,sources/census-2011/c-series/state-mdds/c01-27-maharashtra.xls,bce626419f500bd7,census-c01-extract-v1.1.0-20260528T003617Z,C0101,27,507,00000,000000,District - Gondiya,rural,not_stated,females,2483
census-india-2011,sources/census-2011/c-series/state-mdds/c01-27-maharashtra.xls,bce626419f500bd7,census-c01-extract-v1.1.0-20260528T003617Z,C0101,27,507,00000,000000,District - Gondiya,urban,all,persons,225930
census-india-2011,sources/census-2011/c-series/state-mdds/c01-27-maharashtra.xls,bce626419f500bd7,census-c01-extract-v1.1.0-20260528T003617Z,C0101,27,507,00000,000000,District - Gondiya,urban,all,males,113620
census-india-2011,sources/census-2011/c-series/state-mdds/c01-27-maharashtra.xls,bce626419f500bd7,census-c01-extract-v1.1.0-20260528T003617Z,C0101,27,507,00000,000000,District - Gondiya,urban,all,females,112310
census-india-2011,sources/census-2011/c-series/state-mdds/c01-27-maharashtra.xls,bce626419f500bd7,census-c01-extract-v1.1.0-20260528T003617Z,C0101,27,507,00000,000000,District - Gondiya,urban,hindu,persons,177724
census-india-2011,sources/census-2011/c-series/state-mdds/c01-27-maharashtra.xls,bce626419f500bd7,census-c01-extract-v1.1.0-20260528T003617Z,C0101,27,507,00000,000000,District - Gondiya,urban,hindu,males,89555
census-india-2011,sources/census-2011/c-series/state-mdds/c01-27-maharashtra.xls,bce626419f500bd7,census-c01-extract-v1.1.0-20260528T003617Z,C0101,27,507,00000,000000,District - Gondiya,urban,hindu,females,88169
census-india-2011,sources/census-2011/c-series/state-mdds/c01-27-maharashtra.xls,bce626419f500bd7,census-c01-extract-v1.1.0-20260528T003617Z,C0101,27,507,00000,000000,District - Gondiya,urban,muslim,persons,15188
census-india-2011,sources/census-2011/c-series/state-mdds/c01-27-maharashtra.xls,bce626419f500bd7,census-c01-extract-v1.1.0-20260528T003617Z,C0101,27,507,00000,000000,District - Gondiya,urban,muslim,males,7574
census-india-2011,sources/census-2011/c-series/state-mdds/c01-27-maharashtra.xls,bce626419f500bd7,census-c01-extract-v1.1.0-20260528T003617Z,C0101,27,507,00000,000000,District - Gondiya,urban,muslim,females,7614
census-india-2011,sources/census-2011/c-series/state-mdds/c01-27-maharashtra.xls,bce626419f500bd7,census-c01-extract-v1.1.0-20260528T003617Z,C0101,27,507,00000,000000,District - Gondiya,urban,christian,persons,805
census-india-2011,sources/census-2011/c-series/state-mdds/c01-27-maharashtra.xls,bce626419f500bd7,census-c01-extract-v1.1.0-20260528T003617Z,C0101,27,507,00000,000000,District - Gondiya,urban,christian,males,398
census-india-2011,sources/census-2011/c-series/state-mdds/c01-27-maharashtra.xls,bce626419f500bd7,census-c01-extract-v1.1.0-20260528T003617Z,C0101,27,507,00000,000000,District - Gondiya,urban,christian,females,407
census-india-2011,sources/census-2011/c-series/state-mdds/c01-27-maharashtra.xls,bce626419f500bd7,census-c01-extract-v1.1.0-20260528T003617Z,C0101,27,507,00000,000000,District - Gondiya,urban,sikh,persons,1444
census-india-2011,sources/census-2011/c-series/state-mdds/c01-27-maharashtra.xls,bce626419f500bd7,census-c01-extract-v1.1.0-20260528T003617Z,C0101,27,507,00000,000000,District - Gondiya,urban,sikh,males,754
census-india-2011,sources/census-2011/c-series/state-mdds/c01-27-maharashtra.xls,bce626419f500bd7,census-c01-extract-v1.1.0-20260528T003617Z,C0101,27,507,00000,000000,District - Gondiya,urban,sikh,females,690
census-india-2011,sources/census-2011/c-series/state-mdds/c01-27-maharashtra.xls,bce626419f500bd7,census-c01-extract-v1.1.0-20260528T003617Z,C0101,27,507,00000,000000,District - Gondiya,urban,buddhist,persons,27886
census-india-2011,sources/census-2011/c-series/state-mdds/c01-27-maharashtra.xls,bce626419f500bd7,census-c01-extract-v1.1.0-20260528T003617Z,C0101,27,507,00000,000000,District - Gondiya,urban,buddhist,males,13833
census-india-2011,sources/census-2011/c-series/state-mdds/c01-27-maharashtra.xls,bce626419f500bd7,census-c01-extract-v1.1.0-20260528T003617Z,C0101,27,507,00000,000000,District - Gondiya,urban,buddhist,females,14053
census-india-2011,sources/census-2011/c-series/state-mdds/c01-27-maharashtra.xls,bce626419f500bd7,census-c01-extract-v1.1.0-20260528T003617Z,C0101,27,507,00000,000000,District - Gondiya,urban,jain,persons,1174
census-india-2011,sources/census-2011/c-series/state-mdds/c01-27-maharashtra.xls,bce626419f500bd7,census-c01-extract-v1.1.0-20260528T003617Z,C0101,27,507,00000,000000,District - Gondiya,urban,jain,males,588
census-india-2011,sources/census-2011/c-series/state-mdds/c01-27-maharashtra.xls,bce626419f500bd7,census-c01-extract-v1.1.0-20260528T003617Z,C0101,27,507,00000,000000,District - Gondiya,urban,jain,females,586
census-india-2011,sources/census-2011/c-series/state-mdds/c01-27-maharashtra.xls,bce626419f500bd7,census-c01-extract-v1.1.0-20260528T003617Z,C0101,27,507,00000,000000,District - Gondiya,urban,other,persons,329
census-india-2011,sources/census-2011/c-series/state-mdds/c01-27-maharashtra.xls,bce626419f500bd7,census-c01-extract-v1.1.0-20260528T003617Z,C0101,27,507,00000,000000,District - Gondiya,urban,other,males,168
census-india-2011,sources/census-2011/c-series/state-mdds/c01-27-maharashtra.xls,bce626419f500bd7,census-c01-extract-v1.1.0-20260528T003617Z,C0101,27,507,00000,000000,District - Gondiya,urban,other,females,161
census-india-2011,sources/census-2011/c-series/state-mdds/c01-27-maharashtra.xls,bce626419f500bd7,census-c01-extract-v1.1.0-20260528T003617Z,C0101,27,507,00000,000000,District - Gondiya,urban,not_stated,persons,1380
census-india-2011,sources/census-2011/c-series/state-mdds/c01-27-maharashtra.xls,bce626419f500bd7,census-c01-extract-v1.1.0-20260528T003617Z,C0101,27,507,00000,000000,District - Gondiya,urban,not_stated,males,750
census-india-2011,sources/census-2011/c-series/state-mdds/c01-27-maharashtra.xls,bce626419f500bd7,census-c01-extract-v1.1.0-20260528T003617Z,C0101,27,507,00000,000000,District - Gondiya,urban,not_stated,females,630
census-india-2011,sources/census-2011/c-series/state-mdds/c01-27-maharashtra.xls,bce626419f500bd7,census-c01-extract-v1.1.0-20260528T003617Z,C0101,27,508,00000,000000,District - Gadchiroli,total,all,persons,1072942
census-india-2011,sources/census-2011/c-series/state-mdds/c01-27-maharashtra.xls,bce626419f500bd7,census-c01-extract-v1.1.0-20260528T003617Z,C0101,27,508,00000,000000,District - Gadchiroli,total,all,males,541328
census-india-2011,sources/census-2011/c-series/state-mdds/c01-27-maharashtra.xls,bce626419f500bd7,census-c01-extract-v1.1.0-20260528T003617Z,C0101,27,508,00000,000000,District - Gadchiroli,total,all,females,531614
census-india-2011,sources/census-2011/c-series/state-mdds/c01-27-maharashtra.xls,bce626419f500bd7,census-c01-extract-v1.1.0-20260528T003617Z,C0101,27,508,00000,000000,District - Gadchiroli,total,hindu,persons,927411
census-india-2011,sources/census-2011/c-series/state-mdds/c01-27-maharashtra.xls,bce626419f500bd7,census-c01-extract-v1.1.0-20260528T003617Z,C0101,27,508,00000,000000,District - Gadchiroli,total,hindu,males,468440
census-india-2011,sources/census-2011/c-series/state-mdds/c01-27-maharashtra.xls,bce626419f500bd7,census-c01-extract-v1.1.0-20260528T003617Z,C0101,27,508,00000,000000,District - Gadchiroli,total,hindu,females,458971
census-india-2011,sources/census-2011/c-series/state-mdds/c01-27-maharashtra.xls,bce626419f500bd7,census-c01-extract-v1.1.0-20260528T003617Z,C0101,27,508,00000,000000,District - Gadchiroli,total,muslim,persons,21063
census-india-2011,sources/census-2011/c-series/state-mdds/c01-27-maharashtra.xls,bce626419f500bd7,census-c01-extract-v1.1.0-20260528T003617Z,C0101,27,508,00000,000000,District - Gadchiroli,total,muslim,males,10461
census-india-2011,sources/census-2011/c-series/state-mdds/c01-27-maharashtra.xls,bce626419f500bd7,census-c01-extract-v1.1.0-20260528T003617Z,C0101,27,508,00000,000000,District - Gadchiroli,total,muslim,females,10602
census-india-2011,sources/census-2011/c-series/state-mdds/c01-27-maharashtra.xls,bce626419f500bd7,census-c01-extract-v1.1.0-20260528T003617Z,C0101,27,508,00000,000000,District - Gadchiroli,total,christian,persons,3872
census-india-2011,sources/census-2011/c-series/state-mdds/c01-27-maharashtra.xls,bce626419f500bd7,census-c01-extract-v1.1.0-20260528T003617Z,C0101,27,508,00000,000000,District - Gadchiroli,total,christian,males,1988
census-india-2011,sources/census-2011/c-series/state-mdds/c01-27-maharashtra.xls,bce626419f500bd7,census-c01-extract-v1.1.0-20260528T003617Z,C0101,27,508,00000,000000,District - Gadchiroli,total,christian,females,1884
census-india-2011,sources/census-2011/c-series/state-mdds/c01-27-maharashtra.xls,bce626419f500bd7,census-c01-extract-v1.1.0-20260528T003617Z,C0101,27,508,00000,000000,District - Gadchiroli,total,sikh,persons,681
census-india-2011,sources/census-2011/c-series/state-mdds/c01-27-maharashtra.xls,bce626419f500bd7,census-c01-extract-v1.1.0-20260528T003617Z,C0101,27,508,00000,000000,District - Gadchiroli,total,sikh,males,364
census-india-2011,sources/census-2011/c-series/state-mdds/c01-27-maharashtra.xls,bce626419f500bd7,census-c01-extract-v1.1.0-20260528T003617Z,C0101,27,508,00000,000000,District - Gadchiroli,total,sikh,females,317
census-india-2011,sources/census-2011/c-series/state-mdds/c01-27-maharashtra.xls,bce626419f500bd7,census-c01-extract-v1.1.0-20260528T003617Z,C0101,27,508,00000,000000,District - Gadchiroli,total,buddhist,persons,82695
census-india-2011,sources/census-2011/c-series/state-mdds/c01-27-maharashtra.xls,bce626419f500bd7,census-c01-extract-v1.1.0-20260528T003617Z,C0101,27,508,00000,000000,District - Gadchiroli,total,buddhist,males,41761
census-india-2011,sources/census-2011/c-series/state-mdds/c01-27-maharashtra.xls,bce626419f500bd7,census-c01-extract-v1.1.0-20260528T003617Z,C0101,27,508,00000,000000,District - Gadchiroli,total,buddhist,females,40934
census-india-2011,sources/census-2011/c-series/state-mdds/c01-27-maharashtra.xls,bce626419f500bd7,census-c01-extract-v1.1.0-20260528T003617Z,C0101,27,508,00000,000000,District - Gadchiroli,total,jain,persons,454
census-india-2011,sources/census-2011/c-series/state-mdds/c01-27-maharashtra.xls,bce626419f500bd7,census-c01-extract-v1.1.0-20260528T003617Z,C0101,27,508,00000,000000,District - Gadchiroli,total,jain,males,240
census-india-2011,sources/census-2011/c-series/state-mdds/c01-27-maharashtra.xls,bce626419f500bd7,census-c01-extract-v1.1.0-20260528T003617Z,C0101,27,508,00000,000000,District - Gadchiroli,total,jain,females,214
census-india-2011,sources/census-2011/c-series/state-mdds/c01-27-maharashtra.xls,bce626419f500bd7,census-c01-extract-v1.1.0-20260528T003617Z,C0101,27,508,00000,000000,District - Gadchiroli,total,other,persons,30047
census-india-2011,sources/census-2011/c-series/state-mdds/c01-27-maharashtra.xls,bce626419f500bd7,census-c01-extract-v1.1.0-20260528T003617Z,C0101,27,508,00000,000000,District - Gadchiroli,total,other,males,14819
census-india-2011,sources/census-2011/c-series/state-mdds/c01-27-maharashtra.xls,bce626419f500bd7,census-c01-extract-v1.1.0-20260528T003617Z,C0101,27,508,00000,000000,District - Gadchiroli,total,other,females,15228
census-india-2011,sources/census-2011/c-series/state-mdds/c01-27-maharashtra.xls,bce626419f500bd7,census-c01-extract-v1.1.0-20260528T003617Z,C0101,27,508,00000,000000,District - Gadchiroli,total,not_stated,persons,6719
census-india-2011,sources/census-2011/c-series/state-mdds/c01-27-maharashtra.xls,bce626419f500bd7,census-c01-extract-v1.1.0-20260528T003617Z,C0101,27,508,00000,000000,District - Gadchiroli,total,not_stated,males,3255
census-india-2011,sources/census-2011/c-series/state-mdds/c01-27-maharashtra.xls,bce626419f500bd7,census-c01-extract-v1.1.0-20260528T003617Z,C0101,27,508,00000,000000,District - Gadchiroli,total,not_stated,females,3464
census-india-2011,sources/census-2011/c-series/state-mdds/c01-27-maharashtra.xls,bce626419f500bd7,census-c01-extract-v1.1.0-20260528T003617Z,C0101,27,508,00000,000000,District - Gadchiroli,rural,all,persons,954909
census-india-2011,sources/census-2011/c-series/state-mdds/c01-27-maharashtra.xls,bce626419f500bd7,census-c01-extract-v1.1.0-20260528T003617Z,C0101,27,508,00000,000000,District - Gadchiroli,rural,all,males,481290
census-india-2011,sources/census-2011/c-series/state-mdds/c01-27-maharashtra.xls,bce626419f500bd7,census-c01-extract-v1.1.0-20260528T003617Z,C0101,27,508,00000,000000,District - Gadchiroli,rural,all,females,473619
census-india-2011,sources/census-2011/c-series/state-mdds/c01-27-maharashtra.xls,bce626419f500bd7,census-c01-extract-v1.1.0-20260528T003617Z,C0101,27,508,00000,000000,District - Gadchiroli,rural,hindu,persons,837917
census-india-2011,sources/census-2011/c-series/state-mdds/c01-27-maharashtra.xls,bce626419f500bd7,census-c01-extract-v1.1.0-20260528T003617Z,C0101,27,508,00000,000000,District - Gadchiroli,rural,hindu,males,422739
census-india-2011,sources/census-2011/c-series/state-mdds/c01-27-maharashtra.xls,bce626419f500bd7,census-c01-extract-v1.1.0-20260528T003617Z,C0101,27,508,00000,000000,District - Gadchiroli,rural,hindu,females,415178
census-india-2011,sources/census-2011/c-series/state-mdds/c01-27-maharashtra.xls,bce626419f500bd7,census-c01-extract-v1.1.0-20260528T003617Z,C0101,27,508,00000,000000,District - Gadchiroli,rural,muslim,persons,10450
census-india-2011,sources/census-2011/c-series/state-mdds/c01-27-maharashtra.xls,bce626419f500bd7,census-c01-extract-v1.1.0-20260528T003617Z,C0101,27,508,00000,000000,District - Gadchiroli,rural,muslim,males,5128
census-india-2011,sources/census-2011/c-series/state-mdds/c01-27-maharashtra.xls,bce626419f500bd7,census-c01-extract-v1.1.0-20260528T003617Z,C0101,27,508,00000,000000,District - Gadchiroli,rural,muslim,females,5322
census-india-2011,sources/census-2011/c-series/state-mdds/c01-27-maharashtra.xls,bce626419f500bd7,census-c01-extract-v1.1.0-20260528T003617Z,C0101,27,508,00000,000000,District - Gadchiroli,rural,christian,persons,3409
census-india-2011,sources/census-2011/c-series/state-mdds/c01-27-maharashtra.xls,bce626419f500bd7,census-c01-extract-v1.1.0-20260528T003617Z,C0101,27,508,00000,000000,District - Gadchiroli,rural,christian,males,1756
census-india-2011,sources/census-2011/c-series/state-mdds/c01-27-maharashtra.xls,bce626419f500bd7,census-c01-extract-v1.1.0-20260528T003617Z,C0101,27,508,00000,000000,District - Gadchiroli,rural,christian,females,1653
census-india-2011,sources/census-2011/c-series/state-mdds/c01-27-maharashtra.xls,bce626419f500bd7,census-c01-extract-v1.1.0-20260528T003617Z,C0101,27,508,00000,000000,District - Gadchiroli,rural,sikh,persons,358
census-india-2011,sources/census-2011/c-series/state-mdds/c01-27-maharashtra.xls,bce626419f500bd7,census-c01-extract-v1.1.0-20260528T003617Z,C0101,27,508,00000,000000,District - Gadchiroli,rural,sikh,males,189
census-india-2011,sources/census-2011/c-series/state-mdds/c01-27-maharashtra.xls,bce626419f500bd7,census-c01-extract-v1.1.0-20260528T003617Z,C0101,27,508,00000,000000,District - Gadchiroli,rural,sikh,females,169
census-india-2011,sources/census-2011/c-series/state-mdds/c01-27-maharashtra.xls,bce626419f500bd7,census-c01-extract-v1.1.0-20260528T003617Z,C0101,27,508,00000,000000,District - Gadchiroli,rural,buddhist,persons,66745
census-india-2011,sources/census-2011/c-series/state-mdds/c01-27-maharashtra.xls,bce626419f500bd7,census-c01-extract-v1.1.0-20260528T003617Z,C0101,27,508,00000,000000,District - Gadchiroli,rural,buddhist,males,33742
census-india-2011,sources/census-2011/c-series/state-mdds/c01-27-maharashtra.xls,bce626419f500bd7,census-c01-extract-v1.1.0-20260528T003617Z,C0101,27,508,00000,000000,District - Gadchiroli,rural,buddhist,females,33003
census-india-2011,sources/census-2011/c-series/state-mdds/c01-27-maharashtra.xls,bce626419f500bd7,census-c01-extract-v1.1.0-20260528T003617Z,C0101,27,508,00000,000000,District - Gadchiroli,rural,jain,persons,250
census-india-2011,sources/census-2011/c-series/state-mdds/c01-27-maharashtra.xls,bce626419f500bd7,census-c01-extract-v1.1.0-20260528T003617Z,C0101,27,508,00000,000000,District - Gadchiroli,rural,jain,males,136
census-india-2011,sources/census-2011/c-series/state-mdds/c01-27-maharashtra.xls,bce626419f500bd7,census-c01-extract-v1.1.0-20260528T003617Z,C0101,27,508,00000,000000,District - Gadchiroli,rural,jain,females,114
census-india-2011,sources/census-2011/c-series/state-mdds/c01-27-maharashtra.xls,bce626419f500bd7,census-c01-extract-v1.1.0-20260528T003617Z,C0101,27,508,00000,000000,District - Gadchiroli,rural,other,persons,29655
census-india-2011,sources/census-2011/c-series/state-mdds/c01-27-maharashtra.xls,bce626419f500bd7,census-c01-extract-v1.1.0-20260528T003617Z,C0101,27,508,00000,000000,District - Gadchiroli,rural,other,males,14635
census-india-2011,sources/census-2011/c-series/state-mdds/c01-27-maharashtra.xls,bce626419f500bd7,census-c01-extract-v1.1.0-20260528T003617Z,C0101,27,508,00000,000000,District - Gadchiroli,rural,other,females,15020
census-india-2011,sources/census-2011/c-series/state-mdds/c01-27-maharashtra.xls,bce626419f500bd7,census-c01-extract-v1.1.0-20260528T003617Z,C0101,27,508,00000,000000,District - Gadchiroli,rural,not_stated,persons,6125
census-india-2011,sources/census-2011/c-series/state-mdds/c01-27-maharashtra.xls,bce626419f500bd7,census-c01-extract-v1.1.0-20260528T003617Z,C0101,27,508,00000,000000,District - Gadchiroli,rural,not_stated,males,2965
census-india-2011,sources/census-2011/c-series/state-mdds/c01-27-maharashtra.xls,bce626419f500bd7,census-c01-extract-v1.1.0-20260528T003617Z,C0101,27,508,00000,000000,District - Gadchiroli,rural,not_stated,females,3160
census-india-2011,sources/census-2011/c-series/state-mdds/c01-27-maharashtra.xls,bce626419f500bd7,census-c01-extract-v1.1.0-20260528T003617Z,C0101,27,508,00000,000000,District - Gadchiroli,urban,all,persons,118033
census-india-2011,sources/census-2011/c-series/state-mdds/c01-27-maharashtra.xls,bce626419f500bd7,census-c01-extract-v1.1.0-20260528T003617Z,C0101,27,508,00000,000000,District - Gadchiroli,urban,all,males,60038
census-india-2011,sources/census-2011/c-series/state-mdds/c01-27-maharashtra.xls,bce626419f500bd7,census-c01-extract-v1.1.0-20260528T003617Z,C0101,27,508,00000,000000,District - Gadchiroli,urban,all,females,57995
census-india-2011,sources/census-2011/c-series/state-mdds/c01-27-maharashtra.xls,bce626419f500bd7,census-c01-extract-v1.1.0-20260528T003617Z,C0101,27,508,00000,000000,District - Gadchiroli,urban,hindu,persons,89494
census-india-2011,sources/census-2011/c-series/state-mdds/c01-27-maharashtra.xls,bce626419f500bd7,census-c01-extract-v1.1.0-20260528T003617Z,C0101,27,508,00000,000000,District - Gadchiroli,urban,hindu,males,45701
census-india-2011,sources/census-2011/c-series/state-mdds/c01-27-maharashtra.xls,bce626419f500bd7,census-c01-extract-v1.1.0-20260528T003617Z,C0101,27,508,00000,000000,District - Gadchiroli,urban,hindu,females,43793
census-india-2011,sources/census-2011/c-series/state-mdds/c01-27-maharashtra.xls,bce626419f500bd7,census-c01-extract-v1.1.0-20260528T003617Z,C0101,27,508,00000,000000,District - Gadchiroli,urban,muslim,persons,10613
census-india-2011,sources/census-2011/c-series/state-mdds/c01-27-maharashtra.xls,bce626419f500bd7,census-c01-extract-v1.1.0-20260528T003617Z,C0101,27,508,00000,000000,District - Gadchiroli,urban,muslim,males,5333
census-india-2011,sources/census-2011/c-series/state-mdds/c01-27-maharashtra.xls,bce626419f500bd7,census-c01-extract-v1.1.0-20260528T003617Z,C0101,27,508,00000,000000,District - Gadchiroli,urban,muslim,females,5280
census-india-2011,sources/census-2011/c-series/state-mdds/c01-27-maharashtra.xls,bce626419f500bd7,census-c01-extract-v1.1.0-20260528T003617Z,C0101,27,508,00000,000000,District - Gadchiroli,urban,christian,persons,463
census-india-2011,sources/census-2011/c-series/state-mdds/c01-27-maharashtra.xls,bce626419f500bd7,census-c01-extract-v1.1.0-20260528T003617Z,C0101,27,508,00000,000000,District - Gadchiroli,urban,christian,males,232
census-india-2011,sources/census-2011/c-series/state-mdds/c01-27-maharashtra.xls,bce626419f500bd7,census-c01-extract-v1.1.0-20260528T003617Z,C0101,27,508,00000,000000,District - Gadchiroli,urban,christian,females,231
census-india-2011,sources/census-2011/c-series/state-mdds/c01-27-maharashtra.xls,bce626419f500bd7,census-c01-extract-v1.1.0-20260528T003617Z,C0101,27,508,00000,000000,District - Gadchiroli,urban,sikh,persons,323
census-india-2011,sources/census-2011/c-series/state-mdds/c01-27-maharashtra.xls,bce626419f500bd7,census-c01-extract-v1.1.0-20260528T003617Z,C0101,27,508,00000,000000,District - Gadchiroli,urban,sikh,males,175
census-india-2011,sources/census-2011/c-series/state-mdds/c01-27-maharashtra.xls,bce626419f500bd7,census-c01-extract-v1.1.0-20260528T003617Z,C0101,27,508,00000,000000,District - Gadchiroli,urban,sikh,females,148
census-india-2011,sources/census-2011/c-series/state-mdds/c01-27-maharashtra.xls,bce626419f500bd7,census-c01-extract-v1.1.0-20260528T003617Z,C0101,27,508,00000,000000,District - Gadchiroli,urban,buddhist,persons,15950
census-india-2011,sources/census-2011/c-series/state-mdds/c01-27-maharashtra.xls,bce626419f500bd7,census-c01-extract-v1.1.0-20260528T003617Z,C0101,27,508,00000,000000,District - Gadchiroli,urban,buddhist,males,8019
census-india-2011,sources/census-2011/c-series/state-mdds/c01-27-maharashtra.xls,bce626419f500bd7,census-c01-extract-v1.1.0-20260528T003617Z,C0101,27,508,00000,000000,District - Gadchiroli,urban,buddhist,females,7931
census-india-2011,sources/census-2011/c-series/state-mdds/c01-27-maharashtra.xls,bce626419f500bd7,census-c01-extract-v1.1.0-20260528T003617Z,C0101,27,508,00000,000000,District - Gadchiroli,urban,jain,persons,204
census-india-2011,sources/census-2011/c-series/state-mdds/c01-27-maharashtra.xls,bce626419f500bd7,census-c01-extract-v1.1.0-20260528T003617Z,C0101,27,508,00000,000000,District - Gadchiroli,urban,jain,males,104
census-india-2011,sources/census-2011/c-series/state-mdds/c01-27-maharashtra.xls,bce626419f500bd7,census-c01-extract-v1.1.0-20260528T003617Z,C0101,27,508,00000,000000,District - Gadchiroli,urban,jain,females,100
census-india-2011,sources/census-2011/c-series/state-mdds/c01-27-maharashtra.xls,bce626419f500bd7,census-c01-extract-v1.1.0-20260528T003617Z,C0101,27,508,00000,000000,District - Gadchiroli,urban,other,persons,392
census-india-2011,sources/census-2011/c-series/state-mdds/c01-27-maharashtra.xls,bce626419f500bd7,census-c01-extract-v1.1.0-20260528T003617Z,C0101,27,508,00000,000000,District - Gadchiroli,urban,other,males,184
census-india-2011,sources/census-2011/c-series/state-mdds/c01-27-maharashtra.xls,bce626419f500bd7,census-c01-extract-v1.1.0-20260528T003617Z,C0101,27,508,00000,000000,District - Gadchiroli,urban,other,females,208
census-india-2011,sources/census-2011/c-series/state-mdds/c01-27-maharashtra.xls,bce626419f500bd7,census-c01-extract-v1.1.0-20260528T003617Z,C0101,27,508,00000,000000,District - Gadchiroli,urban,not_stated,persons,594
census-india-2011,sources/census-2011/c-series/state-mdds/c01-27-maharashtra.xls,bce626419f500bd7,census-c01-extract-v1.1.0-20260528T003617Z,C0101,27,508,00000,000000,District - Gadchiroli,urban,not_stated,males,290
census-india-2011,sources/census-2011/c-series/state-mdds/c01-27-maharashtra.xls,bce626419f500bd7,census-c01-extract-v1.1.0-20260528T003617Z,C0101,27,508,00000,000000,District - Gadchiroli,urban,not_stated,females,304
census-india-2011,sources/census-2011/c-series/state-mdds/c01-27-maharashtra.xls,bce626419f500bd7,census-c01-extract-v1.1.0-20260528T003617Z,C0101,27,509,00000,000000,District - Chandrapur,total,all,persons,2204307
census-india-2011,sources/census-2011/c-series/state-mdds/c01-27-maharashtra.xls,bce626419f500bd7,census-c01-extract-v1.1.0-20260528T003617Z,C0101,27,509,00000,000000,District - Chandrapur,total,all,males,1123834
census-india-2011,sources/census-2011/c-series/state-mdds/c01-27-maharashtra.xls,bce626419f500bd7,census-c01-extract-v1.1.0-20260528T003617Z,C0101,27,509,00000,000000,District - Chandrapur,total,all,females,1080473
census-india-2011,sources/census-2011/c-series/state-mdds/c01-27-maharashtra.xls,bce626419f500bd7,census-c01-extract-v1.1.0-20260528T003617Z,C0101,27,509,00000,000000,District - Chandrapur,total,hindu,persons,1780085
census-india-2011,sources/census-2011/c-series/state-mdds/c01-27-maharashtra.xls,bce626419f500bd7,census-c01-extract-v1.1.0-20260528T003617Z,C0101,27,509,00000,000000,District - Chandrapur,total,hindu,males,908603
census-india-2011,sources/census-2011/c-series/state-mdds/c01-27-maharashtra.xls,bce626419f500bd7,census-c01-extract-v1.1.0-20260528T003617Z,C0101,27,509,00000,000000,District - Chandrapur,total,hindu,females,871482
census-india-2011,sources/census-2011/c-series/state-mdds/c01-27-maharashtra.xls,bce626419f500bd7,census-c01-extract-v1.1.0-20260528T003617Z,C0101,27,509,00000,000000,District - Chandrapur,total,muslim,persons,92297
census-india-2011,sources/census-2011/c-series/state-mdds/c01-27-maharashtra.xls,bce626419f500bd7,census-c01-extract-v1.1.0-20260528T003617Z,C0101,27,509,00000,000000,District - Chandrapur,total,muslim,males,46740
census-india-2011,sources/census-2011/c-series/state-mdds/c01-27-maharashtra.xls,bce626419f500bd7,census-c01-extract-v1.1.0-20260528T003617Z,C0101,27,509,00000,000000,District - Chandrapur,total,muslim,females,45557
census-india-2011,sources/census-2011/c-series/state-mdds/c01-27-maharashtra.xls,bce626419f500bd7,census-c01-extract-v1.1.0-20260528T003617Z,C0101,27,509,00000,000000,District - Chandrapur,total,christian,persons,10701
census-india-2011,sources/census-2011/c-series/state-mdds/c01-27-maharashtra.xls,bce626419f500bd7,census-c01-extract-v1.1.0-20260528T003617Z,C0101,27,509,00000,000000,District - Chandrapur,total,christian,males,5308
census-india-2011,sources/census-2011/c-series/state-mdds/c01-27-maharashtra.xls,bce626419f500bd7,census-c01-extract-v1.1.0-20260528T003617Z,C0101,27,509,00000,000000,District - Chandrapur,total,christian,females,5393
census-india-2011,sources/census-2011/c-series/state-mdds/c01-27-maharashtra.xls,bce626419f500bd7,census-c01-extract-v1.1.0-20260528T003617Z,C0101,27,509,00000,000000,District - Chandrapur,total,sikh,persons,5251
census-india-2011,sources/census-2011/c-series/state-mdds/c01-27-maharashtra.xls,bce626419f500bd7,census-c01-extract-v1.1.0-20260528T003617Z,C0101,27,509,00000,000000,District - Chandrapur,total,sikh,males,2764
census-india-2011,sources/census-2011/c-series/state-mdds/c01-27-maharashtra.xls,bce626419f500bd7,census-c01-extract-v1.1.0-20260528T003617Z,C0101,27,509,00000,000000,District - Chandrapur,total,sikh,females,2487
census-india-2011,sources/census-2011/c-series/state-mdds/c01-27-maharashtra.xls,bce626419f500bd7,census-c01-extract-v1.1.0-20260528T003617Z,C0101,27,509,00000,000000,District - Chandrapur,total,buddhist,persons,286734
census-india-2011,sources/census-2011/c-series/state-mdds/c01-27-maharashtra.xls,bce626419f500bd7,census-c01-extract-v1.1.0-20260528T003617Z,C0101,27,509,00000,000000,District - Chandrapur,total,buddhist,males,145664
census-india-2011,sources/census-2011/c-series/state-mdds/c01-27-maharashtra.xls,bce626419f500bd7,census-c01-extract-v1.1.0-20260528T003617Z,C0101,27,509,00000,000000,District - Chandrapur,total,buddhist,females,141070
census-india-2011,sources/census-2011/c-series/state-mdds/c01-27-maharashtra.xls,bce626419f500bd7,census-c01-extract-v1.1.0-20260528T003617Z,C0101,27,509,00000,000000,District - Chandrapur,total,jain,persons,3861
census-india-2011,sources/census-2011/c-series/state-mdds/c01-27-maharashtra.xls,bce626419f500bd7,census-c01-extract-v1.1.0-20260528T003617Z,C0101,27,509,00000,000000,District - Chandrapur,total,jain,males,2006
census-india-2011,sources/census-2011/c-series/state-mdds/c01-27-maharashtra.xls,bce626419f500bd7,census-c01-extract-v1.1.0-20260528T003617Z,C0101,27,509,00000,000000,District - Chandrapur,total,jain,females,1855
census-india-2011,sources/census-2011/c-series/state-mdds/c01-27-maharashtra.xls,bce626419f500bd7,census-c01-extract-v1.1.0-20260528T003617Z,C0101,27,509,00000,000000,District - Chandrapur,total,other,persons,23188
census-india-2011,sources/census-2011/c-series/state-mdds/c01-27-maharashtra.xls,bce626419f500bd7,census-c01-extract-v1.1.0-20260528T003617Z,C0101,27,509,00000,000000,District - Chandrapur,total,other,males,11608
census-india-2011,sources/census-2011/c-series/state-mdds/c01-27-maharashtra.xls,bce626419f500bd7,census-c01-extract-v1.1.0-20260528T003617Z,C0101,27,509,00000,000000,District - Chandrapur,total,other,females,11580
census-india-2011,sources/census-2011/c-series/state-mdds/c01-27-maharashtra.xls,bce626419f500bd7,census-c01-extract-v1.1.0-20260528T003617Z,C0101,27,509,00000,000000,District - Chandrapur,total,not_stated,persons,2190
census-india-2011,sources/census-2011/c-series/state-mdds/c01-27-maharashtra.xls,bce626419f500bd7,census-c01-extract-v1.1.0-20260528T003617Z,C0101,27,509,00000,000000,District - Chandrapur,total,not_stated,males,1141
census-india-2011,sources/census-2011/c-series/state-mdds/c01-27-maharashtra.xls,bce626419f500bd7,census-c01-extract-v1.1.0-20260528T003617Z,C0101,27,509,00000,000000,District - Chandrapur,total,not_stated,females,1049
census-india-2011,sources/census-2011/c-series/state-mdds/c01-27-maharashtra.xls,bce626419f500bd7,census-c01-extract-v1.1.0-20260528T003617Z,C0101,27,509,00000,000000,District - Chandrapur,rural,all,persons,1428929
census-india-2011,sources/census-2011/c-series/state-mdds/c01-27-maharashtra.xls,bce626419f500bd7,census-c01-extract-v1.1.0-20260528T003617Z,C0101,27,509,00000,000000,District - Chandrapur,rural,all,males,726106
census-india-2011,sources/census-2011/c-series/state-mdds/c01-27-maharashtra.xls,bce626419f500bd7,census-c01-extract-v1.1.0-20260528T003617Z,C0101,27,509,00000,000000,District - Chandrapur,rural,all,females,702823
census-india-2011,sources/census-2011/c-series/state-mdds/c01-27-maharashtra.xls,bce626419f500bd7,census-c01-extract-v1.1.0-20260528T003617Z,C0101,27,509,00000,000000,District - Chandrapur,rural,hindu,persons,1218996
census-india-2011,sources/census-2011/c-series/state-mdds/c01-27-maharashtra.xls,bce626419f500bd7,census-c01-extract-v1.1.0-20260528T003617Z,C0101,27,509,00000,000000,District - Chandrapur,rural,hindu,males,619624
census-india-2011,sources/census-2011/c-series/state-mdds/c01-27-maharashtra.xls,bce626419f500bd7,census-c01-extract-v1.1.0-20260528T003617Z,C0101,27,509,00000,000000,District - Chandrapur,rural,hindu,females,599372
census-india-2011,sources/census-2011/c-series/state-mdds/c01-27-maharashtra.xls,bce626419f500bd7,census-c01-extract-v1.1.0-20260528T003617Z,C0101,27,509,00000,000000,District - Chandrapur,rural,muslim,persons,22206
census-india-2011,sources/census-2011/c-series/state-mdds/c01-27-maharashtra.xls,bce626419f500bd7,census-c01-extract-v1.1.0-20260528T003617Z,C0101,27,509,00000,000000,District - Chandrapur,rural,muslim,males,11144
census-india-2011,sources/census-2011/c-series/state-mdds/c01-27-maharashtra.xls,bce626419f500bd7,census-c01-extract-v1.1.0-20260528T003617Z,C0101,27,509,00000,000000,District - Chandrapur,rural,muslim,females,11062
census-india-2011,sources/census-2011/c-series/state-mdds/c01-27-maharashtra.xls,bce626419f500bd7,census-c01-extract-v1.1.0-20260528T003617Z,C0101,27,509,00000,000000,District - Chandrapur,rural,christian,persons,2509
census-india-2011,sources/census-2011/c-series/state-mdds/c01-27-maharashtra.xls,bce626419f500bd7,census-c01-extract-v1.1.0-20260528T003617Z,C0101,27,509,00000,000000,District - Chandrapur,rural,christian,males,1264
census-india-2011,sources/census-2011/c-series/state-mdds/c01-27-maharashtra.xls,bce626419f500bd7,census-c01-extract-v1.1.0-20260528T003617Z,C0101,27,509,00000,000000,District - Chandrapur,rural,christian,females,1245
census-india-2011,sources/census-2011/c-series/state-mdds/c01-27-maharashtra.xls,bce626419f500bd7,census-c01-extract-v1.1.0-20260528T003617Z,C0101,27,509,00000,000000,District - Chandrapur,rural,sikh,persons,1538
census-india-2011,sources/census-2011/c-series/state-mdds/c01-27-maharashtra.xls,bce626419f500bd7,census-c01-extract-v1.1.0-20260528T003617Z,C0101,27,509,00000,000000,District - Chandrapur,rural,sikh,males,800
census-india-2011,sources/census-2011/c-series/state-mdds/c01-27-maharashtra.xls,bce626419f500bd7,census-c01-extract-v1.1.0-20260528T003617Z,C0101,27,509,00000,000000,District - Chandrapur,rural,sikh,females,738
census-india-2011,sources/census-2011/c-series/state-mdds/c01-27-maharashtra.xls,bce626419f500bd7,census-c01-extract-v1.1.0-20260528T003617Z,C0101,27,509,00000,000000,District - Chandrapur,rural,buddhist,persons,161095
census-india-2011,sources/census-2011/c-series/state-mdds/c01-27-maharashtra.xls,bce626419f500bd7,census-c01-extract-v1.1.0-20260528T003617Z,C0101,27,509,00000,000000,District - Chandrapur,rural,buddhist,males,81890
census-india-2011,sources/census-2011/c-series/state-mdds/c01-27-maharashtra.xls,bce626419f500bd7,census-c01-extract-v1.1.0-20260528T003617Z,C0101,27,509,00000,000000,District - Chandrapur,rural,buddhist,females,79205
census-india-2011,sources/census-2011/c-series/state-mdds/c01-27-maharashtra.xls,bce626419f500bd7,census-c01-extract-v1.1.0-20260528T003617Z,C0101,27,509,00000,000000,District - Chandrapur,rural,jain,persons,749
census-india-2011,sources/census-2011/c-series/state-mdds/c01-27-maharashtra.xls,bce626419f500bd7,census-c01-extract-v1.1.0-20260528T003617Z,C0101,27,509,00000,000000,District - Chandrapur,rural,jain,males,410
census-india-2011,sources/census-2011/c-series/state-mdds/c01-27-maharashtra.xls,bce626419f500bd7,census-c01-extract-v1.1.0-20260528T003617Z,C0101,27,509,00000,000000,District - Chandrapur,rural,jain,females,339
census-india-2011,sources/census-2011/c-series/state-mdds/c01-27-maharashtra.xls,bce626419f500bd7,census-c01-extract-v1.1.0-20260528T003617Z,C0101,27,509,00000,000000,District - Chandrapur,rural,other,persons,20233
census-india-2011,sources/census-2011/c-series/state-mdds/c01-27-maharashtra.xls,bce626419f500bd7,census-c01-extract-v1.1.0-20260528T003617Z,C0101,27,509,00000,000000,District - Chandrapur,rural,other,males,10120
census-india-2011,sources/census-2011/c-series/state-mdds/c01-27-maharashtra.xls,bce626419f500bd7,census-c01-extract-v1.1.0-20260528T003617Z,C0101,27,509,00000,000000,District - Chandrapur,rural,other,females,10113
census-india-2011,sources/census-2011/c-series/state-mdds/c01-27-maharashtra.xls,bce626419f500bd7,census-c01-extract-v1.1.0-20260528T003617Z,C0101,27,509,00000,000000,District - Chandrapur,rural,not_stated,persons,1603
census-india-2011,sources/census-2011/c-series/state-mdds/c01-27-maharashtra.xls,bce626419f500bd7,census-c01-extract-v1.1.0-20260528T003617Z,C0101,27,509,00000,000000,District - Chandrapur,rural,not_stated,males,854
census-india-2011,sources/census-2011/c-series/state-mdds/c01-27-maharashtra.xls,bce626419f500bd7,census-c01-extract-v1.1.0-20260528T003617Z,C0101,27,509,00000,000000,District - Chandrapur,rural,not_stated,females,749
census-india-2011,sources/census-2011/c-series/state-mdds/c01-27-maharashtra.xls,bce626419f500bd7,census-c01-extract-v1.1.0-20260528T003617Z,C0101,27,509,00000,000000,District - Chandrapur,urban,all,persons,775378
census-india-2011,sources/census-2011/c-series/state-mdds/c01-27-maharashtra.xls,bce626419f500bd7,census-c01-extract-v1.1.0-20260528T003617Z,C0101,27,509,00000,000000,District - Chandrapur,urban,all,males,397728
census-india-2011,sources/census-2011/c-series/state-mdds/c01-27-maharashtra.xls,bce626419f500bd7,census-c01-extract-v1.1.0-20260528T003617Z,C0101,27,509,00000,000000,District - Chandrapur,urban,all,females,377650
census-india-2011,sources/census-2011/c-series/state-mdds/c01-27-maharashtra.xls,bce626419f500bd7,census-c01-extract-v1.1.0-20260528T003617Z,C0101,27,509,00000,000000,District - Chandrapur,urban,hindu,persons,561089
census-india-2011,sources/census-2011/c-series/state-mdds/c01-27-maharashtra.xls,bce626419f500bd7,census-c01-extract-v1.1.0-20260528T003617Z,C0101,27,509,00000,000000,District - Chandrapur,urban,hindu,males,288979
census-india-2011,sources/census-2011/c-series/state-mdds/c01-27-maharashtra.xls,bce626419f500bd7,census-c01-extract-v1.1.0-20260528T003617Z,C0101,27,509,00000,000000,District - Chandrapur,urban,hindu,females,272110
census-india-2011,sources/census-2011/c-series/state-mdds/c01-27-maharashtra.xls,bce626419f500bd7,census-c01-extract-v1.1.0-20260528T003617Z,C0101,27,509,00000,000000,District - Chandrapur,urban,muslim,persons,70091
census-india-2011,sources/census-2011/c-series/state-mdds/c01-27-maharashtra.xls,bce626419f500bd7,census-c01-extract-v1.1.0-20260528T003617Z,C0101,27,509,00000,000000,District - Chandrapur,urban,muslim,males,35596
census-india-2011,sources/census-2011/c-series/state-mdds/c01-27-maharashtra.xls,bce626419f500bd7,census-c01-extract-v1.1.0-20260528T003617Z,C0101,27,509,00000,000000,District - Chandrapur,urban,muslim,females,34495
census-india-2011,sources/census-2011/c-series/state-mdds/c01-27-maharashtra.xls,bce626419f500bd7,census-c01-extract-v1.1.0-20260528T003617Z,C0101,27,509,00000,000000,District - Chandrapur,urban,christian,persons,8192
census-india-2011,sources/census-2011/c-series/state-mdds/c01-27-maharashtra.xls,bce626419f500bd7,census-c01-extract-v1.1.0-20260528T003617Z,C0101,27,509,00000,000000,District - Chandrapur,urban,christian,males,4044
census-india-2011,sources/census-2011/c-series/state-mdds/c01-27-maharashtra.xls,bce626419f500bd7,census-c01-extract-v1.1.0-20260528T003617Z,C0101,27,509,00000,000000,District - Chandrapur,urban,christian,females,4148
census-india-2011,sources/census-2011/c-series/state-mdds/c01-27-maharashtra.xls,bce626419f500bd7,census-c01-extract-v1.1.0-20260528T003617Z,C0101,27,509,00000,000000,District - Chandrapur,urban,sikh,persons,3713
census-india-2011,sources/census-2011/c-series/state-mdds/c01-27-maharashtra.xls,bce626419f500bd7,census-c01-extract-v1.1.0-20260528T003617Z,C0101,27,509,00000,000000,District - Chandrapur,urban,sikh,males,1964
census-india-2011,sources/census-2011/c-series/state-mdds/c01-27-maharashtra.xls,bce626419f500bd7,census-c01-extract-v1.1.0-20260528T003617Z,C0101,27,509,00000,000000,District - Chandrapur,urban,sikh,females,1749
census-india-2011,sources/census-2011/c-series/state-mdds/c01-27-maharashtra.xls,bce626419f500bd7,census-c01-extract-v1.1.0-20260528T003617Z,C0101,27,509,00000,000000,District - Chandrapur,urban,buddhist,persons,125639
census-india-2011,sources/census-2011/c-series/state-mdds/c01-27-maharashtra.xls,bce626419f500bd7,census-c01-extract-v1.1.0-20260528T003617Z,C0101,27,509,00000,000000,District - Chandrapur,urban,buddhist,males,63774
census-india-2011,sources/census-2011/c-series/state-mdds/c01-27-maharashtra.xls,bce626419f500bd7,census-c01-extract-v1.1.0-20260528T003617Z,C0101,27,509,00000,000000,District - Chandrapur,urban,buddhist,females,61865
census-india-2011,sources/census-2011/c-series/state-mdds/c01-27-maharashtra.xls,bce626419f500bd7,census-c01-extract-v1.1.0-20260528T003617Z,C0101,27,509,00000,000000,District - Chandrapur,urban,jain,persons,3112
census-india-2011,sources/census-2011/c-series/state-mdds/c01-27-maharashtra.xls,bce626419f500bd7,census-c01-extract-v1.1.0-20260528T003617Z,C0101,27,509,00000,000000,District - Chandrapur,urban,jain,males,1596
census-india-2011,sources/census-2011/c-series/state-mdds/c01-27-maharashtra.xls,bce626419f500bd7,census-c01-extract-v1.1.0-20260528T003617Z,C0101,27,509,00000,000000,District - Chandrapur,urban,jain,females,1516
census-india-2011,sources/census-2011/c-series/state-mdds/c01-27-maharashtra.xls,bce626419f500bd7,census-c01-extract-v1.1.0-20260528T003617Z,C0101,27,509,00000,000000,District - Chandrapur,urban,other,persons,2955
census-india-2011,sources/census-2011/c-series/state-mdds/c01-27-maharashtra.xls,bce626419f500bd7,census-c01-extract-v1.1.0-20260528T003617Z,C0101,27,509,00000,000000,District - Chandrapur,urban,other,males,1488
census-india-2011,sources/census-2011/c-series/state-mdds/c01-27-maharashtra.xls,bce626419f500bd7,census-c01-extract-v1.1.0-20260528T003617Z,C0101,27,509,00000,000000,District - Chandrapur,urban,other,females,1467
census-india-2011,sources/census-2011/c-series/state-mdds/c01-27-maharashtra.xls,bce626419f500bd7,census-c01-extract-v1.1.0-20260528T003617Z,C0101,27,509,00000,000000,District - Chandrapur,urban,not_stated,persons,587
census-india-2011,sources/census-2011/c-series/state-mdds/c01-27-maharashtra.xls,bce626419f500bd7,census-c01-extract-v1.1.0-20260528T003617Z,C0101,27,509,00000,000000,District - Chandrapur,urban,not_stated,males,287
census-india-2011,sources/census-2011/c-series/state-mdds/c01-27-maharashtra.xls,bce626419f500bd7,census-c01-extract-v1.1.0-20260528T003617Z,C0101,27,509,00000,000000,District - Chandrapur,urban,not_stated,females,300
census-india-2011,sources/census-2011/c-series/state-mdds/c01-27-maharashtra.xls,bce626419f500bd7,census-c01-extract-v1.1.0-20260528T003617Z,C0101,27,510,00000,000000,District - Yavatmal,total,all,persons,2772348
census-india-2011,sources/census-2011/c-series/state-mdds/c01-27-maharashtra.xls,bce626419f500bd7,census-c01-extract-v1.1.0-20260528T003617Z,C0101,27,510,00000,000000,District - Yavatmal,total,all,males,1419965
census-india-2011,sources/census-2011/c-series/state-mdds/c01-27-maharashtra.xls,bce626419f500bd7,census-c01-extract-v1.1.0-20260528T003617Z,C0101,27,510,00000,000000,District - Yavatmal,total,all,females,1352383
census-india-2011,sources/census-2011/c-series/state-mdds/c01-27-maharashtra.xls,bce626419f500bd7,census-c01-extract-v1.1.0-20260528T003617Z,C0101,27,510,00000,000000,District - Yavatmal,total,hindu,persons,2251401
census-india-2011,sources/census-2011/c-series/state-mdds/c01-27-maharashtra.xls,bce626419f500bd7,census-c01-extract-v1.1.0-20260528T003617Z,C0101,27,510,00000,000000,District - Yavatmal,total,hindu,males,1154093
census-india-2011,sources/census-2011/c-series/state-mdds/c01-27-maharashtra.xls,bce626419f500bd7,census-c01-extract-v1.1.0-20260528T003617Z,C0101,27,510,00000,000000,District - Yavatmal,total,hindu,females,1097308
census-india-2011,sources/census-2011/c-series/state-mdds/c01-27-maharashtra.xls,bce626419f500bd7,census-c01-extract-v1.1.0-20260528T003617Z,C0101,27,510,00000,000000,District - Yavatmal,total,muslim,persons,239236
census-india-2011,sources/census-2011/c-series/state-mdds/c01-27-maharashtra.xls,bce626419f500bd7,census-c01-extract-v1.1.0-20260528T003617Z,C0101,27,510,00000,000000,District - Yavatmal,total,muslim,males,122008
census-india-2011,sources/census-2011/c-series/state-mdds/c01-27-maharashtra.xls,bce626419f500bd7,census-c01-extract-v1.1.0-20260528T003617Z,C0101,27,510,00000,000000,District - Yavatmal,total,muslim,females,117228
census-india-2011,sources/census-2011/c-series/state-mdds/c01-27-maharashtra.xls,bce626419f500bd7,census-c01-extract-v1.1.0-20260528T003617Z,C0101,27,510,00000,000000,District - Yavatmal,total,christian,persons,4567
census-india-2011,sources/census-2011/c-series/state-mdds/c01-27-maharashtra.xls,bce626419f500bd7,census-c01-extract-v1.1.0-20260528T003617Z,C0101,27,510,00000,000000,District - Yavatmal,total,christian,males,2235
census-india-2011,sources/census-2011/c-series/state-mdds/c01-27-maharashtra.xls,bce626419f500bd7,census-c01-extract-v1.1.0-20260528T003617Z,C0101,27,510,00000,000000,District - Yavatmal,total,christian,females,2332
census-india-2011,sources/census-2011/c-series/state-mdds/c01-27-maharashtra.xls,bce626419f500bd7,census-c01-extract-v1.1.0-20260528T003617Z,C0101,27,510,00000,000000,District - Yavatmal,total,sikh,persons,1596
census-india-2011,sources/census-2011/c-series/state-mdds/c01-27-maharashtra.xls,bce626419f500bd7,census-c01-extract-v1.1.0-20260528T003617Z,C0101,27,510,00000,000000,District - Yavatmal,total,sikh,males,864
census-india-2011,sources/census-2011/c-series/state-mdds/c01-27-maharashtra.xls,bce626419f500bd7,census-c01-extract-v1.1.0-20260528T003617Z,C0101,27,510,00000,000000,District - Yavatmal,total,sikh,females,732
census-india-2011,sources/census-2011/c-series/state-mdds/c01-27-maharashtra.xls,bce626419f500bd7,census-c01-extract-v1.1.0-20260528T003617Z,C0101,27,510,00000,000000,District - Yavatmal,total,buddhist,persons,249874
census-india-2011,sources/census-2011/c-series/state-mdds/c01-27-maharashtra.xls,bce626419f500bd7,census-c01-extract-v1.1.0-20260528T003617Z,C0101,27,510,00000,000000,District - Yavatmal,total,buddhist,males,127542
census-india-2011,sources/census-2011/c-series/state-mdds/c01-27-maharashtra.xls,bce626419f500bd7,census-c01-extract-v1.1.0-20260528T003617Z,C0101,27,510,00000,000000,District - Yavatmal,total,buddhist,females,122332
census-india-2011,sources/census-2011/c-series/state-mdds/c01-27-maharashtra.xls,bce626419f500bd7,census-c01-extract-v1.1.0-20260528T003617Z,C0101,27,510,00000,000000,District - Yavatmal,total,jain,persons,11422
census-india-2011,sources/census-2011/c-series/state-mdds/c01-27-maharashtra.xls,bce626419f500bd7,census-c01-extract-v1.1.0-20260528T003617Z,C0101,27,510,00000,000000,District - Yavatmal,total,jain,males,5887
census-india-2011,sources/census-2011/c-series/state-mdds/c01-27-maharashtra.xls,bce626419f500bd7,census-c01-extract-v1.1.0-20260528T003617Z,C0101,27,510,00000,000000,District - Yavatmal,total,jain,females,5535
census-india-2011,sources/census-2011/c-series/state-mdds/c01-27-maharashtra.xls,bce626419f500bd7,census-c01-extract-v1.1.0-20260528T003617Z,C0101,27,510,00000,000000,District - Yavatmal,total,other,persons,3745
census-india-2011,sources/census-2011/c-series/state-mdds/c01-27-maharashtra.xls,bce626419f500bd7,census-c01-extract-v1.1.0-20260528T003617Z,C0101,27,510,00000,000000,District - Yavatmal,total,other,males,1888
census-india-2011,sources/census-2011/c-series/state-mdds/c01-27-maharashtra.xls,bce626419f500bd7,census-c01-extract-v1.1.0-20260528T003617Z,C0101,27,510,00000,000000,District - Yavatmal,total,other,females,1857
census-india-2011,sources/census-2011/c-series/state-mdds/c01-27-maharashtra.xls,bce626419f500bd7,census-c01-extract-v1.1.0-20260528T003617Z,C0101,27,510,00000,000000,District - Yavatmal,total,not_stated,persons,10507
census-india-2011,sources/census-2011/c-series/state-mdds/c01-27-maharashtra.xls,bce626419f500bd7,census-c01-extract-v1.1.0-20260528T003617Z,C0101,27,510,00000,000000,District - Yavatmal,total,not_stated,males,5448
census-india-2011,sources/census-2011/c-series/state-mdds/c01-27-maharashtra.xls,bce626419f500bd7,census-c01-extract-v1.1.0-20260528T003617Z,C0101,27,510,00000,000000,District - Yavatmal,total,not_stated,females,5059
census-india-2011,sources/census-2011/c-series/state-mdds/c01-27-maharashtra.xls,bce626419f500bd7,census-c01-extract-v1.1.0-20260528T003617Z,C0101,27,510,00000,000000,District - Yavatmal,rural,all,persons,2174195
census-india-2011,sources/census-2011/c-series/state-mdds/c01-27-maharashtra.xls,bce626419f500bd7,census-c01-extract-v1.1.0-20260528T003617Z,C0101,27,510,00000,000000,District - Yavatmal,rural,all,males,1115148
census-india-2011,sources/census-2011/c-series/state-mdds/c01-27-maharashtra.xls,bce626419f500bd7,census-c01-extract-v1.1.0-20260528T003617Z,C0101,27,510,00000,000000,District - Yavatmal,rural,all,females,1059047
census-india-2011,sources/census-2011/c-series/state-mdds/c01-27-maharashtra.xls,bce626419f500bd7,census-c01-extract-v1.1.0-20260528T003617Z,C0101,27,510,00000,000000,District - Yavatmal,rural,hindu,persons,1851751
census-india-2011,sources/census-2011/c-series/state-mdds/c01-27-maharashtra.xls,bce626419f500bd7,census-c01-extract-v1.1.0-20260528T003617Z,C0101,27,510,00000,000000,District - Yavatmal,rural,hindu,males,950274
census-india-2011,sources/census-2011/c-series/state-mdds/c01-27-maharashtra.xls,bce626419f500bd7,census-c01-extract-v1.1.0-20260528T003617Z,C0101,27,510,00000,000000,District - Yavatmal,rural,hindu,females,901477
census-india-2011,sources/census-2011/c-series/state-mdds/c01-27-maharashtra.xls,bce626419f500bd7,census-c01-extract-v1.1.0-20260528T003617Z,C0101,27,510,00000,000000,District - Yavatmal,rural,muslim,persons,110567
census-india-2011,sources/census-2011/c-series/state-mdds/c01-27-maharashtra.xls,bce626419f500bd7,census-c01-extract-v1.1.0-20260528T003617Z,C0101,27,510,00000,000000,District - Yavatmal,rural,muslim,males,56274
census-india-2011,sources/census-2011/c-series/state-mdds/c01-27-maharashtra.xls,bce626419f500bd7,census-c01-extract-v1.1.0-20260528T003617Z,C0101,27,510,00000,000000,District - Yavatmal,rural,muslim,females,54293
census-india-2011,sources/census-2011/c-series/state-mdds/c01-27-maharashtra.xls,bce626419f500bd7,census-c01-extract-v1.1.0-20260528T003617Z,C0101,27,510,00000,000000,District - Yavatmal,rural,christian,persons,2322
census-india-2011,sources/census-2011/c-series/state-mdds/c01-27-maharashtra.xls,bce626419f500bd7,census-c01-extract-v1.1.0-20260528T003617Z,C0101,27,510,00000,000000,District - Yavatmal,rural,christian,males,1138
census-india-2011,sources/census-2011/c-series/state-mdds/c01-27-maharashtra.xls,bce626419f500bd7,census-c01-extract-v1.1.0-20260528T003617Z,C0101,27,510,00000,000000,District - Yavatmal,rural,christian,females,1184
census-india-2011,sources/census-2011/c-series/state-mdds/c01-27-maharashtra.xls,bce626419f500bd7,census-c01-extract-v1.1.0-20260528T003617Z,C0101,27,510,00000,000000,District - Yavatmal,rural,sikh,persons,1000
census-india-2011,sources/census-2011/c-series/state-mdds/c01-27-maharashtra.xls,bce626419f500bd7,census-c01-extract-v1.1.0-20260528T003617Z,C0101,27,510,00000,000000,District - Yavatmal,rural,sikh,males,566
census-india-2011,sources/census-2011/c-series/state-mdds/c01-27-maharashtra.xls,bce626419f500bd7,census-c01-extract-v1.1.0-20260528T003617Z,C0101,27,510,00000,000000,District - Yavatmal,rural,sikh,females,434
census-india-2011,sources/census-2011/c-series/state-mdds/c01-27-maharashtra.xls,bce626419f500bd7,census-c01-extract-v1.1.0-20260528T003617Z,C0101,27,510,00000,000000,District - Yavatmal,rural,buddhist,persons,192001
census-india-2011,sources/census-2011/c-series/state-mdds/c01-27-maharashtra.xls,bce626419f500bd7,census-c01-extract-v1.1.0-20260528T003617Z,C0101,27,510,00000,000000,District - Yavatmal,rural,buddhist,males,98346
census-india-2011,sources/census-2011/c-series/state-mdds/c01-27-maharashtra.xls,bce626419f500bd7,census-c01-extract-v1.1.0-20260528T003617Z,C0101,27,510,00000,000000,District - Yavatmal,rural,buddhist,females,93655
census-india-2011,sources/census-2011/c-series/state-mdds/c01-27-maharashtra.xls,bce626419f500bd7,census-c01-extract-v1.1.0-20260528T003617Z,C0101,27,510,00000,000000,District - Yavatmal,rural,jain,persons,3679
census-india-2011,sources/census-2011/c-series/state-mdds/c01-27-maharashtra.xls,bce626419f500bd7,census-c01-extract-v1.1.0-20260528T003617Z,C0101,27,510,00000,000000,District - Yavatmal,rural,jain,males,1916
census-india-2011,sources/census-2011/c-series/state-mdds/c01-27-maharashtra.xls,bce626419f500bd7,census-c01-extract-v1.1.0-20260528T003617Z,C0101,27,510,00000,000000,District - Yavatmal,rural,jain,females,1763
census-india-2011,sources/census-2011/c-series/state-mdds/c01-27-maharashtra.xls,bce626419f500bd7,census-c01-extract-v1.1.0-20260528T003617Z,C0101,27,510,00000,000000,District - Yavatmal,rural,other,persons,3404
census-india-2011,sources/census-2011/c-series/state-mdds/c01-27-maharashtra.xls,bce626419f500bd7,census-c01-extract-v1.1.0-20260528T003617Z,C0101,27,510,00000,000000,District - Yavatmal,rural,other,males,1703
census-india-2011,sources/census-2011/c-series/state-mdds/c01-27-maharashtra.xls,bce626419f500bd7,census-c01-extract-v1.1.0-20260528T003617Z,C0101,27,510,00000,000000,District - Yavatmal,rural,other,females,1701
census-india-2011,sources/census-2011/c-series/state-mdds/c01-27-maharashtra.xls,bce626419f500bd7,census-c01-extract-v1.1.0-20260528T003617Z,C0101,27,510,00000,000000,District - Yavatmal,rural,not_stated,persons,9471
census-india-2011,sources/census-2011/c-series/state-mdds/c01-27-maharashtra.xls,bce626419f500bd7,census-c01-extract-v1.1.0-20260528T003617Z,C0101,27,510,00000,000000,District - Yavatmal,rural,not_stated,males,4931
census-india-2011,sources/census-2011/c-series/state-mdds/c01-27-maharashtra.xls,bce626419f500bd7,census-c01-extract-v1.1.0-20260528T003617Z,C0101,27,510,00000,000000,District - Yavatmal,rural,not_stated,females,4540
census-india-2011,sources/census-2011/c-series/state-mdds/c01-27-maharashtra.xls,bce626419f500bd7,census-c01-extract-v1.1.0-20260528T003617Z,C0101,27,510,00000,000000,District - Yavatmal,urban,all,persons,598153
census-india-2011,sources/census-2011/c-series/state-mdds/c01-27-maharashtra.xls,bce626419f500bd7,census-c01-extract-v1.1.0-20260528T003617Z,C0101,27,510,00000,000000,District - Yavatmal,urban,all,males,304817
census-india-2011,sources/census-2011/c-series/state-mdds/c01-27-maharashtra.xls,bce626419f500bd7,census-c01-extract-v1.1.0-20260528T003617Z,C0101,27,510,00000,000000,District - Yavatmal,urban,all,females,293336
census-india-2011,sources/census-2011/c-series/state-mdds/c01-27-maharashtra.xls,bce626419f500bd7,census-c01-extract-v1.1.0-20260528T003617Z,C0101,27,510,00000,000000,District - Yavatmal,urban,hindu,persons,399650
census-india-2011,sources/census-2011/c-series/state-mdds/c01-27-maharashtra.xls,bce626419f500bd7,census-c01-extract-v1.1.0-20260528T003617Z,C0101,27,510,00000,000000,District - Yavatmal,urban,hindu,males,203819
census-india-2011,sources/census-2011/c-series/state-mdds/c01-27-maharashtra.xls,bce626419f500bd7,census-c01-extract-v1.1.0-20260528T003617Z,C0101,27,510,00000,000000,District - Yavatmal,urban,hindu,females,195831
census-india-2011,sources/census-2011/c-series/state-mdds/c01-27-maharashtra.xls,bce626419f500bd7,census-c01-extract-v1.1.0-20260528T003617Z,C0101,27,510,00000,000000,District - Yavatmal,urban,muslim,persons,128669
census-india-2011,sources/census-2011/c-series/state-mdds/c01-27-maharashtra.xls,bce626419f500bd7,census-c01-extract-v1.1.0-20260528T003617Z,C0101,27,510,00000,000000,District - Yavatmal,urban,muslim,males,65734
census-india-2011,sources/census-2011/c-series/state-mdds/c01-27-maharashtra.xls,bce626419f500bd7,census-c01-extract-v1.1.0-20260528T003617Z,C0101,27,510,00000,000000,District - Yavatmal,urban,muslim,females,62935
census-india-2011,sources/census-2011/c-series/state-mdds/c01-27-maharashtra.xls,bce626419f500bd7,census-c01-extract-v1.1.0-20260528T003617Z,C0101,27,510,00000,000000,District - Yavatmal,urban,christian,persons,2245
census-india-2011,sources/census-2011/c-series/state-mdds/c01-27-maharashtra.xls,bce626419f500bd7,census-c01-extract-v1.1.0-20260528T003617Z,C0101,27,510,00000,000000,District - Yavatmal,urban,christian,males,1097
census-india-2011,sources/census-2011/c-series/state-mdds/c01-27-maharashtra.xls,bce626419f500bd7,census-c01-extract-v1.1.0-20260528T003617Z,C0101,27,510,00000,000000,District - Yavatmal,urban,christian,females,1148
census-india-2011,sources/census-2011/c-series/state-mdds/c01-27-maharashtra.xls,bce626419f500bd7,census-c01-extract-v1.1.0-20260528T003617Z,C0101,27,510,00000,000000,District - Yavatmal,urban,sikh,persons,596
census-india-2011,sources/census-2011/c-series/state-mdds/c01-27-maharashtra.xls,bce626419f500bd7,census-c01-extract-v1.1.0-20260528T003617Z,C0101,27,510,00000,000000,District - Yavatmal,urban,sikh,males,298
census-india-2011,sources/census-2011/c-series/state-mdds/c01-27-maharashtra.xls,bce626419f500bd7,census-c01-extract-v1.1.0-20260528T003617Z,C0101,27,510,00000,000000,District - Yavatmal,urban,sikh,females,298
census-india-2011,sources/census-2011/c-series/state-mdds/c01-27-maharashtra.xls,bce626419f500bd7,census-c01-extract-v1.1.0-20260528T003617Z,C0101,27,510,00000,000000,District - Yavatmal,urban,buddhist,persons,57873
census-india-2011,sources/census-2011/c-series/state-mdds/c01-27-maharashtra.xls,bce626419f500bd7,census-c01-extract-v1.1.0-20260528T003617Z,C0101,27,510,00000,000000,District - Yavatmal,urban,buddhist,males,29196
census-india-2011,sources/census-2011/c-series/state-mdds/c01-27-maharashtra.xls,bce626419f500bd7,census-c01-extract-v1.1.0-20260528T003617Z,C0101,27,510,00000,000000,District - Yavatmal,urban,buddhist,females,28677
census-india-2011,sources/census-2011/c-series/state-mdds/c01-27-maharashtra.xls,bce626419f500bd7,census-c01-extract-v1.1.0-20260528T003617Z,C0101,27,510,00000,000000,District - Yavatmal,urban,jain,persons,7743
census-india-2011,sources/census-2011/c-series/state-mdds/c01-27-maharashtra.xls,bce626419f500bd7,census-c01-extract-v1.1.0-20260528T003617Z,C0101,27,510,00000,000000,District - Yavatmal,urban,jain,males,3971
census-india-2011,sources/census-2011/c-series/state-mdds/c01-27-maharashtra.xls,bce626419f500bd7,census-c01-extract-v1.1.0-20260528T003617Z,C0101,27,510,00000,000000,District - Yavatmal,urban,jain,females,3772
census-india-2011,sources/census-2011/c-series/state-mdds/c01-27-maharashtra.xls,bce626419f500bd7,census-c01-extract-v1.1.0-20260528T003617Z,C0101,27,510,00000,000000,District - Yavatmal,urban,other,persons,341
census-india-2011,sources/census-2011/c-series/state-mdds/c01-27-maharashtra.xls,bce626419f500bd7,census-c01-extract-v1.1.0-20260528T003617Z,C0101,27,510,00000,000000,District - Yavatmal,urban,other,males,185
census-india-2011,sources/census-2011/c-series/state-mdds/c01-27-maharashtra.xls,bce626419f500bd7,census-c01-extract-v1.1.0-20260528T003617Z,C0101,27,510,00000,000000,District - Yavatmal,urban,other,females,156
census-india-2011,sources/census-2011/c-series/state-mdds/c01-27-maharashtra.xls,bce626419f500bd7,census-c01-extract-v1.1.0-20260528T003617Z,C0101,27,510,00000,000000,District - Yavatmal,urban,not_stated,persons,1036
census-india-2011,sources/census-2011/c-series/state-mdds/c01-27-maharashtra.xls,bce626419f500bd7,census-c01-extract-v1.1.0-20260528T003617Z,C0101,27,510,00000,000000,District - Yavatmal,urban,not_stated,males,517
census-india-2011,sources/census-2011/c-series/state-mdds/c01-27-maharashtra.xls,bce626419f500bd7,census-c01-extract-v1.1.0-20260528T003617Z,C0101,27,510,00000,000000,District - Yavatmal,urban,not_stated,females,519
census-india-2011,sources/census-2011/c-series/state-mdds/c01-27-maharashtra.xls,bce626419f500bd7,census-c01-extract-v1.1.0-20260528T003617Z,C0101,27,511,00000,000000,District - Nanded,total,all,persons,3361292
census-india-2011,sources/census-2011/c-series/state-mdds/c01-27-maharashtra.xls,bce626419f500bd7,census-c01-extract-v1.1.0-20260528T003617Z,C0101,27,511,00000,000000,District - Nanded,total,all,males,1730075
census-india-2011,sources/census-2011/c-series/state-mdds/c01-27-maharashtra.xls,bce626419f500bd7,census-c01-extract-v1.1.0-20260528T003617Z,C0101,27,511,00000,000000,District - Nanded,total,all,females,1631217
census-india-2011,sources/census-2011/c-series/state-mdds/c01-27-maharashtra.xls,bce626419f500bd7,census-c01-extract-v1.1.0-20260528T003617Z,C0101,27,511,00000,000000,District - Nanded,total,hindu,persons,2501741
census-india-2011,sources/census-2011/c-series/state-mdds/c01-27-maharashtra.xls,bce626419f500bd7,census-c01-extract-v1.1.0-20260528T003617Z,C0101,27,511,00000,000000,District - Nanded,total,hindu,males,1288483
census-india-2011,sources/census-2011/c-series/state-mdds/c01-27-maharashtra.xls,bce626419f500bd7,census-c01-extract-v1.1.0-20260528T003617Z,C0101,27,511,00000,000000,District - Nanded,total,hindu,females,1213258
census-india-2011,sources/census-2011/c-series/state-mdds/c01-27-maharashtra.xls,bce626419f500bd7,census-c01-extract-v1.1.0-20260528T003617Z,C0101,27,511,00000,000000,District - Nanded,total,muslim,persons,471951
census-india-2011,sources/census-2011/c-series/state-mdds/c01-27-maharashtra.xls,bce626419f500bd7,census-c01-extract-v1.1.0-20260528T003617Z,C0101,27,511,00000,000000,District - Nanded,total,muslim,males,241914
census-india-2011,sources/census-2011/c-series/state-mdds/c01-27-maharashtra.xls,bce626419f500bd7,census-c01-extract-v1.1.0-20260528T003617Z,C0101,27,511,00000,000000,District - Nanded,total,muslim,females,230037
census-india-2011,sources/census-2011/c-series/state-mdds/c01-27-maharashtra.xls,bce626419f500bd7,census-c01-extract-v1.1.0-20260528T003617Z,C0101,27,511,00000,000000,District - Nanded,total,christian,persons,3902
census-india-2011,sources/census-2011/c-series/state-mdds/c01-27-maharashtra.xls,bce626419f500bd7,census-c01-extract-v1.1.0-20260528T003617Z,C0101,27,511,00000,000000,District - Nanded,total,christian,males,2013
census-india-2011,sources/census-2011/c-series/state-mdds/c01-27-maharashtra.xls,bce626419f500bd7,census-c01-extract-v1.1.0-20260528T003617Z,C0101,27,511,00000,000000,District - Nanded,total,christian,females,1889
census-india-2011,sources/census-2011/c-series/state-mdds/c01-27-maharashtra.xls,bce626419f500bd7,census-c01-extract-v1.1.0-20260528T003617Z,C0101,27,511,00000,000000,District - Nanded,total,sikh,persons,13540
census-india-2011,sources/census-2011/c-series/state-mdds/c01-27-maharashtra.xls,bce626419f500bd7,census-c01-extract-v1.1.0-20260528T003617Z,C0101,27,511,00000,000000,District - Nanded,total,sikh,males,7128
census-india-2011,sources/census-2011/c-series/state-mdds/c01-27-maharashtra.xls,bce626419f500bd7,census-c01-extract-v1.1.0-20260528T003617Z,C0101,27,511,00000,000000,District - Nanded,total,sikh,females,6412
census-india-2011,sources/census-2011/c-series/state-mdds/c01-27-maharashtra.xls,bce626419f500bd7,census-c01-extract-v1.1.0-20260528T003617Z,C0101,27,511,00000,000000,District - Nanded,total,buddhist,persons,354189
census-india-2011,sources/census-2011/c-series/state-mdds/c01-27-maharashtra.xls,bce626419f500bd7,census-c01-extract-v1.1.0-20260528T003617Z,C0101,27,511,00000,000000,District - Nanded,total,buddhist,males,181957
census-india-2011,sources/census-2011/c-series/state-mdds/c01-27-maharashtra.xls,bce626419f500bd7,census-c01-extract-v1.1.0-20260528T003617Z,C0101,27,511,00000,000000,District - Nanded,total,buddhist,females,172232
census-india-2011,sources/census-2011/c-series/state-mdds/c01-27-maharashtra.xls,bce626419f500bd7,census-c01-extract-v1.1.0-20260528T003617Z,C0101,27,511,00000,000000,District - Nanded,total,jain,persons,5049
census-india-2011,sources/census-2011/c-series/state-mdds/c01-27-maharashtra.xls,bce626419f500bd7,census-c01-extract-v1.1.0-20260528T003617Z,C0101,27,511,00000,000000,District - Nanded,total,jain,males,2607
census-india-2011,sources/census-2011/c-series/state-mdds/c01-27-maharashtra.xls,bce626419f500bd7,census-c01-extract-v1.1.0-20260528T003617Z,C0101,27,511,00000,000000,District - Nanded,total,jain,females,2442
census-india-2011,sources/census-2011/c-series/state-mdds/c01-27-maharashtra.xls,bce626419f500bd7,census-c01-extract-v1.1.0-20260528T003617Z,C0101,27,511,00000,000000,District - Nanded,total,other,persons,1273
census-india-2011,sources/census-2011/c-series/state-mdds/c01-27-maharashtra.xls,bce626419f500bd7,census-c01-extract-v1.1.0-20260528T003617Z,C0101,27,511,00000,000000,District - Nanded,total,other,males,654
census-india-2011,sources/census-2011/c-series/state-mdds/c01-27-maharashtra.xls,bce626419f500bd7,census-c01-extract-v1.1.0-20260528T003617Z,C0101,27,511,00000,000000,District - Nanded,total,other,females,619
census-india-2011,sources/census-2011/c-series/state-mdds/c01-27-maharashtra.xls,bce626419f500bd7,census-c01-extract-v1.1.0-20260528T003617Z,C0101,27,511,00000,000000,District - Nanded,total,not_stated,persons,9647
census-india-2011,sources/census-2011/c-series/state-mdds/c01-27-maharashtra.xls,bce626419f500bd7,census-c01-extract-v1.1.0-20260528T003617Z,C0101,27,511,00000,000000,District - Nanded,total,not_stated,males,5319
census-india-2011,sources/census-2011/c-series/state-mdds/c01-27-maharashtra.xls,bce626419f500bd7,census-c01-extract-v1.1.0-20260528T003617Z,C0101,27,511,00000,000000,District - Nanded,total,not_stated,females,4328
census-india-2011,sources/census-2011/c-series/state-mdds/c01-27-maharashtra.xls,bce626419f500bd7,census-c01-extract-v1.1.0-20260528T003617Z,C0101,27,511,00000,000000,District - Nanded,rural,all,persons,2447394
census-india-2011,sources/census-2011/c-series/state-mdds/c01-27-maharashtra.xls,bce626419f500bd7,census-c01-extract-v1.1.0-20260528T003617Z,C0101,27,511,00000,000000,District - Nanded,rural,all,males,1258160
census-india-2011,sources/census-2011/c-series/state-mdds/c01-27-maharashtra.xls,bce626419f500bd7,census-c01-extract-v1.1.0-20260528T003617Z,C0101,27,511,00000,000000,District - Nanded,rural,all,females,1189234
census-india-2011,sources/census-2011/c-series/state-mdds/c01-27-maharashtra.xls,bce626419f500bd7,census-c01-extract-v1.1.0-20260528T003617Z,C0101,27,511,00000,000000,District - Nanded,rural,hindu,persons,2016305
census-india-2011,sources/census-2011/c-series/state-mdds/c01-27-maharashtra.xls,bce626419f500bd7,census-c01-extract-v1.1.0-20260528T003617Z,C0101,27,511,00000,000000,District - Nanded,rural,hindu,males,1036764
census-india-2011,sources/census-2011/c-series/state-mdds/c01-27-maharashtra.xls,bce626419f500bd7,census-c01-extract-v1.1.0-20260528T003617Z,C0101,27,511,00000,000000,District - Nanded,rural,hindu,females,979541
census-india-2011,sources/census-2011/c-series/state-mdds/c01-27-maharashtra.xls,bce626419f500bd7,census-c01-extract-v1.1.0-20260528T003617Z,C0101,27,511,00000,000000,District - Nanded,rural,muslim,persons,186377
census-india-2011,sources/census-2011/c-series/state-mdds/c01-27-maharashtra.xls,bce626419f500bd7,census-c01-extract-v1.1.0-20260528T003617Z,C0101,27,511,00000,000000,District - Nanded,rural,muslim,males,95355
census-india-2011,sources/census-2011/c-series/state-mdds/c01-27-maharashtra.xls,bce626419f500bd7,census-c01-extract-v1.1.0-20260528T003617Z,C0101,27,511,00000,000000,District - Nanded,rural,muslim,females,91022
census-india-2011,sources/census-2011/c-series/state-mdds/c01-27-maharashtra.xls,bce626419f500bd7,census-c01-extract-v1.1.0-20260528T003617Z,C0101,27,511,00000,000000,District - Nanded,rural,christian,persons,1838
census-india-2011,sources/census-2011/c-series/state-mdds/c01-27-maharashtra.xls,bce626419f500bd7,census-c01-extract-v1.1.0-20260528T003617Z,C0101,27,511,00000,000000,District - Nanded,rural,christian,males,949
census-india-2011,sources/census-2011/c-series/state-mdds/c01-27-maharashtra.xls,bce626419f500bd7,census-c01-extract-v1.1.0-20260528T003617Z,C0101,27,511,00000,000000,District - Nanded,rural,christian,females,889
census-india-2011,sources/census-2011/c-series/state-mdds/c01-27-maharashtra.xls,bce626419f500bd7,census-c01-extract-v1.1.0-20260528T003617Z,C0101,27,511,00000,000000,District - Nanded,rural,sikh,persons,2037
census-india-2011,sources/census-2011/c-series/state-mdds/c01-27-maharashtra.xls,bce626419f500bd7,census-c01-extract-v1.1.0-20260528T003617Z,C0101,27,511,00000,000000,District - Nanded,rural,sikh,males,1089
census-india-2011,sources/census-2011/c-series/state-mdds/c01-27-maharashtra.xls,bce626419f500bd7,census-c01-extract-v1.1.0-20260528T003617Z,C0101,27,511,00000,000000,District - Nanded,rural,sikh,females,948
census-india-2011,sources/census-2011/c-series/state-mdds/c01-27-maharashtra.xls,bce626419f500bd7,census-c01-extract-v1.1.0-20260528T003617Z,C0101,27,511,00000,000000,District - Nanded,rural,buddhist,persons,230409
census-india-2011,sources/census-2011/c-series/state-mdds/c01-27-maharashtra.xls,bce626419f500bd7,census-c01-extract-v1.1.0-20260528T003617Z,C0101,27,511,00000,000000,District - Nanded,rural,buddhist,males,118310
census-india-2011,sources/census-2011/c-series/state-mdds/c01-27-maharashtra.xls,bce626419f500bd7,census-c01-extract-v1.1.0-20260528T003617Z,C0101,27,511,00000,000000,District - Nanded,rural,buddhist,females,112099
census-india-2011,sources/census-2011/c-series/state-mdds/c01-27-maharashtra.xls,bce626419f500bd7,census-c01-extract-v1.1.0-20260528T003617Z,C0101,27,511,00000,000000,District - Nanded,rural,jain,persons,1289
census-india-2011,sources/census-2011/c-series/state-mdds/c01-27-maharashtra.xls,bce626419f500bd7,census-c01-extract-v1.1.0-20260528T003617Z,C0101,27,511,00000,000000,District - Nanded,rural,jain,males,668
census-india-2011,sources/census-2011/c-series/state-mdds/c01-27-maharashtra.xls,bce626419f500bd7,census-c01-extract-v1.1.0-20260528T003617Z,C0101,27,511,00000,000000,District - Nanded,rural,jain,females,621
census-india-2011,sources/census-2011/c-series/state-mdds/c01-27-maharashtra.xls,bce626419f500bd7,census-c01-extract-v1.1.0-20260528T003617Z,C0101,27,511,00000,000000,District - Nanded,rural,other,persons,905
census-india-2011,sources/census-2011/c-series/state-mdds/c01-27-maharashtra.xls,bce626419f500bd7,census-c01-extract-v1.1.0-20260528T003617Z,C0101,27,511,00000,000000,District - Nanded,rural,other,males,462
census-india-2011,sources/census-2011/c-series/state-mdds/c01-27-maharashtra.xls,bce626419f500bd7,census-c01-extract-v1.1.0-20260528T003617Z,C0101,27,511,00000,000000,District - Nanded,rural,other,females,443
census-india-2011,sources/census-2011/c-series/state-mdds/c01-27-maharashtra.xls,bce626419f500bd7,census-c01-extract-v1.1.0-20260528T003617Z,C0101,27,511,00000,000000,District - Nanded,rural,not_stated,persons,8234
census-india-2011,sources/census-2011/c-series/state-mdds/c01-27-maharashtra.xls,bce626419f500bd7,census-c01-extract-v1.1.0-20260528T003617Z,C0101,27,511,00000,000000,District - Nanded,rural,not_stated,males,4563
census-india-2011,sources/census-2011/c-series/state-mdds/c01-27-maharashtra.xls,bce626419f500bd7,census-c01-extract-v1.1.0-20260528T003617Z,C0101,27,511,00000,000000,District - Nanded,rural,not_stated,females,3671
census-india-2011,sources/census-2011/c-series/state-mdds/c01-27-maharashtra.xls,bce626419f500bd7,census-c01-extract-v1.1.0-20260528T003617Z,C0101,27,511,00000,000000,District - Nanded,urban,all,persons,913898
census-india-2011,sources/census-2011/c-series/state-mdds/c01-27-maharashtra.xls,bce626419f500bd7,census-c01-extract-v1.1.0-20260528T003617Z,C0101,27,511,00000,000000,District - Nanded,urban,all,males,471915
census-india-2011,sources/census-2011/c-series/state-mdds/c01-27-maharashtra.xls,bce626419f500bd7,census-c01-extract-v1.1.0-20260528T003617Z,C0101,27,511,00000,000000,District - Nanded,urban,all,females,441983
census-india-2011,sources/census-2011/c-series/state-mdds/c01-27-maharashtra.xls,bce626419f500bd7,census-c01-extract-v1.1.0-20260528T003617Z,C0101,27,511,00000,000000,District - Nanded,urban,hindu,persons,485436
census-india-2011,sources/census-2011/c-series/state-mdds/c01-27-maharashtra.xls,bce626419f500bd7,census-c01-extract-v1.1.0-20260528T003617Z,C0101,27,511,00000,000000,District - Nanded,urban,hindu,males,251719
census-india-2011,sources/census-2011/c-series/state-mdds/c01-27-maharashtra.xls,bce626419f500bd7,census-c01-extract-v1.1.0-20260528T003617Z,C0101,27,511,00000,000000,District - Nanded,urban,hindu,females,233717
census-india-2011,sources/census-2011/c-series/state-mdds/c01-27-maharashtra.xls,bce626419f500bd7,census-c01-extract-v1.1.0-20260528T003617Z,C0101,27,511,00000,000000,District - Nanded,urban,muslim,persons,285574
census-india-2011,sources/census-2011/c-series/state-mdds/c01-27-maharashtra.xls,bce626419f500bd7,census-c01-extract-v1.1.0-20260528T003617Z,C0101,27,511,00000,000000,District - Nanded,urban,muslim,males,146559
census-india-2011,sources/census-2011/c-series/state-mdds/c01-27-maharashtra.xls,bce626419f500bd7,census-c01-extract-v1.1.0-20260528T003617Z,C0101,27,511,00000,000000,District - Nanded,urban,muslim,females,139015
census-india-2011,sources/census-2011/c-series/state-mdds/c01-27-maharashtra.xls,bce626419f500bd7,census-c01-extract-v1.1.0-20260528T003617Z,C0101,27,511,00000,000000,District - Nanded,urban,christian,persons,2064
census-india-2011,sources/census-2011/c-series/state-mdds/c01-27-maharashtra.xls,bce626419f500bd7,census-c01-extract-v1.1.0-20260528T003617Z,C0101,27,511,00000,000000,District - Nanded,urban,christian,males,1064
census-india-2011,sources/census-2011/c-series/state-mdds/c01-27-maharashtra.xls,bce626419f500bd7,census-c01-extract-v1.1.0-20260528T003617Z,C0101,27,511,00000,000000,District - Nanded,urban,christian,females,1000
census-india-2011,sources/census-2011/c-series/state-mdds/c01-27-maharashtra.xls,bce626419f500bd7,census-c01-extract-v1.1.0-20260528T003617Z,C0101,27,511,00000,000000,District - Nanded,urban,sikh,persons,11503
census-india-2011,sources/census-2011/c-series/state-mdds/c01-27-maharashtra.xls,bce626419f500bd7,census-c01-extract-v1.1.0-20260528T003617Z,C0101,27,511,00000,000000,District - Nanded,urban,sikh,males,6039
census-india-2011,sources/census-2011/c-series/state-mdds/c01-27-maharashtra.xls,bce626419f500bd7,census-c01-extract-v1.1.0-20260528T003617Z,C0101,27,511,00000,000000,District - Nanded,urban,sikh,females,5464
census-india-2011,sources/census-2011/c-series/state-mdds/c01-27-maharashtra.xls,bce626419f500bd7,census-c01-extract-v1.1.0-20260528T003617Z,C0101,27,511,00000,000000,District - Nanded,urban,buddhist,persons,123780
census-india-2011,sources/census-2011/c-series/state-mdds/c01-27-maharashtra.xls,bce626419f500bd7,census-c01-extract-v1.1.0-20260528T003617Z,C0101,27,511,00000,000000,District - Nanded,urban,buddhist,males,63647
census-india-2011,sources/census-2011/c-series/state-mdds/c01-27-maharashtra.xls,bce626419f500bd7,census-c01-extract-v1.1.0-20260528T003617Z,C0101,27,511,00000,000000,District - Nanded,urban,buddhist,females,60133
census-india-2011,sources/census-2011/c-series/state-mdds/c01-27-maharashtra.xls,bce626419f500bd7,census-c01-extract-v1.1.0-20260528T003617Z,C0101,27,511,00000,000000,District - Nanded,urban,jain,persons,3760
census-india-2011,sources/census-2011/c-series/state-mdds/c01-27-maharashtra.xls,bce626419f500bd7,census-c01-extract-v1.1.0-20260528T003617Z,C0101,27,511,00000,000000,District - Nanded,urban,jain,males,1939
census-india-2011,sources/census-2011/c-series/state-mdds/c01-27-maharashtra.xls,bce626419f500bd7,census-c01-extract-v1.1.0-20260528T003617Z,C0101,27,511,00000,000000,District - Nanded,urban,jain,females,1821
census-india-2011,sources/census-2011/c-series/state-mdds/c01-27-maharashtra.xls,bce626419f500bd7,census-c01-extract-v1.1.0-20260528T003617Z,C0101,27,511,00000,000000,District - Nanded,urban,other,persons,368
census-india-2011,sources/census-2011/c-series/state-mdds/c01-27-maharashtra.xls,bce626419f500bd7,census-c01-extract-v1.1.0-20260528T003617Z,C0101,27,511,00000,000000,District - Nanded,urban,other,males,192
census-india-2011,sources/census-2011/c-series/state-mdds/c01-27-maharashtra.xls,bce626419f500bd7,census-c01-extract-v1.1.0-20260528T003617Z,C0101,27,511,00000,000000,District - Nanded,urban,other,females,176
census-india-2011,sources/census-2011/c-series/state-mdds/c01-27-maharashtra.xls,bce626419f500bd7,census-c01-extract-v1.1.0-20260528T003617Z,C0101,27,511,00000,000000,District - Nanded,urban,not_stated,persons,1413
census-india-2011,sources/census-2011/c-series/state-mdds/c01-27-maharashtra.xls,bce626419f500bd7,census-c01-extract-v1.1.0-20260528T003617Z,C0101,27,511,00000,000000,District - Nanded,urban,not_stated,males,756
census-india-2011,sources/census-2011/c-series/state-mdds/c01-27-maharashtra.xls,bce626419f500bd7,census-c01-extract-v1.1.0-20260528T003617Z,C0101,27,511,00000,000000,District - Nanded,urban,not_stated,females,657
census-india-2011,sources/census-2011/c-series/state-mdds/c01-27-maharashtra.xls,bce626419f500bd7,census-c01-extract-v1.1.0-20260528T003617Z,C0101,27,512,00000,000000,District - Hingoli,total,all,persons,1177345
census-india-2011,sources/census-2011/c-series/state-mdds/c01-27-maharashtra.xls,bce626419f500bd7,census-c01-extract-v1.1.0-20260528T003617Z,C0101,27,512,00000,000000,District - Hingoli,total,all,males,606294
census-india-2011,sources/census-2011/c-series/state-mdds/c01-27-maharashtra.xls,bce626419f500bd7,census-c01-extract-v1.1.0-20260528T003617Z,C0101,27,512,00000,000000,District - Hingoli,total,all,females,571051
census-india-2011,sources/census-2011/c-series/state-mdds/c01-27-maharashtra.xls,bce626419f500bd7,census-c01-extract-v1.1.0-20260528T003617Z,C0101,27,512,00000,000000,District - Hingoli,total,hindu,persons,863199
census-india-2011,sources/census-2011/c-series/state-mdds/c01-27-maharashtra.xls,bce626419f500bd7,census-c01-extract-v1.1.0-20260528T003617Z,C0101,27,512,00000,000000,District - Hingoli,total,hindu,males,445697
census-india-2011,sources/census-2011/c-series/state-mdds/c01-27-maharashtra.xls,bce626419f500bd7,census-c01-extract-v1.1.0-20260528T003617Z,C0101,27,512,00000,000000,District - Hingoli,total,hindu,females,417502
census-india-2011,sources/census-2011/c-series/state-mdds/c01-27-maharashtra.xls,bce626419f500bd7,census-c01-extract-v1.1.0-20260528T003617Z,C0101,27,512,00000,000000,District - Hingoli,total,muslim,persons,127552
census-india-2011,sources/census-2011/c-series/state-mdds/c01-27-maharashtra.xls,bce626419f500bd7,census-c01-extract-v1.1.0-20260528T003617Z,C0101,27,512,00000,000000,District - Hingoli,total,muslim,males,65102
census-india-2011,sources/census-2011/c-series/state-mdds/c01-27-maharashtra.xls,bce626419f500bd7,census-c01-extract-v1.1.0-20260528T003617Z,C0101,27,512,00000,000000,District - Hingoli,total,muslim,females,62450
census-india-2011,sources/census-2011/c-series/state-mdds/c01-27-maharashtra.xls,bce626419f500bd7,census-c01-extract-v1.1.0-20260528T003617Z,C0101,27,512,00000,000000,District - Hingoli,total,christian,persons,992
census-india-2011,sources/census-2011/c-series/state-mdds/c01-27-maharashtra.xls,bce626419f500bd7,census-c01-extract-v1.1.0-20260528T003617Z,C0101,27,512,00000,000000,District - Hingoli,total,christian,males,513
census-india-2011,sources/census-2011/c-series/state-mdds/c01-27-maharashtra.xls,bce626419f500bd7,census-c01-extract-v1.1.0-20260528T003617Z,C0101,27,512,00000,000000,District - Hingoli,total,christian,females,479
census-india-2011,sources/census-2011/c-series/state-mdds/c01-27-maharashtra.xls,bce626419f500bd7,census-c01-extract-v1.1.0-20260528T003617Z,C0101,27,512,00000,000000,District - Hingoli,total,sikh,persons,643
census-india-2011,sources/census-2011/c-series/state-mdds/c01-27-maharashtra.xls,bce626419f500bd7,census-c01-extract-v1.1.0-20260528T003617Z,C0101,27,512,00000,000000,District - Hingoli,total,sikh,males,322
census-india-2011,sources/census-2011/c-series/state-mdds/c01-27-maharashtra.xls,bce626419f500bd7,census-c01-extract-v1.1.0-20260528T003617Z,C0101,27,512,00000,000000,District - Hingoli,total,sikh,females,321
census-india-2011,sources/census-2011/c-series/state-mdds/c01-27-maharashtra.xls,bce626419f500bd7,census-c01-extract-v1.1.0-20260528T003617Z,C0101,27,512,00000,000000,District - Hingoli,total,buddhist,persons,176679
census-india-2011,sources/census-2011/c-series/state-mdds/c01-27-maharashtra.xls,bce626419f500bd7,census-c01-extract-v1.1.0-20260528T003617Z,C0101,27,512,00000,000000,District - Hingoli,total,buddhist,males,90377
census-india-2011,sources/census-2011/c-series/state-mdds/c01-27-maharashtra.xls,bce626419f500bd7,census-c01-extract-v1.1.0-20260528T003617Z,C0101,27,512,00000,000000,District - Hingoli,total,buddhist,females,86302
census-india-2011,sources/census-2011/c-series/state-mdds/c01-27-maharashtra.xls,bce626419f500bd7,census-c01-extract-v1.1.0-20260528T003617Z,C0101,27,512,00000,000000,District - Hingoli,total,jain,persons,5278
census-india-2011,sources/census-2011/c-series/state-mdds/c01-27-maharashtra.xls,bce626419f500bd7,census-c01-extract-v1.1.0-20260528T003617Z,C0101,27,512,00000,000000,District - Hingoli,total,jain,males,2745
census-india-2011,sources/census-2011/c-series/state-mdds/c01-27-maharashtra.xls,bce626419f500bd7,census-c01-extract-v1.1.0-20260528T003617Z,C0101,27,512,00000,000000,District - Hingoli,total,jain,females,2533
census-india-2011,sources/census-2011/c-series/state-mdds/c01-27-maharashtra.xls,bce626419f500bd7,census-c01-extract-v1.1.0-20260528T003617Z,C0101,27,512,00000,000000,District - Hingoli,total,other,persons,103
census-india-2011,sources/census-2011/c-series/state-mdds/c01-27-maharashtra.xls,bce626419f500bd7,census-c01-extract-v1.1.0-20260528T003617Z,C0101,27,512,00000,000000,District - Hingoli,total,other,males,53
census-india-2011,sources/census-2011/c-series/state-mdds/c01-27-maharashtra.xls,bce626419f500bd7,census-c01-extract-v1.1.0-20260528T003617Z,C0101,27,512,00000,000000,District - Hingoli,total,other,females,50
census-india-2011,sources/census-2011/c-series/state-mdds/c01-27-maharashtra.xls,bce626419f500bd7,census-c01-extract-v1.1.0-20260528T003617Z,C0101,27,512,00000,000000,District - Hingoli,total,not_stated,persons,2899
census-india-2011,sources/census-2011/c-series/state-mdds/c01-27-maharashtra.xls,bce626419f500bd7,census-c01-extract-v1.1.0-20260528T003617Z,C0101,27,512,00000,000000,District - Hingoli,total,not_stated,males,1485
census-india-2011,sources/census-2011/c-series/state-mdds/c01-27-maharashtra.xls,bce626419f500bd7,census-c01-extract-v1.1.0-20260528T003617Z,C0101,27,512,00000,000000,District - Hingoli,total,not_stated,females,1414
census-india-2011,sources/census-2011/c-series/state-mdds/c01-27-maharashtra.xls,bce626419f500bd7,census-c01-extract-v1.1.0-20260528T003617Z,C0101,27,512,00000,000000,District - Hingoli,rural,all,persons,998612
census-india-2011,sources/census-2011/c-series/state-mdds/c01-27-maharashtra.xls,bce626419f500bd7,census-c01-extract-v1.1.0-20260528T003617Z,C0101,27,512,00000,000000,District - Hingoli,rural,all,males,514430
census-india-2011,sources/census-2011/c-series/state-mdds/c01-27-maharashtra.xls,bce626419f500bd7,census-c01-extract-v1.1.0-20260528T003617Z,C0101,27,512,00000,000000,District - Hingoli,rural,all,females,484182
census-india-2011,sources/census-2011/c-series/state-mdds/c01-27-maharashtra.xls,bce626419f500bd7,census-c01-extract-v1.1.0-20260528T003617Z,C0101,27,512,00000,000000,District - Hingoli,rural,hindu,persons,773529
census-india-2011,sources/census-2011/c-series/state-mdds/c01-27-maharashtra.xls,bce626419f500bd7,census-c01-extract-v1.1.0-20260528T003617Z,C0101,27,512,00000,000000,District - Hingoli,rural,hindu,males,399296
census-india-2011,sources/census-2011/c-series/state-mdds/c01-27-maharashtra.xls,bce626419f500bd7,census-c01-extract-v1.1.0-20260528T003617Z,C0101,27,512,00000,000000,District - Hingoli,rural,hindu,females,374233
census-india-2011,sources/census-2011/c-series/state-mdds/c01-27-maharashtra.xls,bce626419f500bd7,census-c01-extract-v1.1.0-20260528T003617Z,C0101,27,512,00000,000000,District - Hingoli,rural,muslim,persons,61471
census-india-2011,sources/census-2011/c-series/state-mdds/c01-27-maharashtra.xls,bce626419f500bd7,census-c01-extract-v1.1.0-20260528T003617Z,C0101,27,512,00000,000000,District - Hingoli,rural,muslim,males,31366
census-india-2011,sources/census-2011/c-series/state-mdds/c01-27-maharashtra.xls,bce626419f500bd7,census-c01-extract-v1.1.0-20260528T003617Z,C0101,27,512,00000,000000,District - Hingoli,rural,muslim,females,30105
census-india-2011,sources/census-2011/c-series/state-mdds/c01-27-maharashtra.xls,bce626419f500bd7,census-c01-extract-v1.1.0-20260528T003617Z,C0101,27,512,00000,000000,District - Hingoli,rural,christian,persons,661
census-india-2011,sources/census-2011/c-series/state-mdds/c01-27-maharashtra.xls,bce626419f500bd7,census-c01-extract-v1.1.0-20260528T003617Z,C0101,27,512,00000,000000,District - Hingoli,rural,christian,males,344
census-india-2011,sources/census-2011/c-series/state-mdds/c01-27-maharashtra.xls,bce626419f500bd7,census-c01-extract-v1.1.0-20260528T003617Z,C0101,27,512,00000,000000,District - Hingoli,rural,christian,females,317
census-india-2011,sources/census-2011/c-series/state-mdds/c01-27-maharashtra.xls,bce626419f500bd7,census-c01-extract-v1.1.0-20260528T003617Z,C0101,27,512,00000,000000,District - Hingoli,rural,sikh,persons,424
census-india-2011,sources/census-2011/c-series/state-mdds/c01-27-maharashtra.xls,bce626419f500bd7,census-c01-extract-v1.1.0-20260528T003617Z,C0101,27,512,00000,000000,District - Hingoli,rural,sikh,males,213
census-india-2011,sources/census-2011/c-series/state-mdds/c01-27-maharashtra.xls,bce626419f500bd7,census-c01-extract-v1.1.0-20260528T003617Z,C0101,27,512,00000,000000,District - Hingoli,rural,sikh,females,211
census-india-2011,sources/census-2011/c-series/state-mdds/c01-27-maharashtra.xls,bce626419f500bd7,census-c01-extract-v1.1.0-20260528T003617Z,C0101,27,512,00000,000000,District - Hingoli,rural,buddhist,persons,157088
census-india-2011,sources/census-2011/c-series/state-mdds/c01-27-maharashtra.xls,bce626419f500bd7,census-c01-extract-v1.1.0-20260528T003617Z,C0101,27,512,00000,000000,District - Hingoli,rural,buddhist,males,80409
census-india-2011,sources/census-2011/c-series/state-mdds/c01-27-maharashtra.xls,bce626419f500bd7,census-c01-extract-v1.1.0-20260528T003617Z,C0101,27,512,00000,000000,District - Hingoli,rural,buddhist,females,76679
census-india-2011,sources/census-2011/c-series/state-mdds/c01-27-maharashtra.xls,bce626419f500bd7,census-c01-extract-v1.1.0-20260528T003617Z,C0101,27,512,00000,000000,District - Hingoli,rural,jain,persons,2650
census-india-2011,sources/census-2011/c-series/state-mdds/c01-27-maharashtra.xls,bce626419f500bd7,census-c01-extract-v1.1.0-20260528T003617Z,C0101,27,512,00000,000000,District - Hingoli,rural,jain,males,1370
census-india-2011,sources/census-2011/c-series/state-mdds/c01-27-maharashtra.xls,bce626419f500bd7,census-c01-extract-v1.1.0-20260528T003617Z,C0101,27,512,00000,000000,District - Hingoli,rural,jain,females,1280
census-india-2011,sources/census-2011/c-series/state-mdds/c01-27-maharashtra.xls,bce626419f500bd7,census-c01-extract-v1.1.0-20260528T003617Z,C0101,27,512,00000,000000,District - Hingoli,rural,other,persons,76
census-india-2011,sources/census-2011/c-series/state-mdds/c01-27-maharashtra.xls,bce626419f500bd7,census-c01-extract-v1.1.0-20260528T003617Z,C0101,27,512,00000,000000,District - Hingoli,rural,other,males,38
census-india-2011,sources/census-2011/c-series/state-mdds/c01-27-maharashtra.xls,bce626419f500bd7,census-c01-extract-v1.1.0-20260528T003617Z,C0101,27,512,00000,000000,District - Hingoli,rural,other,females,38
census-india-2011,sources/census-2011/c-series/state-mdds/c01-27-maharashtra.xls,bce626419f500bd7,census-c01-extract-v1.1.0-20260528T003617Z,C0101,27,512,00000,000000,District - Hingoli,rural,not_stated,persons,2713
census-india-2011,sources/census-2011/c-series/state-mdds/c01-27-maharashtra.xls,bce626419f500bd7,census-c01-extract-v1.1.0-20260528T003617Z,C0101,27,512,00000,000000,District - Hingoli,rural,not_stated,males,1394
census-india-2011,sources/census-2011/c-series/state-mdds/c01-27-maharashtra.xls,bce626419f500bd7,census-c01-extract-v1.1.0-20260528T003617Z,C0101,27,512,00000,000000,District - Hingoli,rural,not_stated,females,1319
census-india-2011,sources/census-2011/c-series/state-mdds/c01-27-maharashtra.xls,bce626419f500bd7,census-c01-extract-v1.1.0-20260528T003617Z,C0101,27,512,00000,000000,District - Hingoli,urban,all,persons,178733
census-india-2011,sources/census-2011/c-series/state-mdds/c01-27-maharashtra.xls,bce626419f500bd7,census-c01-extract-v1.1.0-20260528T003617Z,C0101,27,512,00000,000000,District - Hingoli,urban,all,males,91864
census-india-2011,sources/census-2011/c-series/state-mdds/c01-27-maharashtra.xls,bce626419f500bd7,census-c01-extract-v1.1.0-20260528T003617Z,C0101,27,512,00000,000000,District - Hingoli,urban,all,females,86869
census-india-2011,sources/census-2011/c-series/state-mdds/c01-27-maharashtra.xls,bce626419f500bd7,census-c01-extract-v1.1.0-20260528T003617Z,C0101,27,512,00000,000000,District - Hingoli,urban,hindu,persons,89670
census-india-2011,sources/census-2011/c-series/state-mdds/c01-27-maharashtra.xls,bce626419f500bd7,census-c01-extract-v1.1.0-20260528T003617Z,C0101,27,512,00000,000000,District - Hingoli,urban,hindu,males,46401
census-india-2011,sources/census-2011/c-series/state-mdds/c01-27-maharashtra.xls,bce626419f500bd7,census-c01-extract-v1.1.0-20260528T003617Z,C0101,27,512,00000,000000,District - Hingoli,urban,hindu,females,43269
census-india-2011,sources/census-2011/c-series/state-mdds/c01-27-maharashtra.xls,bce626419f500bd7,census-c01-extract-v1.1.0-20260528T003617Z,C0101,27,512,00000,000000,District - Hingoli,urban,muslim,persons,66081
census-india-2011,sources/census-2011/c-series/state-mdds/c01-27-maharashtra.xls,bce626419f500bd7,census-c01-extract-v1.1.0-20260528T003617Z,C0101,27,512,00000,000000,District - Hingoli,urban,muslim,males,33736
census-india-2011,sources/census-2011/c-series/state-mdds/c01-27-maharashtra.xls,bce626419f500bd7,census-c01-extract-v1.1.0-20260528T003617Z,C0101,27,512,00000,000000,District - Hingoli,urban,muslim,females,32345
census-india-2011,sources/census-2011/c-series/state-mdds/c01-27-maharashtra.xls,bce626419f500bd7,census-c01-extract-v1.1.0-20260528T003617Z,C0101,27,512,00000,000000,District - Hingoli,urban,christian,persons,331
census-india-2011,sources/census-2011/c-series/state-mdds/c01-27-maharashtra.xls,bce626419f500bd7,census-c01-extract-v1.1.0-20260528T003617Z,C0101,27,512,00000,000000,District - Hingoli,urban,christian,males,169
census-india-2011,sources/census-2011/c-series/state-mdds/c01-27-maharashtra.xls,bce626419f500bd7,census-c01-extract-v1.1.0-20260528T003617Z,C0101,27,512,00000,000000,District - Hingoli,urban,christian,females,162
census-india-2011,sources/census-2011/c-series/state-mdds/c01-27-maharashtra.xls,bce626419f500bd7,census-c01-extract-v1.1.0-20260528T003617Z,C0101,27,512,00000,000000,District - Hingoli,urban,sikh,persons,219
census-india-2011,sources/census-2011/c-series/state-mdds/c01-27-maharashtra.xls,bce626419f500bd7,census-c01-extract-v1.1.0-20260528T003617Z,C0101,27,512,00000,000000,District - Hingoli,urban,sikh,males,109
census-india-2011,sources/census-2011/c-series/state-mdds/c01-27-maharashtra.xls,bce626419f500bd7,census-c01-extract-v1.1.0-20260528T003617Z,C0101,27,512,00000,000000,District - Hingoli,urban,sikh,females,110
census-india-2011,sources/census-2011/c-series/state-mdds/c01-27-maharashtra.xls,bce626419f500bd7,census-c01-extract-v1.1.0-20260528T003617Z,C0101,27,512,00000,000000,District - Hingoli,urban,buddhist,persons,19591
census-india-2011,sources/census-2011/c-series/state-mdds/c01-27-maharashtra.xls,bce626419f500bd7,census-c01-extract-v1.1.0-20260528T003617Z,C0101,27,512,00000,000000,District - Hingoli,urban,buddhist,males,9968
census-india-2011,sources/census-2011/c-series/state-mdds/c01-27-maharashtra.xls,bce626419f500bd7,census-c01-extract-v1.1.0-20260528T003617Z,C0101,27,512,00000,000000,District - Hingoli,urban,buddhist,females,9623
census-india-2011,sources/census-2011/c-series/state-mdds/c01-27-maharashtra.xls,bce626419f500bd7,census-c01-extract-v1.1.0-20260528T003617Z,C0101,27,512,00000,000000,District - Hingoli,urban,jain,persons,2628
census-india-2011,sources/census-2011/c-series/state-mdds/c01-27-maharashtra.xls,bce626419f500bd7,census-c01-extract-v1.1.0-20260528T003617Z,C0101,27,512,00000,000000,District - Hingoli,urban,jain,males,1375
census-india-2011,sources/census-2011/c-series/state-mdds/c01-27-maharashtra.xls,bce626419f500bd7,census-c01-extract-v1.1.0-20260528T003617Z,C0101,27,512,00000,000000,District - Hingoli,urban,jain,females,1253
census-india-2011,sources/census-2011/c-series/state-mdds/c01-27-maharashtra.xls,bce626419f500bd7,census-c01-extract-v1.1.0-20260528T003617Z,C0101,27,512,00000,000000,District - Hingoli,urban,other,persons,27
census-india-2011,sources/census-2011/c-series/state-mdds/c01-27-maharashtra.xls,bce626419f500bd7,census-c01-extract-v1.1.0-20260528T003617Z,C0101,27,512,00000,000000,District - Hingoli,urban,other,males,15
census-india-2011,sources/census-2011/c-series/state-mdds/c01-27-maharashtra.xls,bce626419f500bd7,census-c01-extract-v1.1.0-20260528T003617Z,C0101,27,512,00000,000000,District - Hingoli,urban,other,females,12
census-india-2011,sources/census-2011/c-series/state-mdds/c01-27-maharashtra.xls,bce626419f500bd7,census-c01-extract-v1.1.0-20260528T003617Z,C0101,27,512,00000,000000,District - Hingoli,urban,not_stated,persons,186
census-india-2011,sources/census-2011/c-series/state-mdds/c01-27-maharashtra.xls,bce626419f500bd7,census-c01-extract-v1.1.0-20260528T003617Z,C0101,27,512,00000,000000,District - Hingoli,urban,not_stated,males,91
census-india-2011,sources/census-2011/c-series/state-mdds/c01-27-maharashtra.xls,bce626419f500bd7,census-c01-extract-v1.1.0-20260528T003617Z,C0101,27,512,00000,000000,District - Hingoli,urban,not_stated,females,95
census-india-2011,sources/census-2011/c-series/state-mdds/c01-27-maharashtra.xls,bce626419f500bd7,census-c01-extract-v1.1.0-20260528T003617Z,C0101,27,513,00000,000000,District - Parbhani,total,all,persons,1836086
census-india-2011,sources/census-2011/c-series/state-mdds/c01-27-maharashtra.xls,bce626419f500bd7,census-c01-extract-v1.1.0-20260528T003617Z,C0101,27,513,00000,000000,District - Parbhani,total,all,males,942870
census-india-2011,sources/census-2011/c-series/state-mdds/c01-27-maharashtra.xls,bce626419f500bd7,census-c01-extract-v1.1.0-20260528T003617Z,C0101,27,513,00000,000000,District - Parbhani,total,all,females,893216
census-india-2011,sources/census-2011/c-series/state-mdds/c01-27-maharashtra.xls,bce626419f500bd7,census-c01-extract-v1.1.0-20260528T003617Z,C0101,27,513,00000,000000,District - Parbhani,total,hindu,persons,1328385
census-india-2011,sources/census-2011/c-series/state-mdds/c01-27-maharashtra.xls,bce626419f500bd7,census-c01-extract-v1.1.0-20260528T003617Z,C0101,27,513,00000,000000,District - Parbhani,total,hindu,males,684637
census-india-2011,sources/census-2011/c-series/state-mdds/c01-27-maharashtra.xls,bce626419f500bd7,census-c01-extract-v1.1.0-20260528T003617Z,C0101,27,513,00000,000000,District - Parbhani,total,hindu,females,643748
census-india-2011,sources/census-2011/c-series/state-mdds/c01-27-maharashtra.xls,bce626419f500bd7,census-c01-extract-v1.1.0-20260528T003617Z,C0101,27,513,00000,000000,District - Parbhani,total,muslim,persons,306364
census-india-2011,sources/census-2011/c-series/state-mdds/c01-27-maharashtra.xls,bce626419f500bd7,census-c01-extract-v1.1.0-20260528T003617Z,C0101,27,513,00000,000000,District - Parbhani,total,muslim,males,155921
census-india-2011,sources/census-2011/c-series/state-mdds/c01-27-maharashtra.xls,bce626419f500bd7,census-c01-extract-v1.1.0-20260528T003617Z,C0101,27,513,00000,000000,District - Parbhani,total,muslim,females,150443
census-india-2011,sources/census-2011/c-series/state-mdds/c01-27-maharashtra.xls,bce626419f500bd7,census-c01-extract-v1.1.0-20260528T003617Z,C0101,27,513,00000,000000,District - Parbhani,total,christian,persons,2081
census-india-2011,sources/census-2011/c-series/state-mdds/c01-27-maharashtra.xls,bce626419f500bd7,census-c01-extract-v1.1.0-20260528T003617Z,C0101,27,513,00000,000000,District - Parbhani,total,christian,males,1052
census-india-2011,sources/census-2011/c-series/state-mdds/c01-27-maharashtra.xls,bce626419f500bd7,census-c01-extract-v1.1.0-20260528T003617Z,C0101,27,513,00000,000000,District - Parbhani,total,christian,females,1029
census-india-2011,sources/census-2011/c-series/state-mdds/c01-27-maharashtra.xls,bce626419f500bd7,census-c01-extract-v1.1.0-20260528T003617Z,C0101,27,513,00000,000000,District - Parbhani,total,sikh,persons,1371
census-india-2011,sources/census-2011/c-series/state-mdds/c01-27-maharashtra.xls,bce626419f500bd7,census-c01-extract-v1.1.0-20260528T003617Z,C0101,27,513,00000,000000,District - Parbhani,total,sikh,males,690
census-india-2011,sources/census-2011/c-series/state-mdds/c01-27-maharashtra.xls,bce626419f500bd7,census-c01-extract-v1.1.0-20260528T003617Z,C0101,27,513,00000,000000,District - Parbhani,total,sikh,females,681
census-india-2011,sources/census-2011/c-series/state-mdds/c01-27-maharashtra.xls,bce626419f500bd7,census-c01-extract-v1.1.0-20260528T003617Z,C0101,27,513,00000,000000,District - Parbhani,total,buddhist,persons,187899
census-india-2011,sources/census-2011/c-series/state-mdds/c01-27-maharashtra.xls,bce626419f500bd7,census-c01-extract-v1.1.0-20260528T003617Z,C0101,27,513,00000,000000,District - Parbhani,total,buddhist,males,95389
census-india-2011,sources/census-2011/c-series/state-mdds/c01-27-maharashtra.xls,bce626419f500bd7,census-c01-extract-v1.1.0-20260528T003617Z,C0101,27,513,00000,000000,District - Parbhani,total,buddhist,females,92510
census-india-2011,sources/census-2011/c-series/state-mdds/c01-27-maharashtra.xls,bce626419f500bd7,census-c01-extract-v1.1.0-20260528T003617Z,C0101,27,513,00000,000000,District - Parbhani,total,jain,persons,6238
census-india-2011,sources/census-2011/c-series/state-mdds/c01-27-maharashtra.xls,bce626419f500bd7,census-c01-extract-v1.1.0-20260528T003617Z,C0101,27,513,00000,000000,District - Parbhani,total,jain,males,3221
census-india-2011,sources/census-2011/c-series/state-mdds/c01-27-maharashtra.xls,bce626419f500bd7,census-c01-extract-v1.1.0-20260528T003617Z,C0101,27,513,00000,000000,District - Parbhani,total,jain,females,3017
census-india-2011,sources/census-2011/c-series/state-mdds/c01-27-maharashtra.xls,bce626419f500bd7,census-c01-extract-v1.1.0-20260528T003617Z,C0101,27,513,00000,000000,District - Parbhani,total,other,persons,262
census-india-2011,sources/census-2011/c-series/state-mdds/c01-27-maharashtra.xls,bce626419f500bd7,census-c01-extract-v1.1.0-20260528T003617Z,C0101,27,513,00000,000000,District - Parbhani,total,other,males,135
census-india-2011,sources/census-2011/c-series/state-mdds/c01-27-maharashtra.xls,bce626419f500bd7,census-c01-extract-v1.1.0-20260528T003617Z,C0101,27,513,00000,000000,District - Parbhani,total,other,females,127
census-india-2011,sources/census-2011/c-series/state-mdds/c01-27-maharashtra.xls,bce626419f500bd7,census-c01-extract-v1.1.0-20260528T003617Z,C0101,27,513,00000,000000,District - Parbhani,total,not_stated,persons,3486
census-india-2011,sources/census-2011/c-series/state-mdds/c01-27-maharashtra.xls,bce626419f500bd7,census-c01-extract-v1.1.0-20260528T003617Z,C0101,27,513,00000,000000,District - Parbhani,total,not_stated,males,1825
census-india-2011,sources/census-2011/c-series/state-mdds/c01-27-maharashtra.xls,bce626419f500bd7,census-c01-extract-v1.1.0-20260528T003617Z,C0101,27,513,00000,000000,District - Parbhani,total,not_stated,females,1661
census-india-2011,sources/census-2011/c-series/state-mdds/c01-27-maharashtra.xls,bce626419f500bd7,census-c01-extract-v1.1.0-20260528T003617Z,C0101,27,513,00000,000000,District - Parbhani,rural,all,persons,1266280
census-india-2011,sources/census-2011/c-series/state-mdds/c01-27-maharashtra.xls,bce626419f500bd7,census-c01-extract-v1.1.0-20260528T003617Z,C0101,27,513,00000,000000,District - Parbhani,rural,all,males,651886
census-india-2011,sources/census-2011/c-series/state-mdds/c01-27-maharashtra.xls,bce626419f500bd7,census-c01-extract-v1.1.0-20260528T003617Z,C0101,27,513,00000,000000,District - Parbhani,rural,all,females,614394
census-india-2011,sources/census-2011/c-series/state-mdds/c01-27-maharashtra.xls,bce626419f500bd7,census-c01-extract-v1.1.0-20260528T003617Z,C0101,27,513,00000,000000,District - Parbhani,rural,hindu,persons,1051517
census-india-2011,sources/census-2011/c-series/state-mdds/c01-27-maharashtra.xls,bce626419f500bd7,census-c01-extract-v1.1.0-20260528T003617Z,C0101,27,513,00000,000000,District - Parbhani,rural,hindu,males,542404
census-india-2011,sources/census-2011/c-series/state-mdds/c01-27-maharashtra.xls,bce626419f500bd7,census-c01-extract-v1.1.0-20260528T003617Z,C0101,27,513,00000,000000,District - Parbhani,rural,hindu,females,509113
census-india-2011,sources/census-2011/c-series/state-mdds/c01-27-maharashtra.xls,bce626419f500bd7,census-c01-extract-v1.1.0-20260528T003617Z,C0101,27,513,00000,000000,District - Parbhani,rural,muslim,persons,86561
census-india-2011,sources/census-2011/c-series/state-mdds/c01-27-maharashtra.xls,bce626419f500bd7,census-c01-extract-v1.1.0-20260528T003617Z,C0101,27,513,00000,000000,District - Parbhani,rural,muslim,males,43927
census-india-2011,sources/census-2011/c-series/state-mdds/c01-27-maharashtra.xls,bce626419f500bd7,census-c01-extract-v1.1.0-20260528T003617Z,C0101,27,513,00000,000000,District - Parbhani,rural,muslim,females,42634
census-india-2011,sources/census-2011/c-series/state-mdds/c01-27-maharashtra.xls,bce626419f500bd7,census-c01-extract-v1.1.0-20260528T003617Z,C0101,27,513,00000,000000,District - Parbhani,rural,christian,persons,899
census-india-2011,sources/census-2011/c-series/state-mdds/c01-27-maharashtra.xls,bce626419f500bd7,census-c01-extract-v1.1.0-20260528T003617Z,C0101,27,513,00000,000000,District - Parbhani,rural,christian,males,478
census-india-2011,sources/census-2011/c-series/state-mdds/c01-27-maharashtra.xls,bce626419f500bd7,census-c01-extract-v1.1.0-20260528T003617Z,C0101,27,513,00000,000000,District - Parbhani,rural,christian,females,421
census-india-2011,sources/census-2011/c-series/state-mdds/c01-27-maharashtra.xls,bce626419f500bd7,census-c01-extract-v1.1.0-20260528T003617Z,C0101,27,513,00000,000000,District - Parbhani,rural,sikh,persons,478
census-india-2011,sources/census-2011/c-series/state-mdds/c01-27-maharashtra.xls,bce626419f500bd7,census-c01-extract-v1.1.0-20260528T003617Z,C0101,27,513,00000,000000,District - Parbhani,rural,sikh,males,237
census-india-2011,sources/census-2011/c-series/state-mdds/c01-27-maharashtra.xls,bce626419f500bd7,census-c01-extract-v1.1.0-20260528T003617Z,C0101,27,513,00000,000000,District - Parbhani,rural,sikh,females,241
census-india-2011,sources/census-2011/c-series/state-mdds/c01-27-maharashtra.xls,bce626419f500bd7,census-c01-extract-v1.1.0-20260528T003617Z,C0101,27,513,00000,000000,District - Parbhani,rural,buddhist,persons,123803
census-india-2011,sources/census-2011/c-series/state-mdds/c01-27-maharashtra.xls,bce626419f500bd7,census-c01-extract-v1.1.0-20260528T003617Z,C0101,27,513,00000,000000,District - Parbhani,rural,buddhist,males,63240
census-india-2011,sources/census-2011/c-series/state-mdds/c01-27-maharashtra.xls,bce626419f500bd7,census-c01-extract-v1.1.0-20260528T003617Z,C0101,27,513,00000,000000,District - Parbhani,rural,buddhist,females,60563
census-india-2011,sources/census-2011/c-series/state-mdds/c01-27-maharashtra.xls,bce626419f500bd7,census-c01-extract-v1.1.0-20260528T003617Z,C0101,27,513,00000,000000,District - Parbhani,rural,jain,persons,1349
census-india-2011,sources/census-2011/c-series/state-mdds/c01-27-maharashtra.xls,bce626419f500bd7,census-c01-extract-v1.1.0-20260528T003617Z,C0101,27,513,00000,000000,District - Parbhani,rural,jain,males,701
census-india-2011,sources/census-2011/c-series/state-mdds/c01-27-maharashtra.xls,bce626419f500bd7,census-c01-extract-v1.1.0-20260528T003617Z,C0101,27,513,00000,000000,District - Parbhani,rural,jain,females,648
census-india-2011,sources/census-2011/c-series/state-mdds/c01-27-maharashtra.xls,bce626419f500bd7,census-c01-extract-v1.1.0-20260528T003617Z,C0101,27,513,00000,000000,District - Parbhani,rural,other,persons,47
census-india-2011,sources/census-2011/c-series/state-mdds/c01-27-maharashtra.xls,bce626419f500bd7,census-c01-extract-v1.1.0-20260528T003617Z,C0101,27,513,00000,000000,District - Parbhani,rural,other,males,29
census-india-2011,sources/census-2011/c-series/state-mdds/c01-27-maharashtra.xls,bce626419f500bd7,census-c01-extract-v1.1.0-20260528T003617Z,C0101,27,513,00000,000000,District - Parbhani,rural,other,females,18
census-india-2011,sources/census-2011/c-series/state-mdds/c01-27-maharashtra.xls,bce626419f500bd7,census-c01-extract-v1.1.0-20260528T003617Z,C0101,27,513,00000,000000,District - Parbhani,rural,not_stated,persons,1626
census-india-2011,sources/census-2011/c-series/state-mdds/c01-27-maharashtra.xls,bce626419f500bd7,census-c01-extract-v1.1.0-20260528T003617Z,C0101,27,513,00000,000000,District - Parbhani,rural,not_stated,males,870
census-india-2011,sources/census-2011/c-series/state-mdds/c01-27-maharashtra.xls,bce626419f500bd7,census-c01-extract-v1.1.0-20260528T003617Z,C0101,27,513,00000,000000,District - Parbhani,rural,not_stated,females,756
census-india-2011,sources/census-2011/c-series/state-mdds/c01-27-maharashtra.xls,bce626419f500bd7,census-c01-extract-v1.1.0-20260528T003617Z,C0101,27,513,00000,000000,District - Parbhani,urban,all,persons,569806
census-india-2011,sources/census-2011/c-series/state-mdds/c01-27-maharashtra.xls,bce626419f500bd7,census-c01-extract-v1.1.0-20260528T003617Z,C0101,27,513,00000,000000,District - Parbhani,urban,all,males,290984
census-india-2011,sources/census-2011/c-series/state-mdds/c01-27-maharashtra.xls,bce626419f500bd7,census-c01-extract-v1.1.0-20260528T003617Z,C0101,27,513,00000,000000,District - Parbhani,urban,all,females,278822
census-india-2011,sources/census-2011/c-series/state-mdds/c01-27-maharashtra.xls,bce626419f500bd7,census-c01-extract-v1.1.0-20260528T003617Z,C0101,27,513,00000,000000,District - Parbhani,urban,hindu,persons,276868
census-india-2011,sources/census-2011/c-series/state-mdds/c01-27-maharashtra.xls,bce626419f500bd7,census-c01-extract-v1.1.0-20260528T003617Z,C0101,27,513,00000,000000,District - Parbhani,urban,hindu,males,142233
census-india-2011,sources/census-2011/c-series/state-mdds/c01-27-maharashtra.xls,bce626419f500bd7,census-c01-extract-v1.1.0-20260528T003617Z,C0101,27,513,00000,000000,District - Parbhani,urban,hindu,females,134635
census-india-2011,sources/census-2011/c-series/state-mdds/c01-27-maharashtra.xls,bce626419f500bd7,census-c01-extract-v1.1.0-20260528T003617Z,C0101,27,513,00000,000000,District - Parbhani,urban,muslim,persons,219803
census-india-2011,sources/census-2011/c-series/state-mdds/c01-27-maharashtra.xls,bce626419f500bd7,census-c01-extract-v1.1.0-20260528T003617Z,C0101,27,513,00000,000000,District - Parbhani,urban,muslim,males,111994
census-india-2011,sources/census-2011/c-series/state-mdds/c01-27-maharashtra.xls,bce626419f500bd7,census-c01-extract-v1.1.0-20260528T003617Z,C0101,27,513,00000,000000,District - Parbhani,urban,muslim,females,107809
census-india-2011,sources/census-2011/c-series/state-mdds/c01-27-maharashtra.xls,bce626419f500bd7,census-c01-extract-v1.1.0-20260528T003617Z,C0101,27,513,00000,000000,District - Parbhani,urban,christian,persons,1182
census-india-2011,sources/census-2011/c-series/state-mdds/c01-27-maharashtra.xls,bce626419f500bd7,census-c01-extract-v1.1.0-20260528T003617Z,C0101,27,513,00000,000000,District - Parbhani,urban,christian,males,574
census-india-2011,sources/census-2011/c-series/state-mdds/c01-27-maharashtra.xls,bce626419f500bd7,census-c01-extract-v1.1.0-20260528T003617Z,C0101,27,513,00000,000000,District - Parbhani,urban,christian,females,608
census-india-2011,sources/census-2011/c-series/state-mdds/c01-27-maharashtra.xls,bce626419f500bd7,census-c01-extract-v1.1.0-20260528T003617Z,C0101,27,513,00000,000000,District - Parbhani,urban,sikh,persons,893
census-india-2011,sources/census-2011/c-series/state-mdds/c01-27-maharashtra.xls,bce626419f500bd7,census-c01-extract-v1.1.0-20260528T003617Z,C0101,27,513,00000,000000,District - Parbhani,urban,sikh,males,453
census-india-2011,sources/census-2011/c-series/state-mdds/c01-27-maharashtra.xls,bce626419f500bd7,census-c01-extract-v1.1.0-20260528T003617Z,C0101,27,513,00000,000000,District - Parbhani,urban,sikh,females,440
census-india-2011,sources/census-2011/c-series/state-mdds/c01-27-maharashtra.xls,bce626419f500bd7,census-c01-extract-v1.1.0-20260528T003617Z,C0101,27,513,00000,000000,District - Parbhani,urban,buddhist,persons,64096
census-india-2011,sources/census-2011/c-series/state-mdds/c01-27-maharashtra.xls,bce626419f500bd7,census-c01-extract-v1.1.0-20260528T003617Z,C0101,27,513,00000,000000,District - Parbhani,urban,buddhist,males,32149
census-india-2011,sources/census-2011/c-series/state-mdds/c01-27-maharashtra.xls,bce626419f500bd7,census-c01-extract-v1.1.0-20260528T003617Z,C0101,27,513,00000,000000,District - Parbhani,urban,buddhist,females,31947
census-india-2011,sources/census-2011/c-series/state-mdds/c01-27-maharashtra.xls,bce626419f500bd7,census-c01-extract-v1.1.0-20260528T003617Z,C0101,27,513,00000,000000,District - Parbhani,urban,jain,persons,4889
census-india-2011,sources/census-2011/c-series/state-mdds/c01-27-maharashtra.xls,bce626419f500bd7,census-c01-extract-v1.1.0-20260528T003617Z,C0101,27,513,00000,000000,District - Parbhani,urban,jain,males,2520
census-india-2011,sources/census-2011/c-series/state-mdds/c01-27-maharashtra.xls,bce626419f500bd7,census-c01-extract-v1.1.0-20260528T003617Z,C0101,27,513,00000,000000,District - Parbhani,urban,jain,females,2369
census-india-2011,sources/census-2011/c-series/state-mdds/c01-27-maharashtra.xls,bce626419f500bd7,census-c01-extract-v1.1.0-20260528T003617Z,C0101,27,513,00000,000000,District - Parbhani,urban,other,persons,215
census-india-2011,sources/census-2011/c-series/state-mdds/c01-27-maharashtra.xls,bce626419f500bd7,census-c01-extract-v1.1.0-20260528T003617Z,C0101,27,513,00000,000000,District - Parbhani,urban,other,males,106
census-india-2011,sources/census-2011/c-series/state-mdds/c01-27-maharashtra.xls,bce626419f500bd7,census-c01-extract-v1.1.0-20260528T003617Z,C0101,27,513,00000,000000,District - Parbhani,urban,other,females,109
census-india-2011,sources/census-2011/c-series/state-mdds/c01-27-maharashtra.xls,bce626419f500bd7,census-c01-extract-v1.1.0-20260528T003617Z,C0101,27,513,00000,000000,District - Parbhani,urban,not_stated,persons,1860
census-india-2011,sources/census-2011/c-series/state-mdds/c01-27-maharashtra.xls,bce626419f500bd7,census-c01-extract-v1.1.0-20260528T003617Z,C0101,27,513,00000,000000,District - Parbhani,urban,not_stated,males,955
census-india-2011,sources/census-2011/c-series/state-mdds/c01-27-maharashtra.xls,bce626419f500bd7,census-c01-extract-v1.1.0-20260528T003617Z,C0101,27,513,00000,000000,District - Parbhani,urban,not_stated,females,905
census-india-2011,sources/census-2011/c-series/state-mdds/c01-27-maharashtra.xls,bce626419f500bd7,census-c01-extract-v1.1.0-20260528T003617Z,C0101,27,514,00000,000000,District - Jalna,total,all,persons,1959046
census-india-2011,sources/census-2011/c-series/state-mdds/c01-27-maharashtra.xls,bce626419f500bd7,census-c01-extract-v1.1.0-20260528T003617Z,C0101,27,514,00000,000000,District - Jalna,total,all,males,1011473
census-india-2011,sources/census-2011/c-series/state-mdds/c01-27-maharashtra.xls,bce626419f500bd7,census-c01-extract-v1.1.0-20260528T003617Z,C0101,27,514,00000,000000,District - Jalna,total,all,females,947573
census-india-2011,sources/census-2011/c-series/state-mdds/c01-27-maharashtra.xls,bce626419f500bd7,census-c01-extract-v1.1.0-20260528T003617Z,C0101,27,514,00000,000000,District - Jalna,total,hindu,persons,1504641
census-india-2011,sources/census-2011/c-series/state-mdds/c01-27-maharashtra.xls,bce626419f500bd7,census-c01-extract-v1.1.0-20260528T003617Z,C0101,27,514,00000,000000,District - Jalna,total,hindu,males,778617
census-india-2011,sources/census-2011/c-series/state-mdds/c01-27-maharashtra.xls,bce626419f500bd7,census-c01-extract-v1.1.0-20260528T003617Z,C0101,27,514,00000,000000,District - Jalna,total,hindu,females,726024
census-india-2011,sources/census-2011/c-series/state-mdds/c01-27-maharashtra.xls,bce626419f500bd7,census-c01-extract-v1.1.0-20260528T003617Z,C0101,27,514,00000,000000,District - Jalna,total,muslim,persons,274221
census-india-2011,sources/census-2011/c-series/state-mdds/c01-27-maharashtra.xls,bce626419f500bd7,census-c01-extract-v1.1.0-20260528T003617Z,C0101,27,514,00000,000000,District - Jalna,total,muslim,males,140416
census-india-2011,sources/census-2011/c-series/state-mdds/c01-27-maharashtra.xls,bce626419f500bd7,census-c01-extract-v1.1.0-20260528T003617Z,C0101,27,514,00000,000000,District - Jalna,total,muslim,females,133805
census-india-2011,sources/census-2011/c-series/state-mdds/c01-27-maharashtra.xls,bce626419f500bd7,census-c01-extract-v1.1.0-20260528T003617Z,C0101,27,514,00000,000000,District - Jalna,total,christian,persons,12542
census-india-2011,sources/census-2011/c-series/state-mdds/c01-27-maharashtra.xls,bce626419f500bd7,census-c01-extract-v1.1.0-20260528T003617Z,C0101,27,514,00000,000000,District - Jalna,total,christian,males,6212
census-india-2011,sources/census-2011/c-series/state-mdds/c01-27-maharashtra.xls,bce626419f500bd7,census-c01-extract-v1.1.0-20260528T003617Z,C0101,27,514,00000,000000,District - Jalna,total,christian,females,6330
census-india-2011,sources/census-2011/c-series/state-mdds/c01-27-maharashtra.xls,bce626419f500bd7,census-c01-extract-v1.1.0-20260528T003617Z,C0101,27,514,00000,000000,District - Jalna,total,sikh,persons,1629
census-india-2011,sources/census-2011/c-series/state-mdds/c01-27-maharashtra.xls,bce626419f500bd7,census-c01-extract-v1.1.0-20260528T003617Z,C0101,27,514,00000,000000,District - Jalna,total,sikh,males,805
census-india-2011,sources/census-2011/c-series/state-mdds/c01-27-maharashtra.xls,bce626419f500bd7,census-c01-extract-v1.1.0-20260528T003617Z,C0101,27,514,00000,000000,District - Jalna,total,sikh,females,824
census-india-2011,sources/census-2011/c-series/state-mdds/c01-27-maharashtra.xls,bce626419f500bd7,census-c01-extract-v1.1.0-20260528T003617Z,C0101,27,514,00000,000000,District - Jalna,total,buddhist,persons,152540
census-india-2011,sources/census-2011/c-series/state-mdds/c01-27-maharashtra.xls,bce626419f500bd7,census-c01-extract-v1.1.0-20260528T003617Z,C0101,27,514,00000,000000,District - Jalna,total,buddhist,males,78357
census-india-2011,sources/census-2011/c-series/state-mdds/c01-27-maharashtra.xls,bce626419f500bd7,census-c01-extract-v1.1.0-20260528T003617Z,C0101,27,514,00000,000000,District - Jalna,total,buddhist,females,74183
census-india-2011,sources/census-2011/c-series/state-mdds/c01-27-maharashtra.xls,bce626419f500bd7,census-c01-extract-v1.1.0-20260528T003617Z,C0101,27,514,00000,000000,District - Jalna,total,jain,persons,9619
census-india-2011,sources/census-2011/c-series/state-mdds/c01-27-maharashtra.xls,bce626419f500bd7,census-c01-extract-v1.1.0-20260528T003617Z,C0101,27,514,00000,000000,District - Jalna,total,jain,males,4935
census-india-2011,sources/census-2011/c-series/state-mdds/c01-27-maharashtra.xls,bce626419f500bd7,census-c01-extract-v1.1.0-20260528T003617Z,C0101,27,514,00000,000000,District - Jalna,total,jain,females,4684
census-india-2011,sources/census-2011/c-series/state-mdds/c01-27-maharashtra.xls,bce626419f500bd7,census-c01-extract-v1.1.0-20260528T003617Z,C0101,27,514,00000,000000,District - Jalna,total,other,persons,336
census-india-2011,sources/census-2011/c-series/state-mdds/c01-27-maharashtra.xls,bce626419f500bd7,census-c01-extract-v1.1.0-20260528T003617Z,C0101,27,514,00000,000000,District - Jalna,total,other,males,175
census-india-2011,sources/census-2011/c-series/state-mdds/c01-27-maharashtra.xls,bce626419f500bd7,census-c01-extract-v1.1.0-20260528T003617Z,C0101,27,514,00000,000000,District - Jalna,total,other,females,161
census-india-2011,sources/census-2011/c-series/state-mdds/c01-27-maharashtra.xls,bce626419f500bd7,census-c01-extract-v1.1.0-20260528T003617Z,C0101,27,514,00000,000000,District - Jalna,total,not_stated,persons,3518
census-india-2011,sources/census-2011/c-series/state-mdds/c01-27-maharashtra.xls,bce626419f500bd7,census-c01-extract-v1.1.0-20260528T003617Z,C0101,27,514,00000,000000,District - Jalna,total,not_stated,males,1956
census-india-2011,sources/census-2011/c-series/state-mdds/c01-27-maharashtra.xls,bce626419f500bd7,census-c01-extract-v1.1.0-20260528T003617Z,C0101,27,514,00000,000000,District - Jalna,total,not_stated,females,1562
census-india-2011,sources/census-2011/c-series/state-mdds/c01-27-maharashtra.xls,bce626419f500bd7,census-c01-extract-v1.1.0-20260528T003617Z,C0101,27,514,00000,000000,District - Jalna,rural,all,persons,1581617
census-india-2011,sources/census-2011/c-series/state-mdds/c01-27-maharashtra.xls,bce626419f500bd7,census-c01-extract-v1.1.0-20260528T003617Z,C0101,27,514,00000,000000,District - Jalna,rural,all,males,817279
census-india-2011,sources/census-2011/c-series/state-mdds/c01-27-maharashtra.xls,bce626419f500bd7,census-c01-extract-v1.1.0-20260528T003617Z,C0101,27,514,00000,000000,District - Jalna,rural,all,females,764338
census-india-2011,sources/census-2011/c-series/state-mdds/c01-27-maharashtra.xls,bce626419f500bd7,census-c01-extract-v1.1.0-20260528T003617Z,C0101,27,514,00000,000000,District - Jalna,rural,hindu,persons,1279298
census-india-2011,sources/census-2011/c-series/state-mdds/c01-27-maharashtra.xls,bce626419f500bd7,census-c01-extract-v1.1.0-20260528T003617Z,C0101,27,514,00000,000000,District - Jalna,rural,hindu,males,661696
census-india-2011,sources/census-2011/c-series/state-mdds/c01-27-maharashtra.xls,bce626419f500bd7,census-c01-extract-v1.1.0-20260528T003617Z,C0101,27,514,00000,000000,District - Jalna,rural,hindu,females,617602
census-india-2011,sources/census-2011/c-series/state-mdds/c01-27-maharashtra.xls,bce626419f500bd7,census-c01-extract-v1.1.0-20260528T003617Z,C0101,27,514,00000,000000,District - Jalna,rural,muslim,persons,163998
census-india-2011,sources/census-2011/c-series/state-mdds/c01-27-maharashtra.xls,bce626419f500bd7,census-c01-extract-v1.1.0-20260528T003617Z,C0101,27,514,00000,000000,District - Jalna,rural,muslim,males,84339
census-india-2011,sources/census-2011/c-series/state-mdds/c01-27-maharashtra.xls,bce626419f500bd7,census-c01-extract-v1.1.0-20260528T003617Z,C0101,27,514,00000,000000,District - Jalna,rural,muslim,females,79659
census-india-2011,sources/census-2011/c-series/state-mdds/c01-27-maharashtra.xls,bce626419f500bd7,census-c01-extract-v1.1.0-20260528T003617Z,C0101,27,514,00000,000000,District - Jalna,rural,christian,persons,4344
census-india-2011,sources/census-2011/c-series/state-mdds/c01-27-maharashtra.xls,bce626419f500bd7,census-c01-extract-v1.1.0-20260528T003617Z,C0101,27,514,00000,000000,District - Jalna,rural,christian,males,2223
census-india-2011,sources/census-2011/c-series/state-mdds/c01-27-maharashtra.xls,bce626419f500bd7,census-c01-extract-v1.1.0-20260528T003617Z,C0101,27,514,00000,000000,District - Jalna,rural,christian,females,2121
census-india-2011,sources/census-2011/c-series/state-mdds/c01-27-maharashtra.xls,bce626419f500bd7,census-c01-extract-v1.1.0-20260528T003617Z,C0101,27,514,00000,000000,District - Jalna,rural,sikh,persons,748
census-india-2011,sources/census-2011/c-series/state-mdds/c01-27-maharashtra.xls,bce626419f500bd7,census-c01-extract-v1.1.0-20260528T003617Z,C0101,27,514,00000,000000,District - Jalna,rural,sikh,males,366
census-india-2011,sources/census-2011/c-series/state-mdds/c01-27-maharashtra.xls,bce626419f500bd7,census-c01-extract-v1.1.0-20260528T003617Z,C0101,27,514,00000,000000,District - Jalna,rural,sikh,females,382
census-india-2011,sources/census-2011/c-series/state-mdds/c01-27-maharashtra.xls,bce626419f500bd7,census-c01-extract-v1.1.0-20260528T003617Z,C0101,27,514,00000,000000,District - Jalna,rural,buddhist,persons,127475
census-india-2011,sources/census-2011/c-series/state-mdds/c01-27-maharashtra.xls,bce626419f500bd7,census-c01-extract-v1.1.0-20260528T003617Z,C0101,27,514,00000,000000,District - Jalna,rural,buddhist,males,65601
census-india-2011,sources/census-2011/c-series/state-mdds/c01-27-maharashtra.xls,bce626419f500bd7,census-c01-extract-v1.1.0-20260528T003617Z,C0101,27,514,00000,000000,District - Jalna,rural,buddhist,females,61874
census-india-2011,sources/census-2011/c-series/state-mdds/c01-27-maharashtra.xls,bce626419f500bd7,census-c01-extract-v1.1.0-20260528T003617Z,C0101,27,514,00000,000000,District - Jalna,rural,jain,persons,3480
census-india-2011,sources/census-2011/c-series/state-mdds/c01-27-maharashtra.xls,bce626419f500bd7,census-c01-extract-v1.1.0-20260528T003617Z,C0101,27,514,00000,000000,District - Jalna,rural,jain,males,1818
census-india-2011,sources/census-2011/c-series/state-mdds/c01-27-maharashtra.xls,bce626419f500bd7,census-c01-extract-v1.1.0-20260528T003617Z,C0101,27,514,00000,000000,District - Jalna,rural,jain,females,1662
census-india-2011,sources/census-2011/c-series/state-mdds/c01-27-maharashtra.xls,bce626419f500bd7,census-c01-extract-v1.1.0-20260528T003617Z,C0101,27,514,00000,000000,District - Jalna,rural,other,persons,146
census-india-2011,sources/census-2011/c-series/state-mdds/c01-27-maharashtra.xls,bce626419f500bd7,census-c01-extract-v1.1.0-20260528T003617Z,C0101,27,514,00000,000000,District - Jalna,rural,other,males,83
census-india-2011,sources/census-2011/c-series/state-mdds/c01-27-maharashtra.xls,bce626419f500bd7,census-c01-extract-v1.1.0-20260528T003617Z,C0101,27,514,00000,000000,District - Jalna,rural,other,females,63
census-india-2011,sources/census-2011/c-series/state-mdds/c01-27-maharashtra.xls,bce626419f500bd7,census-c01-extract-v1.1.0-20260528T003617Z,C0101,27,514,00000,000000,District - Jalna,rural,not_stated,persons,2128
census-india-2011,sources/census-2011/c-series/state-mdds/c01-27-maharashtra.xls,bce626419f500bd7,census-c01-extract-v1.1.0-20260528T003617Z,C0101,27,514,00000,000000,District - Jalna,rural,not_stated,males,1153
census-india-2011,sources/census-2011/c-series/state-mdds/c01-27-maharashtra.xls,bce626419f500bd7,census-c01-extract-v1.1.0-20260528T003617Z,C0101,27,514,00000,000000,District - Jalna,rural,not_stated,females,975
census-india-2011,sources/census-2011/c-series/state-mdds/c01-27-maharashtra.xls,bce626419f500bd7,census-c01-extract-v1.1.0-20260528T003617Z,C0101,27,514,00000,000000,District - Jalna,urban,all,persons,377429
census-india-2011,sources/census-2011/c-series/state-mdds/c01-27-maharashtra.xls,bce626419f500bd7,census-c01-extract-v1.1.0-20260528T003617Z,C0101,27,514,00000,000000,District - Jalna,urban,all,males,194194
census-india-2011,sources/census-2011/c-series/state-mdds/c01-27-maharashtra.xls,bce626419f500bd7,census-c01-extract-v1.1.0-20260528T003617Z,C0101,27,514,00000,000000,District - Jalna,urban,all,females,183235
census-india-2011,sources/census-2011/c-series/state-mdds/c01-27-maharashtra.xls,bce626419f500bd7,census-c01-extract-v1.1.0-20260528T003617Z,C0101,27,514,00000,000000,District - Jalna,urban,hindu,persons,225343
census-india-2011,sources/census-2011/c-series/state-mdds/c01-27-maharashtra.xls,bce626419f500bd7,census-c01-extract-v1.1.0-20260528T003617Z,C0101,27,514,00000,000000,District - Jalna,urban,hindu,males,116921
census-india-2011,sources/census-2011/c-series/state-mdds/c01-27-maharashtra.xls,bce626419f500bd7,census-c01-extract-v1.1.0-20260528T003617Z,C0101,27,514,00000,000000,District - Jalna,urban,hindu,females,108422
census-india-2011,sources/census-2011/c-series/state-mdds/c01-27-maharashtra.xls,bce626419f500bd7,census-c01-extract-v1.1.0-20260528T003617Z,C0101,27,514,00000,000000,District - Jalna,urban,muslim,persons,110223
census-india-2011,sources/census-2011/c-series/state-mdds/c01-27-maharashtra.xls,bce626419f500bd7,census-c01-extract-v1.1.0-20260528T003617Z,C0101,27,514,00000,000000,District - Jalna,urban,muslim,males,56077
census-india-2011,sources/census-2011/c-series/state-mdds/c01-27-maharashtra.xls,bce626419f500bd7,census-c01-extract-v1.1.0-20260528T003617Z,C0101,27,514,00000,000000,District - Jalna,urban,muslim,females,54146
census-india-2011,sources/census-2011/c-series/state-mdds/c01-27-maharashtra.xls,bce626419f500bd7,census-c01-extract-v1.1.0-20260528T003617Z,C0101,27,514,00000,000000,District - Jalna,urban,christian,persons,8198
census-india-2011,sources/census-2011/c-series/state-mdds/c01-27-maharashtra.xls,bce626419f500bd7,census-c01-extract-v1.1.0-20260528T003617Z,C0101,27,514,00000,000000,District - Jalna,urban,christian,males,3989
census-india-2011,sources/census-2011/c-series/state-mdds/c01-27-maharashtra.xls,bce626419f500bd7,census-c01-extract-v1.1.0-20260528T003617Z,C0101,27,514,00000,000000,District - Jalna,urban,christian,females,4209
census-india-2011,sources/census-2011/c-series/state-mdds/c01-27-maharashtra.xls,bce626419f500bd7,census-c01-extract-v1.1.0-20260528T003617Z,C0101,27,514,00000,000000,District - Jalna,urban,sikh,persons,881
census-india-2011,sources/census-2011/c-series/state-mdds/c01-27-maharashtra.xls,bce626419f500bd7,census-c01-extract-v1.1.0-20260528T003617Z,C0101,27,514,00000,000000,District - Jalna,urban,sikh,males,439
census-india-2011,sources/census-2011/c-series/state-mdds/c01-27-maharashtra.xls,bce626419f500bd7,census-c01-extract-v1.1.0-20260528T003617Z,C0101,27,514,00000,000000,District - Jalna,urban,sikh,females,442
census-india-2011,sources/census-2011/c-series/state-mdds/c01-27-maharashtra.xls,bce626419f500bd7,census-c01-extract-v1.1.0-20260528T003617Z,C0101,27,514,00000,000000,District - Jalna,urban,buddhist,persons,25065
census-india-2011,sources/census-2011/c-series/state-mdds/c01-27-maharashtra.xls,bce626419f500bd7,census-c01-extract-v1.1.0-20260528T003617Z,C0101,27,514,00000,000000,District - Jalna,urban,buddhist,males,12756
census-india-2011,sources/census-2011/c-series/state-mdds/c01-27-maharashtra.xls,bce626419f500bd7,census-c01-extract-v1.1.0-20260528T003617Z,C0101,27,514,00000,000000,District - Jalna,urban,buddhist,females,12309
census-india-2011,sources/census-2011/c-series/state-mdds/c01-27-maharashtra.xls,bce626419f500bd7,census-c01-extract-v1.1.0-20260528T003617Z,C0101,27,514,00000,000000,District - Jalna,urban,jain,persons,6139
census-india-2011,sources/census-2011/c-series/state-mdds/c01-27-maharashtra.xls,bce626419f500bd7,census-c01-extract-v1.1.0-20260528T003617Z,C0101,27,514,00000,000000,District - Jalna,urban,jain,males,3117
census-india-2011,sources/census-2011/c-series/state-mdds/c01-27-maharashtra.xls,bce626419f500bd7,census-c01-extract-v1.1.0-20260528T003617Z,C0101,27,514,00000,000000,District - Jalna,urban,jain,females,3022
census-india-2011,sources/census-2011/c-series/state-mdds/c01-27-maharashtra.xls,bce626419f500bd7,census-c01-extract-v1.1.0-20260528T003617Z,C0101,27,514,00000,000000,District - Jalna,urban,other,persons,190
census-india-2011,sources/census-2011/c-series/state-mdds/c01-27-maharashtra.xls,bce626419f500bd7,census-c01-extract-v1.1.0-20260528T003617Z,C0101,27,514,00000,000000,District - Jalna,urban,other,males,92
census-india-2011,sources/census-2011/c-series/state-mdds/c01-27-maharashtra.xls,bce626419f500bd7,census-c01-extract-v1.1.0-20260528T003617Z,C0101,27,514,00000,000000,District - Jalna,urban,other,females,98
census-india-2011,sources/census-2011/c-series/state-mdds/c01-27-maharashtra.xls,bce626419f500bd7,census-c01-extract-v1.1.0-20260528T003617Z,C0101,27,514,00000,000000,District - Jalna,urban,not_stated,persons,1390
census-india-2011,sources/census-2011/c-series/state-mdds/c01-27-maharashtra.xls,bce626419f500bd7,census-c01-extract-v1.1.0-20260528T003617Z,C0101,27,514,00000,000000,District - Jalna,urban,not_stated,males,803
census-india-2011,sources/census-2011/c-series/state-mdds/c01-27-maharashtra.xls,bce626419f500bd7,census-c01-extract-v1.1.0-20260528T003617Z,C0101,27,514,00000,000000,District - Jalna,urban,not_stated,females,587
census-india-2011,sources/census-2011/c-series/state-mdds/c01-27-maharashtra.xls,bce626419f500bd7,census-c01-extract-v1.1.0-20260528T003617Z,C0101,27,515,00000,000000,District - Aurangabad,total,all,persons,3701282
census-india-2011,sources/census-2011/c-series/state-mdds/c01-27-maharashtra.xls,bce626419f500bd7,census-c01-extract-v1.1.0-20260528T003617Z,C0101,27,515,00000,000000,District - Aurangabad,total,all,males,1924469
census-india-2011,sources/census-2011/c-series/state-mdds/c01-27-maharashtra.xls,bce626419f500bd7,census-c01-extract-v1.1.0-20260528T003617Z,C0101,27,515,00000,000000,District - Aurangabad,total,all,females,1776813
census-india-2011,sources/census-2011/c-series/state-mdds/c01-27-maharashtra.xls,bce626419f500bd7,census-c01-extract-v1.1.0-20260528T003617Z,C0101,27,515,00000,000000,District - Aurangabad,total,hindu,persons,2545438
census-india-2011,sources/census-2011/c-series/state-mdds/c01-27-maharashtra.xls,bce626419f500bd7,census-c01-extract-v1.1.0-20260528T003617Z,C0101,27,515,00000,000000,District - Aurangabad,total,hindu,males,1330002
census-india-2011,sources/census-2011/c-series/state-mdds/c01-27-maharashtra.xls,bce626419f500bd7,census-c01-extract-v1.1.0-20260528T003617Z,C0101,27,515,00000,000000,District - Aurangabad,total,hindu,females,1215436
census-india-2011,sources/census-2011/c-series/state-mdds/c01-27-maharashtra.xls,bce626419f500bd7,census-c01-extract-v1.1.0-20260528T003617Z,C0101,27,515,00000,000000,District - Aurangabad,total,muslim,persons,786677
census-india-2011,sources/census-2011/c-series/state-mdds/c01-27-maharashtra.xls,bce626419f500bd7,census-c01-extract-v1.1.0-20260528T003617Z,C0101,27,515,00000,000000,District - Aurangabad,total,muslim,males,404506
census-india-2011,sources/census-2011/c-series/state-mdds/c01-27-maharashtra.xls,bce626419f500bd7,census-c01-extract-v1.1.0-20260528T003617Z,C0101,27,515,00000,000000,District - Aurangabad,total,muslim,females,382171
census-india-2011,sources/census-2011/c-series/state-mdds/c01-27-maharashtra.xls,bce626419f500bd7,census-c01-extract-v1.1.0-20260528T003617Z,C0101,27,515,00000,000000,District - Aurangabad,total,christian,persons,15991
census-india-2011,sources/census-2011/c-series/state-mdds/c01-27-maharashtra.xls,bce626419f500bd7,census-c01-extract-v1.1.0-20260528T003617Z,C0101,27,515,00000,000000,District - Aurangabad,total,christian,males,7919
census-india-2011,sources/census-2011/c-series/state-mdds/c01-27-maharashtra.xls,bce626419f500bd7,census-c01-extract-v1.1.0-20260528T003617Z,C0101,27,515,00000,000000,District - Aurangabad,total,christian,females,8072
census-india-2011,sources/census-2011/c-series/state-mdds/c01-27-maharashtra.xls,bce626419f500bd7,census-c01-extract-v1.1.0-20260528T003617Z,C0101,27,515,00000,000000,District - Aurangabad,total,sikh,persons,5142
census-india-2011,sources/census-2011/c-series/state-mdds/c01-27-maharashtra.xls,bce626419f500bd7,census-c01-extract-v1.1.0-20260528T003617Z,C0101,27,515,00000,000000,District - Aurangabad,total,sikh,males,2781
census-india-2011,sources/census-2011/c-series/state-mdds/c01-27-maharashtra.xls,bce626419f500bd7,census-c01-extract-v1.1.0-20260528T003617Z,C0101,27,515,00000,000000,District - Aurangabad,total,sikh,females,2361
census-india-2011,sources/census-2011/c-series/state-mdds/c01-27-maharashtra.xls,bce626419f500bd7,census-c01-extract-v1.1.0-20260528T003617Z,C0101,27,515,00000,000000,District - Aurangabad,total,buddhist,persons,309093
census-india-2011,sources/census-2011/c-series/state-mdds/c01-27-maharashtra.xls,bce626419f500bd7,census-c01-extract-v1.1.0-20260528T003617Z,C0101,27,515,00000,000000,District - Aurangabad,total,buddhist,males,158922
census-india-2011,sources/census-2011/c-series/state-mdds/c01-27-maharashtra.xls,bce626419f500bd7,census-c01-extract-v1.1.0-20260528T003617Z,C0101,27,515,00000,000000,District - Aurangabad,total,buddhist,females,150171
census-india-2011,sources/census-2011/c-series/state-mdds/c01-27-maharashtra.xls,bce626419f500bd7,census-c01-extract-v1.1.0-20260528T003617Z,C0101,27,515,00000,000000,District - Aurangabad,total,jain,persons,30981
census-india-2011,sources/census-2011/c-series/state-mdds/c01-27-maharashtra.xls,bce626419f500bd7,census-c01-extract-v1.1.0-20260528T003617Z,C0101,27,515,00000,000000,District - Aurangabad,total,jain,males,15920
census-india-2011,sources/census-2011/c-series/state-mdds/c01-27-maharashtra.xls,bce626419f500bd7,census-c01-extract-v1.1.0-20260528T003617Z,C0101,27,515,00000,000000,District - Aurangabad,total,jain,females,15061
census-india-2011,sources/census-2011/c-series/state-mdds/c01-27-maharashtra.xls,bce626419f500bd7,census-c01-extract-v1.1.0-20260528T003617Z,C0101,27,515,00000,000000,District - Aurangabad,total,other,persons,1005
census-india-2011,sources/census-2011/c-series/state-mdds/c01-27-maharashtra.xls,bce626419f500bd7,census-c01-extract-v1.1.0-20260528T003617Z,C0101,27,515,00000,000000,District - Aurangabad,total,other,males,524
census-india-2011,sources/census-2011/c-series/state-mdds/c01-27-maharashtra.xls,bce626419f500bd7,census-c01-extract-v1.1.0-20260528T003617Z,C0101,27,515,00000,000000,District - Aurangabad,total,other,females,481
census-india-2011,sources/census-2011/c-series/state-mdds/c01-27-maharashtra.xls,bce626419f500bd7,census-c01-extract-v1.1.0-20260528T003617Z,C0101,27,515,00000,000000,District - Aurangabad,total,not_stated,persons,6955
census-india-2011,sources/census-2011/c-series/state-mdds/c01-27-maharashtra.xls,bce626419f500bd7,census-c01-extract-v1.1.0-20260528T003617Z,C0101,27,515,00000,000000,District - Aurangabad,total,not_stated,males,3895
census-india-2011,sources/census-2011/c-series/state-mdds/c01-27-maharashtra.xls,bce626419f500bd7,census-c01-extract-v1.1.0-20260528T003617Z,C0101,27,515,00000,000000,District - Aurangabad,total,not_stated,females,3060
census-india-2011,sources/census-2011/c-series/state-mdds/c01-27-maharashtra.xls,bce626419f500bd7,census-c01-extract-v1.1.0-20260528T003617Z,C0101,27,515,00000,000000,District - Aurangabad,rural,all,persons,2081112
census-india-2011,sources/census-2011/c-series/state-mdds/c01-27-maharashtra.xls,bce626419f500bd7,census-c01-extract-v1.1.0-20260528T003617Z,C0101,27,515,00000,000000,District - Aurangabad,rural,all,males,1081825
census-india-2011,sources/census-2011/c-series/state-mdds/c01-27-maharashtra.xls,bce626419f500bd7,census-c01-extract-v1.1.0-20260528T003617Z,C0101,27,515,00000,000000,District - Aurangabad,rural,all,females,999287
census-india-2011,sources/census-2011/c-series/state-mdds/c01-27-maharashtra.xls,bce626419f500bd7,census-c01-extract-v1.1.0-20260528T003617Z,C0101,27,515,00000,000000,District - Aurangabad,rural,hindu,persons,1660158
census-india-2011,sources/census-2011/c-series/state-mdds/c01-27-maharashtra.xls,bce626419f500bd7,census-c01-extract-v1.1.0-20260528T003617Z,C0101,27,515,00000,000000,District - Aurangabad,rural,hindu,males,864823
census-india-2011,sources/census-2011/c-series/state-mdds/c01-27-maharashtra.xls,bce626419f500bd7,census-c01-extract-v1.1.0-20260528T003617Z,C0101,27,515,00000,000000,District - Aurangabad,rural,hindu,females,795335
census-india-2011,sources/census-2011/c-series/state-mdds/c01-27-maharashtra.xls,bce626419f500bd7,census-c01-extract-v1.1.0-20260528T003617Z,C0101,27,515,00000,000000,District - Aurangabad,rural,muslim,persons,310027
census-india-2011,sources/census-2011/c-series/state-mdds/c01-27-maharashtra.xls,bce626419f500bd7,census-c01-extract-v1.1.0-20260528T003617Z,C0101,27,515,00000,000000,District - Aurangabad,rural,muslim,males,159651
census-india-2011,sources/census-2011/c-series/state-mdds/c01-27-maharashtra.xls,bce626419f500bd7,census-c01-extract-v1.1.0-20260528T003617Z,C0101,27,515,00000,000000,District - Aurangabad,rural,muslim,females,150376
census-india-2011,sources/census-2011/c-series/state-mdds/c01-27-maharashtra.xls,bce626419f500bd7,census-c01-extract-v1.1.0-20260528T003617Z,C0101,27,515,00000,000000,District - Aurangabad,rural,christian,persons,2501
census-india-2011,sources/census-2011/c-series/state-mdds/c01-27-maharashtra.xls,bce626419f500bd7,census-c01-extract-v1.1.0-20260528T003617Z,C0101,27,515,00000,000000,District - Aurangabad,rural,christian,males,1298
census-india-2011,sources/census-2011/c-series/state-mdds/c01-27-maharashtra.xls,bce626419f500bd7,census-c01-extract-v1.1.0-20260528T003617Z,C0101,27,515,00000,000000,District - Aurangabad,rural,christian,females,1203
census-india-2011,sources/census-2011/c-series/state-mdds/c01-27-maharashtra.xls,bce626419f500bd7,census-c01-extract-v1.1.0-20260528T003617Z,C0101,27,515,00000,000000,District - Aurangabad,rural,sikh,persons,790
census-india-2011,sources/census-2011/c-series/state-mdds/c01-27-maharashtra.xls,bce626419f500bd7,census-c01-extract-v1.1.0-20260528T003617Z,C0101,27,515,00000,000000,District - Aurangabad,rural,sikh,males,389
census-india-2011,sources/census-2011/c-series/state-mdds/c01-27-maharashtra.xls,bce626419f500bd7,census-c01-extract-v1.1.0-20260528T003617Z,C0101,27,515,00000,000000,District - Aurangabad,rural,sikh,females,401
census-india-2011,sources/census-2011/c-series/state-mdds/c01-27-maharashtra.xls,bce626419f500bd7,census-c01-extract-v1.1.0-20260528T003617Z,C0101,27,515,00000,000000,District - Aurangabad,rural,buddhist,persons,96536
census-india-2011,sources/census-2011/c-series/state-mdds/c01-27-maharashtra.xls,bce626419f500bd7,census-c01-extract-v1.1.0-20260528T003617Z,C0101,27,515,00000,000000,District - Aurangabad,rural,buddhist,males,49665
census-india-2011,sources/census-2011/c-series/state-mdds/c01-27-maharashtra.xls,bce626419f500bd7,census-c01-extract-v1.1.0-20260528T003617Z,C0101,27,515,00000,000000,District - Aurangabad,rural,buddhist,females,46871
census-india-2011,sources/census-2011/c-series/state-mdds/c01-27-maharashtra.xls,bce626419f500bd7,census-c01-extract-v1.1.0-20260528T003617Z,C0101,27,515,00000,000000,District - Aurangabad,rural,jain,persons,6496
census-india-2011,sources/census-2011/c-series/state-mdds/c01-27-maharashtra.xls,bce626419f500bd7,census-c01-extract-v1.1.0-20260528T003617Z,C0101,27,515,00000,000000,District - Aurangabad,rural,jain,males,3340
census-india-2011,sources/census-2011/c-series/state-mdds/c01-27-maharashtra.xls,bce626419f500bd7,census-c01-extract-v1.1.0-20260528T003617Z,C0101,27,515,00000,000000,District - Aurangabad,rural,jain,females,3156
census-india-2011,sources/census-2011/c-series/state-mdds/c01-27-maharashtra.xls,bce626419f500bd7,census-c01-extract-v1.1.0-20260528T003617Z,C0101,27,515,00000,000000,District - Aurangabad,rural,other,persons,348
census-india-2011,sources/census-2011/c-series/state-mdds/c01-27-maharashtra.xls,bce626419f500bd7,census-c01-extract-v1.1.0-20260528T003617Z,C0101,27,515,00000,000000,District - Aurangabad,rural,other,males,179
census-india-2011,sources/census-2011/c-series/state-mdds/c01-27-maharashtra.xls,bce626419f500bd7,census-c01-extract-v1.1.0-20260528T003617Z,C0101,27,515,00000,000000,District - Aurangabad,rural,other,females,169
census-india-2011,sources/census-2011/c-series/state-mdds/c01-27-maharashtra.xls,bce626419f500bd7,census-c01-extract-v1.1.0-20260528T003617Z,C0101,27,515,00000,000000,District - Aurangabad,rural,not_stated,persons,4256
census-india-2011,sources/census-2011/c-series/state-mdds/c01-27-maharashtra.xls,bce626419f500bd7,census-c01-extract-v1.1.0-20260528T003617Z,C0101,27,515,00000,000000,District - Aurangabad,rural,not_stated,males,2480
census-india-2011,sources/census-2011/c-series/state-mdds/c01-27-maharashtra.xls,bce626419f500bd7,census-c01-extract-v1.1.0-20260528T003617Z,C0101,27,515,00000,000000,District - Aurangabad,rural,not_stated,females,1776
census-india-2011,sources/census-2011/c-series/state-mdds/c01-27-maharashtra.xls,bce626419f500bd7,census-c01-extract-v1.1.0-20260528T003617Z,C0101,27,515,00000,000000,District - Aurangabad,urban,all,persons,1620170
census-india-2011,sources/census-2011/c-series/state-mdds/c01-27-maharashtra.xls,bce626419f500bd7,census-c01-extract-v1.1.0-20260528T003617Z,C0101,27,515,00000,000000,District - Aurangabad,urban,all,males,842644
census-india-2011,sources/census-2011/c-series/state-mdds/c01-27-maharashtra.xls,bce626419f500bd7,census-c01-extract-v1.1.0-20260528T003617Z,C0101,27,515,00000,000000,District - Aurangabad,urban,all,females,777526
census-india-2011,sources/census-2011/c-series/state-mdds/c01-27-maharashtra.xls,bce626419f500bd7,census-c01-extract-v1.1.0-20260528T003617Z,C0101,27,515,00000,000000,District - Aurangabad,urban,hindu,persons,885280
census-india-2011,sources/census-2011/c-series/state-mdds/c01-27-maharashtra.xls,bce626419f500bd7,census-c01-extract-v1.1.0-20260528T003617Z,C0101,27,515,00000,000000,District - Aurangabad,urban,hindu,males,465179
census-india-2011,sources/census-2011/c-series/state-mdds/c01-27-maharashtra.xls,bce626419f500bd7,census-c01-extract-v1.1.0-20260528T003617Z,C0101,27,515,00000,000000,District - Aurangabad,urban,hindu,females,420101
census-india-2011,sources/census-2011/c-series/state-mdds/c01-27-maharashtra.xls,bce626419f500bd7,census-c01-extract-v1.1.0-20260528T003617Z,C0101,27,515,00000,000000,District - Aurangabad,urban,muslim,persons,476650
census-india-2011,sources/census-2011/c-series/state-mdds/c01-27-maharashtra.xls,bce626419f500bd7,census-c01-extract-v1.1.0-20260528T003617Z,C0101,27,515,00000,000000,District - Aurangabad,urban,muslim,males,244855
census-india-2011,sources/census-2011/c-series/state-mdds/c01-27-maharashtra.xls,bce626419f500bd7,census-c01-extract-v1.1.0-20260528T003617Z,C0101,27,515,00000,000000,District - Aurangabad,urban,muslim,females,231795
census-india-2011,sources/census-2011/c-series/state-mdds/c01-27-maharashtra.xls,bce626419f500bd7,census-c01-extract-v1.1.0-20260528T003617Z,C0101,27,515,00000,000000,District - Aurangabad,urban,christian,persons,13490
census-india-2011,sources/census-2011/c-series/state-mdds/c01-27-maharashtra.xls,bce626419f500bd7,census-c01-extract-v1.1.0-20260528T003617Z,C0101,27,515,00000,000000,District - Aurangabad,urban,christian,males,6621
census-india-2011,sources/census-2011/c-series/state-mdds/c01-27-maharashtra.xls,bce626419f500bd7,census-c01-extract-v1.1.0-20260528T003617Z,C0101,27,515,00000,000000,District - Aurangabad,urban,christian,females,6869
census-india-2011,sources/census-2011/c-series/state-mdds/c01-27-maharashtra.xls,bce626419f500bd7,census-c01-extract-v1.1.0-20260528T003617Z,C0101,27,515,00000,000000,District - Aurangabad,urban,sikh,persons,4352
census-india-2011,sources/census-2011/c-series/state-mdds/c01-27-maharashtra.xls,bce626419f500bd7,census-c01-extract-v1.1.0-20260528T003617Z,C0101,27,515,00000,000000,District - Aurangabad,urban,sikh,males,2392
census-india-2011,sources/census-2011/c-series/state-mdds/c01-27-maharashtra.xls,bce626419f500bd7,census-c01-extract-v1.1.0-20260528T003617Z,C0101,27,515,00000,000000,District - Aurangabad,urban,sikh,females,1960
census-india-2011,sources/census-2011/c-series/state-mdds/c01-27-maharashtra.xls,bce626419f500bd7,census-c01-extract-v1.1.0-20260528T003617Z,C0101,27,515,00000,000000,District - Aurangabad,urban,buddhist,persons,212557
census-india-2011,sources/census-2011/c-series/state-mdds/c01-27-maharashtra.xls,bce626419f500bd7,census-c01-extract-v1.1.0-20260528T003617Z,C0101,27,515,00000,000000,District - Aurangabad,urban,buddhist,males,109257
census-india-2011,sources/census-2011/c-series/state-mdds/c01-27-maharashtra.xls,bce626419f500bd7,census-c01-extract-v1.1.0-20260528T003617Z,C0101,27,515,00000,000000,District - Aurangabad,urban,buddhist,females,103300
census-india-2011,sources/census-2011/c-series/state-mdds/c01-27-maharashtra.xls,bce626419f500bd7,census-c01-extract-v1.1.0-20260528T003617Z,C0101,27,515,00000,000000,District - Aurangabad,urban,jain,persons,24485
census-india-2011,sources/census-2011/c-series/state-mdds/c01-27-maharashtra.xls,bce626419f500bd7,census-c01-extract-v1.1.0-20260528T003617Z,C0101,27,515,00000,000000,District - Aurangabad,urban,jain,males,12580
census-india-2011,sources/census-2011/c-series/state-mdds/c01-27-maharashtra.xls,bce626419f500bd7,census-c01-extract-v1.1.0-20260528T003617Z,C0101,27,515,00000,000000,District - Aurangabad,urban,jain,females,11905
census-india-2011,sources/census-2011/c-series/state-mdds/c01-27-maharashtra.xls,bce626419f500bd7,census-c01-extract-v1.1.0-20260528T003617Z,C0101,27,515,00000,000000,District - Aurangabad,urban,other,persons,657
census-india-2011,sources/census-2011/c-series/state-mdds/c01-27-maharashtra.xls,bce626419f500bd7,census-c01-extract-v1.1.0-20260528T003617Z,C0101,27,515,00000,000000,District - Aurangabad,urban,other,males,345
census-india-2011,sources/census-2011/c-series/state-mdds/c01-27-maharashtra.xls,bce626419f500bd7,census-c01-extract-v1.1.0-20260528T003617Z,C0101,27,515,00000,000000,District - Aurangabad,urban,other,females,312
census-india-2011,sources/census-2011/c-series/state-mdds/c01-27-maharashtra.xls,bce626419f500bd7,census-c01-extract-v1.1.0-20260528T003617Z,C0101,27,515,00000,000000,District - Aurangabad,urban,not_stated,persons,2699
census-india-2011,sources/census-2011/c-series/state-mdds/c01-27-maharashtra.xls,bce626419f500bd7,census-c01-extract-v1.1.0-20260528T003617Z,C0101,27,515,00000,000000,District - Aurangabad,urban,not_stated,males,1415
census-india-2011,sources/census-2011/c-series/state-mdds/c01-27-maharashtra.xls,bce626419f500bd7,census-c01-extract-v1.1.0-20260528T003617Z,C0101,27,515,00000,000000,District - Aurangabad,urban,not_stated,females,1284
census-india-2011,sources/census-2011/c-series/state-mdds/c01-27-maharashtra.xls,bce626419f500bd7,census-c01-extract-v1.1.0-20260528T003617Z,C0101,27,516,00000,000000,District - Nashik,total,all,persons,6107187
census-india-2011,sources/census-2011/c-series/state-mdds/c01-27-maharashtra.xls,bce626419f500bd7,census-c01-extract-v1.1.0-20260528T003617Z,C0101,27,516,00000,000000,District - Nashik,total,all,males,3157186
census-india-2011,sources/census-2011/c-series/state-mdds/c01-27-maharashtra.xls,bce626419f500bd7,census-c01-extract-v1.1.0-20260528T003617Z,C0101,27,516,00000,000000,District - Nashik,total,all,females,2950001
census-india-2011,sources/census-2011/c-series/state-mdds/c01-27-maharashtra.xls,bce626419f500bd7,census-c01-extract-v1.1.0-20260528T003617Z,C0101,27,516,00000,000000,District - Nashik,total,hindu,persons,5237009
census-india-2011,sources/census-2011/c-series/state-mdds/c01-27-maharashtra.xls,bce626419f500bd7,census-c01-extract-v1.1.0-20260528T003617Z,C0101,27,516,00000,000000,District - Nashik,total,hindu,males,2712698
census-india-2011,sources/census-2011/c-series/state-mdds/c01-27-maharashtra.xls,bce626419f500bd7,census-c01-extract-v1.1.0-20260528T003617Z,C0101,27,516,00000,000000,District - Nashik,total,hindu,females,2524311
census-india-2011,sources/census-2011/c-series/state-mdds/c01-27-maharashtra.xls,bce626419f500bd7,census-c01-extract-v1.1.0-20260528T003617Z,C0101,27,516,00000,000000,District - Nashik,total,muslim,persons,693052
census-india-2011,sources/census-2011/c-series/state-mdds/c01-27-maharashtra.xls,bce626419f500bd7,census-c01-extract-v1.1.0-20260528T003617Z,C0101,27,516,00000,000000,District - Nashik,total,muslim,males,353902
census-india-2011,sources/census-2011/c-series/state-mdds/c01-27-maharashtra.xls,bce626419f500bd7,census-c01-extract-v1.1.0-20260528T003617Z,C0101,27,516,00000,000000,District - Nashik,total,muslim,females,339150
census-india-2011,sources/census-2011/c-series/state-mdds/c01-27-maharashtra.xls,bce626419f500bd7,census-c01-extract-v1.1.0-20260528T003617Z,C0101,27,516,00000,000000,District - Nashik,total,christian,persons,23946
census-india-2011,sources/census-2011/c-series/state-mdds/c01-27-maharashtra.xls,bce626419f500bd7,census-c01-extract-v1.1.0-20260528T003617Z,C0101,27,516,00000,000000,District - Nashik,total,christian,males,11898
census-india-2011,sources/census-2011/c-series/state-mdds/c01-27-maharashtra.xls,bce626419f500bd7,census-c01-extract-v1.1.0-20260528T003617Z,C0101,27,516,00000,000000,District - Nashik,total,christian,females,12048
census-india-2011,sources/census-2011/c-series/state-mdds/c01-27-maharashtra.xls,bce626419f500bd7,census-c01-extract-v1.1.0-20260528T003617Z,C0101,27,516,00000,000000,District - Nashik,total,sikh,persons,8912
census-india-2011,sources/census-2011/c-series/state-mdds/c01-27-maharashtra.xls,bce626419f500bd7,census-c01-extract-v1.1.0-20260528T003617Z,C0101,27,516,00000,000000,District - Nashik,total,sikh,males,4909
census-india-2011,sources/census-2011/c-series/state-mdds/c01-27-maharashtra.xls,bce626419f500bd7,census-c01-extract-v1.1.0-20260528T003617Z,C0101,27,516,00000,000000,District - Nashik,total,sikh,females,4003
census-india-2011,sources/census-2011/c-series/state-mdds/c01-27-maharashtra.xls,bce626419f500bd7,census-c01-extract-v1.1.0-20260528T003617Z,C0101,27,516,00000,000000,District - Nashik,total,buddhist,persons,94783
census-india-2011,sources/census-2011/c-series/state-mdds/c01-27-maharashtra.xls,bce626419f500bd7,census-c01-extract-v1.1.0-20260528T003617Z,C0101,27,516,00000,000000,District - Nashik,total,buddhist,males,48395
census-india-2011,sources/census-2011/c-series/state-mdds/c01-27-maharashtra.xls,bce626419f500bd7,census-c01-extract-v1.1.0-20260528T003617Z,C0101,27,516,00000,000000,District - Nashik,total,buddhist,females,46388
census-india-2011,sources/census-2011/c-series/state-mdds/c01-27-maharashtra.xls,bce626419f500bd7,census-c01-extract-v1.1.0-20260528T003617Z,C0101,27,516,00000,000000,District - Nashik,total,jain,persons,38212
census-india-2011,sources/census-2011/c-series/state-mdds/c01-27-maharashtra.xls,bce626419f500bd7,census-c01-extract-v1.1.0-20260528T003617Z,C0101,27,516,00000,000000,District - Nashik,total,jain,males,19548
census-india-2011,sources/census-2011/c-series/state-mdds/c01-27-maharashtra.xls,bce626419f500bd7,census-c01-extract-v1.1.0-20260528T003617Z,C0101,27,516,00000,000000,District - Nashik,total,jain,females,18664
census-india-2011,sources/census-2011/c-series/state-mdds/c01-27-maharashtra.xls,bce626419f500bd7,census-c01-extract-v1.1.0-20260528T003617Z,C0101,27,516,00000,000000,District - Nashik,total,other,persons,1795
census-india-2011,sources/census-2011/c-series/state-mdds/c01-27-maharashtra.xls,bce626419f500bd7,census-c01-extract-v1.1.0-20260528T003617Z,C0101,27,516,00000,000000,District - Nashik,total,other,males,962
census-india-2011,sources/census-2011/c-series/state-mdds/c01-27-maharashtra.xls,bce626419f500bd7,census-c01-extract-v1.1.0-20260528T003617Z,C0101,27,516,00000,000000,District - Nashik,total,other,females,833
census-india-2011,sources/census-2011/c-series/state-mdds/c01-27-maharashtra.xls,bce626419f500bd7,census-c01-extract-v1.1.0-20260528T003617Z,C0101,27,516,00000,000000,District - Nashik,total,not_stated,persons,9478
census-india-2011,sources/census-2011/c-series/state-mdds/c01-27-maharashtra.xls,bce626419f500bd7,census-c01-extract-v1.1.0-20260528T003617Z,C0101,27,516,00000,000000,District - Nashik,total,not_stated,males,4874
census-india-2011,sources/census-2011/c-series/state-mdds/c01-27-maharashtra.xls,bce626419f500bd7,census-c01-extract-v1.1.0-20260528T003617Z,C0101,27,516,00000,000000,District - Nashik,total,not_stated,females,4604
census-india-2011,sources/census-2011/c-series/state-mdds/c01-27-maharashtra.xls,bce626419f500bd7,census-c01-extract-v1.1.0-20260528T003617Z,C0101,27,516,00000,000000,District - Nashik,rural,all,persons,3509814
census-india-2011,sources/census-2011/c-series/state-mdds/c01-27-maharashtra.xls,bce626419f500bd7,census-c01-extract-v1.1.0-20260528T003617Z,C0101,27,516,00000,000000,District - Nashik,rural,all,males,1804712
census-india-2011,sources/census-2011/c-series/state-mdds/c01-27-maharashtra.xls,bce626419f500bd7,census-c01-extract-v1.1.0-20260528T003617Z,C0101,27,516,00000,000000,District - Nashik,rural,all,females,1705102
census-india-2011,sources/census-2011/c-series/state-mdds/c01-27-maharashtra.xls,bce626419f500bd7,census-c01-extract-v1.1.0-20260528T003617Z,C0101,27,516,00000,000000,District - Nashik,rural,hindu,persons,3410367
census-india-2011,sources/census-2011/c-series/state-mdds/c01-27-maharashtra.xls,bce626419f500bd7,census-c01-extract-v1.1.0-20260528T003617Z,C0101,27,516,00000,000000,District - Nashik,rural,hindu,males,1753694
census-india-2011,sources/census-2011/c-series/state-mdds/c01-27-maharashtra.xls,bce626419f500bd7,census-c01-extract-v1.1.0-20260528T003617Z,C0101,27,516,00000,000000,District - Nashik,rural,hindu,females,1656673
census-india-2011,sources/census-2011/c-series/state-mdds/c01-27-maharashtra.xls,bce626419f500bd7,census-c01-extract-v1.1.0-20260528T003617Z,C0101,27,516,00000,000000,District - Nashik,rural,muslim,persons,60696
census-india-2011,sources/census-2011/c-series/state-mdds/c01-27-maharashtra.xls,bce626419f500bd7,census-c01-extract-v1.1.0-20260528T003617Z,C0101,27,516,00000,000000,District - Nashik,rural,muslim,males,31103
census-india-2011,sources/census-2011/c-series/state-mdds/c01-27-maharashtra.xls,bce626419f500bd7,census-c01-extract-v1.1.0-20260528T003617Z,C0101,27,516,00000,000000,District - Nashik,rural,muslim,females,29593
census-india-2011,sources/census-2011/c-series/state-mdds/c01-27-maharashtra.xls,bce626419f500bd7,census-c01-extract-v1.1.0-20260528T003617Z,C0101,27,516,00000,000000,District - Nashik,rural,christian,persons,2758
census-india-2011,sources/census-2011/c-series/state-mdds/c01-27-maharashtra.xls,bce626419f500bd7,census-c01-extract-v1.1.0-20260528T003617Z,C0101,27,516,00000,000000,District - Nashik,rural,christian,males,1444
census-india-2011,sources/census-2011/c-series/state-mdds/c01-27-maharashtra.xls,bce626419f500bd7,census-c01-extract-v1.1.0-20260528T003617Z,C0101,27,516,00000,000000,District - Nashik,rural,christian,females,1314
census-india-2011,sources/census-2011/c-series/state-mdds/c01-27-maharashtra.xls,bce626419f500bd7,census-c01-extract-v1.1.0-20260528T003617Z,C0101,27,516,00000,000000,District - Nashik,rural,sikh,persons,870
census-india-2011,sources/census-2011/c-series/state-mdds/c01-27-maharashtra.xls,bce626419f500bd7,census-c01-extract-v1.1.0-20260528T003617Z,C0101,27,516,00000,000000,District - Nashik,rural,sikh,males,470
census-india-2011,sources/census-2011/c-series/state-mdds/c01-27-maharashtra.xls,bce626419f500bd7,census-c01-extract-v1.1.0-20260528T003617Z,C0101,27,516,00000,000000,District - Nashik,rural,sikh,females,400
census-india-2011,sources/census-2011/c-series/state-mdds/c01-27-maharashtra.xls,bce626419f500bd7,census-c01-extract-v1.1.0-20260528T003617Z,C0101,27,516,00000,000000,District - Nashik,rural,buddhist,persons,22462
census-india-2011,sources/census-2011/c-series/state-mdds/c01-27-maharashtra.xls,bce626419f500bd7,census-c01-extract-v1.1.0-20260528T003617Z,C0101,27,516,00000,000000,District - Nashik,rural,buddhist,males,11454
census-india-2011,sources/census-2011/c-series/state-mdds/c01-27-maharashtra.xls,bce626419f500bd7,census-c01-extract-v1.1.0-20260528T003617Z,C0101,27,516,00000,000000,District - Nashik,rural,buddhist,females,11008
census-india-2011,sources/census-2011/c-series/state-mdds/c01-27-maharashtra.xls,bce626419f500bd7,census-c01-extract-v1.1.0-20260528T003617Z,C0101,27,516,00000,000000,District - Nashik,rural,jain,persons,6928
census-india-2011,sources/census-2011/c-series/state-mdds/c01-27-maharashtra.xls,bce626419f500bd7,census-c01-extract-v1.1.0-20260528T003617Z,C0101,27,516,00000,000000,District - Nashik,rural,jain,males,3528
census-india-2011,sources/census-2011/c-series/state-mdds/c01-27-maharashtra.xls,bce626419f500bd7,census-c01-extract-v1.1.0-20260528T003617Z,C0101,27,516,00000,000000,District - Nashik,rural,jain,females,3400
census-india-2011,sources/census-2011/c-series/state-mdds/c01-27-maharashtra.xls,bce626419f500bd7,census-c01-extract-v1.1.0-20260528T003617Z,C0101,27,516,00000,000000,District - Nashik,rural,other,persons,399
census-india-2011,sources/census-2011/c-series/state-mdds/c01-27-maharashtra.xls,bce626419f500bd7,census-c01-extract-v1.1.0-20260528T003617Z,C0101,27,516,00000,000000,District - Nashik,rural,other,males,223
census-india-2011,sources/census-2011/c-series/state-mdds/c01-27-maharashtra.xls,bce626419f500bd7,census-c01-extract-v1.1.0-20260528T003617Z,C0101,27,516,00000,000000,District - Nashik,rural,other,females,176
census-india-2011,sources/census-2011/c-series/state-mdds/c01-27-maharashtra.xls,bce626419f500bd7,census-c01-extract-v1.1.0-20260528T003617Z,C0101,27,516,00000,000000,District - Nashik,rural,not_stated,persons,5334
census-india-2011,sources/census-2011/c-series/state-mdds/c01-27-maharashtra.xls,bce626419f500bd7,census-c01-extract-v1.1.0-20260528T003617Z,C0101,27,516,00000,000000,District - Nashik,rural,not_stated,males,2796
census-india-2011,sources/census-2011/c-series/state-mdds/c01-27-maharashtra.xls,bce626419f500bd7,census-c01-extract-v1.1.0-20260528T003617Z,C0101,27,516,00000,000000,District - Nashik,rural,not_stated,females,2538
census-india-2011,sources/census-2011/c-series/state-mdds/c01-27-maharashtra.xls,bce626419f500bd7,census-c01-extract-v1.1.0-20260528T003617Z,C0101,27,516,00000,000000,District - Nashik,urban,all,persons,2597373
census-india-2011,sources/census-2011/c-series/state-mdds/c01-27-maharashtra.xls,bce626419f500bd7,census-c01-extract-v1.1.0-20260528T003617Z,C0101,27,516,00000,000000,District - Nashik,urban,all,males,1352474
census-india-2011,sources/census-2011/c-series/state-mdds/c01-27-maharashtra.xls,bce626419f500bd7,census-c01-extract-v1.1.0-20260528T003617Z,C0101,27,516,00000,000000,District - Nashik,urban,all,females,1244899
census-india-2011,sources/census-2011/c-series/state-mdds/c01-27-maharashtra.xls,bce626419f500bd7,census-c01-extract-v1.1.0-20260528T003617Z,C0101,27,516,00000,000000,District - Nashik,urban,hindu,persons,1826642
census-india-2011,sources/census-2011/c-series/state-mdds/c01-27-maharashtra.xls,bce626419f500bd7,census-c01-extract-v1.1.0-20260528T003617Z,C0101,27,516,00000,000000,District - Nashik,urban,hindu,males,959004
census-india-2011,sources/census-2011/c-series/state-mdds/c01-27-maharashtra.xls,bce626419f500bd7,census-c01-extract-v1.1.0-20260528T003617Z,C0101,27,516,00000,000000,District - Nashik,urban,hindu,females,867638
census-india-2011,sources/census-2011/c-series/state-mdds/c01-27-maharashtra.xls,bce626419f500bd7,census-c01-extract-v1.1.0-20260528T003617Z,C0101,27,516,00000,000000,District - Nashik,urban,muslim,persons,632356
census-india-2011,sources/census-2011/c-series/state-mdds/c01-27-maharashtra.xls,bce626419f500bd7,census-c01-extract-v1.1.0-20260528T003617Z,C0101,27,516,00000,000000,District - Nashik,urban,muslim,males,322799
census-india-2011,sources/census-2011/c-series/state-mdds/c01-27-maharashtra.xls,bce626419f500bd7,census-c01-extract-v1.1.0-20260528T003617Z,C0101,27,516,00000,000000,District - Nashik,urban,muslim,females,309557
census-india-2011,sources/census-2011/c-series/state-mdds/c01-27-maharashtra.xls,bce626419f500bd7,census-c01-extract-v1.1.0-20260528T003617Z,C0101,27,516,00000,000000,District - Nashik,urban,christian,persons,21188
census-india-2011,sources/census-2011/c-series/state-mdds/c01-27-maharashtra.xls,bce626419f500bd7,census-c01-extract-v1.1.0-20260528T003617Z,C0101,27,516,00000,000000,District - Nashik,urban,christian,males,10454
census-india-2011,sources/census-2011/c-series/state-mdds/c01-27-maharashtra.xls,bce626419f500bd7,census-c01-extract-v1.1.0-20260528T003617Z,C0101,27,516,00000,000000,District - Nashik,urban,christian,females,10734
census-india-2011,sources/census-2011/c-series/state-mdds/c01-27-maharashtra.xls,bce626419f500bd7,census-c01-extract-v1.1.0-20260528T003617Z,C0101,27,516,00000,000000,District - Nashik,urban,sikh,persons,8042
census-india-2011,sources/census-2011/c-series/state-mdds/c01-27-maharashtra.xls,bce626419f500bd7,census-c01-extract-v1.1.0-20260528T003617Z,C0101,27,516,00000,000000,District - Nashik,urban,sikh,males,4439
census-india-2011,sources/census-2011/c-series/state-mdds/c01-27-maharashtra.xls,bce626419f500bd7,census-c01-extract-v1.1.0-20260528T003617Z,C0101,27,516,00000,000000,District - Nashik,urban,sikh,females,3603
census-india-2011,sources/census-2011/c-series/state-mdds/c01-27-maharashtra.xls,bce626419f500bd7,census-c01-extract-v1.1.0-20260528T003617Z,C0101,27,516,00000,000000,District - Nashik,urban,buddhist,persons,72321
census-india-2011,sources/census-2011/c-series/state-mdds/c01-27-maharashtra.xls,bce626419f500bd7,census-c01-extract-v1.1.0-20260528T003617Z,C0101,27,516,00000,000000,District - Nashik,urban,buddhist,males,36941
census-india-2011,sources/census-2011/c-series/state-mdds/c01-27-maharashtra.xls,bce626419f500bd7,census-c01-extract-v1.1.0-20260528T003617Z,C0101,27,516,00000,000000,District - Nashik,urban,buddhist,females,35380
census-india-2011,sources/census-2011/c-series/state-mdds/c01-27-maharashtra.xls,bce626419f500bd7,census-c01-extract-v1.1.0-20260528T003617Z,C0101,27,516,00000,000000,District - Nashik,urban,jain,persons,31284
census-india-2011,sources/census-2011/c-series/state-mdds/c01-27-maharashtra.xls,bce626419f500bd7,census-c01-extract-v1.1.0-20260528T003617Z,C0101,27,516,00000,000000,District - Nashik,urban,jain,males,16020
census-india-2011,sources/census-2011/c-series/state-mdds/c01-27-maharashtra.xls,bce626419f500bd7,census-c01-extract-v1.1.0-20260528T003617Z,C0101,27,516,00000,000000,District - Nashik,urban,jain,females,15264
census-india-2011,sources/census-2011/c-series/state-mdds/c01-27-maharashtra.xls,bce626419f500bd7,census-c01-extract-v1.1.0-20260528T003617Z,C0101,27,516,00000,000000,District - Nashik,urban,other,persons,1396
census-india-2011,sources/census-2011/c-series/state-mdds/c01-27-maharashtra.xls,bce626419f500bd7,census-c01-extract-v1.1.0-20260528T003617Z,C0101,27,516,00000,000000,District - Nashik,urban,other,males,739
census-india-2011,sources/census-2011/c-series/state-mdds/c01-27-maharashtra.xls,bce626419f500bd7,census-c01-extract-v1.1.0-20260528T003617Z,C0101,27,516,00000,000000,District - Nashik,urban,other,females,657
census-india-2011,sources/census-2011/c-series/state-mdds/c01-27-maharashtra.xls,bce626419f500bd7,census-c01-extract-v1.1.0-20260528T003617Z,C0101,27,516,00000,000000,District - Nashik,urban,not_stated,persons,4144
census-india-2011,sources/census-2011/c-series/state-mdds/c01-27-maharashtra.xls,bce626419f500bd7,census-c01-extract-v1.1.0-20260528T003617Z,C0101,27,516,00000,000000,District - Nashik,urban,not_stated,males,2078
census-india-2011,sources/census-2011/c-series/state-mdds/c01-27-maharashtra.xls,bce626419f500bd7,census-c01-extract-v1.1.0-20260528T003617Z,C0101,27,516,00000,000000,District - Nashik,urban,not_stated,females,2066
census-india-2011,sources/census-2011/c-series/state-mdds/c01-27-maharashtra.xls,bce626419f500bd7,census-c01-extract-v1.1.0-20260528T003617Z,C0101,27,517,00000,000000,District - Thane,total,all,persons,11060148
census-india-2011,sources/census-2011/c-series/state-mdds/c01-27-maharashtra.xls,bce626419f500bd7,census-c01-extract-v1.1.0-20260528T003617Z,C0101,27,517,00000,000000,District - Thane,total,all,males,5865078
census-india-2011,sources/census-2011/c-series/state-mdds/c01-27-maharashtra.xls,bce626419f500bd7,census-c01-extract-v1.1.0-20260528T003617Z,C0101,27,517,00000,000000,District - Thane,total,all,females,5195070
census-india-2011,sources/census-2011/c-series/state-mdds/c01-27-maharashtra.xls,bce626419f500bd7,census-c01-extract-v1.1.0-20260528T003617Z,C0101,27,517,00000,000000,District - Thane,total,hindu,persons,8716055
census-india-2011,sources/census-2011/c-series/state-mdds/c01-27-maharashtra.xls,bce626419f500bd7,census-c01-extract-v1.1.0-20260528T003617Z,C0101,27,517,00000,000000,District - Thane,total,hindu,males,4625529
census-india-2011,sources/census-2011/c-series/state-mdds/c01-27-maharashtra.xls,bce626419f500bd7,census-c01-extract-v1.1.0-20260528T003617Z,C0101,27,517,00000,000000,District - Thane,total,hindu,females,4090526
census-india-2011,sources/census-2011/c-series/state-mdds/c01-27-maharashtra.xls,bce626419f500bd7,census-c01-extract-v1.1.0-20260528T003617Z,C0101,27,517,00000,000000,District - Thane,total,muslim,persons,1355630
census-india-2011,sources/census-2011/c-series/state-mdds/c01-27-maharashtra.xls,bce626419f500bd7,census-c01-extract-v1.1.0-20260528T003617Z,C0101,27,517,00000,000000,District - Thane,total,muslim,males,739073
census-india-2011,sources/census-2011/c-series/state-mdds/c01-27-maharashtra.xls,bce626419f500bd7,census-c01-extract-v1.1.0-20260528T003617Z,C0101,27,517,00000,000000,District - Thane,total,muslim,females,616557
census-india-2011,sources/census-2011/c-series/state-mdds/c01-27-maharashtra.xls,bce626419f500bd7,census-c01-extract-v1.1.0-20260528T003617Z,C0101,27,517,00000,000000,District - Thane,total,christian,persons,280700
census-india-2011,sources/census-2011/c-series/state-mdds/c01-27-maharashtra.xls,bce626419f500bd7,census-c01-extract-v1.1.0-20260528T003617Z,C0101,27,517,00000,000000,District - Thane,total,christian,males,139475
census-india-2011,sources/census-2011/c-series/state-mdds/c01-27-maharashtra.xls,bce626419f500bd7,census-c01-extract-v1.1.0-20260528T003617Z,C0101,27,517,00000,000000,District - Thane,total,christian,females,141225
census-india-2011,sources/census-2011/c-series/state-mdds/c01-27-maharashtra.xls,bce626419f500bd7,census-c01-extract-v1.1.0-20260528T003617Z,C0101,27,517,00000,000000,District - Thane,total,sikh,persons,39149
census-india-2011,sources/census-2011/c-series/state-mdds/c01-27-maharashtra.xls,bce626419f500bd7,census-c01-extract-v1.1.0-20260528T003617Z,C0101,27,517,00000,000000,District - Thane,total,sikh,males,20448
census-india-2011,sources/census-2011/c-series/state-mdds/c01-27-maharashtra.xls,bce626419f500bd7,census-c01-extract-v1.1.0-20260528T003617Z,C0101,27,517,00000,000000,District - Thane,total,sikh,females,18701
census-india-2011,sources/census-2011/c-series/state-mdds/c01-27-maharashtra.xls,bce626419f500bd7,census-c01-extract-v1.1.0-20260528T003617Z,C0101,27,517,00000,000000,District - Thane,total,buddhist,persons,449617
census-india-2011,sources/census-2011/c-series/state-mdds/c01-27-maharashtra.xls,bce626419f500bd7,census-c01-extract-v1.1.0-20260528T003617Z,C0101,27,517,00000,000000,District - Thane,total,buddhist,males,228145
census-india-2011,sources/census-2011/c-series/state-mdds/c01-27-maharashtra.xls,bce626419f500bd7,census-c01-extract-v1.1.0-20260528T003617Z,C0101,27,517,00000,000000,District - Thane,total,buddhist,females,221472
census-india-2011,sources/census-2011/c-series/state-mdds/c01-27-maharashtra.xls,bce626419f500bd7,census-c01-extract-v1.1.0-20260528T003617Z,C0101,27,517,00000,000000,District - Thane,total,jain,persons,172052
census-india-2011,sources/census-2011/c-series/state-mdds/c01-27-maharashtra.xls,bce626419f500bd7,census-c01-extract-v1.1.0-20260528T003617Z,C0101,27,517,00000,000000,District - Thane,total,jain,males,87903
census-india-2011,sources/census-2011/c-series/state-mdds/c01-27-maharashtra.xls,bce626419f500bd7,census-c01-extract-v1.1.0-20260528T003617Z,C0101,27,517,00000,000000,District - Thane,total,jain,females,84149
census-india-2011,sources/census-2011/c-series/state-mdds/c01-27-maharashtra.xls,bce626419f500bd7,census-c01-extract-v1.1.0-20260528T003617Z,C0101,27,517,00000,000000,District - Thane,total,other,persons,9862
census-india-2011,sources/census-2011/c-series/state-mdds/c01-27-maharashtra.xls,bce626419f500bd7,census-c01-extract-v1.1.0-20260528T003617Z,C0101,27,517,00000,000000,District - Thane,total,other,males,5206
census-india-2011,sources/census-2011/c-series/state-mdds/c01-27-maharashtra.xls,bce626419f500bd7,census-c01-extract-v1.1.0-20260528T003617Z,C0101,27,517,00000,000000,District - Thane,total,other,females,4656
census-india-2011,sources/census-2011/c-series/state-mdds/c01-27-maharashtra.xls,bce626419f500bd7,census-c01-extract-v1.1.0-20260528T003617Z,C0101,27,517,00000,000000,District - Thane,total,not_stated,persons,37083
census-india-2011,sources/census-2011/c-series/state-mdds/c01-27-maharashtra.xls,bce626419f500bd7,census-c01-extract-v1.1.0-20260528T003617Z,C0101,27,517,00000,000000,District - Thane,total,not_stated,males,19299
census-india-2011,sources/census-2011/c-series/state-mdds/c01-27-maharashtra.xls,bce626419f500bd7,census-c01-extract-v1.1.0-20260528T003617Z,C0101,27,517,00000,000000,District - Thane,total,not_stated,females,17784
census-india-2011,sources/census-2011/c-series/state-mdds/c01-27-maharashtra.xls,bce626419f500bd7,census-c01-extract-v1.1.0-20260528T003617Z,C0101,27,517,00000,000000,District - Thane,rural,all,persons,2545470
census-india-2011,sources/census-2011/c-series/state-mdds/c01-27-maharashtra.xls,bce626419f500bd7,census-c01-extract-v1.1.0-20260528T003617Z,C0101,27,517,00000,000000,District - Thane,rural,all,males,1300136
census-india-2011,sources/census-2011/c-series/state-mdds/c01-27-maharashtra.xls,bce626419f500bd7,census-c01-extract-v1.1.0-20260528T003617Z,C0101,27,517,00000,000000,District - Thane,rural,all,females,1245334
census-india-2011,sources/census-2011/c-series/state-mdds/c01-27-maharashtra.xls,bce626419f500bd7,census-c01-extract-v1.1.0-20260528T003617Z,C0101,27,517,00000,000000,District - Thane,rural,hindu,persons,2405284
census-india-2011,sources/census-2011/c-series/state-mdds/c01-27-maharashtra.xls,bce626419f500bd7,census-c01-extract-v1.1.0-20260528T003617Z,C0101,27,517,00000,000000,District - Thane,rural,hindu,males,1226869
census-india-2011,sources/census-2011/c-series/state-mdds/c01-27-maharashtra.xls,bce626419f500bd7,census-c01-extract-v1.1.0-20260528T003617Z,C0101,27,517,00000,000000,District - Thane,rural,hindu,females,1178415
census-india-2011,sources/census-2011/c-series/state-mdds/c01-27-maharashtra.xls,bce626419f500bd7,census-c01-extract-v1.1.0-20260528T003617Z,C0101,27,517,00000,000000,District - Thane,rural,muslim,persons,51634
census-india-2011,sources/census-2011/c-series/state-mdds/c01-27-maharashtra.xls,bce626419f500bd7,census-c01-extract-v1.1.0-20260528T003617Z,C0101,27,517,00000,000000,District - Thane,rural,muslim,males,28248
census-india-2011,sources/census-2011/c-series/state-mdds/c01-27-maharashtra.xls,bce626419f500bd7,census-c01-extract-v1.1.0-20260528T003617Z,C0101,27,517,00000,000000,District - Thane,rural,muslim,females,23386
census-india-2011,sources/census-2011/c-series/state-mdds/c01-27-maharashtra.xls,bce626419f500bd7,census-c01-extract-v1.1.0-20260528T003617Z,C0101,27,517,00000,000000,District - Thane,rural,christian,persons,16982
census-india-2011,sources/census-2011/c-series/state-mdds/c01-27-maharashtra.xls,bce626419f500bd7,census-c01-extract-v1.1.0-20260528T003617Z,C0101,27,517,00000,000000,District - Thane,rural,christian,males,8449
census-india-2011,sources/census-2011/c-series/state-mdds/c01-27-maharashtra.xls,bce626419f500bd7,census-c01-extract-v1.1.0-20260528T003617Z,C0101,27,517,00000,000000,District - Thane,rural,christian,females,8533
census-india-2011,sources/census-2011/c-series/state-mdds/c01-27-maharashtra.xls,bce626419f500bd7,census-c01-extract-v1.1.0-20260528T003617Z,C0101,27,517,00000,000000,District - Thane,rural,sikh,persons,1288
census-india-2011,sources/census-2011/c-series/state-mdds/c01-27-maharashtra.xls,bce626419f500bd7,census-c01-extract-v1.1.0-20260528T003617Z,C0101,27,517,00000,000000,District - Thane,rural,sikh,males,723
census-india-2011,sources/census-2011/c-series/state-mdds/c01-27-maharashtra.xls,bce626419f500bd7,census-c01-extract-v1.1.0-20260528T003617Z,C0101,27,517,00000,000000,District - Thane,rural,sikh,females,565
census-india-2011,sources/census-2011/c-series/state-mdds/c01-27-maharashtra.xls,bce626419f500bd7,census-c01-extract-v1.1.0-20260528T003617Z,C0101,27,517,00000,000000,District - Thane,rural,buddhist,persons,56684
census-india-2011,sources/census-2011/c-series/state-mdds/c01-27-maharashtra.xls,bce626419f500bd7,census-c01-extract-v1.1.0-20260528T003617Z,C0101,27,517,00000,000000,District - Thane,rural,buddhist,males,28746
census-india-2011,sources/census-2011/c-series/state-mdds/c01-27-maharashtra.xls,bce626419f500bd7,census-c01-extract-v1.1.0-20260528T003617Z,C0101,27,517,00000,000000,District - Thane,rural,buddhist,females,27938
census-india-2011,sources/census-2011/c-series/state-mdds/c01-27-maharashtra.xls,bce626419f500bd7,census-c01-extract-v1.1.0-20260528T003617Z,C0101,27,517,00000,000000,District - Thane,rural,jain,persons,3589
census-india-2011,sources/census-2011/c-series/state-mdds/c01-27-maharashtra.xls,bce626419f500bd7,census-c01-extract-v1.1.0-20260528T003617Z,C0101,27,517,00000,000000,District - Thane,rural,jain,males,1866
census-india-2011,sources/census-2011/c-series/state-mdds/c01-27-maharashtra.xls,bce626419f500bd7,census-c01-extract-v1.1.0-20260528T003617Z,C0101,27,517,00000,000000,District - Thane,rural,jain,females,1723
census-india-2011,sources/census-2011/c-series/state-mdds/c01-27-maharashtra.xls,bce626419f500bd7,census-c01-extract-v1.1.0-20260528T003617Z,C0101,27,517,00000,000000,District - Thane,rural,other,persons,870
census-india-2011,sources/census-2011/c-series/state-mdds/c01-27-maharashtra.xls,bce626419f500bd7,census-c01-extract-v1.1.0-20260528T003617Z,C0101,27,517,00000,000000,District - Thane,rural,other,males,457
census-india-2011,sources/census-2011/c-series/state-mdds/c01-27-maharashtra.xls,bce626419f500bd7,census-c01-extract-v1.1.0-20260528T003617Z,C0101,27,517,00000,000000,District - Thane,rural,other,females,413
census-india-2011,sources/census-2011/c-series/state-mdds/c01-27-maharashtra.xls,bce626419f500bd7,census-c01-extract-v1.1.0-20260528T003617Z,C0101,27,517,00000,000000,District - Thane,rural,not_stated,persons,9139
census-india-2011,sources/census-2011/c-series/state-mdds/c01-27-maharashtra.xls,bce626419f500bd7,census-c01-extract-v1.1.0-20260528T003617Z,C0101,27,517,00000,000000,District - Thane,rural,not_stated,males,4778
census-india-2011,sources/census-2011/c-series/state-mdds/c01-27-maharashtra.xls,bce626419f500bd7,census-c01-extract-v1.1.0-20260528T003617Z,C0101,27,517,00000,000000,District - Thane,rural,not_stated,females,4361
census-india-2011,sources/census-2011/c-series/state-mdds/c01-27-maharashtra.xls,bce626419f500bd7,census-c01-extract-v1.1.0-20260528T003617Z,C0101,27,517,00000,000000,District - Thane,urban,all,persons,8514678
census-india-2011,sources/census-2011/c-series/state-mdds/c01-27-maharashtra.xls,bce626419f500bd7,census-c01-extract-v1.1.0-20260528T003617Z,C0101,27,517,00000,000000,District - Thane,urban,all,males,4564942
census-india-2011,sources/census-2011/c-series/state-mdds/c01-27-maharashtra.xls,bce626419f500bd7,census-c01-extract-v1.1.0-20260528T003617Z,C0101,27,517,00000,000000,District - Thane,urban,all,females,3949736
census-india-2011,sources/census-2011/c-series/state-mdds/c01-27-maharashtra.xls,bce626419f500bd7,census-c01-extract-v1.1.0-20260528T003617Z,C0101,27,517,00000,000000,District - Thane,urban,hindu,persons,6310771
census-india-2011,sources/census-2011/c-series/state-mdds/c01-27-maharashtra.xls,bce626419f500bd7,census-c01-extract-v1.1.0-20260528T003617Z,C0101,27,517,00000,000000,District - Thane,urban,hindu,males,3398660
census-india-2011,sources/census-2011/c-series/state-mdds/c01-27-maharashtra.xls,bce626419f500bd7,census-c01-extract-v1.1.0-20260528T003617Z,C0101,27,517,00000,000000,District - Thane,urban,hindu,females,2912111
census-india-2011,sources/census-2011/c-series/state-mdds/c01-27-maharashtra.xls,bce626419f500bd7,census-c01-extract-v1.1.0-20260528T003617Z,C0101,27,517,00000,000000,District - Thane,urban,muslim,persons,1303996
census-india-2011,sources/census-2011/c-series/state-mdds/c01-27-maharashtra.xls,bce626419f500bd7,census-c01-extract-v1.1.0-20260528T003617Z,C0101,27,517,00000,000000,District - Thane,urban,muslim,males,710825
census-india-2011,sources/census-2011/c-series/state-mdds/c01-27-maharashtra.xls,bce626419f500bd7,census-c01-extract-v1.1.0-20260528T003617Z,C0101,27,517,00000,000000,District - Thane,urban,muslim,females,593171
census-india-2011,sources/census-2011/c-series/state-mdds/c01-27-maharashtra.xls,bce626419f500bd7,census-c01-extract-v1.1.0-20260528T003617Z,C0101,27,517,00000,000000,District - Thane,urban,christian,persons,263718
census-india-2011,sources/census-2011/c-series/state-mdds/c01-27-maharashtra.xls,bce626419f500bd7,census-c01-extract-v1.1.0-20260528T003617Z,C0101,27,517,00000,000000,District - Thane,urban,christian,males,131026
census-india-2011,sources/census-2011/c-series/state-mdds/c01-27-maharashtra.xls,bce626419f500bd7,census-c01-extract-v1.1.0-20260528T003617Z,C0101,27,517,00000,000000,District - Thane,urban,christian,females,132692
census-india-2011,sources/census-2011/c-series/state-mdds/c01-27-maharashtra.xls,bce626419f500bd7,census-c01-extract-v1.1.0-20260528T003617Z,C0101,27,517,00000,000000,District - Thane,urban,sikh,persons,37861
census-india-2011,sources/census-2011/c-series/state-mdds/c01-27-maharashtra.xls,bce626419f500bd7,census-c01-extract-v1.1.0-20260528T003617Z,C0101,27,517,00000,000000,District - Thane,urban,sikh,males,19725
census-india-2011,sources/census-2011/c-series/state-mdds/c01-27-maharashtra.xls,bce626419f500bd7,census-c01-extract-v1.1.0-20260528T003617Z,C0101,27,517,00000,000000,District - Thane,urban,sikh,females,18136
census-india-2011,sources/census-2011/c-series/state-mdds/c01-27-maharashtra.xls,bce626419f500bd7,census-c01-extract-v1.1.0-20260528T003617Z,C0101,27,517,00000,000000,District - Thane,urban,buddhist,persons,392933
census-india-2011,sources/census-2011/c-series/state-mdds/c01-27-maharashtra.xls,bce626419f500bd7,census-c01-extract-v1.1.0-20260528T003617Z,C0101,27,517,00000,000000,District - Thane,urban,buddhist,males,199399
census-india-2011,sources/census-2011/c-series/state-mdds/c01-27-maharashtra.xls,bce626419f500bd7,census-c01-extract-v1.1.0-20260528T003617Z,C0101,27,517,00000,000000,District - Thane,urban,buddhist,females,193534
census-india-2011,sources/census-2011/c-series/state-mdds/c01-27-maharashtra.xls,bce626419f500bd7,census-c01-extract-v1.1.0-20260528T003617Z,C0101,27,517,00000,000000,District - Thane,urban,jain,persons,168463
census-india-2011,sources/census-2011/c-series/state-mdds/c01-27-maharashtra.xls,bce626419f500bd7,census-c01-extract-v1.1.0-20260528T003617Z,C0101,27,517,00000,000000,District - Thane,urban,jain,males,86037
census-india-2011,sources/census-2011/c-series/state-mdds/c01-27-maharashtra.xls,bce626419f500bd7,census-c01-extract-v1.1.0-20260528T003617Z,C0101,27,517,00000,000000,District - Thane,urban,jain,females,82426
census-india-2011,sources/census-2011/c-series/state-mdds/c01-27-maharashtra.xls,bce626419f500bd7,census-c01-extract-v1.1.0-20260528T003617Z,C0101,27,517,00000,000000,District - Thane,urban,other,persons,8992
census-india-2011,sources/census-2011/c-series/state-mdds/c01-27-maharashtra.xls,bce626419f500bd7,census-c01-extract-v1.1.0-20260528T003617Z,C0101,27,517,00000,000000,District - Thane,urban,other,males,4749
census-india-2011,sources/census-2011/c-series/state-mdds/c01-27-maharashtra.xls,bce626419f500bd7,census-c01-extract-v1.1.0-20260528T003617Z,C0101,27,517,00000,000000,District - Thane,urban,other,females,4243
census-india-2011,sources/census-2011/c-series/state-mdds/c01-27-maharashtra.xls,bce626419f500bd7,census-c01-extract-v1.1.0-20260528T003617Z,C0101,27,517,00000,000000,District - Thane,urban,not_stated,persons,27944
census-india-2011,sources/census-2011/c-series/state-mdds/c01-27-maharashtra.xls,bce626419f500bd7,census-c01-extract-v1.1.0-20260528T003617Z,C0101,27,517,00000,000000,District - Thane,urban,not_stated,males,14521
census-india-2011,sources/census-2011/c-series/state-mdds/c01-27-maharashtra.xls,bce626419f500bd7,census-c01-extract-v1.1.0-20260528T003617Z,C0101,27,517,00000,000000,District - Thane,urban,not_stated,females,13423
census-india-2011,sources/census-2011/c-series/state-mdds/c01-27-maharashtra.xls,bce626419f500bd7,census-c01-extract-v1.1.0-20260528T003617Z,C0101,27,518,00000,000000,District - Mumbai Suburban,total,all,persons,9356962
census-india-2011,sources/census-2011/c-series/state-mdds/c01-27-maharashtra.xls,bce626419f500bd7,census-c01-extract-v1.1.0-20260528T003617Z,C0101,27,518,00000,000000,District - Mumbai Suburban,total,all,males,5031323
census-india-2011,sources/census-2011/c-series/state-mdds/c01-27-maharashtra.xls,bce626419f500bd7,census-c01-extract-v1.1.0-20260528T003617Z,C0101,27,518,00000,000000,District - Mumbai Suburban,total,all,females,4325639
census-india-2011,sources/census-2011/c-series/state-mdds/c01-27-maharashtra.xls,bce626419f500bd7,census-c01-extract-v1.1.0-20260528T003617Z,C0101,27,518,00000,000000,District - Mumbai Suburban,total,hindu,persons,6337132
census-india-2011,sources/census-2011/c-series/state-mdds/c01-27-maharashtra.xls,bce626419f500bd7,census-c01-extract-v1.1.0-20260528T003617Z,C0101,27,518,00000,000000,District - Mumbai Suburban,total,hindu,males,3439236
census-india-2011,sources/census-2011/c-series/state-mdds/c01-27-maharashtra.xls,bce626419f500bd7,census-c01-extract-v1.1.0-20260528T003617Z,C0101,27,518,00000,000000,District - Mumbai Suburban,total,hindu,females,2897896
census-india-2011,sources/census-2011/c-series/state-mdds/c01-27-maharashtra.xls,bce626419f500bd7,census-c01-extract-v1.1.0-20260528T003617Z,C0101,27,518,00000,000000,District - Mumbai Suburban,total,muslim,persons,1795788
census-india-2011,sources/census-2011/c-series/state-mdds/c01-27-maharashtra.xls,bce626419f500bd7,census-c01-extract-v1.1.0-20260528T003617Z,C0101,27,518,00000,000000,District - Mumbai Suburban,total,muslim,males,980832
census-india-2011,sources/census-2011/c-series/state-mdds/c01-27-maharashtra.xls,bce626419f500bd7,census-c01-extract-v1.1.0-20260528T003617Z,C0101,27,518,00000,000000,District - Mumbai Suburban,total,muslim,females,814956
census-india-2011,sources/census-2011/c-series/state-mdds/c01-27-maharashtra.xls,bce626419f500bd7,census-c01-extract-v1.1.0-20260528T003617Z,C0101,27,518,00000,000000,District - Mumbai Suburban,total,christian,persons,322476
census-india-2011,sources/census-2011/c-series/state-mdds/c01-27-maharashtra.xls,bce626419f500bd7,census-c01-extract-v1.1.0-20260528T003617Z,C0101,27,518,00000,000000,District - Mumbai Suburban,total,christian,males,157293
census-india-2011,sources/census-2011/c-series/state-mdds/c01-27-maharashtra.xls,bce626419f500bd7,census-c01-extract-v1.1.0-20260528T003617Z,C0101,27,518,00000,000000,District - Mumbai Suburban,total,christian,females,165183
census-india-2011,sources/census-2011/c-series/state-mdds/c01-27-maharashtra.xls,bce626419f500bd7,census-c01-extract-v1.1.0-20260528T003617Z,C0101,27,518,00000,000000,District - Mumbai Suburban,total,sikh,persons,47288
census-india-2011,sources/census-2011/c-series/state-mdds/c01-27-maharashtra.xls,bce626419f500bd7,census-c01-extract-v1.1.0-20260528T003617Z,C0101,27,518,00000,000000,District - Mumbai Suburban,total,sikh,males,24634
census-india-2011,sources/census-2011/c-series/state-mdds/c01-27-maharashtra.xls,bce626419f500bd7,census-c01-extract-v1.1.0-20260528T003617Z,C0101,27,518,00000,000000,District - Mumbai Suburban,total,sikh,females,22654
census-india-2011,sources/census-2011/c-series/state-mdds/c01-27-maharashtra.xls,bce626419f500bd7,census-c01-extract-v1.1.0-20260528T003617Z,C0101,27,518,00000,000000,District - Mumbai Suburban,total,buddhist,persons,469568
census-india-2011,sources/census-2011/c-series/state-mdds/c01-27-maharashtra.xls,bce626419f500bd7,census-c01-extract-v1.1.0-20260528T003617Z,C0101,27,518,00000,000000,District - Mumbai Suburban,total,buddhist,males,235869
census-india-2011,sources/census-2011/c-series/state-mdds/c01-27-maharashtra.xls,bce626419f500bd7,census-c01-extract-v1.1.0-20260528T003617Z,C0101,27,518,00000,000000,District - Mumbai Suburban,total,buddhist,females,233699
census-india-2011,sources/census-2011/c-series/state-mdds/c01-27-maharashtra.xls,bce626419f500bd7,census-c01-extract-v1.1.0-20260528T003617Z,C0101,27,518,00000,000000,District - Mumbai Suburban,total,jain,persons,343639
census-india-2011,sources/census-2011/c-series/state-mdds/c01-27-maharashtra.xls,bce626419f500bd7,census-c01-extract-v1.1.0-20260528T003617Z,C0101,27,518,00000,000000,District - Mumbai Suburban,total,jain,males,172042
census-india-2011,sources/census-2011/c-series/state-mdds/c01-27-maharashtra.xls,bce626419f500bd7,census-c01-extract-v1.1.0-20260528T003617Z,C0101,27,518,00000,000000,District - Mumbai Suburban,total,jain,females,171597
census-india-2011,sources/census-2011/c-series/state-mdds/c01-27-maharashtra.xls,bce626419f500bd7,census-c01-extract-v1.1.0-20260528T003617Z,C0101,27,518,00000,000000,District - Mumbai Suburban,total,other,persons,18345
census-india-2011,sources/census-2011/c-series/state-mdds/c01-27-maharashtra.xls,bce626419f500bd7,census-c01-extract-v1.1.0-20260528T003617Z,C0101,27,518,00000,000000,District - Mumbai Suburban,total,other,males,9160
census-india-2011,sources/census-2011/c-series/state-mdds/c01-27-maharashtra.xls,bce626419f500bd7,census-c01-extract-v1.1.0-20260528T003617Z,C0101,27,518,00000,000000,District - Mumbai Suburban,total,other,females,9185
census-india-2011,sources/census-2011/c-series/state-mdds/c01-27-maharashtra.xls,bce626419f500bd7,census-c01-extract-v1.1.0-20260528T003617Z,C0101,27,518,00000,000000,District - Mumbai Suburban,total,not_stated,persons,22726
census-india-2011,sources/census-2011/c-series/state-mdds/c01-27-maharashtra.xls,bce626419f500bd7,census-c01-extract-v1.1.0-20260528T003617Z,C0101,27,518,00000,000000,District - Mumbai Suburban,total,not_stated,males,12257
census-india-2011,sources/census-2011/c-series/state-mdds/c01-27-maharashtra.xls,bce626419f500bd7,census-c01-extract-v1.1.0-20260528T003617Z,C0101,27,518,00000,000000,District - Mumbai Suburban,total,not_stated,females,10469
census-india-2011,sources/census-2011/c-series/state-mdds/c01-27-maharashtra.xls,bce626419f500bd7,census-c01-extract-v1.1.0-20260528T003617Z,C0101,27,518,00000,000000,District - Mumbai Suburban,rural,all,persons,0
census-india-2011,sources/census-2011/c-series/state-mdds/c01-27-maharashtra.xls,bce626419f500bd7,census-c01-extract-v1.1.0-20260528T003617Z,C0101,27,518,00000,000000,District - Mumbai Suburban,rural,all,males,0
census-india-2011,sources/census-2011/c-series/state-mdds/c01-27-maharashtra.xls,bce626419f500bd7,census-c01-extract-v1.1.0-20260528T003617Z,C0101,27,518,00000,000000,District - Mumbai Suburban,rural,all,females,0
census-india-2011,sources/census-2011/c-series/state-mdds/c01-27-maharashtra.xls,bce626419f500bd7,census-c01-extract-v1.1.0-20260528T003617Z,C0101,27,518,00000,000000,District - Mumbai Suburban,rural,hindu,persons,0
census-india-2011,sources/census-2011/c-series/state-mdds/c01-27-maharashtra.xls,bce626419f500bd7,census-c01-extract-v1.1.0-20260528T003617Z,C0101,27,518,00000,000000,District - Mumbai Suburban,rural,hindu,males,0
census-india-2011,sources/census-2011/c-series/state-mdds/c01-27-maharashtra.xls,bce626419f500bd7,census-c01-extract-v1.1.0-20260528T003617Z,C0101,27,518,00000,000000,District - Mumbai Suburban,rural,hindu,females,0
census-india-2011,sources/census-2011/c-series/state-mdds/c01-27-maharashtra.xls,bce626419f500bd7,census-c01-extract-v1.1.0-20260528T003617Z,C0101,27,518,00000,000000,District - Mumbai Suburban,rural,muslim,persons,0
census-india-2011,sources/census-2011/c-series/state-mdds/c01-27-maharashtra.xls,bce626419f500bd7,census-c01-extract-v1.1.0-20260528T003617Z,C0101,27,518,00000,000000,District - Mumbai Suburban,rural,muslim,males,0
census-india-2011,sources/census-2011/c-series/state-mdds/c01-27-maharashtra.xls,bce626419f500bd7,census-c01-extract-v1.1.0-20260528T003617Z,C0101,27,518,00000,000000,District - Mumbai Suburban,rural,muslim,females,0
census-india-2011,sources/census-2011/c-series/state-mdds/c01-27-maharashtra.xls,bce626419f500bd7,census-c01-extract-v1.1.0-20260528T003617Z,C0101,27,518,00000,000000,District - Mumbai Suburban,rural,christian,persons,0
census-india-2011,sources/census-2011/c-series/state-mdds/c01-27-maharashtra.xls,bce626419f500bd7,census-c01-extract-v1.1.0-20260528T003617Z,C0101,27,518,00000,000000,District - Mumbai Suburban,rural,christian,males,0
census-india-2011,sources/census-2011/c-series/state-mdds/c01-27-maharashtra.xls,bce626419f500bd7,census-c01-extract-v1.1.0-20260528T003617Z,C0101,27,518,00000,000000,District - Mumbai Suburban,rural,christian,females,0
census-india-2011,sources/census-2011/c-series/state-mdds/c01-27-maharashtra.xls,bce626419f500bd7,census-c01-extract-v1.1.0-20260528T003617Z,C0101,27,518,00000,000000,District - Mumbai Suburban,rural,sikh,persons,0
census-india-2011,sources/census-2011/c-series/state-mdds/c01-27-maharashtra.xls,bce626419f500bd7,census-c01-extract-v1.1.0-20260528T003617Z,C0101,27,518,00000,000000,District - Mumbai Suburban,rural,sikh,males,0
census-india-2011,sources/census-2011/c-series/state-mdds/c01-27-maharashtra.xls,bce626419f500bd7,census-c01-extract-v1.1.0-20260528T003617Z,C0101,27,518,00000,000000,District - Mumbai Suburban,rural,sikh,females,0
census-india-2011,sources/census-2011/c-series/state-mdds/c01-27-maharashtra.xls,bce626419f500bd7,census-c01-extract-v1.1.0-20260528T003617Z,C0101,27,518,00000,000000,District - Mumbai Suburban,rural,buddhist,persons,0
census-india-2011,sources/census-2011/c-series/state-mdds/c01-27-maharashtra.xls,bce626419f500bd7,census-c01-extract-v1.1.0-20260528T003617Z,C0101,27,518,00000,000000,District - Mumbai Suburban,rural,buddhist,males,0
census-india-2011,sources/census-2011/c-series/state-mdds/c01-27-maharashtra.xls,bce626419f500bd7,census-c01-extract-v1.1.0-20260528T003617Z,C0101,27,518,00000,000000,District - Mumbai Suburban,rural,buddhist,females,0
census-india-2011,sources/census-2011/c-series/state-mdds/c01-27-maharashtra.xls,bce626419f500bd7,census-c01-extract-v1.1.0-20260528T003617Z,C0101,27,518,00000,000000,District - Mumbai Suburban,rural,jain,persons,0
census-india-2011,sources/census-2011/c-series/state-mdds/c01-27-maharashtra.xls,bce626419f500bd7,census-c01-extract-v1.1.0-20260528T003617Z,C0101,27,518,00000,000000,District - Mumbai Suburban,rural,jain,males,0
census-india-2011,sources/census-2011/c-series/state-mdds/c01-27-maharashtra.xls,bce626419f500bd7,census-c01-extract-v1.1.0-20260528T003617Z,C0101,27,518,00000,000000,District - Mumbai Suburban,rural,jain,females,0
census-india-2011,sources/census-2011/c-series/state-mdds/c01-27-maharashtra.xls,bce626419f500bd7,census-c01-extract-v1.1.0-20260528T003617Z,C0101,27,518,00000,000000,District - Mumbai Suburban,rural,other,persons,0
census-india-2011,sources/census-2011/c-series/state-mdds/c01-27-maharashtra.xls,bce626419f500bd7,census-c01-extract-v1.1.0-20260528T003617Z,C0101,27,518,00000,000000,District - Mumbai Suburban,rural,other,males,0
census-india-2011,sources/census-2011/c-series/state-mdds/c01-27-maharashtra.xls,bce626419f500bd7,census-c01-extract-v1.1.0-20260528T003617Z,C0101,27,518,00000,000000,District - Mumbai Suburban,rural,other,females,0
census-india-2011,sources/census-2011/c-series/state-mdds/c01-27-maharashtra.xls,bce626419f500bd7,census-c01-extract-v1.1.0-20260528T003617Z,C0101,27,518,00000,000000,District - Mumbai Suburban,rural,not_stated,persons,0
census-india-2011,sources/census-2011/c-series/state-mdds/c01-27-maharashtra.xls,bce626419f500bd7,census-c01-extract-v1.1.0-20260528T003617Z,C0101,27,518,00000,000000,District - Mumbai Suburban,rural,not_stated,males,0
census-india-2011,sources/census-2011/c-series/state-mdds/c01-27-maharashtra.xls,bce626419f500bd7,census-c01-extract-v1.1.0-20260528T003617Z,C0101,27,518,00000,000000,District - Mumbai Suburban,rural,not_stated,females,0
census-india-2011,sources/census-2011/c-series/state-mdds/c01-27-maharashtra.xls,bce626419f500bd7,census-c01-extract-v1.1.0-20260528T003617Z,C0101,27,518,00000,000000,District - Mumbai Suburban,urban,all,persons,9356962
census-india-2011,sources/census-2011/c-series/state-mdds/c01-27-maharashtra.xls,bce626419f500bd7,census-c01-extract-v1.1.0-20260528T003617Z,C0101,27,518,00000,000000,District - Mumbai Suburban,urban,all,males,5031323
census-india-2011,sources/census-2011/c-series/state-mdds/c01-27-maharashtra.xls,bce626419f500bd7,census-c01-extract-v1.1.0-20260528T003617Z,C0101,27,518,00000,000000,District - Mumbai Suburban,urban,all,females,4325639
census-india-2011,sources/census-2011/c-series/state-mdds/c01-27-maharashtra.xls,bce626419f500bd7,census-c01-extract-v1.1.0-20260528T003617Z,C0101,27,518,00000,000000,District - Mumbai Suburban,urban,hindu,persons,6337132
census-india-2011,sources/census-2011/c-series/state-mdds/c01-27-maharashtra.xls,bce626419f500bd7,census-c01-extract-v1.1.0-20260528T003617Z,C0101,27,518,00000,000000,District - Mumbai Suburban,urban,hindu,males,3439236
census-india-2011,sources/census-2011/c-series/state-mdds/c01-27-maharashtra.xls,bce626419f500bd7,census-c01-extract-v1.1.0-20260528T003617Z,C0101,27,518,00000,000000,District - Mumbai Suburban,urban,hindu,females,2897896
census-india-2011,sources/census-2011/c-series/state-mdds/c01-27-maharashtra.xls,bce626419f500bd7,census-c01-extract-v1.1.0-20260528T003617Z,C0101,27,518,00000,000000,District - Mumbai Suburban,urban,muslim,persons,1795788
census-india-2011,sources/census-2011/c-series/state-mdds/c01-27-maharashtra.xls,bce626419f500bd7,census-c01-extract-v1.1.0-20260528T003617Z,C0101,27,518,00000,000000,District - Mumbai Suburban,urban,muslim,males,980832
census-india-2011,sources/census-2011/c-series/state-mdds/c01-27-maharashtra.xls,bce626419f500bd7,census-c01-extract-v1.1.0-20260528T003617Z,C0101,27,518,00000,000000,District - Mumbai Suburban,urban,muslim,females,814956
census-india-2011,sources/census-2011/c-series/state-mdds/c01-27-maharashtra.xls,bce626419f500bd7,census-c01-extract-v1.1.0-20260528T003617Z,C0101,27,518,00000,000000,District - Mumbai Suburban,urban,christian,persons,322476
census-india-2011,sources/census-2011/c-series/state-mdds/c01-27-maharashtra.xls,bce626419f500bd7,census-c01-extract-v1.1.0-20260528T003617Z,C0101,27,518,00000,000000,District - Mumbai Suburban,urban,christian,males,157293
census-india-2011,sources/census-2011/c-series/state-mdds/c01-27-maharashtra.xls,bce626419f500bd7,census-c01-extract-v1.1.0-20260528T003617Z,C0101,27,518,00000,000000,District - Mumbai Suburban,urban,christian,females,165183
census-india-2011,sources/census-2011/c-series/state-mdds/c01-27-maharashtra.xls,bce626419f500bd7,census-c01-extract-v1.1.0-20260528T003617Z,C0101,27,518,00000,000000,District - Mumbai Suburban,urban,sikh,persons,47288
census-india-2011,sources/census-2011/c-series/state-mdds/c01-27-maharashtra.xls,bce626419f500bd7,census-c01-extract-v1.1.0-20260528T003617Z,C0101,27,518,00000,000000,District - Mumbai Suburban,urban,sikh,males,24634
census-india-2011,sources/census-2011/c-series/state-mdds/c01-27-maharashtra.xls,bce626419f500bd7,census-c01-extract-v1.1.0-20260528T003617Z,C0101,27,518,00000,000000,District - Mumbai Suburban,urban,sikh,females,22654
census-india-2011,sources/census-2011/c-series/state-mdds/c01-27-maharashtra.xls,bce626419f500bd7,census-c01-extract-v1.1.0-20260528T003617Z,C0101,27,518,00000,000000,District - Mumbai Suburban,urban,buddhist,persons,469568
census-india-2011,sources/census-2011/c-series/state-mdds/c01-27-maharashtra.xls,bce626419f500bd7,census-c01-extract-v1.1.0-20260528T003617Z,C0101,27,518,00000,000000,District - Mumbai Suburban,urban,buddhist,males,235869
census-india-2011,sources/census-2011/c-series/state-mdds/c01-27-maharashtra.xls,bce626419f500bd7,census-c01-extract-v1.1.0-20260528T003617Z,C0101,27,518,00000,000000,District - Mumbai Suburban,urban,buddhist,females,233699
census-india-2011,sources/census-2011/c-series/state-mdds/c01-27-maharashtra.xls,bce626419f500bd7,census-c01-extract-v1.1.0-20260528T003617Z,C0101,27,518,00000,000000,District - Mumbai Suburban,urban,jain,persons,343639
census-india-2011,sources/census-2011/c-series/state-mdds/c01-27-maharashtra.xls,bce626419f500bd7,census-c01-extract-v1.1.0-20260528T003617Z,C0101,27,518,00000,000000,District - Mumbai Suburban,urban,jain,males,172042
census-india-2011,sources/census-2011/c-series/state-mdds/c01-27-maharashtra.xls,bce626419f500bd7,census-c01-extract-v1.1.0-20260528T003617Z,C0101,27,518,00000,000000,District - Mumbai Suburban,urban,jain,females,171597
census-india-2011,sources/census-2011/c-series/state-mdds/c01-27-maharashtra.xls,bce626419f500bd7,census-c01-extract-v1.1.0-20260528T003617Z,C0101,27,518,00000,000000,District - Mumbai Suburban,urban,other,persons,18345
census-india-2011,sources/census-2011/c-series/state-mdds/c01-27-maharashtra.xls,bce626419f500bd7,census-c01-extract-v1.1.0-20260528T003617Z,C0101,27,518,00000,000000,District - Mumbai Suburban,urban,other,males,9160
census-india-2011,sources/census-2011/c-series/state-mdds/c01-27-maharashtra.xls,bce626419f500bd7,census-c01-extract-v1.1.0-20260528T003617Z,C0101,27,518,00000,000000,District - Mumbai Suburban,urban,other,females,9185
census-india-2011,sources/census-2011/c-series/state-mdds/c01-27-maharashtra.xls,bce626419f500bd7,census-c01-extract-v1.1.0-20260528T003617Z,C0101,27,518,00000,000000,District - Mumbai Suburban,urban,not_stated,persons,22726
census-india-2011,sources/census-2011/c-series/state-mdds/c01-27-maharashtra.xls,bce626419f500bd7,census-c01-extract-v1.1.0-20260528T003617Z,C0101,27,518,00000,000000,District - Mumbai Suburban,urban,not_stated,males,12257
census-india-2011,sources/census-2011/c-series/state-mdds/c01-27-maharashtra.xls,bce626419f500bd7,census-c01-extract-v1.1.0-20260528T003617Z,C0101,27,518,00000,000000,District - Mumbai Suburban,urban,not_stated,females,10469
census-india-2011,sources/census-2011/c-series/state-mdds/c01-27-maharashtra.xls,bce626419f500bd7,census-c01-extract-v1.1.0-20260528T003617Z,C0101,27,519,00000,000000,District - Mumbai,total,all,persons,3085411
census-india-2011,sources/census-2011/c-series/state-mdds/c01-27-maharashtra.xls,bce626419f500bd7,census-c01-extract-v1.1.0-20260528T003617Z,C0101,27,519,00000,000000,District - Mumbai,total,all,males,1684608
census-india-2011,sources/census-2011/c-series/state-mdds/c01-27-maharashtra.xls,bce626419f500bd7,census-c01-extract-v1.1.0-20260528T003617Z,C0101,27,519,00000,000000,District - Mumbai,total,all,females,1400803
census-india-2011,sources/census-2011/c-series/state-mdds/c01-27-maharashtra.xls,bce626419f500bd7,census-c01-extract-v1.1.0-20260528T003617Z,C0101,27,519,00000,000000,District - Mumbai,total,hindu,persons,1873762
census-india-2011,sources/census-2011/c-series/state-mdds/c01-27-maharashtra.xls,bce626419f500bd7,census-c01-extract-v1.1.0-20260528T003617Z,C0101,27,519,00000,000000,District - Mumbai,total,hindu,males,1025720
census-india-2011,sources/census-2011/c-series/state-mdds/c01-27-maharashtra.xls,bce626419f500bd7,census-c01-extract-v1.1.0-20260528T003617Z,C0101,27,519,00000,000000,District - Mumbai,total,hindu,females,848042
census-india-2011,sources/census-2011/c-series/state-mdds/c01-27-maharashtra.xls,bce626419f500bd7,census-c01-extract-v1.1.0-20260528T003617Z,C0101,27,519,00000,000000,District - Mumbai,total,muslim,persons,773173
census-india-2011,sources/census-2011/c-series/state-mdds/c01-27-maharashtra.xls,bce626419f500bd7,census-c01-extract-v1.1.0-20260528T003617Z,C0101,27,519,00000,000000,District - Mumbai,total,muslim,males,441648
census-india-2011,sources/census-2011/c-series/state-mdds/c01-27-maharashtra.xls,bce626419f500bd7,census-c01-extract-v1.1.0-20260528T003617Z,C0101,27,519,00000,000000,District - Mumbai,total,muslim,females,331525
census-india-2011,sources/census-2011/c-series/state-mdds/c01-27-maharashtra.xls,bce626419f500bd7,census-c01-extract-v1.1.0-20260528T003617Z,C0101,27,519,00000,000000,District - Mumbai,total,christian,persons,84555
census-india-2011,sources/census-2011/c-series/state-mdds/c01-27-maharashtra.xls,bce626419f500bd7,census-c01-extract-v1.1.0-20260528T003617Z,C0101,27,519,00000,000000,District - Mumbai,total,christian,males,40927
census-india-2011,sources/census-2011/c-series/state-mdds/c01-27-maharashtra.xls,bce626419f500bd7,census-c01-extract-v1.1.0-20260528T003617Z,C0101,27,519,00000,000000,District - Mumbai,total,christian,females,43628
census-india-2011,sources/census-2011/c-series/state-mdds/c01-27-maharashtra.xls,bce626419f500bd7,census-c01-extract-v1.1.0-20260528T003617Z,C0101,27,519,00000,000000,District - Mumbai,total,sikh,persons,13471
census-india-2011,sources/census-2011/c-series/state-mdds/c01-27-maharashtra.xls,bce626419f500bd7,census-c01-extract-v1.1.0-20260528T003617Z,C0101,27,519,00000,000000,District - Mumbai,total,sikh,males,7163
census-india-2011,sources/census-2011/c-series/state-mdds/c01-27-maharashtra.xls,bce626419f500bd7,census-c01-extract-v1.1.0-20260528T003617Z,C0101,27,519,00000,000000,District - Mumbai,total,sikh,females,6308
census-india-2011,sources/census-2011/c-series/state-mdds/c01-27-maharashtra.xls,bce626419f500bd7,census-c01-extract-v1.1.0-20260528T003617Z,C0101,27,519,00000,000000,District - Mumbai,total,buddhist,persons,134257
census-india-2011,sources/census-2011/c-series/state-mdds/c01-27-maharashtra.xls,bce626419f500bd7,census-c01-extract-v1.1.0-20260528T003617Z,C0101,27,519,00000,000000,District - Mumbai,total,buddhist,males,66294
census-india-2011,sources/census-2011/c-series/state-mdds/c01-27-maharashtra.xls,bce626419f500bd7,census-c01-extract-v1.1.0-20260528T003617Z,C0101,27,519,00000,000000,District - Mumbai,total,buddhist,females,67963
census-india-2011,sources/census-2011/c-series/state-mdds/c01-27-maharashtra.xls,bce626419f500bd7,census-c01-extract-v1.1.0-20260528T003617Z,C0101,27,519,00000,000000,District - Mumbai,total,jain,persons,166000
census-india-2011,sources/census-2011/c-series/state-mdds/c01-27-maharashtra.xls,bce626419f500bd7,census-c01-extract-v1.1.0-20260528T003617Z,C0101,27,519,00000,000000,District - Mumbai,total,jain,males,82950
census-india-2011,sources/census-2011/c-series/state-mdds/c01-27-maharashtra.xls,bce626419f500bd7,census-c01-extract-v1.1.0-20260528T003617Z,C0101,27,519,00000,000000,District - Mumbai,total,jain,females,83050
census-india-2011,sources/census-2011/c-series/state-mdds/c01-27-maharashtra.xls,bce626419f500bd7,census-c01-extract-v1.1.0-20260528T003617Z,C0101,27,519,00000,000000,District - Mumbai,total,other,persons,31094
census-india-2011,sources/census-2011/c-series/state-mdds/c01-27-maharashtra.xls,bce626419f500bd7,census-c01-extract-v1.1.0-20260528T003617Z,C0101,27,519,00000,000000,District - Mumbai,total,other,males,15063
census-india-2011,sources/census-2011/c-series/state-mdds/c01-27-maharashtra.xls,bce626419f500bd7,census-c01-extract-v1.1.0-20260528T003617Z,C0101,27,519,00000,000000,District - Mumbai,total,other,females,16031
census-india-2011,sources/census-2011/c-series/state-mdds/c01-27-maharashtra.xls,bce626419f500bd7,census-c01-extract-v1.1.0-20260528T003617Z,C0101,27,519,00000,000000,District - Mumbai,total,not_stated,persons,9099
census-india-2011,sources/census-2011/c-series/state-mdds/c01-27-maharashtra.xls,bce626419f500bd7,census-c01-extract-v1.1.0-20260528T003617Z,C0101,27,519,00000,000000,District - Mumbai,total,not_stated,males,4843
census-india-2011,sources/census-2011/c-series/state-mdds/c01-27-maharashtra.xls,bce626419f500bd7,census-c01-extract-v1.1.0-20260528T003617Z,C0101,27,519,00000,000000,District - Mumbai,total,not_stated,females,4256
census-india-2011,sources/census-2011/c-series/state-mdds/c01-27-maharashtra.xls,bce626419f500bd7,census-c01-extract-v1.1.0-20260528T003617Z,C0101,27,519,00000,000000,District - Mumbai,rural,all,persons,0
census-india-2011,sources/census-2011/c-series/state-mdds/c01-27-maharashtra.xls,bce626419f500bd7,census-c01-extract-v1.1.0-20260528T003617Z,C0101,27,519,00000,000000,District - Mumbai,rural,all,males,0
census-india-2011,sources/census-2011/c-series/state-mdds/c01-27-maharashtra.xls,bce626419f500bd7,census-c01-extract-v1.1.0-20260528T003617Z,C0101,27,519,00000,000000,District - Mumbai,rural,all,females,0
census-india-2011,sources/census-2011/c-series/state-mdds/c01-27-maharashtra.xls,bce626419f500bd7,census-c01-extract-v1.1.0-20260528T003617Z,C0101,27,519,00000,000000,District - Mumbai,rural,hindu,persons,0
census-india-2011,sources/census-2011/c-series/state-mdds/c01-27-maharashtra.xls,bce626419f500bd7,census-c01-extract-v1.1.0-20260528T003617Z,C0101,27,519,00000,000000,District - Mumbai,rural,hindu,males,0
census-india-2011,sources/census-2011/c-series/state-mdds/c01-27-maharashtra.xls,bce626419f500bd7,census-c01-extract-v1.1.0-20260528T003617Z,C0101,27,519,00000,000000,District - Mumbai,rural,hindu,females,0
census-india-2011,sources/census-2011/c-series/state-mdds/c01-27-maharashtra.xls,bce626419f500bd7,census-c01-extract-v1.1.0-20260528T003617Z,C0101,27,519,00000,000000,District - Mumbai,rural,muslim,persons,0
census-india-2011,sources/census-2011/c-series/state-mdds/c01-27-maharashtra.xls,bce626419f500bd7,census-c01-extract-v1.1.0-20260528T003617Z,C0101,27,519,00000,000000,District - Mumbai,rural,muslim,males,0
census-india-2011,sources/census-2011/c-series/state-mdds/c01-27-maharashtra.xls,bce626419f500bd7,census-c01-extract-v1.1.0-20260528T003617Z,C0101,27,519,00000,000000,District - Mumbai,rural,muslim,females,0
census-india-2011,sources/census-2011/c-series/state-mdds/c01-27-maharashtra.xls,bce626419f500bd7,census-c01-extract-v1.1.0-20260528T003617Z,C0101,27,519,00000,000000,District - Mumbai,rural,christian,persons,0
census-india-2011,sources/census-2011/c-series/state-mdds/c01-27-maharashtra.xls,bce626419f500bd7,census-c01-extract-v1.1.0-20260528T003617Z,C0101,27,519,00000,000000,District - Mumbai,rural,christian,males,0
census-india-2011,sources/census-2011/c-series/state-mdds/c01-27-maharashtra.xls,bce626419f500bd7,census-c01-extract-v1.1.0-20260528T003617Z,C0101,27,519,00000,000000,District - Mumbai,rural,christian,females,0
census-india-2011,sources/census-2011/c-series/state-mdds/c01-27-maharashtra.xls,bce626419f500bd7,census-c01-extract-v1.1.0-20260528T003617Z,C0101,27,519,00000,000000,District - Mumbai,rural,sikh,persons,0
census-india-2011,sources/census-2011/c-series/state-mdds/c01-27-maharashtra.xls,bce626419f500bd7,census-c01-extract-v1.1.0-20260528T003617Z,C0101,27,519,00000,000000,District - Mumbai,rural,sikh,males,0
census-india-2011,sources/census-2011/c-series/state-mdds/c01-27-maharashtra.xls,bce626419f500bd7,census-c01-extract-v1.1.0-20260528T003617Z,C0101,27,519,00000,000000,District - Mumbai,rural,sikh,females,0
census-india-2011,sources/census-2011/c-series/state-mdds/c01-27-maharashtra.xls,bce626419f500bd7,census-c01-extract-v1.1.0-20260528T003617Z,C0101,27,519,00000,000000,District - Mumbai,rural,buddhist,persons,0
census-india-2011,sources/census-2011/c-series/state-mdds/c01-27-maharashtra.xls,bce626419f500bd7,census-c01-extract-v1.1.0-20260528T003617Z,C0101,27,519,00000,000000,District - Mumbai,rural,buddhist,males,0
census-india-2011,sources/census-2011/c-series/state-mdds/c01-27-maharashtra.xls,bce626419f500bd7,census-c01-extract-v1.1.0-20260528T003617Z,C0101,27,519,00000,000000,District - Mumbai,rural,buddhist,females,0
census-india-2011,sources/census-2011/c-series/state-mdds/c01-27-maharashtra.xls,bce626419f500bd7,census-c01-extract-v1.1.0-20260528T003617Z,C0101,27,519,00000,000000,District - Mumbai,rural,jain,persons,0
census-india-2011,sources/census-2011/c-series/state-mdds/c01-27-maharashtra.xls,bce626419f500bd7,census-c01-extract-v1.1.0-20260528T003617Z,C0101,27,519,00000,000000,District - Mumbai,rural,jain,males,0
census-india-2011,sources/census-2011/c-series/state-mdds/c01-27-maharashtra.xls,bce626419f500bd7,census-c01-extract-v1.1.0-20260528T003617Z,C0101,27,519,00000,000000,District - Mumbai,rural,jain,females,0
census-india-2011,sources/census-2011/c-series/state-mdds/c01-27-maharashtra.xls,bce626419f500bd7,census-c01-extract-v1.1.0-20260528T003617Z,C0101,27,519,00000,000000,District - Mumbai,rural,other,persons,0
census-india-2011,sources/census-2011/c-series/state-mdds/c01-27-maharashtra.xls,bce626419f500bd7,census-c01-extract-v1.1.0-20260528T003617Z,C0101,27,519,00000,000000,District - Mumbai,rural,other,males,0
census-india-2011,sources/census-2011/c-series/state-mdds/c01-27-maharashtra.xls,bce626419f500bd7,census-c01-extract-v1.1.0-20260528T003617Z,C0101,27,519,00000,000000,District - Mumbai,rural,other,females,0
census-india-2011,sources/census-2011/c-series/state-mdds/c01-27-maharashtra.xls,bce626419f500bd7,census-c01-extract-v1.1.0-20260528T003617Z,C0101,27,519,00000,000000,District - Mumbai,rural,not_stated,persons,0
census-india-2011,sources/census-2011/c-series/state-mdds/c01-27-maharashtra.xls,bce626419f500bd7,census-c01-extract-v1.1.0-20260528T003617Z,C0101,27,519,00000,000000,District - Mumbai,rural,not_stated,males,0
census-india-2011,sources/census-2011/c-series/state-mdds/c01-27-maharashtra.xls,bce626419f500bd7,census-c01-extract-v1.1.0-20260528T003617Z,C0101,27,519,00000,000000,District - Mumbai,rural,not_stated,females,0
census-india-2011,sources/census-2011/c-series/state-mdds/c01-27-maharashtra.xls,bce626419f500bd7,census-c01-extract-v1.1.0-20260528T003617Z,C0101,27,519,00000,000000,District - Mumbai,urban,all,persons,3085411
census-india-2011,sources/census-2011/c-series/state-mdds/c01-27-maharashtra.xls,bce626419f500bd7,census-c01-extract-v1.1.0-20260528T003617Z,C0101,27,519,00000,000000,District - Mumbai,urban,all,males,1684608
census-india-2011,sources/census-2011/c-series/state-mdds/c01-27-maharashtra.xls,bce626419f500bd7,census-c01-extract-v1.1.0-20260528T003617Z,C0101,27,519,00000,000000,District - Mumbai,urban,all,females,1400803
census-india-2011,sources/census-2011/c-series/state-mdds/c01-27-maharashtra.xls,bce626419f500bd7,census-c01-extract-v1.1.0-20260528T003617Z,C0101,27,519,00000,000000,District - Mumbai,urban,hindu,persons,1873762
census-india-2011,sources/census-2011/c-series/state-mdds/c01-27-maharashtra.xls,bce626419f500bd7,census-c01-extract-v1.1.0-20260528T003617Z,C0101,27,519,00000,000000,District - Mumbai,urban,hindu,males,1025720
census-india-2011,sources/census-2011/c-series/state-mdds/c01-27-maharashtra.xls,bce626419f500bd7,census-c01-extract-v1.1.0-20260528T003617Z,C0101,27,519,00000,000000,District - Mumbai,urban,hindu,females,848042
census-india-2011,sources/census-2011/c-series/state-mdds/c01-27-maharashtra.xls,bce626419f500bd7,census-c01-extract-v1.1.0-20260528T003617Z,C0101,27,519,00000,000000,District - Mumbai,urban,muslim,persons,773173
census-india-2011,sources/census-2011/c-series/state-mdds/c01-27-maharashtra.xls,bce626419f500bd7,census-c01-extract-v1.1.0-20260528T003617Z,C0101,27,519,00000,000000,District - Mumbai,urban,muslim,males,441648
census-india-2011,sources/census-2011/c-series/state-mdds/c01-27-maharashtra.xls,bce626419f500bd7,census-c01-extract-v1.1.0-20260528T003617Z,C0101,27,519,00000,000000,District - Mumbai,urban,muslim,females,331525
census-india-2011,sources/census-2011/c-series/state-mdds/c01-27-maharashtra.xls,bce626419f500bd7,census-c01-extract-v1.1.0-20260528T003617Z,C0101,27,519,00000,000000,District - Mumbai,urban,christian,persons,84555
census-india-2011,sources/census-2011/c-series/state-mdds/c01-27-maharashtra.xls,bce626419f500bd7,census-c01-extract-v1.1.0-20260528T003617Z,C0101,27,519,00000,000000,District - Mumbai,urban,christian,males,40927
census-india-2011,sources/census-2011/c-series/state-mdds/c01-27-maharashtra.xls,bce626419f500bd7,census-c01-extract-v1.1.0-20260528T003617Z,C0101,27,519,00000,000000,District - Mumbai,urban,christian,females,43628
census-india-2011,sources/census-2011/c-series/state-mdds/c01-27-maharashtra.xls,bce626419f500bd7,census-c01-extract-v1.1.0-20260528T003617Z,C0101,27,519,00000,000000,District - Mumbai,urban,sikh,persons,13471
census-india-2011,sources/census-2011/c-series/state-mdds/c01-27-maharashtra.xls,bce626419f500bd7,census-c01-extract-v1.1.0-20260528T003617Z,C0101,27,519,00000,000000,District - Mumbai,urban,sikh,males,7163
census-india-2011,sources/census-2011/c-series/state-mdds/c01-27-maharashtra.xls,bce626419f500bd7,census-c01-extract-v1.1.0-20260528T003617Z,C0101,27,519,00000,000000,District - Mumbai,urban,sikh,females,6308
census-india-2011,sources/census-2011/c-series/state-mdds/c01-27-maharashtra.xls,bce626419f500bd7,census-c01-extract-v1.1.0-20260528T003617Z,C0101,27,519,00000,000000,District - Mumbai,urban,buddhist,persons,134257
census-india-2011,sources/census-2011/c-series/state-mdds/c01-27-maharashtra.xls,bce626419f500bd7,census-c01-extract-v1.1.0-20260528T003617Z,C0101,27,519,00000,000000,District - Mumbai,urban,buddhist,males,66294
census-india-2011,sources/census-2011/c-series/state-mdds/c01-27-maharashtra.xls,bce626419f500bd7,census-c01-extract-v1.1.0-20260528T003617Z,C0101,27,519,00000,000000,District - Mumbai,urban,buddhist,females,67963
census-india-2011,sources/census-2011/c-series/state-mdds/c01-27-maharashtra.xls,bce626419f500bd7,census-c01-extract-v1.1.0-20260528T003617Z,C0101,27,519,00000,000000,District - Mumbai,urban,jain,persons,166000
census-india-2011,sources/census-2011/c-series/state-mdds/c01-27-maharashtra.xls,bce626419f500bd7,census-c01-extract-v1.1.0-20260528T003617Z,C0101,27,519,00000,000000,District - Mumbai,urban,jain,males,82950
census-india-2011,sources/census-2011/c-series/state-mdds/c01-27-maharashtra.xls,bce626419f500bd7,census-c01-extract-v1.1.0-20260528T003617Z,C0101,27,519,00000,000000,District - Mumbai,urban,jain,females,83050
census-india-2011,sources/census-2011/c-series/state-mdds/c01-27-maharashtra.xls,bce626419f500bd7,census-c01-extract-v1.1.0-20260528T003617Z,C0101,27,519,00000,000000,District - Mumbai,urban,other,persons,31094
census-india-2011,sources/census-2011/c-series/state-mdds/c01-27-maharashtra.xls,bce626419f500bd7,census-c01-extract-v1.1.0-20260528T003617Z,C0101,27,519,00000,000000,District - Mumbai,urban,other,males,15063
census-india-2011,sources/census-2011/c-series/state-mdds/c01-27-maharashtra.xls,bce626419f500bd7,census-c01-extract-v1.1.0-20260528T003617Z,C0101,27,519,00000,000000,District - Mumbai,urban,other,females,16031
census-india-2011,sources/census-2011/c-series/state-mdds/c01-27-maharashtra.xls,bce626419f500bd7,census-c01-extract-v1.1.0-20260528T003617Z,C0101,27,519,00000,000000,District - Mumbai,urban,not_stated,persons,9099
census-india-2011,sources/census-2011/c-series/state-mdds/c01-27-maharashtra.xls,bce626419f500bd7,census-c01-extract-v1.1.0-20260528T003617Z,C0101,27,519,00000,000000,District - Mumbai,urban,not_stated,males,4843
census-india-2011,sources/census-2011/c-series/state-mdds/c01-27-maharashtra.xls,bce626419f500bd7,census-c01-extract-v1.1.0-20260528T003617Z,C0101,27,519,00000,000000,District - Mumbai,urban,not_stated,females,4256
census-india-2011,sources/census-2011/c-series/state-mdds/c01-27-maharashtra.xls,bce626419f500bd7,census-c01-extract-v1.1.0-20260528T003617Z,C0101,27,520,00000,000000,District - Raigarh,total,all,persons,2634200
census-india-2011,sources/census-2011/c-series/state-mdds/c01-27-maharashtra.xls,bce626419f500bd7,census-c01-extract-v1.1.0-20260528T003617Z,C0101,27,520,00000,000000,District - Raigarh,total,all,males,1344345
census-india-2011,sources/census-2011/c-series/state-mdds/c01-27-maharashtra.xls,bce626419f500bd7,census-c01-extract-v1.1.0-20260528T003617Z,C0101,27,520,00000,000000,District - Raigarh,total,all,females,1289855
census-india-2011,sources/census-2011/c-series/state-mdds/c01-27-maharashtra.xls,bce626419f500bd7,census-c01-extract-v1.1.0-20260528T003617Z,C0101,27,520,00000,000000,District - Raigarh,total,hindu,persons,2239370
census-india-2011,sources/census-2011/c-series/state-mdds/c01-27-maharashtra.xls,bce626419f500bd7,census-c01-extract-v1.1.0-20260528T003617Z,C0101,27,520,00000,000000,District - Raigarh,total,hindu,males,1144864
census-india-2011,sources/census-2011/c-series/state-mdds/c01-27-maharashtra.xls,bce626419f500bd7,census-c01-extract-v1.1.0-20260528T003617Z,C0101,27,520,00000,000000,District - Raigarh,total,hindu,females,1094506
census-india-2011,sources/census-2011/c-series/state-mdds/c01-27-maharashtra.xls,bce626419f500bd7,census-c01-extract-v1.1.0-20260528T003617Z,C0101,27,520,00000,000000,District - Raigarh,total,muslim,persons,227465
census-india-2011,sources/census-2011/c-series/state-mdds/c01-27-maharashtra.xls,bce626419f500bd7,census-c01-extract-v1.1.0-20260528T003617Z,C0101,27,520,00000,000000,District - Raigarh,total,muslim,males,115515
census-india-2011,sources/census-2011/c-series/state-mdds/c01-27-maharashtra.xls,bce626419f500bd7,census-c01-extract-v1.1.0-20260528T003617Z,C0101,27,520,00000,000000,District - Raigarh,total,muslim,females,111950
census-india-2011,sources/census-2011/c-series/state-mdds/c01-27-maharashtra.xls,bce626419f500bd7,census-c01-extract-v1.1.0-20260528T003617Z,C0101,27,520,00000,000000,District - Raigarh,total,christian,persons,17452
census-india-2011,sources/census-2011/c-series/state-mdds/c01-27-maharashtra.xls,bce626419f500bd7,census-c01-extract-v1.1.0-20260528T003617Z,C0101,27,520,00000,000000,District - Raigarh,total,christian,males,8880
census-india-2011,sources/census-2011/c-series/state-mdds/c01-27-maharashtra.xls,bce626419f500bd7,census-c01-extract-v1.1.0-20260528T003617Z,C0101,27,520,00000,000000,District - Raigarh,total,christian,females,8572
census-india-2011,sources/census-2011/c-series/state-mdds/c01-27-maharashtra.xls,bce626419f500bd7,census-c01-extract-v1.1.0-20260528T003617Z,C0101,27,520,00000,000000,District - Raigarh,total,sikh,persons,7477
census-india-2011,sources/census-2011/c-series/state-mdds/c01-27-maharashtra.xls,bce626419f500bd7,census-c01-extract-v1.1.0-20260528T003617Z,C0101,27,520,00000,000000,District - Raigarh,total,sikh,males,3982
census-india-2011,sources/census-2011/c-series/state-mdds/c01-27-maharashtra.xls,bce626419f500bd7,census-c01-extract-v1.1.0-20260528T003617Z,C0101,27,520,00000,000000,District - Raigarh,total,sikh,females,3495
census-india-2011,sources/census-2011/c-series/state-mdds/c01-27-maharashtra.xls,bce626419f500bd7,census-c01-extract-v1.1.0-20260528T003617Z,C0101,27,520,00000,000000,District - Raigarh,total,buddhist,persons,121791
census-india-2011,sources/census-2011/c-series/state-mdds/c01-27-maharashtra.xls,bce626419f500bd7,census-c01-extract-v1.1.0-20260528T003617Z,C0101,27,520,00000,000000,District - Raigarh,total,buddhist,males,60457
census-india-2011,sources/census-2011/c-series/state-mdds/c01-27-maharashtra.xls,bce626419f500bd7,census-c01-extract-v1.1.0-20260528T003617Z,C0101,27,520,00000,000000,District - Raigarh,total,buddhist,females,61334
census-india-2011,sources/census-2011/c-series/state-mdds/c01-27-maharashtra.xls,bce626419f500bd7,census-c01-extract-v1.1.0-20260528T003617Z,C0101,27,520,00000,000000,District - Raigarh,total,jain,persons,12260
census-india-2011,sources/census-2011/c-series/state-mdds/c01-27-maharashtra.xls,bce626419f500bd7,census-c01-extract-v1.1.0-20260528T003617Z,C0101,27,520,00000,000000,District - Raigarh,total,jain,males,6286
census-india-2011,sources/census-2011/c-series/state-mdds/c01-27-maharashtra.xls,bce626419f500bd7,census-c01-extract-v1.1.0-20260528T003617Z,C0101,27,520,00000,000000,District - Raigarh,total,jain,females,5974
census-india-2011,sources/census-2011/c-series/state-mdds/c01-27-maharashtra.xls,bce626419f500bd7,census-c01-extract-v1.1.0-20260528T003617Z,C0101,27,520,00000,000000,District - Raigarh,total,other,persons,1159
census-india-2011,sources/census-2011/c-series/state-mdds/c01-27-maharashtra.xls,bce626419f500bd7,census-c01-extract-v1.1.0-20260528T003617Z,C0101,27,520,00000,000000,District - Raigarh,total,other,males,601
census-india-2011,sources/census-2011/c-series/state-mdds/c01-27-maharashtra.xls,bce626419f500bd7,census-c01-extract-v1.1.0-20260528T003617Z,C0101,27,520,00000,000000,District - Raigarh,total,other,females,558
census-india-2011,sources/census-2011/c-series/state-mdds/c01-27-maharashtra.xls,bce626419f500bd7,census-c01-extract-v1.1.0-20260528T003617Z,C0101,27,520,00000,000000,District - Raigarh,total,not_stated,persons,7226
census-india-2011,sources/census-2011/c-series/state-mdds/c01-27-maharashtra.xls,bce626419f500bd7,census-c01-extract-v1.1.0-20260528T003617Z,C0101,27,520,00000,000000,District - Raigarh,total,not_stated,males,3760
census-india-2011,sources/census-2011/c-series/state-mdds/c01-27-maharashtra.xls,bce626419f500bd7,census-c01-extract-v1.1.0-20260528T003617Z,C0101,27,520,00000,000000,District - Raigarh,total,not_stated,females,3466
census-india-2011,sources/census-2011/c-series/state-mdds/c01-27-maharashtra.xls,bce626419f500bd7,census-c01-extract-v1.1.0-20260528T003617Z,C0101,27,520,00000,000000,District - Raigarh,rural,all,persons,1664005
census-india-2011,sources/census-2011/c-series/state-mdds/c01-27-maharashtra.xls,bce626419f500bd7,census-c01-extract-v1.1.0-20260528T003617Z,C0101,27,520,00000,000000,District - Raigarh,rural,all,males,836996
census-india-2011,sources/census-2011/c-series/state-mdds/c01-27-maharashtra.xls,bce626419f500bd7,census-c01-extract-v1.1.0-20260528T003617Z,C0101,27,520,00000,000000,District - Raigarh,rural,all,females,827009
census-india-2011,sources/census-2011/c-series/state-mdds/c01-27-maharashtra.xls,bce626419f500bd7,census-c01-extract-v1.1.0-20260528T003617Z,C0101,27,520,00000,000000,District - Raigarh,rural,hindu,persons,1472903
census-india-2011,sources/census-2011/c-series/state-mdds/c01-27-maharashtra.xls,bce626419f500bd7,census-c01-extract-v1.1.0-20260528T003617Z,C0101,27,520,00000,000000,District - Raigarh,rural,hindu,males,742287
census-india-2011,sources/census-2011/c-series/state-mdds/c01-27-maharashtra.xls,bce626419f500bd7,census-c01-extract-v1.1.0-20260528T003617Z,C0101,27,520,00000,000000,District - Raigarh,rural,hindu,females,730616
census-india-2011,sources/census-2011/c-series/state-mdds/c01-27-maharashtra.xls,bce626419f500bd7,census-c01-extract-v1.1.0-20260528T003617Z,C0101,27,520,00000,000000,District - Raigarh,rural,muslim,persons,112532
census-india-2011,sources/census-2011/c-series/state-mdds/c01-27-maharashtra.xls,bce626419f500bd7,census-c01-extract-v1.1.0-20260528T003617Z,C0101,27,520,00000,000000,District - Raigarh,rural,muslim,males,55952
census-india-2011,sources/census-2011/c-series/state-mdds/c01-27-maharashtra.xls,bce626419f500bd7,census-c01-extract-v1.1.0-20260528T003617Z,C0101,27,520,00000,000000,District - Raigarh,rural,muslim,females,56580
census-india-2011,sources/census-2011/c-series/state-mdds/c01-27-maharashtra.xls,bce626419f500bd7,census-c01-extract-v1.1.0-20260528T003617Z,C0101,27,520,00000,000000,District - Raigarh,rural,christian,persons,4055
census-india-2011,sources/census-2011/c-series/state-mdds/c01-27-maharashtra.xls,bce626419f500bd7,census-c01-extract-v1.1.0-20260528T003617Z,C0101,27,520,00000,000000,District - Raigarh,rural,christian,males,2088
census-india-2011,sources/census-2011/c-series/state-mdds/c01-27-maharashtra.xls,bce626419f500bd7,census-c01-extract-v1.1.0-20260528T003617Z,C0101,27,520,00000,000000,District - Raigarh,rural,christian,females,1967
census-india-2011,sources/census-2011/c-series/state-mdds/c01-27-maharashtra.xls,bce626419f500bd7,census-c01-extract-v1.1.0-20260528T003617Z,C0101,27,520,00000,000000,District - Raigarh,rural,sikh,persons,818
census-india-2011,sources/census-2011/c-series/state-mdds/c01-27-maharashtra.xls,bce626419f500bd7,census-c01-extract-v1.1.0-20260528T003617Z,C0101,27,520,00000,000000,District - Raigarh,rural,sikh,males,445
census-india-2011,sources/census-2011/c-series/state-mdds/c01-27-maharashtra.xls,bce626419f500bd7,census-c01-extract-v1.1.0-20260528T003617Z,C0101,27,520,00000,000000,District - Raigarh,rural,sikh,females,373
census-india-2011,sources/census-2011/c-series/state-mdds/c01-27-maharashtra.xls,bce626419f500bd7,census-c01-extract-v1.1.0-20260528T003617Z,C0101,27,520,00000,000000,District - Raigarh,rural,buddhist,persons,67524
census-india-2011,sources/census-2011/c-series/state-mdds/c01-27-maharashtra.xls,bce626419f500bd7,census-c01-extract-v1.1.0-20260528T003617Z,C0101,27,520,00000,000000,District - Raigarh,rural,buddhist,males,33005
census-india-2011,sources/census-2011/c-series/state-mdds/c01-27-maharashtra.xls,bce626419f500bd7,census-c01-extract-v1.1.0-20260528T003617Z,C0101,27,520,00000,000000,District - Raigarh,rural,buddhist,females,34519
census-india-2011,sources/census-2011/c-series/state-mdds/c01-27-maharashtra.xls,bce626419f500bd7,census-c01-extract-v1.1.0-20260528T003617Z,C0101,27,520,00000,000000,District - Raigarh,rural,jain,persons,2098
census-india-2011,sources/census-2011/c-series/state-mdds/c01-27-maharashtra.xls,bce626419f500bd7,census-c01-extract-v1.1.0-20260528T003617Z,C0101,27,520,00000,000000,District - Raigarh,rural,jain,males,1048
census-india-2011,sources/census-2011/c-series/state-mdds/c01-27-maharashtra.xls,bce626419f500bd7,census-c01-extract-v1.1.0-20260528T003617Z,C0101,27,520,00000,000000,District - Raigarh,rural,jain,females,1050
census-india-2011,sources/census-2011/c-series/state-mdds/c01-27-maharashtra.xls,bce626419f500bd7,census-c01-extract-v1.1.0-20260528T003617Z,C0101,27,520,00000,000000,District - Raigarh,rural,other,persons,325
census-india-2011,sources/census-2011/c-series/state-mdds/c01-27-maharashtra.xls,bce626419f500bd7,census-c01-extract-v1.1.0-20260528T003617Z,C0101,27,520,00000,000000,District - Raigarh,rural,other,males,174
census-india-2011,sources/census-2011/c-series/state-mdds/c01-27-maharashtra.xls,bce626419f500bd7,census-c01-extract-v1.1.0-20260528T003617Z,C0101,27,520,00000,000000,District - Raigarh,rural,other,females,151
census-india-2011,sources/census-2011/c-series/state-mdds/c01-27-maharashtra.xls,bce626419f500bd7,census-c01-extract-v1.1.0-20260528T003617Z,C0101,27,520,00000,000000,District - Raigarh,rural,not_stated,persons,3750
census-india-2011,sources/census-2011/c-series/state-mdds/c01-27-maharashtra.xls,bce626419f500bd7,census-c01-extract-v1.1.0-20260528T003617Z,C0101,27,520,00000,000000,District - Raigarh,rural,not_stated,males,1997
census-india-2011,sources/census-2011/c-series/state-mdds/c01-27-maharashtra.xls,bce626419f500bd7,census-c01-extract-v1.1.0-20260528T003617Z,C0101,27,520,00000,000000,District - Raigarh,rural,not_stated,females,1753
census-india-2011,sources/census-2011/c-series/state-mdds/c01-27-maharashtra.xls,bce626419f500bd7,census-c01-extract-v1.1.0-20260528T003617Z,C0101,27,520,00000,000000,District - Raigarh,urban,all,persons,970195
census-india-2011,sources/census-2011/c-series/state-mdds/c01-27-maharashtra.xls,bce626419f500bd7,census-c01-extract-v1.1.0-20260528T003617Z,C0101,27,520,00000,000000,District - Raigarh,urban,all,males,507349
census-india-2011,sources/census-2011/c-series/state-mdds/c01-27-maharashtra.xls,bce626419f500bd7,census-c01-extract-v1.1.0-20260528T003617Z,C0101,27,520,00000,000000,District - Raigarh,urban,all,females,462846
census-india-2011,sources/census-2011/c-series/state-mdds/c01-27-maharashtra.xls,bce626419f500bd7,census-c01-extract-v1.1.0-20260528T003617Z,C0101,27,520,00000,000000,District - Raigarh,urban,hindu,persons,766467
census-india-2011,sources/census-2011/c-series/state-mdds/c01-27-maharashtra.xls,bce626419f500bd7,census-c01-extract-v1.1.0-20260528T003617Z,C0101,27,520,00000,000000,District - Raigarh,urban,hindu,males,402577
census-india-2011,sources/census-2011/c-series/state-mdds/c01-27-maharashtra.xls,bce626419f500bd7,census-c01-extract-v1.1.0-20260528T003617Z,C0101,27,520,00000,000000,District - Raigarh,urban,hindu,females,363890
census-india-2011,sources/census-2011/c-series/state-mdds/c01-27-maharashtra.xls,bce626419f500bd7,census-c01-extract-v1.1.0-20260528T003617Z,C0101,27,520,00000,000000,District - Raigarh,urban,muslim,persons,114933
census-india-2011,sources/census-2011/c-series/state-mdds/c01-27-maharashtra.xls,bce626419f500bd7,census-c01-extract-v1.1.0-20260528T003617Z,C0101,27,520,00000,000000,District - Raigarh,urban,muslim,males,59563
census-india-2011,sources/census-2011/c-series/state-mdds/c01-27-maharashtra.xls,bce626419f500bd7,census-c01-extract-v1.1.0-20260528T003617Z,C0101,27,520,00000,000000,District - Raigarh,urban,muslim,females,55370
census-india-2011,sources/census-2011/c-series/state-mdds/c01-27-maharashtra.xls,bce626419f500bd7,census-c01-extract-v1.1.0-20260528T003617Z,C0101,27,520,00000,000000,District - Raigarh,urban,christian,persons,13397
census-india-2011,sources/census-2011/c-series/state-mdds/c01-27-maharashtra.xls,bce626419f500bd7,census-c01-extract-v1.1.0-20260528T003617Z,C0101,27,520,00000,000000,District - Raigarh,urban,christian,males,6792
census-india-2011,sources/census-2011/c-series/state-mdds/c01-27-maharashtra.xls,bce626419f500bd7,census-c01-extract-v1.1.0-20260528T003617Z,C0101,27,520,00000,000000,District - Raigarh,urban,christian,females,6605
census-india-2011,sources/census-2011/c-series/state-mdds/c01-27-maharashtra.xls,bce626419f500bd7,census-c01-extract-v1.1.0-20260528T003617Z,C0101,27,520,00000,000000,District - Raigarh,urban,sikh,persons,6659
census-india-2011,sources/census-2011/c-series/state-mdds/c01-27-maharashtra.xls,bce626419f500bd7,census-c01-extract-v1.1.0-20260528T003617Z,C0101,27,520,00000,000000,District - Raigarh,urban,sikh,males,3537
census-india-2011,sources/census-2011/c-series/state-mdds/c01-27-maharashtra.xls,bce626419f500bd7,census-c01-extract-v1.1.0-20260528T003617Z,C0101,27,520,00000,000000,District - Raigarh,urban,sikh,females,3122
census-india-2011,sources/census-2011/c-series/state-mdds/c01-27-maharashtra.xls,bce626419f500bd7,census-c01-extract-v1.1.0-20260528T003617Z,C0101,27,520,00000,000000,District - Raigarh,urban,buddhist,persons,54267
census-india-2011,sources/census-2011/c-series/state-mdds/c01-27-maharashtra.xls,bce626419f500bd7,census-c01-extract-v1.1.0-20260528T003617Z,C0101,27,520,00000,000000,District - Raigarh,urban,buddhist,males,27452
census-india-2011,sources/census-2011/c-series/state-mdds/c01-27-maharashtra.xls,bce626419f500bd7,census-c01-extract-v1.1.0-20260528T003617Z,C0101,27,520,00000,000000,District - Raigarh,urban,buddhist,females,26815
census-india-2011,sources/census-2011/c-series/state-mdds/c01-27-maharashtra.xls,bce626419f500bd7,census-c01-extract-v1.1.0-20260528T003617Z,C0101,27,520,00000,000000,District - Raigarh,urban,jain,persons,10162
census-india-2011,sources/census-2011/c-series/state-mdds/c01-27-maharashtra.xls,bce626419f500bd7,census-c01-extract-v1.1.0-20260528T003617Z,C0101,27,520,00000,000000,District - Raigarh,urban,jain,males,5238
census-india-2011,sources/census-2011/c-series/state-mdds/c01-27-maharashtra.xls,bce626419f500bd7,census-c01-extract-v1.1.0-20260528T003617Z,C0101,27,520,00000,000000,District - Raigarh,urban,jain,females,4924
census-india-2011,sources/census-2011/c-series/state-mdds/c01-27-maharashtra.xls,bce626419f500bd7,census-c01-extract-v1.1.0-20260528T003617Z,C0101,27,520,00000,000000,District - Raigarh,urban,other,persons,834
census-india-2011,sources/census-2011/c-series/state-mdds/c01-27-maharashtra.xls,bce626419f500bd7,census-c01-extract-v1.1.0-20260528T003617Z,C0101,27,520,00000,000000,District - Raigarh,urban,other,males,427
census-india-2011,sources/census-2011/c-series/state-mdds/c01-27-maharashtra.xls,bce626419f500bd7,census-c01-extract-v1.1.0-20260528T003617Z,C0101,27,520,00000,000000,District - Raigarh,urban,other,females,407
census-india-2011,sources/census-2011/c-series/state-mdds/c01-27-maharashtra.xls,bce626419f500bd7,census-c01-extract-v1.1.0-20260528T003617Z,C0101,27,520,00000,000000,District - Raigarh,urban,not_stated,persons,3476
census-india-2011,sources/census-2011/c-series/state-mdds/c01-27-maharashtra.xls,bce626419f500bd7,census-c01-extract-v1.1.0-20260528T003617Z,C0101,27,520,00000,000000,District - Raigarh,urban,not_stated,males,1763
census-india-2011,sources/census-2011/c-series/state-mdds/c01-27-maharashtra.xls,bce626419f500bd7,census-c01-extract-v1.1.0-20260528T003617Z,C0101,27,520,00000,000000,District - Raigarh,urban,not_stated,females,1713
census-india-2011,sources/census-2011/c-series/state-mdds/c01-27-maharashtra.xls,bce626419f500bd7,census-c01-extract-v1.1.0-20260528T003617Z,C0101,27,521,00000,000000,District - Pune,total,all,persons,9429408
census-india-2011,sources/census-2011/c-series/state-mdds/c01-27-maharashtra.xls,bce626419f500bd7,census-c01-extract-v1.1.0-20260528T003617Z,C0101,27,521,00000,000000,District - Pune,total,all,males,4924105
census-india-2011,sources/census-2011/c-series/state-mdds/c01-27-maharashtra.xls,bce626419f500bd7,census-c01-extract-v1.1.0-20260528T003617Z,C0101,27,521,00000,000000,District - Pune,total,all,females,4505303
census-india-2011,sources/census-2011/c-series/state-mdds/c01-27-maharashtra.xls,bce626419f500bd7,census-c01-extract-v1.1.0-20260528T003617Z,C0101,27,521,00000,000000,District - Pune,total,hindu,persons,8090254
census-india-2011,sources/census-2011/c-series/state-mdds/c01-27-maharashtra.xls,bce626419f500bd7,census-c01-extract-v1.1.0-20260528T003617Z,C0101,27,521,00000,000000,District - Pune,total,hindu,males,4232975
census-india-2011,sources/census-2011/c-series/state-mdds/c01-27-maharashtra.xls,bce626419f500bd7,census-c01-extract-v1.1.0-20260528T003617Z,C0101,27,521,00000,000000,District - Pune,total,hindu,females,3857279
census-india-2011,sources/census-2011/c-series/state-mdds/c01-27-maharashtra.xls,bce626419f500bd7,census-c01-extract-v1.1.0-20260528T003617Z,C0101,27,521,00000,000000,District - Pune,total,muslim,persons,673704
census-india-2011,sources/census-2011/c-series/state-mdds/c01-27-maharashtra.xls,bce626419f500bd7,census-c01-extract-v1.1.0-20260528T003617Z,C0101,27,521,00000,000000,District - Pune,total,muslim,males,352757
census-india-2011,sources/census-2011/c-series/state-mdds/c01-27-maharashtra.xls,bce626419f500bd7,census-c01-extract-v1.1.0-20260528T003617Z,C0101,27,521,00000,000000,District - Pune,total,muslim,females,320947
census-india-2011,sources/census-2011/c-series/state-mdds/c01-27-maharashtra.xls,bce626419f500bd7,census-c01-extract-v1.1.0-20260528T003617Z,C0101,27,521,00000,000000,District - Pune,total,christian,persons,134192
census-india-2011,sources/census-2011/c-series/state-mdds/c01-27-maharashtra.xls,bce626419f500bd7,census-c01-extract-v1.1.0-20260528T003617Z,C0101,27,521,00000,000000,District - Pune,total,christian,males,66449
census-india-2011,sources/census-2011/c-series/state-mdds/c01-27-maharashtra.xls,bce626419f500bd7,census-c01-extract-v1.1.0-20260528T003617Z,C0101,27,521,00000,000000,District - Pune,total,christian,females,67743
census-india-2011,sources/census-2011/c-series/state-mdds/c01-27-maharashtra.xls,bce626419f500bd7,census-c01-extract-v1.1.0-20260528T003617Z,C0101,27,521,00000,000000,District - Pune,total,sikh,persons,27090
census-india-2011,sources/census-2011/c-series/state-mdds/c01-27-maharashtra.xls,bce626419f500bd7,census-c01-extract-v1.1.0-20260528T003617Z,C0101,27,521,00000,000000,District - Pune,total,sikh,males,14974
census-india-2011,sources/census-2011/c-series/state-mdds/c01-27-maharashtra.xls,bce626419f500bd7,census-c01-extract-v1.1.0-20260528T003617Z,C0101,27,521,00000,000000,District - Pune,total,sikh,females,12116
census-india-2011,sources/census-2011/c-series/state-mdds/c01-27-maharashtra.xls,bce626419f500bd7,census-c01-extract-v1.1.0-20260528T003617Z,C0101,27,521,00000,000000,District - Pune,total,buddhist,persons,340404
census-india-2011,sources/census-2011/c-series/state-mdds/c01-27-maharashtra.xls,bce626419f500bd7,census-c01-extract-v1.1.0-20260528T003617Z,C0101,27,521,00000,000000,District - Pune,total,buddhist,males,172748
census-india-2011,sources/census-2011/c-series/state-mdds/c01-27-maharashtra.xls,bce626419f500bd7,census-c01-extract-v1.1.0-20260528T003617Z,C0101,27,521,00000,000000,District - Pune,total,buddhist,females,167656
census-india-2011,sources/census-2011/c-series/state-mdds/c01-27-maharashtra.xls,bce626419f500bd7,census-c01-extract-v1.1.0-20260528T003617Z,C0101,27,521,00000,000000,District - Pune,total,jain,persons,127786
census-india-2011,sources/census-2011/c-series/state-mdds/c01-27-maharashtra.xls,bce626419f500bd7,census-c01-extract-v1.1.0-20260528T003617Z,C0101,27,521,00000,000000,District - Pune,total,jain,males,65560
census-india-2011,sources/census-2011/c-series/state-mdds/c01-27-maharashtra.xls,bce626419f500bd7,census-c01-extract-v1.1.0-20260528T003617Z,C0101,27,521,00000,000000,District - Pune,total,jain,females,62226
census-india-2011,sources/census-2011/c-series/state-mdds/c01-27-maharashtra.xls,bce626419f500bd7,census-c01-extract-v1.1.0-20260528T003617Z,C0101,27,521,00000,000000,District - Pune,total,other,persons,9873
census-india-2011,sources/census-2011/c-series/state-mdds/c01-27-maharashtra.xls,bce626419f500bd7,census-c01-extract-v1.1.0-20260528T003617Z,C0101,27,521,00000,000000,District - Pune,total,other,males,5116
census-india-2011,sources/census-2011/c-series/state-mdds/c01-27-maharashtra.xls,bce626419f500bd7,census-c01-extract-v1.1.0-20260528T003617Z,C0101,27,521,00000,000000,District - Pune,total,other,females,4757
census-india-2011,sources/census-2011/c-series/state-mdds/c01-27-maharashtra.xls,bce626419f500bd7,census-c01-extract-v1.1.0-20260528T003617Z,C0101,27,521,00000,000000,District - Pune,total,not_stated,persons,26105
census-india-2011,sources/census-2011/c-series/state-mdds/c01-27-maharashtra.xls,bce626419f500bd7,census-c01-extract-v1.1.0-20260528T003617Z,C0101,27,521,00000,000000,District - Pune,total,not_stated,males,13526
census-india-2011,sources/census-2011/c-series/state-mdds/c01-27-maharashtra.xls,bce626419f500bd7,census-c01-extract-v1.1.0-20260528T003617Z,C0101,27,521,00000,000000,District - Pune,total,not_stated,females,12579
census-india-2011,sources/census-2011/c-series/state-mdds/c01-27-maharashtra.xls,bce626419f500bd7,census-c01-extract-v1.1.0-20260528T003617Z,C0101,27,521,00000,000000,District - Pune,rural,all,persons,3678226
census-india-2011,sources/census-2011/c-series/state-mdds/c01-27-maharashtra.xls,bce626419f500bd7,census-c01-extract-v1.1.0-20260528T003617Z,C0101,27,521,00000,000000,District - Pune,rural,all,males,1903440
census-india-2011,sources/census-2011/c-series/state-mdds/c01-27-maharashtra.xls,bce626419f500bd7,census-c01-extract-v1.1.0-20260528T003617Z,C0101,27,521,00000,000000,District - Pune,rural,all,females,1774786
census-india-2011,sources/census-2011/c-series/state-mdds/c01-27-maharashtra.xls,bce626419f500bd7,census-c01-extract-v1.1.0-20260528T003617Z,C0101,27,521,00000,000000,District - Pune,rural,hindu,persons,3441947
census-india-2011,sources/census-2011/c-series/state-mdds/c01-27-maharashtra.xls,bce626419f500bd7,census-c01-extract-v1.1.0-20260528T003617Z,C0101,27,521,00000,000000,District - Pune,rural,hindu,males,1781347
census-india-2011,sources/census-2011/c-series/state-mdds/c01-27-maharashtra.xls,bce626419f500bd7,census-c01-extract-v1.1.0-20260528T003617Z,C0101,27,521,00000,000000,District - Pune,rural,hindu,females,1660600
census-india-2011,sources/census-2011/c-series/state-mdds/c01-27-maharashtra.xls,bce626419f500bd7,census-c01-extract-v1.1.0-20260528T003617Z,C0101,27,521,00000,000000,District - Pune,rural,muslim,persons,110986
census-india-2011,sources/census-2011/c-series/state-mdds/c01-27-maharashtra.xls,bce626419f500bd7,census-c01-extract-v1.1.0-20260528T003617Z,C0101,27,521,00000,000000,District - Pune,rural,muslim,males,57894
census-india-2011,sources/census-2011/c-series/state-mdds/c01-27-maharashtra.xls,bce626419f500bd7,census-c01-extract-v1.1.0-20260528T003617Z,C0101,27,521,00000,000000,District - Pune,rural,muslim,females,53092
census-india-2011,sources/census-2011/c-series/state-mdds/c01-27-maharashtra.xls,bce626419f500bd7,census-c01-extract-v1.1.0-20260528T003617Z,C0101,27,521,00000,000000,District - Pune,rural,christian,persons,9407
census-india-2011,sources/census-2011/c-series/state-mdds/c01-27-maharashtra.xls,bce626419f500bd7,census-c01-extract-v1.1.0-20260528T003617Z,C0101,27,521,00000,000000,District - Pune,rural,christian,males,4934
census-india-2011,sources/census-2011/c-series/state-mdds/c01-27-maharashtra.xls,bce626419f500bd7,census-c01-extract-v1.1.0-20260528T003617Z,C0101,27,521,00000,000000,District - Pune,rural,christian,females,4473
census-india-2011,sources/census-2011/c-series/state-mdds/c01-27-maharashtra.xls,bce626419f500bd7,census-c01-extract-v1.1.0-20260528T003617Z,C0101,27,521,00000,000000,District - Pune,rural,sikh,persons,2361
census-india-2011,sources/census-2011/c-series/state-mdds/c01-27-maharashtra.xls,bce626419f500bd7,census-c01-extract-v1.1.0-20260528T003617Z,C0101,27,521,00000,000000,District - Pune,rural,sikh,males,1388
census-india-2011,sources/census-2011/c-series/state-mdds/c01-27-maharashtra.xls,bce626419f500bd7,census-c01-extract-v1.1.0-20260528T003617Z,C0101,27,521,00000,000000,District - Pune,rural,sikh,females,973
census-india-2011,sources/census-2011/c-series/state-mdds/c01-27-maharashtra.xls,bce626419f500bd7,census-c01-extract-v1.1.0-20260528T003617Z,C0101,27,521,00000,000000,District - Pune,rural,buddhist,persons,91299
census-india-2011,sources/census-2011/c-series/state-mdds/c01-27-maharashtra.xls,bce626419f500bd7,census-c01-extract-v1.1.0-20260528T003617Z,C0101,27,521,00000,000000,District - Pune,rural,buddhist,males,46388
census-india-2011,sources/census-2011/c-series/state-mdds/c01-27-maharashtra.xls,bce626419f500bd7,census-c01-extract-v1.1.0-20260528T003617Z,C0101,27,521,00000,000000,District - Pune,rural,buddhist,females,44911
census-india-2011,sources/census-2011/c-series/state-mdds/c01-27-maharashtra.xls,bce626419f500bd7,census-c01-extract-v1.1.0-20260528T003617Z,C0101,27,521,00000,000000,District - Pune,rural,jain,persons,11874
census-india-2011,sources/census-2011/c-series/state-mdds/c01-27-maharashtra.xls,bce626419f500bd7,census-c01-extract-v1.1.0-20260528T003617Z,C0101,27,521,00000,000000,District - Pune,rural,jain,males,6157
census-india-2011,sources/census-2011/c-series/state-mdds/c01-27-maharashtra.xls,bce626419f500bd7,census-c01-extract-v1.1.0-20260528T003617Z,C0101,27,521,00000,000000,District - Pune,rural,jain,females,5717
census-india-2011,sources/census-2011/c-series/state-mdds/c01-27-maharashtra.xls,bce626419f500bd7,census-c01-extract-v1.1.0-20260528T003617Z,C0101,27,521,00000,000000,District - Pune,rural,other,persons,947
census-india-2011,sources/census-2011/c-series/state-mdds/c01-27-maharashtra.xls,bce626419f500bd7,census-c01-extract-v1.1.0-20260528T003617Z,C0101,27,521,00000,000000,District - Pune,rural,other,males,527
census-india-2011,sources/census-2011/c-series/state-mdds/c01-27-maharashtra.xls,bce626419f500bd7,census-c01-extract-v1.1.0-20260528T003617Z,C0101,27,521,00000,000000,District - Pune,rural,other,females,420
census-india-2011,sources/census-2011/c-series/state-mdds/c01-27-maharashtra.xls,bce626419f500bd7,census-c01-extract-v1.1.0-20260528T003617Z,C0101,27,521,00000,000000,District - Pune,rural,not_stated,persons,9405
census-india-2011,sources/census-2011/c-series/state-mdds/c01-27-maharashtra.xls,bce626419f500bd7,census-c01-extract-v1.1.0-20260528T003617Z,C0101,27,521,00000,000000,District - Pune,rural,not_stated,males,4805
census-india-2011,sources/census-2011/c-series/state-mdds/c01-27-maharashtra.xls,bce626419f500bd7,census-c01-extract-v1.1.0-20260528T003617Z,C0101,27,521,00000,000000,District - Pune,rural,not_stated,females,4600
census-india-2011,sources/census-2011/c-series/state-mdds/c01-27-maharashtra.xls,bce626419f500bd7,census-c01-extract-v1.1.0-20260528T003617Z,C0101,27,521,00000,000000,District - Pune,urban,all,persons,5751182
census-india-2011,sources/census-2011/c-series/state-mdds/c01-27-maharashtra.xls,bce626419f500bd7,census-c01-extract-v1.1.0-20260528T003617Z,C0101,27,521,00000,000000,District - Pune,urban,all,males,3020665
census-india-2011,sources/census-2011/c-series/state-mdds/c01-27-maharashtra.xls,bce626419f500bd7,census-c01-extract-v1.1.0-20260528T003617Z,C0101,27,521,00000,000000,District - Pune,urban,all,females,2730517
census-india-2011,sources/census-2011/c-series/state-mdds/c01-27-maharashtra.xls,bce626419f500bd7,census-c01-extract-v1.1.0-20260528T003617Z,C0101,27,521,00000,000000,District - Pune,urban,hindu,persons,4648307
census-india-2011,sources/census-2011/c-series/state-mdds/c01-27-maharashtra.xls,bce626419f500bd7,census-c01-extract-v1.1.0-20260528T003617Z,C0101,27,521,00000,000000,District - Pune,urban,hindu,males,2451628
census-india-2011,sources/census-2011/c-series/state-mdds/c01-27-maharashtra.xls,bce626419f500bd7,census-c01-extract-v1.1.0-20260528T003617Z,C0101,27,521,00000,000000,District - Pune,urban,hindu,females,2196679
census-india-2011,sources/census-2011/c-series/state-mdds/c01-27-maharashtra.xls,bce626419f500bd7,census-c01-extract-v1.1.0-20260528T003617Z,C0101,27,521,00000,000000,District - Pune,urban,muslim,persons,562718
census-india-2011,sources/census-2011/c-series/state-mdds/c01-27-maharashtra.xls,bce626419f500bd7,census-c01-extract-v1.1.0-20260528T003617Z,C0101,27,521,00000,000000,District - Pune,urban,muslim,males,294863
census-india-2011,sources/census-2011/c-series/state-mdds/c01-27-maharashtra.xls,bce626419f500bd7,census-c01-extract-v1.1.0-20260528T003617Z,C0101,27,521,00000,000000,District - Pune,urban,muslim,females,267855
census-india-2011,sources/census-2011/c-series/state-mdds/c01-27-maharashtra.xls,bce626419f500bd7,census-c01-extract-v1.1.0-20260528T003617Z,C0101,27,521,00000,000000,District - Pune,urban,christian,persons,124785
census-india-2011,sources/census-2011/c-series/state-mdds/c01-27-maharashtra.xls,bce626419f500bd7,census-c01-extract-v1.1.0-20260528T003617Z,C0101,27,521,00000,000000,District - Pune,urban,christian,males,61515
census-india-2011,sources/census-2011/c-series/state-mdds/c01-27-maharashtra.xls,bce626419f500bd7,census-c01-extract-v1.1.0-20260528T003617Z,C0101,27,521,00000,000000,District - Pune,urban,christian,females,63270
census-india-2011,sources/census-2011/c-series/state-mdds/c01-27-maharashtra.xls,bce626419f500bd7,census-c01-extract-v1.1.0-20260528T003617Z,C0101,27,521,00000,000000,District - Pune,urban,sikh,persons,24729
census-india-2011,sources/census-2011/c-series/state-mdds/c01-27-maharashtra.xls,bce626419f500bd7,census-c01-extract-v1.1.0-20260528T003617Z,C0101,27,521,00000,000000,District - Pune,urban,sikh,males,13586
census-india-2011,sources/census-2011/c-series/state-mdds/c01-27-maharashtra.xls,bce626419f500bd7,census-c01-extract-v1.1.0-20260528T003617Z,C0101,27,521,00000,000000,District - Pune,urban,sikh,females,11143
census-india-2011,sources/census-2011/c-series/state-mdds/c01-27-maharashtra.xls,bce626419f500bd7,census-c01-extract-v1.1.0-20260528T003617Z,C0101,27,521,00000,000000,District - Pune,urban,buddhist,persons,249105
census-india-2011,sources/census-2011/c-series/state-mdds/c01-27-maharashtra.xls,bce626419f500bd7,census-c01-extract-v1.1.0-20260528T003617Z,C0101,27,521,00000,000000,District - Pune,urban,buddhist,males,126360
census-india-2011,sources/census-2011/c-series/state-mdds/c01-27-maharashtra.xls,bce626419f500bd7,census-c01-extract-v1.1.0-20260528T003617Z,C0101,27,521,00000,000000,District - Pune,urban,buddhist,females,122745
census-india-2011,sources/census-2011/c-series/state-mdds/c01-27-maharashtra.xls,bce626419f500bd7,census-c01-extract-v1.1.0-20260528T003617Z,C0101,27,521,00000,000000,District - Pune,urban,jain,persons,115912
census-india-2011,sources/census-2011/c-series/state-mdds/c01-27-maharashtra.xls,bce626419f500bd7,census-c01-extract-v1.1.0-20260528T003617Z,C0101,27,521,00000,000000,District - Pune,urban,jain,males,59403
census-india-2011,sources/census-2011/c-series/state-mdds/c01-27-maharashtra.xls,bce626419f500bd7,census-c01-extract-v1.1.0-20260528T003617Z,C0101,27,521,00000,000000,District - Pune,urban,jain,females,56509
census-india-2011,sources/census-2011/c-series/state-mdds/c01-27-maharashtra.xls,bce626419f500bd7,census-c01-extract-v1.1.0-20260528T003617Z,C0101,27,521,00000,000000,District - Pune,urban,other,persons,8926
census-india-2011,sources/census-2011/c-series/state-mdds/c01-27-maharashtra.xls,bce626419f500bd7,census-c01-extract-v1.1.0-20260528T003617Z,C0101,27,521,00000,000000,District - Pune,urban,other,males,4589
census-india-2011,sources/census-2011/c-series/state-mdds/c01-27-maharashtra.xls,bce626419f500bd7,census-c01-extract-v1.1.0-20260528T003617Z,C0101,27,521,00000,000000,District - Pune,urban,other,females,4337
census-india-2011,sources/census-2011/c-series/state-mdds/c01-27-maharashtra.xls,bce626419f500bd7,census-c01-extract-v1.1.0-20260528T003617Z,C0101,27,521,00000,000000,District - Pune,urban,not_stated,persons,16700
census-india-2011,sources/census-2011/c-series/state-mdds/c01-27-maharashtra.xls,bce626419f500bd7,census-c01-extract-v1.1.0-20260528T003617Z,C0101,27,521,00000,000000,District - Pune,urban,not_stated,males,8721
census-india-2011,sources/census-2011/c-series/state-mdds/c01-27-maharashtra.xls,bce626419f500bd7,census-c01-extract-v1.1.0-20260528T003617Z,C0101,27,521,00000,000000,District - Pune,urban,not_stated,females,7979
census-india-2011,sources/census-2011/c-series/state-mdds/c01-27-maharashtra.xls,bce626419f500bd7,census-c01-extract-v1.1.0-20260528T003617Z,C0101,27,522,00000,000000,District - Ahmadnagar,total,all,persons,4543159
census-india-2011,sources/census-2011/c-series/state-mdds/c01-27-maharashtra.xls,bce626419f500bd7,census-c01-extract-v1.1.0-20260528T003617Z,C0101,27,522,00000,000000,District - Ahmadnagar,total,all,males,2342825
census-india-2011,sources/census-2011/c-series/state-mdds/c01-27-maharashtra.xls,bce626419f500bd7,census-c01-extract-v1.1.0-20260528T003617Z,C0101,27,522,00000,000000,District - Ahmadnagar,total,all,females,2200334
census-india-2011,sources/census-2011/c-series/state-mdds/c01-27-maharashtra.xls,bce626419f500bd7,census-c01-extract-v1.1.0-20260528T003617Z,C0101,27,522,00000,000000,District - Ahmadnagar,total,hindu,persons,4107143
census-india-2011,sources/census-2011/c-series/state-mdds/c01-27-maharashtra.xls,bce626419f500bd7,census-c01-extract-v1.1.0-20260528T003617Z,C0101,27,522,00000,000000,District - Ahmadnagar,total,hindu,males,2121148
census-india-2011,sources/census-2011/c-series/state-mdds/c01-27-maharashtra.xls,bce626419f500bd7,census-c01-extract-v1.1.0-20260528T003617Z,C0101,27,522,00000,000000,District - Ahmadnagar,total,hindu,females,1985995
census-india-2011,sources/census-2011/c-series/state-mdds/c01-27-maharashtra.xls,bce626419f500bd7,census-c01-extract-v1.1.0-20260528T003617Z,C0101,27,522,00000,000000,District - Ahmadnagar,total,muslim,persons,320743
census-india-2011,sources/census-2011/c-series/state-mdds/c01-27-maharashtra.xls,bce626419f500bd7,census-c01-extract-v1.1.0-20260528T003617Z,C0101,27,522,00000,000000,District - Ahmadnagar,total,muslim,males,163432
census-india-2011,sources/census-2011/c-series/state-mdds/c01-27-maharashtra.xls,bce626419f500bd7,census-c01-extract-v1.1.0-20260528T003617Z,C0101,27,522,00000,000000,District - Ahmadnagar,total,muslim,females,157311
census-india-2011,sources/census-2011/c-series/state-mdds/c01-27-maharashtra.xls,bce626419f500bd7,census-c01-extract-v1.1.0-20260528T003617Z,C0101,27,522,00000,000000,District - Ahmadnagar,total,christian,persons,22766
census-india-2011,sources/census-2011/c-series/state-mdds/c01-27-maharashtra.xls,bce626419f500bd7,census-c01-extract-v1.1.0-20260528T003617Z,C0101,27,522,00000,000000,District - Ahmadnagar,total,christian,males,11033
census-india-2011,sources/census-2011/c-series/state-mdds/c01-27-maharashtra.xls,bce626419f500bd7,census-c01-extract-v1.1.0-20260528T003617Z,C0101,27,522,00000,000000,District - Ahmadnagar,total,christian,females,11733
census-india-2011,sources/census-2011/c-series/state-mdds/c01-27-maharashtra.xls,bce626419f500bd7,census-c01-extract-v1.1.0-20260528T003617Z,C0101,27,522,00000,000000,District - Ahmadnagar,total,sikh,persons,5431
census-india-2011,sources/census-2011/c-series/state-mdds/c01-27-maharashtra.xls,bce626419f500bd7,census-c01-extract-v1.1.0-20260528T003617Z,C0101,27,522,00000,000000,District - Ahmadnagar,total,sikh,males,2956
census-india-2011,sources/census-2011/c-series/state-mdds/c01-27-maharashtra.xls,bce626419f500bd7,census-c01-extract-v1.1.0-20260528T003617Z,C0101,27,522,00000,000000,District - Ahmadnagar,total,sikh,females,2475
census-india-2011,sources/census-2011/c-series/state-mdds/c01-27-maharashtra.xls,bce626419f500bd7,census-c01-extract-v1.1.0-20260528T003617Z,C0101,27,522,00000,000000,District - Ahmadnagar,total,buddhist,persons,33898
census-india-2011,sources/census-2011/c-series/state-mdds/c01-27-maharashtra.xls,bce626419f500bd7,census-c01-extract-v1.1.0-20260528T003617Z,C0101,27,522,00000,000000,District - Ahmadnagar,total,buddhist,males,17286
census-india-2011,sources/census-2011/c-series/state-mdds/c01-27-maharashtra.xls,bce626419f500bd7,census-c01-extract-v1.1.0-20260528T003617Z,C0101,27,522,00000,000000,District - Ahmadnagar,total,buddhist,females,16612
census-india-2011,sources/census-2011/c-series/state-mdds/c01-27-maharashtra.xls,bce626419f500bd7,census-c01-extract-v1.1.0-20260528T003617Z,C0101,27,522,00000,000000,District - Ahmadnagar,total,jain,persons,38718
census-india-2011,sources/census-2011/c-series/state-mdds/c01-27-maharashtra.xls,bce626419f500bd7,census-c01-extract-v1.1.0-20260528T003617Z,C0101,27,522,00000,000000,District - Ahmadnagar,total,jain,males,19776
census-india-2011,sources/census-2011/c-series/state-mdds/c01-27-maharashtra.xls,bce626419f500bd7,census-c01-extract-v1.1.0-20260528T003617Z,C0101,27,522,00000,000000,District - Ahmadnagar,total,jain,females,18942
census-india-2011,sources/census-2011/c-series/state-mdds/c01-27-maharashtra.xls,bce626419f500bd7,census-c01-extract-v1.1.0-20260528T003617Z,C0101,27,522,00000,000000,District - Ahmadnagar,total,other,persons,1408
census-india-2011,sources/census-2011/c-series/state-mdds/c01-27-maharashtra.xls,bce626419f500bd7,census-c01-extract-v1.1.0-20260528T003617Z,C0101,27,522,00000,000000,District - Ahmadnagar,total,other,males,725
census-india-2011,sources/census-2011/c-series/state-mdds/c01-27-maharashtra.xls,bce626419f500bd7,census-c01-extract-v1.1.0-20260528T003617Z,C0101,27,522,00000,000000,District - Ahmadnagar,total,other,females,683
census-india-2011,sources/census-2011/c-series/state-mdds/c01-27-maharashtra.xls,bce626419f500bd7,census-c01-extract-v1.1.0-20260528T003617Z,C0101,27,522,00000,000000,District - Ahmadnagar,total,not_stated,persons,13052
census-india-2011,sources/census-2011/c-series/state-mdds/c01-27-maharashtra.xls,bce626419f500bd7,census-c01-extract-v1.1.0-20260528T003617Z,C0101,27,522,00000,000000,District - Ahmadnagar,total,not_stated,males,6469
census-india-2011,sources/census-2011/c-series/state-mdds/c01-27-maharashtra.xls,bce626419f500bd7,census-c01-extract-v1.1.0-20260528T003617Z,C0101,27,522,00000,000000,District - Ahmadnagar,total,not_stated,females,6583
census-india-2011,sources/census-2011/c-series/state-mdds/c01-27-maharashtra.xls,bce626419f500bd7,census-c01-extract-v1.1.0-20260528T003617Z,C0101,27,522,00000,000000,District - Ahmadnagar,rural,all,persons,3630542
census-india-2011,sources/census-2011/c-series/state-mdds/c01-27-maharashtra.xls,bce626419f500bd7,census-c01-extract-v1.1.0-20260528T003617Z,C0101,27,522,00000,000000,District - Ahmadnagar,rural,all,males,1872907
census-india-2011,sources/census-2011/c-series/state-mdds/c01-27-maharashtra.xls,bce626419f500bd7,census-c01-extract-v1.1.0-20260528T003617Z,C0101,27,522,00000,000000,District - Ahmadnagar,rural,all,females,1757635
census-india-2011,sources/census-2011/c-series/state-mdds/c01-27-maharashtra.xls,bce626419f500bd7,census-c01-extract-v1.1.0-20260528T003617Z,C0101,27,522,00000,000000,District - Ahmadnagar,rural,hindu,persons,3399231
census-india-2011,sources/census-2011/c-series/state-mdds/c01-27-maharashtra.xls,bce626419f500bd7,census-c01-extract-v1.1.0-20260528T003617Z,C0101,27,522,00000,000000,District - Ahmadnagar,rural,hindu,males,1755419
census-india-2011,sources/census-2011/c-series/state-mdds/c01-27-maharashtra.xls,bce626419f500bd7,census-c01-extract-v1.1.0-20260528T003617Z,C0101,27,522,00000,000000,District - Ahmadnagar,rural,hindu,females,1643812
census-india-2011,sources/census-2011/c-series/state-mdds/c01-27-maharashtra.xls,bce626419f500bd7,census-c01-extract-v1.1.0-20260528T003617Z,C0101,27,522,00000,000000,District - Ahmadnagar,rural,muslim,persons,175708
census-india-2011,sources/census-2011/c-series/state-mdds/c01-27-maharashtra.xls,bce626419f500bd7,census-c01-extract-v1.1.0-20260528T003617Z,C0101,27,522,00000,000000,District - Ahmadnagar,rural,muslim,males,89507
census-india-2011,sources/census-2011/c-series/state-mdds/c01-27-maharashtra.xls,bce626419f500bd7,census-c01-extract-v1.1.0-20260528T003617Z,C0101,27,522,00000,000000,District - Ahmadnagar,rural,muslim,females,86201
census-india-2011,sources/census-2011/c-series/state-mdds/c01-27-maharashtra.xls,bce626419f500bd7,census-c01-extract-v1.1.0-20260528T003617Z,C0101,27,522,00000,000000,District - Ahmadnagar,rural,christian,persons,8885
census-india-2011,sources/census-2011/c-series/state-mdds/c01-27-maharashtra.xls,bce626419f500bd7,census-c01-extract-v1.1.0-20260528T003617Z,C0101,27,522,00000,000000,District - Ahmadnagar,rural,christian,males,4346
census-india-2011,sources/census-2011/c-series/state-mdds/c01-27-maharashtra.xls,bce626419f500bd7,census-c01-extract-v1.1.0-20260528T003617Z,C0101,27,522,00000,000000,District - Ahmadnagar,rural,christian,females,4539
census-india-2011,sources/census-2011/c-series/state-mdds/c01-27-maharashtra.xls,bce626419f500bd7,census-c01-extract-v1.1.0-20260528T003617Z,C0101,27,522,00000,000000,District - Ahmadnagar,rural,sikh,persons,1329
census-india-2011,sources/census-2011/c-series/state-mdds/c01-27-maharashtra.xls,bce626419f500bd7,census-c01-extract-v1.1.0-20260528T003617Z,C0101,27,522,00000,000000,District - Ahmadnagar,rural,sikh,males,686
census-india-2011,sources/census-2011/c-series/state-mdds/c01-27-maharashtra.xls,bce626419f500bd7,census-c01-extract-v1.1.0-20260528T003617Z,C0101,27,522,00000,000000,District - Ahmadnagar,rural,sikh,females,643
census-india-2011,sources/census-2011/c-series/state-mdds/c01-27-maharashtra.xls,bce626419f500bd7,census-c01-extract-v1.1.0-20260528T003617Z,C0101,27,522,00000,000000,District - Ahmadnagar,rural,buddhist,persons,23317
census-india-2011,sources/census-2011/c-series/state-mdds/c01-27-maharashtra.xls,bce626419f500bd7,census-c01-extract-v1.1.0-20260528T003617Z,C0101,27,522,00000,000000,District - Ahmadnagar,rural,buddhist,males,11919
census-india-2011,sources/census-2011/c-series/state-mdds/c01-27-maharashtra.xls,bce626419f500bd7,census-c01-extract-v1.1.0-20260528T003617Z,C0101,27,522,00000,000000,District - Ahmadnagar,rural,buddhist,females,11398
census-india-2011,sources/census-2011/c-series/state-mdds/c01-27-maharashtra.xls,bce626419f500bd7,census-c01-extract-v1.1.0-20260528T003617Z,C0101,27,522,00000,000000,District - Ahmadnagar,rural,jain,persons,12112
census-india-2011,sources/census-2011/c-series/state-mdds/c01-27-maharashtra.xls,bce626419f500bd7,census-c01-extract-v1.1.0-20260528T003617Z,C0101,27,522,00000,000000,District - Ahmadnagar,rural,jain,males,6187
census-india-2011,sources/census-2011/c-series/state-mdds/c01-27-maharashtra.xls,bce626419f500bd7,census-c01-extract-v1.1.0-20260528T003617Z,C0101,27,522,00000,000000,District - Ahmadnagar,rural,jain,females,5925
census-india-2011,sources/census-2011/c-series/state-mdds/c01-27-maharashtra.xls,bce626419f500bd7,census-c01-extract-v1.1.0-20260528T003617Z,C0101,27,522,00000,000000,District - Ahmadnagar,rural,other,persons,349
census-india-2011,sources/census-2011/c-series/state-mdds/c01-27-maharashtra.xls,bce626419f500bd7,census-c01-extract-v1.1.0-20260528T003617Z,C0101,27,522,00000,000000,District - Ahmadnagar,rural,other,males,186
census-india-2011,sources/census-2011/c-series/state-mdds/c01-27-maharashtra.xls,bce626419f500bd7,census-c01-extract-v1.1.0-20260528T003617Z,C0101,27,522,00000,000000,District - Ahmadnagar,rural,other,females,163
census-india-2011,sources/census-2011/c-series/state-mdds/c01-27-maharashtra.xls,bce626419f500bd7,census-c01-extract-v1.1.0-20260528T003617Z,C0101,27,522,00000,000000,District - Ahmadnagar,rural,not_stated,persons,9611
census-india-2011,sources/census-2011/c-series/state-mdds/c01-27-maharashtra.xls,bce626419f500bd7,census-c01-extract-v1.1.0-20260528T003617Z,C0101,27,522,00000,000000,District - Ahmadnagar,rural,not_stated,males,4657
census-india-2011,sources/census-2011/c-series/state-mdds/c01-27-maharashtra.xls,bce626419f500bd7,census-c01-extract-v1.1.0-20260528T003617Z,C0101,27,522,00000,000000,District - Ahmadnagar,rural,not_stated,females,4954
census-india-2011,sources/census-2011/c-series/state-mdds/c01-27-maharashtra.xls,bce626419f500bd7,census-c01-extract-v1.1.0-20260528T003617Z,C0101,27,522,00000,000000,District - Ahmadnagar,urban,all,persons,912617
census-india-2011,sources/census-2011/c-series/state-mdds/c01-27-maharashtra.xls,bce626419f500bd7,census-c01-extract-v1.1.0-20260528T003617Z,C0101,27,522,00000,000000,District - Ahmadnagar,urban,all,males,469918
census-india-2011,sources/census-2011/c-series/state-mdds/c01-27-maharashtra.xls,bce626419f500bd7,census-c01-extract-v1.1.0-20260528T003617Z,C0101,27,522,00000,000000,District - Ahmadnagar,urban,all,females,442699
census-india-2011,sources/census-2011/c-series/state-mdds/c01-27-maharashtra.xls,bce626419f500bd7,census-c01-extract-v1.1.0-20260528T003617Z,C0101,27,522,00000,000000,District - Ahmadnagar,urban,hindu,persons,707912
census-india-2011,sources/census-2011/c-series/state-mdds/c01-27-maharashtra.xls,bce626419f500bd7,census-c01-extract-v1.1.0-20260528T003617Z,C0101,27,522,00000,000000,District - Ahmadnagar,urban,hindu,males,365729
census-india-2011,sources/census-2011/c-series/state-mdds/c01-27-maharashtra.xls,bce626419f500bd7,census-c01-extract-v1.1.0-20260528T003617Z,C0101,27,522,00000,000000,District - Ahmadnagar,urban,hindu,females,342183
census-india-2011,sources/census-2011/c-series/state-mdds/c01-27-maharashtra.xls,bce626419f500bd7,census-c01-extract-v1.1.0-20260528T003617Z,C0101,27,522,00000,000000,District - Ahmadnagar,urban,muslim,persons,145035
census-india-2011,sources/census-2011/c-series/state-mdds/c01-27-maharashtra.xls,bce626419f500bd7,census-c01-extract-v1.1.0-20260528T003617Z,C0101,27,522,00000,000000,District - Ahmadnagar,urban,muslim,males,73925
census-india-2011,sources/census-2011/c-series/state-mdds/c01-27-maharashtra.xls,bce626419f500bd7,census-c01-extract-v1.1.0-20260528T003617Z,C0101,27,522,00000,000000,District - Ahmadnagar,urban,muslim,females,71110
census-india-2011,sources/census-2011/c-series/state-mdds/c01-27-maharashtra.xls,bce626419f500bd7,census-c01-extract-v1.1.0-20260528T003617Z,C0101,27,522,00000,000000,District - Ahmadnagar,urban,christian,persons,13881
census-india-2011,sources/census-2011/c-series/state-mdds/c01-27-maharashtra.xls,bce626419f500bd7,census-c01-extract-v1.1.0-20260528T003617Z,C0101,27,522,00000,000000,District - Ahmadnagar,urban,christian,males,6687
census-india-2011,sources/census-2011/c-series/state-mdds/c01-27-maharashtra.xls,bce626419f500bd7,census-c01-extract-v1.1.0-20260528T003617Z,C0101,27,522,00000,000000,District - Ahmadnagar,urban,christian,females,7194
census-india-2011,sources/census-2011/c-series/state-mdds/c01-27-maharashtra.xls,bce626419f500bd7,census-c01-extract-v1.1.0-20260528T003617Z,C0101,27,522,00000,000000,District - Ahmadnagar,urban,sikh,persons,4102
census-india-2011,sources/census-2011/c-series/state-mdds/c01-27-maharashtra.xls,bce626419f500bd7,census-c01-extract-v1.1.0-20260528T003617Z,C0101,27,522,00000,000000,District - Ahmadnagar,urban,sikh,males,2270
census-india-2011,sources/census-2011/c-series/state-mdds/c01-27-maharashtra.xls,bce626419f500bd7,census-c01-extract-v1.1.0-20260528T003617Z,C0101,27,522,00000,000000,District - Ahmadnagar,urban,sikh,females,1832
census-india-2011,sources/census-2011/c-series/state-mdds/c01-27-maharashtra.xls,bce626419f500bd7,census-c01-extract-v1.1.0-20260528T003617Z,C0101,27,522,00000,000000,District - Ahmadnagar,urban,buddhist,persons,10581
census-india-2011,sources/census-2011/c-series/state-mdds/c01-27-maharashtra.xls,bce626419f500bd7,census-c01-extract-v1.1.0-20260528T003617Z,C0101,27,522,00000,000000,District - Ahmadnagar,urban,buddhist,males,5367
census-india-2011,sources/census-2011/c-series/state-mdds/c01-27-maharashtra.xls,bce626419f500bd7,census-c01-extract-v1.1.0-20260528T003617Z,C0101,27,522,00000,000000,District - Ahmadnagar,urban,buddhist,females,5214
census-india-2011,sources/census-2011/c-series/state-mdds/c01-27-maharashtra.xls,bce626419f500bd7,census-c01-extract-v1.1.0-20260528T003617Z,C0101,27,522,00000,000000,District - Ahmadnagar,urban,jain,persons,26606
census-india-2011,sources/census-2011/c-series/state-mdds/c01-27-maharashtra.xls,bce626419f500bd7,census-c01-extract-v1.1.0-20260528T003617Z,C0101,27,522,00000,000000,District - Ahmadnagar,urban,jain,males,13589
census-india-2011,sources/census-2011/c-series/state-mdds/c01-27-maharashtra.xls,bce626419f500bd7,census-c01-extract-v1.1.0-20260528T003617Z,C0101,27,522,00000,000000,District - Ahmadnagar,urban,jain,females,13017
census-india-2011,sources/census-2011/c-series/state-mdds/c01-27-maharashtra.xls,bce626419f500bd7,census-c01-extract-v1.1.0-20260528T003617Z,C0101,27,522,00000,000000,District - Ahmadnagar,urban,other,persons,1059
census-india-2011,sources/census-2011/c-series/state-mdds/c01-27-maharashtra.xls,bce626419f500bd7,census-c01-extract-v1.1.0-20260528T003617Z,C0101,27,522,00000,000000,District - Ahmadnagar,urban,other,males,539
census-india-2011,sources/census-2011/c-series/state-mdds/c01-27-maharashtra.xls,bce626419f500bd7,census-c01-extract-v1.1.0-20260528T003617Z,C0101,27,522,00000,000000,District - Ahmadnagar,urban,other,females,520
census-india-2011,sources/census-2011/c-series/state-mdds/c01-27-maharashtra.xls,bce626419f500bd7,census-c01-extract-v1.1.0-20260528T003617Z,C0101,27,522,00000,000000,District - Ahmadnagar,urban,not_stated,persons,3441
census-india-2011,sources/census-2011/c-series/state-mdds/c01-27-maharashtra.xls,bce626419f500bd7,census-c01-extract-v1.1.0-20260528T003617Z,C0101,27,522,00000,000000,District - Ahmadnagar,urban,not_stated,males,1812
census-india-2011,sources/census-2011/c-series/state-mdds/c01-27-maharashtra.xls,bce626419f500bd7,census-c01-extract-v1.1.0-20260528T003617Z,C0101,27,522,00000,000000,District - Ahmadnagar,urban,not_stated,females,1629
census-india-2011,sources/census-2011/c-series/state-mdds/c01-27-maharashtra.xls,bce626419f500bd7,census-c01-extract-v1.1.0-20260528T003617Z,C0101,27,523,00000,000000,District - Bid,total,all,persons,2585049
census-india-2011,sources/census-2011/c-series/state-mdds/c01-27-maharashtra.xls,bce626419f500bd7,census-c01-extract-v1.1.0-20260528T003617Z,C0101,27,523,00000,000000,District - Bid,total,all,males,1349106
census-india-2011,sources/census-2011/c-series/state-mdds/c01-27-maharashtra.xls,bce626419f500bd7,census-c01-extract-v1.1.0-20260528T003617Z,C0101,27,523,00000,000000,District - Bid,total,all,females,1235943
census-india-2011,sources/census-2011/c-series/state-mdds/c01-27-maharashtra.xls,bce626419f500bd7,census-c01-extract-v1.1.0-20260528T003617Z,C0101,27,523,00000,000000,District - Bid,total,hindu,persons,2174672
census-india-2011,sources/census-2011/c-series/state-mdds/c01-27-maharashtra.xls,bce626419f500bd7,census-c01-extract-v1.1.0-20260528T003617Z,C0101,27,523,00000,000000,District - Bid,total,hindu,males,1138523
census-india-2011,sources/census-2011/c-series/state-mdds/c01-27-maharashtra.xls,bce626419f500bd7,census-c01-extract-v1.1.0-20260528T003617Z,C0101,27,523,00000,000000,District - Bid,total,hindu,females,1036149
census-india-2011,sources/census-2011/c-series/state-mdds/c01-27-maharashtra.xls,bce626419f500bd7,census-c01-extract-v1.1.0-20260528T003617Z,C0101,27,523,00000,000000,District - Bid,total,muslim,persons,320395
census-india-2011,sources/census-2011/c-series/state-mdds/c01-27-maharashtra.xls,bce626419f500bd7,census-c01-extract-v1.1.0-20260528T003617Z,C0101,27,523,00000,000000,District - Bid,total,muslim,males,164405
census-india-2011,sources/census-2011/c-series/state-mdds/c01-27-maharashtra.xls,bce626419f500bd7,census-c01-extract-v1.1.0-20260528T003617Z,C0101,27,523,00000,000000,District - Bid,total,muslim,females,155990
census-india-2011,sources/census-2011/c-series/state-mdds/c01-27-maharashtra.xls,bce626419f500bd7,census-c01-extract-v1.1.0-20260528T003617Z,C0101,27,523,00000,000000,District - Bid,total,christian,persons,2097
census-india-2011,sources/census-2011/c-series/state-mdds/c01-27-maharashtra.xls,bce626419f500bd7,census-c01-extract-v1.1.0-20260528T003617Z,C0101,27,523,00000,000000,District - Bid,total,christian,males,1113
census-india-2011,sources/census-2011/c-series/state-mdds/c01-27-maharashtra.xls,bce626419f500bd7,census-c01-extract-v1.1.0-20260528T003617Z,C0101,27,523,00000,000000,District - Bid,total,christian,females,984
census-india-2011,sources/census-2011/c-series/state-mdds/c01-27-maharashtra.xls,bce626419f500bd7,census-c01-extract-v1.1.0-20260528T003617Z,C0101,27,523,00000,000000,District - Bid,total,sikh,persons,824
census-india-2011,sources/census-2011/c-series/state-mdds/c01-27-maharashtra.xls,bce626419f500bd7,census-c01-extract-v1.1.0-20260528T003617Z,C0101,27,523,00000,000000,District - Bid,total,sikh,males,412
census-india-2011,sources/census-2011/c-series/state-mdds/c01-27-maharashtra.xls,bce626419f500bd7,census-c01-extract-v1.1.0-20260528T003617Z,C0101,27,523,00000,000000,District - Bid,total,sikh,females,412
census-india-2011,sources/census-2011/c-series/state-mdds/c01-27-maharashtra.xls,bce626419f500bd7,census-c01-extract-v1.1.0-20260528T003617Z,C0101,27,523,00000,000000,District - Bid,total,buddhist,persons,68482
census-india-2011,sources/census-2011/c-series/state-mdds/c01-27-maharashtra.xls,bce626419f500bd7,census-c01-extract-v1.1.0-20260528T003617Z,C0101,27,523,00000,000000,District - Bid,total,buddhist,males,35005
census-india-2011,sources/census-2011/c-series/state-mdds/c01-27-maharashtra.xls,bce626419f500bd7,census-c01-extract-v1.1.0-20260528T003617Z,C0101,27,523,00000,000000,District - Bid,total,buddhist,females,33477
census-india-2011,sources/census-2011/c-series/state-mdds/c01-27-maharashtra.xls,bce626419f500bd7,census-c01-extract-v1.1.0-20260528T003617Z,C0101,27,523,00000,000000,District - Bid,total,jain,persons,8719
census-india-2011,sources/census-2011/c-series/state-mdds/c01-27-maharashtra.xls,bce626419f500bd7,census-c01-extract-v1.1.0-20260528T003617Z,C0101,27,523,00000,000000,District - Bid,total,jain,males,4579
census-india-2011,sources/census-2011/c-series/state-mdds/c01-27-maharashtra.xls,bce626419f500bd7,census-c01-extract-v1.1.0-20260528T003617Z,C0101,27,523,00000,000000,District - Bid,total,jain,females,4140
census-india-2011,sources/census-2011/c-series/state-mdds/c01-27-maharashtra.xls,bce626419f500bd7,census-c01-extract-v1.1.0-20260528T003617Z,C0101,27,523,00000,000000,District - Bid,total,other,persons,399
census-india-2011,sources/census-2011/c-series/state-mdds/c01-27-maharashtra.xls,bce626419f500bd7,census-c01-extract-v1.1.0-20260528T003617Z,C0101,27,523,00000,000000,District - Bid,total,other,males,208
census-india-2011,sources/census-2011/c-series/state-mdds/c01-27-maharashtra.xls,bce626419f500bd7,census-c01-extract-v1.1.0-20260528T003617Z,C0101,27,523,00000,000000,District - Bid,total,other,females,191
census-india-2011,sources/census-2011/c-series/state-mdds/c01-27-maharashtra.xls,bce626419f500bd7,census-c01-extract-v1.1.0-20260528T003617Z,C0101,27,523,00000,000000,District - Bid,total,not_stated,persons,9461
census-india-2011,sources/census-2011/c-series/state-mdds/c01-27-maharashtra.xls,bce626419f500bd7,census-c01-extract-v1.1.0-20260528T003617Z,C0101,27,523,00000,000000,District - Bid,total,not_stated,males,4861
census-india-2011,sources/census-2011/c-series/state-mdds/c01-27-maharashtra.xls,bce626419f500bd7,census-c01-extract-v1.1.0-20260528T003617Z,C0101,27,523,00000,000000,District - Bid,total,not_stated,females,4600
census-india-2011,sources/census-2011/c-series/state-mdds/c01-27-maharashtra.xls,bce626419f500bd7,census-c01-extract-v1.1.0-20260528T003617Z,C0101,27,523,00000,000000,District - Bid,rural,all,persons,2070751
census-india-2011,sources/census-2011/c-series/state-mdds/c01-27-maharashtra.xls,bce626419f500bd7,census-c01-extract-v1.1.0-20260528T003617Z,C0101,27,523,00000,000000,District - Bid,rural,all,males,1082978
census-india-2011,sources/census-2011/c-series/state-mdds/c01-27-maharashtra.xls,bce626419f500bd7,census-c01-extract-v1.1.0-20260528T003617Z,C0101,27,523,00000,000000,District - Bid,rural,all,females,987773
census-india-2011,sources/census-2011/c-series/state-mdds/c01-27-maharashtra.xls,bce626419f500bd7,census-c01-extract-v1.1.0-20260528T003617Z,C0101,27,523,00000,000000,District - Bid,rural,hindu,persons,1864852
census-india-2011,sources/census-2011/c-series/state-mdds/c01-27-maharashtra.xls,bce626419f500bd7,census-c01-extract-v1.1.0-20260528T003617Z,C0101,27,523,00000,000000,District - Bid,rural,hindu,males,976988
census-india-2011,sources/census-2011/c-series/state-mdds/c01-27-maharashtra.xls,bce626419f500bd7,census-c01-extract-v1.1.0-20260528T003617Z,C0101,27,523,00000,000000,District - Bid,rural,hindu,females,887864
census-india-2011,sources/census-2011/c-series/state-mdds/c01-27-maharashtra.xls,bce626419f500bd7,census-c01-extract-v1.1.0-20260528T003617Z,C0101,27,523,00000,000000,District - Bid,rural,muslim,persons,151692
census-india-2011,sources/census-2011/c-series/state-mdds/c01-27-maharashtra.xls,bce626419f500bd7,census-c01-extract-v1.1.0-20260528T003617Z,C0101,27,523,00000,000000,District - Bid,rural,muslim,males,77967
census-india-2011,sources/census-2011/c-series/state-mdds/c01-27-maharashtra.xls,bce626419f500bd7,census-c01-extract-v1.1.0-20260528T003617Z,C0101,27,523,00000,000000,District - Bid,rural,muslim,females,73725
census-india-2011,sources/census-2011/c-series/state-mdds/c01-27-maharashtra.xls,bce626419f500bd7,census-c01-extract-v1.1.0-20260528T003617Z,C0101,27,523,00000,000000,District - Bid,rural,christian,persons,1203
census-india-2011,sources/census-2011/c-series/state-mdds/c01-27-maharashtra.xls,bce626419f500bd7,census-c01-extract-v1.1.0-20260528T003617Z,C0101,27,523,00000,000000,District - Bid,rural,christian,males,668
census-india-2011,sources/census-2011/c-series/state-mdds/c01-27-maharashtra.xls,bce626419f500bd7,census-c01-extract-v1.1.0-20260528T003617Z,C0101,27,523,00000,000000,District - Bid,rural,christian,females,535
census-india-2011,sources/census-2011/c-series/state-mdds/c01-27-maharashtra.xls,bce626419f500bd7,census-c01-extract-v1.1.0-20260528T003617Z,C0101,27,523,00000,000000,District - Bid,rural,sikh,persons,499
census-india-2011,sources/census-2011/c-series/state-mdds/c01-27-maharashtra.xls,bce626419f500bd7,census-c01-extract-v1.1.0-20260528T003617Z,C0101,27,523,00000,000000,District - Bid,rural,sikh,males,252
census-india-2011,sources/census-2011/c-series/state-mdds/c01-27-maharashtra.xls,bce626419f500bd7,census-c01-extract-v1.1.0-20260528T003617Z,C0101,27,523,00000,000000,District - Bid,rural,sikh,females,247
census-india-2011,sources/census-2011/c-series/state-mdds/c01-27-maharashtra.xls,bce626419f500bd7,census-c01-extract-v1.1.0-20260528T003617Z,C0101,27,523,00000,000000,District - Bid,rural,buddhist,persons,43355
census-india-2011,sources/census-2011/c-series/state-mdds/c01-27-maharashtra.xls,bce626419f500bd7,census-c01-extract-v1.1.0-20260528T003617Z,C0101,27,523,00000,000000,District - Bid,rural,buddhist,males,22202
census-india-2011,sources/census-2011/c-series/state-mdds/c01-27-maharashtra.xls,bce626419f500bd7,census-c01-extract-v1.1.0-20260528T003617Z,C0101,27,523,00000,000000,District - Bid,rural,buddhist,females,21153
census-india-2011,sources/census-2011/c-series/state-mdds/c01-27-maharashtra.xls,bce626419f500bd7,census-c01-extract-v1.1.0-20260528T003617Z,C0101,27,523,00000,000000,District - Bid,rural,jain,persons,3356
census-india-2011,sources/census-2011/c-series/state-mdds/c01-27-maharashtra.xls,bce626419f500bd7,census-c01-extract-v1.1.0-20260528T003617Z,C0101,27,523,00000,000000,District - Bid,rural,jain,males,1786
census-india-2011,sources/census-2011/c-series/state-mdds/c01-27-maharashtra.xls,bce626419f500bd7,census-c01-extract-v1.1.0-20260528T003617Z,C0101,27,523,00000,000000,District - Bid,rural,jain,females,1570
census-india-2011,sources/census-2011/c-series/state-mdds/c01-27-maharashtra.xls,bce626419f500bd7,census-c01-extract-v1.1.0-20260528T003617Z,C0101,27,523,00000,000000,District - Bid,rural,other,persons,135
census-india-2011,sources/census-2011/c-series/state-mdds/c01-27-maharashtra.xls,bce626419f500bd7,census-c01-extract-v1.1.0-20260528T003617Z,C0101,27,523,00000,000000,District - Bid,rural,other,males,65
census-india-2011,sources/census-2011/c-series/state-mdds/c01-27-maharashtra.xls,bce626419f500bd7,census-c01-extract-v1.1.0-20260528T003617Z,C0101,27,523,00000,000000,District - Bid,rural,other,females,70
census-india-2011,sources/census-2011/c-series/state-mdds/c01-27-maharashtra.xls,bce626419f500bd7,census-c01-extract-v1.1.0-20260528T003617Z,C0101,27,523,00000,000000,District - Bid,rural,not_stated,persons,5659
census-india-2011,sources/census-2011/c-series/state-mdds/c01-27-maharashtra.xls,bce626419f500bd7,census-c01-extract-v1.1.0-20260528T003617Z,C0101,27,523,00000,000000,District - Bid,rural,not_stated,males,3050
census-india-2011,sources/census-2011/c-series/state-mdds/c01-27-maharashtra.xls,bce626419f500bd7,census-c01-extract-v1.1.0-20260528T003617Z,C0101,27,523,00000,000000,District - Bid,rural,not_stated,females,2609
census-india-2011,sources/census-2011/c-series/state-mdds/c01-27-maharashtra.xls,bce626419f500bd7,census-c01-extract-v1.1.0-20260528T003617Z,C0101,27,523,00000,000000,District - Bid,urban,all,persons,514298
census-india-2011,sources/census-2011/c-series/state-mdds/c01-27-maharashtra.xls,bce626419f500bd7,census-c01-extract-v1.1.0-20260528T003617Z,C0101,27,523,00000,000000,District - Bid,urban,all,males,266128
census-india-2011,sources/census-2011/c-series/state-mdds/c01-27-maharashtra.xls,bce626419f500bd7,census-c01-extract-v1.1.0-20260528T003617Z,C0101,27,523,00000,000000,District - Bid,urban,all,females,248170
census-india-2011,sources/census-2011/c-series/state-mdds/c01-27-maharashtra.xls,bce626419f500bd7,census-c01-extract-v1.1.0-20260528T003617Z,C0101,27,523,00000,000000,District - Bid,urban,hindu,persons,309820
census-india-2011,sources/census-2011/c-series/state-mdds/c01-27-maharashtra.xls,bce626419f500bd7,census-c01-extract-v1.1.0-20260528T003617Z,C0101,27,523,00000,000000,District - Bid,urban,hindu,males,161535
census-india-2011,sources/census-2011/c-series/state-mdds/c01-27-maharashtra.xls,bce626419f500bd7,census-c01-extract-v1.1.0-20260528T003617Z,C0101,27,523,00000,000000,District - Bid,urban,hindu,females,148285
census-india-2011,sources/census-2011/c-series/state-mdds/c01-27-maharashtra.xls,bce626419f500bd7,census-c01-extract-v1.1.0-20260528T003617Z,C0101,27,523,00000,000000,District - Bid,urban,muslim,persons,168703
census-india-2011,sources/census-2011/c-series/state-mdds/c01-27-maharashtra.xls,bce626419f500bd7,census-c01-extract-v1.1.0-20260528T003617Z,C0101,27,523,00000,000000,District - Bid,urban,muslim,males,86438
census-india-2011,sources/census-2011/c-series/state-mdds/c01-27-maharashtra.xls,bce626419f500bd7,census-c01-extract-v1.1.0-20260528T003617Z,C0101,27,523,00000,000000,District - Bid,urban,muslim,females,82265
census-india-2011,sources/census-2011/c-series/state-mdds/c01-27-maharashtra.xls,bce626419f500bd7,census-c01-extract-v1.1.0-20260528T003617Z,C0101,27,523,00000,000000,District - Bid,urban,christian,persons,894
census-india-2011,sources/census-2011/c-series/state-mdds/c01-27-maharashtra.xls,bce626419f500bd7,census-c01-extract-v1.1.0-20260528T003617Z,C0101,27,523,00000,000000,District - Bid,urban,christian,males,445
census-india-2011,sources/census-2011/c-series/state-mdds/c01-27-maharashtra.xls,bce626419f500bd7,census-c01-extract-v1.1.0-20260528T003617Z,C0101,27,523,00000,000000,District - Bid,urban,christian,females,449
census-india-2011,sources/census-2011/c-series/state-mdds/c01-27-maharashtra.xls,bce626419f500bd7,census-c01-extract-v1.1.0-20260528T003617Z,C0101,27,523,00000,000000,District - Bid,urban,sikh,persons,325
census-india-2011,sources/census-2011/c-series/state-mdds/c01-27-maharashtra.xls,bce626419f500bd7,census-c01-extract-v1.1.0-20260528T003617Z,C0101,27,523,00000,000000,District - Bid,urban,sikh,males,160
census-india-2011,sources/census-2011/c-series/state-mdds/c01-27-maharashtra.xls,bce626419f500bd7,census-c01-extract-v1.1.0-20260528T003617Z,C0101,27,523,00000,000000,District - Bid,urban,sikh,females,165
census-india-2011,sources/census-2011/c-series/state-mdds/c01-27-maharashtra.xls,bce626419f500bd7,census-c01-extract-v1.1.0-20260528T003617Z,C0101,27,523,00000,000000,District - Bid,urban,buddhist,persons,25127
census-india-2011,sources/census-2011/c-series/state-mdds/c01-27-maharashtra.xls,bce626419f500bd7,census-c01-extract-v1.1.0-20260528T003617Z,C0101,27,523,00000,000000,District - Bid,urban,buddhist,males,12803
census-india-2011,sources/census-2011/c-series/state-mdds/c01-27-maharashtra.xls,bce626419f500bd7,census-c01-extract-v1.1.0-20260528T003617Z,C0101,27,523,00000,000000,District - Bid,urban,buddhist,females,12324
census-india-2011,sources/census-2011/c-series/state-mdds/c01-27-maharashtra.xls,bce626419f500bd7,census-c01-extract-v1.1.0-20260528T003617Z,C0101,27,523,00000,000000,District - Bid,urban,jain,persons,5363
census-india-2011,sources/census-2011/c-series/state-mdds/c01-27-maharashtra.xls,bce626419f500bd7,census-c01-extract-v1.1.0-20260528T003617Z,C0101,27,523,00000,000000,District - Bid,urban,jain,males,2793
census-india-2011,sources/census-2011/c-series/state-mdds/c01-27-maharashtra.xls,bce626419f500bd7,census-c01-extract-v1.1.0-20260528T003617Z,C0101,27,523,00000,000000,District - Bid,urban,jain,females,2570
census-india-2011,sources/census-2011/c-series/state-mdds/c01-27-maharashtra.xls,bce626419f500bd7,census-c01-extract-v1.1.0-20260528T003617Z,C0101,27,523,00000,000000,District - Bid,urban,other,persons,264
census-india-2011,sources/census-2011/c-series/state-mdds/c01-27-maharashtra.xls,bce626419f500bd7,census-c01-extract-v1.1.0-20260528T003617Z,C0101,27,523,00000,000000,District - Bid,urban,other,males,143
census-india-2011,sources/census-2011/c-series/state-mdds/c01-27-maharashtra.xls,bce626419f500bd7,census-c01-extract-v1.1.0-20260528T003617Z,C0101,27,523,00000,000000,District - Bid,urban,other,females,121
census-india-2011,sources/census-2011/c-series/state-mdds/c01-27-maharashtra.xls,bce626419f500bd7,census-c01-extract-v1.1.0-20260528T003617Z,C0101,27,523,00000,000000,District - Bid,urban,not_stated,persons,3802
census-india-2011,sources/census-2011/c-series/state-mdds/c01-27-maharashtra.xls,bce626419f500bd7,census-c01-extract-v1.1.0-20260528T003617Z,C0101,27,523,00000,000000,District - Bid,urban,not_stated,males,1811
census-india-2011,sources/census-2011/c-series/state-mdds/c01-27-maharashtra.xls,bce626419f500bd7,census-c01-extract-v1.1.0-20260528T003617Z,C0101,27,523,00000,000000,District - Bid,urban,not_stated,females,1991
census-india-2011,sources/census-2011/c-series/state-mdds/c01-27-maharashtra.xls,bce626419f500bd7,census-c01-extract-v1.1.0-20260528T003617Z,C0101,27,524,00000,000000,District - Latur,total,all,persons,2454196
census-india-2011,sources/census-2011/c-series/state-mdds/c01-27-maharashtra.xls,bce626419f500bd7,census-c01-extract-v1.1.0-20260528T003617Z,C0101,27,524,00000,000000,District - Latur,total,all,males,1273140
census-india-2011,sources/census-2011/c-series/state-mdds/c01-27-maharashtra.xls,bce626419f500bd7,census-c01-extract-v1.1.0-20260528T003617Z,C0101,27,524,00000,000000,District - Latur,total,all,females,1181056
census-india-2011,sources/census-2011/c-series/state-mdds/c01-27-maharashtra.xls,bce626419f500bd7,census-c01-extract-v1.1.0-20260528T003617Z,C0101,27,524,00000,000000,District - Latur,total,hindu,persons,2006984
census-india-2011,sources/census-2011/c-series/state-mdds/c01-27-maharashtra.xls,bce626419f500bd7,census-c01-extract-v1.1.0-20260528T003617Z,C0101,27,524,00000,000000,District - Latur,total,hindu,males,1042919
census-india-2011,sources/census-2011/c-series/state-mdds/c01-27-maharashtra.xls,bce626419f500bd7,census-c01-extract-v1.1.0-20260528T003617Z,C0101,27,524,00000,000000,District - Latur,total,hindu,females,964065
census-india-2011,sources/census-2011/c-series/state-mdds/c01-27-maharashtra.xls,bce626419f500bd7,census-c01-extract-v1.1.0-20260528T003617Z,C0101,27,524,00000,000000,District - Latur,total,muslim,persons,367664
census-india-2011,sources/census-2011/c-series/state-mdds/c01-27-maharashtra.xls,bce626419f500bd7,census-c01-extract-v1.1.0-20260528T003617Z,C0101,27,524,00000,000000,District - Latur,total,muslim,males,189202
census-india-2011,sources/census-2011/c-series/state-mdds/c01-27-maharashtra.xls,bce626419f500bd7,census-c01-extract-v1.1.0-20260528T003617Z,C0101,27,524,00000,000000,District - Latur,total,muslim,females,178462
census-india-2011,sources/census-2011/c-series/state-mdds/c01-27-maharashtra.xls,bce626419f500bd7,census-c01-extract-v1.1.0-20260528T003617Z,C0101,27,524,00000,000000,District - Latur,total,christian,persons,2387
census-india-2011,sources/census-2011/c-series/state-mdds/c01-27-maharashtra.xls,bce626419f500bd7,census-c01-extract-v1.1.0-20260528T003617Z,C0101,27,524,00000,000000,District - Latur,total,christian,males,1275
census-india-2011,sources/census-2011/c-series/state-mdds/c01-27-maharashtra.xls,bce626419f500bd7,census-c01-extract-v1.1.0-20260528T003617Z,C0101,27,524,00000,000000,District - Latur,total,christian,females,1112
census-india-2011,sources/census-2011/c-series/state-mdds/c01-27-maharashtra.xls,bce626419f500bd7,census-c01-extract-v1.1.0-20260528T003617Z,C0101,27,524,00000,000000,District - Latur,total,sikh,persons,935
census-india-2011,sources/census-2011/c-series/state-mdds/c01-27-maharashtra.xls,bce626419f500bd7,census-c01-extract-v1.1.0-20260528T003617Z,C0101,27,524,00000,000000,District - Latur,total,sikh,males,491
census-india-2011,sources/census-2011/c-series/state-mdds/c01-27-maharashtra.xls,bce626419f500bd7,census-c01-extract-v1.1.0-20260528T003617Z,C0101,27,524,00000,000000,District - Latur,total,sikh,females,444
census-india-2011,sources/census-2011/c-series/state-mdds/c01-27-maharashtra.xls,bce626419f500bd7,census-c01-extract-v1.1.0-20260528T003617Z,C0101,27,524,00000,000000,District - Latur,total,buddhist,persons,66535
census-india-2011,sources/census-2011/c-series/state-mdds/c01-27-maharashtra.xls,bce626419f500bd7,census-c01-extract-v1.1.0-20260528T003617Z,C0101,27,524,00000,000000,District - Latur,total,buddhist,males,34263
census-india-2011,sources/census-2011/c-series/state-mdds/c01-27-maharashtra.xls,bce626419f500bd7,census-c01-extract-v1.1.0-20260528T003617Z,C0101,27,524,00000,000000,District - Latur,total,buddhist,females,32272
census-india-2011,sources/census-2011/c-series/state-mdds/c01-27-maharashtra.xls,bce626419f500bd7,census-c01-extract-v1.1.0-20260528T003617Z,C0101,27,524,00000,000000,District - Latur,total,jain,persons,6387
census-india-2011,sources/census-2011/c-series/state-mdds/c01-27-maharashtra.xls,bce626419f500bd7,census-c01-extract-v1.1.0-20260528T003617Z,C0101,27,524,00000,000000,District - Latur,total,jain,males,3313
census-india-2011,sources/census-2011/c-series/state-mdds/c01-27-maharashtra.xls,bce626419f500bd7,census-c01-extract-v1.1.0-20260528T003617Z,C0101,27,524,00000,000000,District - Latur,total,jain,females,3074
census-india-2011,sources/census-2011/c-series/state-mdds/c01-27-maharashtra.xls,bce626419f500bd7,census-c01-extract-v1.1.0-20260528T003617Z,C0101,27,524,00000,000000,District - Latur,total,other,persons,310
census-india-2011,sources/census-2011/c-series/state-mdds/c01-27-maharashtra.xls,bce626419f500bd7,census-c01-extract-v1.1.0-20260528T003617Z,C0101,27,524,00000,000000,District - Latur,total,other,males,170
census-india-2011,sources/census-2011/c-series/state-mdds/c01-27-maharashtra.xls,bce626419f500bd7,census-c01-extract-v1.1.0-20260528T003617Z,C0101,27,524,00000,000000,District - Latur,total,other,females,140
census-india-2011,sources/census-2011/c-series/state-mdds/c01-27-maharashtra.xls,bce626419f500bd7,census-c01-extract-v1.1.0-20260528T003617Z,C0101,27,524,00000,000000,District - Latur,total,not_stated,persons,2994
census-india-2011,sources/census-2011/c-series/state-mdds/c01-27-maharashtra.xls,bce626419f500bd7,census-c01-extract-v1.1.0-20260528T003617Z,C0101,27,524,00000,000000,District - Latur,total,not_stated,males,1507
census-india-2011,sources/census-2011/c-series/state-mdds/c01-27-maharashtra.xls,bce626419f500bd7,census-c01-extract-v1.1.0-20260528T003617Z,C0101,27,524,00000,000000,District - Latur,total,not_stated,females,1487
census-india-2011,sources/census-2011/c-series/state-mdds/c01-27-maharashtra.xls,bce626419f500bd7,census-c01-extract-v1.1.0-20260528T003617Z,C0101,27,524,00000,000000,District - Latur,rural,all,persons,1829216
census-india-2011,sources/census-2011/c-series/state-mdds/c01-27-maharashtra.xls,bce626419f500bd7,census-c01-extract-v1.1.0-20260528T003617Z,C0101,27,524,00000,000000,District - Latur,rural,all,males,949707
census-india-2011,sources/census-2011/c-series/state-mdds/c01-27-maharashtra.xls,bce626419f500bd7,census-c01-extract-v1.1.0-20260528T003617Z,C0101,27,524,00000,000000,District - Latur,rural,all,females,879509
census-india-2011,sources/census-2011/c-series/state-mdds/c01-27-maharashtra.xls,bce626419f500bd7,census-c01-extract-v1.1.0-20260528T003617Z,C0101,27,524,00000,000000,District - Latur,rural,hindu,persons,1586546
census-india-2011,sources/census-2011/c-series/state-mdds/c01-27-maharashtra.xls,bce626419f500bd7,census-c01-extract-v1.1.0-20260528T003617Z,C0101,27,524,00000,000000,District - Latur,rural,hindu,males,825060
census-india-2011,sources/census-2011/c-series/state-mdds/c01-27-maharashtra.xls,bce626419f500bd7,census-c01-extract-v1.1.0-20260528T003617Z,C0101,27,524,00000,000000,District - Latur,rural,hindu,females,761486
census-india-2011,sources/census-2011/c-series/state-mdds/c01-27-maharashtra.xls,bce626419f500bd7,census-c01-extract-v1.1.0-20260528T003617Z,C0101,27,524,00000,000000,District - Latur,rural,muslim,persons,195892
census-india-2011,sources/census-2011/c-series/state-mdds/c01-27-maharashtra.xls,bce626419f500bd7,census-c01-extract-v1.1.0-20260528T003617Z,C0101,27,524,00000,000000,District - Latur,rural,muslim,males,100423
census-india-2011,sources/census-2011/c-series/state-mdds/c01-27-maharashtra.xls,bce626419f500bd7,census-c01-extract-v1.1.0-20260528T003617Z,C0101,27,524,00000,000000,District - Latur,rural,muslim,females,95469
census-india-2011,sources/census-2011/c-series/state-mdds/c01-27-maharashtra.xls,bce626419f500bd7,census-c01-extract-v1.1.0-20260528T003617Z,C0101,27,524,00000,000000,District - Latur,rural,christian,persons,1247
census-india-2011,sources/census-2011/c-series/state-mdds/c01-27-maharashtra.xls,bce626419f500bd7,census-c01-extract-v1.1.0-20260528T003617Z,C0101,27,524,00000,000000,District - Latur,rural,christian,males,670
census-india-2011,sources/census-2011/c-series/state-mdds/c01-27-maharashtra.xls,bce626419f500bd7,census-c01-extract-v1.1.0-20260528T003617Z,C0101,27,524,00000,000000,District - Latur,rural,christian,females,577
census-india-2011,sources/census-2011/c-series/state-mdds/c01-27-maharashtra.xls,bce626419f500bd7,census-c01-extract-v1.1.0-20260528T003617Z,C0101,27,524,00000,000000,District - Latur,rural,sikh,persons,430
census-india-2011,sources/census-2011/c-series/state-mdds/c01-27-maharashtra.xls,bce626419f500bd7,census-c01-extract-v1.1.0-20260528T003617Z,C0101,27,524,00000,000000,District - Latur,rural,sikh,males,232
census-india-2011,sources/census-2011/c-series/state-mdds/c01-27-maharashtra.xls,bce626419f500bd7,census-c01-extract-v1.1.0-20260528T003617Z,C0101,27,524,00000,000000,District - Latur,rural,sikh,females,198
census-india-2011,sources/census-2011/c-series/state-mdds/c01-27-maharashtra.xls,bce626419f500bd7,census-c01-extract-v1.1.0-20260528T003617Z,C0101,27,524,00000,000000,District - Latur,rural,buddhist,persons,40626
census-india-2011,sources/census-2011/c-series/state-mdds/c01-27-maharashtra.xls,bce626419f500bd7,census-c01-extract-v1.1.0-20260528T003617Z,C0101,27,524,00000,000000,District - Latur,rural,buddhist,males,21011
census-india-2011,sources/census-2011/c-series/state-mdds/c01-27-maharashtra.xls,bce626419f500bd7,census-c01-extract-v1.1.0-20260528T003617Z,C0101,27,524,00000,000000,District - Latur,rural,buddhist,females,19615
census-india-2011,sources/census-2011/c-series/state-mdds/c01-27-maharashtra.xls,bce626419f500bd7,census-c01-extract-v1.1.0-20260528T003617Z,C0101,27,524,00000,000000,District - Latur,rural,jain,persons,2585
census-india-2011,sources/census-2011/c-series/state-mdds/c01-27-maharashtra.xls,bce626419f500bd7,census-c01-extract-v1.1.0-20260528T003617Z,C0101,27,524,00000,000000,District - Latur,rural,jain,males,1356
census-india-2011,sources/census-2011/c-series/state-mdds/c01-27-maharashtra.xls,bce626419f500bd7,census-c01-extract-v1.1.0-20260528T003617Z,C0101,27,524,00000,000000,District - Latur,rural,jain,females,1229
census-india-2011,sources/census-2011/c-series/state-mdds/c01-27-maharashtra.xls,bce626419f500bd7,census-c01-extract-v1.1.0-20260528T003617Z,C0101,27,524,00000,000000,District - Latur,rural,other,persons,115
census-india-2011,sources/census-2011/c-series/state-mdds/c01-27-maharashtra.xls,bce626419f500bd7,census-c01-extract-v1.1.0-20260528T003617Z,C0101,27,524,00000,000000,District - Latur,rural,other,males,59
census-india-2011,sources/census-2011/c-series/state-mdds/c01-27-maharashtra.xls,bce626419f500bd7,census-c01-extract-v1.1.0-20260528T003617Z,C0101,27,524,00000,000000,District - Latur,rural,other,females,56
census-india-2011,sources/census-2011/c-series/state-mdds/c01-27-maharashtra.xls,bce626419f500bd7,census-c01-extract-v1.1.0-20260528T003617Z,C0101,27,524,00000,000000,District - Latur,rural,not_stated,persons,1775
census-india-2011,sources/census-2011/c-series/state-mdds/c01-27-maharashtra.xls,bce626419f500bd7,census-c01-extract-v1.1.0-20260528T003617Z,C0101,27,524,00000,000000,District - Latur,rural,not_stated,males,896
census-india-2011,sources/census-2011/c-series/state-mdds/c01-27-maharashtra.xls,bce626419f500bd7,census-c01-extract-v1.1.0-20260528T003617Z,C0101,27,524,00000,000000,District - Latur,rural,not_stated,females,879
census-india-2011,sources/census-2011/c-series/state-mdds/c01-27-maharashtra.xls,bce626419f500bd7,census-c01-extract-v1.1.0-20260528T003617Z,C0101,27,524,00000,000000,District - Latur,urban,all,persons,624980
census-india-2011,sources/census-2011/c-series/state-mdds/c01-27-maharashtra.xls,bce626419f500bd7,census-c01-extract-v1.1.0-20260528T003617Z,C0101,27,524,00000,000000,District - Latur,urban,all,males,323433
census-india-2011,sources/census-2011/c-series/state-mdds/c01-27-maharashtra.xls,bce626419f500bd7,census-c01-extract-v1.1.0-20260528T003617Z,C0101,27,524,00000,000000,District - Latur,urban,all,females,301547
census-india-2011,sources/census-2011/c-series/state-mdds/c01-27-maharashtra.xls,bce626419f500bd7,census-c01-extract-v1.1.0-20260528T003617Z,C0101,27,524,00000,000000,District - Latur,urban,hindu,persons,420438
census-india-2011,sources/census-2011/c-series/state-mdds/c01-27-maharashtra.xls,bce626419f500bd7,census-c01-extract-v1.1.0-20260528T003617Z,C0101,27,524,00000,000000,District - Latur,urban,hindu,males,217859
census-india-2011,sources/census-2011/c-series/state-mdds/c01-27-maharashtra.xls,bce626419f500bd7,census-c01-extract-v1.1.0-20260528T003617Z,C0101,27,524,00000,000000,District - Latur,urban,hindu,females,202579
census-india-2011,sources/census-2011/c-series/state-mdds/c01-27-maharashtra.xls,bce626419f500bd7,census-c01-extract-v1.1.0-20260528T003617Z,C0101,27,524,00000,000000,District - Latur,urban,muslim,persons,171772
census-india-2011,sources/census-2011/c-series/state-mdds/c01-27-maharashtra.xls,bce626419f500bd7,census-c01-extract-v1.1.0-20260528T003617Z,C0101,27,524,00000,000000,District - Latur,urban,muslim,males,88779
census-india-2011,sources/census-2011/c-series/state-mdds/c01-27-maharashtra.xls,bce626419f500bd7,census-c01-extract-v1.1.0-20260528T003617Z,C0101,27,524,00000,000000,District - Latur,urban,muslim,females,82993
census-india-2011,sources/census-2011/c-series/state-mdds/c01-27-maharashtra.xls,bce626419f500bd7,census-c01-extract-v1.1.0-20260528T003617Z,C0101,27,524,00000,000000,District - Latur,urban,christian,persons,1140
census-india-2011,sources/census-2011/c-series/state-mdds/c01-27-maharashtra.xls,bce626419f500bd7,census-c01-extract-v1.1.0-20260528T003617Z,C0101,27,524,00000,000000,District - Latur,urban,christian,males,605
census-india-2011,sources/census-2011/c-series/state-mdds/c01-27-maharashtra.xls,bce626419f500bd7,census-c01-extract-v1.1.0-20260528T003617Z,C0101,27,524,00000,000000,District - Latur,urban,christian,females,535
census-india-2011,sources/census-2011/c-series/state-mdds/c01-27-maharashtra.xls,bce626419f500bd7,census-c01-extract-v1.1.0-20260528T003617Z,C0101,27,524,00000,000000,District - Latur,urban,sikh,persons,505
census-india-2011,sources/census-2011/c-series/state-mdds/c01-27-maharashtra.xls,bce626419f500bd7,census-c01-extract-v1.1.0-20260528T003617Z,C0101,27,524,00000,000000,District - Latur,urban,sikh,males,259
census-india-2011,sources/census-2011/c-series/state-mdds/c01-27-maharashtra.xls,bce626419f500bd7,census-c01-extract-v1.1.0-20260528T003617Z,C0101,27,524,00000,000000,District - Latur,urban,sikh,females,246
census-india-2011,sources/census-2011/c-series/state-mdds/c01-27-maharashtra.xls,bce626419f500bd7,census-c01-extract-v1.1.0-20260528T003617Z,C0101,27,524,00000,000000,District - Latur,urban,buddhist,persons,25909
census-india-2011,sources/census-2011/c-series/state-mdds/c01-27-maharashtra.xls,bce626419f500bd7,census-c01-extract-v1.1.0-20260528T003617Z,C0101,27,524,00000,000000,District - Latur,urban,buddhist,males,13252
census-india-2011,sources/census-2011/c-series/state-mdds/c01-27-maharashtra.xls,bce626419f500bd7,census-c01-extract-v1.1.0-20260528T003617Z,C0101,27,524,00000,000000,District - Latur,urban,buddhist,females,12657
census-india-2011,sources/census-2011/c-series/state-mdds/c01-27-maharashtra.xls,bce626419f500bd7,census-c01-extract-v1.1.0-20260528T003617Z,C0101,27,524,00000,000000,District - Latur,urban,jain,persons,3802
census-india-2011,sources/census-2011/c-series/state-mdds/c01-27-maharashtra.xls,bce626419f500bd7,census-c01-extract-v1.1.0-20260528T003617Z,C0101,27,524,00000,000000,District - Latur,urban,jain,males,1957
census-india-2011,sources/census-2011/c-series/state-mdds/c01-27-maharashtra.xls,bce626419f500bd7,census-c01-extract-v1.1.0-20260528T003617Z,C0101,27,524,00000,000000,District - Latur,urban,jain,females,1845
census-india-2011,sources/census-2011/c-series/state-mdds/c01-27-maharashtra.xls,bce626419f500bd7,census-c01-extract-v1.1.0-20260528T003617Z,C0101,27,524,00000,000000,District - Latur,urban,other,persons,195
census-india-2011,sources/census-2011/c-series/state-mdds/c01-27-maharashtra.xls,bce626419f500bd7,census-c01-extract-v1.1.0-20260528T003617Z,C0101,27,524,00000,000000,District - Latur,urban,other,males,111
census-india-2011,sources/census-2011/c-series/state-mdds/c01-27-maharashtra.xls,bce626419f500bd7,census-c01-extract-v1.1.0-20260528T003617Z,C0101,27,524,00000,000000,District - Latur,urban,other,females,84
census-india-2011,sources/census-2011/c-series/state-mdds/c01-27-maharashtra.xls,bce626419f500bd7,census-c01-extract-v1.1.0-20260528T003617Z,C0101,27,524,00000,000000,District - Latur,urban,not_stated,persons,1219
census-india-2011,sources/census-2011/c-series/state-mdds/c01-27-maharashtra.xls,bce626419f500bd7,census-c01-extract-v1.1.0-20260528T003617Z,C0101,27,524,00000,000000,District - Latur,urban,not_stated,males,611
census-india-2011,sources/census-2011/c-series/state-mdds/c01-27-maharashtra.xls,bce626419f500bd7,census-c01-extract-v1.1.0-20260528T003617Z,C0101,27,524,00000,000000,District - Latur,urban,not_stated,females,608
census-india-2011,sources/census-2011/c-series/state-mdds/c01-27-maharashtra.xls,bce626419f500bd7,census-c01-extract-v1.1.0-20260528T003617Z,C0101,27,525,00000,000000,District - Osmanabad,total,all,persons,1657576
census-india-2011,sources/census-2011/c-series/state-mdds/c01-27-maharashtra.xls,bce626419f500bd7,census-c01-extract-v1.1.0-20260528T003617Z,C0101,27,525,00000,000000,District - Osmanabad,total,all,males,861535
census-india-2011,sources/census-2011/c-series/state-mdds/c01-27-maharashtra.xls,bce626419f500bd7,census-c01-extract-v1.1.0-20260528T003617Z,C0101,27,525,00000,000000,District - Osmanabad,total,all,females,796041
census-india-2011,sources/census-2011/c-series/state-mdds/c01-27-maharashtra.xls,bce626419f500bd7,census-c01-extract-v1.1.0-20260528T003617Z,C0101,27,525,00000,000000,District - Osmanabad,total,hindu,persons,1437623
census-india-2011,sources/census-2011/c-series/state-mdds/c01-27-maharashtra.xls,bce626419f500bd7,census-c01-extract-v1.1.0-20260528T003617Z,C0101,27,525,00000,000000,District - Osmanabad,total,hindu,males,748657
census-india-2011,sources/census-2011/c-series/state-mdds/c01-27-maharashtra.xls,bce626419f500bd7,census-c01-extract-v1.1.0-20260528T003617Z,C0101,27,525,00000,000000,District - Osmanabad,total,hindu,females,688966
census-india-2011,sources/census-2011/c-series/state-mdds/c01-27-maharashtra.xls,bce626419f500bd7,census-c01-extract-v1.1.0-20260528T003617Z,C0101,27,525,00000,000000,District - Osmanabad,total,muslim,persons,178925
census-india-2011,sources/census-2011/c-series/state-mdds/c01-27-maharashtra.xls,bce626419f500bd7,census-c01-extract-v1.1.0-20260528T003617Z,C0101,27,525,00000,000000,District - Osmanabad,total,muslim,males,91644
census-india-2011,sources/census-2011/c-series/state-mdds/c01-27-maharashtra.xls,bce626419f500bd7,census-c01-extract-v1.1.0-20260528T003617Z,C0101,27,525,00000,000000,District - Osmanabad,total,muslim,females,87281
census-india-2011,sources/census-2011/c-series/state-mdds/c01-27-maharashtra.xls,bce626419f500bd7,census-c01-extract-v1.1.0-20260528T003617Z,C0101,27,525,00000,000000,District - Osmanabad,total,christian,persons,942
census-india-2011,sources/census-2011/c-series/state-mdds/c01-27-maharashtra.xls,bce626419f500bd7,census-c01-extract-v1.1.0-20260528T003617Z,C0101,27,525,00000,000000,District - Osmanabad,total,christian,males,465
census-india-2011,sources/census-2011/c-series/state-mdds/c01-27-maharashtra.xls,bce626419f500bd7,census-c01-extract-v1.1.0-20260528T003617Z,C0101,27,525,00000,000000,District - Osmanabad,total,christian,females,477
census-india-2011,sources/census-2011/c-series/state-mdds/c01-27-maharashtra.xls,bce626419f500bd7,census-c01-extract-v1.1.0-20260528T003617Z,C0101,27,525,00000,000000,District - Osmanabad,total,sikh,persons,340
census-india-2011,sources/census-2011/c-series/state-mdds/c01-27-maharashtra.xls,bce626419f500bd7,census-c01-extract-v1.1.0-20260528T003617Z,C0101,27,525,00000,000000,District - Osmanabad,total,sikh,males,187
census-india-2011,sources/census-2011/c-series/state-mdds/c01-27-maharashtra.xls,bce626419f500bd7,census-c01-extract-v1.1.0-20260528T003617Z,C0101,27,525,00000,000000,District - Osmanabad,total,sikh,females,153
census-india-2011,sources/census-2011/c-series/state-mdds/c01-27-maharashtra.xls,bce626419f500bd7,census-c01-extract-v1.1.0-20260528T003617Z,C0101,27,525,00000,000000,District - Osmanabad,total,buddhist,persons,28216
census-india-2011,sources/census-2011/c-series/state-mdds/c01-27-maharashtra.xls,bce626419f500bd7,census-c01-extract-v1.1.0-20260528T003617Z,C0101,27,525,00000,000000,District - Osmanabad,total,buddhist,males,14633
census-india-2011,sources/census-2011/c-series/state-mdds/c01-27-maharashtra.xls,bce626419f500bd7,census-c01-extract-v1.1.0-20260528T003617Z,C0101,27,525,00000,000000,District - Osmanabad,total,buddhist,females,13583
census-india-2011,sources/census-2011/c-series/state-mdds/c01-27-maharashtra.xls,bce626419f500bd7,census-c01-extract-v1.1.0-20260528T003617Z,C0101,27,525,00000,000000,District - Osmanabad,total,jain,persons,4530
census-india-2011,sources/census-2011/c-series/state-mdds/c01-27-maharashtra.xls,bce626419f500bd7,census-c01-extract-v1.1.0-20260528T003617Z,C0101,27,525,00000,000000,District - Osmanabad,total,jain,males,2352
census-india-2011,sources/census-2011/c-series/state-mdds/c01-27-maharashtra.xls,bce626419f500bd7,census-c01-extract-v1.1.0-20260528T003617Z,C0101,27,525,00000,000000,District - Osmanabad,total,jain,females,2178
census-india-2011,sources/census-2011/c-series/state-mdds/c01-27-maharashtra.xls,bce626419f500bd7,census-c01-extract-v1.1.0-20260528T003617Z,C0101,27,525,00000,000000,District - Osmanabad,total,other,persons,195
census-india-2011,sources/census-2011/c-series/state-mdds/c01-27-maharashtra.xls,bce626419f500bd7,census-c01-extract-v1.1.0-20260528T003617Z,C0101,27,525,00000,000000,District - Osmanabad,total,other,males,92
census-india-2011,sources/census-2011/c-series/state-mdds/c01-27-maharashtra.xls,bce626419f500bd7,census-c01-extract-v1.1.0-20260528T003617Z,C0101,27,525,00000,000000,District - Osmanabad,total,other,females,103
census-india-2011,sources/census-2011/c-series/state-mdds/c01-27-maharashtra.xls,bce626419f500bd7,census-c01-extract-v1.1.0-20260528T003617Z,C0101,27,525,00000,000000,District - Osmanabad,total,not_stated,persons,6805
census-india-2011,sources/census-2011/c-series/state-mdds/c01-27-maharashtra.xls,bce626419f500bd7,census-c01-extract-v1.1.0-20260528T003617Z,C0101,27,525,00000,000000,District - Osmanabad,total,not_stated,males,3505
census-india-2011,sources/census-2011/c-series/state-mdds/c01-27-maharashtra.xls,bce626419f500bd7,census-c01-extract-v1.1.0-20260528T003617Z,C0101,27,525,00000,000000,District - Osmanabad,total,not_stated,females,3300
census-india-2011,sources/census-2011/c-series/state-mdds/c01-27-maharashtra.xls,bce626419f500bd7,census-c01-extract-v1.1.0-20260528T003617Z,C0101,27,525,00000,000000,District - Osmanabad,rural,all,persons,1376519
census-india-2011,sources/census-2011/c-series/state-mdds/c01-27-maharashtra.xls,bce626419f500bd7,census-c01-extract-v1.1.0-20260528T003617Z,C0101,27,525,00000,000000,District - Osmanabad,rural,all,males,716237
census-india-2011,sources/census-2011/c-series/state-mdds/c01-27-maharashtra.xls,bce626419f500bd7,census-c01-extract-v1.1.0-20260528T003617Z,C0101,27,525,00000,000000,District - Osmanabad,rural,all,females,660282
census-india-2011,sources/census-2011/c-series/state-mdds/c01-27-maharashtra.xls,bce626419f500bd7,census-c01-extract-v1.1.0-20260528T003617Z,C0101,27,525,00000,000000,District - Osmanabad,rural,hindu,persons,1238444
census-india-2011,sources/census-2011/c-series/state-mdds/c01-27-maharashtra.xls,bce626419f500bd7,census-c01-extract-v1.1.0-20260528T003617Z,C0101,27,525,00000,000000,District - Osmanabad,rural,hindu,males,645248
census-india-2011,sources/census-2011/c-series/state-mdds/c01-27-maharashtra.xls,bce626419f500bd7,census-c01-extract-v1.1.0-20260528T003617Z,C0101,27,525,00000,000000,District - Osmanabad,rural,hindu,females,593196
census-india-2011,sources/census-2011/c-series/state-mdds/c01-27-maharashtra.xls,bce626419f500bd7,census-c01-extract-v1.1.0-20260528T003617Z,C0101,27,525,00000,000000,District - Osmanabad,rural,muslim,persons,111227
census-india-2011,sources/census-2011/c-series/state-mdds/c01-27-maharashtra.xls,bce626419f500bd7,census-c01-extract-v1.1.0-20260528T003617Z,C0101,27,525,00000,000000,District - Osmanabad,rural,muslim,males,57085
census-india-2011,sources/census-2011/c-series/state-mdds/c01-27-maharashtra.xls,bce626419f500bd7,census-c01-extract-v1.1.0-20260528T003617Z,C0101,27,525,00000,000000,District - Osmanabad,rural,muslim,females,54142
census-india-2011,sources/census-2011/c-series/state-mdds/c01-27-maharashtra.xls,bce626419f500bd7,census-c01-extract-v1.1.0-20260528T003617Z,C0101,27,525,00000,000000,District - Osmanabad,rural,christian,persons,555
census-india-2011,sources/census-2011/c-series/state-mdds/c01-27-maharashtra.xls,bce626419f500bd7,census-c01-extract-v1.1.0-20260528T003617Z,C0101,27,525,00000,000000,District - Osmanabad,rural,christian,males,277
census-india-2011,sources/census-2011/c-series/state-mdds/c01-27-maharashtra.xls,bce626419f500bd7,census-c01-extract-v1.1.0-20260528T003617Z,C0101,27,525,00000,000000,District - Osmanabad,rural,christian,females,278
census-india-2011,sources/census-2011/c-series/state-mdds/c01-27-maharashtra.xls,bce626419f500bd7,census-c01-extract-v1.1.0-20260528T003617Z,C0101,27,525,00000,000000,District - Osmanabad,rural,sikh,persons,217
census-india-2011,sources/census-2011/c-series/state-mdds/c01-27-maharashtra.xls,bce626419f500bd7,census-c01-extract-v1.1.0-20260528T003617Z,C0101,27,525,00000,000000,District - Osmanabad,rural,sikh,males,123
census-india-2011,sources/census-2011/c-series/state-mdds/c01-27-maharashtra.xls,bce626419f500bd7,census-c01-extract-v1.1.0-20260528T003617Z,C0101,27,525,00000,000000,District - Osmanabad,rural,sikh,females,94
census-india-2011,sources/census-2011/c-series/state-mdds/c01-27-maharashtra.xls,bce626419f500bd7,census-c01-extract-v1.1.0-20260528T003617Z,C0101,27,525,00000,000000,District - Osmanabad,rural,buddhist,persons,17686
census-india-2011,sources/census-2011/c-series/state-mdds/c01-27-maharashtra.xls,bce626419f500bd7,census-c01-extract-v1.1.0-20260528T003617Z,C0101,27,525,00000,000000,District - Osmanabad,rural,buddhist,males,9197
census-india-2011,sources/census-2011/c-series/state-mdds/c01-27-maharashtra.xls,bce626419f500bd7,census-c01-extract-v1.1.0-20260528T003617Z,C0101,27,525,00000,000000,District - Osmanabad,rural,buddhist,females,8489
census-india-2011,sources/census-2011/c-series/state-mdds/c01-27-maharashtra.xls,bce626419f500bd7,census-c01-extract-v1.1.0-20260528T003617Z,C0101,27,525,00000,000000,District - Osmanabad,rural,jain,persons,2523
census-india-2011,sources/census-2011/c-series/state-mdds/c01-27-maharashtra.xls,bce626419f500bd7,census-c01-extract-v1.1.0-20260528T003617Z,C0101,27,525,00000,000000,District - Osmanabad,rural,jain,males,1296
census-india-2011,sources/census-2011/c-series/state-mdds/c01-27-maharashtra.xls,bce626419f500bd7,census-c01-extract-v1.1.0-20260528T003617Z,C0101,27,525,00000,000000,District - Osmanabad,rural,jain,females,1227
census-india-2011,sources/census-2011/c-series/state-mdds/c01-27-maharashtra.xls,bce626419f500bd7,census-c01-extract-v1.1.0-20260528T003617Z,C0101,27,525,00000,000000,District - Osmanabad,rural,other,persons,79
census-india-2011,sources/census-2011/c-series/state-mdds/c01-27-maharashtra.xls,bce626419f500bd7,census-c01-extract-v1.1.0-20260528T003617Z,C0101,27,525,00000,000000,District - Osmanabad,rural,other,males,37
census-india-2011,sources/census-2011/c-series/state-mdds/c01-27-maharashtra.xls,bce626419f500bd7,census-c01-extract-v1.1.0-20260528T003617Z,C0101,27,525,00000,000000,District - Osmanabad,rural,other,females,42
census-india-2011,sources/census-2011/c-series/state-mdds/c01-27-maharashtra.xls,bce626419f500bd7,census-c01-extract-v1.1.0-20260528T003617Z,C0101,27,525,00000,000000,District - Osmanabad,rural,not_stated,persons,5788
census-india-2011,sources/census-2011/c-series/state-mdds/c01-27-maharashtra.xls,bce626419f500bd7,census-c01-extract-v1.1.0-20260528T003617Z,C0101,27,525,00000,000000,District - Osmanabad,rural,not_stated,males,2974
census-india-2011,sources/census-2011/c-series/state-mdds/c01-27-maharashtra.xls,bce626419f500bd7,census-c01-extract-v1.1.0-20260528T003617Z,C0101,27,525,00000,000000,District - Osmanabad,rural,not_stated,females,2814
census-india-2011,sources/census-2011/c-series/state-mdds/c01-27-maharashtra.xls,bce626419f500bd7,census-c01-extract-v1.1.0-20260528T003617Z,C0101,27,525,00000,000000,District - Osmanabad,urban,all,persons,281057
census-india-2011,sources/census-2011/c-series/state-mdds/c01-27-maharashtra.xls,bce626419f500bd7,census-c01-extract-v1.1.0-20260528T003617Z,C0101,27,525,00000,000000,District - Osmanabad,urban,all,males,145298
census-india-2011,sources/census-2011/c-series/state-mdds/c01-27-maharashtra.xls,bce626419f500bd7,census-c01-extract-v1.1.0-20260528T003617Z,C0101,27,525,00000,000000,District - Osmanabad,urban,all,females,135759
census-india-2011,sources/census-2011/c-series/state-mdds/c01-27-maharashtra.xls,bce626419f500bd7,census-c01-extract-v1.1.0-20260528T003617Z,C0101,27,525,00000,000000,District - Osmanabad,urban,hindu,persons,199179
census-india-2011,sources/census-2011/c-series/state-mdds/c01-27-maharashtra.xls,bce626419f500bd7,census-c01-extract-v1.1.0-20260528T003617Z,C0101,27,525,00000,000000,District - Osmanabad,urban,hindu,males,103409
census-india-2011,sources/census-2011/c-series/state-mdds/c01-27-maharashtra.xls,bce626419f500bd7,census-c01-extract-v1.1.0-20260528T003617Z,C0101,27,525,00000,000000,District - Osmanabad,urban,hindu,females,95770
census-india-2011,sources/census-2011/c-series/state-mdds/c01-27-maharashtra.xls,bce626419f500bd7,census-c01-extract-v1.1.0-20260528T003617Z,C0101,27,525,00000,000000,District - Osmanabad,urban,muslim,persons,67698
census-india-2011,sources/census-2011/c-series/state-mdds/c01-27-maharashtra.xls,bce626419f500bd7,census-c01-extract-v1.1.0-20260528T003617Z,C0101,27,525,00000,000000,District - Osmanabad,urban,muslim,males,34559
census-india-2011,sources/census-2011/c-series/state-mdds/c01-27-maharashtra.xls,bce626419f500bd7,census-c01-extract-v1.1.0-20260528T003617Z,C0101,27,525,00000,000000,District - Osmanabad,urban,muslim,females,33139
census-india-2011,sources/census-2011/c-series/state-mdds/c01-27-maharashtra.xls,bce626419f500bd7,census-c01-extract-v1.1.0-20260528T003617Z,C0101,27,525,00000,000000,District - Osmanabad,urban,christian,persons,387
census-india-2011,sources/census-2011/c-series/state-mdds/c01-27-maharashtra.xls,bce626419f500bd7,census-c01-extract-v1.1.0-20260528T003617Z,C0101,27,525,00000,000000,District - Osmanabad,urban,christian,males,188
census-india-2011,sources/census-2011/c-series/state-mdds/c01-27-maharashtra.xls,bce626419f500bd7,census-c01-extract-v1.1.0-20260528T003617Z,C0101,27,525,00000,000000,District - Osmanabad,urban,christian,females,199
census-india-2011,sources/census-2011/c-series/state-mdds/c01-27-maharashtra.xls,bce626419f500bd7,census-c01-extract-v1.1.0-20260528T003617Z,C0101,27,525,00000,000000,District - Osmanabad,urban,sikh,persons,123
census-india-2011,sources/census-2011/c-series/state-mdds/c01-27-maharashtra.xls,bce626419f500bd7,census-c01-extract-v1.1.0-20260528T003617Z,C0101,27,525,00000,000000,District - Osmanabad,urban,sikh,males,64
census-india-2011,sources/census-2011/c-series/state-mdds/c01-27-maharashtra.xls,bce626419f500bd7,census-c01-extract-v1.1.0-20260528T003617Z,C0101,27,525,00000,000000,District - Osmanabad,urban,sikh,females,59
census-india-2011,sources/census-2011/c-series/state-mdds/c01-27-maharashtra.xls,bce626419f500bd7,census-c01-extract-v1.1.0-20260528T003617Z,C0101,27,525,00000,000000,District - Osmanabad,urban,buddhist,persons,10530
census-india-2011,sources/census-2011/c-series/state-mdds/c01-27-maharashtra.xls,bce626419f500bd7,census-c01-extract-v1.1.0-20260528T003617Z,C0101,27,525,00000,000000,District - Osmanabad,urban,buddhist,males,5436
census-india-2011,sources/census-2011/c-series/state-mdds/c01-27-maharashtra.xls,bce626419f500bd7,census-c01-extract-v1.1.0-20260528T003617Z,C0101,27,525,00000,000000,District - Osmanabad,urban,buddhist,females,5094
census-india-2011,sources/census-2011/c-series/state-mdds/c01-27-maharashtra.xls,bce626419f500bd7,census-c01-extract-v1.1.0-20260528T003617Z,C0101,27,525,00000,000000,District - Osmanabad,urban,jain,persons,2007
census-india-2011,sources/census-2011/c-series/state-mdds/c01-27-maharashtra.xls,bce626419f500bd7,census-c01-extract-v1.1.0-20260528T003617Z,C0101,27,525,00000,000000,District - Osmanabad,urban,jain,males,1056
census-india-2011,sources/census-2011/c-series/state-mdds/c01-27-maharashtra.xls,bce626419f500bd7,census-c01-extract-v1.1.0-20260528T003617Z,C0101,27,525,00000,000000,District - Osmanabad,urban,jain,females,951
census-india-2011,sources/census-2011/c-series/state-mdds/c01-27-maharashtra.xls,bce626419f500bd7,census-c01-extract-v1.1.0-20260528T003617Z,C0101,27,525,00000,000000,District - Osmanabad,urban,other,persons,116
census-india-2011,sources/census-2011/c-series/state-mdds/c01-27-maharashtra.xls,bce626419f500bd7,census-c01-extract-v1.1.0-20260528T003617Z,C0101,27,525,00000,000000,District - Osmanabad,urban,other,males,55
census-india-2011,sources/census-2011/c-series/state-mdds/c01-27-maharashtra.xls,bce626419f500bd7,census-c01-extract-v1.1.0-20260528T003617Z,C0101,27,525,00000,000000,District - Osmanabad,urban,other,females,61
census-india-2011,sources/census-2011/c-series/state-mdds/c01-27-maharashtra.xls,bce626419f500bd7,census-c01-extract-v1.1.0-20260528T003617Z,C0101,27,525,00000,000000,District - Osmanabad,urban,not_stated,persons,1017
census-india-2011,sources/census-2011/c-series/state-mdds/c01-27-maharashtra.xls,bce626419f500bd7,census-c01-extract-v1.1.0-20260528T003617Z,C0101,27,525,00000,000000,District - Osmanabad,urban,not_stated,males,531
census-india-2011,sources/census-2011/c-series/state-mdds/c01-27-maharashtra.xls,bce626419f500bd7,census-c01-extract-v1.1.0-20260528T003617Z,C0101,27,525,00000,000000,District - Osmanabad,urban,not_stated,females,486
census-india-2011,sources/census-2011/c-series/state-mdds/c01-27-maharashtra.xls,bce626419f500bd7,census-c01-extract-v1.1.0-20260528T003617Z,C0101,27,526,00000,000000,District - Solapur,total,all,persons,4317756
census-india-2011,sources/census-2011/c-series/state-mdds/c01-27-maharashtra.xls,bce626419f500bd7,census-c01-extract-v1.1.0-20260528T003617Z,C0101,27,526,00000,000000,District - Solapur,total,all,males,2227852
census-india-2011,sources/census-2011/c-series/state-mdds/c01-27-maharashtra.xls,bce626419f500bd7,census-c01-extract-v1.1.0-20260528T003617Z,C0101,27,526,00000,000000,District - Solapur,total,all,females,2089904
census-india-2011,sources/census-2011/c-series/state-mdds/c01-27-maharashtra.xls,bce626419f500bd7,census-c01-extract-v1.1.0-20260528T003617Z,C0101,27,526,00000,000000,District - Solapur,total,hindu,persons,3795424
census-india-2011,sources/census-2011/c-series/state-mdds/c01-27-maharashtra.xls,bce626419f500bd7,census-c01-extract-v1.1.0-20260528T003617Z,C0101,27,526,00000,000000,District - Solapur,total,hindu,males,1962275
census-india-2011,sources/census-2011/c-series/state-mdds/c01-27-maharashtra.xls,bce626419f500bd7,census-c01-extract-v1.1.0-20260528T003617Z,C0101,27,526,00000,000000,District - Solapur,total,hindu,females,1833149
census-india-2011,sources/census-2011/c-series/state-mdds/c01-27-maharashtra.xls,bce626419f500bd7,census-c01-extract-v1.1.0-20260528T003617Z,C0101,27,526,00000,000000,District - Solapur,total,muslim,persons,441254
census-india-2011,sources/census-2011/c-series/state-mdds/c01-27-maharashtra.xls,bce626419f500bd7,census-c01-extract-v1.1.0-20260528T003617Z,C0101,27,526,00000,000000,District - Solapur,total,muslim,males,223956
census-india-2011,sources/census-2011/c-series/state-mdds/c01-27-maharashtra.xls,bce626419f500bd7,census-c01-extract-v1.1.0-20260528T003617Z,C0101,27,526,00000,000000,District - Solapur,total,muslim,females,217298
census-india-2011,sources/census-2011/c-series/state-mdds/c01-27-maharashtra.xls,bce626419f500bd7,census-c01-extract-v1.1.0-20260528T003617Z,C0101,27,526,00000,000000,District - Solapur,total,christian,persons,9882
census-india-2011,sources/census-2011/c-series/state-mdds/c01-27-maharashtra.xls,bce626419f500bd7,census-c01-extract-v1.1.0-20260528T003617Z,C0101,27,526,00000,000000,District - Solapur,total,christian,males,4939
census-india-2011,sources/census-2011/c-series/state-mdds/c01-27-maharashtra.xls,bce626419f500bd7,census-c01-extract-v1.1.0-20260528T003617Z,C0101,27,526,00000,000000,District - Solapur,total,christian,females,4943
census-india-2011,sources/census-2011/c-series/state-mdds/c01-27-maharashtra.xls,bce626419f500bd7,census-c01-extract-v1.1.0-20260528T003617Z,C0101,27,526,00000,000000,District - Solapur,total,sikh,persons,1279
census-india-2011,sources/census-2011/c-series/state-mdds/c01-27-maharashtra.xls,bce626419f500bd7,census-c01-extract-v1.1.0-20260528T003617Z,C0101,27,526,00000,000000,District - Solapur,total,sikh,males,652
census-india-2011,sources/census-2011/c-series/state-mdds/c01-27-maharashtra.xls,bce626419f500bd7,census-c01-extract-v1.1.0-20260528T003617Z,C0101,27,526,00000,000000,District - Solapur,total,sikh,females,627
census-india-2011,sources/census-2011/c-series/state-mdds/c01-27-maharashtra.xls,bce626419f500bd7,census-c01-extract-v1.1.0-20260528T003617Z,C0101,27,526,00000,000000,District - Solapur,total,buddhist,persons,35497
census-india-2011,sources/census-2011/c-series/state-mdds/c01-27-maharashtra.xls,bce626419f500bd7,census-c01-extract-v1.1.0-20260528T003617Z,C0101,27,526,00000,000000,District - Solapur,total,buddhist,males,17968
census-india-2011,sources/census-2011/c-series/state-mdds/c01-27-maharashtra.xls,bce626419f500bd7,census-c01-extract-v1.1.0-20260528T003617Z,C0101,27,526,00000,000000,District - Solapur,total,buddhist,females,17529
census-india-2011,sources/census-2011/c-series/state-mdds/c01-27-maharashtra.xls,bce626419f500bd7,census-c01-extract-v1.1.0-20260528T003617Z,C0101,27,526,00000,000000,District - Solapur,total,jain,persons,28134
census-india-2011,sources/census-2011/c-series/state-mdds/c01-27-maharashtra.xls,bce626419f500bd7,census-c01-extract-v1.1.0-20260528T003617Z,C0101,27,526,00000,000000,District - Solapur,total,jain,males,14635
census-india-2011,sources/census-2011/c-series/state-mdds/c01-27-maharashtra.xls,bce626419f500bd7,census-c01-extract-v1.1.0-20260528T003617Z,C0101,27,526,00000,000000,District - Solapur,total,jain,females,13499
census-india-2011,sources/census-2011/c-series/state-mdds/c01-27-maharashtra.xls,bce626419f500bd7,census-c01-extract-v1.1.0-20260528T003617Z,C0101,27,526,00000,000000,District - Solapur,total,other,persons,568
census-india-2011,sources/census-2011/c-series/state-mdds/c01-27-maharashtra.xls,bce626419f500bd7,census-c01-extract-v1.1.0-20260528T003617Z,C0101,27,526,00000,000000,District - Solapur,total,other,males,282
census-india-2011,sources/census-2011/c-series/state-mdds/c01-27-maharashtra.xls,bce626419f500bd7,census-c01-extract-v1.1.0-20260528T003617Z,C0101,27,526,00000,000000,District - Solapur,total,other,females,286
census-india-2011,sources/census-2011/c-series/state-mdds/c01-27-maharashtra.xls,bce626419f500bd7,census-c01-extract-v1.1.0-20260528T003617Z,C0101,27,526,00000,000000,District - Solapur,total,not_stated,persons,5718
census-india-2011,sources/census-2011/c-series/state-mdds/c01-27-maharashtra.xls,bce626419f500bd7,census-c01-extract-v1.1.0-20260528T003617Z,C0101,27,526,00000,000000,District - Solapur,total,not_stated,males,3145
census-india-2011,sources/census-2011/c-series/state-mdds/c01-27-maharashtra.xls,bce626419f500bd7,census-c01-extract-v1.1.0-20260528T003617Z,C0101,27,526,00000,000000,District - Solapur,total,not_stated,females,2573
census-india-2011,sources/census-2011/c-series/state-mdds/c01-27-maharashtra.xls,bce626419f500bd7,census-c01-extract-v1.1.0-20260528T003617Z,C0101,27,526,00000,000000,District - Solapur,rural,all,persons,2918665
census-india-2011,sources/census-2011/c-series/state-mdds/c01-27-maharashtra.xls,bce626419f500bd7,census-c01-extract-v1.1.0-20260528T003617Z,C0101,27,526,00000,000000,District - Solapur,rural,all,males,1518343
census-india-2011,sources/census-2011/c-series/state-mdds/c01-27-maharashtra.xls,bce626419f500bd7,census-c01-extract-v1.1.0-20260528T003617Z,C0101,27,526,00000,000000,District - Solapur,rural,all,females,1400322
census-india-2011,sources/census-2011/c-series/state-mdds/c01-27-maharashtra.xls,bce626419f500bd7,census-c01-extract-v1.1.0-20260528T003617Z,C0101,27,526,00000,000000,District - Solapur,rural,hindu,persons,2712011
census-india-2011,sources/census-2011/c-series/state-mdds/c01-27-maharashtra.xls,bce626419f500bd7,census-c01-extract-v1.1.0-20260528T003617Z,C0101,27,526,00000,000000,District - Solapur,rural,hindu,males,1412204
census-india-2011,sources/census-2011/c-series/state-mdds/c01-27-maharashtra.xls,bce626419f500bd7,census-c01-extract-v1.1.0-20260528T003617Z,C0101,27,526,00000,000000,District - Solapur,rural,hindu,females,1299807
census-india-2011,sources/census-2011/c-series/state-mdds/c01-27-maharashtra.xls,bce626419f500bd7,census-c01-extract-v1.1.0-20260528T003617Z,C0101,27,526,00000,000000,District - Solapur,rural,muslim,persons,176641
census-india-2011,sources/census-2011/c-series/state-mdds/c01-27-maharashtra.xls,bce626419f500bd7,census-c01-extract-v1.1.0-20260528T003617Z,C0101,27,526,00000,000000,District - Solapur,rural,muslim,males,90378
census-india-2011,sources/census-2011/c-series/state-mdds/c01-27-maharashtra.xls,bce626419f500bd7,census-c01-extract-v1.1.0-20260528T003617Z,C0101,27,526,00000,000000,District - Solapur,rural,muslim,females,86263
census-india-2011,sources/census-2011/c-series/state-mdds/c01-27-maharashtra.xls,bce626419f500bd7,census-c01-extract-v1.1.0-20260528T003617Z,C0101,27,526,00000,000000,District - Solapur,rural,christian,persons,1709
census-india-2011,sources/census-2011/c-series/state-mdds/c01-27-maharashtra.xls,bce626419f500bd7,census-c01-extract-v1.1.0-20260528T003617Z,C0101,27,526,00000,000000,District - Solapur,rural,christian,males,920
census-india-2011,sources/census-2011/c-series/state-mdds/c01-27-maharashtra.xls,bce626419f500bd7,census-c01-extract-v1.1.0-20260528T003617Z,C0101,27,526,00000,000000,District - Solapur,rural,christian,females,789
census-india-2011,sources/census-2011/c-series/state-mdds/c01-27-maharashtra.xls,bce626419f500bd7,census-c01-extract-v1.1.0-20260528T003617Z,C0101,27,526,00000,000000,District - Solapur,rural,sikh,persons,526
census-india-2011,sources/census-2011/c-series/state-mdds/c01-27-maharashtra.xls,bce626419f500bd7,census-c01-extract-v1.1.0-20260528T003617Z,C0101,27,526,00000,000000,District - Solapur,rural,sikh,males,271
census-india-2011,sources/census-2011/c-series/state-mdds/c01-27-maharashtra.xls,bce626419f500bd7,census-c01-extract-v1.1.0-20260528T003617Z,C0101,27,526,00000,000000,District - Solapur,rural,sikh,females,255
census-india-2011,sources/census-2011/c-series/state-mdds/c01-27-maharashtra.xls,bce626419f500bd7,census-c01-extract-v1.1.0-20260528T003617Z,C0101,27,526,00000,000000,District - Solapur,rural,buddhist,persons,15005
census-india-2011,sources/census-2011/c-series/state-mdds/c01-27-maharashtra.xls,bce626419f500bd7,census-c01-extract-v1.1.0-20260528T003617Z,C0101,27,526,00000,000000,District - Solapur,rural,buddhist,males,7682
census-india-2011,sources/census-2011/c-series/state-mdds/c01-27-maharashtra.xls,bce626419f500bd7,census-c01-extract-v1.1.0-20260528T003617Z,C0101,27,526,00000,000000,District - Solapur,rural,buddhist,females,7323
census-india-2011,sources/census-2011/c-series/state-mdds/c01-27-maharashtra.xls,bce626419f500bd7,census-c01-extract-v1.1.0-20260528T003617Z,C0101,27,526,00000,000000,District - Solapur,rural,jain,persons,9319
census-india-2011,sources/census-2011/c-series/state-mdds/c01-27-maharashtra.xls,bce626419f500bd7,census-c01-extract-v1.1.0-20260528T003617Z,C0101,27,526,00000,000000,District - Solapur,rural,jain,males,4934
census-india-2011,sources/census-2011/c-series/state-mdds/c01-27-maharashtra.xls,bce626419f500bd7,census-c01-extract-v1.1.0-20260528T003617Z,C0101,27,526,00000,000000,District - Solapur,rural,jain,females,4385
census-india-2011,sources/census-2011/c-series/state-mdds/c01-27-maharashtra.xls,bce626419f500bd7,census-c01-extract-v1.1.0-20260528T003617Z,C0101,27,526,00000,000000,District - Solapur,rural,other,persons,203
census-india-2011,sources/census-2011/c-series/state-mdds/c01-27-maharashtra.xls,bce626419f500bd7,census-c01-extract-v1.1.0-20260528T003617Z,C0101,27,526,00000,000000,District - Solapur,rural,other,males,94
census-india-2011,sources/census-2011/c-series/state-mdds/c01-27-maharashtra.xls,bce626419f500bd7,census-c01-extract-v1.1.0-20260528T003617Z,C0101,27,526,00000,000000,District - Solapur,rural,other,females,109
census-india-2011,sources/census-2011/c-series/state-mdds/c01-27-maharashtra.xls,bce626419f500bd7,census-c01-extract-v1.1.0-20260528T003617Z,C0101,27,526,00000,000000,District - Solapur,rural,not_stated,persons,3251
census-india-2011,sources/census-2011/c-series/state-mdds/c01-27-maharashtra.xls,bce626419f500bd7,census-c01-extract-v1.1.0-20260528T003617Z,C0101,27,526,00000,000000,District - Solapur,rural,not_stated,males,1860
census-india-2011,sources/census-2011/c-series/state-mdds/c01-27-maharashtra.xls,bce626419f500bd7,census-c01-extract-v1.1.0-20260528T003617Z,C0101,27,526,00000,000000,District - Solapur,rural,not_stated,females,1391
census-india-2011,sources/census-2011/c-series/state-mdds/c01-27-maharashtra.xls,bce626419f500bd7,census-c01-extract-v1.1.0-20260528T003617Z,C0101,27,526,00000,000000,District - Solapur,urban,all,persons,1399091
census-india-2011,sources/census-2011/c-series/state-mdds/c01-27-maharashtra.xls,bce626419f500bd7,census-c01-extract-v1.1.0-20260528T003617Z,C0101,27,526,00000,000000,District - Solapur,urban,all,males,709509
census-india-2011,sources/census-2011/c-series/state-mdds/c01-27-maharashtra.xls,bce626419f500bd7,census-c01-extract-v1.1.0-20260528T003617Z,C0101,27,526,00000,000000,District - Solapur,urban,all,females,689582
census-india-2011,sources/census-2011/c-series/state-mdds/c01-27-maharashtra.xls,bce626419f500bd7,census-c01-extract-v1.1.0-20260528T003617Z,C0101,27,526,00000,000000,District - Solapur,urban,hindu,persons,1083413
census-india-2011,sources/census-2011/c-series/state-mdds/c01-27-maharashtra.xls,bce626419f500bd7,census-c01-extract-v1.1.0-20260528T003617Z,C0101,27,526,00000,000000,District - Solapur,urban,hindu,males,550071
census-india-2011,sources/census-2011/c-series/state-mdds/c01-27-maharashtra.xls,bce626419f500bd7,census-c01-extract-v1.1.0-20260528T003617Z,C0101,27,526,00000,000000,District - Solapur,urban,hindu,females,533342
census-india-2011,sources/census-2011/c-series/state-mdds/c01-27-maharashtra.xls,bce626419f500bd7,census-c01-extract-v1.1.0-20260528T003617Z,C0101,27,526,00000,000000,District - Solapur,urban,muslim,persons,264613
census-india-2011,sources/census-2011/c-series/state-mdds/c01-27-maharashtra.xls,bce626419f500bd7,census-c01-extract-v1.1.0-20260528T003617Z,C0101,27,526,00000,000000,District - Solapur,urban,muslim,males,133578
census-india-2011,sources/census-2011/c-series/state-mdds/c01-27-maharashtra.xls,bce626419f500bd7,census-c01-extract-v1.1.0-20260528T003617Z,C0101,27,526,00000,000000,District - Solapur,urban,muslim,females,131035
census-india-2011,sources/census-2011/c-series/state-mdds/c01-27-maharashtra.xls,bce626419f500bd7,census-c01-extract-v1.1.0-20260528T003617Z,C0101,27,526,00000,000000,District - Solapur,urban,christian,persons,8173
census-india-2011,sources/census-2011/c-series/state-mdds/c01-27-maharashtra.xls,bce626419f500bd7,census-c01-extract-v1.1.0-20260528T003617Z,C0101,27,526,00000,000000,District - Solapur,urban,christian,males,4019
census-india-2011,sources/census-2011/c-series/state-mdds/c01-27-maharashtra.xls,bce626419f500bd7,census-c01-extract-v1.1.0-20260528T003617Z,C0101,27,526,00000,000000,District - Solapur,urban,christian,females,4154
census-india-2011,sources/census-2011/c-series/state-mdds/c01-27-maharashtra.xls,bce626419f500bd7,census-c01-extract-v1.1.0-20260528T003617Z,C0101,27,526,00000,000000,District - Solapur,urban,sikh,persons,753
census-india-2011,sources/census-2011/c-series/state-mdds/c01-27-maharashtra.xls,bce626419f500bd7,census-c01-extract-v1.1.0-20260528T003617Z,C0101,27,526,00000,000000,District - Solapur,urban,sikh,males,381
census-india-2011,sources/census-2011/c-series/state-mdds/c01-27-maharashtra.xls,bce626419f500bd7,census-c01-extract-v1.1.0-20260528T003617Z,C0101,27,526,00000,000000,District - Solapur,urban,sikh,females,372
census-india-2011,sources/census-2011/c-series/state-mdds/c01-27-maharashtra.xls,bce626419f500bd7,census-c01-extract-v1.1.0-20260528T003617Z,C0101,27,526,00000,000000,District - Solapur,urban,buddhist,persons,20492
census-india-2011,sources/census-2011/c-series/state-mdds/c01-27-maharashtra.xls,bce626419f500bd7,census-c01-extract-v1.1.0-20260528T003617Z,C0101,27,526,00000,000000,District - Solapur,urban,buddhist,males,10286
census-india-2011,sources/census-2011/c-series/state-mdds/c01-27-maharashtra.xls,bce626419f500bd7,census-c01-extract-v1.1.0-20260528T003617Z,C0101,27,526,00000,000000,District - Solapur,urban,buddhist,females,10206
census-india-2011,sources/census-2011/c-series/state-mdds/c01-27-maharashtra.xls,bce626419f500bd7,census-c01-extract-v1.1.0-20260528T003617Z,C0101,27,526,00000,000000,District - Solapur,urban,jain,persons,18815
census-india-2011,sources/census-2011/c-series/state-mdds/c01-27-maharashtra.xls,bce626419f500bd7,census-c01-extract-v1.1.0-20260528T003617Z,C0101,27,526,00000,000000,District - Solapur,urban,jain,males,9701
census-india-2011,sources/census-2011/c-series/state-mdds/c01-27-maharashtra.xls,bce626419f500bd7,census-c01-extract-v1.1.0-20260528T003617Z,C0101,27,526,00000,000000,District - Solapur,urban,jain,females,9114
census-india-2011,sources/census-2011/c-series/state-mdds/c01-27-maharashtra.xls,bce626419f500bd7,census-c01-extract-v1.1.0-20260528T003617Z,C0101,27,526,00000,000000,District - Solapur,urban,other,persons,365
census-india-2011,sources/census-2011/c-series/state-mdds/c01-27-maharashtra.xls,bce626419f500bd7,census-c01-extract-v1.1.0-20260528T003617Z,C0101,27,526,00000,000000,District - Solapur,urban,other,males,188
census-india-2011,sources/census-2011/c-series/state-mdds/c01-27-maharashtra.xls,bce626419f500bd7,census-c01-extract-v1.1.0-20260528T003617Z,C0101,27,526,00000,000000,District - Solapur,urban,other,females,177
census-india-2011,sources/census-2011/c-series/state-mdds/c01-27-maharashtra.xls,bce626419f500bd7,census-c01-extract-v1.1.0-20260528T003617Z,C0101,27,526,00000,000000,District - Solapur,urban,not_stated,persons,2467
census-india-2011,sources/census-2011/c-series/state-mdds/c01-27-maharashtra.xls,bce626419f500bd7,census-c01-extract-v1.1.0-20260528T003617Z,C0101,27,526,00000,000000,District - Solapur,urban,not_stated,males,1285
census-india-2011,sources/census-2011/c-series/state-mdds/c01-27-maharashtra.xls,bce626419f500bd7,census-c01-extract-v1.1.0-20260528T003617Z,C0101,27,526,00000,000000,District - Solapur,urban,not_stated,females,1182
census-india-2011,sources/census-2011/c-series/state-mdds/c01-27-maharashtra.xls,bce626419f500bd7,census-c01-extract-v1.1.0-20260528T003617Z,C0101,27,527,00000,000000,District - Satara,total,all,persons,3003741
census-india-2011,sources/census-2011/c-series/state-mdds/c01-27-maharashtra.xls,bce626419f500bd7,census-c01-extract-v1.1.0-20260528T003617Z,C0101,27,527,00000,000000,District - Satara,total,all,males,1510842
census-india-2011,sources/census-2011/c-series/state-mdds/c01-27-maharashtra.xls,bce626419f500bd7,census-c01-extract-v1.1.0-20260528T003617Z,C0101,27,527,00000,000000,District - Satara,total,all,females,1492899
census-india-2011,sources/census-2011/c-series/state-mdds/c01-27-maharashtra.xls,bce626419f500bd7,census-c01-extract-v1.1.0-20260528T003617Z,C0101,27,527,00000,000000,District - Satara,total,hindu,persons,2691952
census-india-2011,sources/census-2011/c-series/state-mdds/c01-27-maharashtra.xls,bce626419f500bd7,census-c01-extract-v1.1.0-20260528T003617Z,C0101,27,527,00000,000000,District - Satara,total,hindu,males,1354608
census-india-2011,sources/census-2011/c-series/state-mdds/c01-27-maharashtra.xls,bce626419f500bd7,census-c01-extract-v1.1.0-20260528T003617Z,C0101,27,527,00000,000000,District - Satara,total,hindu,females,1337344
census-india-2011,sources/census-2011/c-series/state-mdds/c01-27-maharashtra.xls,bce626419f500bd7,census-c01-extract-v1.1.0-20260528T003617Z,C0101,27,527,00000,000000,District - Satara,total,muslim,persons,146970
census-india-2011,sources/census-2011/c-series/state-mdds/c01-27-maharashtra.xls,bce626419f500bd7,census-c01-extract-v1.1.0-20260528T003617Z,C0101,27,527,00000,000000,District - Satara,total,muslim,males,74393
census-india-2011,sources/census-2011/c-series/state-mdds/c01-27-maharashtra.xls,bce626419f500bd7,census-c01-extract-v1.1.0-20260528T003617Z,C0101,27,527,00000,000000,District - Satara,total,muslim,females,72577
census-india-2011,sources/census-2011/c-series/state-mdds/c01-27-maharashtra.xls,bce626419f500bd7,census-c01-extract-v1.1.0-20260528T003617Z,C0101,27,527,00000,000000,District - Satara,total,christian,persons,4408
census-india-2011,sources/census-2011/c-series/state-mdds/c01-27-maharashtra.xls,bce626419f500bd7,census-c01-extract-v1.1.0-20260528T003617Z,C0101,27,527,00000,000000,District - Satara,total,christian,males,2104
census-india-2011,sources/census-2011/c-series/state-mdds/c01-27-maharashtra.xls,bce626419f500bd7,census-c01-extract-v1.1.0-20260528T003617Z,C0101,27,527,00000,000000,District - Satara,total,christian,females,2304
census-india-2011,sources/census-2011/c-series/state-mdds/c01-27-maharashtra.xls,bce626419f500bd7,census-c01-extract-v1.1.0-20260528T003617Z,C0101,27,527,00000,000000,District - Satara,total,sikh,persons,1182
census-india-2011,sources/census-2011/c-series/state-mdds/c01-27-maharashtra.xls,bce626419f500bd7,census-c01-extract-v1.1.0-20260528T003617Z,C0101,27,527,00000,000000,District - Satara,total,sikh,males,628
census-india-2011,sources/census-2011/c-series/state-mdds/c01-27-maharashtra.xls,bce626419f500bd7,census-c01-extract-v1.1.0-20260528T003617Z,C0101,27,527,00000,000000,District - Satara,total,sikh,females,554
census-india-2011,sources/census-2011/c-series/state-mdds/c01-27-maharashtra.xls,bce626419f500bd7,census-c01-extract-v1.1.0-20260528T003617Z,C0101,27,527,00000,000000,District - Satara,total,buddhist,persons,141315
census-india-2011,sources/census-2011/c-series/state-mdds/c01-27-maharashtra.xls,bce626419f500bd7,census-c01-extract-v1.1.0-20260528T003617Z,C0101,27,527,00000,000000,District - Satara,total,buddhist,males,69739
census-india-2011,sources/census-2011/c-series/state-mdds/c01-27-maharashtra.xls,bce626419f500bd7,census-c01-extract-v1.1.0-20260528T003617Z,C0101,27,527,00000,000000,District - Satara,total,buddhist,females,71576
census-india-2011,sources/census-2011/c-series/state-mdds/c01-27-maharashtra.xls,bce626419f500bd7,census-c01-extract-v1.1.0-20260528T003617Z,C0101,27,527,00000,000000,District - Satara,total,jain,persons,12810
census-india-2011,sources/census-2011/c-series/state-mdds/c01-27-maharashtra.xls,bce626419f500bd7,census-c01-extract-v1.1.0-20260528T003617Z,C0101,27,527,00000,000000,District - Satara,total,jain,males,6576
census-india-2011,sources/census-2011/c-series/state-mdds/c01-27-maharashtra.xls,bce626419f500bd7,census-c01-extract-v1.1.0-20260528T003617Z,C0101,27,527,00000,000000,District - Satara,total,jain,females,6234
census-india-2011,sources/census-2011/c-series/state-mdds/c01-27-maharashtra.xls,bce626419f500bd7,census-c01-extract-v1.1.0-20260528T003617Z,C0101,27,527,00000,000000,District - Satara,total,other,persons,676
census-india-2011,sources/census-2011/c-series/state-mdds/c01-27-maharashtra.xls,bce626419f500bd7,census-c01-extract-v1.1.0-20260528T003617Z,C0101,27,527,00000,000000,District - Satara,total,other,males,364
census-india-2011,sources/census-2011/c-series/state-mdds/c01-27-maharashtra.xls,bce626419f500bd7,census-c01-extract-v1.1.0-20260528T003617Z,C0101,27,527,00000,000000,District - Satara,total,other,females,312
census-india-2011,sources/census-2011/c-series/state-mdds/c01-27-maharashtra.xls,bce626419f500bd7,census-c01-extract-v1.1.0-20260528T003617Z,C0101,27,527,00000,000000,District - Satara,total,not_stated,persons,4428
census-india-2011,sources/census-2011/c-series/state-mdds/c01-27-maharashtra.xls,bce626419f500bd7,census-c01-extract-v1.1.0-20260528T003617Z,C0101,27,527,00000,000000,District - Satara,total,not_stated,males,2430
census-india-2011,sources/census-2011/c-series/state-mdds/c01-27-maharashtra.xls,bce626419f500bd7,census-c01-extract-v1.1.0-20260528T003617Z,C0101,27,527,00000,000000,District - Satara,total,not_stated,females,1998
census-india-2011,sources/census-2011/c-series/state-mdds/c01-27-maharashtra.xls,bce626419f500bd7,census-c01-extract-v1.1.0-20260528T003617Z,C0101,27,527,00000,000000,District - Satara,rural,all,persons,2433363
census-india-2011,sources/census-2011/c-series/state-mdds/c01-27-maharashtra.xls,bce626419f500bd7,census-c01-extract-v1.1.0-20260528T003617Z,C0101,27,527,00000,000000,District - Satara,rural,all,males,1219749
census-india-2011,sources/census-2011/c-series/state-mdds/c01-27-maharashtra.xls,bce626419f500bd7,census-c01-extract-v1.1.0-20260528T003617Z,C0101,27,527,00000,000000,District - Satara,rural,all,females,1213614
census-india-2011,sources/census-2011/c-series/state-mdds/c01-27-maharashtra.xls,bce626419f500bd7,census-c01-extract-v1.1.0-20260528T003617Z,C0101,27,527,00000,000000,District - Satara,rural,hindu,persons,2235990
census-india-2011,sources/census-2011/c-series/state-mdds/c01-27-maharashtra.xls,bce626419f500bd7,census-c01-extract-v1.1.0-20260528T003617Z,C0101,27,527,00000,000000,District - Satara,rural,hindu,males,1121141
census-india-2011,sources/census-2011/c-series/state-mdds/c01-27-maharashtra.xls,bce626419f500bd7,census-c01-extract-v1.1.0-20260528T003617Z,C0101,27,527,00000,000000,District - Satara,rural,hindu,females,1114849
census-india-2011,sources/census-2011/c-series/state-mdds/c01-27-maharashtra.xls,bce626419f500bd7,census-c01-extract-v1.1.0-20260528T003617Z,C0101,27,527,00000,000000,District - Satara,rural,muslim,persons,77536
census-india-2011,sources/census-2011/c-series/state-mdds/c01-27-maharashtra.xls,bce626419f500bd7,census-c01-extract-v1.1.0-20260528T003617Z,C0101,27,527,00000,000000,District - Satara,rural,muslim,males,39198
census-india-2011,sources/census-2011/c-series/state-mdds/c01-27-maharashtra.xls,bce626419f500bd7,census-c01-extract-v1.1.0-20260528T003617Z,C0101,27,527,00000,000000,District - Satara,rural,muslim,females,38338
census-india-2011,sources/census-2011/c-series/state-mdds/c01-27-maharashtra.xls,bce626419f500bd7,census-c01-extract-v1.1.0-20260528T003617Z,C0101,27,527,00000,000000,District - Satara,rural,christian,persons,1994
census-india-2011,sources/census-2011/c-series/state-mdds/c01-27-maharashtra.xls,bce626419f500bd7,census-c01-extract-v1.1.0-20260528T003617Z,C0101,27,527,00000,000000,District - Satara,rural,christian,males,1026
census-india-2011,sources/census-2011/c-series/state-mdds/c01-27-maharashtra.xls,bce626419f500bd7,census-c01-extract-v1.1.0-20260528T003617Z,C0101,27,527,00000,000000,District - Satara,rural,christian,females,968
census-india-2011,sources/census-2011/c-series/state-mdds/c01-27-maharashtra.xls,bce626419f500bd7,census-c01-extract-v1.1.0-20260528T003617Z,C0101,27,527,00000,000000,District - Satara,rural,sikh,persons,773
census-india-2011,sources/census-2011/c-series/state-mdds/c01-27-maharashtra.xls,bce626419f500bd7,census-c01-extract-v1.1.0-20260528T003617Z,C0101,27,527,00000,000000,District - Satara,rural,sikh,males,389
census-india-2011,sources/census-2011/c-series/state-mdds/c01-27-maharashtra.xls,bce626419f500bd7,census-c01-extract-v1.1.0-20260528T003617Z,C0101,27,527,00000,000000,District - Satara,rural,sikh,females,384
census-india-2011,sources/census-2011/c-series/state-mdds/c01-27-maharashtra.xls,bce626419f500bd7,census-c01-extract-v1.1.0-20260528T003617Z,C0101,27,527,00000,000000,District - Satara,rural,buddhist,persons,110814
census-india-2011,sources/census-2011/c-series/state-mdds/c01-27-maharashtra.xls,bce626419f500bd7,census-c01-extract-v1.1.0-20260528T003617Z,C0101,27,527,00000,000000,District - Satara,rural,buddhist,males,54626
census-india-2011,sources/census-2011/c-series/state-mdds/c01-27-maharashtra.xls,bce626419f500bd7,census-c01-extract-v1.1.0-20260528T003617Z,C0101,27,527,00000,000000,District - Satara,rural,buddhist,females,56188
census-india-2011,sources/census-2011/c-series/state-mdds/c01-27-maharashtra.xls,bce626419f500bd7,census-c01-extract-v1.1.0-20260528T003617Z,C0101,27,527,00000,000000,District - Satara,rural,jain,persons,3109
census-india-2011,sources/census-2011/c-series/state-mdds/c01-27-maharashtra.xls,bce626419f500bd7,census-c01-extract-v1.1.0-20260528T003617Z,C0101,27,527,00000,000000,District - Satara,rural,jain,males,1598
census-india-2011,sources/census-2011/c-series/state-mdds/c01-27-maharashtra.xls,bce626419f500bd7,census-c01-extract-v1.1.0-20260528T003617Z,C0101,27,527,00000,000000,District - Satara,rural,jain,females,1511
census-india-2011,sources/census-2011/c-series/state-mdds/c01-27-maharashtra.xls,bce626419f500bd7,census-c01-extract-v1.1.0-20260528T003617Z,C0101,27,527,00000,000000,District - Satara,rural,other,persons,198
census-india-2011,sources/census-2011/c-series/state-mdds/c01-27-maharashtra.xls,bce626419f500bd7,census-c01-extract-v1.1.0-20260528T003617Z,C0101,27,527,00000,000000,District - Satara,rural,other,males,115
census-india-2011,sources/census-2011/c-series/state-mdds/c01-27-maharashtra.xls,bce626419f500bd7,census-c01-extract-v1.1.0-20260528T003617Z,C0101,27,527,00000,000000,District - Satara,rural,other,females,83
census-india-2011,sources/census-2011/c-series/state-mdds/c01-27-maharashtra.xls,bce626419f500bd7,census-c01-extract-v1.1.0-20260528T003617Z,C0101,27,527,00000,000000,District - Satara,rural,not_stated,persons,2949
census-india-2011,sources/census-2011/c-series/state-mdds/c01-27-maharashtra.xls,bce626419f500bd7,census-c01-extract-v1.1.0-20260528T003617Z,C0101,27,527,00000,000000,District - Satara,rural,not_stated,males,1656
census-india-2011,sources/census-2011/c-series/state-mdds/c01-27-maharashtra.xls,bce626419f500bd7,census-c01-extract-v1.1.0-20260528T003617Z,C0101,27,527,00000,000000,District - Satara,rural,not_stated,females,1293
census-india-2011,sources/census-2011/c-series/state-mdds/c01-27-maharashtra.xls,bce626419f500bd7,census-c01-extract-v1.1.0-20260528T003617Z,C0101,27,527,00000,000000,District - Satara,urban,all,persons,570378
census-india-2011,sources/census-2011/c-series/state-mdds/c01-27-maharashtra.xls,bce626419f500bd7,census-c01-extract-v1.1.0-20260528T003617Z,C0101,27,527,00000,000000,District - Satara,urban,all,males,291093
census-india-2011,sources/census-2011/c-series/state-mdds/c01-27-maharashtra.xls,bce626419f500bd7,census-c01-extract-v1.1.0-20260528T003617Z,C0101,27,527,00000,000000,District - Satara,urban,all,females,279285
census-india-2011,sources/census-2011/c-series/state-mdds/c01-27-maharashtra.xls,bce626419f500bd7,census-c01-extract-v1.1.0-20260528T003617Z,C0101,27,527,00000,000000,District - Satara,urban,hindu,persons,455962
census-india-2011,sources/census-2011/c-series/state-mdds/c01-27-maharashtra.xls,bce626419f500bd7,census-c01-extract-v1.1.0-20260528T003617Z,C0101,27,527,00000,000000,District - Satara,urban,hindu,males,233467
census-india-2011,sources/census-2011/c-series/state-mdds/c01-27-maharashtra.xls,bce626419f500bd7,census-c01-extract-v1.1.0-20260528T003617Z,C0101,27,527,00000,000000,District - Satara,urban,hindu,females,222495
census-india-2011,sources/census-2011/c-series/state-mdds/c01-27-maharashtra.xls,bce626419f500bd7,census-c01-extract-v1.1.0-20260528T003617Z,C0101,27,527,00000,000000,District - Satara,urban,muslim,persons,69434
census-india-2011,sources/census-2011/c-series/state-mdds/c01-27-maharashtra.xls,bce626419f500bd7,census-c01-extract-v1.1.0-20260528T003617Z,C0101,27,527,00000,000000,District - Satara,urban,muslim,males,35195
census-india-2011,sources/census-2011/c-series/state-mdds/c01-27-maharashtra.xls,bce626419f500bd7,census-c01-extract-v1.1.0-20260528T003617Z,C0101,27,527,00000,000000,District - Satara,urban,muslim,females,34239
census-india-2011,sources/census-2011/c-series/state-mdds/c01-27-maharashtra.xls,bce626419f500bd7,census-c01-extract-v1.1.0-20260528T003617Z,C0101,27,527,00000,000000,District - Satara,urban,christian,persons,2414
census-india-2011,sources/census-2011/c-series/state-mdds/c01-27-maharashtra.xls,bce626419f500bd7,census-c01-extract-v1.1.0-20260528T003617Z,C0101,27,527,00000,000000,District - Satara,urban,christian,males,1078
census-india-2011,sources/census-2011/c-series/state-mdds/c01-27-maharashtra.xls,bce626419f500bd7,census-c01-extract-v1.1.0-20260528T003617Z,C0101,27,527,00000,000000,District - Satara,urban,christian,females,1336
census-india-2011,sources/census-2011/c-series/state-mdds/c01-27-maharashtra.xls,bce626419f500bd7,census-c01-extract-v1.1.0-20260528T003617Z,C0101,27,527,00000,000000,District - Satara,urban,sikh,persons,409
census-india-2011,sources/census-2011/c-series/state-mdds/c01-27-maharashtra.xls,bce626419f500bd7,census-c01-extract-v1.1.0-20260528T003617Z,C0101,27,527,00000,000000,District - Satara,urban,sikh,males,239
census-india-2011,sources/census-2011/c-series/state-mdds/c01-27-maharashtra.xls,bce626419f500bd7,census-c01-extract-v1.1.0-20260528T003617Z,C0101,27,527,00000,000000,District - Satara,urban,sikh,females,170
census-india-2011,sources/census-2011/c-series/state-mdds/c01-27-maharashtra.xls,bce626419f500bd7,census-c01-extract-v1.1.0-20260528T003617Z,C0101,27,527,00000,000000,District - Satara,urban,buddhist,persons,30501
census-india-2011,sources/census-2011/c-series/state-mdds/c01-27-maharashtra.xls,bce626419f500bd7,census-c01-extract-v1.1.0-20260528T003617Z,C0101,27,527,00000,000000,District - Satara,urban,buddhist,males,15113
census-india-2011,sources/census-2011/c-series/state-mdds/c01-27-maharashtra.xls,bce626419f500bd7,census-c01-extract-v1.1.0-20260528T003617Z,C0101,27,527,00000,000000,District - Satara,urban,buddhist,females,15388
census-india-2011,sources/census-2011/c-series/state-mdds/c01-27-maharashtra.xls,bce626419f500bd7,census-c01-extract-v1.1.0-20260528T003617Z,C0101,27,527,00000,000000,District - Satara,urban,jain,persons,9701
census-india-2011,sources/census-2011/c-series/state-mdds/c01-27-maharashtra.xls,bce626419f500bd7,census-c01-extract-v1.1.0-20260528T003617Z,C0101,27,527,00000,000000,District - Satara,urban,jain,males,4978
census-india-2011,sources/census-2011/c-series/state-mdds/c01-27-maharashtra.xls,bce626419f500bd7,census-c01-extract-v1.1.0-20260528T003617Z,C0101,27,527,00000,000000,District - Satara,urban,jain,females,4723
census-india-2011,sources/census-2011/c-series/state-mdds/c01-27-maharashtra.xls,bce626419f500bd7,census-c01-extract-v1.1.0-20260528T003617Z,C0101,27,527,00000,000000,District - Satara,urban,other,persons,478
census-india-2011,sources/census-2011/c-series/state-mdds/c01-27-maharashtra.xls,bce626419f500bd7,census-c01-extract-v1.1.0-20260528T003617Z,C0101,27,527,00000,000000,District - Satara,urban,other,males,249
census-india-2011,sources/census-2011/c-series/state-mdds/c01-27-maharashtra.xls,bce626419f500bd7,census-c01-extract-v1.1.0-20260528T003617Z,C0101,27,527,00000,000000,District - Satara,urban,other,females,229
census-india-2011,sources/census-2011/c-series/state-mdds/c01-27-maharashtra.xls,bce626419f500bd7,census-c01-extract-v1.1.0-20260528T003617Z,C0101,27,527,00000,000000,District - Satara,urban,not_stated,persons,1479
census-india-2011,sources/census-2011/c-series/state-mdds/c01-27-maharashtra.xls,bce626419f500bd7,census-c01-extract-v1.1.0-20260528T003617Z,C0101,27,527,00000,000000,District - Satara,urban,not_stated,males,774
census-india-2011,sources/census-2011/c-series/state-mdds/c01-27-maharashtra.xls,bce626419f500bd7,census-c01-extract-v1.1.0-20260528T003617Z,C0101,27,527,00000,000000,District - Satara,urban,not_stated,females,705
census-india-2011,sources/census-2011/c-series/state-mdds/c01-27-maharashtra.xls,bce626419f500bd7,census-c01-extract-v1.1.0-20260528T003617Z,C0101,27,528,00000,000000,District - Ratnagiri,total,all,persons,1615069
census-india-2011,sources/census-2011/c-series/state-mdds/c01-27-maharashtra.xls,bce626419f500bd7,census-c01-extract-v1.1.0-20260528T003617Z,C0101,27,528,00000,000000,District - Ratnagiri,total,all,males,761121
census-india-2011,sources/census-2011/c-series/state-mdds/c01-27-maharashtra.xls,bce626419f500bd7,census-c01-extract-v1.1.0-20260528T003617Z,C0101,27,528,00000,000000,District - Ratnagiri,total,all,females,853948
census-india-2011,sources/census-2011/c-series/state-mdds/c01-27-maharashtra.xls,bce626419f500bd7,census-c01-extract-v1.1.0-20260528T003617Z,C0101,27,528,00000,000000,District - Ratnagiri,total,hindu,persons,1307211
census-india-2011,sources/census-2011/c-series/state-mdds/c01-27-maharashtra.xls,bce626419f500bd7,census-c01-extract-v1.1.0-20260528T003617Z,C0101,27,528,00000,000000,District - Ratnagiri,total,hindu,males,616254
census-india-2011,sources/census-2011/c-series/state-mdds/c01-27-maharashtra.xls,bce626419f500bd7,census-c01-extract-v1.1.0-20260528T003617Z,C0101,27,528,00000,000000,District - Ratnagiri,total,hindu,females,690957
census-india-2011,sources/census-2011/c-series/state-mdds/c01-27-maharashtra.xls,bce626419f500bd7,census-c01-extract-v1.1.0-20260528T003617Z,C0101,27,528,00000,000000,District - Ratnagiri,total,muslim,persons,187197
census-india-2011,sources/census-2011/c-series/state-mdds/c01-27-maharashtra.xls,bce626419f500bd7,census-c01-extract-v1.1.0-20260528T003617Z,C0101,27,528,00000,000000,District - Ratnagiri,total,muslim,males,87864
census-india-2011,sources/census-2011/c-series/state-mdds/c01-27-maharashtra.xls,bce626419f500bd7,census-c01-extract-v1.1.0-20260528T003617Z,C0101,27,528,00000,000000,District - Ratnagiri,total,muslim,females,99333
census-india-2011,sources/census-2011/c-series/state-mdds/c01-27-maharashtra.xls,bce626419f500bd7,census-c01-extract-v1.1.0-20260528T003617Z,C0101,27,528,00000,000000,District - Ratnagiri,total,christian,persons,1990
census-india-2011,sources/census-2011/c-series/state-mdds/c01-27-maharashtra.xls,bce626419f500bd7,census-c01-extract-v1.1.0-20260528T003617Z,C0101,27,528,00000,000000,District - Ratnagiri,total,christian,males,1008
census-india-2011,sources/census-2011/c-series/state-mdds/c01-27-maharashtra.xls,bce626419f500bd7,census-c01-extract-v1.1.0-20260528T003617Z,C0101,27,528,00000,000000,District - Ratnagiri,total,christian,females,982
census-india-2011,sources/census-2011/c-series/state-mdds/c01-27-maharashtra.xls,bce626419f500bd7,census-c01-extract-v1.1.0-20260528T003617Z,C0101,27,528,00000,000000,District - Ratnagiri,total,sikh,persons,230
census-india-2011,sources/census-2011/c-series/state-mdds/c01-27-maharashtra.xls,bce626419f500bd7,census-c01-extract-v1.1.0-20260528T003617Z,C0101,27,528,00000,000000,District - Ratnagiri,total,sikh,males,129
census-india-2011,sources/census-2011/c-series/state-mdds/c01-27-maharashtra.xls,bce626419f500bd7,census-c01-extract-v1.1.0-20260528T003617Z,C0101,27,528,00000,000000,District - Ratnagiri,total,sikh,females,101
census-india-2011,sources/census-2011/c-series/state-mdds/c01-27-maharashtra.xls,bce626419f500bd7,census-c01-extract-v1.1.0-20260528T003617Z,C0101,27,528,00000,000000,District - Ratnagiri,total,buddhist,persons,113467
census-india-2011,sources/census-2011/c-series/state-mdds/c01-27-maharashtra.xls,bce626419f500bd7,census-c01-extract-v1.1.0-20260528T003617Z,C0101,27,528,00000,000000,District - Ratnagiri,total,buddhist,males,53342
census-india-2011,sources/census-2011/c-series/state-mdds/c01-27-maharashtra.xls,bce626419f500bd7,census-c01-extract-v1.1.0-20260528T003617Z,C0101,27,528,00000,000000,District - Ratnagiri,total,buddhist,females,60125
census-india-2011,sources/census-2011/c-series/state-mdds/c01-27-maharashtra.xls,bce626419f500bd7,census-c01-extract-v1.1.0-20260528T003617Z,C0101,27,528,00000,000000,District - Ratnagiri,total,jain,persons,3347
census-india-2011,sources/census-2011/c-series/state-mdds/c01-27-maharashtra.xls,bce626419f500bd7,census-c01-extract-v1.1.0-20260528T003617Z,C0101,27,528,00000,000000,District - Ratnagiri,total,jain,males,1719
census-india-2011,sources/census-2011/c-series/state-mdds/c01-27-maharashtra.xls,bce626419f500bd7,census-c01-extract-v1.1.0-20260528T003617Z,C0101,27,528,00000,000000,District - Ratnagiri,total,jain,females,1628
census-india-2011,sources/census-2011/c-series/state-mdds/c01-27-maharashtra.xls,bce626419f500bd7,census-c01-extract-v1.1.0-20260528T003617Z,C0101,27,528,00000,000000,District - Ratnagiri,total,other,persons,95
census-india-2011,sources/census-2011/c-series/state-mdds/c01-27-maharashtra.xls,bce626419f500bd7,census-c01-extract-v1.1.0-20260528T003617Z,C0101,27,528,00000,000000,District - Ratnagiri,total,other,males,63
census-india-2011,sources/census-2011/c-series/state-mdds/c01-27-maharashtra.xls,bce626419f500bd7,census-c01-extract-v1.1.0-20260528T003617Z,C0101,27,528,00000,000000,District - Ratnagiri,total,other,females,32
census-india-2011,sources/census-2011/c-series/state-mdds/c01-27-maharashtra.xls,bce626419f500bd7,census-c01-extract-v1.1.0-20260528T003617Z,C0101,27,528,00000,000000,District - Ratnagiri,total,not_stated,persons,1532
census-india-2011,sources/census-2011/c-series/state-mdds/c01-27-maharashtra.xls,bce626419f500bd7,census-c01-extract-v1.1.0-20260528T003617Z,C0101,27,528,00000,000000,District - Ratnagiri,total,not_stated,males,742
census-india-2011,sources/census-2011/c-series/state-mdds/c01-27-maharashtra.xls,bce626419f500bd7,census-c01-extract-v1.1.0-20260528T003617Z,C0101,27,528,00000,000000,District - Ratnagiri,total,not_stated,females,790
census-india-2011,sources/census-2011/c-series/state-mdds/c01-27-maharashtra.xls,bce626419f500bd7,census-c01-extract-v1.1.0-20260528T003617Z,C0101,27,528,00000,000000,District - Ratnagiri,rural,all,persons,1351346
census-india-2011,sources/census-2011/c-series/state-mdds/c01-27-maharashtra.xls,bce626419f500bd7,census-c01-extract-v1.1.0-20260528T003617Z,C0101,27,528,00000,000000,District - Ratnagiri,rural,all,males,630213
census-india-2011,sources/census-2011/c-series/state-mdds/c01-27-maharashtra.xls,bce626419f500bd7,census-c01-extract-v1.1.0-20260528T003617Z,C0101,27,528,00000,000000,District - Ratnagiri,rural,all,females,721133
census-india-2011,sources/census-2011/c-series/state-mdds/c01-27-maharashtra.xls,bce626419f500bd7,census-c01-extract-v1.1.0-20260528T003617Z,C0101,27,528,00000,000000,District - Ratnagiri,rural,hindu,persons,1128657
census-india-2011,sources/census-2011/c-series/state-mdds/c01-27-maharashtra.xls,bce626419f500bd7,census-c01-extract-v1.1.0-20260528T003617Z,C0101,27,528,00000,000000,District - Ratnagiri,rural,hindu,males,526213
census-india-2011,sources/census-2011/c-series/state-mdds/c01-27-maharashtra.xls,bce626419f500bd7,census-c01-extract-v1.1.0-20260528T003617Z,C0101,27,528,00000,000000,District - Ratnagiri,rural,hindu,females,602444
census-india-2011,sources/census-2011/c-series/state-mdds/c01-27-maharashtra.xls,bce626419f500bd7,census-c01-extract-v1.1.0-20260528T003617Z,C0101,27,528,00000,000000,District - Ratnagiri,rural,muslim,persons,115586
census-india-2011,sources/census-2011/c-series/state-mdds/c01-27-maharashtra.xls,bce626419f500bd7,census-c01-extract-v1.1.0-20260528T003617Z,C0101,27,528,00000,000000,District - Ratnagiri,rural,muslim,males,53795
census-india-2011,sources/census-2011/c-series/state-mdds/c01-27-maharashtra.xls,bce626419f500bd7,census-c01-extract-v1.1.0-20260528T003617Z,C0101,27,528,00000,000000,District - Ratnagiri,rural,muslim,females,61791
census-india-2011,sources/census-2011/c-series/state-mdds/c01-27-maharashtra.xls,bce626419f500bd7,census-c01-extract-v1.1.0-20260528T003617Z,C0101,27,528,00000,000000,District - Ratnagiri,rural,christian,persons,1081
census-india-2011,sources/census-2011/c-series/state-mdds/c01-27-maharashtra.xls,bce626419f500bd7,census-c01-extract-v1.1.0-20260528T003617Z,C0101,27,528,00000,000000,District - Ratnagiri,rural,christian,males,546
census-india-2011,sources/census-2011/c-series/state-mdds/c01-27-maharashtra.xls,bce626419f500bd7,census-c01-extract-v1.1.0-20260528T003617Z,C0101,27,528,00000,000000,District - Ratnagiri,rural,christian,females,535
census-india-2011,sources/census-2011/c-series/state-mdds/c01-27-maharashtra.xls,bce626419f500bd7,census-c01-extract-v1.1.0-20260528T003617Z,C0101,27,528,00000,000000,District - Ratnagiri,rural,sikh,persons,111
census-india-2011,sources/census-2011/c-series/state-mdds/c01-27-maharashtra.xls,bce626419f500bd7,census-c01-extract-v1.1.0-20260528T003617Z,C0101,27,528,00000,000000,District - Ratnagiri,rural,sikh,males,58
census-india-2011,sources/census-2011/c-series/state-mdds/c01-27-maharashtra.xls,bce626419f500bd7,census-c01-extract-v1.1.0-20260528T003617Z,C0101,27,528,00000,000000,District - Ratnagiri,rural,sikh,females,53
census-india-2011,sources/census-2011/c-series/state-mdds/c01-27-maharashtra.xls,bce626419f500bd7,census-c01-extract-v1.1.0-20260528T003617Z,C0101,27,528,00000,000000,District - Ratnagiri,rural,buddhist,persons,102933
census-india-2011,sources/census-2011/c-series/state-mdds/c01-27-maharashtra.xls,bce626419f500bd7,census-c01-extract-v1.1.0-20260528T003617Z,C0101,27,528,00000,000000,District - Ratnagiri,rural,buddhist,males,48092
census-india-2011,sources/census-2011/c-series/state-mdds/c01-27-maharashtra.xls,bce626419f500bd7,census-c01-extract-v1.1.0-20260528T003617Z,C0101,27,528,00000,000000,District - Ratnagiri,rural,buddhist,females,54841
census-india-2011,sources/census-2011/c-series/state-mdds/c01-27-maharashtra.xls,bce626419f500bd7,census-c01-extract-v1.1.0-20260528T003617Z,C0101,27,528,00000,000000,District - Ratnagiri,rural,jain,persons,1616
census-india-2011,sources/census-2011/c-series/state-mdds/c01-27-maharashtra.xls,bce626419f500bd7,census-c01-extract-v1.1.0-20260528T003617Z,C0101,27,528,00000,000000,District - Ratnagiri,rural,jain,males,833
census-india-2011,sources/census-2011/c-series/state-mdds/c01-27-maharashtra.xls,bce626419f500bd7,census-c01-extract-v1.1.0-20260528T003617Z,C0101,27,528,00000,000000,District - Ratnagiri,rural,jain,females,783
census-india-2011,sources/census-2011/c-series/state-mdds/c01-27-maharashtra.xls,bce626419f500bd7,census-c01-extract-v1.1.0-20260528T003617Z,C0101,27,528,00000,000000,District - Ratnagiri,rural,other,persons,56
census-india-2011,sources/census-2011/c-series/state-mdds/c01-27-maharashtra.xls,bce626419f500bd7,census-c01-extract-v1.1.0-20260528T003617Z,C0101,27,528,00000,000000,District - Ratnagiri,rural,other,males,42
census-india-2011,sources/census-2011/c-series/state-mdds/c01-27-maharashtra.xls,bce626419f500bd7,census-c01-extract-v1.1.0-20260528T003617Z,C0101,27,528,00000,000000,District - Ratnagiri,rural,other,females,14
census-india-2011,sources/census-2011/c-series/state-mdds/c01-27-maharashtra.xls,bce626419f500bd7,census-c01-extract-v1.1.0-20260528T003617Z,C0101,27,528,00000,000000,District - Ratnagiri,rural,not_stated,persons,1306
census-india-2011,sources/census-2011/c-series/state-mdds/c01-27-maharashtra.xls,bce626419f500bd7,census-c01-extract-v1.1.0-20260528T003617Z,C0101,27,528,00000,000000,District - Ratnagiri,rural,not_stated,males,634
census-india-2011,sources/census-2011/c-series/state-mdds/c01-27-maharashtra.xls,bce626419f500bd7,census-c01-extract-v1.1.0-20260528T003617Z,C0101,27,528,00000,000000,District - Ratnagiri,rural,not_stated,females,672
census-india-2011,sources/census-2011/c-series/state-mdds/c01-27-maharashtra.xls,bce626419f500bd7,census-c01-extract-v1.1.0-20260528T003617Z,C0101,27,528,00000,000000,District - Ratnagiri,urban,all,persons,263723
census-india-2011,sources/census-2011/c-series/state-mdds/c01-27-maharashtra.xls,bce626419f500bd7,census-c01-extract-v1.1.0-20260528T003617Z,C0101,27,528,00000,000000,District - Ratnagiri,urban,all,males,130908
census-india-2011,sources/census-2011/c-series/state-mdds/c01-27-maharashtra.xls,bce626419f500bd7,census-c01-extract-v1.1.0-20260528T003617Z,C0101,27,528,00000,000000,District - Ratnagiri,urban,all,females,132815
census-india-2011,sources/census-2011/c-series/state-mdds/c01-27-maharashtra.xls,bce626419f500bd7,census-c01-extract-v1.1.0-20260528T003617Z,C0101,27,528,00000,000000,District - Ratnagiri,urban,hindu,persons,178554
census-india-2011,sources/census-2011/c-series/state-mdds/c01-27-maharashtra.xls,bce626419f500bd7,census-c01-extract-v1.1.0-20260528T003617Z,C0101,27,528,00000,000000,District - Ratnagiri,urban,hindu,males,90041
census-india-2011,sources/census-2011/c-series/state-mdds/c01-27-maharashtra.xls,bce626419f500bd7,census-c01-extract-v1.1.0-20260528T003617Z,C0101,27,528,00000,000000,District - Ratnagiri,urban,hindu,females,88513
census-india-2011,sources/census-2011/c-series/state-mdds/c01-27-maharashtra.xls,bce626419f500bd7,census-c01-extract-v1.1.0-20260528T003617Z,C0101,27,528,00000,000000,District - Ratnagiri,urban,muslim,persons,71611
census-india-2011,sources/census-2011/c-series/state-mdds/c01-27-maharashtra.xls,bce626419f500bd7,census-c01-extract-v1.1.0-20260528T003617Z,C0101,27,528,00000,000000,District - Ratnagiri,urban,muslim,males,34069
census-india-2011,sources/census-2011/c-series/state-mdds/c01-27-maharashtra.xls,bce626419f500bd7,census-c01-extract-v1.1.0-20260528T003617Z,C0101,27,528,00000,000000,District - Ratnagiri,urban,muslim,females,37542
census-india-2011,sources/census-2011/c-series/state-mdds/c01-27-maharashtra.xls,bce626419f500bd7,census-c01-extract-v1.1.0-20260528T003617Z,C0101,27,528,00000,000000,District - Ratnagiri,urban,christian,persons,909
census-india-2011,sources/census-2011/c-series/state-mdds/c01-27-maharashtra.xls,bce626419f500bd7,census-c01-extract-v1.1.0-20260528T003617Z,C0101,27,528,00000,000000,District - Ratnagiri,urban,christian,males,462
census-india-2011,sources/census-2011/c-series/state-mdds/c01-27-maharashtra.xls,bce626419f500bd7,census-c01-extract-v1.1.0-20260528T003617Z,C0101,27,528,00000,000000,District - Ratnagiri,urban,christian,females,447
census-india-2011,sources/census-2011/c-series/state-mdds/c01-27-maharashtra.xls,bce626419f500bd7,census-c01-extract-v1.1.0-20260528T003617Z,C0101,27,528,00000,000000,District - Ratnagiri,urban,sikh,persons,119
census-india-2011,sources/census-2011/c-series/state-mdds/c01-27-maharashtra.xls,bce626419f500bd7,census-c01-extract-v1.1.0-20260528T003617Z,C0101,27,528,00000,000000,District - Ratnagiri,urban,sikh,males,71
census-india-2011,sources/census-2011/c-series/state-mdds/c01-27-maharashtra.xls,bce626419f500bd7,census-c01-extract-v1.1.0-20260528T003617Z,C0101,27,528,00000,000000,District - Ratnagiri,urban,sikh,females,48
census-india-2011,sources/census-2011/c-series/state-mdds/c01-27-maharashtra.xls,bce626419f500bd7,census-c01-extract-v1.1.0-20260528T003617Z,C0101,27,528,00000,000000,District - Ratnagiri,urban,buddhist,persons,10534
census-india-2011,sources/census-2011/c-series/state-mdds/c01-27-maharashtra.xls,bce626419f500bd7,census-c01-extract-v1.1.0-20260528T003617Z,C0101,27,528,00000,000000,District - Ratnagiri,urban,buddhist,males,5250
census-india-2011,sources/census-2011/c-series/state-mdds/c01-27-maharashtra.xls,bce626419f500bd7,census-c01-extract-v1.1.0-20260528T003617Z,C0101,27,528,00000,000000,District - Ratnagiri,urban,buddhist,females,5284
census-india-2011,sources/census-2011/c-series/state-mdds/c01-27-maharashtra.xls,bce626419f500bd7,census-c01-extract-v1.1.0-20260528T003617Z,C0101,27,528,00000,000000,District - Ratnagiri,urban,jain,persons,1731
census-india-2011,sources/census-2011/c-series/state-mdds/c01-27-maharashtra.xls,bce626419f500bd7,census-c01-extract-v1.1.0-20260528T003617Z,C0101,27,528,00000,000000,District - Ratnagiri,urban,jain,males,886
census-india-2011,sources/census-2011/c-series/state-mdds/c01-27-maharashtra.xls,bce626419f500bd7,census-c01-extract-v1.1.0-20260528T003617Z,C0101,27,528,00000,000000,District - Ratnagiri,urban,jain,females,845
census-india-2011,sources/census-2011/c-series/state-mdds/c01-27-maharashtra.xls,bce626419f500bd7,census-c01-extract-v1.1.0-20260528T003617Z,C0101,27,528,00000,000000,District - Ratnagiri,urban,other,persons,39
census-india-2011,sources/census-2011/c-series/state-mdds/c01-27-maharashtra.xls,bce626419f500bd7,census-c01-extract-v1.1.0-20260528T003617Z,C0101,27,528,00000,000000,District - Ratnagiri,urban,other,males,21
census-india-2011,sources/census-2011/c-series/state-mdds/c01-27-maharashtra.xls,bce626419f500bd7,census-c01-extract-v1.1.0-20260528T003617Z,C0101,27,528,00000,000000,District - Ratnagiri,urban,other,females,18
census-india-2011,sources/census-2011/c-series/state-mdds/c01-27-maharashtra.xls,bce626419f500bd7,census-c01-extract-v1.1.0-20260528T003617Z,C0101,27,528,00000,000000,District - Ratnagiri,urban,not_stated,persons,226
census-india-2011,sources/census-2011/c-series/state-mdds/c01-27-maharashtra.xls,bce626419f500bd7,census-c01-extract-v1.1.0-20260528T003617Z,C0101,27,528,00000,000000,District - Ratnagiri,urban,not_stated,males,108
census-india-2011,sources/census-2011/c-series/state-mdds/c01-27-maharashtra.xls,bce626419f500bd7,census-c01-extract-v1.1.0-20260528T003617Z,C0101,27,528,00000,000000,District - Ratnagiri,urban,not_stated,females,118
census-india-2011,sources/census-2011/c-series/state-mdds/c01-27-maharashtra.xls,bce626419f500bd7,census-c01-extract-v1.1.0-20260528T003617Z,C0101,27,529,00000,000000,District - Sindhudurg,total,all,persons,849651
census-india-2011,sources/census-2011/c-series/state-mdds/c01-27-maharashtra.xls,bce626419f500bd7,census-c01-extract-v1.1.0-20260528T003617Z,C0101,27,529,00000,000000,District - Sindhudurg,total,all,males,417332
census-india-2011,sources/census-2011/c-series/state-mdds/c01-27-maharashtra.xls,bce626419f500bd7,census-c01-extract-v1.1.0-20260528T003617Z,C0101,27,529,00000,000000,District - Sindhudurg,total,all,females,432319
census-india-2011,sources/census-2011/c-series/state-mdds/c01-27-maharashtra.xls,bce626419f500bd7,census-c01-extract-v1.1.0-20260528T003617Z,C0101,27,529,00000,000000,District - Sindhudurg,total,hindu,persons,780384
census-india-2011,sources/census-2011/c-series/state-mdds/c01-27-maharashtra.xls,bce626419f500bd7,census-c01-extract-v1.1.0-20260528T003617Z,C0101,27,529,00000,000000,District - Sindhudurg,total,hindu,males,383625
census-india-2011,sources/census-2011/c-series/state-mdds/c01-27-maharashtra.xls,bce626419f500bd7,census-c01-extract-v1.1.0-20260528T003617Z,C0101,27,529,00000,000000,District - Sindhudurg,total,hindu,females,396759
census-india-2011,sources/census-2011/c-series/state-mdds/c01-27-maharashtra.xls,bce626419f500bd7,census-c01-extract-v1.1.0-20260528T003617Z,C0101,27,529,00000,000000,District - Sindhudurg,total,muslim,persons,26264
census-india-2011,sources/census-2011/c-series/state-mdds/c01-27-maharashtra.xls,bce626419f500bd7,census-c01-extract-v1.1.0-20260528T003617Z,C0101,27,529,00000,000000,District - Sindhudurg,total,muslim,males,13135
census-india-2011,sources/census-2011/c-series/state-mdds/c01-27-maharashtra.xls,bce626419f500bd7,census-c01-extract-v1.1.0-20260528T003617Z,C0101,27,529,00000,000000,District - Sindhudurg,total,muslim,females,13129
census-india-2011,sources/census-2011/c-series/state-mdds/c01-27-maharashtra.xls,bce626419f500bd7,census-c01-extract-v1.1.0-20260528T003617Z,C0101,27,529,00000,000000,District - Sindhudurg,total,christian,persons,15471
census-india-2011,sources/census-2011/c-series/state-mdds/c01-27-maharashtra.xls,bce626419f500bd7,census-c01-extract-v1.1.0-20260528T003617Z,C0101,27,529,00000,000000,District - Sindhudurg,total,christian,males,7396
census-india-2011,sources/census-2011/c-series/state-mdds/c01-27-maharashtra.xls,bce626419f500bd7,census-c01-extract-v1.1.0-20260528T003617Z,C0101,27,529,00000,000000,District - Sindhudurg,total,christian,females,8075
census-india-2011,sources/census-2011/c-series/state-mdds/c01-27-maharashtra.xls,bce626419f500bd7,census-c01-extract-v1.1.0-20260528T003617Z,C0101,27,529,00000,000000,District - Sindhudurg,total,sikh,persons,219
census-india-2011,sources/census-2011/c-series/state-mdds/c01-27-maharashtra.xls,bce626419f500bd7,census-c01-extract-v1.1.0-20260528T003617Z,C0101,27,529,00000,000000,District - Sindhudurg,total,sikh,males,126
census-india-2011,sources/census-2011/c-series/state-mdds/c01-27-maharashtra.xls,bce626419f500bd7,census-c01-extract-v1.1.0-20260528T003617Z,C0101,27,529,00000,000000,District - Sindhudurg,total,sikh,females,93
census-india-2011,sources/census-2011/c-series/state-mdds/c01-27-maharashtra.xls,bce626419f500bd7,census-c01-extract-v1.1.0-20260528T003617Z,C0101,27,529,00000,000000,District - Sindhudurg,total,buddhist,persons,24762
census-india-2011,sources/census-2011/c-series/state-mdds/c01-27-maharashtra.xls,bce626419f500bd7,census-c01-extract-v1.1.0-20260528T003617Z,C0101,27,529,00000,000000,District - Sindhudurg,total,buddhist,males,11685
census-india-2011,sources/census-2011/c-series/state-mdds/c01-27-maharashtra.xls,bce626419f500bd7,census-c01-extract-v1.1.0-20260528T003617Z,C0101,27,529,00000,000000,District - Sindhudurg,total,buddhist,females,13077
census-india-2011,sources/census-2011/c-series/state-mdds/c01-27-maharashtra.xls,bce626419f500bd7,census-c01-extract-v1.1.0-20260528T003617Z,C0101,27,529,00000,000000,District - Sindhudurg,total,jain,persons,1046
census-india-2011,sources/census-2011/c-series/state-mdds/c01-27-maharashtra.xls,bce626419f500bd7,census-c01-extract-v1.1.0-20260528T003617Z,C0101,27,529,00000,000000,District - Sindhudurg,total,jain,males,546
census-india-2011,sources/census-2011/c-series/state-mdds/c01-27-maharashtra.xls,bce626419f500bd7,census-c01-extract-v1.1.0-20260528T003617Z,C0101,27,529,00000,000000,District - Sindhudurg,total,jain,females,500
census-india-2011,sources/census-2011/c-series/state-mdds/c01-27-maharashtra.xls,bce626419f500bd7,census-c01-extract-v1.1.0-20260528T003617Z,C0101,27,529,00000,000000,District - Sindhudurg,total,other,persons,53
census-india-2011,sources/census-2011/c-series/state-mdds/c01-27-maharashtra.xls,bce626419f500bd7,census-c01-extract-v1.1.0-20260528T003617Z,C0101,27,529,00000,000000,District - Sindhudurg,total,other,males,36
census-india-2011,sources/census-2011/c-series/state-mdds/c01-27-maharashtra.xls,bce626419f500bd7,census-c01-extract-v1.1.0-20260528T003617Z,C0101,27,529,00000,000000,District - Sindhudurg,total,other,females,17
census-india-2011,sources/census-2011/c-series/state-mdds/c01-27-maharashtra.xls,bce626419f500bd7,census-c01-extract-v1.1.0-20260528T003617Z,C0101,27,529,00000,000000,District - Sindhudurg,total,not_stated,persons,1452
census-india-2011,sources/census-2011/c-series/state-mdds/c01-27-maharashtra.xls,bce626419f500bd7,census-c01-extract-v1.1.0-20260528T003617Z,C0101,27,529,00000,000000,District - Sindhudurg,total,not_stated,males,783
census-india-2011,sources/census-2011/c-series/state-mdds/c01-27-maharashtra.xls,bce626419f500bd7,census-c01-extract-v1.1.0-20260528T003617Z,C0101,27,529,00000,000000,District - Sindhudurg,total,not_stated,females,669
census-india-2011,sources/census-2011/c-series/state-mdds/c01-27-maharashtra.xls,bce626419f500bd7,census-c01-extract-v1.1.0-20260528T003617Z,C0101,27,529,00000,000000,District - Sindhudurg,rural,all,persons,742645
census-india-2011,sources/census-2011/c-series/state-mdds/c01-27-maharashtra.xls,bce626419f500bd7,census-c01-extract-v1.1.0-20260528T003617Z,C0101,27,529,00000,000000,District - Sindhudurg,rural,all,males,363268
census-india-2011,sources/census-2011/c-series/state-mdds/c01-27-maharashtra.xls,bce626419f500bd7,census-c01-extract-v1.1.0-20260528T003617Z,C0101,27,529,00000,000000,District - Sindhudurg,rural,all,females,379377
census-india-2011,sources/census-2011/c-series/state-mdds/c01-27-maharashtra.xls,bce626419f500bd7,census-c01-extract-v1.1.0-20260528T003617Z,C0101,27,529,00000,000000,District - Sindhudurg,rural,hindu,persons,689100
census-india-2011,sources/census-2011/c-series/state-mdds/c01-27-maharashtra.xls,bce626419f500bd7,census-c01-extract-v1.1.0-20260528T003617Z,C0101,27,529,00000,000000,District - Sindhudurg,rural,hindu,males,337391
census-india-2011,sources/census-2011/c-series/state-mdds/c01-27-maharashtra.xls,bce626419f500bd7,census-c01-extract-v1.1.0-20260528T003617Z,C0101,27,529,00000,000000,District - Sindhudurg,rural,hindu,females,351709
census-india-2011,sources/census-2011/c-series/state-mdds/c01-27-maharashtra.xls,bce626419f500bd7,census-c01-extract-v1.1.0-20260528T003617Z,C0101,27,529,00000,000000,District - Sindhudurg,rural,muslim,persons,17707
census-india-2011,sources/census-2011/c-series/state-mdds/c01-27-maharashtra.xls,bce626419f500bd7,census-c01-extract-v1.1.0-20260528T003617Z,C0101,27,529,00000,000000,District - Sindhudurg,rural,muslim,males,8822
census-india-2011,sources/census-2011/c-series/state-mdds/c01-27-maharashtra.xls,bce626419f500bd7,census-c01-extract-v1.1.0-20260528T003617Z,C0101,27,529,00000,000000,District - Sindhudurg,rural,muslim,females,8885
census-india-2011,sources/census-2011/c-series/state-mdds/c01-27-maharashtra.xls,bce626419f500bd7,census-c01-extract-v1.1.0-20260528T003617Z,C0101,27,529,00000,000000,District - Sindhudurg,rural,christian,persons,11348
census-india-2011,sources/census-2011/c-series/state-mdds/c01-27-maharashtra.xls,bce626419f500bd7,census-c01-extract-v1.1.0-20260528T003617Z,C0101,27,529,00000,000000,District - Sindhudurg,rural,christian,males,5411
census-india-2011,sources/census-2011/c-series/state-mdds/c01-27-maharashtra.xls,bce626419f500bd7,census-c01-extract-v1.1.0-20260528T003617Z,C0101,27,529,00000,000000,District - Sindhudurg,rural,christian,females,5937
census-india-2011,sources/census-2011/c-series/state-mdds/c01-27-maharashtra.xls,bce626419f500bd7,census-c01-extract-v1.1.0-20260528T003617Z,C0101,27,529,00000,000000,District - Sindhudurg,rural,sikh,persons,157
census-india-2011,sources/census-2011/c-series/state-mdds/c01-27-maharashtra.xls,bce626419f500bd7,census-c01-extract-v1.1.0-20260528T003617Z,C0101,27,529,00000,000000,District - Sindhudurg,rural,sikh,males,82
census-india-2011,sources/census-2011/c-series/state-mdds/c01-27-maharashtra.xls,bce626419f500bd7,census-c01-extract-v1.1.0-20260528T003617Z,C0101,27,529,00000,000000,District - Sindhudurg,rural,sikh,females,75
census-india-2011,sources/census-2011/c-series/state-mdds/c01-27-maharashtra.xls,bce626419f500bd7,census-c01-extract-v1.1.0-20260528T003617Z,C0101,27,529,00000,000000,District - Sindhudurg,rural,buddhist,persons,22315
census-india-2011,sources/census-2011/c-series/state-mdds/c01-27-maharashtra.xls,bce626419f500bd7,census-c01-extract-v1.1.0-20260528T003617Z,C0101,27,529,00000,000000,District - Sindhudurg,rural,buddhist,males,10475
census-india-2011,sources/census-2011/c-series/state-mdds/c01-27-maharashtra.xls,bce626419f500bd7,census-c01-extract-v1.1.0-20260528T003617Z,C0101,27,529,00000,000000,District - Sindhudurg,rural,buddhist,females,11840
census-india-2011,sources/census-2011/c-series/state-mdds/c01-27-maharashtra.xls,bce626419f500bd7,census-c01-extract-v1.1.0-20260528T003617Z,C0101,27,529,00000,000000,District - Sindhudurg,rural,jain,persons,828
census-india-2011,sources/census-2011/c-series/state-mdds/c01-27-maharashtra.xls,bce626419f500bd7,census-c01-extract-v1.1.0-20260528T003617Z,C0101,27,529,00000,000000,District - Sindhudurg,rural,jain,males,430
census-india-2011,sources/census-2011/c-series/state-mdds/c01-27-maharashtra.xls,bce626419f500bd7,census-c01-extract-v1.1.0-20260528T003617Z,C0101,27,529,00000,000000,District - Sindhudurg,rural,jain,females,398
census-india-2011,sources/census-2011/c-series/state-mdds/c01-27-maharashtra.xls,bce626419f500bd7,census-c01-extract-v1.1.0-20260528T003617Z,C0101,27,529,00000,000000,District - Sindhudurg,rural,other,persons,34
census-india-2011,sources/census-2011/c-series/state-mdds/c01-27-maharashtra.xls,bce626419f500bd7,census-c01-extract-v1.1.0-20260528T003617Z,C0101,27,529,00000,000000,District - Sindhudurg,rural,other,males,20
census-india-2011,sources/census-2011/c-series/state-mdds/c01-27-maharashtra.xls,bce626419f500bd7,census-c01-extract-v1.1.0-20260528T003617Z,C0101,27,529,00000,000000,District - Sindhudurg,rural,other,females,14
census-india-2011,sources/census-2011/c-series/state-mdds/c01-27-maharashtra.xls,bce626419f500bd7,census-c01-extract-v1.1.0-20260528T003617Z,C0101,27,529,00000,000000,District - Sindhudurg,rural,not_stated,persons,1156
census-india-2011,sources/census-2011/c-series/state-mdds/c01-27-maharashtra.xls,bce626419f500bd7,census-c01-extract-v1.1.0-20260528T003617Z,C0101,27,529,00000,000000,District - Sindhudurg,rural,not_stated,males,637
census-india-2011,sources/census-2011/c-series/state-mdds/c01-27-maharashtra.xls,bce626419f500bd7,census-c01-extract-v1.1.0-20260528T003617Z,C0101,27,529,00000,000000,District - Sindhudurg,rural,not_stated,females,519
census-india-2011,sources/census-2011/c-series/state-mdds/c01-27-maharashtra.xls,bce626419f500bd7,census-c01-extract-v1.1.0-20260528T003617Z,C0101,27,529,00000,000000,District - Sindhudurg,urban,all,persons,107006
census-india-2011,sources/census-2011/c-series/state-mdds/c01-27-maharashtra.xls,bce626419f500bd7,census-c01-extract-v1.1.0-20260528T003617Z,C0101,27,529,00000,000000,District - Sindhudurg,urban,all,males,54064
census-india-2011,sources/census-2011/c-series/state-mdds/c01-27-maharashtra.xls,bce626419f500bd7,census-c01-extract-v1.1.0-20260528T003617Z,C0101,27,529,00000,000000,District - Sindhudurg,urban,all,females,52942
census-india-2011,sources/census-2011/c-series/state-mdds/c01-27-maharashtra.xls,bce626419f500bd7,census-c01-extract-v1.1.0-20260528T003617Z,C0101,27,529,00000,000000,District - Sindhudurg,urban,hindu,persons,91284
census-india-2011,sources/census-2011/c-series/state-mdds/c01-27-maharashtra.xls,bce626419f500bd7,census-c01-extract-v1.1.0-20260528T003617Z,C0101,27,529,00000,000000,District - Sindhudurg,urban,hindu,males,46234
census-india-2011,sources/census-2011/c-series/state-mdds/c01-27-maharashtra.xls,bce626419f500bd7,census-c01-extract-v1.1.0-20260528T003617Z,C0101,27,529,00000,000000,District - Sindhudurg,urban,hindu,females,45050
census-india-2011,sources/census-2011/c-series/state-mdds/c01-27-maharashtra.xls,bce626419f500bd7,census-c01-extract-v1.1.0-20260528T003617Z,C0101,27,529,00000,000000,District - Sindhudurg,urban,muslim,persons,8557
census-india-2011,sources/census-2011/c-series/state-mdds/c01-27-maharashtra.xls,bce626419f500bd7,census-c01-extract-v1.1.0-20260528T003617Z,C0101,27,529,00000,000000,District - Sindhudurg,urban,muslim,males,4313
census-india-2011,sources/census-2011/c-series/state-mdds/c01-27-maharashtra.xls,bce626419f500bd7,census-c01-extract-v1.1.0-20260528T003617Z,C0101,27,529,00000,000000,District - Sindhudurg,urban,muslim,females,4244
census-india-2011,sources/census-2011/c-series/state-mdds/c01-27-maharashtra.xls,bce626419f500bd7,census-c01-extract-v1.1.0-20260528T003617Z,C0101,27,529,00000,000000,District - Sindhudurg,urban,christian,persons,4123
census-india-2011,sources/census-2011/c-series/state-mdds/c01-27-maharashtra.xls,bce626419f500bd7,census-c01-extract-v1.1.0-20260528T003617Z,C0101,27,529,00000,000000,District - Sindhudurg,urban,christian,males,1985
census-india-2011,sources/census-2011/c-series/state-mdds/c01-27-maharashtra.xls,bce626419f500bd7,census-c01-extract-v1.1.0-20260528T003617Z,C0101,27,529,00000,000000,District - Sindhudurg,urban,christian,females,2138
census-india-2011,sources/census-2011/c-series/state-mdds/c01-27-maharashtra.xls,bce626419f500bd7,census-c01-extract-v1.1.0-20260528T003617Z,C0101,27,529,00000,000000,District - Sindhudurg,urban,sikh,persons,62
census-india-2011,sources/census-2011/c-series/state-mdds/c01-27-maharashtra.xls,bce626419f500bd7,census-c01-extract-v1.1.0-20260528T003617Z,C0101,27,529,00000,000000,District - Sindhudurg,urban,sikh,males,44
census-india-2011,sources/census-2011/c-series/state-mdds/c01-27-maharashtra.xls,bce626419f500bd7,census-c01-extract-v1.1.0-20260528T003617Z,C0101,27,529,00000,000000,District - Sindhudurg,urban,sikh,females,18
census-india-2011,sources/census-2011/c-series/state-mdds/c01-27-maharashtra.xls,bce626419f500bd7,census-c01-extract-v1.1.0-20260528T003617Z,C0101,27,529,00000,000000,District - Sindhudurg,urban,buddhist,persons,2447
census-india-2011,sources/census-2011/c-series/state-mdds/c01-27-maharashtra.xls,bce626419f500bd7,census-c01-extract-v1.1.0-20260528T003617Z,C0101,27,529,00000,000000,District - Sindhudurg,urban,buddhist,males,1210
census-india-2011,sources/census-2011/c-series/state-mdds/c01-27-maharashtra.xls,bce626419f500bd7,census-c01-extract-v1.1.0-20260528T003617Z,C0101,27,529,00000,000000,District - Sindhudurg,urban,buddhist,females,1237
census-india-2011,sources/census-2011/c-series/state-mdds/c01-27-maharashtra.xls,bce626419f500bd7,census-c01-extract-v1.1.0-20260528T003617Z,C0101,27,529,00000,000000,District - Sindhudurg,urban,jain,persons,218
census-india-2011,sources/census-2011/c-series/state-mdds/c01-27-maharashtra.xls,bce626419f500bd7,census-c01-extract-v1.1.0-20260528T003617Z,C0101,27,529,00000,000000,District - Sindhudurg,urban,jain,males,116
census-india-2011,sources/census-2011/c-series/state-mdds/c01-27-maharashtra.xls,bce626419f500bd7,census-c01-extract-v1.1.0-20260528T003617Z,C0101,27,529,00000,000000,District - Sindhudurg,urban,jain,females,102
census-india-2011,sources/census-2011/c-series/state-mdds/c01-27-maharashtra.xls,bce626419f500bd7,census-c01-extract-v1.1.0-20260528T003617Z,C0101,27,529,00000,000000,District - Sindhudurg,urban,other,persons,19
census-india-2011,sources/census-2011/c-series/state-mdds/c01-27-maharashtra.xls,bce626419f500bd7,census-c01-extract-v1.1.0-20260528T003617Z,C0101,27,529,00000,000000,District - Sindhudurg,urban,other,males,16
census-india-2011,sources/census-2011/c-series/state-mdds/c01-27-maharashtra.xls,bce626419f500bd7,census-c01-extract-v1.1.0-20260528T003617Z,C0101,27,529,00000,000000,District - Sindhudurg,urban,other,females,3
census-india-2011,sources/census-2011/c-series/state-mdds/c01-27-maharashtra.xls,bce626419f500bd7,census-c01-extract-v1.1.0-20260528T003617Z,C0101,27,529,00000,000000,District - Sindhudurg,urban,not_stated,persons,296
census-india-2011,sources/census-2011/c-series/state-mdds/c01-27-maharashtra.xls,bce626419f500bd7,census-c01-extract-v1.1.0-20260528T003617Z,C0101,27,529,00000,000000,District - Sindhudurg,urban,not_stated,males,146
census-india-2011,sources/census-2011/c-series/state-mdds/c01-27-maharashtra.xls,bce626419f500bd7,census-c01-extract-v1.1.0-20260528T003617Z,C0101,27,529,00000,000000,District - Sindhudurg,urban,not_stated,females,150
census-india-2011,sources/census-2011/c-series/state-mdds/c01-27-maharashtra.xls,bce626419f500bd7,census-c01-extract-v1.1.0-20260528T003617Z,C0101,27,530,00000,000000,District - Kolhapur,total,all,persons,3876001
census-india-2011,sources/census-2011/c-series/state-mdds/c01-27-maharashtra.xls,bce626419f500bd7,census-c01-extract-v1.1.0-20260528T003617Z,C0101,27,530,00000,000000,District - Kolhapur,total,all,males,1980658
census-india-2011,sources/census-2011/c-series/state-mdds/c01-27-maharashtra.xls,bce626419f500bd7,census-c01-extract-v1.1.0-20260528T003617Z,C0101,27,530,00000,000000,District - Kolhapur,total,all,females,1895343
census-india-2011,sources/census-2011/c-series/state-mdds/c01-27-maharashtra.xls,bce626419f500bd7,census-c01-extract-v1.1.0-20260528T003617Z,C0101,27,530,00000,000000,District - Kolhapur,total,hindu,persons,3379906
census-india-2011,sources/census-2011/c-series/state-mdds/c01-27-maharashtra.xls,bce626419f500bd7,census-c01-extract-v1.1.0-20260528T003617Z,C0101,27,530,00000,000000,District - Kolhapur,total,hindu,males,1728058
census-india-2011,sources/census-2011/c-series/state-mdds/c01-27-maharashtra.xls,bce626419f500bd7,census-c01-extract-v1.1.0-20260528T003617Z,C0101,27,530,00000,000000,District - Kolhapur,total,hindu,females,1651848
census-india-2011,sources/census-2011/c-series/state-mdds/c01-27-maharashtra.xls,bce626419f500bd7,census-c01-extract-v1.1.0-20260528T003617Z,C0101,27,530,00000,000000,District - Kolhapur,total,muslim,persons,286558
census-india-2011,sources/census-2011/c-series/state-mdds/c01-27-maharashtra.xls,bce626419f500bd7,census-c01-extract-v1.1.0-20260528T003617Z,C0101,27,530,00000,000000,District - Kolhapur,total,muslim,males,144947
census-india-2011,sources/census-2011/c-series/state-mdds/c01-27-maharashtra.xls,bce626419f500bd7,census-c01-extract-v1.1.0-20260528T003617Z,C0101,27,530,00000,000000,District - Kolhapur,total,muslim,females,141611
census-india-2011,sources/census-2011/c-series/state-mdds/c01-27-maharashtra.xls,bce626419f500bd7,census-c01-extract-v1.1.0-20260528T003617Z,C0101,27,530,00000,000000,District - Kolhapur,total,christian,persons,15573
census-india-2011,sources/census-2011/c-series/state-mdds/c01-27-maharashtra.xls,bce626419f500bd7,census-c01-extract-v1.1.0-20260528T003617Z,C0101,27,530,00000,000000,District - Kolhapur,total,christian,males,7709
census-india-2011,sources/census-2011/c-series/state-mdds/c01-27-maharashtra.xls,bce626419f500bd7,census-c01-extract-v1.1.0-20260528T003617Z,C0101,27,530,00000,000000,District - Kolhapur,total,christian,females,7864
census-india-2011,sources/census-2011/c-series/state-mdds/c01-27-maharashtra.xls,bce626419f500bd7,census-c01-extract-v1.1.0-20260528T003617Z,C0101,27,530,00000,000000,District - Kolhapur,total,sikh,persons,1570
census-india-2011,sources/census-2011/c-series/state-mdds/c01-27-maharashtra.xls,bce626419f500bd7,census-c01-extract-v1.1.0-20260528T003617Z,C0101,27,530,00000,000000,District - Kolhapur,total,sikh,males,828
census-india-2011,sources/census-2011/c-series/state-mdds/c01-27-maharashtra.xls,bce626419f500bd7,census-c01-extract-v1.1.0-20260528T003617Z,C0101,27,530,00000,000000,District - Kolhapur,total,sikh,females,742
census-india-2011,sources/census-2011/c-series/state-mdds/c01-27-maharashtra.xls,bce626419f500bd7,census-c01-extract-v1.1.0-20260528T003617Z,C0101,27,530,00000,000000,District - Kolhapur,total,buddhist,persons,29766
census-india-2011,sources/census-2011/c-series/state-mdds/c01-27-maharashtra.xls,bce626419f500bd7,census-c01-extract-v1.1.0-20260528T003617Z,C0101,27,530,00000,000000,District - Kolhapur,total,buddhist,males,15142
census-india-2011,sources/census-2011/c-series/state-mdds/c01-27-maharashtra.xls,bce626419f500bd7,census-c01-extract-v1.1.0-20260528T003617Z,C0101,27,530,00000,000000,District - Kolhapur,total,buddhist,females,14624
census-india-2011,sources/census-2011/c-series/state-mdds/c01-27-maharashtra.xls,bce626419f500bd7,census-c01-extract-v1.1.0-20260528T003617Z,C0101,27,530,00000,000000,District - Kolhapur,total,jain,persons,154882
census-india-2011,sources/census-2011/c-series/state-mdds/c01-27-maharashtra.xls,bce626419f500bd7,census-c01-extract-v1.1.0-20260528T003617Z,C0101,27,530,00000,000000,District - Kolhapur,total,jain,males,80024
census-india-2011,sources/census-2011/c-series/state-mdds/c01-27-maharashtra.xls,bce626419f500bd7,census-c01-extract-v1.1.0-20260528T003617Z,C0101,27,530,00000,000000,District - Kolhapur,total,jain,females,74858
census-india-2011,sources/census-2011/c-series/state-mdds/c01-27-maharashtra.xls,bce626419f500bd7,census-c01-extract-v1.1.0-20260528T003617Z,C0101,27,530,00000,000000,District - Kolhapur,total,other,persons,1274
census-india-2011,sources/census-2011/c-series/state-mdds/c01-27-maharashtra.xls,bce626419f500bd7,census-c01-extract-v1.1.0-20260528T003617Z,C0101,27,530,00000,000000,District - Kolhapur,total,other,males,667
census-india-2011,sources/census-2011/c-series/state-mdds/c01-27-maharashtra.xls,bce626419f500bd7,census-c01-extract-v1.1.0-20260528T003617Z,C0101,27,530,00000,000000,District - Kolhapur,total,other,females,607
census-india-2011,sources/census-2011/c-series/state-mdds/c01-27-maharashtra.xls,bce626419f500bd7,census-c01-extract-v1.1.0-20260528T003617Z,C0101,27,530,00000,000000,District - Kolhapur,total,not_stated,persons,6472
census-india-2011,sources/census-2011/c-series/state-mdds/c01-27-maharashtra.xls,bce626419f500bd7,census-c01-extract-v1.1.0-20260528T003617Z,C0101,27,530,00000,000000,District - Kolhapur,total,not_stated,males,3283
census-india-2011,sources/census-2011/c-series/state-mdds/c01-27-maharashtra.xls,bce626419f500bd7,census-c01-extract-v1.1.0-20260528T003617Z,C0101,27,530,00000,000000,District - Kolhapur,total,not_stated,females,3189
census-india-2011,sources/census-2011/c-series/state-mdds/c01-27-maharashtra.xls,bce626419f500bd7,census-c01-extract-v1.1.0-20260528T003617Z,C0101,27,530,00000,000000,District - Kolhapur,rural,all,persons,2645992
census-india-2011,sources/census-2011/c-series/state-mdds/c01-27-maharashtra.xls,bce626419f500bd7,census-c01-extract-v1.1.0-20260528T003617Z,C0101,27,530,00000,000000,District - Kolhapur,rural,all,males,1348815
census-india-2011,sources/census-2011/c-series/state-mdds/c01-27-maharashtra.xls,bce626419f500bd7,census-c01-extract-v1.1.0-20260528T003617Z,C0101,27,530,00000,000000,District - Kolhapur,rural,all,females,1297177
census-india-2011,sources/census-2011/c-series/state-mdds/c01-27-maharashtra.xls,bce626419f500bd7,census-c01-extract-v1.1.0-20260528T003617Z,C0101,27,530,00000,000000,District - Kolhapur,rural,hindu,persons,2378442
census-india-2011,sources/census-2011/c-series/state-mdds/c01-27-maharashtra.xls,bce626419f500bd7,census-c01-extract-v1.1.0-20260528T003617Z,C0101,27,530,00000,000000,District - Kolhapur,rural,hindu,males,1212284
census-india-2011,sources/census-2011/c-series/state-mdds/c01-27-maharashtra.xls,bce626419f500bd7,census-c01-extract-v1.1.0-20260528T003617Z,C0101,27,530,00000,000000,District - Kolhapur,rural,hindu,females,1166158
census-india-2011,sources/census-2011/c-series/state-mdds/c01-27-maharashtra.xls,bce626419f500bd7,census-c01-extract-v1.1.0-20260528T003617Z,C0101,27,530,00000,000000,District - Kolhapur,rural,muslim,persons,131071
census-india-2011,sources/census-2011/c-series/state-mdds/c01-27-maharashtra.xls,bce626419f500bd7,census-c01-extract-v1.1.0-20260528T003617Z,C0101,27,530,00000,000000,District - Kolhapur,rural,muslim,males,66113
census-india-2011,sources/census-2011/c-series/state-mdds/c01-27-maharashtra.xls,bce626419f500bd7,census-c01-extract-v1.1.0-20260528T003617Z,C0101,27,530,00000,000000,District - Kolhapur,rural,muslim,females,64958
census-india-2011,sources/census-2011/c-series/state-mdds/c01-27-maharashtra.xls,bce626419f500bd7,census-c01-extract-v1.1.0-20260528T003617Z,C0101,27,530,00000,000000,District - Kolhapur,rural,christian,persons,7705
census-india-2011,sources/census-2011/c-series/state-mdds/c01-27-maharashtra.xls,bce626419f500bd7,census-c01-extract-v1.1.0-20260528T003617Z,C0101,27,530,00000,000000,District - Kolhapur,rural,christian,males,3826
census-india-2011,sources/census-2011/c-series/state-mdds/c01-27-maharashtra.xls,bce626419f500bd7,census-c01-extract-v1.1.0-20260528T003617Z,C0101,27,530,00000,000000,District - Kolhapur,rural,christian,females,3879
census-india-2011,sources/census-2011/c-series/state-mdds/c01-27-maharashtra.xls,bce626419f500bd7,census-c01-extract-v1.1.0-20260528T003617Z,C0101,27,530,00000,000000,District - Kolhapur,rural,sikh,persons,656
census-india-2011,sources/census-2011/c-series/state-mdds/c01-27-maharashtra.xls,bce626419f500bd7,census-c01-extract-v1.1.0-20260528T003617Z,C0101,27,530,00000,000000,District - Kolhapur,rural,sikh,males,339
census-india-2011,sources/census-2011/c-series/state-mdds/c01-27-maharashtra.xls,bce626419f500bd7,census-c01-extract-v1.1.0-20260528T003617Z,C0101,27,530,00000,000000,District - Kolhapur,rural,sikh,females,317
census-india-2011,sources/census-2011/c-series/state-mdds/c01-27-maharashtra.xls,bce626419f500bd7,census-c01-extract-v1.1.0-20260528T003617Z,C0101,27,530,00000,000000,District - Kolhapur,rural,buddhist,persons,21815
census-india-2011,sources/census-2011/c-series/state-mdds/c01-27-maharashtra.xls,bce626419f500bd7,census-c01-extract-v1.1.0-20260528T003617Z,C0101,27,530,00000,000000,District - Kolhapur,rural,buddhist,males,11026
census-india-2011,sources/census-2011/c-series/state-mdds/c01-27-maharashtra.xls,bce626419f500bd7,census-c01-extract-v1.1.0-20260528T003617Z,C0101,27,530,00000,000000,District - Kolhapur,rural,buddhist,females,10789
census-india-2011,sources/census-2011/c-series/state-mdds/c01-27-maharashtra.xls,bce626419f500bd7,census-c01-extract-v1.1.0-20260528T003617Z,C0101,27,530,00000,000000,District - Kolhapur,rural,jain,persons,102231
census-india-2011,sources/census-2011/c-series/state-mdds/c01-27-maharashtra.xls,bce626419f500bd7,census-c01-extract-v1.1.0-20260528T003617Z,C0101,27,530,00000,000000,District - Kolhapur,rural,jain,males,53132
census-india-2011,sources/census-2011/c-series/state-mdds/c01-27-maharashtra.xls,bce626419f500bd7,census-c01-extract-v1.1.0-20260528T003617Z,C0101,27,530,00000,000000,District - Kolhapur,rural,jain,females,49099
census-india-2011,sources/census-2011/c-series/state-mdds/c01-27-maharashtra.xls,bce626419f500bd7,census-c01-extract-v1.1.0-20260528T003617Z,C0101,27,530,00000,000000,District - Kolhapur,rural,other,persons,355
census-india-2011,sources/census-2011/c-series/state-mdds/c01-27-maharashtra.xls,bce626419f500bd7,census-c01-extract-v1.1.0-20260528T003617Z,C0101,27,530,00000,000000,District - Kolhapur,rural,other,males,188
census-india-2011,sources/census-2011/c-series/state-mdds/c01-27-maharashtra.xls,bce626419f500bd7,census-c01-extract-v1.1.0-20260528T003617Z,C0101,27,530,00000,000000,District - Kolhapur,rural,other,females,167
census-india-2011,sources/census-2011/c-series/state-mdds/c01-27-maharashtra.xls,bce626419f500bd7,census-c01-extract-v1.1.0-20260528T003617Z,C0101,27,530,00000,000000,District - Kolhapur,rural,not_stated,persons,3717
census-india-2011,sources/census-2011/c-series/state-mdds/c01-27-maharashtra.xls,bce626419f500bd7,census-c01-extract-v1.1.0-20260528T003617Z,C0101,27,530,00000,000000,District - Kolhapur,rural,not_stated,males,1907
census-india-2011,sources/census-2011/c-series/state-mdds/c01-27-maharashtra.xls,bce626419f500bd7,census-c01-extract-v1.1.0-20260528T003617Z,C0101,27,530,00000,000000,District - Kolhapur,rural,not_stated,females,1810
census-india-2011,sources/census-2011/c-series/state-mdds/c01-27-maharashtra.xls,bce626419f500bd7,census-c01-extract-v1.1.0-20260528T003617Z,C0101,27,530,00000,000000,District - Kolhapur,urban,all,persons,1230009
census-india-2011,sources/census-2011/c-series/state-mdds/c01-27-maharashtra.xls,bce626419f500bd7,census-c01-extract-v1.1.0-20260528T003617Z,C0101,27,530,00000,000000,District - Kolhapur,urban,all,males,631843
census-india-2011,sources/census-2011/c-series/state-mdds/c01-27-maharashtra.xls,bce626419f500bd7,census-c01-extract-v1.1.0-20260528T003617Z,C0101,27,530,00000,000000,District - Kolhapur,urban,all,females,598166
census-india-2011,sources/census-2011/c-series/state-mdds/c01-27-maharashtra.xls,bce626419f500bd7,census-c01-extract-v1.1.0-20260528T003617Z,C0101,27,530,00000,000000,District - Kolhapur,urban,hindu,persons,1001464
census-india-2011,sources/census-2011/c-series/state-mdds/c01-27-maharashtra.xls,bce626419f500bd7,census-c01-extract-v1.1.0-20260528T003617Z,C0101,27,530,00000,000000,District - Kolhapur,urban,hindu,males,515774
census-india-2011,sources/census-2011/c-series/state-mdds/c01-27-maharashtra.xls,bce626419f500bd7,census-c01-extract-v1.1.0-20260528T003617Z,C0101,27,530,00000,000000,District - Kolhapur,urban,hindu,females,485690
census-india-2011,sources/census-2011/c-series/state-mdds/c01-27-maharashtra.xls,bce626419f500bd7,census-c01-extract-v1.1.0-20260528T003617Z,C0101,27,530,00000,000000,District - Kolhapur,urban,muslim,persons,155487
census-india-2011,sources/census-2011/c-series/state-mdds/c01-27-maharashtra.xls,bce626419f500bd7,census-c01-extract-v1.1.0-20260528T003617Z,C0101,27,530,00000,000000,District - Kolhapur,urban,muslim,males,78834
census-india-2011,sources/census-2011/c-series/state-mdds/c01-27-maharashtra.xls,bce626419f500bd7,census-c01-extract-v1.1.0-20260528T003617Z,C0101,27,530,00000,000000,District - Kolhapur,urban,muslim,females,76653
census-india-2011,sources/census-2011/c-series/state-mdds/c01-27-maharashtra.xls,bce626419f500bd7,census-c01-extract-v1.1.0-20260528T003617Z,C0101,27,530,00000,000000,District - Kolhapur,urban,christian,persons,7868
census-india-2011,sources/census-2011/c-series/state-mdds/c01-27-maharashtra.xls,bce626419f500bd7,census-c01-extract-v1.1.0-20260528T003617Z,C0101,27,530,00000,000000,District - Kolhapur,urban,christian,males,3883
census-india-2011,sources/census-2011/c-series/state-mdds/c01-27-maharashtra.xls,bce626419f500bd7,census-c01-extract-v1.1.0-20260528T003617Z,C0101,27,530,00000,000000,District - Kolhapur,urban,christian,females,3985
census-india-2011,sources/census-2011/c-series/state-mdds/c01-27-maharashtra.xls,bce626419f500bd7,census-c01-extract-v1.1.0-20260528T003617Z,C0101,27,530,00000,000000,District - Kolhapur,urban,sikh,persons,914
census-india-2011,sources/census-2011/c-series/state-mdds/c01-27-maharashtra.xls,bce626419f500bd7,census-c01-extract-v1.1.0-20260528T003617Z,C0101,27,530,00000,000000,District - Kolhapur,urban,sikh,males,489
census-india-2011,sources/census-2011/c-series/state-mdds/c01-27-maharashtra.xls,bce626419f500bd7,census-c01-extract-v1.1.0-20260528T003617Z,C0101,27,530,00000,000000,District - Kolhapur,urban,sikh,females,425
census-india-2011,sources/census-2011/c-series/state-mdds/c01-27-maharashtra.xls,bce626419f500bd7,census-c01-extract-v1.1.0-20260528T003617Z,C0101,27,530,00000,000000,District - Kolhapur,urban,buddhist,persons,7951
census-india-2011,sources/census-2011/c-series/state-mdds/c01-27-maharashtra.xls,bce626419f500bd7,census-c01-extract-v1.1.0-20260528T003617Z,C0101,27,530,00000,000000,District - Kolhapur,urban,buddhist,males,4116
census-india-2011,sources/census-2011/c-series/state-mdds/c01-27-maharashtra.xls,bce626419f500bd7,census-c01-extract-v1.1.0-20260528T003617Z,C0101,27,530,00000,000000,District - Kolhapur,urban,buddhist,females,3835
census-india-2011,sources/census-2011/c-series/state-mdds/c01-27-maharashtra.xls,bce626419f500bd7,census-c01-extract-v1.1.0-20260528T003617Z,C0101,27,530,00000,000000,District - Kolhapur,urban,jain,persons,52651
census-india-2011,sources/census-2011/c-series/state-mdds/c01-27-maharashtra.xls,bce626419f500bd7,census-c01-extract-v1.1.0-20260528T003617Z,C0101,27,530,00000,000000,District - Kolhapur,urban,jain,males,26892
census-india-2011,sources/census-2011/c-series/state-mdds/c01-27-maharashtra.xls,bce626419f500bd7,census-c01-extract-v1.1.0-20260528T003617Z,C0101,27,530,00000,000000,District - Kolhapur,urban,jain,females,25759
census-india-2011,sources/census-2011/c-series/state-mdds/c01-27-maharashtra.xls,bce626419f500bd7,census-c01-extract-v1.1.0-20260528T003617Z,C0101,27,530,00000,000000,District - Kolhapur,urban,other,persons,919
census-india-2011,sources/census-2011/c-series/state-mdds/c01-27-maharashtra.xls,bce626419f500bd7,census-c01-extract-v1.1.0-20260528T003617Z,C0101,27,530,00000,000000,District - Kolhapur,urban,other,males,479
census-india-2011,sources/census-2011/c-series/state-mdds/c01-27-maharashtra.xls,bce626419f500bd7,census-c01-extract-v1.1.0-20260528T003617Z,C0101,27,530,00000,000000,District - Kolhapur,urban,other,females,440
census-india-2011,sources/census-2011/c-series/state-mdds/c01-27-maharashtra.xls,bce626419f500bd7,census-c01-extract-v1.1.0-20260528T003617Z,C0101,27,530,00000,000000,District - Kolhapur,urban,not_stated,persons,2755
census-india-2011,sources/census-2011/c-series/state-mdds/c01-27-maharashtra.xls,bce626419f500bd7,census-c01-extract-v1.1.0-20260528T003617Z,C0101,27,530,00000,000000,District - Kolhapur,urban,not_stated,males,1376
census-india-2011,sources/census-2011/c-series/state-mdds/c01-27-maharashtra.xls,bce626419f500bd7,census-c01-extract-v1.1.0-20260528T003617Z,C0101,27,530,00000,000000,District - Kolhapur,urban,not_stated,females,1379
census-india-2011,sources/census-2011/c-series/state-mdds/c01-27-maharashtra.xls,bce626419f500bd7,census-c01-extract-v1.1.0-20260528T003617Z,C0101,27,531,00000,000000,District - Sangli,total,all,persons,2822143
census-india-2011,sources/census-2011/c-series/state-mdds/c01-27-maharashtra.xls,bce626419f500bd7,census-c01-extract-v1.1.0-20260528T003617Z,C0101,27,531,00000,000000,District - Sangli,total,all,males,1435728
census-india-2011,sources/census-2011/c-series/state-mdds/c01-27-maharashtra.xls,bce626419f500bd7,census-c01-extract-v1.1.0-20260528T003617Z,C0101,27,531,00000,000000,District - Sangli,total,all,females,1386415
census-india-2011,sources/census-2011/c-series/state-mdds/c01-27-maharashtra.xls,bce626419f500bd7,census-c01-extract-v1.1.0-20260528T003617Z,C0101,27,531,00000,000000,District - Sangli,total,hindu,persons,2440312
census-india-2011,sources/census-2011/c-series/state-mdds/c01-27-maharashtra.xls,bce626419f500bd7,census-c01-extract-v1.1.0-20260528T003617Z,C0101,27,531,00000,000000,District - Sangli,total,hindu,males,1242390
census-india-2011,sources/census-2011/c-series/state-mdds/c01-27-maharashtra.xls,bce626419f500bd7,census-c01-extract-v1.1.0-20260528T003617Z,C0101,27,531,00000,000000,District - Sangli,total,hindu,females,1197922
census-india-2011,sources/census-2011/c-series/state-mdds/c01-27-maharashtra.xls,bce626419f500bd7,census-c01-extract-v1.1.0-20260528T003617Z,C0101,27,531,00000,000000,District - Sangli,total,muslim,persons,239607
census-india-2011,sources/census-2011/c-series/state-mdds/c01-27-maharashtra.xls,bce626419f500bd7,census-c01-extract-v1.1.0-20260528T003617Z,C0101,27,531,00000,000000,District - Sangli,total,muslim,males,120693
census-india-2011,sources/census-2011/c-series/state-mdds/c01-27-maharashtra.xls,bce626419f500bd7,census-c01-extract-v1.1.0-20260528T003617Z,C0101,27,531,00000,000000,District - Sangli,total,muslim,females,118914
census-india-2011,sources/census-2011/c-series/state-mdds/c01-27-maharashtra.xls,bce626419f500bd7,census-c01-extract-v1.1.0-20260528T003617Z,C0101,27,531,00000,000000,District - Sangli,total,christian,persons,9098
census-india-2011,sources/census-2011/c-series/state-mdds/c01-27-maharashtra.xls,bce626419f500bd7,census-c01-extract-v1.1.0-20260528T003617Z,C0101,27,531,00000,000000,District - Sangli,total,christian,males,4409
census-india-2011,sources/census-2011/c-series/state-mdds/c01-27-maharashtra.xls,bce626419f500bd7,census-c01-extract-v1.1.0-20260528T003617Z,C0101,27,531,00000,000000,District - Sangli,total,christian,females,4689
census-india-2011,sources/census-2011/c-series/state-mdds/c01-27-maharashtra.xls,bce626419f500bd7,census-c01-extract-v1.1.0-20260528T003617Z,C0101,27,531,00000,000000,District - Sangli,total,sikh,persons,1260
census-india-2011,sources/census-2011/c-series/state-mdds/c01-27-maharashtra.xls,bce626419f500bd7,census-c01-extract-v1.1.0-20260528T003617Z,C0101,27,531,00000,000000,District - Sangli,total,sikh,males,648
census-india-2011,sources/census-2011/c-series/state-mdds/c01-27-maharashtra.xls,bce626419f500bd7,census-c01-extract-v1.1.0-20260528T003617Z,C0101,27,531,00000,000000,District - Sangli,total,sikh,females,612
census-india-2011,sources/census-2011/c-series/state-mdds/c01-27-maharashtra.xls,bce626419f500bd7,census-c01-extract-v1.1.0-20260528T003617Z,C0101,27,531,00000,000000,District - Sangli,total,buddhist,persons,38210
census-india-2011,sources/census-2011/c-series/state-mdds/c01-27-maharashtra.xls,bce626419f500bd7,census-c01-extract-v1.1.0-20260528T003617Z,C0101,27,531,00000,000000,District - Sangli,total,buddhist,males,18922
census-india-2011,sources/census-2011/c-series/state-mdds/c01-27-maharashtra.xls,bce626419f500bd7,census-c01-extract-v1.1.0-20260528T003617Z,C0101,27,531,00000,000000,District - Sangli,total,buddhist,females,19288
census-india-2011,sources/census-2011/c-series/state-mdds/c01-27-maharashtra.xls,bce626419f500bd7,census-c01-extract-v1.1.0-20260528T003617Z,C0101,27,531,00000,000000,District - Sangli,total,jain,persons,87453
census-india-2011,sources/census-2011/c-series/state-mdds/c01-27-maharashtra.xls,bce626419f500bd7,census-c01-extract-v1.1.0-20260528T003617Z,C0101,27,531,00000,000000,District - Sangli,total,jain,males,45284
census-india-2011,sources/census-2011/c-series/state-mdds/c01-27-maharashtra.xls,bce626419f500bd7,census-c01-extract-v1.1.0-20260528T003617Z,C0101,27,531,00000,000000,District - Sangli,total,jain,females,42169
census-india-2011,sources/census-2011/c-series/state-mdds/c01-27-maharashtra.xls,bce626419f500bd7,census-c01-extract-v1.1.0-20260528T003617Z,C0101,27,531,00000,000000,District - Sangli,total,other,persons,769
census-india-2011,sources/census-2011/c-series/state-mdds/c01-27-maharashtra.xls,bce626419f500bd7,census-c01-extract-v1.1.0-20260528T003617Z,C0101,27,531,00000,000000,District - Sangli,total,other,males,418
census-india-2011,sources/census-2011/c-series/state-mdds/c01-27-maharashtra.xls,bce626419f500bd7,census-c01-extract-v1.1.0-20260528T003617Z,C0101,27,531,00000,000000,District - Sangli,total,other,females,351
census-india-2011,sources/census-2011/c-series/state-mdds/c01-27-maharashtra.xls,bce626419f500bd7,census-c01-extract-v1.1.0-20260528T003617Z,C0101,27,531,00000,000000,District - Sangli,total,not_stated,persons,5434
census-india-2011,sources/census-2011/c-series/state-mdds/c01-27-maharashtra.xls,bce626419f500bd7,census-c01-extract-v1.1.0-20260528T003617Z,C0101,27,531,00000,000000,District - Sangli,total,not_stated,males,2964
census-india-2011,sources/census-2011/c-series/state-mdds/c01-27-maharashtra.xls,bce626419f500bd7,census-c01-extract-v1.1.0-20260528T003617Z,C0101,27,531,00000,000000,District - Sangli,total,not_stated,females,2470
census-india-2011,sources/census-2011/c-series/state-mdds/c01-27-maharashtra.xls,bce626419f500bd7,census-c01-extract-v1.1.0-20260528T003617Z,C0101,27,531,00000,000000,District - Sangli,rural,all,persons,2102786
census-india-2011,sources/census-2011/c-series/state-mdds/c01-27-maharashtra.xls,bce626419f500bd7,census-c01-extract-v1.1.0-20260528T003617Z,C0101,27,531,00000,000000,District - Sangli,rural,all,males,1071124
census-india-2011,sources/census-2011/c-series/state-mdds/c01-27-maharashtra.xls,bce626419f500bd7,census-c01-extract-v1.1.0-20260528T003617Z,C0101,27,531,00000,000000,District - Sangli,rural,all,females,1031662
census-india-2011,sources/census-2011/c-series/state-mdds/c01-27-maharashtra.xls,bce626419f500bd7,census-c01-extract-v1.1.0-20260528T003617Z,C0101,27,531,00000,000000,District - Sangli,rural,hindu,persons,1901788
census-india-2011,sources/census-2011/c-series/state-mdds/c01-27-maharashtra.xls,bce626419f500bd7,census-c01-extract-v1.1.0-20260528T003617Z,C0101,27,531,00000,000000,District - Sangli,rural,hindu,males,968537
census-india-2011,sources/census-2011/c-series/state-mdds/c01-27-maharashtra.xls,bce626419f500bd7,census-c01-extract-v1.1.0-20260528T003617Z,C0101,27,531,00000,000000,District - Sangli,rural,hindu,females,933251
census-india-2011,sources/census-2011/c-series/state-mdds/c01-27-maharashtra.xls,bce626419f500bd7,census-c01-extract-v1.1.0-20260528T003617Z,C0101,27,531,00000,000000,District - Sangli,rural,muslim,persons,109832
census-india-2011,sources/census-2011/c-series/state-mdds/c01-27-maharashtra.xls,bce626419f500bd7,census-c01-extract-v1.1.0-20260528T003617Z,C0101,27,531,00000,000000,District - Sangli,rural,muslim,males,55645
census-india-2011,sources/census-2011/c-series/state-mdds/c01-27-maharashtra.xls,bce626419f500bd7,census-c01-extract-v1.1.0-20260528T003617Z,C0101,27,531,00000,000000,District - Sangli,rural,muslim,females,54187
census-india-2011,sources/census-2011/c-series/state-mdds/c01-27-maharashtra.xls,bce626419f500bd7,census-c01-extract-v1.1.0-20260528T003617Z,C0101,27,531,00000,000000,District - Sangli,rural,christian,persons,1537
census-india-2011,sources/census-2011/c-series/state-mdds/c01-27-maharashtra.xls,bce626419f500bd7,census-c01-extract-v1.1.0-20260528T003617Z,C0101,27,531,00000,000000,District - Sangli,rural,christian,males,737
census-india-2011,sources/census-2011/c-series/state-mdds/c01-27-maharashtra.xls,bce626419f500bd7,census-c01-extract-v1.1.0-20260528T003617Z,C0101,27,531,00000,000000,District - Sangli,rural,christian,females,800
census-india-2011,sources/census-2011/c-series/state-mdds/c01-27-maharashtra.xls,bce626419f500bd7,census-c01-extract-v1.1.0-20260528T003617Z,C0101,27,531,00000,000000,District - Sangli,rural,sikh,persons,463
census-india-2011,sources/census-2011/c-series/state-mdds/c01-27-maharashtra.xls,bce626419f500bd7,census-c01-extract-v1.1.0-20260528T003617Z,C0101,27,531,00000,000000,District - Sangli,rural,sikh,males,240
census-india-2011,sources/census-2011/c-series/state-mdds/c01-27-maharashtra.xls,bce626419f500bd7,census-c01-extract-v1.1.0-20260528T003617Z,C0101,27,531,00000,000000,District - Sangli,rural,sikh,females,223
census-india-2011,sources/census-2011/c-series/state-mdds/c01-27-maharashtra.xls,bce626419f500bd7,census-c01-extract-v1.1.0-20260528T003617Z,C0101,27,531,00000,000000,District - Sangli,rural,buddhist,persons,27180
census-india-2011,sources/census-2011/c-series/state-mdds/c01-27-maharashtra.xls,bce626419f500bd7,census-c01-extract-v1.1.0-20260528T003617Z,C0101,27,531,00000,000000,District - Sangli,rural,buddhist,males,13502
census-india-2011,sources/census-2011/c-series/state-mdds/c01-27-maharashtra.xls,bce626419f500bd7,census-c01-extract-v1.1.0-20260528T003617Z,C0101,27,531,00000,000000,District - Sangli,rural,buddhist,females,13678
census-india-2011,sources/census-2011/c-series/state-mdds/c01-27-maharashtra.xls,bce626419f500bd7,census-c01-extract-v1.1.0-20260528T003617Z,C0101,27,531,00000,000000,District - Sangli,rural,jain,persons,58300
census-india-2011,sources/census-2011/c-series/state-mdds/c01-27-maharashtra.xls,bce626419f500bd7,census-c01-extract-v1.1.0-20260528T003617Z,C0101,27,531,00000,000000,District - Sangli,rural,jain,males,30395
census-india-2011,sources/census-2011/c-series/state-mdds/c01-27-maharashtra.xls,bce626419f500bd7,census-c01-extract-v1.1.0-20260528T003617Z,C0101,27,531,00000,000000,District - Sangli,rural,jain,females,27905
census-india-2011,sources/census-2011/c-series/state-mdds/c01-27-maharashtra.xls,bce626419f500bd7,census-c01-extract-v1.1.0-20260528T003617Z,C0101,27,531,00000,000000,District - Sangli,rural,other,persons,194
census-india-2011,sources/census-2011/c-series/state-mdds/c01-27-maharashtra.xls,bce626419f500bd7,census-c01-extract-v1.1.0-20260528T003617Z,C0101,27,531,00000,000000,District - Sangli,rural,other,males,104
census-india-2011,sources/census-2011/c-series/state-mdds/c01-27-maharashtra.xls,bce626419f500bd7,census-c01-extract-v1.1.0-20260528T003617Z,C0101,27,531,00000,000000,District - Sangli,rural,other,females,90
census-india-2011,sources/census-2011/c-series/state-mdds/c01-27-maharashtra.xls,bce626419f500bd7,census-c01-extract-v1.1.0-20260528T003617Z,C0101,27,531,00000,000000,District - Sangli,rural,not_stated,persons,3492
census-india-2011,sources/census-2011/c-series/state-mdds/c01-27-maharashtra.xls,bce626419f500bd7,census-c01-extract-v1.1.0-20260528T003617Z,C0101,27,531,00000,000000,District - Sangli,rural,not_stated,males,1964
census-india-2011,sources/census-2011/c-series/state-mdds/c01-27-maharashtra.xls,bce626419f500bd7,census-c01-extract-v1.1.0-20260528T003617Z,C0101,27,531,00000,000000,District - Sangli,rural,not_stated,females,1528
census-india-2011,sources/census-2011/c-series/state-mdds/c01-27-maharashtra.xls,bce626419f500bd7,census-c01-extract-v1.1.0-20260528T003617Z,C0101,27,531,00000,000000,District - Sangli,urban,all,persons,719357
census-india-2011,sources/census-2011/c-series/state-mdds/c01-27-maharashtra.xls,bce626419f500bd7,census-c01-extract-v1.1.0-20260528T003617Z,C0101,27,531,00000,000000,District - Sangli,urban,all,males,364604
census-india-2011,sources/census-2011/c-series/state-mdds/c01-27-maharashtra.xls,bce626419f500bd7,census-c01-extract-v1.1.0-20260528T003617Z,C0101,27,531,00000,000000,District - Sangli,urban,all,females,354753
census-india-2011,sources/census-2011/c-series/state-mdds/c01-27-maharashtra.xls,bce626419f500bd7,census-c01-extract-v1.1.0-20260528T003617Z,C0101,27,531,00000,000000,District - Sangli,urban,hindu,persons,538524
census-india-2011,sources/census-2011/c-series/state-mdds/c01-27-maharashtra.xls,bce626419f500bd7,census-c01-extract-v1.1.0-20260528T003617Z,C0101,27,531,00000,000000,District - Sangli,urban,hindu,males,273853
census-india-2011,sources/census-2011/c-series/state-mdds/c01-27-maharashtra.xls,bce626419f500bd7,census-c01-extract-v1.1.0-20260528T003617Z,C0101,27,531,00000,000000,District - Sangli,urban,hindu,females,264671
census-india-2011,sources/census-2011/c-series/state-mdds/c01-27-maharashtra.xls,bce626419f500bd7,census-c01-extract-v1.1.0-20260528T003617Z,C0101,27,531,00000,000000,District - Sangli,urban,muslim,persons,129775
census-india-2011,sources/census-2011/c-series/state-mdds/c01-27-maharashtra.xls,bce626419f500bd7,census-c01-extract-v1.1.0-20260528T003617Z,C0101,27,531,00000,000000,District - Sangli,urban,muslim,males,65048
census-india-2011,sources/census-2011/c-series/state-mdds/c01-27-maharashtra.xls,bce626419f500bd7,census-c01-extract-v1.1.0-20260528T003617Z,C0101,27,531,00000,000000,District - Sangli,urban,muslim,females,64727
census-india-2011,sources/census-2011/c-series/state-mdds/c01-27-maharashtra.xls,bce626419f500bd7,census-c01-extract-v1.1.0-20260528T003617Z,C0101,27,531,00000,000000,District - Sangli,urban,christian,persons,7561
census-india-2011,sources/census-2011/c-series/state-mdds/c01-27-maharashtra.xls,bce626419f500bd7,census-c01-extract-v1.1.0-20260528T003617Z,C0101,27,531,00000,000000,District - Sangli,urban,christian,males,3672
census-india-2011,sources/census-2011/c-series/state-mdds/c01-27-maharashtra.xls,bce626419f500bd7,census-c01-extract-v1.1.0-20260528T003617Z,C0101,27,531,00000,000000,District - Sangli,urban,christian,females,3889
census-india-2011,sources/census-2011/c-series/state-mdds/c01-27-maharashtra.xls,bce626419f500bd7,census-c01-extract-v1.1.0-20260528T003617Z,C0101,27,531,00000,000000,District - Sangli,urban,sikh,persons,797
census-india-2011,sources/census-2011/c-series/state-mdds/c01-27-maharashtra.xls,bce626419f500bd7,census-c01-extract-v1.1.0-20260528T003617Z,C0101,27,531,00000,000000,District - Sangli,urban,sikh,males,408
census-india-2011,sources/census-2011/c-series/state-mdds/c01-27-maharashtra.xls,bce626419f500bd7,census-c01-extract-v1.1.0-20260528T003617Z,C0101,27,531,00000,000000,District - Sangli,urban,sikh,females,389
census-india-2011,sources/census-2011/c-series/state-mdds/c01-27-maharashtra.xls,bce626419f500bd7,census-c01-extract-v1.1.0-20260528T003617Z,C0101,27,531,00000,000000,District - Sangli,urban,buddhist,persons,11030
census-india-2011,sources/census-2011/c-series/state-mdds/c01-27-maharashtra.xls,bce626419f500bd7,census-c01-extract-v1.1.0-20260528T003617Z,C0101,27,531,00000,000000,District - Sangli,urban,buddhist,males,5420
census-india-2011,sources/census-2011/c-series/state-mdds/c01-27-maharashtra.xls,bce626419f500bd7,census-c01-extract-v1.1.0-20260528T003617Z,C0101,27,531,00000,000000,District - Sangli,urban,buddhist,females,5610
census-india-2011,sources/census-2011/c-series/state-mdds/c01-27-maharashtra.xls,bce626419f500bd7,census-c01-extract-v1.1.0-20260528T003617Z,C0101,27,531,00000,000000,District - Sangli,urban,jain,persons,29153
census-india-2011,sources/census-2011/c-series/state-mdds/c01-27-maharashtra.xls,bce626419f500bd7,census-c01-extract-v1.1.0-20260528T003617Z,C0101,27,531,00000,000000,District - Sangli,urban,jain,males,14889
census-india-2011,sources/census-2011/c-series/state-mdds/c01-27-maharashtra.xls,bce626419f500bd7,census-c01-extract-v1.1.0-20260528T003617Z,C0101,27,531,00000,000000,District - Sangli,urban,jain,females,14264
census-india-2011,sources/census-2011/c-series/state-mdds/c01-27-maharashtra.xls,bce626419f500bd7,census-c01-extract-v1.1.0-20260528T003617Z,C0101,27,531,00000,000000,District - Sangli,urban,other,persons,575
census-india-2011,sources/census-2011/c-series/state-mdds/c01-27-maharashtra.xls,bce626419f500bd7,census-c01-extract-v1.1.0-20260528T003617Z,C0101,27,531,00000,000000,District - Sangli,urban,other,males,314
census-india-2011,sources/census-2011/c-series/state-mdds/c01-27-maharashtra.xls,bce626419f500bd7,census-c01-extract-v1.1.0-20260528T003617Z,C0101,27,531,00000,000000,District - Sangli,urban,other,females,261
census-india-2011,sources/census-2011/c-series/state-mdds/c01-27-maharashtra.xls,bce626419f500bd7,census-c01-extract-v1.1.0-20260528T003617Z,C0101,27,531,00000,000000,District - Sangli,urban,not_stated,persons,1942
census-india-2011,sources/census-2011/c-series/state-mdds/c01-27-maharashtra.xls,bce626419f500bd7,census-c01-extract-v1.1.0-20260528T003617Z,C0101,27,531,00000,000000,District - Sangli,urban,not_stated,males,1000
census-india-2011,sources/census-2011/c-series/state-mdds/c01-27-maharashtra.xls,bce626419f500bd7,census-c01-extract-v1.1.0-20260528T003617Z,C0101,27,531,00000,000000,District - Sangli,urban,not_stated,females,942
