metric_id,geography_level,geography_code,year,religion,sex,residence,value,denominator,sample_size,ci_lower,ci_upper,source_id,source_document,extraction_run,methodology_note,break_flag
salaried-share,national,IN,2023,muslim,all,all,18.0,all_workers_usual_status_ps_ss,,,,plfs,sources/plfs/annual/plfs-annual-report-2023-24.pdf,canonicalize-salaried-share-v2.1.0-20260611T005144Z,"PLFS 2023-24 Table 49 (pages 401-402). Share of workers in 'regular wage/salary' employment, rural+urban, both sexes. Other categories: self-employed, casual labour. Reference period: Jul 2023 - Jun 2024.",false
salaried-share,national,IN,2023,muslim,all,urban,32.7,all_workers_usual_status_ps_ss,,,,plfs,sources/plfs/annual/plfs-annual-report-2023-24.pdf,canonicalize-salaried-share-v2.1.0-20260611T005144Z,"PLFS 2023-24 Table 49 (pages 401-402). Share of workers in 'regular wage/salary' employment, urban, both sexes. Other categories: self-employed, casual labour. Reference period: Jul 2023 - Jun 2024.",false
salaried-share,national,IN,2023,muslim,all,rural,11.0,all_workers_usual_status_ps_ss,,,,plfs,sources/plfs/annual/plfs-annual-report-2023-24.pdf,canonicalize-salaried-share-v2.1.0-20260611T005144Z,"PLFS 2023-24 Table 49 (pages 401-402). Share of workers in 'regular wage/salary' employment, rural, both sexes. Other categories: self-employed, casual labour. Reference period: Jul 2023 - Jun 2024.",false
salaried-share,national,IN,2023,muslim,male,all,20.8,all_workers_usual_status_ps_ss,,,,plfs,sources/plfs/annual/plfs-annual-report-2023-24.pdf,canonicalize-salaried-share-v2.1.0-20260611T005144Z,"PLFS 2023-24 Table 49 (pages 401-402). Share of workers in 'regular wage/salary' employment, rural+urban, males. Other categories: self-employed, casual labour. Reference period: Jul 2023 - Jun 2024.",false
salaried-share,national,IN,2023,muslim,male,urban,33.6,all_workers_usual_status_ps_ss,,,,plfs,sources/plfs/annual/plfs-annual-report-2023-24.pdf,canonicalize-salaried-share-v2.1.0-20260611T005144Z,"PLFS 2023-24 Table 49 (pages 401-402). Share of workers in 'regular wage/salary' employment, urban, males. Other categories: self-employed, casual labour. Reference period: Jul 2023 - Jun 2024.",false
salaried-share,national,IN,2023,muslim,male,rural,13.5,all_workers_usual_status_ps_ss,,,,plfs,sources/plfs/annual/plfs-annual-report-2023-24.pdf,canonicalize-salaried-share-v2.1.0-20260611T005144Z,"PLFS 2023-24 Table 49 (pages 401-402). Share of workers in 'regular wage/salary' employment, rural, males. Other categories: self-employed, casual labour. Reference period: Jul 2023 - Jun 2024.",false
salaried-share,national,IN,2023,muslim,female,all,10.9,all_workers_usual_status_ps_ss,,,,plfs,sources/plfs/annual/plfs-annual-report-2023-24.pdf,canonicalize-salaried-share-v2.1.0-20260611T005144Z,"PLFS 2023-24 Table 49 (pages 401-402). Share of workers in 'regular wage/salary' employment, rural+urban, females. Other categories: self-employed, casual labour. Reference period: Jul 2023 - Jun 2024.",false
salaried-share,national,IN,2023,muslim,female,urban,29.1,all_workers_usual_status_ps_ss,,,,plfs,sources/plfs/annual/plfs-annual-report-2023-24.pdf,canonicalize-salaried-share-v2.1.0-20260611T005144Z,"PLFS 2023-24 Table 49 (pages 401-402). Share of workers in 'regular wage/salary' employment, urban, females. Other categories: self-employed, casual labour. Reference period: Jul 2023 - Jun 2024.",false
salaried-share,national,IN,2023,muslim,female,rural,5.6,all_workers_usual_status_ps_ss,,,,plfs,sources/plfs/annual/plfs-annual-report-2023-24.pdf,canonicalize-salaried-share-v2.1.0-20260611T005144Z,"PLFS 2023-24 Table 49 (pages 401-402). Share of workers in 'regular wage/salary' employment, rural, females. Other categories: self-employed, casual labour. Reference period: Jul 2023 - Jun 2024.",false
salaried-share,national,IN,2023,hindu,all,all,21.9,all_workers_usual_status_ps_ss,,,,plfs,sources/plfs/annual/plfs-annual-report-2023-24.pdf,canonicalize-salaried-share-v2.1.0-20260611T005144Z,"PLFS 2023-24 Table 49 (pages 401-402). Share of workers in 'regular wage/salary' employment, rural+urban, both sexes. Other categories: self-employed, casual labour. Reference period: Jul 2023 - Jun 2024.",false
salaried-share,national,IN,2023,hindu,all,urban,50.0,all_workers_usual_status_ps_ss,,,,plfs,sources/plfs/annual/plfs-annual-report-2023-24.pdf,canonicalize-salaried-share-v2.1.0-20260611T005144Z,"PLFS 2023-24 Table 49 (pages 401-402). Share of workers in 'regular wage/salary' employment, urban, both sexes. Other categories: self-employed, casual labour. Reference period: Jul 2023 - Jun 2024.",false
salaried-share,national,IN,2023,hindu,all,rural,12.7,all_workers_usual_status_ps_ss,,,,plfs,sources/plfs/annual/plfs-annual-report-2023-24.pdf,canonicalize-salaried-share-v2.1.0-20260611T005144Z,"PLFS 2023-24 Table 49 (pages 401-402). Share of workers in 'regular wage/salary' employment, rural, both sexes. Other categories: self-employed, casual labour. Reference period: Jul 2023 - Jun 2024.",false
salaried-share,national,IN,2023,hindu,male,all,25.3,all_workers_usual_status_ps_ss,,,,plfs,sources/plfs/annual/plfs-annual-report-2023-24.pdf,canonicalize-salaried-share-v2.1.0-20260611T005144Z,"PLFS 2023-24 Table 49 (pages 401-402). Share of workers in 'regular wage/salary' employment, rural+urban, males. Other categories: self-employed, casual labour. Reference period: Jul 2023 - Jun 2024.",false
salaried-share,national,IN,2023,hindu,male,urban,49.4,all_workers_usual_status_ps_ss,,,,plfs,sources/plfs/annual/plfs-annual-report-2023-24.pdf,canonicalize-salaried-share-v2.1.0-20260611T005144Z,"PLFS 2023-24 Table 49 (pages 401-402). Share of workers in 'regular wage/salary' employment, urban, males. Other categories: self-employed, casual labour. Reference period: Jul 2023 - Jun 2024.",false
salaried-share,national,IN,2023,hindu,male,rural,15.8,all_workers_usual_status_ps_ss,,,,plfs,sources/plfs/annual/plfs-annual-report-2023-24.pdf,canonicalize-salaried-share-v2.1.0-20260611T005144Z,"PLFS 2023-24 Table 49 (pages 401-402). Share of workers in 'regular wage/salary' employment, rural, males. Other categories: self-employed, casual labour. Reference period: Jul 2023 - Jun 2024.",false
salaried-share,national,IN,2023,hindu,female,all,15.8,all_workers_usual_status_ps_ss,,,,plfs,sources/plfs/annual/plfs-annual-report-2023-24.pdf,canonicalize-salaried-share-v2.1.0-20260611T005144Z,"PLFS 2023-24 Table 49 (pages 401-402). Share of workers in 'regular wage/salary' employment, rural+urban, females. Other categories: self-employed, casual labour. Reference period: Jul 2023 - Jun 2024.",false
salaried-share,national,IN,2023,hindu,female,urban,51.6,all_workers_usual_status_ps_ss,,,,plfs,sources/plfs/annual/plfs-annual-report-2023-24.pdf,canonicalize-salaried-share-v2.1.0-20260611T005144Z,"PLFS 2023-24 Table 49 (pages 401-402). Share of workers in 'regular wage/salary' employment, urban, females. Other categories: self-employed, casual labour. Reference period: Jul 2023 - Jun 2024.",false
salaried-share,national,IN,2023,hindu,female,rural,7.6,all_workers_usual_status_ps_ss,,,,plfs,sources/plfs/annual/plfs-annual-report-2023-24.pdf,canonicalize-salaried-share-v2.1.0-20260611T005144Z,"PLFS 2023-24 Table 49 (pages 401-402). Share of workers in 'regular wage/salary' employment, rural, females. Other categories: self-employed, casual labour. Reference period: Jul 2023 - Jun 2024.",false
salaried-share,national,IN,2023,christian,all,all,27.6,all_workers_usual_status_ps_ss,,,,plfs,sources/plfs/annual/plfs-annual-report-2023-24.pdf,canonicalize-salaried-share-v2.1.0-20260611T005144Z,"PLFS 2023-24 Table 49 (pages 401-402). Share of workers in 'regular wage/salary' employment, rural+urban, both sexes. Other categories: self-employed, casual labour. Reference period: Jul 2023 - Jun 2024.",false
salaried-share,national,IN,2023,christian,all,urban,52.4,all_workers_usual_status_ps_ss,,,,plfs,sources/plfs/annual/plfs-annual-report-2023-24.pdf,canonicalize-salaried-share-v2.1.0-20260611T005144Z,"PLFS 2023-24 Table 49 (pages 401-402). Share of workers in 'regular wage/salary' employment, urban, both sexes. Other categories: self-employed, casual labour. Reference period: Jul 2023 - Jun 2024.",false
salaried-share,national,IN,2023,christian,all,rural,16.8,all_workers_usual_status_ps_ss,,,,plfs,sources/plfs/annual/plfs-annual-report-2023-24.pdf,canonicalize-salaried-share-v2.1.0-20260611T005144Z,"PLFS 2023-24 Table 49 (pages 401-402). Share of workers in 'regular wage/salary' employment, rural, both sexes. Other categories: self-employed, casual labour. Reference period: Jul 2023 - Jun 2024.",false
salaried-share,national,IN,2023,christian,male,all,28.4,all_workers_usual_status_ps_ss,,,,plfs,sources/plfs/annual/plfs-annual-report-2023-24.pdf,canonicalize-salaried-share-v2.1.0-20260611T005144Z,"PLFS 2023-24 Table 49 (pages 401-402). Share of workers in 'regular wage/salary' employment, rural+urban, males. Other categories: self-employed, casual labour. Reference period: Jul 2023 - Jun 2024.",false
salaried-share,national,IN,2023,christian,male,urban,50.8,all_workers_usual_status_ps_ss,,,,plfs,sources/plfs/annual/plfs-annual-report-2023-24.pdf,canonicalize-salaried-share-v2.1.0-20260611T005144Z,"PLFS 2023-24 Table 49 (pages 401-402). Share of workers in 'regular wage/salary' employment, urban, males. Other categories: self-employed, casual labour. Reference period: Jul 2023 - Jun 2024.",false
salaried-share,national,IN,2023,christian,male,rural,17.7,all_workers_usual_status_ps_ss,,,,plfs,sources/plfs/annual/plfs-annual-report-2023-24.pdf,canonicalize-salaried-share-v2.1.0-20260611T005144Z,"PLFS 2023-24 Table 49 (pages 401-402). Share of workers in 'regular wage/salary' employment, rural, males. Other categories: self-employed, casual labour. Reference period: Jul 2023 - Jun 2024.",false
salaried-share,national,IN,2023,christian,female,all,26.3,all_workers_usual_status_ps_ss,,,,plfs,sources/plfs/annual/plfs-annual-report-2023-24.pdf,canonicalize-salaried-share-v2.1.0-20260611T005144Z,"PLFS 2023-24 Table 49 (pages 401-402). Share of workers in 'regular wage/salary' employment, rural+urban, females. Other categories: self-employed, casual labour. Reference period: Jul 2023 - Jun 2024.",false
salaried-share,national,IN,2023,christian,female,urban,55.4,all_workers_usual_status_ps_ss,,,,plfs,sources/plfs/annual/plfs-annual-report-2023-24.pdf,canonicalize-salaried-share-v2.1.0-20260611T005144Z,"PLFS 2023-24 Table 49 (pages 401-402). Share of workers in 'regular wage/salary' employment, urban, females. Other categories: self-employed, casual labour. Reference period: Jul 2023 - Jun 2024.",false
salaried-share,national,IN,2023,christian,female,rural,15.7,all_workers_usual_status_ps_ss,,,,plfs,sources/plfs/annual/plfs-annual-report-2023-24.pdf,canonicalize-salaried-share-v2.1.0-20260611T005144Z,"PLFS 2023-24 Table 49 (pages 401-402). Share of workers in 'regular wage/salary' employment, rural, females. Other categories: self-employed, casual labour. Reference period: Jul 2023 - Jun 2024.",false
salaried-share,national,IN,2023,sikh,all,all,26.7,all_workers_usual_status_ps_ss,,,,plfs,sources/plfs/annual/plfs-annual-report-2023-24.pdf,canonicalize-salaried-share-v2.1.0-20260611T005144Z,"PLFS 2023-24 Table 49 (pages 401-402). Share of workers in 'regular wage/salary' employment, rural+urban, both sexes. Other categories: self-employed, casual labour. Reference period: Jul 2023 - Jun 2024.",false
salaried-share,national,IN,2023,sikh,all,urban,45.7,all_workers_usual_status_ps_ss,,,,plfs,sources/plfs/annual/plfs-annual-report-2023-24.pdf,canonicalize-salaried-share-v2.1.0-20260611T005144Z,"PLFS 2023-24 Table 49 (pages 401-402). Share of workers in 'regular wage/salary' employment, urban, both sexes. Other categories: self-employed, casual labour. Reference period: Jul 2023 - Jun 2024.",false
salaried-share,national,IN,2023,sikh,all,rural,21.4,all_workers_usual_status_ps_ss,,,,plfs,sources/plfs/annual/plfs-annual-report-2023-24.pdf,canonicalize-salaried-share-v2.1.0-20260611T005144Z,"PLFS 2023-24 Table 49 (pages 401-402). Share of workers in 'regular wage/salary' employment, rural, both sexes. Other categories: self-employed, casual labour. Reference period: Jul 2023 - Jun 2024.",false
salaried-share,national,IN,2023,sikh,male,all,26.7,all_workers_usual_status_ps_ss,,,,plfs,sources/plfs/annual/plfs-annual-report-2023-24.pdf,canonicalize-salaried-share-v2.1.0-20260611T005144Z,"PLFS 2023-24 Table 49 (pages 401-402). Share of workers in 'regular wage/salary' employment, rural+urban, males. Other categories: self-employed, casual labour. Reference period: Jul 2023 - Jun 2024.",false
salaried-share,national,IN,2023,sikh,male,urban,42.3,all_workers_usual_status_ps_ss,,,,plfs,sources/plfs/annual/plfs-annual-report-2023-24.pdf,canonicalize-salaried-share-v2.1.0-20260611T005144Z,"PLFS 2023-24 Table 49 (pages 401-402). Share of workers in 'regular wage/salary' employment, urban, males. Other categories: self-employed, casual labour. Reference period: Jul 2023 - Jun 2024.",false
salaried-share,national,IN,2023,sikh,male,rural,21.8,all_workers_usual_status_ps_ss,,,,plfs,sources/plfs/annual/plfs-annual-report-2023-24.pdf,canonicalize-salaried-share-v2.1.0-20260611T005144Z,"PLFS 2023-24 Table 49 (pages 401-402). Share of workers in 'regular wage/salary' employment, rural, males. Other categories: self-employed, casual labour. Reference period: Jul 2023 - Jun 2024.",false
salaried-share,national,IN,2023,sikh,female,all,26.9,all_workers_usual_status_ps_ss,,,,plfs,sources/plfs/annual/plfs-annual-report-2023-24.pdf,canonicalize-salaried-share-v2.1.0-20260611T005144Z,"PLFS 2023-24 Table 49 (pages 401-402). Share of workers in 'regular wage/salary' employment, rural+urban, females. Other categories: self-employed, casual labour. Reference period: Jul 2023 - Jun 2024.",false
salaried-share,national,IN,2023,sikh,female,urban,56.9,all_workers_usual_status_ps_ss,,,,plfs,sources/plfs/annual/plfs-annual-report-2023-24.pdf,canonicalize-salaried-share-v2.1.0-20260611T005144Z,"PLFS 2023-24 Table 49 (pages 401-402). Share of workers in 'regular wage/salary' employment, urban, females. Other categories: self-employed, casual labour. Reference period: Jul 2023 - Jun 2024.",false
salaried-share,national,IN,2023,sikh,female,rural,20.4,all_workers_usual_status_ps_ss,,,,plfs,sources/plfs/annual/plfs-annual-report-2023-24.pdf,canonicalize-salaried-share-v2.1.0-20260611T005144Z,"PLFS 2023-24 Table 49 (pages 401-402). Share of workers in 'regular wage/salary' employment, rural, females. Other categories: self-employed, casual labour. Reference period: Jul 2023 - Jun 2024.",false
salaried-share,national,IN,2023,all,all,all,21.7,all_workers_usual_status_ps_ss,,,,plfs,sources/plfs/annual/plfs-annual-report-2023-24.pdf,canonicalize-salaried-share-v2.1.0-20260611T005144Z,"PLFS 2023-24 Table 49 (pages 401-402). Share of workers in 'regular wage/salary' employment, rural+urban, both sexes. Other categories: self-employed, casual labour. Reference period: Jul 2023 - Jun 2024.",false
salaried-share,national,IN,2023,all,all,urban,47.5,all_workers_usual_status_ps_ss,,,,plfs,sources/plfs/annual/plfs-annual-report-2023-24.pdf,canonicalize-salaried-share-v2.1.0-20260611T005144Z,"PLFS 2023-24 Table 49 (pages 401-402). Share of workers in 'regular wage/salary' employment, urban, both sexes. Other categories: self-employed, casual labour. Reference period: Jul 2023 - Jun 2024.",false
salaried-share,national,IN,2023,all,all,rural,12.7,all_workers_usual_status_ps_ss,,,,plfs,sources/plfs/annual/plfs-annual-report-2023-24.pdf,canonicalize-salaried-share-v2.1.0-20260611T005144Z,"PLFS 2023-24 Table 49 (pages 401-402). Share of workers in 'regular wage/salary' employment, rural, both sexes. Other categories: self-employed, casual labour. Reference period: Jul 2023 - Jun 2024.",false
salaried-share,national,IN,2023,all,male,all,24.9,all_workers_usual_status_ps_ss,,,,plfs,sources/plfs/annual/plfs-annual-report-2023-24.pdf,canonicalize-salaried-share-v2.1.0-20260611T005144Z,"PLFS 2023-24 Table 49 (pages 401-402). Share of workers in 'regular wage/salary' employment, rural+urban, males. Other categories: self-employed, casual labour. Reference period: Jul 2023 - Jun 2024.",false
salaried-share,national,IN,2023,all,male,urban,46.8,all_workers_usual_status_ps_ss,,,,plfs,sources/plfs/annual/plfs-annual-report-2023-24.pdf,canonicalize-salaried-share-v2.1.0-20260611T005144Z,"PLFS 2023-24 Table 49 (pages 401-402). Share of workers in 'regular wage/salary' employment, urban, males. Other categories: self-employed, casual labour. Reference period: Jul 2023 - Jun 2024.",false
salaried-share,national,IN,2023,all,male,rural,15.8,all_workers_usual_status_ps_ss,,,,plfs,sources/plfs/annual/plfs-annual-report-2023-24.pdf,canonicalize-salaried-share-v2.1.0-20260611T005144Z,"PLFS 2023-24 Table 49 (pages 401-402). Share of workers in 'regular wage/salary' employment, rural, males. Other categories: self-employed, casual labour. Reference period: Jul 2023 - Jun 2024.",false
salaried-share,national,IN,2023,all,female,all,15.9,all_workers_usual_status_ps_ss,,,,plfs,sources/plfs/annual/plfs-annual-report-2023-24.pdf,canonicalize-salaried-share-v2.1.0-20260611T005144Z,"PLFS 2023-24 Table 49 (pages 401-402). Share of workers in 'regular wage/salary' employment, rural+urban, females. Other categories: self-employed, casual labour. Reference period: Jul 2023 - Jun 2024.",false
salaried-share,national,IN,2023,all,female,urban,49.4,all_workers_usual_status_ps_ss,,,,plfs,sources/plfs/annual/plfs-annual-report-2023-24.pdf,canonicalize-salaried-share-v2.1.0-20260611T005144Z,"PLFS 2023-24 Table 49 (pages 401-402). Share of workers in 'regular wage/salary' employment, urban, females. Other categories: self-employed, casual labour. Reference period: Jul 2023 - Jun 2024.",false
salaried-share,national,IN,2023,all,female,rural,7.8,all_workers_usual_status_ps_ss,,,,plfs,sources/plfs/annual/plfs-annual-report-2023-24.pdf,canonicalize-salaried-share-v2.1.0-20260611T005144Z,"PLFS 2023-24 Table 49 (pages 401-402). Share of workers in 'regular wage/salary' employment, rural, females. Other categories: self-employed, casual labour. Reference period: Jul 2023 - Jun 2024.",false
salaried-share,national,IN,2017,all,all,all,22.9,all_workers_usual_status_ps_ss,330620,,,plfs-microdata,sources/nada/plfs-2017-18/CSV_PLFS_July2017_June2018.zip,canonicalize-salaried-share-v2.1.0-20260611T005144Z,"Computed from PLFS 2017-18 unit-level microdata (first-visit person file, usual status ps+ss, age 15+, rural+urban, both sexes): share of workers in regular wage/salaried employment. Weight = MULT/100 (or /200 when NSS!=NSC) / NO_QTR; household religion joined from the household file. The run reproduces the round's published all-India LFPR/WPR/UR to 0.1. Pulled via the MoSPI NADA API; zip sha256 in sources/nada/plfs-2017-18/. NSO unit-data rider: religion is self-reported and the survey is designed for labour-force estimation, so religion figures are indicative (no sub-state estimates). Year=2017 is the start of the Jul-2017 to Jun-2018 reference period.",false
salaried-share,national,IN,2017,all,female,all,21.1,all_workers_usual_status_ps_ss,163000,,,plfs-microdata,sources/nada/plfs-2017-18/CSV_PLFS_July2017_June2018.zip,canonicalize-salaried-share-v2.1.0-20260611T005144Z,"Computed from PLFS 2017-18 unit-level microdata (first-visit person file, usual status ps+ss, age 15+, rural+urban, females): share of workers in regular wage/salaried employment. Weight = MULT/100 (or /200 when NSS!=NSC) / NO_QTR; household religion joined from the household file. The run reproduces the round's published all-India LFPR/WPR/UR to 0.1. Pulled via the MoSPI NADA API; zip sha256 in sources/nada/plfs-2017-18/. NSO unit-data rider: religion is self-reported and the survey is designed for labour-force estimation, so religion figures are indicative (no sub-state estimates). Year=2017 is the start of the Jul-2017 to Jun-2018 reference period.",false
salaried-share,national,IN,2017,all,male,all,23.4,all_workers_usual_status_ps_ss,167576,,,plfs-microdata,sources/nada/plfs-2017-18/CSV_PLFS_July2017_June2018.zip,canonicalize-salaried-share-v2.1.0-20260611T005144Z,"Computed from PLFS 2017-18 unit-level microdata (first-visit person file, usual status ps+ss, age 15+, rural+urban, males): share of workers in regular wage/salaried employment. Weight = MULT/100 (or /200 when NSS!=NSC) / NO_QTR; household religion joined from the household file. The run reproduces the round's published all-India LFPR/WPR/UR to 0.1. Pulled via the MoSPI NADA API; zip sha256 in sources/nada/plfs-2017-18/. NSO unit-data rider: religion is self-reported and the survey is designed for labour-force estimation, so religion figures are indicative (no sub-state estimates). Year=2017 is the start of the Jul-2017 to Jun-2018 reference period.",false
salaried-share,national,IN,2017,all,all,rural,13.1,all_workers_usual_status_ps_ss,184935,,,plfs-microdata,sources/nada/plfs-2017-18/CSV_PLFS_July2017_June2018.zip,canonicalize-salaried-share-v2.1.0-20260611T005144Z,"Computed from PLFS 2017-18 unit-level microdata (first-visit person file, usual status ps+ss, age 15+, rural, both sexes): share of workers in regular wage/salaried employment. Weight = MULT/100 (or /200 when NSS!=NSC) / NO_QTR; household religion joined from the household file. The run reproduces the round's published all-India LFPR/WPR/UR to 0.1. Pulled via the MoSPI NADA API; zip sha256 in sources/nada/plfs-2017-18/. NSO unit-data rider: religion is self-reported and the survey is designed for labour-force estimation, so religion figures are indicative (no sub-state estimates). Year=2017 is the start of the Jul-2017 to Jun-2018 reference period.",false
salaried-share,national,IN,2017,all,female,rural,10.5,all_workers_usual_status_ps_ss,90754,,,plfs-microdata,sources/nada/plfs-2017-18/CSV_PLFS_July2017_June2018.zip,canonicalize-salaried-share-v2.1.0-20260611T005144Z,"Computed from PLFS 2017-18 unit-level microdata (first-visit person file, usual status ps+ss, age 15+, rural, females): share of workers in regular wage/salaried employment. Weight = MULT/100 (or /200 when NSS!=NSC) / NO_QTR; household religion joined from the household file. The run reproduces the round's published all-India LFPR/WPR/UR to 0.1. Pulled via the MoSPI NADA API; zip sha256 in sources/nada/plfs-2017-18/. NSO unit-data rider: religion is self-reported and the survey is designed for labour-force estimation, so religion figures are indicative (no sub-state estimates). Year=2017 is the start of the Jul-2017 to Jun-2018 reference period.",false
salaried-share,national,IN,2017,all,male,rural,14.0,all_workers_usual_status_ps_ss,94164,,,plfs-microdata,sources/nada/plfs-2017-18/CSV_PLFS_July2017_June2018.zip,canonicalize-salaried-share-v2.1.0-20260611T005144Z,"Computed from PLFS 2017-18 unit-level microdata (first-visit person file, usual status ps+ss, age 15+, rural, males): share of workers in regular wage/salaried employment. Weight = MULT/100 (or /200 when NSS!=NSC) / NO_QTR; household religion joined from the household file. The run reproduces the round's published all-India LFPR/WPR/UR to 0.1. Pulled via the MoSPI NADA API; zip sha256 in sources/nada/plfs-2017-18/. NSO unit-data rider: religion is self-reported and the survey is designed for labour-force estimation, so religion figures are indicative (no sub-state estimates). Year=2017 is the start of the Jul-2017 to Jun-2018 reference period.",false
salaried-share,national,IN,2017,all,all,urban,47.0,all_workers_usual_status_ps_ss,145685,,,plfs-microdata,sources/nada/plfs-2017-18/CSV_PLFS_July2017_June2018.zip,canonicalize-salaried-share-v2.1.0-20260611T005144Z,"Computed from PLFS 2017-18 unit-level microdata (first-visit person file, usual status ps+ss, age 15+, urban, both sexes): share of workers in regular wage/salaried employment. Weight = MULT/100 (or /200 when NSS!=NSC) / NO_QTR; household religion joined from the household file. The run reproduces the round's published all-India LFPR/WPR/UR to 0.1. Pulled via the MoSPI NADA API; zip sha256 in sources/nada/plfs-2017-18/. NSO unit-data rider: religion is self-reported and the survey is designed for labour-force estimation, so religion figures are indicative (no sub-state estimates). Year=2017 is the start of the Jul-2017 to Jun-2018 reference period.",false
salaried-share,national,IN,2017,all,female,urban,52.2,all_workers_usual_status_ps_ss,72246,,,plfs-microdata,sources/nada/plfs-2017-18/CSV_PLFS_July2017_June2018.zip,canonicalize-salaried-share-v2.1.0-20260611T005144Z,"Computed from PLFS 2017-18 unit-level microdata (first-visit person file, usual status ps+ss, age 15+, urban, females): share of workers in regular wage/salaried employment. Weight = MULT/100 (or /200 when NSS!=NSC) / NO_QTR; household religion joined from the household file. The run reproduces the round's published all-India LFPR/WPR/UR to 0.1. Pulled via the MoSPI NADA API; zip sha256 in sources/nada/plfs-2017-18/. NSO unit-data rider: religion is self-reported and the survey is designed for labour-force estimation, so religion figures are indicative (no sub-state estimates). Year=2017 is the start of the Jul-2017 to Jun-2018 reference period.",false
salaried-share,national,IN,2017,all,male,urban,45.7,all_workers_usual_status_ps_ss,73412,,,plfs-microdata,sources/nada/plfs-2017-18/CSV_PLFS_July2017_June2018.zip,canonicalize-salaried-share-v2.1.0-20260611T005144Z,"Computed from PLFS 2017-18 unit-level microdata (first-visit person file, usual status ps+ss, age 15+, urban, males): share of workers in regular wage/salaried employment. Weight = MULT/100 (or /200 when NSS!=NSC) / NO_QTR; household religion joined from the household file. The run reproduces the round's published all-India LFPR/WPR/UR to 0.1. Pulled via the MoSPI NADA API; zip sha256 in sources/nada/plfs-2017-18/. NSO unit-data rider: religion is self-reported and the survey is designed for labour-force estimation, so religion figures are indicative (no sub-state estimates). Year=2017 is the start of the Jul-2017 to Jun-2018 reference period.",false
salaried-share,national,IN,2017,christian,all,all,36.6,all_workers_usual_status_ps_ss,23246,,,plfs-microdata,sources/nada/plfs-2017-18/CSV_PLFS_July2017_June2018.zip,canonicalize-salaried-share-v2.1.0-20260611T005144Z,"Computed from PLFS 2017-18 unit-level microdata (first-visit person file, usual status ps+ss, age 15+, rural+urban, both sexes): share of workers in regular wage/salaried employment. Weight = MULT/100 (or /200 when NSS!=NSC) / NO_QTR; household religion joined from the household file. The run reproduces the round's published all-India LFPR/WPR/UR to 0.1. Pulled via the MoSPI NADA API; zip sha256 in sources/nada/plfs-2017-18/. NSO unit-data rider: religion is self-reported and the survey is designed for labour-force estimation, so religion figures are indicative (no sub-state estimates). Year=2017 is the start of the Jul-2017 to Jun-2018 reference period.",false
salaried-share,national,IN,2017,christian,female,all,46.9,all_workers_usual_status_ps_ss,11707,,,plfs-microdata,sources/nada/plfs-2017-18/CSV_PLFS_July2017_June2018.zip,canonicalize-salaried-share-v2.1.0-20260611T005144Z,"Computed from PLFS 2017-18 unit-level microdata (first-visit person file, usual status ps+ss, age 15+, rural+urban, females): share of workers in regular wage/salaried employment. Weight = MULT/100 (or /200 when NSS!=NSC) / NO_QTR; household religion joined from the household file. The run reproduces the round's published all-India LFPR/WPR/UR to 0.1. Pulled via the MoSPI NADA API; zip sha256 in sources/nada/plfs-2017-18/. NSO unit-data rider: religion is self-reported and the survey is designed for labour-force estimation, so religion figures are indicative (no sub-state estimates). Year=2017 is the start of the Jul-2017 to Jun-2018 reference period.",false
salaried-share,national,IN,2017,christian,male,all,32.5,all_workers_usual_status_ps_ss,11536,,,plfs-microdata,sources/nada/plfs-2017-18/CSV_PLFS_July2017_June2018.zip,canonicalize-salaried-share-v2.1.0-20260611T005144Z,"Computed from PLFS 2017-18 unit-level microdata (first-visit person file, usual status ps+ss, age 15+, rural+urban, males): share of workers in regular wage/salaried employment. Weight = MULT/100 (or /200 when NSS!=NSC) / NO_QTR; household religion joined from the household file. The run reproduces the round's published all-India LFPR/WPR/UR to 0.1. Pulled via the MoSPI NADA API; zip sha256 in sources/nada/plfs-2017-18/. NSO unit-data rider: religion is self-reported and the survey is designed for labour-force estimation, so religion figures are indicative (no sub-state estimates). Year=2017 is the start of the Jul-2017 to Jun-2018 reference period.",false
salaried-share,national,IN,2017,christian,all,rural,24.9,all_workers_usual_status_ps_ss,13003,,,plfs-microdata,sources/nada/plfs-2017-18/CSV_PLFS_July2017_June2018.zip,canonicalize-salaried-share-v2.1.0-20260611T005144Z,"Computed from PLFS 2017-18 unit-level microdata (first-visit person file, usual status ps+ss, age 15+, rural, both sexes): share of workers in regular wage/salaried employment. Weight = MULT/100 (or /200 when NSS!=NSC) / NO_QTR; household religion joined from the household file. The run reproduces the round's published all-India LFPR/WPR/UR to 0.1. Pulled via the MoSPI NADA API; zip sha256 in sources/nada/plfs-2017-18/. NSO unit-data rider: religion is self-reported and the survey is designed for labour-force estimation, so religion figures are indicative (no sub-state estimates). Year=2017 is the start of the Jul-2017 to Jun-2018 reference period.",false
salaried-share,national,IN,2017,christian,female,rural,30.9,all_workers_usual_status_ps_ss,6382,,,plfs-microdata,sources/nada/plfs-2017-18/CSV_PLFS_July2017_June2018.zip,canonicalize-salaried-share-v2.1.0-20260611T005144Z,"Computed from PLFS 2017-18 unit-level microdata (first-visit person file, usual status ps+ss, age 15+, rural, females): share of workers in regular wage/salaried employment. Weight = MULT/100 (or /200 when NSS!=NSC) / NO_QTR; household religion joined from the household file. The run reproduces the round's published all-India LFPR/WPR/UR to 0.1. Pulled via the MoSPI NADA API; zip sha256 in sources/nada/plfs-2017-18/. NSO unit-data rider: religion is self-reported and the survey is designed for labour-force estimation, so religion figures are indicative (no sub-state estimates). Year=2017 is the start of the Jul-2017 to Jun-2018 reference period.",false
salaried-share,national,IN,2017,christian,male,rural,22.5,all_workers_usual_status_ps_ss,6621,,,plfs-microdata,sources/nada/plfs-2017-18/CSV_PLFS_July2017_June2018.zip,canonicalize-salaried-share-v2.1.0-20260611T005144Z,"Computed from PLFS 2017-18 unit-level microdata (first-visit person file, usual status ps+ss, age 15+, rural, males): share of workers in regular wage/salaried employment. Weight = MULT/100 (or /200 when NSS!=NSC) / NO_QTR; household religion joined from the household file. The run reproduces the round's published all-India LFPR/WPR/UR to 0.1. Pulled via the MoSPI NADA API; zip sha256 in sources/nada/plfs-2017-18/. NSO unit-data rider: religion is self-reported and the survey is designed for labour-force estimation, so religion figures are indicative (no sub-state estimates). Year=2017 is the start of the Jul-2017 to Jun-2018 reference period.",false
salaried-share,national,IN,2017,christian,all,urban,57.5,all_workers_usual_status_ps_ss,10243,,,plfs-microdata,sources/nada/plfs-2017-18/CSV_PLFS_July2017_June2018.zip,canonicalize-salaried-share-v2.1.0-20260611T005144Z,"Computed from PLFS 2017-18 unit-level microdata (first-visit person file, usual status ps+ss, age 15+, urban, both sexes): share of workers in regular wage/salaried employment. Weight = MULT/100 (or /200 when NSS!=NSC) / NO_QTR; household religion joined from the household file. The run reproduces the round's published all-India LFPR/WPR/UR to 0.1. Pulled via the MoSPI NADA API; zip sha256 in sources/nada/plfs-2017-18/. NSO unit-data rider: religion is self-reported and the survey is designed for labour-force estimation, so religion figures are indicative (no sub-state estimates). Year=2017 is the start of the Jul-2017 to Jun-2018 reference period.",false
salaried-share,national,IN,2017,christian,female,urban,74.8,all_workers_usual_status_ps_ss,5325,,,plfs-microdata,sources/nada/plfs-2017-18/CSV_PLFS_July2017_June2018.zip,canonicalize-salaried-share-v2.1.0-20260611T005144Z,"Computed from PLFS 2017-18 unit-level microdata (first-visit person file, usual status ps+ss, age 15+, urban, females): share of workers in regular wage/salaried employment. Weight = MULT/100 (or /200 when NSS!=NSC) / NO_QTR; household religion joined from the household file. The run reproduces the round's published all-India LFPR/WPR/UR to 0.1. Pulled via the MoSPI NADA API; zip sha256 in sources/nada/plfs-2017-18/. NSO unit-data rider: religion is self-reported and the survey is designed for labour-force estimation, so religion figures are indicative (no sub-state estimates). Year=2017 is the start of the Jul-2017 to Jun-2018 reference period.",false
salaried-share,national,IN,2017,christian,male,urban,50.6,all_workers_usual_status_ps_ss,4915,,,plfs-microdata,sources/nada/plfs-2017-18/CSV_PLFS_July2017_June2018.zip,canonicalize-salaried-share-v2.1.0-20260611T005144Z,"Computed from PLFS 2017-18 unit-level microdata (first-visit person file, usual status ps+ss, age 15+, urban, males): share of workers in regular wage/salaried employment. Weight = MULT/100 (or /200 when NSS!=NSC) / NO_QTR; household religion joined from the household file. The run reproduces the round's published all-India LFPR/WPR/UR to 0.1. Pulled via the MoSPI NADA API; zip sha256 in sources/nada/plfs-2017-18/. NSO unit-data rider: religion is self-reported and the survey is designed for labour-force estimation, so religion figures are indicative (no sub-state estimates). Year=2017 is the start of the Jul-2017 to Jun-2018 reference period.",false
salaried-share,national,IN,2017,hindu,all,all,22.7,all_workers_usual_status_ps_ss,247668,,,plfs-microdata,sources/nada/plfs-2017-18/CSV_PLFS_July2017_June2018.zip,canonicalize-salaried-share-v2.1.0-20260611T005144Z,"Computed from PLFS 2017-18 unit-level microdata (first-visit person file, usual status ps+ss, age 15+, rural+urban, both sexes): share of workers in regular wage/salaried employment. Weight = MULT/100 (or /200 when NSS!=NSC) / NO_QTR; household religion joined from the household file. The run reproduces the round's published all-India LFPR/WPR/UR to 0.1. Pulled via the MoSPI NADA API; zip sha256 in sources/nada/plfs-2017-18/. NSO unit-data rider: religion is self-reported and the survey is designed for labour-force estimation, so religion figures are indicative (no sub-state estimates). Year=2017 is the start of the Jul-2017 to Jun-2018 reference period.",false
salaried-share,national,IN,2017,hindu,female,all,20.2,all_workers_usual_status_ps_ss,121720,,,plfs-microdata,sources/nada/plfs-2017-18/CSV_PLFS_July2017_June2018.zip,canonicalize-salaried-share-v2.1.0-20260611T005144Z,"Computed from PLFS 2017-18 unit-level microdata (first-visit person file, usual status ps+ss, age 15+, rural+urban, females): share of workers in regular wage/salaried employment. Weight = MULT/100 (or /200 when NSS!=NSC) / NO_QTR; household religion joined from the household file. The run reproduces the round's published all-India LFPR/WPR/UR to 0.1. Pulled via the MoSPI NADA API; zip sha256 in sources/nada/plfs-2017-18/. NSO unit-data rider: religion is self-reported and the survey is designed for labour-force estimation, so religion figures are indicative (no sub-state estimates). Year=2017 is the start of the Jul-2017 to Jun-2018 reference period.",false
salaried-share,national,IN,2017,hindu,male,all,23.4,all_workers_usual_status_ps_ss,125916,,,plfs-microdata,sources/nada/plfs-2017-18/CSV_PLFS_July2017_June2018.zip,canonicalize-salaried-share-v2.1.0-20260611T005144Z,"Computed from PLFS 2017-18 unit-level microdata (first-visit person file, usual status ps+ss, age 15+, rural+urban, males): share of workers in regular wage/salaried employment. Weight = MULT/100 (or /200 when NSS!=NSC) / NO_QTR; household religion joined from the household file. The run reproduces the round's published all-India LFPR/WPR/UR to 0.1. Pulled via the MoSPI NADA API; zip sha256 in sources/nada/plfs-2017-18/. NSO unit-data rider: religion is self-reported and the survey is designed for labour-force estimation, so religion figures are indicative (no sub-state estimates). Year=2017 is the start of the Jul-2017 to Jun-2018 reference period.",false
salaried-share,national,IN,2017,hindu,all,rural,12.7,all_workers_usual_status_ps_ss,141200,,,plfs-microdata,sources/nada/plfs-2017-18/CSV_PLFS_July2017_June2018.zip,canonicalize-salaried-share-v2.1.0-20260611T005144Z,"Computed from PLFS 2017-18 unit-level microdata (first-visit person file, usual status ps+ss, age 15+, rural, both sexes): share of workers in regular wage/salaried employment. Weight = MULT/100 (or /200 when NSS!=NSC) / NO_QTR; household religion joined from the household file. The run reproduces the round's published all-India LFPR/WPR/UR to 0.1. Pulled via the MoSPI NADA API; zip sha256 in sources/nada/plfs-2017-18/. NSO unit-data rider: religion is self-reported and the survey is designed for labour-force estimation, so religion figures are indicative (no sub-state estimates). Year=2017 is the start of the Jul-2017 to Jun-2018 reference period.",false
salaried-share,national,IN,2017,hindu,female,rural,9.8,all_workers_usual_status_ps_ss,69275,,,plfs-microdata,sources/nada/plfs-2017-18/CSV_PLFS_July2017_June2018.zip,canonicalize-salaried-share-v2.1.0-20260611T005144Z,"Computed from PLFS 2017-18 unit-level microdata (first-visit person file, usual status ps+ss, age 15+, rural, females): share of workers in regular wage/salaried employment. Weight = MULT/100 (or /200 when NSS!=NSC) / NO_QTR; household religion joined from the household file. The run reproduces the round's published all-India LFPR/WPR/UR to 0.1. Pulled via the MoSPI NADA API; zip sha256 in sources/nada/plfs-2017-18/. NSO unit-data rider: religion is self-reported and the survey is designed for labour-force estimation, so religion figures are indicative (no sub-state estimates). Year=2017 is the start of the Jul-2017 to Jun-2018 reference period.",false
salaried-share,national,IN,2017,hindu,male,rural,13.6,all_workers_usual_status_ps_ss,71910,,,plfs-microdata,sources/nada/plfs-2017-18/CSV_PLFS_July2017_June2018.zip,canonicalize-salaried-share-v2.1.0-20260611T005144Z,"Computed from PLFS 2017-18 unit-level microdata (first-visit person file, usual status ps+ss, age 15+, rural, males): share of workers in regular wage/salaried employment. Weight = MULT/100 (or /200 when NSS!=NSC) / NO_QTR; household religion joined from the household file. The run reproduces the round's published all-India LFPR/WPR/UR to 0.1. Pulled via the MoSPI NADA API; zip sha256 in sources/nada/plfs-2017-18/. NSO unit-data rider: religion is self-reported and the survey is designed for labour-force estimation, so religion figures are indicative (no sub-state estimates). Year=2017 is the start of the Jul-2017 to Jun-2018 reference period.",false
salaried-share,national,IN,2017,hindu,all,urban,49.2,all_workers_usual_status_ps_ss,106468,,,plfs-microdata,sources/nada/plfs-2017-18/CSV_PLFS_July2017_June2018.zip,canonicalize-salaried-share-v2.1.0-20260611T005144Z,"Computed from PLFS 2017-18 unit-level microdata (first-visit person file, usual status ps+ss, age 15+, urban, both sexes): share of workers in regular wage/salaried employment. Weight = MULT/100 (or /200 when NSS!=NSC) / NO_QTR; household religion joined from the household file. The run reproduces the round's published all-India LFPR/WPR/UR to 0.1. Pulled via the MoSPI NADA API; zip sha256 in sources/nada/plfs-2017-18/. NSO unit-data rider: religion is self-reported and the survey is designed for labour-force estimation, so religion figures are indicative (no sub-state estimates). Year=2017 is the start of the Jul-2017 to Jun-2018 reference period.",false
salaried-share,national,IN,2017,hindu,female,urban,52.6,all_workers_usual_status_ps_ss,52445,,,plfs-microdata,sources/nada/plfs-2017-18/CSV_PLFS_July2017_June2018.zip,canonicalize-salaried-share-v2.1.0-20260611T005144Z,"Computed from PLFS 2017-18 unit-level microdata (first-visit person file, usual status ps+ss, age 15+, urban, females): share of workers in regular wage/salaried employment. Weight = MULT/100 (or /200 when NSS!=NSC) / NO_QTR; household religion joined from the household file. The run reproduces the round's published all-India LFPR/WPR/UR to 0.1. Pulled via the MoSPI NADA API; zip sha256 in sources/nada/plfs-2017-18/. NSO unit-data rider: religion is self-reported and the survey is designed for labour-force estimation, so religion figures are indicative (no sub-state estimates). Year=2017 is the start of the Jul-2017 to Jun-2018 reference period.",false
salaried-share,national,IN,2017,hindu,male,urban,48.2,all_workers_usual_status_ps_ss,54006,,,plfs-microdata,sources/nada/plfs-2017-18/CSV_PLFS_July2017_June2018.zip,canonicalize-salaried-share-v2.1.0-20260611T005144Z,"Computed from PLFS 2017-18 unit-level microdata (first-visit person file, usual status ps+ss, age 15+, urban, males): share of workers in regular wage/salaried employment. Weight = MULT/100 (or /200 when NSS!=NSC) / NO_QTR; household religion joined from the household file. The run reproduces the round's published all-India LFPR/WPR/UR to 0.1. Pulled via the MoSPI NADA API; zip sha256 in sources/nada/plfs-2017-18/. NSO unit-data rider: religion is self-reported and the survey is designed for labour-force estimation, so religion figures are indicative (no sub-state estimates). Year=2017 is the start of the Jul-2017 to Jun-2018 reference period.",false
salaried-share,national,IN,2017,muslim,all,all,20.9,all_workers_usual_status_ps_ss,44562,,,plfs-microdata,sources/nada/plfs-2017-18/CSV_PLFS_July2017_June2018.zip,canonicalize-salaried-share-v2.1.0-20260611T005144Z,"Computed from PLFS 2017-18 unit-level microdata (first-visit person file, usual status ps+ss, age 15+, rural+urban, both sexes): share of workers in regular wage/salaried employment. Weight = MULT/100 (or /200 when NSS!=NSC) / NO_QTR; household religion joined from the household file. The run reproduces the round's published all-India LFPR/WPR/UR to 0.1. Pulled via the MoSPI NADA API; zip sha256 in sources/nada/plfs-2017-18/. NSO unit-data rider: religion is self-reported and the survey is designed for labour-force estimation, so religion figures are indicative (no sub-state estimates). Year=2017 is the start of the Jul-2017 to Jun-2018 reference period.",false
salaried-share,national,IN,2017,muslim,female,all,18.7,all_workers_usual_status_ps_ss,22165,,,plfs-microdata,sources/nada/plfs-2017-18/CSV_PLFS_July2017_June2018.zip,canonicalize-salaried-share-v2.1.0-20260611T005144Z,"Computed from PLFS 2017-18 unit-level microdata (first-visit person file, usual status ps+ss, age 15+, rural+urban, females): share of workers in regular wage/salaried employment. Weight = MULT/100 (or /200 when NSS!=NSC) / NO_QTR; household religion joined from the household file. The run reproduces the round's published all-India LFPR/WPR/UR to 0.1. Pulled via the MoSPI NADA API; zip sha256 in sources/nada/plfs-2017-18/. NSO unit-data rider: religion is self-reported and the survey is designed for labour-force estimation, so religion figures are indicative (no sub-state estimates). Year=2017 is the start of the Jul-2017 to Jun-2018 reference period.",false
salaried-share,national,IN,2017,muslim,male,all,21.3,all_workers_usual_status_ps_ss,22391,,,plfs-microdata,sources/nada/plfs-2017-18/CSV_PLFS_July2017_June2018.zip,canonicalize-salaried-share-v2.1.0-20260611T005144Z,"Computed from PLFS 2017-18 unit-level microdata (first-visit person file, usual status ps+ss, age 15+, rural+urban, males): share of workers in regular wage/salaried employment. Weight = MULT/100 (or /200 when NSS!=NSC) / NO_QTR; household religion joined from the household file. The run reproduces the round's published all-India LFPR/WPR/UR to 0.1. Pulled via the MoSPI NADA API; zip sha256 in sources/nada/plfs-2017-18/. NSO unit-data rider: religion is self-reported and the survey is designed for labour-force estimation, so religion figures are indicative (no sub-state estimates). Year=2017 is the start of the Jul-2017 to Jun-2018 reference period.",false
salaried-share,national,IN,2017,muslim,all,rural,13.5,all_workers_usual_status_ps_ss,21363,,,plfs-microdata,sources/nada/plfs-2017-18/CSV_PLFS_July2017_June2018.zip,canonicalize-salaried-share-v2.1.0-20260611T005144Z,"Computed from PLFS 2017-18 unit-level microdata (first-visit person file, usual status ps+ss, age 15+, rural, both sexes): share of workers in regular wage/salaried employment. Weight = MULT/100 (or /200 when NSS!=NSC) / NO_QTR; household religion joined from the household file. The run reproduces the round's published all-India LFPR/WPR/UR to 0.1. Pulled via the MoSPI NADA API; zip sha256 in sources/nada/plfs-2017-18/. NSO unit-data rider: religion is self-reported and the survey is designed for labour-force estimation, so religion figures are indicative (no sub-state estimates). Year=2017 is the start of the Jul-2017 to Jun-2018 reference period.",false
salaried-share,national,IN,2017,muslim,female,rural,10.5,all_workers_usual_status_ps_ss,10580,,,plfs-microdata,sources/nada/plfs-2017-18/CSV_PLFS_July2017_June2018.zip,canonicalize-salaried-share-v2.1.0-20260611T005144Z,"Computed from PLFS 2017-18 unit-level microdata (first-visit person file, usual status ps+ss, age 15+, rural, females): share of workers in regular wage/salaried employment. Weight = MULT/100 (or /200 when NSS!=NSC) / NO_QTR; household religion joined from the household file. The run reproduces the round's published all-India LFPR/WPR/UR to 0.1. Pulled via the MoSPI NADA API; zip sha256 in sources/nada/plfs-2017-18/. NSO unit-data rider: religion is self-reported and the survey is designed for labour-force estimation, so religion figures are indicative (no sub-state estimates). Year=2017 is the start of the Jul-2017 to Jun-2018 reference period.",false
salaried-share,national,IN,2017,muslim,male,rural,14.1,all_workers_usual_status_ps_ss,10782,,,plfs-microdata,sources/nada/plfs-2017-18/CSV_PLFS_July2017_June2018.zip,canonicalize-salaried-share-v2.1.0-20260611T005144Z,"Computed from PLFS 2017-18 unit-level microdata (first-visit person file, usual status ps+ss, age 15+, rural, males): share of workers in regular wage/salaried employment. Weight = MULT/100 (or /200 when NSS!=NSC) / NO_QTR; household religion joined from the household file. The run reproduces the round's published all-India LFPR/WPR/UR to 0.1. Pulled via the MoSPI NADA API; zip sha256 in sources/nada/plfs-2017-18/. NSO unit-data rider: religion is self-reported and the survey is designed for labour-force estimation, so religion figures are indicative (no sub-state estimates). Year=2017 is the start of the Jul-2017 to Jun-2018 reference period.",false
salaried-share,national,IN,2017,muslim,all,urban,33.1,all_workers_usual_status_ps_ss,23199,,,plfs-microdata,sources/nada/plfs-2017-18/CSV_PLFS_July2017_June2018.zip,canonicalize-salaried-share-v2.1.0-20260611T005144Z,"Computed from PLFS 2017-18 unit-level microdata (first-visit person file, usual status ps+ss, age 15+, urban, both sexes): share of workers in regular wage/salaried employment. Weight = MULT/100 (or /200 when NSS!=NSC) / NO_QTR; household religion joined from the household file. The run reproduces the round's published all-India LFPR/WPR/UR to 0.1. Pulled via the MoSPI NADA API; zip sha256 in sources/nada/plfs-2017-18/. NSO unit-data rider: religion is self-reported and the survey is designed for labour-force estimation, so religion figures are indicative (no sub-state estimates). Year=2017 is the start of the Jul-2017 to Jun-2018 reference period.",false
salaried-share,national,IN,2017,muslim,female,urban,36.6,all_workers_usual_status_ps_ss,11585,,,plfs-microdata,sources/nada/plfs-2017-18/CSV_PLFS_July2017_June2018.zip,canonicalize-salaried-share-v2.1.0-20260611T005144Z,"Computed from PLFS 2017-18 unit-level microdata (first-visit person file, usual status ps+ss, age 15+, urban, females): share of workers in regular wage/salaried employment. Weight = MULT/100 (or /200 when NSS!=NSC) / NO_QTR; household religion joined from the household file. The run reproduces the round's published all-India LFPR/WPR/UR to 0.1. Pulled via the MoSPI NADA API; zip sha256 in sources/nada/plfs-2017-18/. NSO unit-data rider: religion is self-reported and the survey is designed for labour-force estimation, so religion figures are indicative (no sub-state estimates). Year=2017 is the start of the Jul-2017 to Jun-2018 reference period.",false
salaried-share,national,IN,2017,muslim,male,urban,32.6,all_workers_usual_status_ps_ss,11609,,,plfs-microdata,sources/nada/plfs-2017-18/CSV_PLFS_July2017_June2018.zip,canonicalize-salaried-share-v2.1.0-20260611T005144Z,"Computed from PLFS 2017-18 unit-level microdata (first-visit person file, usual status ps+ss, age 15+, urban, males): share of workers in regular wage/salaried employment. Weight = MULT/100 (or /200 when NSS!=NSC) / NO_QTR; household religion joined from the household file. The run reproduces the round's published all-India LFPR/WPR/UR to 0.1. Pulled via the MoSPI NADA API; zip sha256 in sources/nada/plfs-2017-18/. NSO unit-data rider: religion is self-reported and the survey is designed for labour-force estimation, so religion figures are indicative (no sub-state estimates). Year=2017 is the start of the Jul-2017 to Jun-2018 reference period.",false
salaried-share,national,IN,2017,sikh,all,all,27.5,all_workers_usual_status_ps_ss,7385,,,plfs-microdata,sources/nada/plfs-2017-18/CSV_PLFS_July2017_June2018.zip,canonicalize-salaried-share-v2.1.0-20260611T005144Z,"Computed from PLFS 2017-18 unit-level microdata (first-visit person file, usual status ps+ss, age 15+, rural+urban, both sexes): share of workers in regular wage/salaried employment. Weight = MULT/100 (or /200 when NSS!=NSC) / NO_QTR; household religion joined from the household file. The run reproduces the round's published all-India LFPR/WPR/UR to 0.1. Pulled via the MoSPI NADA API; zip sha256 in sources/nada/plfs-2017-18/. NSO unit-data rider: religion is self-reported and the survey is designed for labour-force estimation, so religion figures are indicative (no sub-state estimates). Year=2017 is the start of the Jul-2017 to Jun-2018 reference period.",false
salaried-share,national,IN,2017,sikh,female,all,36.4,all_workers_usual_status_ps_ss,3605,,,plfs-microdata,sources/nada/plfs-2017-18/CSV_PLFS_July2017_June2018.zip,canonicalize-salaried-share-v2.1.0-20260611T005144Z,"Computed from PLFS 2017-18 unit-level microdata (first-visit person file, usual status ps+ss, age 15+, rural+urban, females): share of workers in regular wage/salaried employment. Weight = MULT/100 (or /200 when NSS!=NSC) / NO_QTR; household religion joined from the household file. The run reproduces the round's published all-India LFPR/WPR/UR to 0.1. Pulled via the MoSPI NADA API; zip sha256 in sources/nada/plfs-2017-18/. NSO unit-data rider: religion is self-reported and the survey is designed for labour-force estimation, so religion figures are indicative (no sub-state estimates). Year=2017 is the start of the Jul-2017 to Jun-2018 reference period.",false
salaried-share,national,IN,2017,sikh,male,all,25.8,all_workers_usual_status_ps_ss,3780,,,plfs-microdata,sources/nada/plfs-2017-18/CSV_PLFS_July2017_June2018.zip,canonicalize-salaried-share-v2.1.0-20260611T005144Z,"Computed from PLFS 2017-18 unit-level microdata (first-visit person file, usual status ps+ss, age 15+, rural+urban, males): share of workers in regular wage/salaried employment. Weight = MULT/100 (or /200 when NSS!=NSC) / NO_QTR; household religion joined from the household file. The run reproduces the round's published all-India LFPR/WPR/UR to 0.1. Pulled via the MoSPI NADA API; zip sha256 in sources/nada/plfs-2017-18/. NSO unit-data rider: religion is self-reported and the survey is designed for labour-force estimation, so religion figures are indicative (no sub-state estimates). Year=2017 is the start of the Jul-2017 to Jun-2018 reference period.",false
salaried-share,national,IN,2017,sikh,all,rural,21.7,all_workers_usual_status_ps_ss,4843,,,plfs-microdata,sources/nada/plfs-2017-18/CSV_PLFS_July2017_June2018.zip,canonicalize-salaried-share-v2.1.0-20260611T005144Z,"Computed from PLFS 2017-18 unit-level microdata (first-visit person file, usual status ps+ss, age 15+, rural, both sexes): share of workers in regular wage/salaried employment. Weight = MULT/100 (or /200 when NSS!=NSC) / NO_QTR; household religion joined from the household file. The run reproduces the round's published all-India LFPR/WPR/UR to 0.1. Pulled via the MoSPI NADA API; zip sha256 in sources/nada/plfs-2017-18/. NSO unit-data rider: religion is self-reported and the survey is designed for labour-force estimation, so religion figures are indicative (no sub-state estimates). Year=2017 is the start of the Jul-2017 to Jun-2018 reference period.",false
salaried-share,national,IN,2017,sikh,female,rural,28.0,all_workers_usual_status_ps_ss,2346,,,plfs-microdata,sources/nada/plfs-2017-18/CSV_PLFS_July2017_June2018.zip,canonicalize-salaried-share-v2.1.0-20260611T005144Z,"Computed from PLFS 2017-18 unit-level microdata (first-visit person file, usual status ps+ss, age 15+, rural, females): share of workers in regular wage/salaried employment. Weight = MULT/100 (or /200 when NSS!=NSC) / NO_QTR; household religion joined from the household file. The run reproduces the round's published all-India LFPR/WPR/UR to 0.1. Pulled via the MoSPI NADA API; zip sha256 in sources/nada/plfs-2017-18/. NSO unit-data rider: religion is self-reported and the survey is designed for labour-force estimation, so religion figures are indicative (no sub-state estimates). Year=2017 is the start of the Jul-2017 to Jun-2018 reference period.",false
salaried-share,national,IN,2017,sikh,male,rural,20.6,all_workers_usual_status_ps_ss,2497,,,plfs-microdata,sources/nada/plfs-2017-18/CSV_PLFS_July2017_June2018.zip,canonicalize-salaried-share-v2.1.0-20260611T005144Z,"Computed from PLFS 2017-18 unit-level microdata (first-visit person file, usual status ps+ss, age 15+, rural, males): share of workers in regular wage/salaried employment. Weight = MULT/100 (or /200 when NSS!=NSC) / NO_QTR; household religion joined from the household file. The run reproduces the round's published all-India LFPR/WPR/UR to 0.1. Pulled via the MoSPI NADA API; zip sha256 in sources/nada/plfs-2017-18/. NSO unit-data rider: religion is self-reported and the survey is designed for labour-force estimation, so religion figures are indicative (no sub-state estimates). Year=2017 is the start of the Jul-2017 to Jun-2018 reference period.",false
salaried-share,national,IN,2017,sikh,all,urban,47.2,all_workers_usual_status_ps_ss,2542,,,plfs-microdata,sources/nada/plfs-2017-18/CSV_PLFS_July2017_June2018.zip,canonicalize-salaried-share-v2.1.0-20260611T005144Z,"Computed from PLFS 2017-18 unit-level microdata (first-visit person file, usual status ps+ss, age 15+, urban, both sexes): share of workers in regular wage/salaried employment. Weight = MULT/100 (or /200 when NSS!=NSC) / NO_QTR; household religion joined from the household file. The run reproduces the round's published all-India LFPR/WPR/UR to 0.1. Pulled via the MoSPI NADA API; zip sha256 in sources/nada/plfs-2017-18/. NSO unit-data rider: religion is self-reported and the survey is designed for labour-force estimation, so religion figures are indicative (no sub-state estimates). Year=2017 is the start of the Jul-2017 to Jun-2018 reference period.",false
salaried-share,national,IN,2017,sikh,female,urban,60.2,all_workers_usual_status_ps_ss,1259,,,plfs-microdata,sources/nada/plfs-2017-18/CSV_PLFS_July2017_June2018.zip,canonicalize-salaried-share-v2.1.0-20260611T005144Z,"Computed from PLFS 2017-18 unit-level microdata (first-visit person file, usual status ps+ss, age 15+, urban, females): share of workers in regular wage/salaried employment. Weight = MULT/100 (or /200 when NSS!=NSC) / NO_QTR; household religion joined from the household file. The run reproduces the round's published all-India LFPR/WPR/UR to 0.1. Pulled via the MoSPI NADA API; zip sha256 in sources/nada/plfs-2017-18/. NSO unit-data rider: religion is self-reported and the survey is designed for labour-force estimation, so religion figures are indicative (no sub-state estimates). Year=2017 is the start of the Jul-2017 to Jun-2018 reference period.",false
salaried-share,national,IN,2017,sikh,male,urban,44.4,all_workers_usual_status_ps_ss,1283,,,plfs-microdata,sources/nada/plfs-2017-18/CSV_PLFS_July2017_June2018.zip,canonicalize-salaried-share-v2.1.0-20260611T005144Z,"Computed from PLFS 2017-18 unit-level microdata (first-visit person file, usual status ps+ss, age 15+, urban, males): share of workers in regular wage/salaried employment. Weight = MULT/100 (or /200 when NSS!=NSC) / NO_QTR; household religion joined from the household file. The run reproduces the round's published all-India LFPR/WPR/UR to 0.1. Pulled via the MoSPI NADA API; zip sha256 in sources/nada/plfs-2017-18/. NSO unit-data rider: religion is self-reported and the survey is designed for labour-force estimation, so religion figures are indicative (no sub-state estimates). Year=2017 is the start of the Jul-2017 to Jun-2018 reference period.",false
salaried-share,national,IN,2018,all,all,all,23.8,all_workers_usual_status_ps_ss,322010,,,plfs-microdata,sources/nada/plfs-2018-19/PLFS_2018_19_CSV.zip,canonicalize-salaried-share-v2.1.0-20260611T005144Z,"Computed from PLFS 2018-19 unit-level microdata (first-visit person file, usual status ps+ss, age 15+, rural+urban, both sexes): share of workers in regular wage/salaried employment. Weight = MULT/100 (or /200 when NSS!=NSC) / NO_QTR; household religion joined from the household file. The run reproduces the round's published all-India LFPR/WPR/UR to 0.1. Pulled via the MoSPI NADA API; zip sha256 in sources/nada/plfs-2018-19/. NSO unit-data rider: religion is self-reported and the survey is designed for labour-force estimation, so religion figures are indicative (no sub-state estimates). Year=2018 is the start of the Jul-2018 to Jun-2019 reference period.",false
salaried-share,national,IN,2018,all,female,all,21.9,all_workers_usual_status_ps_ss,159234,,,plfs-microdata,sources/nada/plfs-2018-19/PLFS_2018_19_CSV.zip,canonicalize-salaried-share-v2.1.0-20260611T005144Z,"Computed from PLFS 2018-19 unit-level microdata (first-visit person file, usual status ps+ss, age 15+, rural+urban, females): share of workers in regular wage/salaried employment. Weight = MULT/100 (or /200 when NSS!=NSC) / NO_QTR; household religion joined from the household file. The run reproduces the round's published all-India LFPR/WPR/UR to 0.1. Pulled via the MoSPI NADA API; zip sha256 in sources/nada/plfs-2018-19/. NSO unit-data rider: religion is self-reported and the survey is designed for labour-force estimation, so religion figures are indicative (no sub-state estimates). Year=2018 is the start of the Jul-2018 to Jun-2019 reference period.",false
salaried-share,national,IN,2018,all,male,all,24.4,all_workers_usual_status_ps_ss,162704,,,plfs-microdata,sources/nada/plfs-2018-19/PLFS_2018_19_CSV.zip,canonicalize-salaried-share-v2.1.0-20260611T005144Z,"Computed from PLFS 2018-19 unit-level microdata (first-visit person file, usual status ps+ss, age 15+, rural+urban, males): share of workers in regular wage/salaried employment. Weight = MULT/100 (or /200 when NSS!=NSC) / NO_QTR; household religion joined from the household file. The run reproduces the round's published all-India LFPR/WPR/UR to 0.1. Pulled via the MoSPI NADA API; zip sha256 in sources/nada/plfs-2018-19/. NSO unit-data rider: religion is self-reported and the survey is designed for labour-force estimation, so religion figures are indicative (no sub-state estimates). Year=2018 is the start of the Jul-2018 to Jun-2019 reference period.",false
salaried-share,national,IN,2018,all,all,rural,13.4,all_workers_usual_status_ps_ss,179796,,,plfs-microdata,sources/nada/plfs-2018-19/PLFS_2018_19_CSV.zip,canonicalize-salaried-share-v2.1.0-20260611T005144Z,"Computed from PLFS 2018-19 unit-level microdata (first-visit person file, usual status ps+ss, age 15+, rural, both sexes): share of workers in regular wage/salaried employment. Weight = MULT/100 (or /200 when NSS!=NSC) / NO_QTR; household religion joined from the household file. The run reproduces the round's published all-India LFPR/WPR/UR to 0.1. Pulled via the MoSPI NADA API; zip sha256 in sources/nada/plfs-2018-19/. NSO unit-data rider: religion is self-reported and the survey is designed for labour-force estimation, so religion figures are indicative (no sub-state estimates). Year=2018 is the start of the Jul-2018 to Jun-2019 reference period.",false
salaried-share,national,IN,2018,all,female,rural,11.1,all_workers_usual_status_ps_ss,88960,,,plfs-microdata,sources/nada/plfs-2018-19/PLFS_2018_19_CSV.zip,canonicalize-salaried-share-v2.1.0-20260611T005144Z,"Computed from PLFS 2018-19 unit-level microdata (first-visit person file, usual status ps+ss, age 15+, rural, females): share of workers in regular wage/salaried employment. Weight = MULT/100 (or /200 when NSS!=NSC) / NO_QTR; household religion joined from the household file. The run reproduces the round's published all-India LFPR/WPR/UR to 0.1. Pulled via the MoSPI NADA API; zip sha256 in sources/nada/plfs-2018-19/. NSO unit-data rider: religion is self-reported and the survey is designed for labour-force estimation, so religion figures are indicative (no sub-state estimates). Year=2018 is the start of the Jul-2018 to Jun-2019 reference period.",false
salaried-share,national,IN,2018,all,male,rural,14.3,all_workers_usual_status_ps_ss,90800,,,plfs-microdata,sources/nada/plfs-2018-19/PLFS_2018_19_CSV.zip,canonicalize-salaried-share-v2.1.0-20260611T005144Z,"Computed from PLFS 2018-19 unit-level microdata (first-visit person file, usual status ps+ss, age 15+, rural, males): share of workers in regular wage/salaried employment. Weight = MULT/100 (or /200 when NSS!=NSC) / NO_QTR; household religion joined from the household file. The run reproduces the round's published all-India LFPR/WPR/UR to 0.1. Pulled via the MoSPI NADA API; zip sha256 in sources/nada/plfs-2018-19/. NSO unit-data rider: religion is self-reported and the survey is designed for labour-force estimation, so religion figures are indicative (no sub-state estimates). Year=2018 is the start of the Jul-2018 to Jun-2019 reference period.",false
salaried-share,national,IN,2018,all,all,urban,48.7,all_workers_usual_status_ps_ss,142214,,,plfs-microdata,sources/nada/plfs-2018-19/PLFS_2018_19_CSV.zip,canonicalize-salaried-share-v2.1.0-20260611T005144Z,"Computed from PLFS 2018-19 unit-level microdata (first-visit person file, usual status ps+ss, age 15+, urban, both sexes): share of workers in regular wage/salaried employment. Weight = MULT/100 (or /200 when NSS!=NSC) / NO_QTR; household religion joined from the household file. The run reproduces the round's published all-India LFPR/WPR/UR to 0.1. Pulled via the MoSPI NADA API; zip sha256 in sources/nada/plfs-2018-19/. NSO unit-data rider: religion is self-reported and the survey is designed for labour-force estimation, so religion figures are indicative (no sub-state estimates). Year=2018 is the start of the Jul-2018 to Jun-2019 reference period.",false
salaried-share,national,IN,2018,all,female,urban,54.8,all_workers_usual_status_ps_ss,70274,,,plfs-microdata,sources/nada/plfs-2018-19/PLFS_2018_19_CSV.zip,canonicalize-salaried-share-v2.1.0-20260611T005144Z,"Computed from PLFS 2018-19 unit-level microdata (first-visit person file, usual status ps+ss, age 15+, urban, females): share of workers in regular wage/salaried employment. Weight = MULT/100 (or /200 when NSS!=NSC) / NO_QTR; household religion joined from the household file. The run reproduces the round's published all-India LFPR/WPR/UR to 0.1. Pulled via the MoSPI NADA API; zip sha256 in sources/nada/plfs-2018-19/. NSO unit-data rider: religion is self-reported and the survey is designed for labour-force estimation, so religion figures are indicative (no sub-state estimates). Year=2018 is the start of the Jul-2018 to Jun-2019 reference period.",false
salaried-share,national,IN,2018,all,male,urban,47.2,all_workers_usual_status_ps_ss,71904,,,plfs-microdata,sources/nada/plfs-2018-19/PLFS_2018_19_CSV.zip,canonicalize-salaried-share-v2.1.0-20260611T005144Z,"Computed from PLFS 2018-19 unit-level microdata (first-visit person file, usual status ps+ss, age 15+, urban, males): share of workers in regular wage/salaried employment. Weight = MULT/100 (or /200 when NSS!=NSC) / NO_QTR; household religion joined from the household file. The run reproduces the round's published all-India LFPR/WPR/UR to 0.1. Pulled via the MoSPI NADA API; zip sha256 in sources/nada/plfs-2018-19/. NSO unit-data rider: religion is self-reported and the survey is designed for labour-force estimation, so religion figures are indicative (no sub-state estimates). Year=2018 is the start of the Jul-2018 to Jun-2019 reference period.",false
salaried-share,national,IN,2018,christian,all,all,31.1,all_workers_usual_status_ps_ss,22452,,,plfs-microdata,sources/nada/plfs-2018-19/PLFS_2018_19_CSV.zip,canonicalize-salaried-share-v2.1.0-20260611T005144Z,"Computed from PLFS 2018-19 unit-level microdata (first-visit person file, usual status ps+ss, age 15+, rural+urban, both sexes): share of workers in regular wage/salaried employment. Weight = MULT/100 (or /200 when NSS!=NSC) / NO_QTR; household religion joined from the household file. The run reproduces the round's published all-India LFPR/WPR/UR to 0.1. Pulled via the MoSPI NADA API; zip sha256 in sources/nada/plfs-2018-19/. NSO unit-data rider: religion is self-reported and the survey is designed for labour-force estimation, so religion figures are indicative (no sub-state estimates). Year=2018 is the start of the Jul-2018 to Jun-2019 reference period.",false
salaried-share,national,IN,2018,christian,female,all,36.1,all_workers_usual_status_ps_ss,11407,,,plfs-microdata,sources/nada/plfs-2018-19/PLFS_2018_19_CSV.zip,canonicalize-salaried-share-v2.1.0-20260611T005144Z,"Computed from PLFS 2018-19 unit-level microdata (first-visit person file, usual status ps+ss, age 15+, rural+urban, females): share of workers in regular wage/salaried employment. Weight = MULT/100 (or /200 when NSS!=NSC) / NO_QTR; household religion joined from the household file. The run reproduces the round's published all-India LFPR/WPR/UR to 0.1. Pulled via the MoSPI NADA API; zip sha256 in sources/nada/plfs-2018-19/. NSO unit-data rider: religion is self-reported and the survey is designed for labour-force estimation, so religion figures are indicative (no sub-state estimates). Year=2018 is the start of the Jul-2018 to Jun-2019 reference period.",false
salaried-share,national,IN,2018,christian,male,all,28.6,all_workers_usual_status_ps_ss,11037,,,plfs-microdata,sources/nada/plfs-2018-19/PLFS_2018_19_CSV.zip,canonicalize-salaried-share-v2.1.0-20260611T005144Z,"Computed from PLFS 2018-19 unit-level microdata (first-visit person file, usual status ps+ss, age 15+, rural+urban, males): share of workers in regular wage/salaried employment. Weight = MULT/100 (or /200 when NSS!=NSC) / NO_QTR; household religion joined from the household file. The run reproduces the round's published all-India LFPR/WPR/UR to 0.1. Pulled via the MoSPI NADA API; zip sha256 in sources/nada/plfs-2018-19/. NSO unit-data rider: religion is self-reported and the survey is designed for labour-force estimation, so religion figures are indicative (no sub-state estimates). Year=2018 is the start of the Jul-2018 to Jun-2019 reference period.",false
salaried-share,national,IN,2018,christian,all,rural,20.4,all_workers_usual_status_ps_ss,12516,,,plfs-microdata,sources/nada/plfs-2018-19/PLFS_2018_19_CSV.zip,canonicalize-salaried-share-v2.1.0-20260611T005144Z,"Computed from PLFS 2018-19 unit-level microdata (first-visit person file, usual status ps+ss, age 15+, rural, both sexes): share of workers in regular wage/salaried employment. Weight = MULT/100 (or /200 when NSS!=NSC) / NO_QTR; household religion joined from the household file. The run reproduces the round's published all-India LFPR/WPR/UR to 0.1. Pulled via the MoSPI NADA API; zip sha256 in sources/nada/plfs-2018-19/. NSO unit-data rider: religion is self-reported and the survey is designed for labour-force estimation, so religion figures are indicative (no sub-state estimates). Year=2018 is the start of the Jul-2018 to Jun-2019 reference period.",false
salaried-share,national,IN,2018,christian,female,rural,22.9,all_workers_usual_status_ps_ss,6238,,,plfs-microdata,sources/nada/plfs-2018-19/PLFS_2018_19_CSV.zip,canonicalize-salaried-share-v2.1.0-20260611T005144Z,"Computed from PLFS 2018-19 unit-level microdata (first-visit person file, usual status ps+ss, age 15+, rural, females): share of workers in regular wage/salaried employment. Weight = MULT/100 (or /200 when NSS!=NSC) / NO_QTR; household religion joined from the household file. The run reproduces the round's published all-India LFPR/WPR/UR to 0.1. Pulled via the MoSPI NADA API; zip sha256 in sources/nada/plfs-2018-19/. NSO unit-data rider: religion is self-reported and the survey is designed for labour-force estimation, so religion figures are indicative (no sub-state estimates). Year=2018 is the start of the Jul-2018 to Jun-2019 reference period.",false
salaried-share,national,IN,2018,christian,male,rural,19.2,all_workers_usual_status_ps_ss,6274,,,plfs-microdata,sources/nada/plfs-2018-19/PLFS_2018_19_CSV.zip,canonicalize-salaried-share-v2.1.0-20260611T005144Z,"Computed from PLFS 2018-19 unit-level microdata (first-visit person file, usual status ps+ss, age 15+, rural, males): share of workers in regular wage/salaried employment. Weight = MULT/100 (or /200 when NSS!=NSC) / NO_QTR; household religion joined from the household file. The run reproduces the round's published all-India LFPR/WPR/UR to 0.1. Pulled via the MoSPI NADA API; zip sha256 in sources/nada/plfs-2018-19/. NSO unit-data rider: religion is self-reported and the survey is designed for labour-force estimation, so religion figures are indicative (no sub-state estimates). Year=2018 is the start of the Jul-2018 to Jun-2019 reference period.",false
salaried-share,national,IN,2018,christian,all,urban,51.1,all_workers_usual_status_ps_ss,9936,,,plfs-microdata,sources/nada/plfs-2018-19/PLFS_2018_19_CSV.zip,canonicalize-salaried-share-v2.1.0-20260611T005144Z,"Computed from PLFS 2018-19 unit-level microdata (first-visit person file, usual status ps+ss, age 15+, urban, both sexes): share of workers in regular wage/salaried employment. Weight = MULT/100 (or /200 when NSS!=NSC) / NO_QTR; household religion joined from the household file. The run reproduces the round's published all-India LFPR/WPR/UR to 0.1. Pulled via the MoSPI NADA API; zip sha256 in sources/nada/plfs-2018-19/. NSO unit-data rider: religion is self-reported and the survey is designed for labour-force estimation, so religion figures are indicative (no sub-state estimates). Year=2018 is the start of the Jul-2018 to Jun-2019 reference period.",false
salaried-share,national,IN,2018,christian,female,urban,62.1,all_workers_usual_status_ps_ss,5169,,,plfs-microdata,sources/nada/plfs-2018-19/PLFS_2018_19_CSV.zip,canonicalize-salaried-share-v2.1.0-20260611T005144Z,"Computed from PLFS 2018-19 unit-level microdata (first-visit person file, usual status ps+ss, age 15+, urban, females): share of workers in regular wage/salaried employment. Weight = MULT/100 (or /200 when NSS!=NSC) / NO_QTR; household religion joined from the household file. The run reproduces the round's published all-India LFPR/WPR/UR to 0.1. Pulled via the MoSPI NADA API; zip sha256 in sources/nada/plfs-2018-19/. NSO unit-data rider: religion is self-reported and the survey is designed for labour-force estimation, so religion figures are indicative (no sub-state estimates). Year=2018 is the start of the Jul-2018 to Jun-2019 reference period.",false
salaried-share,national,IN,2018,christian,male,urban,46.0,all_workers_usual_status_ps_ss,4763,,,plfs-microdata,sources/nada/plfs-2018-19/PLFS_2018_19_CSV.zip,canonicalize-salaried-share-v2.1.0-20260611T005144Z,"Computed from PLFS 2018-19 unit-level microdata (first-visit person file, usual status ps+ss, age 15+, urban, males): share of workers in regular wage/salaried employment. Weight = MULT/100 (or /200 when NSS!=NSC) / NO_QTR; household religion joined from the household file. The run reproduces the round's published all-India LFPR/WPR/UR to 0.1. Pulled via the MoSPI NADA API; zip sha256 in sources/nada/plfs-2018-19/. NSO unit-data rider: religion is self-reported and the survey is designed for labour-force estimation, so religion figures are indicative (no sub-state estimates). Year=2018 is the start of the Jul-2018 to Jun-2019 reference period.",false
salaried-share,national,IN,2018,hindu,all,all,23.7,all_workers_usual_status_ps_ss,239629,,,plfs-microdata,sources/nada/plfs-2018-19/PLFS_2018_19_CSV.zip,canonicalize-salaried-share-v2.1.0-20260611T005144Z,"Computed from PLFS 2018-19 unit-level microdata (first-visit person file, usual status ps+ss, age 15+, rural+urban, both sexes): share of workers in regular wage/salaried employment. Weight = MULT/100 (or /200 when NSS!=NSC) / NO_QTR; household religion joined from the household file. The run reproduces the round's published all-India LFPR/WPR/UR to 0.1. Pulled via the MoSPI NADA API; zip sha256 in sources/nada/plfs-2018-19/. NSO unit-data rider: religion is self-reported and the survey is designed for labour-force estimation, so religion figures are indicative (no sub-state estimates). Year=2018 is the start of the Jul-2018 to Jun-2019 reference period.",false
salaried-share,national,IN,2018,hindu,female,all,21.3,all_workers_usual_status_ps_ss,118030,,,plfs-microdata,sources/nada/plfs-2018-19/PLFS_2018_19_CSV.zip,canonicalize-salaried-share-v2.1.0-20260611T005144Z,"Computed from PLFS 2018-19 unit-level microdata (first-visit person file, usual status ps+ss, age 15+, rural+urban, females): share of workers in regular wage/salaried employment. Weight = MULT/100 (or /200 when NSS!=NSC) / NO_QTR; household religion joined from the household file. The run reproduces the round's published all-India LFPR/WPR/UR to 0.1. Pulled via the MoSPI NADA API; zip sha256 in sources/nada/plfs-2018-19/. NSO unit-data rider: religion is self-reported and the survey is designed for labour-force estimation, so religion figures are indicative (no sub-state estimates). Year=2018 is the start of the Jul-2018 to Jun-2019 reference period.",false
salaried-share,national,IN,2018,hindu,male,all,24.5,all_workers_usual_status_ps_ss,121551,,,plfs-microdata,sources/nada/plfs-2018-19/PLFS_2018_19_CSV.zip,canonicalize-salaried-share-v2.1.0-20260611T005144Z,"Computed from PLFS 2018-19 unit-level microdata (first-visit person file, usual status ps+ss, age 15+, rural+urban, males): share of workers in regular wage/salaried employment. Weight = MULT/100 (or /200 when NSS!=NSC) / NO_QTR; household religion joined from the household file. The run reproduces the round's published all-India LFPR/WPR/UR to 0.1. Pulled via the MoSPI NADA API; zip sha256 in sources/nada/plfs-2018-19/. NSO unit-data rider: religion is self-reported and the survey is designed for labour-force estimation, so religion figures are indicative (no sub-state estimates). Year=2018 is the start of the Jul-2018 to Jun-2019 reference period.",false
salaried-share,national,IN,2018,hindu,all,rural,13.1,all_workers_usual_status_ps_ss,137171,,,plfs-microdata,sources/nada/plfs-2018-19/PLFS_2018_19_CSV.zip,canonicalize-salaried-share-v2.1.0-20260611T005144Z,"Computed from PLFS 2018-19 unit-level microdata (first-visit person file, usual status ps+ss, age 15+, rural, both sexes): share of workers in regular wage/salaried employment. Weight = MULT/100 (or /200 when NSS!=NSC) / NO_QTR; household religion joined from the household file. The run reproduces the round's published all-India LFPR/WPR/UR to 0.1. Pulled via the MoSPI NADA API; zip sha256 in sources/nada/plfs-2018-19/. NSO unit-data rider: religion is self-reported and the survey is designed for labour-force estimation, so religion figures are indicative (no sub-state estimates). Year=2018 is the start of the Jul-2018 to Jun-2019 reference period.",false
salaried-share,national,IN,2018,hindu,female,rural,10.4,all_workers_usual_status_ps_ss,67800,,,plfs-microdata,sources/nada/plfs-2018-19/PLFS_2018_19_CSV.zip,canonicalize-salaried-share-v2.1.0-20260611T005144Z,"Computed from PLFS 2018-19 unit-level microdata (first-visit person file, usual status ps+ss, age 15+, rural, females): share of workers in regular wage/salaried employment. Weight = MULT/100 (or /200 when NSS!=NSC) / NO_QTR; household religion joined from the household file. The run reproduces the round's published all-India LFPR/WPR/UR to 0.1. Pulled via the MoSPI NADA API; zip sha256 in sources/nada/plfs-2018-19/. NSO unit-data rider: religion is self-reported and the survey is designed for labour-force estimation, so religion figures are indicative (no sub-state estimates). Year=2018 is the start of the Jul-2018 to Jun-2019 reference period.",false
salaried-share,national,IN,2018,hindu,male,rural,14.1,all_workers_usual_status_ps_ss,69347,,,plfs-microdata,sources/nada/plfs-2018-19/PLFS_2018_19_CSV.zip,canonicalize-salaried-share-v2.1.0-20260611T005144Z,"Computed from PLFS 2018-19 unit-level microdata (first-visit person file, usual status ps+ss, age 15+, rural, males): share of workers in regular wage/salaried employment. Weight = MULT/100 (or /200 when NSS!=NSC) / NO_QTR; household religion joined from the household file. The run reproduces the round's published all-India LFPR/WPR/UR to 0.1. Pulled via the MoSPI NADA API; zip sha256 in sources/nada/plfs-2018-19/. NSO unit-data rider: religion is self-reported and the survey is designed for labour-force estimation, so religion figures are indicative (no sub-state estimates). Year=2018 is the start of the Jul-2018 to Jun-2019 reference period.",false
salaried-share,national,IN,2018,hindu,all,urban,51.3,all_workers_usual_status_ps_ss,102458,,,plfs-microdata,sources/nada/plfs-2018-19/PLFS_2018_19_CSV.zip,canonicalize-salaried-share-v2.1.0-20260611T005144Z,"Computed from PLFS 2018-19 unit-level microdata (first-visit person file, usual status ps+ss, age 15+, urban, both sexes): share of workers in regular wage/salaried employment. Weight = MULT/100 (or /200 when NSS!=NSC) / NO_QTR; household religion joined from the household file. The run reproduces the round's published all-India LFPR/WPR/UR to 0.1. Pulled via the MoSPI NADA API; zip sha256 in sources/nada/plfs-2018-19/. NSO unit-data rider: religion is self-reported and the survey is designed for labour-force estimation, so religion figures are indicative (no sub-state estimates). Year=2018 is the start of the Jul-2018 to Jun-2019 reference period.",false
salaried-share,national,IN,2018,hindu,female,urban,56.7,all_workers_usual_status_ps_ss,50230,,,plfs-microdata,sources/nada/plfs-2018-19/PLFS_2018_19_CSV.zip,canonicalize-salaried-share-v2.1.0-20260611T005144Z,"Computed from PLFS 2018-19 unit-level microdata (first-visit person file, usual status ps+ss, age 15+, urban, females): share of workers in regular wage/salaried employment. Weight = MULT/100 (or /200 when NSS!=NSC) / NO_QTR; household religion joined from the household file. The run reproduces the round's published all-India LFPR/WPR/UR to 0.1. Pulled via the MoSPI NADA API; zip sha256 in sources/nada/plfs-2018-19/. NSO unit-data rider: religion is self-reported and the survey is designed for labour-force estimation, so religion figures are indicative (no sub-state estimates). Year=2018 is the start of the Jul-2018 to Jun-2019 reference period.",false
salaried-share,national,IN,2018,hindu,male,urban,49.8,all_workers_usual_status_ps_ss,52204,,,plfs-microdata,sources/nada/plfs-2018-19/PLFS_2018_19_CSV.zip,canonicalize-salaried-share-v2.1.0-20260611T005144Z,"Computed from PLFS 2018-19 unit-level microdata (first-visit person file, usual status ps+ss, age 15+, urban, males): share of workers in regular wage/salaried employment. Weight = MULT/100 (or /200 when NSS!=NSC) / NO_QTR; household religion joined from the household file. The run reproduces the round's published all-India LFPR/WPR/UR to 0.1. Pulled via the MoSPI NADA API; zip sha256 in sources/nada/plfs-2018-19/. NSO unit-data rider: religion is self-reported and the survey is designed for labour-force estimation, so religion figures are indicative (no sub-state estimates). Year=2018 is the start of the Jul-2018 to Jun-2019 reference period.",false
salaried-share,national,IN,2018,muslim,all,all,22.2,all_workers_usual_status_ps_ss,45700,,,plfs-microdata,sources/nada/plfs-2018-19/PLFS_2018_19_CSV.zip,canonicalize-salaried-share-v2.1.0-20260611T005144Z,"Computed from PLFS 2018-19 unit-level microdata (first-visit person file, usual status ps+ss, age 15+, rural+urban, both sexes): share of workers in regular wage/salaried employment. Weight = MULT/100 (or /200 when NSS!=NSC) / NO_QTR; household religion joined from the household file. The run reproduces the round's published all-India LFPR/WPR/UR to 0.1. Pulled via the MoSPI NADA API; zip sha256 in sources/nada/plfs-2018-19/. NSO unit-data rider: religion is self-reported and the survey is designed for labour-force estimation, so religion figures are indicative (no sub-state estimates). Year=2018 is the start of the Jul-2018 to Jun-2019 reference period.",false
salaried-share,national,IN,2018,muslim,female,all,20.6,all_workers_usual_status_ps_ss,22729,,,plfs-microdata,sources/nada/plfs-2018-19/PLFS_2018_19_CSV.zip,canonicalize-salaried-share-v2.1.0-20260611T005144Z,"Computed from PLFS 2018-19 unit-level microdata (first-visit person file, usual status ps+ss, age 15+, rural+urban, females): share of workers in regular wage/salaried employment. Weight = MULT/100 (or /200 when NSS!=NSC) / NO_QTR; household religion joined from the household file. The run reproduces the round's published all-India LFPR/WPR/UR to 0.1. Pulled via the MoSPI NADA API; zip sha256 in sources/nada/plfs-2018-19/. NSO unit-data rider: religion is self-reported and the survey is designed for labour-force estimation, so religion figures are indicative (no sub-state estimates). Year=2018 is the start of the Jul-2018 to Jun-2019 reference period.",false
salaried-share,national,IN,2018,muslim,male,all,22.5,all_workers_usual_status_ps_ss,22960,,,plfs-microdata,sources/nada/plfs-2018-19/PLFS_2018_19_CSV.zip,canonicalize-salaried-share-v2.1.0-20260611T005144Z,"Computed from PLFS 2018-19 unit-level microdata (first-visit person file, usual status ps+ss, age 15+, rural+urban, males): share of workers in regular wage/salaried employment. Weight = MULT/100 (or /200 when NSS!=NSC) / NO_QTR; household religion joined from the household file. The run reproduces the round's published all-India LFPR/WPR/UR to 0.1. Pulled via the MoSPI NADA API; zip sha256 in sources/nada/plfs-2018-19/. NSO unit-data rider: religion is self-reported and the survey is designed for labour-force estimation, so religion figures are indicative (no sub-state estimates). Year=2018 is the start of the Jul-2018 to Jun-2019 reference period.",false
salaried-share,national,IN,2018,muslim,all,rural,13.3,all_workers_usual_status_ps_ss,21755,,,plfs-microdata,sources/nada/plfs-2018-19/PLFS_2018_19_CSV.zip,canonicalize-salaried-share-v2.1.0-20260611T005144Z,"Computed from PLFS 2018-19 unit-level microdata (first-visit person file, usual status ps+ss, age 15+, rural, both sexes): share of workers in regular wage/salaried employment. Weight = MULT/100 (or /200 when NSS!=NSC) / NO_QTR; household religion joined from the household file. The run reproduces the round's published all-India LFPR/WPR/UR to 0.1. Pulled via the MoSPI NADA API; zip sha256 in sources/nada/plfs-2018-19/. NSO unit-data rider: religion is self-reported and the survey is designed for labour-force estimation, so religion figures are indicative (no sub-state estimates). Year=2018 is the start of the Jul-2018 to Jun-2019 reference period.",false
salaried-share,national,IN,2018,muslim,female,rural,11.3,all_workers_usual_status_ps_ss,10829,,,plfs-microdata,sources/nada/plfs-2018-19/PLFS_2018_19_CSV.zip,canonicalize-salaried-share-v2.1.0-20260611T005144Z,"Computed from PLFS 2018-19 unit-level microdata (first-visit person file, usual status ps+ss, age 15+, rural, females): share of workers in regular wage/salaried employment. Weight = MULT/100 (or /200 when NSS!=NSC) / NO_QTR; household religion joined from the household file. The run reproduces the round's published all-India LFPR/WPR/UR to 0.1. Pulled via the MoSPI NADA API; zip sha256 in sources/nada/plfs-2018-19/. NSO unit-data rider: religion is self-reported and the survey is designed for labour-force estimation, so religion figures are indicative (no sub-state estimates). Year=2018 is the start of the Jul-2018 to Jun-2019 reference period.",false
salaried-share,national,IN,2018,muslim,male,rural,13.7,all_workers_usual_status_ps_ss,10920,,,plfs-microdata,sources/nada/plfs-2018-19/PLFS_2018_19_CSV.zip,canonicalize-salaried-share-v2.1.0-20260611T005144Z,"Computed from PLFS 2018-19 unit-level microdata (first-visit person file, usual status ps+ss, age 15+, rural, males): share of workers in regular wage/salaried employment. Weight = MULT/100 (or /200 when NSS!=NSC) / NO_QTR; household religion joined from the household file. The run reproduces the round's published all-India LFPR/WPR/UR to 0.1. Pulled via the MoSPI NADA API; zip sha256 in sources/nada/plfs-2018-19/. NSO unit-data rider: religion is self-reported and the survey is designed for labour-force estimation, so religion figures are indicative (no sub-state estimates). Year=2018 is the start of the Jul-2018 to Jun-2019 reference period.",false
salaried-share,national,IN,2018,muslim,all,urban,35.5,all_workers_usual_status_ps_ss,23945,,,plfs-microdata,sources/nada/plfs-2018-19/PLFS_2018_19_CSV.zip,canonicalize-salaried-share-v2.1.0-20260611T005144Z,"Computed from PLFS 2018-19 unit-level microdata (first-visit person file, usual status ps+ss, age 15+, urban, both sexes): share of workers in regular wage/salaried employment. Weight = MULT/100 (or /200 when NSS!=NSC) / NO_QTR; household religion joined from the household file. The run reproduces the round's published all-India LFPR/WPR/UR to 0.1. Pulled via the MoSPI NADA API; zip sha256 in sources/nada/plfs-2018-19/. NSO unit-data rider: religion is self-reported and the survey is designed for labour-force estimation, so religion figures are indicative (no sub-state estimates). Year=2018 is the start of the Jul-2018 to Jun-2019 reference period.",false
salaried-share,national,IN,2018,muslim,female,urban,36.5,all_workers_usual_status_ps_ss,11900,,,plfs-microdata,sources/nada/plfs-2018-19/PLFS_2018_19_CSV.zip,canonicalize-salaried-share-v2.1.0-20260611T005144Z,"Computed from PLFS 2018-19 unit-level microdata (first-visit person file, usual status ps+ss, age 15+, urban, females): share of workers in regular wage/salaried employment. Weight = MULT/100 (or /200 when NSS!=NSC) / NO_QTR; household religion joined from the household file. The run reproduces the round's published all-India LFPR/WPR/UR to 0.1. Pulled via the MoSPI NADA API; zip sha256 in sources/nada/plfs-2018-19/. NSO unit-data rider: religion is self-reported and the survey is designed for labour-force estimation, so religion figures are indicative (no sub-state estimates). Year=2018 is the start of the Jul-2018 to Jun-2019 reference period.",false
salaried-share,national,IN,2018,muslim,male,urban,35.3,all_workers_usual_status_ps_ss,12040,,,plfs-microdata,sources/nada/plfs-2018-19/PLFS_2018_19_CSV.zip,canonicalize-salaried-share-v2.1.0-20260611T005144Z,"Computed from PLFS 2018-19 unit-level microdata (first-visit person file, usual status ps+ss, age 15+, urban, males): share of workers in regular wage/salaried employment. Weight = MULT/100 (or /200 when NSS!=NSC) / NO_QTR; household religion joined from the household file. The run reproduces the round's published all-India LFPR/WPR/UR to 0.1. Pulled via the MoSPI NADA API; zip sha256 in sources/nada/plfs-2018-19/. NSO unit-data rider: religion is self-reported and the survey is designed for labour-force estimation, so religion figures are indicative (no sub-state estimates). Year=2018 is the start of the Jul-2018 to Jun-2019 reference period.",false
salaried-share,national,IN,2018,sikh,all,all,28.4,all_workers_usual_status_ps_ss,7027,,,plfs-microdata,sources/nada/plfs-2018-19/PLFS_2018_19_CSV.zip,canonicalize-salaried-share-v2.1.0-20260611T005144Z,"Computed from PLFS 2018-19 unit-level microdata (first-visit person file, usual status ps+ss, age 15+, rural+urban, both sexes): share of workers in regular wage/salaried employment. Weight = MULT/100 (or /200 when NSS!=NSC) / NO_QTR; household religion joined from the household file. The run reproduces the round's published all-India LFPR/WPR/UR to 0.1. Pulled via the MoSPI NADA API; zip sha256 in sources/nada/plfs-2018-19/. NSO unit-data rider: religion is self-reported and the survey is designed for labour-force estimation, so religion figures are indicative (no sub-state estimates). Year=2018 is the start of the Jul-2018 to Jun-2019 reference period.",false
salaried-share,national,IN,2018,sikh,female,all,35.6,all_workers_usual_status_ps_ss,3481,,,plfs-microdata,sources/nada/plfs-2018-19/PLFS_2018_19_CSV.zip,canonicalize-salaried-share-v2.1.0-20260611T005144Z,"Computed from PLFS 2018-19 unit-level microdata (first-visit person file, usual status ps+ss, age 15+, rural+urban, females): share of workers in regular wage/salaried employment. Weight = MULT/100 (or /200 when NSS!=NSC) / NO_QTR; household religion joined from the household file. The run reproduces the round's published all-India LFPR/WPR/UR to 0.1. Pulled via the MoSPI NADA API; zip sha256 in sources/nada/plfs-2018-19/. NSO unit-data rider: religion is self-reported and the survey is designed for labour-force estimation, so religion figures are indicative (no sub-state estimates). Year=2018 is the start of the Jul-2018 to Jun-2019 reference period.",false
salaried-share,national,IN,2018,sikh,male,all,26.7,all_workers_usual_status_ps_ss,3544,,,plfs-microdata,sources/nada/plfs-2018-19/PLFS_2018_19_CSV.zip,canonicalize-salaried-share-v2.1.0-20260611T005144Z,"Computed from PLFS 2018-19 unit-level microdata (first-visit person file, usual status ps+ss, age 15+, rural+urban, males): share of workers in regular wage/salaried employment. Weight = MULT/100 (or /200 when NSS!=NSC) / NO_QTR; household religion joined from the household file. The run reproduces the round's published all-India LFPR/WPR/UR to 0.1. Pulled via the MoSPI NADA API; zip sha256 in sources/nada/plfs-2018-19/. NSO unit-data rider: religion is self-reported and the survey is designed for labour-force estimation, so religion figures are indicative (no sub-state estimates). Year=2018 is the start of the Jul-2018 to Jun-2019 reference period.",false
salaried-share,national,IN,2018,sikh,all,rural,22.2,all_workers_usual_status_ps_ss,4309,,,plfs-microdata,sources/nada/plfs-2018-19/PLFS_2018_19_CSV.zip,canonicalize-salaried-share-v2.1.0-20260611T005144Z,"Computed from PLFS 2018-19 unit-level microdata (first-visit person file, usual status ps+ss, age 15+, rural, both sexes): share of workers in regular wage/salaried employment. Weight = MULT/100 (or /200 when NSS!=NSC) / NO_QTR; household religion joined from the household file. The run reproduces the round's published all-India LFPR/WPR/UR to 0.1. Pulled via the MoSPI NADA API; zip sha256 in sources/nada/plfs-2018-19/. NSO unit-data rider: religion is self-reported and the survey is designed for labour-force estimation, so religion figures are indicative (no sub-state estimates). Year=2018 is the start of the Jul-2018 to Jun-2019 reference period.",false
salaried-share,national,IN,2018,sikh,female,rural,26.7,all_workers_usual_status_ps_ss,2121,,,plfs-microdata,sources/nada/plfs-2018-19/PLFS_2018_19_CSV.zip,canonicalize-salaried-share-v2.1.0-20260611T005144Z,"Computed from PLFS 2018-19 unit-level microdata (first-visit person file, usual status ps+ss, age 15+, rural, females): share of workers in regular wage/salaried employment. Weight = MULT/100 (or /200 when NSS!=NSC) / NO_QTR; household religion joined from the household file. The run reproduces the round's published all-India LFPR/WPR/UR to 0.1. Pulled via the MoSPI NADA API; zip sha256 in sources/nada/plfs-2018-19/. NSO unit-data rider: religion is self-reported and the survey is designed for labour-force estimation, so religion figures are indicative (no sub-state estimates). Year=2018 is the start of the Jul-2018 to Jun-2019 reference period.",false
salaried-share,national,IN,2018,sikh,male,rural,21.1,all_workers_usual_status_ps_ss,2187,,,plfs-microdata,sources/nada/plfs-2018-19/PLFS_2018_19_CSV.zip,canonicalize-salaried-share-v2.1.0-20260611T005144Z,"Computed from PLFS 2018-19 unit-level microdata (first-visit person file, usual status ps+ss, age 15+, rural, males): share of workers in regular wage/salaried employment. Weight = MULT/100 (or /200 when NSS!=NSC) / NO_QTR; household religion joined from the household file. The run reproduces the round's published all-India LFPR/WPR/UR to 0.1. Pulled via the MoSPI NADA API; zip sha256 in sources/nada/plfs-2018-19/. NSO unit-data rider: religion is self-reported and the survey is designed for labour-force estimation, so religion figures are indicative (no sub-state estimates). Year=2018 is the start of the Jul-2018 to Jun-2019 reference period.",false
salaried-share,national,IN,2018,sikh,all,urban,45.9,all_workers_usual_status_ps_ss,2718,,,plfs-microdata,sources/nada/plfs-2018-19/PLFS_2018_19_CSV.zip,canonicalize-salaried-share-v2.1.0-20260611T005144Z,"Computed from PLFS 2018-19 unit-level microdata (first-visit person file, usual status ps+ss, age 15+, urban, both sexes): share of workers in regular wage/salaried employment. Weight = MULT/100 (or /200 when NSS!=NSC) / NO_QTR; household religion joined from the household file. The run reproduces the round's published all-India LFPR/WPR/UR to 0.1. Pulled via the MoSPI NADA API; zip sha256 in sources/nada/plfs-2018-19/. NSO unit-data rider: religion is self-reported and the survey is designed for labour-force estimation, so religion figures are indicative (no sub-state estimates). Year=2018 is the start of the Jul-2018 to Jun-2019 reference period.",false
salaried-share,national,IN,2018,sikh,female,urban,63.4,all_workers_usual_status_ps_ss,1360,,,plfs-microdata,sources/nada/plfs-2018-19/PLFS_2018_19_CSV.zip,canonicalize-salaried-share-v2.1.0-20260611T005144Z,"Computed from PLFS 2018-19 unit-level microdata (first-visit person file, usual status ps+ss, age 15+, urban, females): share of workers in regular wage/salaried employment. Weight = MULT/100 (or /200 when NSS!=NSC) / NO_QTR; household religion joined from the household file. The run reproduces the round's published all-India LFPR/WPR/UR to 0.1. Pulled via the MoSPI NADA API; zip sha256 in sources/nada/plfs-2018-19/. NSO unit-data rider: religion is self-reported and the survey is designed for labour-force estimation, so religion figures are indicative (no sub-state estimates). Year=2018 is the start of the Jul-2018 to Jun-2019 reference period.",false
salaried-share,national,IN,2018,sikh,male,urban,42.0,all_workers_usual_status_ps_ss,1357,,,plfs-microdata,sources/nada/plfs-2018-19/PLFS_2018_19_CSV.zip,canonicalize-salaried-share-v2.1.0-20260611T005144Z,"Computed from PLFS 2018-19 unit-level microdata (first-visit person file, usual status ps+ss, age 15+, urban, males): share of workers in regular wage/salaried employment. Weight = MULT/100 (or /200 when NSS!=NSC) / NO_QTR; household religion joined from the household file. The run reproduces the round's published all-India LFPR/WPR/UR to 0.1. Pulled via the MoSPI NADA API; zip sha256 in sources/nada/plfs-2018-19/. NSO unit-data rider: religion is self-reported and the survey is designed for labour-force estimation, so religion figures are indicative (no sub-state estimates). Year=2018 is the start of the Jul-2018 to Jun-2019 reference period.",false
salaried-share,national,IN,2019,all,all,all,23.0,all_workers_usual_status_ps_ss,320081,,,plfs-microdata,sources/nada/plfs-2019-20/CSV_PLFS_19_20.zip,canonicalize-salaried-share-v2.1.0-20260611T005144Z,"Computed from PLFS 2019-20 unit-level microdata (first-visit person file, usual status ps+ss, age 15+, rural+urban, both sexes): share of workers in regular wage/salaried employment. Weight = MULT/100 (or /200 when NSS!=NSC) / NO_QTR; household religion joined from the household file. The run reproduces the round's published all-India LFPR/WPR/UR to 0.1. Pulled via the MoSPI NADA API; zip sha256 in sources/nada/plfs-2019-20/. NSO unit-data rider: religion is self-reported and the survey is designed for labour-force estimation, so religion figures are indicative (no sub-state estimates). Year=2019 is the start of the Jul-2019 to Jun-2020 reference period.",false
salaried-share,national,IN,2019,all,female,all,20.1,all_workers_usual_status_ps_ss,158647,,,plfs-microdata,sources/nada/plfs-2019-20/CSV_PLFS_19_20.zip,canonicalize-salaried-share-v2.1.0-20260611T005144Z,"Computed from PLFS 2019-20 unit-level microdata (first-visit person file, usual status ps+ss, age 15+, rural+urban, females): share of workers in regular wage/salaried employment. Weight = MULT/100 (or /200 when NSS!=NSC) / NO_QTR; household religion joined from the household file. The run reproduces the round's published all-India LFPR/WPR/UR to 0.1. Pulled via the MoSPI NADA API; zip sha256 in sources/nada/plfs-2019-20/. NSO unit-data rider: religion is self-reported and the survey is designed for labour-force estimation, so religion figures are indicative (no sub-state estimates). Year=2019 is the start of the Jul-2019 to Jun-2020 reference period.",false
salaried-share,national,IN,2019,all,male,all,24.1,all_workers_usual_status_ps_ss,161379,,,plfs-microdata,sources/nada/plfs-2019-20/CSV_PLFS_19_20.zip,canonicalize-salaried-share-v2.1.0-20260611T005144Z,"Computed from PLFS 2019-20 unit-level microdata (first-visit person file, usual status ps+ss, age 15+, rural+urban, males): share of workers in regular wage/salaried employment. Weight = MULT/100 (or /200 when NSS!=NSC) / NO_QTR; household religion joined from the household file. The run reproduces the round's published all-India LFPR/WPR/UR to 0.1. Pulled via the MoSPI NADA API; zip sha256 in sources/nada/plfs-2019-20/. NSO unit-data rider: religion is self-reported and the survey is designed for labour-force estimation, so religion figures are indicative (no sub-state estimates). Year=2019 is the start of the Jul-2019 to Jun-2020 reference period.",false
salaried-share,national,IN,2019,all,all,rural,12.5,all_workers_usual_status_ps_ss,179876,,,plfs-microdata,sources/nada/plfs-2019-20/CSV_PLFS_19_20.zip,canonicalize-salaried-share-v2.1.0-20260611T005144Z,"Computed from PLFS 2019-20 unit-level microdata (first-visit person file, usual status ps+ss, age 15+, rural, both sexes): share of workers in regular wage/salaried employment. Weight = MULT/100 (or /200 when NSS!=NSC) / NO_QTR; household religion joined from the household file. The run reproduces the round's published all-India LFPR/WPR/UR to 0.1. Pulled via the MoSPI NADA API; zip sha256 in sources/nada/plfs-2019-20/. NSO unit-data rider: religion is self-reported and the survey is designed for labour-force estimation, so religion figures are indicative (no sub-state estimates). Year=2019 is the start of the Jul-2019 to Jun-2020 reference period.",false
salaried-share,national,IN,2019,all,female,rural,9.6,all_workers_usual_status_ps_ss,89138,,,plfs-microdata,sources/nada/plfs-2019-20/CSV_PLFS_19_20.zip,canonicalize-salaried-share-v2.1.0-20260611T005144Z,"Computed from PLFS 2019-20 unit-level microdata (first-visit person file, usual status ps+ss, age 15+, rural, females): share of workers in regular wage/salaried employment. Weight = MULT/100 (or /200 when NSS!=NSC) / NO_QTR; household religion joined from the household file. The run reproduces the round's published all-India LFPR/WPR/UR to 0.1. Pulled via the MoSPI NADA API; zip sha256 in sources/nada/plfs-2019-20/. NSO unit-data rider: religion is self-reported and the survey is designed for labour-force estimation, so religion figures are indicative (no sub-state estimates). Year=2019 is the start of the Jul-2019 to Jun-2020 reference period.",false
salaried-share,national,IN,2019,all,male,rural,13.8,all_workers_usual_status_ps_ss,90702,,,plfs-microdata,sources/nada/plfs-2019-20/CSV_PLFS_19_20.zip,canonicalize-salaried-share-v2.1.0-20260611T005144Z,"Computed from PLFS 2019-20 unit-level microdata (first-visit person file, usual status ps+ss, age 15+, rural, males): share of workers in regular wage/salaried employment. Weight = MULT/100 (or /200 when NSS!=NSC) / NO_QTR; household religion joined from the household file. The run reproduces the round's published all-India LFPR/WPR/UR to 0.1. Pulled via the MoSPI NADA API; zip sha256 in sources/nada/plfs-2019-20/. NSO unit-data rider: religion is self-reported and the survey is designed for labour-force estimation, so religion figures are indicative (no sub-state estimates). Year=2019 is the start of the Jul-2019 to Jun-2020 reference period.",false
salaried-share,national,IN,2019,all,all,urban,48.8,all_workers_usual_status_ps_ss,140205,,,plfs-microdata,sources/nada/plfs-2019-20/CSV_PLFS_19_20.zip,canonicalize-salaried-share-v2.1.0-20260611T005144Z,"Computed from PLFS 2019-20 unit-level microdata (first-visit person file, usual status ps+ss, age 15+, urban, both sexes): share of workers in regular wage/salaried employment. Weight = MULT/100 (or /200 when NSS!=NSC) / NO_QTR; household religion joined from the household file. The run reproduces the round's published all-India LFPR/WPR/UR to 0.1. Pulled via the MoSPI NADA API; zip sha256 in sources/nada/plfs-2019-20/. NSO unit-data rider: religion is self-reported and the survey is designed for labour-force estimation, so religion figures are indicative (no sub-state estimates). Year=2019 is the start of the Jul-2019 to Jun-2020 reference period.",false
salaried-share,national,IN,2019,all,female,urban,54.3,all_workers_usual_status_ps_ss,69509,,,plfs-microdata,sources/nada/plfs-2019-20/CSV_PLFS_19_20.zip,canonicalize-salaried-share-v2.1.0-20260611T005144Z,"Computed from PLFS 2019-20 unit-level microdata (first-visit person file, usual status ps+ss, age 15+, urban, females): share of workers in regular wage/salaried employment. Weight = MULT/100 (or /200 when NSS!=NSC) / NO_QTR; household religion joined from the household file. The run reproduces the round's published all-India LFPR/WPR/UR to 0.1. Pulled via the MoSPI NADA API; zip sha256 in sources/nada/plfs-2019-20/. NSO unit-data rider: religion is self-reported and the survey is designed for labour-force estimation, so religion figures are indicative (no sub-state estimates). Year=2019 is the start of the Jul-2019 to Jun-2020 reference period.",false
salaried-share,national,IN,2019,all,male,urban,47.2,all_workers_usual_status_ps_ss,70677,,,plfs-microdata,sources/nada/plfs-2019-20/CSV_PLFS_19_20.zip,canonicalize-salaried-share-v2.1.0-20260611T005144Z,"Computed from PLFS 2019-20 unit-level microdata (first-visit person file, usual status ps+ss, age 15+, urban, males): share of workers in regular wage/salaried employment. Weight = MULT/100 (or /200 when NSS!=NSC) / NO_QTR; household religion joined from the household file. The run reproduces the round's published all-India LFPR/WPR/UR to 0.1. Pulled via the MoSPI NADA API; zip sha256 in sources/nada/plfs-2019-20/. NSO unit-data rider: religion is self-reported and the survey is designed for labour-force estimation, so religion figures are indicative (no sub-state estimates). Year=2019 is the start of the Jul-2019 to Jun-2020 reference period.",false
salaried-share,national,IN,2019,christian,all,all,30.0,all_workers_usual_status_ps_ss,22505,,,plfs-microdata,sources/nada/plfs-2019-20/CSV_PLFS_19_20.zip,canonicalize-salaried-share-v2.1.0-20260611T005144Z,"Computed from PLFS 2019-20 unit-level microdata (first-visit person file, usual status ps+ss, age 15+, rural+urban, both sexes): share of workers in regular wage/salaried employment. Weight = MULT/100 (or /200 when NSS!=NSC) / NO_QTR; household religion joined from the household file. The run reproduces the round's published all-India LFPR/WPR/UR to 0.1. Pulled via the MoSPI NADA API; zip sha256 in sources/nada/plfs-2019-20/. NSO unit-data rider: religion is self-reported and the survey is designed for labour-force estimation, so religion figures are indicative (no sub-state estimates). Year=2019 is the start of the Jul-2019 to Jun-2020 reference period.",false
salaried-share,national,IN,2019,christian,female,all,33.1,all_workers_usual_status_ps_ss,11388,,,plfs-microdata,sources/nada/plfs-2019-20/CSV_PLFS_19_20.zip,canonicalize-salaried-share-v2.1.0-20260611T005144Z,"Computed from PLFS 2019-20 unit-level microdata (first-visit person file, usual status ps+ss, age 15+, rural+urban, females): share of workers in regular wage/salaried employment. Weight = MULT/100 (or /200 when NSS!=NSC) / NO_QTR; household religion joined from the household file. The run reproduces the round's published all-India LFPR/WPR/UR to 0.1. Pulled via the MoSPI NADA API; zip sha256 in sources/nada/plfs-2019-20/. NSO unit-data rider: religion is self-reported and the survey is designed for labour-force estimation, so religion figures are indicative (no sub-state estimates). Year=2019 is the start of the Jul-2019 to Jun-2020 reference period.",false
salaried-share,national,IN,2019,christian,male,all,28.3,all_workers_usual_status_ps_ss,11113,,,plfs-microdata,sources/nada/plfs-2019-20/CSV_PLFS_19_20.zip,canonicalize-salaried-share-v2.1.0-20260611T005144Z,"Computed from PLFS 2019-20 unit-level microdata (first-visit person file, usual status ps+ss, age 15+, rural+urban, males): share of workers in regular wage/salaried employment. Weight = MULT/100 (or /200 when NSS!=NSC) / NO_QTR; household religion joined from the household file. The run reproduces the round's published all-India LFPR/WPR/UR to 0.1. Pulled via the MoSPI NADA API; zip sha256 in sources/nada/plfs-2019-20/. NSO unit-data rider: religion is self-reported and the survey is designed for labour-force estimation, so religion figures are indicative (no sub-state estimates). Year=2019 is the start of the Jul-2019 to Jun-2020 reference period.",false
salaried-share,national,IN,2019,christian,all,rural,17.6,all_workers_usual_status_ps_ss,12627,,,plfs-microdata,sources/nada/plfs-2019-20/CSV_PLFS_19_20.zip,canonicalize-salaried-share-v2.1.0-20260611T005144Z,"Computed from PLFS 2019-20 unit-level microdata (first-visit person file, usual status ps+ss, age 15+, rural, both sexes): share of workers in regular wage/salaried employment. Weight = MULT/100 (or /200 when NSS!=NSC) / NO_QTR; household religion joined from the household file. The run reproduces the round's published all-India LFPR/WPR/UR to 0.1. Pulled via the MoSPI NADA API; zip sha256 in sources/nada/plfs-2019-20/. NSO unit-data rider: religion is self-reported and the survey is designed for labour-force estimation, so religion figures are indicative (no sub-state estimates). Year=2019 is the start of the Jul-2019 to Jun-2020 reference period.",false
salaried-share,national,IN,2019,christian,female,rural,19.1,all_workers_usual_status_ps_ss,6306,,,plfs-microdata,sources/nada/plfs-2019-20/CSV_PLFS_19_20.zip,canonicalize-salaried-share-v2.1.0-20260611T005144Z,"Computed from PLFS 2019-20 unit-level microdata (first-visit person file, usual status ps+ss, age 15+, rural, females): share of workers in regular wage/salaried employment. Weight = MULT/100 (or /200 when NSS!=NSC) / NO_QTR; household religion joined from the household file. The run reproduces the round's published all-India LFPR/WPR/UR to 0.1. Pulled via the MoSPI NADA API; zip sha256 in sources/nada/plfs-2019-20/. NSO unit-data rider: religion is self-reported and the survey is designed for labour-force estimation, so religion figures are indicative (no sub-state estimates). Year=2019 is the start of the Jul-2019 to Jun-2020 reference period.",false
salaried-share,national,IN,2019,christian,male,rural,16.7,all_workers_usual_status_ps_ss,6319,,,plfs-microdata,sources/nada/plfs-2019-20/CSV_PLFS_19_20.zip,canonicalize-salaried-share-v2.1.0-20260611T005144Z,"Computed from PLFS 2019-20 unit-level microdata (first-visit person file, usual status ps+ss, age 15+, rural, males): share of workers in regular wage/salaried employment. Weight = MULT/100 (or /200 when NSS!=NSC) / NO_QTR; household religion joined from the household file. The run reproduces the round's published all-India LFPR/WPR/UR to 0.1. Pulled via the MoSPI NADA API; zip sha256 in sources/nada/plfs-2019-20/. NSO unit-data rider: religion is self-reported and the survey is designed for labour-force estimation, so religion figures are indicative (no sub-state estimates). Year=2019 is the start of the Jul-2019 to Jun-2020 reference period.",false
salaried-share,national,IN,2019,christian,all,urban,55.9,all_workers_usual_status_ps_ss,9878,,,plfs-microdata,sources/nada/plfs-2019-20/CSV_PLFS_19_20.zip,canonicalize-salaried-share-v2.1.0-20260611T005144Z,"Computed from PLFS 2019-20 unit-level microdata (first-visit person file, usual status ps+ss, age 15+, urban, both sexes): share of workers in regular wage/salaried employment. Weight = MULT/100 (or /200 when NSS!=NSC) / NO_QTR; household religion joined from the household file. The run reproduces the round's published all-India LFPR/WPR/UR to 0.1. Pulled via the MoSPI NADA API; zip sha256 in sources/nada/plfs-2019-20/. NSO unit-data rider: religion is self-reported and the survey is designed for labour-force estimation, so religion figures are indicative (no sub-state estimates). Year=2019 is the start of the Jul-2019 to Jun-2020 reference period.",false
salaried-share,national,IN,2019,christian,female,urban,65.0,all_workers_usual_status_ps_ss,5082,,,plfs-microdata,sources/nada/plfs-2019-20/CSV_PLFS_19_20.zip,canonicalize-salaried-share-v2.1.0-20260611T005144Z,"Computed from PLFS 2019-20 unit-level microdata (first-visit person file, usual status ps+ss, age 15+, urban, females): share of workers in regular wage/salaried employment. Weight = MULT/100 (or /200 when NSS!=NSC) / NO_QTR; household religion joined from the household file. The run reproduces the round's published all-India LFPR/WPR/UR to 0.1. Pulled via the MoSPI NADA API; zip sha256 in sources/nada/plfs-2019-20/. NSO unit-data rider: religion is self-reported and the survey is designed for labour-force estimation, so religion figures are indicative (no sub-state estimates). Year=2019 is the start of the Jul-2019 to Jun-2020 reference period.",false
salaried-share,national,IN,2019,christian,male,urban,51.4,all_workers_usual_status_ps_ss,4794,,,plfs-microdata,sources/nada/plfs-2019-20/CSV_PLFS_19_20.zip,canonicalize-salaried-share-v2.1.0-20260611T005144Z,"Computed from PLFS 2019-20 unit-level microdata (first-visit person file, usual status ps+ss, age 15+, urban, males): share of workers in regular wage/salaried employment. Weight = MULT/100 (or /200 when NSS!=NSC) / NO_QTR; household religion joined from the household file. The run reproduces the round's published all-India LFPR/WPR/UR to 0.1. Pulled via the MoSPI NADA API; zip sha256 in sources/nada/plfs-2019-20/. NSO unit-data rider: religion is self-reported and the survey is designed for labour-force estimation, so religion figures are indicative (no sub-state estimates). Year=2019 is the start of the Jul-2019 to Jun-2020 reference period.",false
salaried-share,national,IN,2019,hindu,all,all,22.8,all_workers_usual_status_ps_ss,242343,,,plfs-microdata,sources/nada/plfs-2019-20/CSV_PLFS_19_20.zip,canonicalize-salaried-share-v2.1.0-20260611T005144Z,"Computed from PLFS 2019-20 unit-level microdata (first-visit person file, usual status ps+ss, age 15+, rural+urban, both sexes): share of workers in regular wage/salaried employment. Weight = MULT/100 (or /200 when NSS!=NSC) / NO_QTR; household religion joined from the household file. The run reproduces the round's published all-India LFPR/WPR/UR to 0.1. Pulled via the MoSPI NADA API; zip sha256 in sources/nada/plfs-2019-20/. NSO unit-data rider: religion is self-reported and the survey is designed for labour-force estimation, so religion figures are indicative (no sub-state estimates). Year=2019 is the start of the Jul-2019 to Jun-2020 reference period.",false
salaried-share,national,IN,2019,hindu,female,all,19.6,all_workers_usual_status_ps_ss,119934,,,plfs-microdata,sources/nada/plfs-2019-20/CSV_PLFS_19_20.zip,canonicalize-salaried-share-v2.1.0-20260611T005144Z,"Computed from PLFS 2019-20 unit-level microdata (first-visit person file, usual status ps+ss, age 15+, rural+urban, females): share of workers in regular wage/salaried employment. Weight = MULT/100 (or /200 when NSS!=NSC) / NO_QTR; household religion joined from the household file. The run reproduces the round's published all-India LFPR/WPR/UR to 0.1. Pulled via the MoSPI NADA API; zip sha256 in sources/nada/plfs-2019-20/. NSO unit-data rider: religion is self-reported and the survey is designed for labour-force estimation, so religion figures are indicative (no sub-state estimates). Year=2019 is the start of the Jul-2019 to Jun-2020 reference period.",false
salaried-share,national,IN,2019,hindu,male,all,24.1,all_workers_usual_status_ps_ss,122362,,,plfs-microdata,sources/nada/plfs-2019-20/CSV_PLFS_19_20.zip,canonicalize-salaried-share-v2.1.0-20260611T005144Z,"Computed from PLFS 2019-20 unit-level microdata (first-visit person file, usual status ps+ss, age 15+, rural+urban, males): share of workers in regular wage/salaried employment. Weight = MULT/100 (or /200 when NSS!=NSC) / NO_QTR; household religion joined from the household file. The run reproduces the round's published all-India LFPR/WPR/UR to 0.1. Pulled via the MoSPI NADA API; zip sha256 in sources/nada/plfs-2019-20/. NSO unit-data rider: religion is self-reported and the survey is designed for labour-force estimation, so religion figures are indicative (no sub-state estimates). Year=2019 is the start of the Jul-2019 to Jun-2020 reference period.",false
salaried-share,national,IN,2019,hindu,all,rural,12.2,all_workers_usual_status_ps_ss,139123,,,plfs-microdata,sources/nada/plfs-2019-20/CSV_PLFS_19_20.zip,canonicalize-salaried-share-v2.1.0-20260611T005144Z,"Computed from PLFS 2019-20 unit-level microdata (first-visit person file, usual status ps+ss, age 15+, rural, both sexes): share of workers in regular wage/salaried employment. Weight = MULT/100 (or /200 when NSS!=NSC) / NO_QTR; household religion joined from the household file. The run reproduces the round's published all-India LFPR/WPR/UR to 0.1. Pulled via the MoSPI NADA API; zip sha256 in sources/nada/plfs-2019-20/. NSO unit-data rider: religion is self-reported and the survey is designed for labour-force estimation, so religion figures are indicative (no sub-state estimates). Year=2019 is the start of the Jul-2019 to Jun-2020 reference period.",false
salaried-share,national,IN,2019,hindu,female,rural,9.0,all_workers_usual_status_ps_ss,69018,,,plfs-microdata,sources/nada/plfs-2019-20/CSV_PLFS_19_20.zip,canonicalize-salaried-share-v2.1.0-20260611T005144Z,"Computed from PLFS 2019-20 unit-level microdata (first-visit person file, usual status ps+ss, age 15+, rural, females): share of workers in regular wage/salaried employment. Weight = MULT/100 (or /200 when NSS!=NSC) / NO_QTR; household religion joined from the household file. The run reproduces the round's published all-India LFPR/WPR/UR to 0.1. Pulled via the MoSPI NADA API; zip sha256 in sources/nada/plfs-2019-20/. NSO unit-data rider: religion is self-reported and the survey is designed for labour-force estimation, so religion figures are indicative (no sub-state estimates). Year=2019 is the start of the Jul-2019 to Jun-2020 reference period.",false
salaried-share,national,IN,2019,hindu,male,rural,13.6,all_workers_usual_status_ps_ss,70072,,,plfs-microdata,sources/nada/plfs-2019-20/CSV_PLFS_19_20.zip,canonicalize-salaried-share-v2.1.0-20260611T005144Z,"Computed from PLFS 2019-20 unit-level microdata (first-visit person file, usual status ps+ss, age 15+, rural, males): share of workers in regular wage/salaried employment. Weight = MULT/100 (or /200 when NSS!=NSC) / NO_QTR; household religion joined from the household file. The run reproduces the round's published all-India LFPR/WPR/UR to 0.1. Pulled via the MoSPI NADA API; zip sha256 in sources/nada/plfs-2019-20/. NSO unit-data rider: religion is self-reported and the survey is designed for labour-force estimation, so religion figures are indicative (no sub-state estimates). Year=2019 is the start of the Jul-2019 to Jun-2020 reference period.",false
salaried-share,national,IN,2019,hindu,all,urban,50.7,all_workers_usual_status_ps_ss,103220,,,plfs-microdata,sources/nada/plfs-2019-20/CSV_PLFS_19_20.zip,canonicalize-salaried-share-v2.1.0-20260611T005144Z,"Computed from PLFS 2019-20 unit-level microdata (first-visit person file, usual status ps+ss, age 15+, urban, both sexes): share of workers in regular wage/salaried employment. Weight = MULT/100 (or /200 when NSS!=NSC) / NO_QTR; household religion joined from the household file. The run reproduces the round's published all-India LFPR/WPR/UR to 0.1. Pulled via the MoSPI NADA API; zip sha256 in sources/nada/plfs-2019-20/. NSO unit-data rider: religion is self-reported and the survey is designed for labour-force estimation, so religion figures are indicative (no sub-state estimates). Year=2019 is the start of the Jul-2019 to Jun-2020 reference period.",false
salaried-share,national,IN,2019,hindu,female,urban,55.6,all_workers_usual_status_ps_ss,50916,,,plfs-microdata,sources/nada/plfs-2019-20/CSV_PLFS_19_20.zip,canonicalize-salaried-share-v2.1.0-20260611T005144Z,"Computed from PLFS 2019-20 unit-level microdata (first-visit person file, usual status ps+ss, age 15+, urban, females): share of workers in regular wage/salaried employment. Weight = MULT/100 (or /200 when NSS!=NSC) / NO_QTR; household religion joined from the household file. The run reproduces the round's published all-India LFPR/WPR/UR to 0.1. Pulled via the MoSPI NADA API; zip sha256 in sources/nada/plfs-2019-20/. NSO unit-data rider: religion is self-reported and the survey is designed for labour-force estimation, so religion figures are indicative (no sub-state estimates). Year=2019 is the start of the Jul-2019 to Jun-2020 reference period.",false
salaried-share,national,IN,2019,hindu,male,urban,49.1,all_workers_usual_status_ps_ss,52290,,,plfs-microdata,sources/nada/plfs-2019-20/CSV_PLFS_19_20.zip,canonicalize-salaried-share-v2.1.0-20260611T005144Z,"Computed from PLFS 2019-20 unit-level microdata (first-visit person file, usual status ps+ss, age 15+, urban, males): share of workers in regular wage/salaried employment. Weight = MULT/100 (or /200 when NSS!=NSC) / NO_QTR; household religion joined from the household file. The run reproduces the round's published all-India LFPR/WPR/UR to 0.1. Pulled via the MoSPI NADA API; zip sha256 in sources/nada/plfs-2019-20/. NSO unit-data rider: religion is self-reported and the survey is designed for labour-force estimation, so religion figures are indicative (no sub-state estimates). Year=2019 is the start of the Jul-2019 to Jun-2020 reference period.",false
salaried-share,national,IN,2019,muslim,all,all,21.7,all_workers_usual_status_ps_ss,41805,,,plfs-microdata,sources/nada/plfs-2019-20/CSV_PLFS_19_20.zip,canonicalize-salaried-share-v2.1.0-20260611T005144Z,"Computed from PLFS 2019-20 unit-level microdata (first-visit person file, usual status ps+ss, age 15+, rural+urban, both sexes): share of workers in regular wage/salaried employment. Weight = MULT/100 (or /200 when NSS!=NSC) / NO_QTR; household religion joined from the household file. The run reproduces the round's published all-India LFPR/WPR/UR to 0.1. Pulled via the MoSPI NADA API; zip sha256 in sources/nada/plfs-2019-20/. NSO unit-data rider: religion is self-reported and the survey is designed for labour-force estimation, so religion figures are indicative (no sub-state estimates). Year=2019 is the start of the Jul-2019 to Jun-2020 reference period.",false
salaried-share,national,IN,2019,muslim,female,all,17.4,all_workers_usual_status_ps_ss,20747,,,plfs-microdata,sources/nada/plfs-2019-20/CSV_PLFS_19_20.zip,canonicalize-salaried-share-v2.1.0-20260611T005144Z,"Computed from PLFS 2019-20 unit-level microdata (first-visit person file, usual status ps+ss, age 15+, rural+urban, females): share of workers in regular wage/salaried employment. Weight = MULT/100 (or /200 when NSS!=NSC) / NO_QTR; household religion joined from the household file. The run reproduces the round's published all-India LFPR/WPR/UR to 0.1. Pulled via the MoSPI NADA API; zip sha256 in sources/nada/plfs-2019-20/. NSO unit-data rider: religion is self-reported and the survey is designed for labour-force estimation, so religion figures are indicative (no sub-state estimates). Year=2019 is the start of the Jul-2019 to Jun-2020 reference period.",false
salaried-share,national,IN,2019,muslim,male,all,22.7,all_workers_usual_status_ps_ss,21056,,,plfs-microdata,sources/nada/plfs-2019-20/CSV_PLFS_19_20.zip,canonicalize-salaried-share-v2.1.0-20260611T005144Z,"Computed from PLFS 2019-20 unit-level microdata (first-visit person file, usual status ps+ss, age 15+, rural+urban, males): share of workers in regular wage/salaried employment. Weight = MULT/100 (or /200 when NSS!=NSC) / NO_QTR; household religion joined from the household file. The run reproduces the round's published all-India LFPR/WPR/UR to 0.1. Pulled via the MoSPI NADA API; zip sha256 in sources/nada/plfs-2019-20/. NSO unit-data rider: religion is self-reported and the survey is designed for labour-force estimation, so religion figures are indicative (no sub-state estimates). Year=2019 is the start of the Jul-2019 to Jun-2020 reference period.",false
salaried-share,national,IN,2019,muslim,all,rural,12.5,all_workers_usual_status_ps_ss,20250,,,plfs-microdata,sources/nada/plfs-2019-20/CSV_PLFS_19_20.zip,canonicalize-salaried-share-v2.1.0-20260611T005144Z,"Computed from PLFS 2019-20 unit-level microdata (first-visit person file, usual status ps+ss, age 15+, rural, both sexes): share of workers in regular wage/salaried employment. Weight = MULT/100 (or /200 when NSS!=NSC) / NO_QTR; household religion joined from the household file. The run reproduces the round's published all-India LFPR/WPR/UR to 0.1. Pulled via the MoSPI NADA API; zip sha256 in sources/nada/plfs-2019-20/. NSO unit-data rider: religion is self-reported and the survey is designed for labour-force estimation, so religion figures are indicative (no sub-state estimates). Year=2019 is the start of the Jul-2019 to Jun-2020 reference period.",false
salaried-share,national,IN,2019,muslim,female,rural,9.5,all_workers_usual_status_ps_ss,9981,,,plfs-microdata,sources/nada/plfs-2019-20/CSV_PLFS_19_20.zip,canonicalize-salaried-share-v2.1.0-20260611T005144Z,"Computed from PLFS 2019-20 unit-level microdata (first-visit person file, usual status ps+ss, age 15+, rural, females): share of workers in regular wage/salaried employment. Weight = MULT/100 (or /200 when NSS!=NSC) / NO_QTR; household religion joined from the household file. The run reproduces the round's published all-India LFPR/WPR/UR to 0.1. Pulled via the MoSPI NADA API; zip sha256 in sources/nada/plfs-2019-20/. NSO unit-data rider: religion is self-reported and the survey is designed for labour-force estimation, so religion figures are indicative (no sub-state estimates). Year=2019 is the start of the Jul-2019 to Jun-2020 reference period.",false
salaried-share,national,IN,2019,muslim,male,rural,13.3,all_workers_usual_status_ps_ss,10268,,,plfs-microdata,sources/nada/plfs-2019-20/CSV_PLFS_19_20.zip,canonicalize-salaried-share-v2.1.0-20260611T005144Z,"Computed from PLFS 2019-20 unit-level microdata (first-visit person file, usual status ps+ss, age 15+, rural, males): share of workers in regular wage/salaried employment. Weight = MULT/100 (or /200 when NSS!=NSC) / NO_QTR; household religion joined from the household file. The run reproduces the round's published all-India LFPR/WPR/UR to 0.1. Pulled via the MoSPI NADA API; zip sha256 in sources/nada/plfs-2019-20/. NSO unit-data rider: religion is self-reported and the survey is designed for labour-force estimation, so religion figures are indicative (no sub-state estimates). Year=2019 is the start of the Jul-2019 to Jun-2020 reference period.",false
salaried-share,national,IN,2019,muslim,all,urban,36.5,all_workers_usual_status_ps_ss,21555,,,plfs-microdata,sources/nada/plfs-2019-20/CSV_PLFS_19_20.zip,canonicalize-salaried-share-v2.1.0-20260611T005144Z,"Computed from PLFS 2019-20 unit-level microdata (first-visit person file, usual status ps+ss, age 15+, urban, both sexes): share of workers in regular wage/salaried employment. Weight = MULT/100 (or /200 when NSS!=NSC) / NO_QTR; household religion joined from the household file. The run reproduces the round's published all-India LFPR/WPR/UR to 0.1. Pulled via the MoSPI NADA API; zip sha256 in sources/nada/plfs-2019-20/. NSO unit-data rider: religion is self-reported and the survey is designed for labour-force estimation, so religion figures are indicative (no sub-state estimates). Year=2019 is the start of the Jul-2019 to Jun-2020 reference period.",false
salaried-share,national,IN,2019,muslim,female,urban,35.1,all_workers_usual_status_ps_ss,10766,,,plfs-microdata,sources/nada/plfs-2019-20/CSV_PLFS_19_20.zip,canonicalize-salaried-share-v2.1.0-20260611T005144Z,"Computed from PLFS 2019-20 unit-level microdata (first-visit person file, usual status ps+ss, age 15+, urban, females): share of workers in regular wage/salaried employment. Weight = MULT/100 (or /200 when NSS!=NSC) / NO_QTR; household religion joined from the household file. The run reproduces the round's published all-India LFPR/WPR/UR to 0.1. Pulled via the MoSPI NADA API; zip sha256 in sources/nada/plfs-2019-20/. NSO unit-data rider: religion is self-reported and the survey is designed for labour-force estimation, so religion figures are indicative (no sub-state estimates). Year=2019 is the start of the Jul-2019 to Jun-2020 reference period.",false
salaried-share,national,IN,2019,muslim,male,urban,36.7,all_workers_usual_status_ps_ss,10788,,,plfs-microdata,sources/nada/plfs-2019-20/CSV_PLFS_19_20.zip,canonicalize-salaried-share-v2.1.0-20260611T005144Z,"Computed from PLFS 2019-20 unit-level microdata (first-visit person file, usual status ps+ss, age 15+, urban, males): share of workers in regular wage/salaried employment. Weight = MULT/100 (or /200 when NSS!=NSC) / NO_QTR; household religion joined from the household file. The run reproduces the round's published all-India LFPR/WPR/UR to 0.1. Pulled via the MoSPI NADA API; zip sha256 in sources/nada/plfs-2019-20/. NSO unit-data rider: religion is self-reported and the survey is designed for labour-force estimation, so religion figures are indicative (no sub-state estimates). Year=2019 is the start of the Jul-2019 to Jun-2020 reference period.",false
salaried-share,national,IN,2019,sikh,all,all,27.4,all_workers_usual_status_ps_ss,7086,,,plfs-microdata,sources/nada/plfs-2019-20/CSV_PLFS_19_20.zip,canonicalize-salaried-share-v2.1.0-20260611T005144Z,"Computed from PLFS 2019-20 unit-level microdata (first-visit person file, usual status ps+ss, age 15+, rural+urban, both sexes): share of workers in regular wage/salaried employment. Weight = MULT/100 (or /200 when NSS!=NSC) / NO_QTR; household religion joined from the household file. The run reproduces the round's published all-India LFPR/WPR/UR to 0.1. Pulled via the MoSPI NADA API; zip sha256 in sources/nada/plfs-2019-20/. NSO unit-data rider: religion is self-reported and the survey is designed for labour-force estimation, so religion figures are indicative (no sub-state estimates). Year=2019 is the start of the Jul-2019 to Jun-2020 reference period.",false
salaried-share,national,IN,2019,sikh,female,all,36.6,all_workers_usual_status_ps_ss,3429,,,plfs-microdata,sources/nada/plfs-2019-20/CSV_PLFS_19_20.zip,canonicalize-salaried-share-v2.1.0-20260611T005144Z,"Computed from PLFS 2019-20 unit-level microdata (first-visit person file, usual status ps+ss, age 15+, rural+urban, females): share of workers in regular wage/salaried employment. Weight = MULT/100 (or /200 when NSS!=NSC) / NO_QTR; household religion joined from the household file. The run reproduces the round's published all-India LFPR/WPR/UR to 0.1. Pulled via the MoSPI NADA API; zip sha256 in sources/nada/plfs-2019-20/. NSO unit-data rider: religion is self-reported and the survey is designed for labour-force estimation, so religion figures are indicative (no sub-state estimates). Year=2019 is the start of the Jul-2019 to Jun-2020 reference period.",false
salaried-share,national,IN,2019,sikh,male,all,24.5,all_workers_usual_status_ps_ss,3657,,,plfs-microdata,sources/nada/plfs-2019-20/CSV_PLFS_19_20.zip,canonicalize-salaried-share-v2.1.0-20260611T005144Z,"Computed from PLFS 2019-20 unit-level microdata (first-visit person file, usual status ps+ss, age 15+, rural+urban, males): share of workers in regular wage/salaried employment. Weight = MULT/100 (or /200 when NSS!=NSC) / NO_QTR; household religion joined from the household file. The run reproduces the round's published all-India LFPR/WPR/UR to 0.1. Pulled via the MoSPI NADA API; zip sha256 in sources/nada/plfs-2019-20/. NSO unit-data rider: religion is self-reported and the survey is designed for labour-force estimation, so religion figures are indicative (no sub-state estimates). Year=2019 is the start of the Jul-2019 to Jun-2020 reference period.",false
salaried-share,national,IN,2019,sikh,all,rural,21.6,all_workers_usual_status_ps_ss,4485,,,plfs-microdata,sources/nada/plfs-2019-20/CSV_PLFS_19_20.zip,canonicalize-salaried-share-v2.1.0-20260611T005144Z,"Computed from PLFS 2019-20 unit-level microdata (first-visit person file, usual status ps+ss, age 15+, rural, both sexes): share of workers in regular wage/salaried employment. Weight = MULT/100 (or /200 when NSS!=NSC) / NO_QTR; household religion joined from the household file. The run reproduces the round's published all-India LFPR/WPR/UR to 0.1. Pulled via the MoSPI NADA API; zip sha256 in sources/nada/plfs-2019-20/. NSO unit-data rider: religion is self-reported and the survey is designed for labour-force estimation, so religion figures are indicative (no sub-state estimates). Year=2019 is the start of the Jul-2019 to Jun-2020 reference period.",false
salaried-share,national,IN,2019,sikh,female,rural,31.0,all_workers_usual_status_ps_ss,2148,,,plfs-microdata,sources/nada/plfs-2019-20/CSV_PLFS_19_20.zip,canonicalize-salaried-share-v2.1.0-20260611T005144Z,"Computed from PLFS 2019-20 unit-level microdata (first-visit person file, usual status ps+ss, age 15+, rural, females): share of workers in regular wage/salaried employment. Weight = MULT/100 (or /200 when NSS!=NSC) / NO_QTR; household religion joined from the household file. The run reproduces the round's published all-India LFPR/WPR/UR to 0.1. Pulled via the MoSPI NADA API; zip sha256 in sources/nada/plfs-2019-20/. NSO unit-data rider: religion is self-reported and the survey is designed for labour-force estimation, so religion figures are indicative (no sub-state estimates). Year=2019 is the start of the Jul-2019 to Jun-2020 reference period.",false
salaried-share,national,IN,2019,sikh,male,rural,18.5,all_workers_usual_status_ps_ss,2337,,,plfs-microdata,sources/nada/plfs-2019-20/CSV_PLFS_19_20.zip,canonicalize-salaried-share-v2.1.0-20260611T005144Z,"Computed from PLFS 2019-20 unit-level microdata (first-visit person file, usual status ps+ss, age 15+, rural, males): share of workers in regular wage/salaried employment. Weight = MULT/100 (or /200 when NSS!=NSC) / NO_QTR; household religion joined from the household file. The run reproduces the round's published all-India LFPR/WPR/UR to 0.1. Pulled via the MoSPI NADA API; zip sha256 in sources/nada/plfs-2019-20/. NSO unit-data rider: religion is self-reported and the survey is designed for labour-force estimation, so religion figures are indicative (no sub-state estimates). Year=2019 is the start of the Jul-2019 to Jun-2020 reference period.",false
salaried-share,national,IN,2019,sikh,all,urban,48.4,all_workers_usual_status_ps_ss,2601,,,plfs-microdata,sources/nada/plfs-2019-20/CSV_PLFS_19_20.zip,canonicalize-salaried-share-v2.1.0-20260611T005144Z,"Computed from PLFS 2019-20 unit-level microdata (first-visit person file, usual status ps+ss, age 15+, urban, both sexes): share of workers in regular wage/salaried employment. Weight = MULT/100 (or /200 when NSS!=NSC) / NO_QTR; household religion joined from the household file. The run reproduces the round's published all-India LFPR/WPR/UR to 0.1. Pulled via the MoSPI NADA API; zip sha256 in sources/nada/plfs-2019-20/. NSO unit-data rider: religion is self-reported and the survey is designed for labour-force estimation, so religion figures are indicative (no sub-state estimates). Year=2019 is the start of the Jul-2019 to Jun-2020 reference period.",false
salaried-share,national,IN,2019,sikh,female,urban,60.1,all_workers_usual_status_ps_ss,1281,,,plfs-microdata,sources/nada/plfs-2019-20/CSV_PLFS_19_20.zip,canonicalize-salaried-share-v2.1.0-20260611T005144Z,"Computed from PLFS 2019-20 unit-level microdata (first-visit person file, usual status ps+ss, age 15+, urban, females): share of workers in regular wage/salaried employment. Weight = MULT/100 (or /200 when NSS!=NSC) / NO_QTR; household religion joined from the household file. The run reproduces the round's published all-India LFPR/WPR/UR to 0.1. Pulled via the MoSPI NADA API; zip sha256 in sources/nada/plfs-2019-20/. NSO unit-data rider: religion is self-reported and the survey is designed for labour-force estimation, so religion figures are indicative (no sub-state estimates). Year=2019 is the start of the Jul-2019 to Jun-2020 reference period.",false
salaried-share,national,IN,2019,sikh,male,urban,45.3,all_workers_usual_status_ps_ss,1320,,,plfs-microdata,sources/nada/plfs-2019-20/CSV_PLFS_19_20.zip,canonicalize-salaried-share-v2.1.0-20260611T005144Z,"Computed from PLFS 2019-20 unit-level microdata (first-visit person file, usual status ps+ss, age 15+, urban, males): share of workers in regular wage/salaried employment. Weight = MULT/100 (or /200 when NSS!=NSC) / NO_QTR; household religion joined from the household file. The run reproduces the round's published all-India LFPR/WPR/UR to 0.1. Pulled via the MoSPI NADA API; zip sha256 in sources/nada/plfs-2019-20/. NSO unit-data rider: religion is self-reported and the survey is designed for labour-force estimation, so religion figures are indicative (no sub-state estimates). Year=2019 is the start of the Jul-2019 to Jun-2020 reference period.",false
salaried-share,national,IN,2020,all,all,all,21.2,all_workers_usual_status_ps_ss,316736,,,plfs-microdata,sources/nada/plfs-2020-21/CSV_Unit_level_data_PLFS_July2020_June2021.zip,canonicalize-salaried-share-v2.1.0-20260611T005144Z,"Computed from PLFS 2020-21 unit-level microdata (first-visit person file, usual status ps+ss, age 15+, rural+urban, both sexes): share of workers in regular wage/salaried employment. Weight = MULT/100 (or /200 when NSS!=NSC) / NO_QTR; household religion joined from the household file. The run reproduces the round's published all-India LFPR/WPR/UR to 0.1. Pulled via the MoSPI NADA API; zip sha256 in sources/nada/plfs-2020-21/. NSO unit-data rider: religion is self-reported and the survey is designed for labour-force estimation, so religion figures are indicative (no sub-state estimates). Year=2020 is the start of the Jul-2020 to Jun-2021 reference period.",false
salaried-share,national,IN,2020,all,female,all,17.5,all_workers_usual_status_ps_ss,156831,,,plfs-microdata,sources/nada/plfs-2020-21/CSV_Unit_level_data_PLFS_July2020_June2021.zip,canonicalize-salaried-share-v2.1.0-20260611T005144Z,"Computed from PLFS 2020-21 unit-level microdata (first-visit person file, usual status ps+ss, age 15+, rural+urban, females): share of workers in regular wage/salaried employment. Weight = MULT/100 (or /200 when NSS!=NSC) / NO_QTR; household religion joined from the household file. The run reproduces the round's published all-India LFPR/WPR/UR to 0.1. Pulled via the MoSPI NADA API; zip sha256 in sources/nada/plfs-2020-21/. NSO unit-data rider: religion is self-reported and the survey is designed for labour-force estimation, so religion figures are indicative (no sub-state estimates). Year=2020 is the start of the Jul-2020 to Jun-2021 reference period.",false
salaried-share,national,IN,2020,all,male,all,22.8,all_workers_usual_status_ps_ss,159828,,,plfs-microdata,sources/nada/plfs-2020-21/CSV_Unit_level_data_PLFS_July2020_June2021.zip,canonicalize-salaried-share-v2.1.0-20260611T005144Z,"Computed from PLFS 2020-21 unit-level microdata (first-visit person file, usual status ps+ss, age 15+, rural+urban, males): share of workers in regular wage/salaried employment. Weight = MULT/100 (or /200 when NSS!=NSC) / NO_QTR; household religion joined from the household file. The run reproduces the round's published all-India LFPR/WPR/UR to 0.1. Pulled via the MoSPI NADA API; zip sha256 in sources/nada/plfs-2020-21/. NSO unit-data rider: religion is self-reported and the survey is designed for labour-force estimation, so religion figures are indicative (no sub-state estimates). Year=2020 is the start of the Jul-2020 to Jun-2021 reference period.",false
salaried-share,national,IN,2020,all,all,rural,12.2,all_workers_usual_status_ps_ss,178199,,,plfs-microdata,sources/nada/plfs-2020-21/CSV_Unit_level_data_PLFS_July2020_June2021.zip,canonicalize-salaried-share-v2.1.0-20260611T005144Z,"Computed from PLFS 2020-21 unit-level microdata (first-visit person file, usual status ps+ss, age 15+, rural, both sexes): share of workers in regular wage/salaried employment. Weight = MULT/100 (or /200 when NSS!=NSC) / NO_QTR; household religion joined from the household file. The run reproduces the round's published all-India LFPR/WPR/UR to 0.1. Pulled via the MoSPI NADA API; zip sha256 in sources/nada/plfs-2020-21/. NSO unit-data rider: religion is self-reported and the survey is designed for labour-force estimation, so religion figures are indicative (no sub-state estimates). Year=2020 is the start of the Jul-2020 to Jun-2021 reference period.",false
salaried-share,national,IN,2020,all,female,rural,9.1,all_workers_usual_status_ps_ss,88234,,,plfs-microdata,sources/nada/plfs-2020-21/CSV_Unit_level_data_PLFS_July2020_June2021.zip,canonicalize-salaried-share-v2.1.0-20260611T005144Z,"Computed from PLFS 2020-21 unit-level microdata (first-visit person file, usual status ps+ss, age 15+, rural, females): share of workers in regular wage/salaried employment. Weight = MULT/100 (or /200 when NSS!=NSC) / NO_QTR; household religion joined from the household file. The run reproduces the round's published all-India LFPR/WPR/UR to 0.1. Pulled via the MoSPI NADA API; zip sha256 in sources/nada/plfs-2020-21/. NSO unit-data rider: religion is self-reported and the survey is designed for labour-force estimation, so religion figures are indicative (no sub-state estimates). Year=2020 is the start of the Jul-2020 to Jun-2021 reference period.",false
salaried-share,national,IN,2020,all,male,rural,13.6,all_workers_usual_status_ps_ss,89924,,,plfs-microdata,sources/nada/plfs-2020-21/CSV_Unit_level_data_PLFS_July2020_June2021.zip,canonicalize-salaried-share-v2.1.0-20260611T005144Z,"Computed from PLFS 2020-21 unit-level microdata (first-visit person file, usual status ps+ss, age 15+, rural, males): share of workers in regular wage/salaried employment. Weight = MULT/100 (or /200 when NSS!=NSC) / NO_QTR; household religion joined from the household file. The run reproduces the round's published all-India LFPR/WPR/UR to 0.1. Pulled via the MoSPI NADA API; zip sha256 in sources/nada/plfs-2020-21/. NSO unit-data rider: religion is self-reported and the survey is designed for labour-force estimation, so religion figures are indicative (no sub-state estimates). Year=2020 is the start of the Jul-2020 to Jun-2021 reference period.",false
salaried-share,national,IN,2020,all,all,urban,46.4,all_workers_usual_status_ps_ss,138537,,,plfs-microdata,sources/nada/plfs-2020-21/CSV_Unit_level_data_PLFS_July2020_June2021.zip,canonicalize-salaried-share-v2.1.0-20260611T005144Z,"Computed from PLFS 2020-21 unit-level microdata (first-visit person file, usual status ps+ss, age 15+, urban, both sexes): share of workers in regular wage/salaried employment. Weight = MULT/100 (or /200 when NSS!=NSC) / NO_QTR; household religion joined from the household file. The run reproduces the round's published all-India LFPR/WPR/UR to 0.1. Pulled via the MoSPI NADA API; zip sha256 in sources/nada/plfs-2020-21/. NSO unit-data rider: religion is self-reported and the survey is designed for labour-force estimation, so religion figures are indicative (no sub-state estimates). Year=2020 is the start of the Jul-2020 to Jun-2021 reference period.",false
salaried-share,national,IN,2020,all,female,urban,50.2,all_workers_usual_status_ps_ss,68597,,,plfs-microdata,sources/nada/plfs-2020-21/CSV_Unit_level_data_PLFS_July2020_June2021.zip,canonicalize-salaried-share-v2.1.0-20260611T005144Z,"Computed from PLFS 2020-21 unit-level microdata (first-visit person file, usual status ps+ss, age 15+, urban, females): share of workers in regular wage/salaried employment. Weight = MULT/100 (or /200 when NSS!=NSC) / NO_QTR; household religion joined from the household file. The run reproduces the round's published all-India LFPR/WPR/UR to 0.1. Pulled via the MoSPI NADA API; zip sha256 in sources/nada/plfs-2020-21/. NSO unit-data rider: religion is self-reported and the survey is designed for labour-force estimation, so religion figures are indicative (no sub-state estimates). Year=2020 is the start of the Jul-2020 to Jun-2021 reference period.",false
salaried-share,national,IN,2020,all,male,urban,45.2,all_workers_usual_status_ps_ss,69904,,,plfs-microdata,sources/nada/plfs-2020-21/CSV_Unit_level_data_PLFS_July2020_June2021.zip,canonicalize-salaried-share-v2.1.0-20260611T005144Z,"Computed from PLFS 2020-21 unit-level microdata (first-visit person file, usual status ps+ss, age 15+, urban, males): share of workers in regular wage/salaried employment. Weight = MULT/100 (or /200 when NSS!=NSC) / NO_QTR; household religion joined from the household file. The run reproduces the round's published all-India LFPR/WPR/UR to 0.1. Pulled via the MoSPI NADA API; zip sha256 in sources/nada/plfs-2020-21/. NSO unit-data rider: religion is self-reported and the survey is designed for labour-force estimation, so religion figures are indicative (no sub-state estimates). Year=2020 is the start of the Jul-2020 to Jun-2021 reference period.",false
salaried-share,national,IN,2020,christian,all,all,28.1,all_workers_usual_status_ps_ss,22342,,,plfs-microdata,sources/nada/plfs-2020-21/CSV_Unit_level_data_PLFS_July2020_June2021.zip,canonicalize-salaried-share-v2.1.0-20260611T005144Z,"Computed from PLFS 2020-21 unit-level microdata (first-visit person file, usual status ps+ss, age 15+, rural+urban, both sexes): share of workers in regular wage/salaried employment. Weight = MULT/100 (or /200 when NSS!=NSC) / NO_QTR; household religion joined from the household file. The run reproduces the round's published all-India LFPR/WPR/UR to 0.1. Pulled via the MoSPI NADA API; zip sha256 in sources/nada/plfs-2020-21/. NSO unit-data rider: religion is self-reported and the survey is designed for labour-force estimation, so religion figures are indicative (no sub-state estimates). Year=2020 is the start of the Jul-2020 to Jun-2021 reference period.",false
salaried-share,national,IN,2020,christian,female,all,29.9,all_workers_usual_status_ps_ss,11280,,,plfs-microdata,sources/nada/plfs-2020-21/CSV_Unit_level_data_PLFS_July2020_June2021.zip,canonicalize-salaried-share-v2.1.0-20260611T005144Z,"Computed from PLFS 2020-21 unit-level microdata (first-visit person file, usual status ps+ss, age 15+, rural+urban, females): share of workers in regular wage/salaried employment. Weight = MULT/100 (or /200 when NSS!=NSC) / NO_QTR; household religion joined from the household file. The run reproduces the round's published all-India LFPR/WPR/UR to 0.1. Pulled via the MoSPI NADA API; zip sha256 in sources/nada/plfs-2020-21/. NSO unit-data rider: religion is self-reported and the survey is designed for labour-force estimation, so religion figures are indicative (no sub-state estimates). Year=2020 is the start of the Jul-2020 to Jun-2021 reference period.",false
salaried-share,national,IN,2020,christian,male,all,27.1,all_workers_usual_status_ps_ss,11058,,,plfs-microdata,sources/nada/plfs-2020-21/CSV_Unit_level_data_PLFS_July2020_June2021.zip,canonicalize-salaried-share-v2.1.0-20260611T005144Z,"Computed from PLFS 2020-21 unit-level microdata (first-visit person file, usual status ps+ss, age 15+, rural+urban, males): share of workers in regular wage/salaried employment. Weight = MULT/100 (or /200 when NSS!=NSC) / NO_QTR; household religion joined from the household file. The run reproduces the round's published all-India LFPR/WPR/UR to 0.1. Pulled via the MoSPI NADA API; zip sha256 in sources/nada/plfs-2020-21/. NSO unit-data rider: religion is self-reported and the survey is designed for labour-force estimation, so religion figures are indicative (no sub-state estimates). Year=2020 is the start of the Jul-2020 to Jun-2021 reference period.",false
salaried-share,national,IN,2020,christian,all,rural,18.3,all_workers_usual_status_ps_ss,12437,,,plfs-microdata,sources/nada/plfs-2020-21/CSV_Unit_level_data_PLFS_July2020_June2021.zip,canonicalize-salaried-share-v2.1.0-20260611T005144Z,"Computed from PLFS 2020-21 unit-level microdata (first-visit person file, usual status ps+ss, age 15+, rural, both sexes): share of workers in regular wage/salaried employment. Weight = MULT/100 (or /200 when NSS!=NSC) / NO_QTR; household religion joined from the household file. The run reproduces the round's published all-India LFPR/WPR/UR to 0.1. Pulled via the MoSPI NADA API; zip sha256 in sources/nada/plfs-2020-21/. NSO unit-data rider: religion is self-reported and the survey is designed for labour-force estimation, so religion figures are indicative (no sub-state estimates). Year=2020 is the start of the Jul-2020 to Jun-2021 reference period.",false
salaried-share,national,IN,2020,christian,female,rural,17.4,all_workers_usual_status_ps_ss,6185,,,plfs-microdata,sources/nada/plfs-2020-21/CSV_Unit_level_data_PLFS_July2020_June2021.zip,canonicalize-salaried-share-v2.1.0-20260611T005144Z,"Computed from PLFS 2020-21 unit-level microdata (first-visit person file, usual status ps+ss, age 15+, rural, females): share of workers in regular wage/salaried employment. Weight = MULT/100 (or /200 when NSS!=NSC) / NO_QTR; household religion joined from the household file. The run reproduces the round's published all-India LFPR/WPR/UR to 0.1. Pulled via the MoSPI NADA API; zip sha256 in sources/nada/plfs-2020-21/. NSO unit-data rider: religion is self-reported and the survey is designed for labour-force estimation, so religion figures are indicative (no sub-state estimates). Year=2020 is the start of the Jul-2020 to Jun-2021 reference period.",false
salaried-share,national,IN,2020,christian,male,rural,18.9,all_workers_usual_status_ps_ss,6250,,,plfs-microdata,sources/nada/plfs-2020-21/CSV_Unit_level_data_PLFS_July2020_June2021.zip,canonicalize-salaried-share-v2.1.0-20260611T005144Z,"Computed from PLFS 2020-21 unit-level microdata (first-visit person file, usual status ps+ss, age 15+, rural, males): share of workers in regular wage/salaried employment. Weight = MULT/100 (or /200 when NSS!=NSC) / NO_QTR; household religion joined from the household file. The run reproduces the round's published all-India LFPR/WPR/UR to 0.1. Pulled via the MoSPI NADA API; zip sha256 in sources/nada/plfs-2020-21/. NSO unit-data rider: religion is self-reported and the survey is designed for labour-force estimation, so religion figures are indicative (no sub-state estimates). Year=2020 is the start of the Jul-2020 to Jun-2021 reference period.",false
salaried-share,national,IN,2020,christian,all,urban,48.6,all_workers_usual_status_ps_ss,9905,,,plfs-microdata,sources/nada/plfs-2020-21/CSV_Unit_level_data_PLFS_July2020_June2021.zip,canonicalize-salaried-share-v2.1.0-20260611T005144Z,"Computed from PLFS 2020-21 unit-level microdata (first-visit person file, usual status ps+ss, age 15+, urban, both sexes): share of workers in regular wage/salaried employment. Weight = MULT/100 (or /200 when NSS!=NSC) / NO_QTR; household religion joined from the household file. The run reproduces the round's published all-India LFPR/WPR/UR to 0.1. Pulled via the MoSPI NADA API; zip sha256 in sources/nada/plfs-2020-21/. NSO unit-data rider: religion is self-reported and the survey is designed for labour-force estimation, so religion figures are indicative (no sub-state estimates). Year=2020 is the start of the Jul-2020 to Jun-2021 reference period.",false
salaried-share,national,IN,2020,christian,female,urban,59.2,all_workers_usual_status_ps_ss,5095,,,plfs-microdata,sources/nada/plfs-2020-21/CSV_Unit_level_data_PLFS_July2020_June2021.zip,canonicalize-salaried-share-v2.1.0-20260611T005144Z,"Computed from PLFS 2020-21 unit-level microdata (first-visit person file, usual status ps+ss, age 15+, urban, females): share of workers in regular wage/salaried employment. Weight = MULT/100 (or /200 when NSS!=NSC) / NO_QTR; household religion joined from the household file. The run reproduces the round's published all-India LFPR/WPR/UR to 0.1. Pulled via the MoSPI NADA API; zip sha256 in sources/nada/plfs-2020-21/. NSO unit-data rider: religion is self-reported and the survey is designed for labour-force estimation, so religion figures are indicative (no sub-state estimates). Year=2020 is the start of the Jul-2020 to Jun-2021 reference period.",false
salaried-share,national,IN,2020,christian,male,urban,43.3,all_workers_usual_status_ps_ss,4808,,,plfs-microdata,sources/nada/plfs-2020-21/CSV_Unit_level_data_PLFS_July2020_June2021.zip,canonicalize-salaried-share-v2.1.0-20260611T005144Z,"Computed from PLFS 2020-21 unit-level microdata (first-visit person file, usual status ps+ss, age 15+, urban, males): share of workers in regular wage/salaried employment. Weight = MULT/100 (or /200 when NSS!=NSC) / NO_QTR; household religion joined from the household file. The run reproduces the round's published all-India LFPR/WPR/UR to 0.1. Pulled via the MoSPI NADA API; zip sha256 in sources/nada/plfs-2020-21/. NSO unit-data rider: religion is self-reported and the survey is designed for labour-force estimation, so religion figures are indicative (no sub-state estimates). Year=2020 is the start of the Jul-2020 to Jun-2021 reference period.",false
salaried-share,national,IN,2020,hindu,all,all,21.4,all_workers_usual_status_ps_ss,240963,,,plfs-microdata,sources/nada/plfs-2020-21/CSV_Unit_level_data_PLFS_July2020_June2021.zip,canonicalize-salaried-share-v2.1.0-20260611T005144Z,"Computed from PLFS 2020-21 unit-level microdata (first-visit person file, usual status ps+ss, age 15+, rural+urban, both sexes): share of workers in regular wage/salaried employment. Weight = MULT/100 (or /200 when NSS!=NSC) / NO_QTR; household religion joined from the household file. The run reproduces the round's published all-India LFPR/WPR/UR to 0.1. Pulled via the MoSPI NADA API; zip sha256 in sources/nada/plfs-2020-21/. NSO unit-data rider: religion is self-reported and the survey is designed for labour-force estimation, so religion figures are indicative (no sub-state estimates). Year=2020 is the start of the Jul-2020 to Jun-2021 reference period.",false
salaried-share,national,IN,2020,hindu,female,all,17.4,all_workers_usual_status_ps_ss,119282,,,plfs-microdata,sources/nada/plfs-2020-21/CSV_Unit_level_data_PLFS_July2020_June2021.zip,canonicalize-salaried-share-v2.1.0-20260611T005144Z,"Computed from PLFS 2020-21 unit-level microdata (first-visit person file, usual status ps+ss, age 15+, rural+urban, females): share of workers in regular wage/salaried employment. Weight = MULT/100 (or /200 when NSS!=NSC) / NO_QTR; household religion joined from the household file. The run reproduces the round's published all-India LFPR/WPR/UR to 0.1. Pulled via the MoSPI NADA API; zip sha256 in sources/nada/plfs-2020-21/. NSO unit-data rider: religion is self-reported and the survey is designed for labour-force estimation, so religion figures are indicative (no sub-state estimates). Year=2020 is the start of the Jul-2020 to Jun-2021 reference period.",false
salaried-share,national,IN,2020,hindu,male,all,23.2,all_workers_usual_status_ps_ss,121626,,,plfs-microdata,sources/nada/plfs-2020-21/CSV_Unit_level_data_PLFS_July2020_June2021.zip,canonicalize-salaried-share-v2.1.0-20260611T005144Z,"Computed from PLFS 2020-21 unit-level microdata (first-visit person file, usual status ps+ss, age 15+, rural+urban, males): share of workers in regular wage/salaried employment. Weight = MULT/100 (or /200 when NSS!=NSC) / NO_QTR; household religion joined from the household file. The run reproduces the round's published all-India LFPR/WPR/UR to 0.1. Pulled via the MoSPI NADA API; zip sha256 in sources/nada/plfs-2020-21/. NSO unit-data rider: religion is self-reported and the survey is designed for labour-force estimation, so religion figures are indicative (no sub-state estimates). Year=2020 is the start of the Jul-2020 to Jun-2021 reference period.",false
salaried-share,national,IN,2020,hindu,all,rural,12.1,all_workers_usual_status_ps_ss,138041,,,plfs-microdata,sources/nada/plfs-2020-21/CSV_Unit_level_data_PLFS_July2020_June2021.zip,canonicalize-salaried-share-v2.1.0-20260611T005144Z,"Computed from PLFS 2020-21 unit-level microdata (first-visit person file, usual status ps+ss, age 15+, rural, both sexes): share of workers in regular wage/salaried employment. Weight = MULT/100 (or /200 when NSS!=NSC) / NO_QTR; household religion joined from the household file. The run reproduces the round's published all-India LFPR/WPR/UR to 0.1. Pulled via the MoSPI NADA API; zip sha256 in sources/nada/plfs-2020-21/. NSO unit-data rider: religion is self-reported and the survey is designed for labour-force estimation, so religion figures are indicative (no sub-state estimates). Year=2020 is the start of the Jul-2020 to Jun-2021 reference period.",false
salaried-share,national,IN,2020,hindu,female,rural,8.9,all_workers_usual_status_ps_ss,68402,,,plfs-microdata,sources/nada/plfs-2020-21/CSV_Unit_level_data_PLFS_July2020_June2021.zip,canonicalize-salaried-share-v2.1.0-20260611T005144Z,"Computed from PLFS 2020-21 unit-level microdata (first-visit person file, usual status ps+ss, age 15+, rural, females): share of workers in regular wage/salaried employment. Weight = MULT/100 (or /200 when NSS!=NSC) / NO_QTR; household religion joined from the household file. The run reproduces the round's published all-India LFPR/WPR/UR to 0.1. Pulled via the MoSPI NADA API; zip sha256 in sources/nada/plfs-2020-21/. NSO unit-data rider: religion is self-reported and the survey is designed for labour-force estimation, so religion figures are indicative (no sub-state estimates). Year=2020 is the start of the Jul-2020 to Jun-2021 reference period.",false
salaried-share,national,IN,2020,hindu,male,rural,13.7,all_workers_usual_status_ps_ss,69611,,,plfs-microdata,sources/nada/plfs-2020-21/CSV_Unit_level_data_PLFS_July2020_June2021.zip,canonicalize-salaried-share-v2.1.0-20260611T005144Z,"Computed from PLFS 2020-21 unit-level microdata (first-visit person file, usual status ps+ss, age 15+, rural, males): share of workers in regular wage/salaried employment. Weight = MULT/100 (or /200 when NSS!=NSC) / NO_QTR; household religion joined from the household file. The run reproduces the round's published all-India LFPR/WPR/UR to 0.1. Pulled via the MoSPI NADA API; zip sha256 in sources/nada/plfs-2020-21/. NSO unit-data rider: religion is self-reported and the survey is designed for labour-force estimation, so religion figures are indicative (no sub-state estimates). Year=2020 is the start of the Jul-2020 to Jun-2021 reference period.",false
salaried-share,national,IN,2020,hindu,all,urban,48.8,all_workers_usual_status_ps_ss,102922,,,plfs-microdata,sources/nada/plfs-2020-21/CSV_Unit_level_data_PLFS_July2020_June2021.zip,canonicalize-salaried-share-v2.1.0-20260611T005144Z,"Computed from PLFS 2020-21 unit-level microdata (first-visit person file, usual status ps+ss, age 15+, urban, both sexes): share of workers in regular wage/salaried employment. Weight = MULT/100 (or /200 when NSS!=NSC) / NO_QTR; household religion joined from the household file. The run reproduces the round's published all-India LFPR/WPR/UR to 0.1. Pulled via the MoSPI NADA API; zip sha256 in sources/nada/plfs-2020-21/. NSO unit-data rider: religion is self-reported and the survey is designed for labour-force estimation, so religion figures are indicative (no sub-state estimates). Year=2020 is the start of the Jul-2020 to Jun-2021 reference period.",false
salaried-share,national,IN,2020,hindu,female,urban,52.0,all_workers_usual_status_ps_ss,50880,,,plfs-microdata,sources/nada/plfs-2020-21/CSV_Unit_level_data_PLFS_July2020_June2021.zip,canonicalize-salaried-share-v2.1.0-20260611T005144Z,"Computed from PLFS 2020-21 unit-level microdata (first-visit person file, usual status ps+ss, age 15+, urban, females): share of workers in regular wage/salaried employment. Weight = MULT/100 (or /200 when NSS!=NSC) / NO_QTR; household religion joined from the household file. The run reproduces the round's published all-India LFPR/WPR/UR to 0.1. Pulled via the MoSPI NADA API; zip sha256 in sources/nada/plfs-2020-21/. NSO unit-data rider: religion is self-reported and the survey is designed for labour-force estimation, so religion figures are indicative (no sub-state estimates). Year=2020 is the start of the Jul-2020 to Jun-2021 reference period.",false
salaried-share,national,IN,2020,hindu,male,urban,47.8,all_workers_usual_status_ps_ss,52015,,,plfs-microdata,sources/nada/plfs-2020-21/CSV_Unit_level_data_PLFS_July2020_June2021.zip,canonicalize-salaried-share-v2.1.0-20260611T005144Z,"Computed from PLFS 2020-21 unit-level microdata (first-visit person file, usual status ps+ss, age 15+, urban, males): share of workers in regular wage/salaried employment. Weight = MULT/100 (or /200 when NSS!=NSC) / NO_QTR; household religion joined from the household file. The run reproduces the round's published all-India LFPR/WPR/UR to 0.1. Pulled via the MoSPI NADA API; zip sha256 in sources/nada/plfs-2020-21/. NSO unit-data rider: religion is self-reported and the survey is designed for labour-force estimation, so religion figures are indicative (no sub-state estimates). Year=2020 is the start of the Jul-2020 to Jun-2021 reference period.",false
salaried-share,national,IN,2020,muslim,all,all,17.2,all_workers_usual_status_ps_ss,40445,,,plfs-microdata,sources/nada/plfs-2020-21/CSV_Unit_level_data_PLFS_July2020_June2021.zip,canonicalize-salaried-share-v2.1.0-20260611T005144Z,"Computed from PLFS 2020-21 unit-level microdata (first-visit person file, usual status ps+ss, age 15+, rural+urban, both sexes): share of workers in regular wage/salaried employment. Weight = MULT/100 (or /200 when NSS!=NSC) / NO_QTR; household religion joined from the household file. The run reproduces the round's published all-India LFPR/WPR/UR to 0.1. Pulled via the MoSPI NADA API; zip sha256 in sources/nada/plfs-2020-21/. NSO unit-data rider: religion is self-reported and the survey is designed for labour-force estimation, so religion figures are indicative (no sub-state estimates). Year=2020 is the start of the Jul-2020 to Jun-2021 reference period.",false
salaried-share,national,IN,2020,muslim,female,all,12.6,all_workers_usual_status_ps_ss,19862,,,plfs-microdata,sources/nada/plfs-2020-21/CSV_Unit_level_data_PLFS_July2020_June2021.zip,canonicalize-salaried-share-v2.1.0-20260611T005144Z,"Computed from PLFS 2020-21 unit-level microdata (first-visit person file, usual status ps+ss, age 15+, rural+urban, females): share of workers in regular wage/salaried employment. Weight = MULT/100 (or /200 when NSS!=NSC) / NO_QTR; household religion joined from the household file. The run reproduces the round's published all-India LFPR/WPR/UR to 0.1. Pulled via the MoSPI NADA API; zip sha256 in sources/nada/plfs-2020-21/. NSO unit-data rider: religion is self-reported and the survey is designed for labour-force estimation, so religion figures are indicative (no sub-state estimates). Year=2020 is the start of the Jul-2020 to Jun-2021 reference period.",false
salaried-share,national,IN,2020,muslim,male,all,18.4,all_workers_usual_status_ps_ss,20570,,,plfs-microdata,sources/nada/plfs-2020-21/CSV_Unit_level_data_PLFS_July2020_June2021.zip,canonicalize-salaried-share-v2.1.0-20260611T005144Z,"Computed from PLFS 2020-21 unit-level microdata (first-visit person file, usual status ps+ss, age 15+, rural+urban, males): share of workers in regular wage/salaried employment. Weight = MULT/100 (or /200 when NSS!=NSC) / NO_QTR; household religion joined from the household file. The run reproduces the round's published all-India LFPR/WPR/UR to 0.1. Pulled via the MoSPI NADA API; zip sha256 in sources/nada/plfs-2020-21/. NSO unit-data rider: religion is self-reported and the survey is designed for labour-force estimation, so religion figures are indicative (no sub-state estimates). Year=2020 is the start of the Jul-2020 to Jun-2021 reference period.",false
salaried-share,national,IN,2020,muslim,all,rural,10.0,all_workers_usual_status_ps_ss,20179,,,plfs-microdata,sources/nada/plfs-2020-21/CSV_Unit_level_data_PLFS_July2020_June2021.zip,canonicalize-salaried-share-v2.1.0-20260611T005144Z,"Computed from PLFS 2020-21 unit-level microdata (first-visit person file, usual status ps+ss, age 15+, rural, both sexes): share of workers in regular wage/salaried employment. Weight = MULT/100 (or /200 when NSS!=NSC) / NO_QTR; household religion joined from the household file. The run reproduces the round's published all-India LFPR/WPR/UR to 0.1. Pulled via the MoSPI NADA API; zip sha256 in sources/nada/plfs-2020-21/. NSO unit-data rider: religion is self-reported and the survey is designed for labour-force estimation, so religion figures are indicative (no sub-state estimates). Year=2020 is the start of the Jul-2020 to Jun-2021 reference period.",false
salaried-share,national,IN,2020,muslim,female,rural,7.2,all_workers_usual_status_ps_ss,9935,,,plfs-microdata,sources/nada/plfs-2020-21/CSV_Unit_level_data_PLFS_July2020_June2021.zip,canonicalize-salaried-share-v2.1.0-20260611T005144Z,"Computed from PLFS 2020-21 unit-level microdata (first-visit person file, usual status ps+ss, age 15+, rural, females): share of workers in regular wage/salaried employment. Weight = MULT/100 (or /200 when NSS!=NSC) / NO_QTR; household religion joined from the household file. The run reproduces the round's published all-India LFPR/WPR/UR to 0.1. Pulled via the MoSPI NADA API; zip sha256 in sources/nada/plfs-2020-21/. NSO unit-data rider: religion is self-reported and the survey is designed for labour-force estimation, so religion figures are indicative (no sub-state estimates). Year=2020 is the start of the Jul-2020 to Jun-2021 reference period.",false
salaried-share,national,IN,2020,muslim,male,rural,10.9,all_workers_usual_status_ps_ss,10237,,,plfs-microdata,sources/nada/plfs-2020-21/CSV_Unit_level_data_PLFS_July2020_June2021.zip,canonicalize-salaried-share-v2.1.0-20260611T005144Z,"Computed from PLFS 2020-21 unit-level microdata (first-visit person file, usual status ps+ss, age 15+, rural, males): share of workers in regular wage/salaried employment. Weight = MULT/100 (or /200 when NSS!=NSC) / NO_QTR; household religion joined from the household file. The run reproduces the round's published all-India LFPR/WPR/UR to 0.1. Pulled via the MoSPI NADA API; zip sha256 in sources/nada/plfs-2020-21/. NSO unit-data rider: religion is self-reported and the survey is designed for labour-force estimation, so religion figures are indicative (no sub-state estimates). Year=2020 is the start of the Jul-2020 to Jun-2021 reference period.",false
salaried-share,national,IN,2020,muslim,all,urban,31.4,all_workers_usual_status_ps_ss,20266,,,plfs-microdata,sources/nada/plfs-2020-21/CSV_Unit_level_data_PLFS_July2020_June2021.zip,canonicalize-salaried-share-v2.1.0-20260611T005144Z,"Computed from PLFS 2020-21 unit-level microdata (first-visit person file, usual status ps+ss, age 15+, urban, both sexes): share of workers in regular wage/salaried employment. Weight = MULT/100 (or /200 when NSS!=NSC) / NO_QTR; household religion joined from the household file. The run reproduces the round's published all-India LFPR/WPR/UR to 0.1. Pulled via the MoSPI NADA API; zip sha256 in sources/nada/plfs-2020-21/. NSO unit-data rider: religion is self-reported and the survey is designed for labour-force estimation, so religion figures are indicative (no sub-state estimates). Year=2020 is the start of the Jul-2020 to Jun-2021 reference period.",false
salaried-share,national,IN,2020,muslim,female,urban,28.4,all_workers_usual_status_ps_ss,9927,,,plfs-microdata,sources/nada/plfs-2020-21/CSV_Unit_level_data_PLFS_July2020_June2021.zip,canonicalize-salaried-share-v2.1.0-20260611T005144Z,"Computed from PLFS 2020-21 unit-level microdata (first-visit person file, usual status ps+ss, age 15+, urban, females): share of workers in regular wage/salaried employment. Weight = MULT/100 (or /200 when NSS!=NSC) / NO_QTR; household religion joined from the household file. The run reproduces the round's published all-India LFPR/WPR/UR to 0.1. Pulled via the MoSPI NADA API; zip sha256 in sources/nada/plfs-2020-21/. NSO unit-data rider: religion is self-reported and the survey is designed for labour-force estimation, so religion figures are indicative (no sub-state estimates). Year=2020 is the start of the Jul-2020 to Jun-2021 reference period.",false
salaried-share,national,IN,2020,muslim,male,urban,32.0,all_workers_usual_status_ps_ss,10333,,,plfs-microdata,sources/nada/plfs-2020-21/CSV_Unit_level_data_PLFS_July2020_June2021.zip,canonicalize-salaried-share-v2.1.0-20260611T005144Z,"Computed from PLFS 2020-21 unit-level microdata (first-visit person file, usual status ps+ss, age 15+, urban, males): share of workers in regular wage/salaried employment. Weight = MULT/100 (or /200 when NSS!=NSC) / NO_QTR; household religion joined from the household file. The run reproduces the round's published all-India LFPR/WPR/UR to 0.1. Pulled via the MoSPI NADA API; zip sha256 in sources/nada/plfs-2020-21/. NSO unit-data rider: religion is self-reported and the survey is designed for labour-force estimation, so religion figures are indicative (no sub-state estimates). Year=2020 is the start of the Jul-2020 to Jun-2021 reference period.",false
salaried-share,national,IN,2020,sikh,all,all,24.2,all_workers_usual_status_ps_ss,6632,,,plfs-microdata,sources/nada/plfs-2020-21/CSV_Unit_level_data_PLFS_July2020_June2021.zip,canonicalize-salaried-share-v2.1.0-20260611T005144Z,"Computed from PLFS 2020-21 unit-level microdata (first-visit person file, usual status ps+ss, age 15+, rural+urban, both sexes): share of workers in regular wage/salaried employment. Weight = MULT/100 (or /200 when NSS!=NSC) / NO_QTR; household religion joined from the household file. The run reproduces the round's published all-India LFPR/WPR/UR to 0.1. Pulled via the MoSPI NADA API; zip sha256 in sources/nada/plfs-2020-21/. NSO unit-data rider: religion is self-reported and the survey is designed for labour-force estimation, so religion figures are indicative (no sub-state estimates). Year=2020 is the start of the Jul-2020 to Jun-2021 reference period.",false
salaried-share,national,IN,2020,sikh,female,all,24.2,all_workers_usual_status_ps_ss,3282,,,plfs-microdata,sources/nada/plfs-2020-21/CSV_Unit_level_data_PLFS_July2020_June2021.zip,canonicalize-salaried-share-v2.1.0-20260611T005144Z,"Computed from PLFS 2020-21 unit-level microdata (first-visit person file, usual status ps+ss, age 15+, rural+urban, females): share of workers in regular wage/salaried employment. Weight = MULT/100 (or /200 when NSS!=NSC) / NO_QTR; household religion joined from the household file. The run reproduces the round's published all-India LFPR/WPR/UR to 0.1. Pulled via the MoSPI NADA API; zip sha256 in sources/nada/plfs-2020-21/. NSO unit-data rider: religion is self-reported and the survey is designed for labour-force estimation, so religion figures are indicative (no sub-state estimates). Year=2020 is the start of the Jul-2020 to Jun-2021 reference period.",false
salaried-share,national,IN,2020,sikh,male,all,24.1,all_workers_usual_status_ps_ss,3347,,,plfs-microdata,sources/nada/plfs-2020-21/CSV_Unit_level_data_PLFS_July2020_June2021.zip,canonicalize-salaried-share-v2.1.0-20260611T005144Z,"Computed from PLFS 2020-21 unit-level microdata (first-visit person file, usual status ps+ss, age 15+, rural+urban, males): share of workers in regular wage/salaried employment. Weight = MULT/100 (or /200 when NSS!=NSC) / NO_QTR; household religion joined from the household file. The run reproduces the round's published all-India LFPR/WPR/UR to 0.1. Pulled via the MoSPI NADA API; zip sha256 in sources/nada/plfs-2020-21/. NSO unit-data rider: religion is self-reported and the survey is designed for labour-force estimation, so religion figures are indicative (no sub-state estimates). Year=2020 is the start of the Jul-2020 to Jun-2021 reference period.",false
salaried-share,national,IN,2020,sikh,all,rural,18.6,all_workers_usual_status_ps_ss,4046,,,plfs-microdata,sources/nada/plfs-2020-21/CSV_Unit_level_data_PLFS_July2020_June2021.zip,canonicalize-salaried-share-v2.1.0-20260611T005144Z,"Computed from PLFS 2020-21 unit-level microdata (first-visit person file, usual status ps+ss, age 15+, rural, both sexes): share of workers in regular wage/salaried employment. Weight = MULT/100 (or /200 when NSS!=NSC) / NO_QTR; household religion joined from the household file. The run reproduces the round's published all-India LFPR/WPR/UR to 0.1. Pulled via the MoSPI NADA API; zip sha256 in sources/nada/plfs-2020-21/. NSO unit-data rider: religion is self-reported and the survey is designed for labour-force estimation, so religion figures are indicative (no sub-state estimates). Year=2020 is the start of the Jul-2020 to Jun-2021 reference period.",false
salaried-share,national,IN,2020,sikh,female,rural,15.8,all_workers_usual_status_ps_ss,1989,,,plfs-microdata,sources/nada/plfs-2020-21/CSV_Unit_level_data_PLFS_July2020_June2021.zip,canonicalize-salaried-share-v2.1.0-20260611T005144Z,"Computed from PLFS 2020-21 unit-level microdata (first-visit person file, usual status ps+ss, age 15+, rural, females): share of workers in regular wage/salaried employment. Weight = MULT/100 (or /200 when NSS!=NSC) / NO_QTR; household religion joined from the household file. The run reproduces the round's published all-India LFPR/WPR/UR to 0.1. Pulled via the MoSPI NADA API; zip sha256 in sources/nada/plfs-2020-21/. NSO unit-data rider: religion is self-reported and the survey is designed for labour-force estimation, so religion figures are indicative (no sub-state estimates). Year=2020 is the start of the Jul-2020 to Jun-2021 reference period.",false
salaried-share,national,IN,2020,sikh,male,rural,19.5,all_workers_usual_status_ps_ss,2054,,,plfs-microdata,sources/nada/plfs-2020-21/CSV_Unit_level_data_PLFS_July2020_June2021.zip,canonicalize-salaried-share-v2.1.0-20260611T005144Z,"Computed from PLFS 2020-21 unit-level microdata (first-visit person file, usual status ps+ss, age 15+, rural, males): share of workers in regular wage/salaried employment. Weight = MULT/100 (or /200 when NSS!=NSC) / NO_QTR; household religion joined from the household file. The run reproduces the round's published all-India LFPR/WPR/UR to 0.1. Pulled via the MoSPI NADA API; zip sha256 in sources/nada/plfs-2020-21/. NSO unit-data rider: religion is self-reported and the survey is designed for labour-force estimation, so religion figures are indicative (no sub-state estimates). Year=2020 is the start of the Jul-2020 to Jun-2021 reference period.",false
salaried-share,national,IN,2020,sikh,all,urban,40.0,all_workers_usual_status_ps_ss,2586,,,plfs-microdata,sources/nada/plfs-2020-21/CSV_Unit_level_data_PLFS_July2020_June2021.zip,canonicalize-salaried-share-v2.1.0-20260611T005144Z,"Computed from PLFS 2020-21 unit-level microdata (first-visit person file, usual status ps+ss, age 15+, urban, both sexes): share of workers in regular wage/salaried employment. Weight = MULT/100 (or /200 when NSS!=NSC) / NO_QTR; household religion joined from the household file. The run reproduces the round's published all-India LFPR/WPR/UR to 0.1. Pulled via the MoSPI NADA API; zip sha256 in sources/nada/plfs-2020-21/. NSO unit-data rider: religion is self-reported and the survey is designed for labour-force estimation, so religion figures are indicative (no sub-state estimates). Year=2020 is the start of the Jul-2020 to Jun-2021 reference period.",false
salaried-share,national,IN,2020,sikh,female,urban,52.4,all_workers_usual_status_ps_ss,1293,,,plfs-microdata,sources/nada/plfs-2020-21/CSV_Unit_level_data_PLFS_July2020_June2021.zip,canonicalize-salaried-share-v2.1.0-20260611T005144Z,"Computed from PLFS 2020-21 unit-level microdata (first-visit person file, usual status ps+ss, age 15+, urban, females): share of workers in regular wage/salaried employment. Weight = MULT/100 (or /200 when NSS!=NSC) / NO_QTR; household religion joined from the household file. The run reproduces the round's published all-India LFPR/WPR/UR to 0.1. Pulled via the MoSPI NADA API; zip sha256 in sources/nada/plfs-2020-21/. NSO unit-data rider: religion is self-reported and the survey is designed for labour-force estimation, so religion figures are indicative (no sub-state estimates). Year=2020 is the start of the Jul-2020 to Jun-2021 reference period.",false
salaried-share,national,IN,2020,sikh,male,urban,36.8,all_workers_usual_status_ps_ss,1293,,,plfs-microdata,sources/nada/plfs-2020-21/CSV_Unit_level_data_PLFS_July2020_June2021.zip,canonicalize-salaried-share-v2.1.0-20260611T005144Z,"Computed from PLFS 2020-21 unit-level microdata (first-visit person file, usual status ps+ss, age 15+, urban, males): share of workers in regular wage/salaried employment. Weight = MULT/100 (or /200 when NSS!=NSC) / NO_QTR; household religion joined from the household file. The run reproduces the round's published all-India LFPR/WPR/UR to 0.1. Pulled via the MoSPI NADA API; zip sha256 in sources/nada/plfs-2020-21/. NSO unit-data rider: religion is self-reported and the survey is designed for labour-force estimation, so religion figures are indicative (no sub-state estimates). Year=2020 is the start of the Jul-2020 to Jun-2021 reference period.",false
salaried-share,national,IN,2021,all,all,all,21.5,all_workers_usual_status_ps_ss,327081,,,plfs-microdata,sources/nada/plfs-2021-22/PLFS_Data_2021-22_CSV.zip,canonicalize-salaried-share-v2.1.0-20260611T005144Z,"Computed from PLFS 2021-22 unit-level microdata (first-visit person file, usual status ps+ss, age 15+, rural+urban, both sexes): share of workers in regular wage/salaried employment. Weight = MULT/100 (or /200 when NSS!=NSC) / NO_QTR; household religion joined from the household file. The run reproduces the round's published all-India LFPR/WPR/UR to 0.1. Pulled via the MoSPI NADA API; zip sha256 in sources/nada/plfs-2021-22/. NSO unit-data rider: religion is self-reported and the survey is designed for labour-force estimation, so religion figures are indicative (no sub-state estimates). Year=2021 is the start of the Jul-2021 to Jun-2022 reference period.",false
salaried-share,national,IN,2021,all,female,all,16.6,all_workers_usual_status_ps_ss,162015,,,plfs-microdata,sources/nada/plfs-2021-22/PLFS_Data_2021-22_CSV.zip,canonicalize-salaried-share-v2.1.0-20260611T005144Z,"Computed from PLFS 2021-22 unit-level microdata (first-visit person file, usual status ps+ss, age 15+, rural+urban, females): share of workers in regular wage/salaried employment. Weight = MULT/100 (or /200 when NSS!=NSC) / NO_QTR; household religion joined from the household file. The run reproduces the round's published all-India LFPR/WPR/UR to 0.1. Pulled via the MoSPI NADA API; zip sha256 in sources/nada/plfs-2021-22/. NSO unit-data rider: religion is self-reported and the survey is designed for labour-force estimation, so religion figures are indicative (no sub-state estimates). Year=2021 is the start of the Jul-2021 to Jun-2022 reference period.",false
salaried-share,national,IN,2021,all,male,all,23.6,all_workers_usual_status_ps_ss,165045,,,plfs-microdata,sources/nada/plfs-2021-22/PLFS_Data_2021-22_CSV.zip,canonicalize-salaried-share-v2.1.0-20260611T005144Z,"Computed from PLFS 2021-22 unit-level microdata (first-visit person file, usual status ps+ss, age 15+, rural+urban, males): share of workers in regular wage/salaried employment. Weight = MULT/100 (or /200 when NSS!=NSC) / NO_QTR; household religion joined from the household file. The run reproduces the round's published all-India LFPR/WPR/UR to 0.1. Pulled via the MoSPI NADA API; zip sha256 in sources/nada/plfs-2021-22/. NSO unit-data rider: religion is self-reported and the survey is designed for labour-force estimation, so religion figures are indicative (no sub-state estimates). Year=2021 is the start of the Jul-2021 to Jun-2022 reference period.",false
salaried-share,national,IN,2021,all,all,rural,12.6,all_workers_usual_status_ps_ss,185551,,,plfs-microdata,sources/nada/plfs-2021-22/PLFS_Data_2021-22_CSV.zip,canonicalize-salaried-share-v2.1.0-20260611T005144Z,"Computed from PLFS 2021-22 unit-level microdata (first-visit person file, usual status ps+ss, age 15+, rural, both sexes): share of workers in regular wage/salaried employment. Weight = MULT/100 (or /200 when NSS!=NSC) / NO_QTR; household religion joined from the household file. The run reproduces the round's published all-India LFPR/WPR/UR to 0.1. Pulled via the MoSPI NADA API; zip sha256 in sources/nada/plfs-2021-22/. NSO unit-data rider: religion is self-reported and the survey is designed for labour-force estimation, so religion figures are indicative (no sub-state estimates). Year=2021 is the start of the Jul-2021 to Jun-2022 reference period.",false
salaried-share,national,IN,2021,all,female,rural,8.1,all_workers_usual_status_ps_ss,92089,,,plfs-microdata,sources/nada/plfs-2021-22/PLFS_Data_2021-22_CSV.zip,canonicalize-salaried-share-v2.1.0-20260611T005144Z,"Computed from PLFS 2021-22 unit-level microdata (first-visit person file, usual status ps+ss, age 15+, rural, females): share of workers in regular wage/salaried employment. Weight = MULT/100 (or /200 when NSS!=NSC) / NO_QTR; household religion joined from the household file. The run reproduces the round's published all-India LFPR/WPR/UR to 0.1. Pulled via the MoSPI NADA API; zip sha256 in sources/nada/plfs-2021-22/. NSO unit-data rider: religion is self-reported and the survey is designed for labour-force estimation, so religion figures are indicative (no sub-state estimates). Year=2021 is the start of the Jul-2021 to Jun-2022 reference period.",false
salaried-share,national,IN,2021,all,male,rural,14.7,all_workers_usual_status_ps_ss,93454,,,plfs-microdata,sources/nada/plfs-2021-22/PLFS_Data_2021-22_CSV.zip,canonicalize-salaried-share-v2.1.0-20260611T005144Z,"Computed from PLFS 2021-22 unit-level microdata (first-visit person file, usual status ps+ss, age 15+, rural, males): share of workers in regular wage/salaried employment. Weight = MULT/100 (or /200 when NSS!=NSC) / NO_QTR; household religion joined from the household file. The run reproduces the round's published all-India LFPR/WPR/UR to 0.1. Pulled via the MoSPI NADA API; zip sha256 in sources/nada/plfs-2021-22/. NSO unit-data rider: religion is self-reported and the survey is designed for labour-force estimation, so religion figures are indicative (no sub-state estimates). Year=2021 is the start of the Jul-2021 to Jun-2022 reference period.",false
salaried-share,national,IN,2021,all,all,urban,47.1,all_workers_usual_status_ps_ss,141530,,,plfs-microdata,sources/nada/plfs-2021-22/PLFS_Data_2021-22_CSV.zip,canonicalize-salaried-share-v2.1.0-20260611T005144Z,"Computed from PLFS 2021-22 unit-level microdata (first-visit person file, usual status ps+ss, age 15+, urban, both sexes): share of workers in regular wage/salaried employment. Weight = MULT/100 (or /200 when NSS!=NSC) / NO_QTR; household religion joined from the household file. The run reproduces the round's published all-India LFPR/WPR/UR to 0.1. Pulled via the MoSPI NADA API; zip sha256 in sources/nada/plfs-2021-22/. NSO unit-data rider: religion is self-reported and the survey is designed for labour-force estimation, so religion figures are indicative (no sub-state estimates). Year=2021 is the start of the Jul-2021 to Jun-2022 reference period.",false
salaried-share,national,IN,2021,all,female,urban,50.3,all_workers_usual_status_ps_ss,69926,,,plfs-microdata,sources/nada/plfs-2021-22/PLFS_Data_2021-22_CSV.zip,canonicalize-salaried-share-v2.1.0-20260611T005144Z,"Computed from PLFS 2021-22 unit-level microdata (first-visit person file, usual status ps+ss, age 15+, urban, females): share of workers in regular wage/salaried employment. Weight = MULT/100 (or /200 when NSS!=NSC) / NO_QTR; household religion joined from the household file. The run reproduces the round's published all-India LFPR/WPR/UR to 0.1. Pulled via the MoSPI NADA API; zip sha256 in sources/nada/plfs-2021-22/. NSO unit-data rider: religion is self-reported and the survey is designed for labour-force estimation, so religion figures are indicative (no sub-state estimates). Year=2021 is the start of the Jul-2021 to Jun-2022 reference period.",false
salaried-share,national,IN,2021,all,male,urban,46.2,all_workers_usual_status_ps_ss,71591,,,plfs-microdata,sources/nada/plfs-2021-22/PLFS_Data_2021-22_CSV.zip,canonicalize-salaried-share-v2.1.0-20260611T005144Z,"Computed from PLFS 2021-22 unit-level microdata (first-visit person file, usual status ps+ss, age 15+, urban, males): share of workers in regular wage/salaried employment. Weight = MULT/100 (or /200 when NSS!=NSC) / NO_QTR; household religion joined from the household file. The run reproduces the round's published all-India LFPR/WPR/UR to 0.1. Pulled via the MoSPI NADA API; zip sha256 in sources/nada/plfs-2021-22/. NSO unit-data rider: religion is self-reported and the survey is designed for labour-force estimation, so religion figures are indicative (no sub-state estimates). Year=2021 is the start of the Jul-2021 to Jun-2022 reference period.",false
salaried-share,national,IN,2021,christian,all,all,28.6,all_workers_usual_status_ps_ss,22821,,,plfs-microdata,sources/nada/plfs-2021-22/PLFS_Data_2021-22_CSV.zip,canonicalize-salaried-share-v2.1.0-20260611T005144Z,"Computed from PLFS 2021-22 unit-level microdata (first-visit person file, usual status ps+ss, age 15+, rural+urban, both sexes): share of workers in regular wage/salaried employment. Weight = MULT/100 (or /200 when NSS!=NSC) / NO_QTR; household religion joined from the household file. The run reproduces the round's published all-India LFPR/WPR/UR to 0.1. Pulled via the MoSPI NADA API; zip sha256 in sources/nada/plfs-2021-22/. NSO unit-data rider: religion is self-reported and the survey is designed for labour-force estimation, so religion figures are indicative (no sub-state estimates). Year=2021 is the start of the Jul-2021 to Jun-2022 reference period.",false
salaried-share,national,IN,2021,christian,female,all,28.5,all_workers_usual_status_ps_ss,11486,,,plfs-microdata,sources/nada/plfs-2021-22/PLFS_Data_2021-22_CSV.zip,canonicalize-salaried-share-v2.1.0-20260611T005144Z,"Computed from PLFS 2021-22 unit-level microdata (first-visit person file, usual status ps+ss, age 15+, rural+urban, females): share of workers in regular wage/salaried employment. Weight = MULT/100 (or /200 when NSS!=NSC) / NO_QTR; household religion joined from the household file. The run reproduces the round's published all-India LFPR/WPR/UR to 0.1. Pulled via the MoSPI NADA API; zip sha256 in sources/nada/plfs-2021-22/. NSO unit-data rider: religion is self-reported and the survey is designed for labour-force estimation, so religion figures are indicative (no sub-state estimates). Year=2021 is the start of the Jul-2021 to Jun-2022 reference period.",false
salaried-share,national,IN,2021,christian,male,all,28.6,all_workers_usual_status_ps_ss,11334,,,plfs-microdata,sources/nada/plfs-2021-22/PLFS_Data_2021-22_CSV.zip,canonicalize-salaried-share-v2.1.0-20260611T005144Z,"Computed from PLFS 2021-22 unit-level microdata (first-visit person file, usual status ps+ss, age 15+, rural+urban, males): share of workers in regular wage/salaried employment. Weight = MULT/100 (or /200 when NSS!=NSC) / NO_QTR; household religion joined from the household file. The run reproduces the round's published all-India LFPR/WPR/UR to 0.1. Pulled via the MoSPI NADA API; zip sha256 in sources/nada/plfs-2021-22/. NSO unit-data rider: religion is self-reported and the survey is designed for labour-force estimation, so religion figures are indicative (no sub-state estimates). Year=2021 is the start of the Jul-2021 to Jun-2022 reference period.",false
salaried-share,national,IN,2021,christian,all,rural,18.8,all_workers_usual_status_ps_ss,12782,,,plfs-microdata,sources/nada/plfs-2021-22/PLFS_Data_2021-22_CSV.zip,canonicalize-salaried-share-v2.1.0-20260611T005144Z,"Computed from PLFS 2021-22 unit-level microdata (first-visit person file, usual status ps+ss, age 15+, rural, both sexes): share of workers in regular wage/salaried employment. Weight = MULT/100 (or /200 when NSS!=NSC) / NO_QTR; household religion joined from the household file. The run reproduces the round's published all-India LFPR/WPR/UR to 0.1. Pulled via the MoSPI NADA API; zip sha256 in sources/nada/plfs-2021-22/. NSO unit-data rider: religion is self-reported and the survey is designed for labour-force estimation, so religion figures are indicative (no sub-state estimates). Year=2021 is the start of the Jul-2021 to Jun-2022 reference period.",false
salaried-share,national,IN,2021,christian,female,rural,16.4,all_workers_usual_status_ps_ss,6348,,,plfs-microdata,sources/nada/plfs-2021-22/PLFS_Data_2021-22_CSV.zip,canonicalize-salaried-share-v2.1.0-20260611T005144Z,"Computed from PLFS 2021-22 unit-level microdata (first-visit person file, usual status ps+ss, age 15+, rural, females): share of workers in regular wage/salaried employment. Weight = MULT/100 (or /200 when NSS!=NSC) / NO_QTR; household religion joined from the household file. The run reproduces the round's published all-India LFPR/WPR/UR to 0.1. Pulled via the MoSPI NADA API; zip sha256 in sources/nada/plfs-2021-22/. NSO unit-data rider: religion is self-reported and the survey is designed for labour-force estimation, so religion figures are indicative (no sub-state estimates). Year=2021 is the start of the Jul-2021 to Jun-2022 reference period.",false
salaried-share,national,IN,2021,christian,male,rural,20.3,all_workers_usual_status_ps_ss,6434,,,plfs-microdata,sources/nada/plfs-2021-22/PLFS_Data_2021-22_CSV.zip,canonicalize-salaried-share-v2.1.0-20260611T005144Z,"Computed from PLFS 2021-22 unit-level microdata (first-visit person file, usual status ps+ss, age 15+, rural, males): share of workers in regular wage/salaried employment. Weight = MULT/100 (or /200 when NSS!=NSC) / NO_QTR; household religion joined from the household file. The run reproduces the round's published all-India LFPR/WPR/UR to 0.1. Pulled via the MoSPI NADA API; zip sha256 in sources/nada/plfs-2021-22/. NSO unit-data rider: religion is self-reported and the survey is designed for labour-force estimation, so religion figures are indicative (no sub-state estimates). Year=2021 is the start of the Jul-2021 to Jun-2022 reference period.",false
salaried-share,national,IN,2021,christian,all,urban,49.5,all_workers_usual_status_ps_ss,10039,,,plfs-microdata,sources/nada/plfs-2021-22/PLFS_Data_2021-22_CSV.zip,canonicalize-salaried-share-v2.1.0-20260611T005144Z,"Computed from PLFS 2021-22 unit-level microdata (first-visit person file, usual status ps+ss, age 15+, urban, both sexes): share of workers in regular wage/salaried employment. Weight = MULT/100 (or /200 when NSS!=NSC) / NO_QTR; household religion joined from the household file. The run reproduces the round's published all-India LFPR/WPR/UR to 0.1. Pulled via the MoSPI NADA API; zip sha256 in sources/nada/plfs-2021-22/. NSO unit-data rider: religion is self-reported and the survey is designed for labour-force estimation, so religion figures are indicative (no sub-state estimates). Year=2021 is the start of the Jul-2021 to Jun-2022 reference period.",false
salaried-share,national,IN,2021,christian,female,urban,57.9,all_workers_usual_status_ps_ss,5138,,,plfs-microdata,sources/nada/plfs-2021-22/PLFS_Data_2021-22_CSV.zip,canonicalize-salaried-share-v2.1.0-20260611T005144Z,"Computed from PLFS 2021-22 unit-level microdata (first-visit person file, usual status ps+ss, age 15+, urban, females): share of workers in regular wage/salaried employment. Weight = MULT/100 (or /200 when NSS!=NSC) / NO_QTR; household religion joined from the household file. The run reproduces the round's published all-India LFPR/WPR/UR to 0.1. Pulled via the MoSPI NADA API; zip sha256 in sources/nada/plfs-2021-22/. NSO unit-data rider: religion is self-reported and the survey is designed for labour-force estimation, so religion figures are indicative (no sub-state estimates). Year=2021 is the start of the Jul-2021 to Jun-2022 reference period.",false
salaried-share,national,IN,2021,christian,male,urban,45.0,all_workers_usual_status_ps_ss,4900,,,plfs-microdata,sources/nada/plfs-2021-22/PLFS_Data_2021-22_CSV.zip,canonicalize-salaried-share-v2.1.0-20260611T005144Z,"Computed from PLFS 2021-22 unit-level microdata (first-visit person file, usual status ps+ss, age 15+, urban, males): share of workers in regular wage/salaried employment. Weight = MULT/100 (or /200 when NSS!=NSC) / NO_QTR; household religion joined from the household file. The run reproduces the round's published all-India LFPR/WPR/UR to 0.1. Pulled via the MoSPI NADA API; zip sha256 in sources/nada/plfs-2021-22/. NSO unit-data rider: religion is self-reported and the survey is designed for labour-force estimation, so religion figures are indicative (no sub-state estimates). Year=2021 is the start of the Jul-2021 to Jun-2022 reference period.",false
salaried-share,national,IN,2021,hindu,all,all,21.5,all_workers_usual_status_ps_ss,246124,,,plfs-microdata,sources/nada/plfs-2021-22/PLFS_Data_2021-22_CSV.zip,canonicalize-salaried-share-v2.1.0-20260611T005144Z,"Computed from PLFS 2021-22 unit-level microdata (first-visit person file, usual status ps+ss, age 15+, rural+urban, both sexes): share of workers in regular wage/salaried employment. Weight = MULT/100 (or /200 when NSS!=NSC) / NO_QTR; household religion joined from the household file. The run reproduces the round's published all-India LFPR/WPR/UR to 0.1. Pulled via the MoSPI NADA API; zip sha256 in sources/nada/plfs-2021-22/. NSO unit-data rider: religion is self-reported and the survey is designed for labour-force estimation, so religion figures are indicative (no sub-state estimates). Year=2021 is the start of the Jul-2021 to Jun-2022 reference period.",false
salaried-share,national,IN,2021,hindu,female,all,16.3,all_workers_usual_status_ps_ss,121831,,,plfs-microdata,sources/nada/plfs-2021-22/PLFS_Data_2021-22_CSV.zip,canonicalize-salaried-share-v2.1.0-20260611T005144Z,"Computed from PLFS 2021-22 unit-level microdata (first-visit person file, usual status ps+ss, age 15+, rural+urban, females): share of workers in regular wage/salaried employment. Weight = MULT/100 (or /200 when NSS!=NSC) / NO_QTR; household religion joined from the household file. The run reproduces the round's published all-India LFPR/WPR/UR to 0.1. Pulled via the MoSPI NADA API; zip sha256 in sources/nada/plfs-2021-22/. NSO unit-data rider: religion is self-reported and the survey is designed for labour-force estimation, so religion figures are indicative (no sub-state estimates). Year=2021 is the start of the Jul-2021 to Jun-2022 reference period.",false
salaried-share,national,IN,2021,hindu,male,all,23.8,all_workers_usual_status_ps_ss,124277,,,plfs-microdata,sources/nada/plfs-2021-22/PLFS_Data_2021-22_CSV.zip,canonicalize-salaried-share-v2.1.0-20260611T005144Z,"Computed from PLFS 2021-22 unit-level microdata (first-visit person file, usual status ps+ss, age 15+, rural+urban, males): share of workers in regular wage/salaried employment. Weight = MULT/100 (or /200 when NSS!=NSC) / NO_QTR; household religion joined from the household file. The run reproduces the round's published all-India LFPR/WPR/UR to 0.1. Pulled via the MoSPI NADA API; zip sha256 in sources/nada/plfs-2021-22/. NSO unit-data rider: religion is self-reported and the survey is designed for labour-force estimation, so religion figures are indicative (no sub-state estimates). Year=2021 is the start of the Jul-2021 to Jun-2022 reference period.",false
salaried-share,national,IN,2021,hindu,all,rural,12.2,all_workers_usual_status_ps_ss,142096,,,plfs-microdata,sources/nada/plfs-2021-22/PLFS_Data_2021-22_CSV.zip,canonicalize-salaried-share-v2.1.0-20260611T005144Z,"Computed from PLFS 2021-22 unit-level microdata (first-visit person file, usual status ps+ss, age 15+, rural, both sexes): share of workers in regular wage/salaried employment. Weight = MULT/100 (or /200 when NSS!=NSC) / NO_QTR; household religion joined from the household file. The run reproduces the round's published all-India LFPR/WPR/UR to 0.1. Pulled via the MoSPI NADA API; zip sha256 in sources/nada/plfs-2021-22/. NSO unit-data rider: religion is self-reported and the survey is designed for labour-force estimation, so religion figures are indicative (no sub-state estimates). Year=2021 is the start of the Jul-2021 to Jun-2022 reference period.",false
salaried-share,national,IN,2021,hindu,female,rural,7.7,all_workers_usual_status_ps_ss,70653,,,plfs-microdata,sources/nada/plfs-2021-22/PLFS_Data_2021-22_CSV.zip,canonicalize-salaried-share-v2.1.0-20260611T005144Z,"Computed from PLFS 2021-22 unit-level microdata (first-visit person file, usual status ps+ss, age 15+, rural, females): share of workers in regular wage/salaried employment. Weight = MULT/100 (or /200 when NSS!=NSC) / NO_QTR; household religion joined from the household file. The run reproduces the round's published all-India LFPR/WPR/UR to 0.1. Pulled via the MoSPI NADA API; zip sha256 in sources/nada/plfs-2021-22/. NSO unit-data rider: religion is self-reported and the survey is designed for labour-force estimation, so religion figures are indicative (no sub-state estimates). Year=2021 is the start of the Jul-2021 to Jun-2022 reference period.",false
salaried-share,national,IN,2021,hindu,male,rural,14.5,all_workers_usual_status_ps_ss,71438,,,plfs-microdata,sources/nada/plfs-2021-22/PLFS_Data_2021-22_CSV.zip,canonicalize-salaried-share-v2.1.0-20260611T005144Z,"Computed from PLFS 2021-22 unit-level microdata (first-visit person file, usual status ps+ss, age 15+, rural, males): share of workers in regular wage/salaried employment. Weight = MULT/100 (or /200 when NSS!=NSC) / NO_QTR; household religion joined from the household file. The run reproduces the round's published all-India LFPR/WPR/UR to 0.1. Pulled via the MoSPI NADA API; zip sha256 in sources/nada/plfs-2021-22/. NSO unit-data rider: religion is self-reported and the survey is designed for labour-force estimation, so religion figures are indicative (no sub-state estimates). Year=2021 is the start of the Jul-2021 to Jun-2022 reference period.",false
salaried-share,national,IN,2021,hindu,all,urban,49.5,all_workers_usual_status_ps_ss,104028,,,plfs-microdata,sources/nada/plfs-2021-22/PLFS_Data_2021-22_CSV.zip,canonicalize-salaried-share-v2.1.0-20260611T005144Z,"Computed from PLFS 2021-22 unit-level microdata (first-visit person file, usual status ps+ss, age 15+, urban, both sexes): share of workers in regular wage/salaried employment. Weight = MULT/100 (or /200 when NSS!=NSC) / NO_QTR; household religion joined from the household file. The run reproduces the round's published all-India LFPR/WPR/UR to 0.1. Pulled via the MoSPI NADA API; zip sha256 in sources/nada/plfs-2021-22/. NSO unit-data rider: religion is self-reported and the survey is designed for labour-force estimation, so religion figures are indicative (no sub-state estimates). Year=2021 is the start of the Jul-2021 to Jun-2022 reference period.",false
salaried-share,national,IN,2021,hindu,female,urban,52.4,all_workers_usual_status_ps_ss,51178,,,plfs-microdata,sources/nada/plfs-2021-22/PLFS_Data_2021-22_CSV.zip,canonicalize-salaried-share-v2.1.0-20260611T005144Z,"Computed from PLFS 2021-22 unit-level microdata (first-visit person file, usual status ps+ss, age 15+, urban, females): share of workers in regular wage/salaried employment. Weight = MULT/100 (or /200 when NSS!=NSC) / NO_QTR; household religion joined from the household file. The run reproduces the round's published all-India LFPR/WPR/UR to 0.1. Pulled via the MoSPI NADA API; zip sha256 in sources/nada/plfs-2021-22/. NSO unit-data rider: religion is self-reported and the survey is designed for labour-force estimation, so religion figures are indicative (no sub-state estimates). Year=2021 is the start of the Jul-2021 to Jun-2022 reference period.",false
salaried-share,national,IN,2021,hindu,male,urban,48.6,all_workers_usual_status_ps_ss,52839,,,plfs-microdata,sources/nada/plfs-2021-22/PLFS_Data_2021-22_CSV.zip,canonicalize-salaried-share-v2.1.0-20260611T005144Z,"Computed from PLFS 2021-22 unit-level microdata (first-visit person file, usual status ps+ss, age 15+, urban, males): share of workers in regular wage/salaried employment. Weight = MULT/100 (or /200 when NSS!=NSC) / NO_QTR; household religion joined from the household file. The run reproduces the round's published all-India LFPR/WPR/UR to 0.1. Pulled via the MoSPI NADA API; zip sha256 in sources/nada/plfs-2021-22/. NSO unit-data rider: religion is self-reported and the survey is designed for labour-force estimation, so religion figures are indicative (no sub-state estimates). Year=2021 is the start of the Jul-2021 to Jun-2022 reference period.",false
salaried-share,national,IN,2021,muslim,all,all,19.4,all_workers_usual_status_ps_ss,44916,,,plfs-microdata,sources/nada/plfs-2021-22/PLFS_Data_2021-22_CSV.zip,canonicalize-salaried-share-v2.1.0-20260611T005144Z,"Computed from PLFS 2021-22 unit-level microdata (first-visit person file, usual status ps+ss, age 15+, rural+urban, both sexes): share of workers in regular wage/salaried employment. Weight = MULT/100 (or /200 when NSS!=NSC) / NO_QTR; household religion joined from the household file. The run reproduces the round's published all-India LFPR/WPR/UR to 0.1. Pulled via the MoSPI NADA API; zip sha256 in sources/nada/plfs-2021-22/. NSO unit-data rider: religion is self-reported and the survey is designed for labour-force estimation, so religion figures are indicative (no sub-state estimates). Year=2021 is the start of the Jul-2021 to Jun-2022 reference period.",false
salaried-share,national,IN,2021,muslim,female,all,12.5,all_workers_usual_status_ps_ss,22243,,,plfs-microdata,sources/nada/plfs-2021-22/PLFS_Data_2021-22_CSV.zip,canonicalize-salaried-share-v2.1.0-20260611T005144Z,"Computed from PLFS 2021-22 unit-level microdata (first-visit person file, usual status ps+ss, age 15+, rural+urban, females): share of workers in regular wage/salaried employment. Weight = MULT/100 (or /200 when NSS!=NSC) / NO_QTR; household religion joined from the household file. The run reproduces the round's published all-India LFPR/WPR/UR to 0.1. Pulled via the MoSPI NADA API; zip sha256 in sources/nada/plfs-2021-22/. NSO unit-data rider: religion is self-reported and the survey is designed for labour-force estimation, so religion figures are indicative (no sub-state estimates). Year=2021 is the start of the Jul-2021 to Jun-2022 reference period.",false
salaried-share,national,IN,2021,muslim,male,all,21.3,all_workers_usual_status_ps_ss,22670,,,plfs-microdata,sources/nada/plfs-2021-22/PLFS_Data_2021-22_CSV.zip,canonicalize-salaried-share-v2.1.0-20260611T005144Z,"Computed from PLFS 2021-22 unit-level microdata (first-visit person file, usual status ps+ss, age 15+, rural+urban, males): share of workers in regular wage/salaried employment. Weight = MULT/100 (or /200 when NSS!=NSC) / NO_QTR; household religion joined from the household file. The run reproduces the round's published all-India LFPR/WPR/UR to 0.1. Pulled via the MoSPI NADA API; zip sha256 in sources/nada/plfs-2021-22/. NSO unit-data rider: religion is self-reported and the survey is designed for labour-force estimation, so religion figures are indicative (no sub-state estimates). Year=2021 is the start of the Jul-2021 to Jun-2022 reference period.",false
salaried-share,national,IN,2021,muslim,all,rural,12.3,all_workers_usual_status_ps_ss,22662,,,plfs-microdata,sources/nada/plfs-2021-22/PLFS_Data_2021-22_CSV.zip,canonicalize-salaried-share-v2.1.0-20260611T005144Z,"Computed from PLFS 2021-22 unit-level microdata (first-visit person file, usual status ps+ss, age 15+, rural, both sexes): share of workers in regular wage/salaried employment. Weight = MULT/100 (or /200 when NSS!=NSC) / NO_QTR; household religion joined from the household file. The run reproduces the round's published all-India LFPR/WPR/UR to 0.1. Pulled via the MoSPI NADA API; zip sha256 in sources/nada/plfs-2021-22/. NSO unit-data rider: religion is self-reported and the survey is designed for labour-force estimation, so religion figures are indicative (no sub-state estimates). Year=2021 is the start of the Jul-2021 to Jun-2022 reference period.",false
salaried-share,national,IN,2021,muslim,female,rural,6.7,all_workers_usual_status_ps_ss,11205,,,plfs-microdata,sources/nada/plfs-2021-22/PLFS_Data_2021-22_CSV.zip,canonicalize-salaried-share-v2.1.0-20260611T005144Z,"Computed from PLFS 2021-22 unit-level microdata (first-visit person file, usual status ps+ss, age 15+, rural, females): share of workers in regular wage/salaried employment. Weight = MULT/100 (or /200 when NSS!=NSC) / NO_QTR; household religion joined from the household file. The run reproduces the round's published all-India LFPR/WPR/UR to 0.1. Pulled via the MoSPI NADA API; zip sha256 in sources/nada/plfs-2021-22/. NSO unit-data rider: religion is self-reported and the survey is designed for labour-force estimation, so religion figures are indicative (no sub-state estimates). Year=2021 is the start of the Jul-2021 to Jun-2022 reference period.",false
salaried-share,national,IN,2021,muslim,male,rural,14.1,all_workers_usual_status_ps_ss,11455,,,plfs-microdata,sources/nada/plfs-2021-22/PLFS_Data_2021-22_CSV.zip,canonicalize-salaried-share-v2.1.0-20260611T005144Z,"Computed from PLFS 2021-22 unit-level microdata (first-visit person file, usual status ps+ss, age 15+, rural, males): share of workers in regular wage/salaried employment. Weight = MULT/100 (or /200 when NSS!=NSC) / NO_QTR; household religion joined from the household file. The run reproduces the round's published all-India LFPR/WPR/UR to 0.1. Pulled via the MoSPI NADA API; zip sha256 in sources/nada/plfs-2021-22/. NSO unit-data rider: religion is self-reported and the survey is designed for labour-force estimation, so religion figures are indicative (no sub-state estimates). Year=2021 is the start of the Jul-2021 to Jun-2022 reference period.",false
salaried-share,national,IN,2021,muslim,all,urban,33.4,all_workers_usual_status_ps_ss,22254,,,plfs-microdata,sources/nada/plfs-2021-22/PLFS_Data_2021-22_CSV.zip,canonicalize-salaried-share-v2.1.0-20260611T005144Z,"Computed from PLFS 2021-22 unit-level microdata (first-visit person file, usual status ps+ss, age 15+, urban, both sexes): share of workers in regular wage/salaried employment. Weight = MULT/100 (or /200 when NSS!=NSC) / NO_QTR; household religion joined from the household file. The run reproduces the round's published all-India LFPR/WPR/UR to 0.1. Pulled via the MoSPI NADA API; zip sha256 in sources/nada/plfs-2021-22/. NSO unit-data rider: religion is self-reported and the survey is designed for labour-force estimation, so religion figures are indicative (no sub-state estimates). Year=2021 is the start of the Jul-2021 to Jun-2022 reference period.",false
salaried-share,national,IN,2021,muslim,female,urban,28.5,all_workers_usual_status_ps_ss,11038,,,plfs-microdata,sources/nada/plfs-2021-22/PLFS_Data_2021-22_CSV.zip,canonicalize-salaried-share-v2.1.0-20260611T005144Z,"Computed from PLFS 2021-22 unit-level microdata (first-visit person file, usual status ps+ss, age 15+, urban, females): share of workers in regular wage/salaried employment. Weight = MULT/100 (or /200 when NSS!=NSC) / NO_QTR; household religion joined from the household file. The run reproduces the round's published all-India LFPR/WPR/UR to 0.1. Pulled via the MoSPI NADA API; zip sha256 in sources/nada/plfs-2021-22/. NSO unit-data rider: religion is self-reported and the survey is designed for labour-force estimation, so religion figures are indicative (no sub-state estimates). Year=2021 is the start of the Jul-2021 to Jun-2022 reference period.",false
salaried-share,national,IN,2021,muslim,male,urban,34.4,all_workers_usual_status_ps_ss,11215,,,plfs-microdata,sources/nada/plfs-2021-22/PLFS_Data_2021-22_CSV.zip,canonicalize-salaried-share-v2.1.0-20260611T005144Z,"Computed from PLFS 2021-22 unit-level microdata (first-visit person file, usual status ps+ss, age 15+, urban, males): share of workers in regular wage/salaried employment. Weight = MULT/100 (or /200 when NSS!=NSC) / NO_QTR; household religion joined from the household file. The run reproduces the round's published all-India LFPR/WPR/UR to 0.1. Pulled via the MoSPI NADA API; zip sha256 in sources/nada/plfs-2021-22/. NSO unit-data rider: religion is self-reported and the survey is designed for labour-force estimation, so religion figures are indicative (no sub-state estimates). Year=2021 is the start of the Jul-2021 to Jun-2022 reference period.",false
salaried-share,national,IN,2021,sikh,all,all,25.8,all_workers_usual_status_ps_ss,6358,,,plfs-microdata,sources/nada/plfs-2021-22/PLFS_Data_2021-22_CSV.zip,canonicalize-salaried-share-v2.1.0-20260611T005144Z,"Computed from PLFS 2021-22 unit-level microdata (first-visit person file, usual status ps+ss, age 15+, rural+urban, both sexes): share of workers in regular wage/salaried employment. Weight = MULT/100 (or /200 when NSS!=NSC) / NO_QTR; household religion joined from the household file. The run reproduces the round's published all-India LFPR/WPR/UR to 0.1. Pulled via the MoSPI NADA API; zip sha256 in sources/nada/plfs-2021-22/. NSO unit-data rider: religion is self-reported and the survey is designed for labour-force estimation, so religion figures are indicative (no sub-state estimates). Year=2021 is the start of the Jul-2021 to Jun-2022 reference period.",false
salaried-share,national,IN,2021,sikh,female,all,32.7,all_workers_usual_status_ps_ss,3068,,,plfs-microdata,sources/nada/plfs-2021-22/PLFS_Data_2021-22_CSV.zip,canonicalize-salaried-share-v2.1.0-20260611T005144Z,"Computed from PLFS 2021-22 unit-level microdata (first-visit person file, usual status ps+ss, age 15+, rural+urban, females): share of workers in regular wage/salaried employment. Weight = MULT/100 (or /200 when NSS!=NSC) / NO_QTR; household religion joined from the household file. The run reproduces the round's published all-India LFPR/WPR/UR to 0.1. Pulled via the MoSPI NADA API; zip sha256 in sources/nada/plfs-2021-22/. NSO unit-data rider: religion is self-reported and the survey is designed for labour-force estimation, so religion figures are indicative (no sub-state estimates). Year=2021 is the start of the Jul-2021 to Jun-2022 reference period.",false
salaried-share,national,IN,2021,sikh,male,all,23.8,all_workers_usual_status_ps_ss,3290,,,plfs-microdata,sources/nada/plfs-2021-22/PLFS_Data_2021-22_CSV.zip,canonicalize-salaried-share-v2.1.0-20260611T005144Z,"Computed from PLFS 2021-22 unit-level microdata (first-visit person file, usual status ps+ss, age 15+, rural+urban, males): share of workers in regular wage/salaried employment. Weight = MULT/100 (or /200 when NSS!=NSC) / NO_QTR; household religion joined from the household file. The run reproduces the round's published all-India LFPR/WPR/UR to 0.1. Pulled via the MoSPI NADA API; zip sha256 in sources/nada/plfs-2021-22/. NSO unit-data rider: religion is self-reported and the survey is designed for labour-force estimation, so religion figures are indicative (no sub-state estimates). Year=2021 is the start of the Jul-2021 to Jun-2022 reference period.",false
salaried-share,national,IN,2021,sikh,all,rural,21.3,all_workers_usual_status_ps_ss,4104,,,plfs-microdata,sources/nada/plfs-2021-22/PLFS_Data_2021-22_CSV.zip,canonicalize-salaried-share-v2.1.0-20260611T005144Z,"Computed from PLFS 2021-22 unit-level microdata (first-visit person file, usual status ps+ss, age 15+, rural, both sexes): share of workers in regular wage/salaried employment. Weight = MULT/100 (or /200 when NSS!=NSC) / NO_QTR; household religion joined from the household file. The run reproduces the round's published all-India LFPR/WPR/UR to 0.1. Pulled via the MoSPI NADA API; zip sha256 in sources/nada/plfs-2021-22/. NSO unit-data rider: religion is self-reported and the survey is designed for labour-force estimation, so religion figures are indicative (no sub-state estimates). Year=2021 is the start of the Jul-2021 to Jun-2022 reference period.",false
salaried-share,national,IN,2021,sikh,female,rural,25.7,all_workers_usual_status_ps_ss,1971,,,plfs-microdata,sources/nada/plfs-2021-22/PLFS_Data_2021-22_CSV.zip,canonicalize-salaried-share-v2.1.0-20260611T005144Z,"Computed from PLFS 2021-22 unit-level microdata (first-visit person file, usual status ps+ss, age 15+, rural, females): share of workers in regular wage/salaried employment. Weight = MULT/100 (or /200 when NSS!=NSC) / NO_QTR; household religion joined from the household file. The run reproduces the round's published all-India LFPR/WPR/UR to 0.1. Pulled via the MoSPI NADA API; zip sha256 in sources/nada/plfs-2021-22/. NSO unit-data rider: religion is self-reported and the survey is designed for labour-force estimation, so religion figures are indicative (no sub-state estimates). Year=2021 is the start of the Jul-2021 to Jun-2022 reference period.",false
salaried-share,national,IN,2021,sikh,male,rural,20.1,all_workers_usual_status_ps_ss,2133,,,plfs-microdata,sources/nada/plfs-2021-22/PLFS_Data_2021-22_CSV.zip,canonicalize-salaried-share-v2.1.0-20260611T005144Z,"Computed from PLFS 2021-22 unit-level microdata (first-visit person file, usual status ps+ss, age 15+, rural, males): share of workers in regular wage/salaried employment. Weight = MULT/100 (or /200 when NSS!=NSC) / NO_QTR; household religion joined from the household file. The run reproduces the round's published all-India LFPR/WPR/UR to 0.1. Pulled via the MoSPI NADA API; zip sha256 in sources/nada/plfs-2021-22/. NSO unit-data rider: religion is self-reported and the survey is designed for labour-force estimation, so religion figures are indicative (no sub-state estimates). Year=2021 is the start of the Jul-2021 to Jun-2022 reference period.",false
salaried-share,national,IN,2021,sikh,all,urban,42.3,all_workers_usual_status_ps_ss,2254,,,plfs-microdata,sources/nada/plfs-2021-22/PLFS_Data_2021-22_CSV.zip,canonicalize-salaried-share-v2.1.0-20260611T005144Z,"Computed from PLFS 2021-22 unit-level microdata (first-visit person file, usual status ps+ss, age 15+, urban, both sexes): share of workers in regular wage/salaried employment. Weight = MULT/100 (or /200 when NSS!=NSC) / NO_QTR; household religion joined from the household file. The run reproduces the round's published all-India LFPR/WPR/UR to 0.1. Pulled via the MoSPI NADA API; zip sha256 in sources/nada/plfs-2021-22/. NSO unit-data rider: religion is self-reported and the survey is designed for labour-force estimation, so religion figures are indicative (no sub-state estimates). Year=2021 is the start of the Jul-2021 to Jun-2022 reference period.",false
salaried-share,national,IN,2021,sikh,female,urban,61.8,all_workers_usual_status_ps_ss,1097,,,plfs-microdata,sources/nada/plfs-2021-22/PLFS_Data_2021-22_CSV.zip,canonicalize-salaried-share-v2.1.0-20260611T005144Z,"Computed from PLFS 2021-22 unit-level microdata (first-visit person file, usual status ps+ss, age 15+, urban, females): share of workers in regular wage/salaried employment. Weight = MULT/100 (or /200 when NSS!=NSC) / NO_QTR; household religion joined from the household file. The run reproduces the round's published all-India LFPR/WPR/UR to 0.1. Pulled via the MoSPI NADA API; zip sha256 in sources/nada/plfs-2021-22/. NSO unit-data rider: religion is self-reported and the survey is designed for labour-force estimation, so religion figures are indicative (no sub-state estimates). Year=2021 is the start of the Jul-2021 to Jun-2022 reference period.",false
salaried-share,national,IN,2021,sikh,male,urban,37.4,all_workers_usual_status_ps_ss,1157,,,plfs-microdata,sources/nada/plfs-2021-22/PLFS_Data_2021-22_CSV.zip,canonicalize-salaried-share-v2.1.0-20260611T005144Z,"Computed from PLFS 2021-22 unit-level microdata (first-visit person file, usual status ps+ss, age 15+, urban, males): share of workers in regular wage/salaried employment. Weight = MULT/100 (or /200 when NSS!=NSC) / NO_QTR; household religion joined from the household file. The run reproduces the round's published all-India LFPR/WPR/UR to 0.1. Pulled via the MoSPI NADA API; zip sha256 in sources/nada/plfs-2021-22/. NSO unit-data rider: religion is self-reported and the survey is designed for labour-force estimation, so religion figures are indicative (no sub-state estimates). Year=2021 is the start of the Jul-2021 to Jun-2022 reference period.",false
salaried-share,national,IN,2022,all,all,all,20.9,all_workers_usual_status_ps_ss,320260,,,plfs-microdata,sources/nada/plfs-2022-23/Data_in_CSV.zip,canonicalize-salaried-share-v2.1.0-20260611T005144Z,"Computed from PLFS 2022-23 unit-level microdata (first-visit person file, usual status ps+ss, age 15+, rural+urban, both sexes): share of workers in regular wage/salaried employment. Weight = MULT/100 (or /200 when NSS!=NSC) / NO_QTR; household religion joined from the household file. The run reproduces the round's published all-India LFPR/WPR/UR to 0.1. Pulled via the MoSPI NADA API; zip sha256 in sources/nada/plfs-2022-23/. NSO unit-data rider: religion is self-reported and the survey is designed for labour-force estimation, so religion figures are indicative (no sub-state estimates). Year=2022 is the start of the Jul-2022 to Jun-2023 reference period.",false
salaried-share,national,IN,2022,all,female,all,15.9,all_workers_usual_status_ps_ss,159128,,,plfs-microdata,sources/nada/plfs-2022-23/Data_in_CSV.zip,canonicalize-salaried-share-v2.1.0-20260611T005144Z,"Computed from PLFS 2022-23 unit-level microdata (first-visit person file, usual status ps+ss, age 15+, rural+urban, females): share of workers in regular wage/salaried employment. Weight = MULT/100 (or /200 when NSS!=NSC) / NO_QTR; household religion joined from the household file. The run reproduces the round's published all-India LFPR/WPR/UR to 0.1. Pulled via the MoSPI NADA API; zip sha256 in sources/nada/plfs-2022-23/. NSO unit-data rider: religion is self-reported and the survey is designed for labour-force estimation, so religion figures are indicative (no sub-state estimates). Year=2022 is the start of the Jul-2022 to Jun-2023 reference period.",false
salaried-share,national,IN,2022,all,male,all,23.2,all_workers_usual_status_ps_ss,161117,,,plfs-microdata,sources/nada/plfs-2022-23/Data_in_CSV.zip,canonicalize-salaried-share-v2.1.0-20260611T005144Z,"Computed from PLFS 2022-23 unit-level microdata (first-visit person file, usual status ps+ss, age 15+, rural+urban, males): share of workers in regular wage/salaried employment. Weight = MULT/100 (or /200 when NSS!=NSC) / NO_QTR; household religion joined from the household file. The run reproduces the round's published all-India LFPR/WPR/UR to 0.1. Pulled via the MoSPI NADA API; zip sha256 in sources/nada/plfs-2022-23/. NSO unit-data rider: religion is self-reported and the survey is designed for labour-force estimation, so religion figures are indicative (no sub-state estimates). Year=2022 is the start of the Jul-2022 to Jun-2023 reference period.",false
salaried-share,national,IN,2022,all,all,rural,12.2,all_workers_usual_status_ps_ss,181049,,,plfs-microdata,sources/nada/plfs-2022-23/Data_in_CSV.zip,canonicalize-salaried-share-v2.1.0-20260611T005144Z,"Computed from PLFS 2022-23 unit-level microdata (first-visit person file, usual status ps+ss, age 15+, rural, both sexes): share of workers in regular wage/salaried employment. Weight = MULT/100 (or /200 when NSS!=NSC) / NO_QTR; household religion joined from the household file. The run reproduces the round's published all-India LFPR/WPR/UR to 0.1. Pulled via the MoSPI NADA API; zip sha256 in sources/nada/plfs-2022-23/. NSO unit-data rider: religion is self-reported and the survey is designed for labour-force estimation, so religion figures are indicative (no sub-state estimates). Year=2022 is the start of the Jul-2022 to Jun-2023 reference period.",false
salaried-share,national,IN,2022,all,female,rural,8.0,all_workers_usual_status_ps_ss,90349,,,plfs-microdata,sources/nada/plfs-2022-23/Data_in_CSV.zip,canonicalize-salaried-share-v2.1.0-20260611T005144Z,"Computed from PLFS 2022-23 unit-level microdata (first-visit person file, usual status ps+ss, age 15+, rural, females): share of workers in regular wage/salaried employment. Weight = MULT/100 (or /200 when NSS!=NSC) / NO_QTR; household religion joined from the household file. The run reproduces the round's published all-India LFPR/WPR/UR to 0.1. Pulled via the MoSPI NADA API; zip sha256 in sources/nada/plfs-2022-23/. NSO unit-data rider: religion is self-reported and the survey is designed for labour-force estimation, so religion figures are indicative (no sub-state estimates). Year=2022 is the start of the Jul-2022 to Jun-2023 reference period.",false
salaried-share,national,IN,2022,all,male,rural,14.3,all_workers_usual_status_ps_ss,90689,,,plfs-microdata,sources/nada/plfs-2022-23/Data_in_CSV.zip,canonicalize-salaried-share-v2.1.0-20260611T005144Z,"Computed from PLFS 2022-23 unit-level microdata (first-visit person file, usual status ps+ss, age 15+, rural, males): share of workers in regular wage/salaried employment. Weight = MULT/100 (or /200 when NSS!=NSC) / NO_QTR; household religion joined from the household file. The run reproduces the round's published all-India LFPR/WPR/UR to 0.1. Pulled via the MoSPI NADA API; zip sha256 in sources/nada/plfs-2022-23/. NSO unit-data rider: religion is self-reported and the survey is designed for labour-force estimation, so religion figures are indicative (no sub-state estimates). Year=2022 is the start of the Jul-2022 to Jun-2023 reference period.",false
salaried-share,national,IN,2022,all,all,urban,48.0,all_workers_usual_status_ps_ss,139211,,,plfs-microdata,sources/nada/plfs-2022-23/Data_in_CSV.zip,canonicalize-salaried-share-v2.1.0-20260611T005144Z,"Computed from PLFS 2022-23 unit-level microdata (first-visit person file, usual status ps+ss, age 15+, urban, both sexes): share of workers in regular wage/salaried employment. Weight = MULT/100 (or /200 when NSS!=NSC) / NO_QTR; household religion joined from the household file. The run reproduces the round's published all-India LFPR/WPR/UR to 0.1. Pulled via the MoSPI NADA API; zip sha256 in sources/nada/plfs-2022-23/. NSO unit-data rider: religion is self-reported and the survey is designed for labour-force estimation, so religion figures are indicative (no sub-state estimates). Year=2022 is the start of the Jul-2022 to Jun-2023 reference period.",false
salaried-share,national,IN,2022,all,female,urban,50.8,all_workers_usual_status_ps_ss,68779,,,plfs-microdata,sources/nada/plfs-2022-23/Data_in_CSV.zip,canonicalize-salaried-share-v2.1.0-20260611T005144Z,"Computed from PLFS 2022-23 unit-level microdata (first-visit person file, usual status ps+ss, age 15+, urban, females): share of workers in regular wage/salaried employment. Weight = MULT/100 (or /200 when NSS!=NSC) / NO_QTR; household religion joined from the household file. The run reproduces the round's published all-India LFPR/WPR/UR to 0.1. Pulled via the MoSPI NADA API; zip sha256 in sources/nada/plfs-2022-23/. NSO unit-data rider: religion is self-reported and the survey is designed for labour-force estimation, so religion figures are indicative (no sub-state estimates). Year=2022 is the start of the Jul-2022 to Jun-2023 reference period.",false
salaried-share,national,IN,2022,all,male,urban,47.1,all_workers_usual_status_ps_ss,70428,,,plfs-microdata,sources/nada/plfs-2022-23/Data_in_CSV.zip,canonicalize-salaried-share-v2.1.0-20260611T005144Z,"Computed from PLFS 2022-23 unit-level microdata (first-visit person file, usual status ps+ss, age 15+, urban, males): share of workers in regular wage/salaried employment. Weight = MULT/100 (or /200 when NSS!=NSC) / NO_QTR; household religion joined from the household file. The run reproduces the round's published all-India LFPR/WPR/UR to 0.1. Pulled via the MoSPI NADA API; zip sha256 in sources/nada/plfs-2022-23/. NSO unit-data rider: religion is self-reported and the survey is designed for labour-force estimation, so religion figures are indicative (no sub-state estimates). Year=2022 is the start of the Jul-2022 to Jun-2023 reference period.",false
salaried-share,national,IN,2022,christian,all,all,28.1,all_workers_usual_status_ps_ss,22124,,,plfs-microdata,sources/nada/plfs-2022-23/Data_in_CSV.zip,canonicalize-salaried-share-v2.1.0-20260611T005144Z,"Computed from PLFS 2022-23 unit-level microdata (first-visit person file, usual status ps+ss, age 15+, rural+urban, both sexes): share of workers in regular wage/salaried employment. Weight = MULT/100 (or /200 when NSS!=NSC) / NO_QTR; household religion joined from the household file. The run reproduces the round's published all-India LFPR/WPR/UR to 0.1. Pulled via the MoSPI NADA API; zip sha256 in sources/nada/plfs-2022-23/. NSO unit-data rider: religion is self-reported and the survey is designed for labour-force estimation, so religion figures are indicative (no sub-state estimates). Year=2022 is the start of the Jul-2022 to Jun-2023 reference period.",false
salaried-share,national,IN,2022,christian,female,all,28.0,all_workers_usual_status_ps_ss,11223,,,plfs-microdata,sources/nada/plfs-2022-23/Data_in_CSV.zip,canonicalize-salaried-share-v2.1.0-20260611T005144Z,"Computed from PLFS 2022-23 unit-level microdata (first-visit person file, usual status ps+ss, age 15+, rural+urban, females): share of workers in regular wage/salaried employment. Weight = MULT/100 (or /200 when NSS!=NSC) / NO_QTR; household religion joined from the household file. The run reproduces the round's published all-India LFPR/WPR/UR to 0.1. Pulled via the MoSPI NADA API; zip sha256 in sources/nada/plfs-2022-23/. NSO unit-data rider: religion is self-reported and the survey is designed for labour-force estimation, so religion figures are indicative (no sub-state estimates). Year=2022 is the start of the Jul-2022 to Jun-2023 reference period.",false
salaried-share,national,IN,2022,christian,male,all,28.1,all_workers_usual_status_ps_ss,10900,,,plfs-microdata,sources/nada/plfs-2022-23/Data_in_CSV.zip,canonicalize-salaried-share-v2.1.0-20260611T005144Z,"Computed from PLFS 2022-23 unit-level microdata (first-visit person file, usual status ps+ss, age 15+, rural+urban, males): share of workers in regular wage/salaried employment. Weight = MULT/100 (or /200 when NSS!=NSC) / NO_QTR; household religion joined from the household file. The run reproduces the round's published all-India LFPR/WPR/UR to 0.1. Pulled via the MoSPI NADA API; zip sha256 in sources/nada/plfs-2022-23/. NSO unit-data rider: religion is self-reported and the survey is designed for labour-force estimation, so religion figures are indicative (no sub-state estimates). Year=2022 is the start of the Jul-2022 to Jun-2023 reference period.",false
salaried-share,national,IN,2022,christian,all,rural,18.2,all_workers_usual_status_ps_ss,12383,,,plfs-microdata,sources/nada/plfs-2022-23/Data_in_CSV.zip,canonicalize-salaried-share-v2.1.0-20260611T005144Z,"Computed from PLFS 2022-23 unit-level microdata (first-visit person file, usual status ps+ss, age 15+, rural, both sexes): share of workers in regular wage/salaried employment. Weight = MULT/100 (or /200 when NSS!=NSC) / NO_QTR; household religion joined from the household file. The run reproduces the round's published all-India LFPR/WPR/UR to 0.1. Pulled via the MoSPI NADA API; zip sha256 in sources/nada/plfs-2022-23/. NSO unit-data rider: religion is self-reported and the survey is designed for labour-force estimation, so religion figures are indicative (no sub-state estimates). Year=2022 is the start of the Jul-2022 to Jun-2023 reference period.",false
salaried-share,national,IN,2022,christian,female,rural,16.2,all_workers_usual_status_ps_ss,6212,,,plfs-microdata,sources/nada/plfs-2022-23/Data_in_CSV.zip,canonicalize-salaried-share-v2.1.0-20260611T005144Z,"Computed from PLFS 2022-23 unit-level microdata (first-visit person file, usual status ps+ss, age 15+, rural, females): share of workers in regular wage/salaried employment. Weight = MULT/100 (or /200 when NSS!=NSC) / NO_QTR; household religion joined from the household file. The run reproduces the round's published all-India LFPR/WPR/UR to 0.1. Pulled via the MoSPI NADA API; zip sha256 in sources/nada/plfs-2022-23/. NSO unit-data rider: religion is self-reported and the survey is designed for labour-force estimation, so religion figures are indicative (no sub-state estimates). Year=2022 is the start of the Jul-2022 to Jun-2023 reference period.",false
salaried-share,national,IN,2022,christian,male,rural,19.6,all_workers_usual_status_ps_ss,6171,,,plfs-microdata,sources/nada/plfs-2022-23/Data_in_CSV.zip,canonicalize-salaried-share-v2.1.0-20260611T005144Z,"Computed from PLFS 2022-23 unit-level microdata (first-visit person file, usual status ps+ss, age 15+, rural, males): share of workers in regular wage/salaried employment. Weight = MULT/100 (or /200 when NSS!=NSC) / NO_QTR; household religion joined from the household file. The run reproduces the round's published all-India LFPR/WPR/UR to 0.1. Pulled via the MoSPI NADA API; zip sha256 in sources/nada/plfs-2022-23/. NSO unit-data rider: religion is self-reported and the survey is designed for labour-force estimation, so religion figures are indicative (no sub-state estimates). Year=2022 is the start of the Jul-2022 to Jun-2023 reference period.",false
salaried-share,national,IN,2022,christian,all,urban,51.3,all_workers_usual_status_ps_ss,9741,,,plfs-microdata,sources/nada/plfs-2022-23/Data_in_CSV.zip,canonicalize-salaried-share-v2.1.0-20260611T005144Z,"Computed from PLFS 2022-23 unit-level microdata (first-visit person file, usual status ps+ss, age 15+, urban, both sexes): share of workers in regular wage/salaried employment. Weight = MULT/100 (or /200 when NSS!=NSC) / NO_QTR; household religion joined from the household file. The run reproduces the round's published all-India LFPR/WPR/UR to 0.1. Pulled via the MoSPI NADA API; zip sha256 in sources/nada/plfs-2022-23/. NSO unit-data rider: religion is self-reported and the survey is designed for labour-force estimation, so religion figures are indicative (no sub-state estimates). Year=2022 is the start of the Jul-2022 to Jun-2023 reference period.",false
salaried-share,national,IN,2022,christian,female,urban,60.7,all_workers_usual_status_ps_ss,5011,,,plfs-microdata,sources/nada/plfs-2022-23/Data_in_CSV.zip,canonicalize-salaried-share-v2.1.0-20260611T005144Z,"Computed from PLFS 2022-23 unit-level microdata (first-visit person file, usual status ps+ss, age 15+, urban, females): share of workers in regular wage/salaried employment. Weight = MULT/100 (or /200 when NSS!=NSC) / NO_QTR; household religion joined from the household file. The run reproduces the round's published all-India LFPR/WPR/UR to 0.1. Pulled via the MoSPI NADA API; zip sha256 in sources/nada/plfs-2022-23/. NSO unit-data rider: religion is self-reported and the survey is designed for labour-force estimation, so religion figures are indicative (no sub-state estimates). Year=2022 is the start of the Jul-2022 to Jun-2023 reference period.",false
salaried-share,national,IN,2022,christian,male,urban,46.2,all_workers_usual_status_ps_ss,4729,,,plfs-microdata,sources/nada/plfs-2022-23/Data_in_CSV.zip,canonicalize-salaried-share-v2.1.0-20260611T005144Z,"Computed from PLFS 2022-23 unit-level microdata (first-visit person file, usual status ps+ss, age 15+, urban, males): share of workers in regular wage/salaried employment. Weight = MULT/100 (or /200 when NSS!=NSC) / NO_QTR; household religion joined from the household file. The run reproduces the round's published all-India LFPR/WPR/UR to 0.1. Pulled via the MoSPI NADA API; zip sha256 in sources/nada/plfs-2022-23/. NSO unit-data rider: religion is self-reported and the survey is designed for labour-force estimation, so religion figures are indicative (no sub-state estimates). Year=2022 is the start of the Jul-2022 to Jun-2023 reference period.",false
salaried-share,national,IN,2022,hindu,all,all,21.4,all_workers_usual_status_ps_ss,239010,,,plfs-microdata,sources/nada/plfs-2022-23/Data_in_CSV.zip,canonicalize-salaried-share-v2.1.0-20260611T005144Z,"Computed from PLFS 2022-23 unit-level microdata (first-visit person file, usual status ps+ss, age 15+, rural+urban, both sexes): share of workers in regular wage/salaried employment. Weight = MULT/100 (or /200 when NSS!=NSC) / NO_QTR; household religion joined from the household file. The run reproduces the round's published all-India LFPR/WPR/UR to 0.1. Pulled via the MoSPI NADA API; zip sha256 in sources/nada/plfs-2022-23/. NSO unit-data rider: religion is self-reported and the survey is designed for labour-force estimation, so religion figures are indicative (no sub-state estimates). Year=2022 is the start of the Jul-2022 to Jun-2023 reference period.",false
salaried-share,national,IN,2022,hindu,female,all,15.7,all_workers_usual_status_ps_ss,118550,,,plfs-microdata,sources/nada/plfs-2022-23/Data_in_CSV.zip,canonicalize-salaried-share-v2.1.0-20260611T005144Z,"Computed from PLFS 2022-23 unit-level microdata (first-visit person file, usual status ps+ss, age 15+, rural+urban, females): share of workers in regular wage/salaried employment. Weight = MULT/100 (or /200 when NSS!=NSC) / NO_QTR; household religion joined from the household file. The run reproduces the round's published all-India LFPR/WPR/UR to 0.1. Pulled via the MoSPI NADA API; zip sha256 in sources/nada/plfs-2022-23/. NSO unit-data rider: religion is self-reported and the survey is designed for labour-force estimation, so religion figures are indicative (no sub-state estimates). Year=2022 is the start of the Jul-2022 to Jun-2023 reference period.",false
salaried-share,national,IN,2022,hindu,male,all,24.4,all_workers_usual_status_ps_ss,120446,,,plfs-microdata,sources/nada/plfs-2022-23/Data_in_CSV.zip,canonicalize-salaried-share-v2.1.0-20260611T005144Z,"Computed from PLFS 2022-23 unit-level microdata (first-visit person file, usual status ps+ss, age 15+, rural+urban, males): share of workers in regular wage/salaried employment. Weight = MULT/100 (or /200 when NSS!=NSC) / NO_QTR; household religion joined from the household file. The run reproduces the round's published all-India LFPR/WPR/UR to 0.1. Pulled via the MoSPI NADA API; zip sha256 in sources/nada/plfs-2022-23/. NSO unit-data rider: religion is self-reported and the survey is designed for labour-force estimation, so religion figures are indicative (no sub-state estimates). Year=2022 is the start of the Jul-2022 to Jun-2023 reference period.",false
salaried-share,national,IN,2022,hindu,all,rural,12.3,all_workers_usual_status_ps_ss,138019,,,plfs-microdata,sources/nada/plfs-2022-23/Data_in_CSV.zip,canonicalize-salaried-share-v2.1.0-20260611T005144Z,"Computed from PLFS 2022-23 unit-level microdata (first-visit person file, usual status ps+ss, age 15+, rural, both sexes): share of workers in regular wage/salaried employment. Weight = MULT/100 (or /200 when NSS!=NSC) / NO_QTR; household religion joined from the household file. The run reproduces the round's published all-India LFPR/WPR/UR to 0.1. Pulled via the MoSPI NADA API; zip sha256 in sources/nada/plfs-2022-23/. NSO unit-data rider: religion is self-reported and the survey is designed for labour-force estimation, so religion figures are indicative (no sub-state estimates). Year=2022 is the start of the Jul-2022 to Jun-2023 reference period.",false
salaried-share,national,IN,2022,hindu,female,rural,7.7,all_workers_usual_status_ps_ss,68911,,,plfs-microdata,sources/nada/plfs-2022-23/Data_in_CSV.zip,canonicalize-salaried-share-v2.1.0-20260611T005144Z,"Computed from PLFS 2022-23 unit-level microdata (first-visit person file, usual status ps+ss, age 15+, rural, females): share of workers in regular wage/salaried employment. Weight = MULT/100 (or /200 when NSS!=NSC) / NO_QTR; household religion joined from the household file. The run reproduces the round's published all-India LFPR/WPR/UR to 0.1. Pulled via the MoSPI NADA API; zip sha256 in sources/nada/plfs-2022-23/. NSO unit-data rider: religion is self-reported and the survey is designed for labour-force estimation, so religion figures are indicative (no sub-state estimates). Year=2022 is the start of the Jul-2022 to Jun-2023 reference period.",false
salaried-share,national,IN,2022,hindu,male,rural,15.0,all_workers_usual_status_ps_ss,69097,,,plfs-microdata,sources/nada/plfs-2022-23/Data_in_CSV.zip,canonicalize-salaried-share-v2.1.0-20260611T005144Z,"Computed from PLFS 2022-23 unit-level microdata (first-visit person file, usual status ps+ss, age 15+, rural, males): share of workers in regular wage/salaried employment. Weight = MULT/100 (or /200 when NSS!=NSC) / NO_QTR; household religion joined from the household file. The run reproduces the round's published all-India LFPR/WPR/UR to 0.1. Pulled via the MoSPI NADA API; zip sha256 in sources/nada/plfs-2022-23/. NSO unit-data rider: religion is self-reported and the survey is designed for labour-force estimation, so religion figures are indicative (no sub-state estimates). Year=2022 is the start of the Jul-2022 to Jun-2023 reference period.",false
salaried-share,national,IN,2022,hindu,all,urban,50.5,all_workers_usual_status_ps_ss,100991,,,plfs-microdata,sources/nada/plfs-2022-23/Data_in_CSV.zip,canonicalize-salaried-share-v2.1.0-20260611T005144Z,"Computed from PLFS 2022-23 unit-level microdata (first-visit person file, usual status ps+ss, age 15+, urban, both sexes): share of workers in regular wage/salaried employment. Weight = MULT/100 (or /200 when NSS!=NSC) / NO_QTR; household religion joined from the household file. The run reproduces the round's published all-India LFPR/WPR/UR to 0.1. Pulled via the MoSPI NADA API; zip sha256 in sources/nada/plfs-2022-23/. NSO unit-data rider: religion is self-reported and the survey is designed for labour-force estimation, so religion figures are indicative (no sub-state estimates). Year=2022 is the start of the Jul-2022 to Jun-2023 reference period.",false
salaried-share,national,IN,2022,hindu,female,urban,52.6,all_workers_usual_status_ps_ss,49639,,,plfs-microdata,sources/nada/plfs-2022-23/Data_in_CSV.zip,canonicalize-salaried-share-v2.1.0-20260611T005144Z,"Computed from PLFS 2022-23 unit-level microdata (first-visit person file, usual status ps+ss, age 15+, urban, females): share of workers in regular wage/salaried employment. Weight = MULT/100 (or /200 when NSS!=NSC) / NO_QTR; household religion joined from the household file. The run reproduces the round's published all-India LFPR/WPR/UR to 0.1. Pulled via the MoSPI NADA API; zip sha256 in sources/nada/plfs-2022-23/. NSO unit-data rider: religion is self-reported and the survey is designed for labour-force estimation, so religion figures are indicative (no sub-state estimates). Year=2022 is the start of the Jul-2022 to Jun-2023 reference period.",false
salaried-share,national,IN,2022,hindu,male,urban,49.8,all_workers_usual_status_ps_ss,51349,,,plfs-microdata,sources/nada/plfs-2022-23/Data_in_CSV.zip,canonicalize-salaried-share-v2.1.0-20260611T005144Z,"Computed from PLFS 2022-23 unit-level microdata (first-visit person file, usual status ps+ss, age 15+, urban, males): share of workers in regular wage/salaried employment. Weight = MULT/100 (or /200 when NSS!=NSC) / NO_QTR; household religion joined from the household file. The run reproduces the round's published all-India LFPR/WPR/UR to 0.1. Pulled via the MoSPI NADA API; zip sha256 in sources/nada/plfs-2022-23/. NSO unit-data rider: religion is self-reported and the survey is designed for labour-force estimation, so religion figures are indicative (no sub-state estimates). Year=2022 is the start of the Jul-2022 to Jun-2023 reference period.",false
salaried-share,national,IN,2022,muslim,all,all,15.3,all_workers_usual_status_ps_ss,45656,,,plfs-microdata,sources/nada/plfs-2022-23/Data_in_CSV.zip,canonicalize-salaried-share-v2.1.0-20260611T005144Z,"Computed from PLFS 2022-23 unit-level microdata (first-visit person file, usual status ps+ss, age 15+, rural+urban, both sexes): share of workers in regular wage/salaried employment. Weight = MULT/100 (or /200 when NSS!=NSC) / NO_QTR; household religion joined from the household file. The run reproduces the round's published all-India LFPR/WPR/UR to 0.1. Pulled via the MoSPI NADA API; zip sha256 in sources/nada/plfs-2022-23/. NSO unit-data rider: religion is self-reported and the survey is designed for labour-force estimation, so religion figures are indicative (no sub-state estimates). Year=2022 is the start of the Jul-2022 to Jun-2023 reference period.",false
salaried-share,national,IN,2022,muslim,female,all,11.8,all_workers_usual_status_ps_ss,22694,,,plfs-microdata,sources/nada/plfs-2022-23/Data_in_CSV.zip,canonicalize-salaried-share-v2.1.0-20260611T005144Z,"Computed from PLFS 2022-23 unit-level microdata (first-visit person file, usual status ps+ss, age 15+, rural+urban, females): share of workers in regular wage/salaried employment. Weight = MULT/100 (or /200 when NSS!=NSC) / NO_QTR; household religion joined from the household file. The run reproduces the round's published all-India LFPR/WPR/UR to 0.1. Pulled via the MoSPI NADA API; zip sha256 in sources/nada/plfs-2022-23/. NSO unit-data rider: religion is self-reported and the survey is designed for labour-force estimation, so religion figures are indicative (no sub-state estimates). Year=2022 is the start of the Jul-2022 to Jun-2023 reference period.",false
salaried-share,national,IN,2022,muslim,male,all,16.1,all_workers_usual_status_ps_ss,22962,,,plfs-microdata,sources/nada/plfs-2022-23/Data_in_CSV.zip,canonicalize-salaried-share-v2.1.0-20260611T005144Z,"Computed from PLFS 2022-23 unit-level microdata (first-visit person file, usual status ps+ss, age 15+, rural+urban, males): share of workers in regular wage/salaried employment. Weight = MULT/100 (or /200 when NSS!=NSC) / NO_QTR; household religion joined from the household file. The run reproduces the round's published all-India LFPR/WPR/UR to 0.1. Pulled via the MoSPI NADA API; zip sha256 in sources/nada/plfs-2022-23/. NSO unit-data rider: religion is self-reported and the survey is designed for labour-force estimation, so religion figures are indicative (no sub-state estimates). Year=2022 is the start of the Jul-2022 to Jun-2023 reference period.",false
salaried-share,national,IN,2022,muslim,all,rural,9.2,all_workers_usual_status_ps_ss,22656,,,plfs-microdata,sources/nada/plfs-2022-23/Data_in_CSV.zip,canonicalize-salaried-share-v2.1.0-20260611T005144Z,"Computed from PLFS 2022-23 unit-level microdata (first-visit person file, usual status ps+ss, age 15+, rural, both sexes): share of workers in regular wage/salaried employment. Weight = MULT/100 (or /200 when NSS!=NSC) / NO_QTR; household religion joined from the household file. The run reproduces the round's published all-India LFPR/WPR/UR to 0.1. Pulled via the MoSPI NADA API; zip sha256 in sources/nada/plfs-2022-23/. NSO unit-data rider: religion is self-reported and the survey is designed for labour-force estimation, so religion figures are indicative (no sub-state estimates). Year=2022 is the start of the Jul-2022 to Jun-2023 reference period.",false
salaried-share,national,IN,2022,muslim,female,rural,6.8,all_workers_usual_status_ps_ss,11307,,,plfs-microdata,sources/nada/plfs-2022-23/Data_in_CSV.zip,canonicalize-salaried-share-v2.1.0-20260611T005144Z,"Computed from PLFS 2022-23 unit-level microdata (first-visit person file, usual status ps+ss, age 15+, rural, females): share of workers in regular wage/salaried employment. Weight = MULT/100 (or /200 when NSS!=NSC) / NO_QTR; household religion joined from the household file. The run reproduces the round's published all-India LFPR/WPR/UR to 0.1. Pulled via the MoSPI NADA API; zip sha256 in sources/nada/plfs-2022-23/. NSO unit-data rider: religion is self-reported and the survey is designed for labour-force estimation, so religion figures are indicative (no sub-state estimates). Year=2022 is the start of the Jul-2022 to Jun-2023 reference period.",false
salaried-share,national,IN,2022,muslim,male,rural,9.8,all_workers_usual_status_ps_ss,11349,,,plfs-microdata,sources/nada/plfs-2022-23/Data_in_CSV.zip,canonicalize-salaried-share-v2.1.0-20260611T005144Z,"Computed from PLFS 2022-23 unit-level microdata (first-visit person file, usual status ps+ss, age 15+, rural, males): share of workers in regular wage/salaried employment. Weight = MULT/100 (or /200 when NSS!=NSC) / NO_QTR; household religion joined from the household file. The run reproduces the round's published all-India LFPR/WPR/UR to 0.1. Pulled via the MoSPI NADA API; zip sha256 in sources/nada/plfs-2022-23/. NSO unit-data rider: religion is self-reported and the survey is designed for labour-force estimation, so religion figures are indicative (no sub-state estimates). Year=2022 is the start of the Jul-2022 to Jun-2023 reference period.",false
salaried-share,national,IN,2022,muslim,all,urban,33.2,all_workers_usual_status_ps_ss,23000,,,plfs-microdata,sources/nada/plfs-2022-23/Data_in_CSV.zip,canonicalize-salaried-share-v2.1.0-20260611T005144Z,"Computed from PLFS 2022-23 unit-level microdata (first-visit person file, usual status ps+ss, age 15+, urban, both sexes): share of workers in regular wage/salaried employment. Weight = MULT/100 (or /200 when NSS!=NSC) / NO_QTR; household religion joined from the household file. The run reproduces the round's published all-India LFPR/WPR/UR to 0.1. Pulled via the MoSPI NADA API; zip sha256 in sources/nada/plfs-2022-23/. NSO unit-data rider: religion is self-reported and the survey is designed for labour-force estimation, so religion figures are indicative (no sub-state estimates). Year=2022 is the start of the Jul-2022 to Jun-2023 reference period.",false
salaried-share,national,IN,2022,muslim,female,urban,29.4,all_workers_usual_status_ps_ss,11387,,,plfs-microdata,sources/nada/plfs-2022-23/Data_in_CSV.zip,canonicalize-salaried-share-v2.1.0-20260611T005144Z,"Computed from PLFS 2022-23 unit-level microdata (first-visit person file, usual status ps+ss, age 15+, urban, females): share of workers in regular wage/salaried employment. Weight = MULT/100 (or /200 when NSS!=NSC) / NO_QTR; household religion joined from the household file. The run reproduces the round's published all-India LFPR/WPR/UR to 0.1. Pulled via the MoSPI NADA API; zip sha256 in sources/nada/plfs-2022-23/. NSO unit-data rider: religion is self-reported and the survey is designed for labour-force estimation, so religion figures are indicative (no sub-state estimates). Year=2022 is the start of the Jul-2022 to Jun-2023 reference period.",false
salaried-share,national,IN,2022,muslim,male,urban,34.0,all_workers_usual_status_ps_ss,11613,,,plfs-microdata,sources/nada/plfs-2022-23/Data_in_CSV.zip,canonicalize-salaried-share-v2.1.0-20260611T005144Z,"Computed from PLFS 2022-23 unit-level microdata (first-visit person file, usual status ps+ss, age 15+, urban, males): share of workers in regular wage/salaried employment. Weight = MULT/100 (or /200 when NSS!=NSC) / NO_QTR; household religion joined from the household file. The run reproduces the round's published all-India LFPR/WPR/UR to 0.1. Pulled via the MoSPI NADA API; zip sha256 in sources/nada/plfs-2022-23/. NSO unit-data rider: religion is self-reported and the survey is designed for labour-force estimation, so religion figures are indicative (no sub-state estimates). Year=2022 is the start of the Jul-2022 to Jun-2023 reference period.",false
salaried-share,national,IN,2022,sikh,all,all,26.0,all_workers_usual_status_ps_ss,6861,,,plfs-microdata,sources/nada/plfs-2022-23/Data_in_CSV.zip,canonicalize-salaried-share-v2.1.0-20260611T005144Z,"Computed from PLFS 2022-23 unit-level microdata (first-visit person file, usual status ps+ss, age 15+, rural+urban, both sexes): share of workers in regular wage/salaried employment. Weight = MULT/100 (or /200 when NSS!=NSC) / NO_QTR; household religion joined from the household file. The run reproduces the round's published all-India LFPR/WPR/UR to 0.1. Pulled via the MoSPI NADA API; zip sha256 in sources/nada/plfs-2022-23/. NSO unit-data rider: religion is self-reported and the survey is designed for labour-force estimation, so religion figures are indicative (no sub-state estimates). Year=2022 is the start of the Jul-2022 to Jun-2023 reference period.",false
salaried-share,national,IN,2022,sikh,female,all,22.6,all_workers_usual_status_ps_ss,3387,,,plfs-microdata,sources/nada/plfs-2022-23/Data_in_CSV.zip,canonicalize-salaried-share-v2.1.0-20260611T005144Z,"Computed from PLFS 2022-23 unit-level microdata (first-visit person file, usual status ps+ss, age 15+, rural+urban, females): share of workers in regular wage/salaried employment. Weight = MULT/100 (or /200 when NSS!=NSC) / NO_QTR; household religion joined from the household file. The run reproduces the round's published all-India LFPR/WPR/UR to 0.1. Pulled via the MoSPI NADA API; zip sha256 in sources/nada/plfs-2022-23/. NSO unit-data rider: religion is self-reported and the survey is designed for labour-force estimation, so religion figures are indicative (no sub-state estimates). Year=2022 is the start of the Jul-2022 to Jun-2023 reference period.",false
salaried-share,national,IN,2022,sikh,male,all,27.2,all_workers_usual_status_ps_ss,3474,,,plfs-microdata,sources/nada/plfs-2022-23/Data_in_CSV.zip,canonicalize-salaried-share-v2.1.0-20260611T005144Z,"Computed from PLFS 2022-23 unit-level microdata (first-visit person file, usual status ps+ss, age 15+, rural+urban, males): share of workers in regular wage/salaried employment. Weight = MULT/100 (or /200 when NSS!=NSC) / NO_QTR; household religion joined from the household file. The run reproduces the round's published all-India LFPR/WPR/UR to 0.1. Pulled via the MoSPI NADA API; zip sha256 in sources/nada/plfs-2022-23/. NSO unit-data rider: religion is self-reported and the survey is designed for labour-force estimation, so religion figures are indicative (no sub-state estimates). Year=2022 is the start of the Jul-2022 to Jun-2023 reference period.",false
salaried-share,national,IN,2022,sikh,all,rural,19.8,all_workers_usual_status_ps_ss,4432,,,plfs-microdata,sources/nada/plfs-2022-23/Data_in_CSV.zip,canonicalize-salaried-share-v2.1.0-20260611T005144Z,"Computed from PLFS 2022-23 unit-level microdata (first-visit person file, usual status ps+ss, age 15+, rural, both sexes): share of workers in regular wage/salaried employment. Weight = MULT/100 (or /200 when NSS!=NSC) / NO_QTR; household religion joined from the household file. The run reproduces the round's published all-India LFPR/WPR/UR to 0.1. Pulled via the MoSPI NADA API; zip sha256 in sources/nada/plfs-2022-23/. NSO unit-data rider: religion is self-reported and the survey is designed for labour-force estimation, so religion figures are indicative (no sub-state estimates). Year=2022 is the start of the Jul-2022 to Jun-2023 reference period.",false
salaried-share,national,IN,2022,sikh,female,rural,15.3,all_workers_usual_status_ps_ss,2179,,,plfs-microdata,sources/nada/plfs-2022-23/Data_in_CSV.zip,canonicalize-salaried-share-v2.1.0-20260611T005144Z,"Computed from PLFS 2022-23 unit-level microdata (first-visit person file, usual status ps+ss, age 15+, rural, females): share of workers in regular wage/salaried employment. Weight = MULT/100 (or /200 when NSS!=NSC) / NO_QTR; household religion joined from the household file. The run reproduces the round's published all-India LFPR/WPR/UR to 0.1. Pulled via the MoSPI NADA API; zip sha256 in sources/nada/plfs-2022-23/. NSO unit-data rider: religion is self-reported and the survey is designed for labour-force estimation, so religion figures are indicative (no sub-state estimates). Year=2022 is the start of the Jul-2022 to Jun-2023 reference period.",false
salaried-share,national,IN,2022,sikh,male,rural,21.6,all_workers_usual_status_ps_ss,2253,,,plfs-microdata,sources/nada/plfs-2022-23/Data_in_CSV.zip,canonicalize-salaried-share-v2.1.0-20260611T005144Z,"Computed from PLFS 2022-23 unit-level microdata (first-visit person file, usual status ps+ss, age 15+, rural, males): share of workers in regular wage/salaried employment. Weight = MULT/100 (or /200 when NSS!=NSC) / NO_QTR; household religion joined from the household file. The run reproduces the round's published all-India LFPR/WPR/UR to 0.1. Pulled via the MoSPI NADA API; zip sha256 in sources/nada/plfs-2022-23/. NSO unit-data rider: religion is self-reported and the survey is designed for labour-force estimation, so religion figures are indicative (no sub-state estimates). Year=2022 is the start of the Jul-2022 to Jun-2023 reference period.",false
salaried-share,national,IN,2022,sikh,all,urban,48.8,all_workers_usual_status_ps_ss,2429,,,plfs-microdata,sources/nada/plfs-2022-23/Data_in_CSV.zip,canonicalize-salaried-share-v2.1.0-20260611T005144Z,"Computed from PLFS 2022-23 unit-level microdata (first-visit person file, usual status ps+ss, age 15+, urban, both sexes): share of workers in regular wage/salaried employment. Weight = MULT/100 (or /200 when NSS!=NSC) / NO_QTR; household religion joined from the household file. The run reproduces the round's published all-India LFPR/WPR/UR to 0.1. Pulled via the MoSPI NADA API; zip sha256 in sources/nada/plfs-2022-23/. NSO unit-data rider: religion is self-reported and the survey is designed for labour-force estimation, so religion figures are indicative (no sub-state estimates). Year=2022 is the start of the Jul-2022 to Jun-2023 reference period.",false
salaried-share,national,IN,2022,sikh,female,urban,60.6,all_workers_usual_status_ps_ss,1208,,,plfs-microdata,sources/nada/plfs-2022-23/Data_in_CSV.zip,canonicalize-salaried-share-v2.1.0-20260611T005144Z,"Computed from PLFS 2022-23 unit-level microdata (first-visit person file, usual status ps+ss, age 15+, urban, females): share of workers in regular wage/salaried employment. Weight = MULT/100 (or /200 when NSS!=NSC) / NO_QTR; household religion joined from the household file. The run reproduces the round's published all-India LFPR/WPR/UR to 0.1. Pulled via the MoSPI NADA API; zip sha256 in sources/nada/plfs-2022-23/. NSO unit-data rider: religion is self-reported and the survey is designed for labour-force estimation, so religion figures are indicative (no sub-state estimates). Year=2022 is the start of the Jul-2022 to Jun-2023 reference period.",false
salaried-share,national,IN,2022,sikh,male,urban,45.9,all_workers_usual_status_ps_ss,1221,,,plfs-microdata,sources/nada/plfs-2022-23/Data_in_CSV.zip,canonicalize-salaried-share-v2.1.0-20260611T005144Z,"Computed from PLFS 2022-23 unit-level microdata (first-visit person file, usual status ps+ss, age 15+, urban, males): share of workers in regular wage/salaried employment. Weight = MULT/100 (or /200 when NSS!=NSC) / NO_QTR; household religion joined from the household file. The run reproduces the round's published all-India LFPR/WPR/UR to 0.1. Pulled via the MoSPI NADA API; zip sha256 in sources/nada/plfs-2022-23/. NSO unit-data rider: religion is self-reported and the survey is designed for labour-force estimation, so religion figures are indicative (no sub-state estimates). Year=2022 is the start of the Jul-2022 to Jun-2023 reference period.",false
