metric_id,geography_level,geography_code,year,religion,sex,residence,value,denominator,sample_size,ci_lower,ci_upper,source_id,source_document,extraction_run,methodology_note,break_flag
wpr-15plus,national,IN,2023,muslim,all,all,53.2,population_age_15plus,,,,plfs,sources/plfs/annual/plfs-annual-report-2023-24.pdf,canonicalize-wpr-15plus-v2.1.0-20260611T200615Z,"PLFS 2023-24 Table 48 (page 396-400). Usual status (ps+ss), rural+urban, both sexes.",false
wpr-15plus,national,IN,2023,muslim,all,urban,47.2,population_age_15plus,,,,plfs,sources/plfs/annual/plfs-annual-report-2023-24.pdf,canonicalize-wpr-15plus-v2.1.0-20260611T200615Z,"PLFS 2023-24 Table 48 (page 396-400). Usual status (ps+ss), urban, both sexes.",false
wpr-15plus,national,IN,2023,muslim,all,rural,56.7,population_age_15plus,,,,plfs,sources/plfs/annual/plfs-annual-report-2023-24.pdf,canonicalize-wpr-15plus-v2.1.0-20260611T200615Z,"PLFS 2023-24 Table 48 (page 396-400). Usual status (ps+ss), rural, both sexes.",false
wpr-15plus,national,IN,2023,muslim,male,all,78.1,population_age_15plus,,,,plfs,sources/plfs/annual/plfs-annual-report-2023-24.pdf,canonicalize-wpr-15plus-v2.1.0-20260611T200615Z,"PLFS 2023-24 Table 48 (page 396-400). Usual status (ps+ss), rural+urban, males.",false
wpr-15plus,national,IN,2023,muslim,male,urban,75.7,population_age_15plus,,,,plfs,sources/plfs/annual/plfs-annual-report-2023-24.pdf,canonicalize-wpr-15plus-v2.1.0-20260611T200615Z,"PLFS 2023-24 Table 48 (page 396-400). Usual status (ps+ss), urban, males.",false
wpr-15plus,national,IN,2023,muslim,male,rural,79.6,population_age_15plus,,,,plfs,sources/plfs/annual/plfs-annual-report-2023-24.pdf,canonicalize-wpr-15plus-v2.1.0-20260611T200615Z,"PLFS 2023-24 Table 48 (page 396-400). Usual status (ps+ss), rural, males.",false
wpr-15plus,national,IN,2023,muslim,female,all,29.1,population_age_15plus,,,,plfs,sources/plfs/annual/plfs-annual-report-2023-24.pdf,canonicalize-wpr-15plus-v2.1.0-20260611T200615Z,"PLFS 2023-24 Table 48 (page 396-400). Usual status (ps+ss), rural+urban, females.",false
wpr-15plus,national,IN,2023,muslim,female,urban,18.3,population_age_15plus,,,,plfs,sources/plfs/annual/plfs-annual-report-2023-24.pdf,canonicalize-wpr-15plus-v2.1.0-20260611T200615Z,"PLFS 2023-24 Table 48 (page 396-400). Usual status (ps+ss), urban, females.",false
wpr-15plus,national,IN,2023,muslim,female,rural,35.1,population_age_15plus,,,,plfs,sources/plfs/annual/plfs-annual-report-2023-24.pdf,canonicalize-wpr-15plus-v2.1.0-20260611T200615Z,"PLFS 2023-24 Table 48 (page 396-400). Usual status (ps+ss), rural, females.",false
wpr-15plus,national,IN,2023,hindu,all,all,59.1,population_age_15plus,,,,plfs,sources/plfs/annual/plfs-annual-report-2023-24.pdf,canonicalize-wpr-15plus-v2.1.0-20260611T200615Z,"PLFS 2023-24 Table 48 (page 396-400). Usual status (ps+ss), rural+urban, both sexes.",false
wpr-15plus,national,IN,2023,hindu,all,urban,49.9,population_age_15plus,,,,plfs,sources/plfs/annual/plfs-annual-report-2023-24.pdf,canonicalize-wpr-15plus-v2.1.0-20260611T200615Z,"PLFS 2023-24 Table 48 (page 396-400). Usual status (ps+ss), urban, both sexes.",false
wpr-15plus,national,IN,2023,hindu,all,rural,62.9,population_age_15plus,,,,plfs,sources/plfs/annual/plfs-annual-report-2023-24.pdf,canonicalize-wpr-15plus-v2.1.0-20260611T200615Z,"PLFS 2023-24 Table 48 (page 396-400). Usual status (ps+ss), rural, both sexes.",false
wpr-15plus,national,IN,2023,hindu,male,all,76.1,population_age_15plus,,,,plfs,sources/plfs/annual/plfs-annual-report-2023-24.pdf,canonicalize-wpr-15plus-v2.1.0-20260611T200615Z,"PLFS 2023-24 Table 48 (page 396-400). Usual status (ps+ss), rural+urban, males.",false
wpr-15plus,national,IN,2023,hindu,male,urban,71.9,population_age_15plus,,,,plfs,sources/plfs/annual/plfs-annual-report-2023-24.pdf,canonicalize-wpr-15plus-v2.1.0-20260611T200615Z,"PLFS 2023-24 Table 48 (page 396-400). Usual status (ps+ss), urban, males.",false
wpr-15plus,national,IN,2023,hindu,male,rural,78.0,population_age_15plus,,,,plfs,sources/plfs/annual/plfs-annual-report-2023-24.pdf,canonicalize-wpr-15plus-v2.1.0-20260611T200615Z,"PLFS 2023-24 Table 48 (page 396-400). Usual status (ps+ss), rural, males.",false
wpr-15plus,national,IN,2023,hindu,female,all,42.1,population_age_15plus,,,,plfs,sources/plfs/annual/plfs-annual-report-2023-24.pdf,canonicalize-wpr-15plus-v2.1.0-20260611T200615Z,"PLFS 2023-24 Table 48 (page 396-400). Usual status (ps+ss), rural+urban, females.",false
wpr-15plus,national,IN,2023,hindu,female,urban,27.2,population_age_15plus,,,,plfs,sources/plfs/annual/plfs-annual-report-2023-24.pdf,canonicalize-wpr-15plus-v2.1.0-20260611T200615Z,"PLFS 2023-24 Table 48 (page 396-400). Usual status (ps+ss), urban, females.",false
wpr-15plus,national,IN,2023,hindu,female,rural,48.1,population_age_15plus,,,,plfs,sources/plfs/annual/plfs-annual-report-2023-24.pdf,canonicalize-wpr-15plus-v2.1.0-20260611T200615Z,"PLFS 2023-24 Table 48 (page 396-400). Usual status (ps+ss), rural, females.",false
wpr-15plus,national,IN,2023,christian,all,all,59.9,population_age_15plus,,,,plfs,sources/plfs/annual/plfs-annual-report-2023-24.pdf,canonicalize-wpr-15plus-v2.1.0-20260611T200615Z,"PLFS 2023-24 Table 48 (page 396-400). Usual status (ps+ss), rural+urban, both sexes.",false
wpr-15plus,national,IN,2023,christian,all,urban,49.4,population_age_15plus,,,,plfs,sources/plfs/annual/plfs-annual-report-2023-24.pdf,canonicalize-wpr-15plus-v2.1.0-20260611T200615Z,"PLFS 2023-24 Table 48 (page 396-400). Usual status (ps+ss), urban, both sexes.",false
wpr-15plus,national,IN,2023,christian,all,rural,65.9,population_age_15plus,,,,plfs,sources/plfs/annual/plfs-annual-report-2023-24.pdf,canonicalize-wpr-15plus-v2.1.0-20260611T200615Z,"PLFS 2023-24 Table 48 (page 396-400). Usual status (ps+ss), rural, both sexes.",false
wpr-15plus,national,IN,2023,christian,male,all,73.0,population_age_15plus,,,,plfs,sources/plfs/annual/plfs-annual-report-2023-24.pdf,canonicalize-wpr-15plus-v2.1.0-20260611T200615Z,"PLFS 2023-24 Table 48 (page 396-400). Usual status (ps+ss), rural+urban, males.",false
wpr-15plus,national,IN,2023,christian,male,urban,66.2,population_age_15plus,,,,plfs,sources/plfs/annual/plfs-annual-report-2023-24.pdf,canonicalize-wpr-15plus-v2.1.0-20260611T200615Z,"PLFS 2023-24 Table 48 (page 396-400). Usual status (ps+ss), urban, males.",false
wpr-15plus,national,IN,2023,christian,male,rural,76.9,population_age_15plus,,,,plfs,sources/plfs/annual/plfs-annual-report-2023-24.pdf,canonicalize-wpr-15plus-v2.1.0-20260611T200615Z,"PLFS 2023-24 Table 48 (page 396-400). Usual status (ps+ss), rural, males.",false
wpr-15plus,national,IN,2023,christian,female,all,47.6,population_age_15plus,,,,plfs,sources/plfs/annual/plfs-annual-report-2023-24.pdf,canonicalize-wpr-15plus-v2.1.0-20260611T200615Z,"PLFS 2023-24 Table 48 (page 396-400). Usual status (ps+ss), rural+urban, females.",false
wpr-15plus,national,IN,2023,christian,female,urban,34.3,population_age_15plus,,,,plfs,sources/plfs/annual/plfs-annual-report-2023-24.pdf,canonicalize-wpr-15plus-v2.1.0-20260611T200615Z,"PLFS 2023-24 Table 48 (page 396-400). Usual status (ps+ss), urban, females.",false
wpr-15plus,national,IN,2023,christian,female,rural,55.5,population_age_15plus,,,,plfs,sources/plfs/annual/plfs-annual-report-2023-24.pdf,canonicalize-wpr-15plus-v2.1.0-20260611T200615Z,"PLFS 2023-24 Table 48 (page 396-400). Usual status (ps+ss), rural, females.",false
wpr-15plus,national,IN,2023,sikh,all,all,52.8,population_age_15plus,,,,plfs,sources/plfs/annual/plfs-annual-report-2023-24.pdf,canonicalize-wpr-15plus-v2.1.0-20260611T200615Z,"PLFS 2023-24 Table 48 (page 396-400). Usual status (ps+ss), rural+urban, both sexes.",false
wpr-15plus,national,IN,2023,sikh,all,urban,45.8,population_age_15plus,,,,plfs,sources/plfs/annual/plfs-annual-report-2023-24.pdf,canonicalize-wpr-15plus-v2.1.0-20260611T200615Z,"PLFS 2023-24 Table 48 (page 396-400). Usual status (ps+ss), urban, both sexes.",false
wpr-15plus,national,IN,2023,sikh,all,rural,55.2,population_age_15plus,,,,plfs,sources/plfs/annual/plfs-annual-report-2023-24.pdf,canonicalize-wpr-15plus-v2.1.0-20260611T200615Z,"PLFS 2023-24 Table 48 (page 396-400). Usual status (ps+ss), rural, both sexes.",false
wpr-15plus,national,IN,2023,sikh,male,all,75.3,population_age_15plus,,,,plfs,sources/plfs/annual/plfs-annual-report-2023-24.pdf,canonicalize-wpr-15plus-v2.1.0-20260611T200615Z,"PLFS 2023-24 Table 48 (page 396-400). Usual status (ps+ss), rural+urban, males.",false
wpr-15plus,national,IN,2023,sikh,male,urban,71.7,population_age_15plus,,,,plfs,sources/plfs/annual/plfs-annual-report-2023-24.pdf,canonicalize-wpr-15plus-v2.1.0-20260611T200615Z,"PLFS 2023-24 Table 48 (page 396-400). Usual status (ps+ss), urban, males.",false
wpr-15plus,national,IN,2023,sikh,male,rural,76.4,population_age_15plus,,,,plfs,sources/plfs/annual/plfs-annual-report-2023-24.pdf,canonicalize-wpr-15plus-v2.1.0-20260611T200615Z,"PLFS 2023-24 Table 48 (page 396-400). Usual status (ps+ss), rural, males.",false
wpr-15plus,national,IN,2023,sikh,female,all,30.4,population_age_15plus,,,,plfs,sources/plfs/annual/plfs-annual-report-2023-24.pdf,canonicalize-wpr-15plus-v2.1.0-20260611T200615Z,"PLFS 2023-24 Table 48 (page 396-400). Usual status (ps+ss), rural+urban, females.",false
wpr-15plus,national,IN,2023,sikh,female,urban,20.8,population_age_15plus,,,,plfs,sources/plfs/annual/plfs-annual-report-2023-24.pdf,canonicalize-wpr-15plus-v2.1.0-20260611T200615Z,"PLFS 2023-24 Table 48 (page 396-400). Usual status (ps+ss), urban, females.",false
wpr-15plus,national,IN,2023,sikh,female,rural,33.7,population_age_15plus,,,,plfs,sources/plfs/annual/plfs-annual-report-2023-24.pdf,canonicalize-wpr-15plus-v2.1.0-20260611T200615Z,"PLFS 2023-24 Table 48 (page 396-400). Usual status (ps+ss), rural, females.",false
wpr-15plus,national,IN,2023,all,all,all,58.2,population_age_15plus,,,,plfs,sources/plfs/annual/plfs-annual-report-2023-24.pdf,canonicalize-wpr-15plus-v2.1.0-20260611T200615Z,"PLFS 2023-24 Table 48 (page 396-400). Usual status (ps+ss), rural+urban, both sexes.",false
wpr-15plus,national,IN,2023,all,all,urban,49.4,population_age_15plus,,,,plfs,sources/plfs/annual/plfs-annual-report-2023-24.pdf,canonicalize-wpr-15plus-v2.1.0-20260611T200615Z,"PLFS 2023-24 Table 48 (page 396-400). Usual status (ps+ss), urban, both sexes.",false
wpr-15plus,national,IN,2023,all,all,rural,62.1,population_age_15plus,,,,plfs,sources/plfs/annual/plfs-annual-report-2023-24.pdf,canonicalize-wpr-15plus-v2.1.0-20260611T200615Z,"PLFS 2023-24 Table 48 (page 396-400). Usual status (ps+ss), rural, both sexes.",false
wpr-15plus,national,IN,2023,all,male,all,76.3,population_age_15plus,,,,plfs,sources/plfs/annual/plfs-annual-report-2023-24.pdf,canonicalize-wpr-15plus-v2.1.0-20260611T200615Z,"PLFS 2023-24 Table 48 (page 396-400). Usual status (ps+ss), rural+urban, males.",false
wpr-15plus,national,IN,2023,all,male,urban,72.3,population_age_15plus,,,,plfs,sources/plfs/annual/plfs-annual-report-2023-24.pdf,canonicalize-wpr-15plus-v2.1.0-20260611T200615Z,"PLFS 2023-24 Table 48 (page 396-400). Usual status (ps+ss), urban, males.",false
wpr-15plus,national,IN,2023,all,male,rural,78.1,population_age_15plus,,,,plfs,sources/plfs/annual/plfs-annual-report-2023-24.pdf,canonicalize-wpr-15plus-v2.1.0-20260611T200615Z,"PLFS 2023-24 Table 48 (page 396-400). Usual status (ps+ss), rural, males.",false
wpr-15plus,national,IN,2023,all,female,all,40.3,population_age_15plus,,,,plfs,sources/plfs/annual/plfs-annual-report-2023-24.pdf,canonicalize-wpr-15plus-v2.1.0-20260611T200615Z,"PLFS 2023-24 Table 48 (page 396-400). Usual status (ps+ss), rural+urban, females.",false
wpr-15plus,national,IN,2023,all,female,urban,26.0,population_age_15plus,,,,plfs,sources/plfs/annual/plfs-annual-report-2023-24.pdf,canonicalize-wpr-15plus-v2.1.0-20260611T200615Z,"PLFS 2023-24 Table 48 (page 396-400). Usual status (ps+ss), urban, females.",false
wpr-15plus,national,IN,2023,all,female,rural,46.5,population_age_15plus,,,,plfs,sources/plfs/annual/plfs-annual-report-2023-24.pdf,canonicalize-wpr-15plus-v2.1.0-20260611T200615Z,"PLFS 2023-24 Table 48 (page 396-400). Usual status (ps+ss), rural, females.",false
wpr-15plus,national,IN,2017,all,all,all,46.8,population_age_15plus,330620,,,plfs-microdata,sources/nada/plfs-2017-18/CSV_PLFS_July2017_June2018.zip,canonicalize-wpr-15plus-v2.1.0-20260611T200615Z,"Computed from PLFS 2017-18 unit-level microdata (first-visit person file, usual status ps+ss, age 15+, rural+urban, both sexes): worker population ratio. Weight = MULT/100 (or /200 when NSS!=NSC) / NO_QTR; household religion joined from the household file. The run reproduces the round's published all-India LFPR/WPR/UR to 0.1. Pulled via the MoSPI NADA API; zip sha256 in sources/nada/plfs-2017-18/. NSO unit-data rider: religion is self-reported and the survey is designed for labour-force estimation, so religion figures are indicative (no sub-state estimates). Year=2017 is the start of the Jul-2017 to Jun-2018 reference period.",true
wpr-15plus,national,IN,2017,all,female,all,22.0,population_age_15plus,163000,,,plfs-microdata,sources/nada/plfs-2017-18/CSV_PLFS_July2017_June2018.zip,canonicalize-wpr-15plus-v2.1.0-20260611T200615Z,"Computed from PLFS 2017-18 unit-level microdata (first-visit person file, usual status ps+ss, age 15+, rural+urban, females): worker population ratio. Weight = MULT/100 (or /200 when NSS!=NSC) / NO_QTR; household religion joined from the household file. The run reproduces the round's published all-India LFPR/WPR/UR to 0.1. Pulled via the MoSPI NADA API; zip sha256 in sources/nada/plfs-2017-18/. NSO unit-data rider: religion is self-reported and the survey is designed for labour-force estimation, so religion figures are indicative (no sub-state estimates). Year=2017 is the start of the Jul-2017 to Jun-2018 reference period.",true
wpr-15plus,national,IN,2017,all,male,all,71.2,population_age_15plus,167576,,,plfs-microdata,sources/nada/plfs-2017-18/CSV_PLFS_July2017_June2018.zip,canonicalize-wpr-15plus-v2.1.0-20260611T200615Z,"Computed from PLFS 2017-18 unit-level microdata (first-visit person file, usual status ps+ss, age 15+, rural+urban, males): worker population ratio. Weight = MULT/100 (or /200 when NSS!=NSC) / NO_QTR; household religion joined from the household file. The run reproduces the round's published all-India LFPR/WPR/UR to 0.1. Pulled via the MoSPI NADA API; zip sha256 in sources/nada/plfs-2017-18/. NSO unit-data rider: religion is self-reported and the survey is designed for labour-force estimation, so religion figures are indicative (no sub-state estimates). Year=2017 is the start of the Jul-2017 to Jun-2018 reference period.",true
wpr-15plus,national,IN,2017,all,all,rural,48.1,population_age_15plus,184935,,,plfs-microdata,sources/nada/plfs-2017-18/CSV_PLFS_July2017_June2018.zip,canonicalize-wpr-15plus-v2.1.0-20260611T200615Z,"Computed from PLFS 2017-18 unit-level microdata (first-visit person file, usual status ps+ss, age 15+, rural, both sexes): worker population ratio. Weight = MULT/100 (or /200 when NSS!=NSC) / NO_QTR; household religion joined from the household file. The run reproduces the round's published all-India LFPR/WPR/UR to 0.1. Pulled via the MoSPI NADA API; zip sha256 in sources/nada/plfs-2017-18/. NSO unit-data rider: religion is self-reported and the survey is designed for labour-force estimation, so religion figures are indicative (no sub-state estimates). Year=2017 is the start of the Jul-2017 to Jun-2018 reference period.",true
wpr-15plus,national,IN,2017,all,female,rural,23.7,population_age_15plus,90754,,,plfs-microdata,sources/nada/plfs-2017-18/CSV_PLFS_July2017_June2018.zip,canonicalize-wpr-15plus-v2.1.0-20260611T200615Z,"Computed from PLFS 2017-18 unit-level microdata (first-visit person file, usual status ps+ss, age 15+, rural, females): worker population ratio. Weight = MULT/100 (or /200 when NSS!=NSC) / NO_QTR; household religion joined from the household file. The run reproduces the round's published all-India LFPR/WPR/UR to 0.1. Pulled via the MoSPI NADA API; zip sha256 in sources/nada/plfs-2017-18/. NSO unit-data rider: religion is self-reported and the survey is designed for labour-force estimation, so religion figures are indicative (no sub-state estimates). Year=2017 is the start of the Jul-2017 to Jun-2018 reference period.",true
wpr-15plus,national,IN,2017,all,male,rural,72.0,population_age_15plus,94164,,,plfs-microdata,sources/nada/plfs-2017-18/CSV_PLFS_July2017_June2018.zip,canonicalize-wpr-15plus-v2.1.0-20260611T200615Z,"Computed from PLFS 2017-18 unit-level microdata (first-visit person file, usual status ps+ss, age 15+, rural, males): worker population ratio. Weight = MULT/100 (or /200 when NSS!=NSC) / NO_QTR; household religion joined from the household file. The run reproduces the round's published all-India LFPR/WPR/UR to 0.1. Pulled via the MoSPI NADA API; zip sha256 in sources/nada/plfs-2017-18/. NSO unit-data rider: religion is self-reported and the survey is designed for labour-force estimation, so religion figures are indicative (no sub-state estimates). Year=2017 is the start of the Jul-2017 to Jun-2018 reference period.",true
wpr-15plus,national,IN,2017,all,all,urban,43.9,population_age_15plus,145685,,,plfs-microdata,sources/nada/plfs-2017-18/CSV_PLFS_July2017_June2018.zip,canonicalize-wpr-15plus-v2.1.0-20260611T200615Z,"Computed from PLFS 2017-18 unit-level microdata (first-visit person file, usual status ps+ss, age 15+, urban, both sexes): worker population ratio. Weight = MULT/100 (or /200 when NSS!=NSC) / NO_QTR; household religion joined from the household file. The run reproduces the round's published all-India LFPR/WPR/UR to 0.1. Pulled via the MoSPI NADA API; zip sha256 in sources/nada/plfs-2017-18/. NSO unit-data rider: religion is self-reported and the survey is designed for labour-force estimation, so religion figures are indicative (no sub-state estimates). Year=2017 is the start of the Jul-2017 to Jun-2018 reference period.",true
wpr-15plus,national,IN,2017,all,female,urban,18.2,population_age_15plus,72246,,,plfs-microdata,sources/nada/plfs-2017-18/CSV_PLFS_July2017_June2018.zip,canonicalize-wpr-15plus-v2.1.0-20260611T200615Z,"Computed from PLFS 2017-18 unit-level microdata (first-visit person file, usual status ps+ss, age 15+, urban, females): worker population ratio. Weight = MULT/100 (or /200 when NSS!=NSC) / NO_QTR; household religion joined from the household file. The run reproduces the round's published all-India LFPR/WPR/UR to 0.1. Pulled via the MoSPI NADA API; zip sha256 in sources/nada/plfs-2017-18/. NSO unit-data rider: religion is self-reported and the survey is designed for labour-force estimation, so religion figures are indicative (no sub-state estimates). Year=2017 is the start of the Jul-2017 to Jun-2018 reference period.",true
wpr-15plus,national,IN,2017,all,male,urban,69.3,population_age_15plus,73412,,,plfs-microdata,sources/nada/plfs-2017-18/CSV_PLFS_July2017_June2018.zip,canonicalize-wpr-15plus-v2.1.0-20260611T200615Z,"Computed from PLFS 2017-18 unit-level microdata (first-visit person file, usual status ps+ss, age 15+, urban, males): worker population ratio. Weight = MULT/100 (or /200 when NSS!=NSC) / NO_QTR; household religion joined from the household file. The run reproduces the round's published all-India LFPR/WPR/UR to 0.1. Pulled via the MoSPI NADA API; zip sha256 in sources/nada/plfs-2017-18/. NSO unit-data rider: religion is self-reported and the survey is designed for labour-force estimation, so religion figures are indicative (no sub-state estimates). Year=2017 is the start of the Jul-2017 to Jun-2018 reference period.",true
wpr-15plus,national,IN,2017,christian,all,all,46.4,population_age_15plus,23246,,,plfs-microdata,sources/nada/plfs-2017-18/CSV_PLFS_July2017_June2018.zip,canonicalize-wpr-15plus-v2.1.0-20260611T200615Z,"Computed from PLFS 2017-18 unit-level microdata (first-visit person file, usual status ps+ss, age 15+, rural+urban, both sexes): worker population ratio. Weight = MULT/100 (or /200 when NSS!=NSC) / NO_QTR; household religion joined from the household file. The run reproduces the round's published all-India LFPR/WPR/UR to 0.1. Pulled via the MoSPI NADA API; zip sha256 in sources/nada/plfs-2017-18/. NSO unit-data rider: religion is self-reported and the survey is designed for labour-force estimation, so religion figures are indicative (no sub-state estimates). Year=2017 is the start of the Jul-2017 to Jun-2018 reference period.",true
wpr-15plus,national,IN,2017,christian,female,all,25.9,population_age_15plus,11707,,,plfs-microdata,sources/nada/plfs-2017-18/CSV_PLFS_July2017_June2018.zip,canonicalize-wpr-15plus-v2.1.0-20260611T200615Z,"Computed from PLFS 2017-18 unit-level microdata (first-visit person file, usual status ps+ss, age 15+, rural+urban, females): worker population ratio. Weight = MULT/100 (or /200 when NSS!=NSC) / NO_QTR; household religion joined from the household file. The run reproduces the round's published all-India LFPR/WPR/UR to 0.1. Pulled via the MoSPI NADA API; zip sha256 in sources/nada/plfs-2017-18/. NSO unit-data rider: religion is self-reported and the survey is designed for labour-force estimation, so religion figures are indicative (no sub-state estimates). Year=2017 is the start of the Jul-2017 to Jun-2018 reference period.",true
wpr-15plus,national,IN,2017,christian,male,all,68.0,population_age_15plus,11536,,,plfs-microdata,sources/nada/plfs-2017-18/CSV_PLFS_July2017_June2018.zip,canonicalize-wpr-15plus-v2.1.0-20260611T200615Z,"Computed from PLFS 2017-18 unit-level microdata (first-visit person file, usual status ps+ss, age 15+, rural+urban, males): worker population ratio. Weight = MULT/100 (or /200 when NSS!=NSC) / NO_QTR; household religion joined from the household file. The run reproduces the round's published all-India LFPR/WPR/UR to 0.1. Pulled via the MoSPI NADA API; zip sha256 in sources/nada/plfs-2017-18/. NSO unit-data rider: religion is self-reported and the survey is designed for labour-force estimation, so religion figures are indicative (no sub-state estimates). Year=2017 is the start of the Jul-2017 to Jun-2018 reference period.",true
wpr-15plus,national,IN,2017,christian,all,rural,48.7,population_age_15plus,13003,,,plfs-microdata,sources/nada/plfs-2017-18/CSV_PLFS_July2017_June2018.zip,canonicalize-wpr-15plus-v2.1.0-20260611T200615Z,"Computed from PLFS 2017-18 unit-level microdata (first-visit person file, usual status ps+ss, age 15+, rural, both sexes): worker population ratio. Weight = MULT/100 (or /200 when NSS!=NSC) / NO_QTR; household religion joined from the household file. The run reproduces the round's published all-India LFPR/WPR/UR to 0.1. Pulled via the MoSPI NADA API; zip sha256 in sources/nada/plfs-2017-18/. NSO unit-data rider: religion is self-reported and the survey is designed for labour-force estimation, so religion figures are indicative (no sub-state estimates). Year=2017 is the start of the Jul-2017 to Jun-2018 reference period.",true
wpr-15plus,national,IN,2017,christian,female,rural,27.5,population_age_15plus,6382,,,plfs-microdata,sources/nada/plfs-2017-18/CSV_PLFS_July2017_June2018.zip,canonicalize-wpr-15plus-v2.1.0-20260611T200615Z,"Computed from PLFS 2017-18 unit-level microdata (first-visit person file, usual status ps+ss, age 15+, rural, females): worker population ratio. Weight = MULT/100 (or /200 when NSS!=NSC) / NO_QTR; household religion joined from the household file. The run reproduces the round's published all-India LFPR/WPR/UR to 0.1. Pulled via the MoSPI NADA API; zip sha256 in sources/nada/plfs-2017-18/. NSO unit-data rider: religion is self-reported and the survey is designed for labour-force estimation, so religion figures are indicative (no sub-state estimates). Year=2017 is the start of the Jul-2017 to Jun-2018 reference period.",true
wpr-15plus,national,IN,2017,christian,male,rural,70.2,population_age_15plus,6621,,,plfs-microdata,sources/nada/plfs-2017-18/CSV_PLFS_July2017_June2018.zip,canonicalize-wpr-15plus-v2.1.0-20260611T200615Z,"Computed from PLFS 2017-18 unit-level microdata (first-visit person file, usual status ps+ss, age 15+, rural, males): worker population ratio. Weight = MULT/100 (or /200 when NSS!=NSC) / NO_QTR; household religion joined from the household file. The run reproduces the round's published all-India LFPR/WPR/UR to 0.1. Pulled via the MoSPI NADA API; zip sha256 in sources/nada/plfs-2017-18/. NSO unit-data rider: religion is self-reported and the survey is designed for labour-force estimation, so religion figures are indicative (no sub-state estimates). Year=2017 is the start of the Jul-2017 to Jun-2018 reference period.",true
wpr-15plus,national,IN,2017,christian,all,urban,42.9,population_age_15plus,10243,,,plfs-microdata,sources/nada/plfs-2017-18/CSV_PLFS_July2017_June2018.zip,canonicalize-wpr-15plus-v2.1.0-20260611T200615Z,"Computed from PLFS 2017-18 unit-level microdata (first-visit person file, usual status ps+ss, age 15+, urban, both sexes): worker population ratio. Weight = MULT/100 (or /200 when NSS!=NSC) / NO_QTR; household religion joined from the household file. The run reproduces the round's published all-India LFPR/WPR/UR to 0.1. Pulled via the MoSPI NADA API; zip sha256 in sources/nada/plfs-2017-18/. NSO unit-data rider: religion is self-reported and the survey is designed for labour-force estimation, so religion figures are indicative (no sub-state estimates). Year=2017 is the start of the Jul-2017 to Jun-2018 reference period.",true
wpr-15plus,national,IN,2017,christian,female,urban,23.5,population_age_15plus,5325,,,plfs-microdata,sources/nada/plfs-2017-18/CSV_PLFS_July2017_June2018.zip,canonicalize-wpr-15plus-v2.1.0-20260611T200615Z,"Computed from PLFS 2017-18 unit-level microdata (first-visit person file, usual status ps+ss, age 15+, urban, females): worker population ratio. Weight = MULT/100 (or /200 when NSS!=NSC) / NO_QTR; household religion joined from the household file. The run reproduces the round's published all-India LFPR/WPR/UR to 0.1. Pulled via the MoSPI NADA API; zip sha256 in sources/nada/plfs-2017-18/. NSO unit-data rider: religion is self-reported and the survey is designed for labour-force estimation, so religion figures are indicative (no sub-state estimates). Year=2017 is the start of the Jul-2017 to Jun-2018 reference period.",true
wpr-15plus,national,IN,2017,christian,male,urban,64.5,population_age_15plus,4915,,,plfs-microdata,sources/nada/plfs-2017-18/CSV_PLFS_July2017_June2018.zip,canonicalize-wpr-15plus-v2.1.0-20260611T200615Z,"Computed from PLFS 2017-18 unit-level microdata (first-visit person file, usual status ps+ss, age 15+, urban, males): worker population ratio. Weight = MULT/100 (or /200 when NSS!=NSC) / NO_QTR; household religion joined from the household file. The run reproduces the round's published all-India LFPR/WPR/UR to 0.1. Pulled via the MoSPI NADA API; zip sha256 in sources/nada/plfs-2017-18/. NSO unit-data rider: religion is self-reported and the survey is designed for labour-force estimation, so religion figures are indicative (no sub-state estimates). Year=2017 is the start of the Jul-2017 to Jun-2018 reference period.",true
wpr-15plus,national,IN,2017,hindu,all,all,47.6,population_age_15plus,247668,,,plfs-microdata,sources/nada/plfs-2017-18/CSV_PLFS_July2017_June2018.zip,canonicalize-wpr-15plus-v2.1.0-20260611T200615Z,"Computed from PLFS 2017-18 unit-level microdata (first-visit person file, usual status ps+ss, age 15+, rural+urban, both sexes): worker population ratio. Weight = MULT/100 (or /200 when NSS!=NSC) / NO_QTR; household religion joined from the household file. The run reproduces the round's published all-India LFPR/WPR/UR to 0.1. Pulled via the MoSPI NADA API; zip sha256 in sources/nada/plfs-2017-18/. NSO unit-data rider: religion is self-reported and the survey is designed for labour-force estimation, so religion figures are indicative (no sub-state estimates). Year=2017 is the start of the Jul-2017 to Jun-2018 reference period.",true
wpr-15plus,national,IN,2017,hindu,female,all,23.3,population_age_15plus,121720,,,plfs-microdata,sources/nada/plfs-2017-18/CSV_PLFS_July2017_June2018.zip,canonicalize-wpr-15plus-v2.1.0-20260611T200615Z,"Computed from PLFS 2017-18 unit-level microdata (first-visit person file, usual status ps+ss, age 15+, rural+urban, females): worker population ratio. Weight = MULT/100 (or /200 when NSS!=NSC) / NO_QTR; household religion joined from the household file. The run reproduces the round's published all-India LFPR/WPR/UR to 0.1. Pulled via the MoSPI NADA API; zip sha256 in sources/nada/plfs-2017-18/. NSO unit-data rider: religion is self-reported and the survey is designed for labour-force estimation, so religion figures are indicative (no sub-state estimates). Year=2017 is the start of the Jul-2017 to Jun-2018 reference period.",true
wpr-15plus,national,IN,2017,hindu,male,all,71.3,population_age_15plus,125916,,,plfs-microdata,sources/nada/plfs-2017-18/CSV_PLFS_July2017_June2018.zip,canonicalize-wpr-15plus-v2.1.0-20260611T200615Z,"Computed from PLFS 2017-18 unit-level microdata (first-visit person file, usual status ps+ss, age 15+, rural+urban, males): worker population ratio. Weight = MULT/100 (or /200 when NSS!=NSC) / NO_QTR; household religion joined from the household file. The run reproduces the round's published all-India LFPR/WPR/UR to 0.1. Pulled via the MoSPI NADA API; zip sha256 in sources/nada/plfs-2017-18/. NSO unit-data rider: religion is self-reported and the survey is designed for labour-force estimation, so religion figures are indicative (no sub-state estimates). Year=2017 is the start of the Jul-2017 to Jun-2018 reference period.",true
wpr-15plus,national,IN,2017,hindu,all,rural,48.8,population_age_15plus,141200,,,plfs-microdata,sources/nada/plfs-2017-18/CSV_PLFS_July2017_June2018.zip,canonicalize-wpr-15plus-v2.1.0-20260611T200615Z,"Computed from PLFS 2017-18 unit-level microdata (first-visit person file, usual status ps+ss, age 15+, rural, both sexes): worker population ratio. Weight = MULT/100 (or /200 when NSS!=NSC) / NO_QTR; household religion joined from the household file. The run reproduces the round's published all-India LFPR/WPR/UR to 0.1. Pulled via the MoSPI NADA API; zip sha256 in sources/nada/plfs-2017-18/. NSO unit-data rider: religion is self-reported and the survey is designed for labour-force estimation, so religion figures are indicative (no sub-state estimates). Year=2017 is the start of the Jul-2017 to Jun-2018 reference period.",true
wpr-15plus,national,IN,2017,hindu,female,rural,24.8,population_age_15plus,69275,,,plfs-microdata,sources/nada/plfs-2017-18/CSV_PLFS_July2017_June2018.zip,canonicalize-wpr-15plus-v2.1.0-20260611T200615Z,"Computed from PLFS 2017-18 unit-level microdata (first-visit person file, usual status ps+ss, age 15+, rural, females): worker population ratio. Weight = MULT/100 (or /200 when NSS!=NSC) / NO_QTR; household religion joined from the household file. The run reproduces the round's published all-India LFPR/WPR/UR to 0.1. Pulled via the MoSPI NADA API; zip sha256 in sources/nada/plfs-2017-18/. NSO unit-data rider: religion is self-reported and the survey is designed for labour-force estimation, so religion figures are indicative (no sub-state estimates). Year=2017 is the start of the Jul-2017 to Jun-2018 reference period.",true
wpr-15plus,national,IN,2017,hindu,male,rural,72.2,population_age_15plus,71910,,,plfs-microdata,sources/nada/plfs-2017-18/CSV_PLFS_July2017_June2018.zip,canonicalize-wpr-15plus-v2.1.0-20260611T200615Z,"Computed from PLFS 2017-18 unit-level microdata (first-visit person file, usual status ps+ss, age 15+, rural, males): worker population ratio. Weight = MULT/100 (or /200 when NSS!=NSC) / NO_QTR; household religion joined from the household file. The run reproduces the round's published all-India LFPR/WPR/UR to 0.1. Pulled via the MoSPI NADA API; zip sha256 in sources/nada/plfs-2017-18/. NSO unit-data rider: religion is self-reported and the survey is designed for labour-force estimation, so religion figures are indicative (no sub-state estimates). Year=2017 is the start of the Jul-2017 to Jun-2018 reference period.",true
wpr-15plus,national,IN,2017,hindu,all,urban,44.6,population_age_15plus,106468,,,plfs-microdata,sources/nada/plfs-2017-18/CSV_PLFS_July2017_June2018.zip,canonicalize-wpr-15plus-v2.1.0-20260611T200615Z,"Computed from PLFS 2017-18 unit-level microdata (first-visit person file, usual status ps+ss, age 15+, urban, both sexes): worker population ratio. Weight = MULT/100 (or /200 when NSS!=NSC) / NO_QTR; household religion joined from the household file. The run reproduces the round's published all-India LFPR/WPR/UR to 0.1. Pulled via the MoSPI NADA API; zip sha256 in sources/nada/plfs-2017-18/. NSO unit-data rider: religion is self-reported and the survey is designed for labour-force estimation, so religion figures are indicative (no sub-state estimates). Year=2017 is the start of the Jul-2017 to Jun-2018 reference period.",true
wpr-15plus,national,IN,2017,hindu,female,urban,19.4,population_age_15plus,52445,,,plfs-microdata,sources/nada/plfs-2017-18/CSV_PLFS_July2017_June2018.zip,canonicalize-wpr-15plus-v2.1.0-20260611T200615Z,"Computed from PLFS 2017-18 unit-level microdata (first-visit person file, usual status ps+ss, age 15+, urban, females): worker population ratio. Weight = MULT/100 (or /200 when NSS!=NSC) / NO_QTR; household religion joined from the household file. The run reproduces the round's published all-India LFPR/WPR/UR to 0.1. Pulled via the MoSPI NADA API; zip sha256 in sources/nada/plfs-2017-18/. NSO unit-data rider: religion is self-reported and the survey is designed for labour-force estimation, so religion figures are indicative (no sub-state estimates). Year=2017 is the start of the Jul-2017 to Jun-2018 reference period.",true
wpr-15plus,national,IN,2017,hindu,male,urban,69.1,population_age_15plus,54006,,,plfs-microdata,sources/nada/plfs-2017-18/CSV_PLFS_July2017_June2018.zip,canonicalize-wpr-15plus-v2.1.0-20260611T200615Z,"Computed from PLFS 2017-18 unit-level microdata (first-visit person file, usual status ps+ss, age 15+, urban, males): worker population ratio. Weight = MULT/100 (or /200 when NSS!=NSC) / NO_QTR; household religion joined from the household file. The run reproduces the round's published all-India LFPR/WPR/UR to 0.1. Pulled via the MoSPI NADA API; zip sha256 in sources/nada/plfs-2017-18/. NSO unit-data rider: religion is self-reported and the survey is designed for labour-force estimation, so religion figures are indicative (no sub-state estimates). Year=2017 is the start of the Jul-2017 to Jun-2018 reference period.",true
wpr-15plus,national,IN,2017,muslim,all,all,41.8,population_age_15plus,44562,,,plfs-microdata,sources/nada/plfs-2017-18/CSV_PLFS_July2017_June2018.zip,canonicalize-wpr-15plus-v2.1.0-20260611T200615Z,"Computed from PLFS 2017-18 unit-level microdata (first-visit person file, usual status ps+ss, age 15+, rural+urban, both sexes): worker population ratio. Weight = MULT/100 (or /200 when NSS!=NSC) / NO_QTR; household religion joined from the household file. The run reproduces the round's published all-India LFPR/WPR/UR to 0.1. Pulled via the MoSPI NADA API; zip sha256 in sources/nada/plfs-2017-18/. NSO unit-data rider: religion is self-reported and the survey is designed for labour-force estimation, so religion figures are indicative (no sub-state estimates). Year=2017 is the start of the Jul-2017 to Jun-2018 reference period.",true
wpr-15plus,national,IN,2017,muslim,female,all,12.8,population_age_15plus,22165,,,plfs-microdata,sources/nada/plfs-2017-18/CSV_PLFS_July2017_June2018.zip,canonicalize-wpr-15plus-v2.1.0-20260611T200615Z,"Computed from PLFS 2017-18 unit-level microdata (first-visit person file, usual status ps+ss, age 15+, rural+urban, females): worker population ratio. Weight = MULT/100 (or /200 when NSS!=NSC) / NO_QTR; household religion joined from the household file. The run reproduces the round's published all-India LFPR/WPR/UR to 0.1. Pulled via the MoSPI NADA API; zip sha256 in sources/nada/plfs-2017-18/. NSO unit-data rider: religion is self-reported and the survey is designed for labour-force estimation, so religion figures are indicative (no sub-state estimates). Year=2017 is the start of the Jul-2017 to Jun-2018 reference period.",true
wpr-15plus,national,IN,2017,muslim,male,all,71.5,population_age_15plus,22391,,,plfs-microdata,sources/nada/plfs-2017-18/CSV_PLFS_July2017_June2018.zip,canonicalize-wpr-15plus-v2.1.0-20260611T200615Z,"Computed from PLFS 2017-18 unit-level microdata (first-visit person file, usual status ps+ss, age 15+, rural+urban, males): worker population ratio. Weight = MULT/100 (or /200 when NSS!=NSC) / NO_QTR; household religion joined from the household file. The run reproduces the round's published all-India LFPR/WPR/UR to 0.1. Pulled via the MoSPI NADA API; zip sha256 in sources/nada/plfs-2017-18/. NSO unit-data rider: religion is self-reported and the survey is designed for labour-force estimation, so religion figures are indicative (no sub-state estimates). Year=2017 is the start of the Jul-2017 to Jun-2018 reference period.",true
wpr-15plus,national,IN,2017,muslim,all,rural,42.3,population_age_15plus,21363,,,plfs-microdata,sources/nada/plfs-2017-18/CSV_PLFS_July2017_June2018.zip,canonicalize-wpr-15plus-v2.1.0-20260611T200615Z,"Computed from PLFS 2017-18 unit-level microdata (first-visit person file, usual status ps+ss, age 15+, rural, both sexes): worker population ratio. Weight = MULT/100 (or /200 when NSS!=NSC) / NO_QTR; household religion joined from the household file. The run reproduces the round's published all-India LFPR/WPR/UR to 0.1. Pulled via the MoSPI NADA API; zip sha256 in sources/nada/plfs-2017-18/. NSO unit-data rider: religion is self-reported and the survey is designed for labour-force estimation, so religion figures are indicative (no sub-state estimates). Year=2017 is the start of the Jul-2017 to Jun-2018 reference period.",true
wpr-15plus,national,IN,2017,muslim,female,rural,14.2,population_age_15plus,10580,,,plfs-microdata,sources/nada/plfs-2017-18/CSV_PLFS_July2017_June2018.zip,canonicalize-wpr-15plus-v2.1.0-20260611T200615Z,"Computed from PLFS 2017-18 unit-level microdata (first-visit person file, usual status ps+ss, age 15+, rural, females): worker population ratio. Weight = MULT/100 (or /200 when NSS!=NSC) / NO_QTR; household religion joined from the household file. The run reproduces the round's published all-India LFPR/WPR/UR to 0.1. Pulled via the MoSPI NADA API; zip sha256 in sources/nada/plfs-2017-18/. NSO unit-data rider: religion is self-reported and the survey is designed for labour-force estimation, so religion figures are indicative (no sub-state estimates). Year=2017 is the start of the Jul-2017 to Jun-2018 reference period.",true
wpr-15plus,national,IN,2017,muslim,male,rural,71.4,population_age_15plus,10782,,,plfs-microdata,sources/nada/plfs-2017-18/CSV_PLFS_July2017_June2018.zip,canonicalize-wpr-15plus-v2.1.0-20260611T200615Z,"Computed from PLFS 2017-18 unit-level microdata (first-visit person file, usual status ps+ss, age 15+, rural, males): worker population ratio. Weight = MULT/100 (or /200 when NSS!=NSC) / NO_QTR; household religion joined from the household file. The run reproduces the round's published all-India LFPR/WPR/UR to 0.1. Pulled via the MoSPI NADA API; zip sha256 in sources/nada/plfs-2017-18/. NSO unit-data rider: religion is self-reported and the survey is designed for labour-force estimation, so religion figures are indicative (no sub-state estimates). Year=2017 is the start of the Jul-2017 to Jun-2018 reference period.",true
wpr-15plus,national,IN,2017,muslim,all,urban,41.0,population_age_15plus,23199,,,plfs-microdata,sources/nada/plfs-2017-18/CSV_PLFS_July2017_June2018.zip,canonicalize-wpr-15plus-v2.1.0-20260611T200615Z,"Computed from PLFS 2017-18 unit-level microdata (first-visit person file, usual status ps+ss, age 15+, urban, both sexes): worker population ratio. Weight = MULT/100 (or /200 when NSS!=NSC) / NO_QTR; household religion joined from the household file. The run reproduces the round's published all-India LFPR/WPR/UR to 0.1. Pulled via the MoSPI NADA API; zip sha256 in sources/nada/plfs-2017-18/. NSO unit-data rider: religion is self-reported and the survey is designed for labour-force estimation, so religion figures are indicative (no sub-state estimates). Year=2017 is the start of the Jul-2017 to Jun-2018 reference period.",true
wpr-15plus,national,IN,2017,muslim,female,urban,10.5,population_age_15plus,11585,,,plfs-microdata,sources/nada/plfs-2017-18/CSV_PLFS_July2017_June2018.zip,canonicalize-wpr-15plus-v2.1.0-20260611T200615Z,"Computed from PLFS 2017-18 unit-level microdata (first-visit person file, usual status ps+ss, age 15+, urban, females): worker population ratio. Weight = MULT/100 (or /200 when NSS!=NSC) / NO_QTR; household religion joined from the household file. The run reproduces the round's published all-India LFPR/WPR/UR to 0.1. Pulled via the MoSPI NADA API; zip sha256 in sources/nada/plfs-2017-18/. NSO unit-data rider: religion is self-reported and the survey is designed for labour-force estimation, so religion figures are indicative (no sub-state estimates). Year=2017 is the start of the Jul-2017 to Jun-2018 reference period.",true
wpr-15plus,national,IN,2017,muslim,male,urban,71.6,population_age_15plus,11609,,,plfs-microdata,sources/nada/plfs-2017-18/CSV_PLFS_July2017_June2018.zip,canonicalize-wpr-15plus-v2.1.0-20260611T200615Z,"Computed from PLFS 2017-18 unit-level microdata (first-visit person file, usual status ps+ss, age 15+, urban, males): worker population ratio. Weight = MULT/100 (or /200 when NSS!=NSC) / NO_QTR; household religion joined from the household file. The run reproduces the round's published all-India LFPR/WPR/UR to 0.1. Pulled via the MoSPI NADA API; zip sha256 in sources/nada/plfs-2017-18/. NSO unit-data rider: religion is self-reported and the survey is designed for labour-force estimation, so religion figures are indicative (no sub-state estimates). Year=2017 is the start of the Jul-2017 to Jun-2018 reference period.",true
wpr-15plus,national,IN,2017,sikh,all,all,42.0,population_age_15plus,7385,,,plfs-microdata,sources/nada/plfs-2017-18/CSV_PLFS_July2017_June2018.zip,canonicalize-wpr-15plus-v2.1.0-20260611T200615Z,"Computed from PLFS 2017-18 unit-level microdata (first-visit person file, usual status ps+ss, age 15+, rural+urban, both sexes): worker population ratio. Weight = MULT/100 (or /200 when NSS!=NSC) / NO_QTR; household religion joined from the household file. The run reproduces the round's published all-India LFPR/WPR/UR to 0.1. Pulled via the MoSPI NADA API; zip sha256 in sources/nada/plfs-2017-18/. NSO unit-data rider: religion is self-reported and the survey is designed for labour-force estimation, so religion figures are indicative (no sub-state estimates). Year=2017 is the start of the Jul-2017 to Jun-2018 reference period.",true
wpr-15plus,national,IN,2017,sikh,female,all,13.5,population_age_15plus,3605,,,plfs-microdata,sources/nada/plfs-2017-18/CSV_PLFS_July2017_June2018.zip,canonicalize-wpr-15plus-v2.1.0-20260611T200615Z,"Computed from PLFS 2017-18 unit-level microdata (first-visit person file, usual status ps+ss, age 15+, rural+urban, females): worker population ratio. Weight = MULT/100 (or /200 when NSS!=NSC) / NO_QTR; household religion joined from the household file. The run reproduces the round's published all-India LFPR/WPR/UR to 0.1. Pulled via the MoSPI NADA API; zip sha256 in sources/nada/plfs-2017-18/. NSO unit-data rider: religion is self-reported and the survey is designed for labour-force estimation, so religion figures are indicative (no sub-state estimates). Year=2017 is the start of the Jul-2017 to Jun-2018 reference period.",true
wpr-15plus,national,IN,2017,sikh,male,all,68.7,population_age_15plus,3780,,,plfs-microdata,sources/nada/plfs-2017-18/CSV_PLFS_July2017_June2018.zip,canonicalize-wpr-15plus-v2.1.0-20260611T200615Z,"Computed from PLFS 2017-18 unit-level microdata (first-visit person file, usual status ps+ss, age 15+, rural+urban, males): worker population ratio. Weight = MULT/100 (or /200 when NSS!=NSC) / NO_QTR; household religion joined from the household file. The run reproduces the round's published all-India LFPR/WPR/UR to 0.1. Pulled via the MoSPI NADA API; zip sha256 in sources/nada/plfs-2017-18/. NSO unit-data rider: religion is self-reported and the survey is designed for labour-force estimation, so religion figures are indicative (no sub-state estimates). Year=2017 is the start of the Jul-2017 to Jun-2018 reference period.",true
wpr-15plus,national,IN,2017,sikh,all,rural,42.0,population_age_15plus,4843,,,plfs-microdata,sources/nada/plfs-2017-18/CSV_PLFS_July2017_June2018.zip,canonicalize-wpr-15plus-v2.1.0-20260611T200615Z,"Computed from PLFS 2017-18 unit-level microdata (first-visit person file, usual status ps+ss, age 15+, rural, both sexes): worker population ratio. Weight = MULT/100 (or /200 when NSS!=NSC) / NO_QTR; household religion joined from the household file. The run reproduces the round's published all-India LFPR/WPR/UR to 0.1. Pulled via the MoSPI NADA API; zip sha256 in sources/nada/plfs-2017-18/. NSO unit-data rider: religion is self-reported and the survey is designed for labour-force estimation, so religion figures are indicative (no sub-state estimates). Year=2017 is the start of the Jul-2017 to Jun-2018 reference period.",true
wpr-15plus,national,IN,2017,sikh,female,rural,12.9,population_age_15plus,2346,,,plfs-microdata,sources/nada/plfs-2017-18/CSV_PLFS_July2017_June2018.zip,canonicalize-wpr-15plus-v2.1.0-20260611T200615Z,"Computed from PLFS 2017-18 unit-level microdata (first-visit person file, usual status ps+ss, age 15+, rural, females): worker population ratio. Weight = MULT/100 (or /200 when NSS!=NSC) / NO_QTR; household religion joined from the household file. The run reproduces the round's published all-India LFPR/WPR/UR to 0.1. Pulled via the MoSPI NADA API; zip sha256 in sources/nada/plfs-2017-18/. NSO unit-data rider: religion is self-reported and the survey is designed for labour-force estimation, so religion figures are indicative (no sub-state estimates). Year=2017 is the start of the Jul-2017 to Jun-2018 reference period.",true
wpr-15plus,national,IN,2017,sikh,male,rural,69.1,population_age_15plus,2497,,,plfs-microdata,sources/nada/plfs-2017-18/CSV_PLFS_July2017_June2018.zip,canonicalize-wpr-15plus-v2.1.0-20260611T200615Z,"Computed from PLFS 2017-18 unit-level microdata (first-visit person file, usual status ps+ss, age 15+, rural, males): worker population ratio. Weight = MULT/100 (or /200 when NSS!=NSC) / NO_QTR; household religion joined from the household file. The run reproduces the round's published all-India LFPR/WPR/UR to 0.1. Pulled via the MoSPI NADA API; zip sha256 in sources/nada/plfs-2017-18/. NSO unit-data rider: religion is self-reported and the survey is designed for labour-force estimation, so religion figures are indicative (no sub-state estimates). Year=2017 is the start of the Jul-2017 to Jun-2018 reference period.",true
wpr-15plus,national,IN,2017,sikh,all,urban,41.9,population_age_15plus,2542,,,plfs-microdata,sources/nada/plfs-2017-18/CSV_PLFS_July2017_June2018.zip,canonicalize-wpr-15plus-v2.1.0-20260611T200615Z,"Computed from PLFS 2017-18 unit-level microdata (first-visit person file, usual status ps+ss, age 15+, urban, both sexes): worker population ratio. Weight = MULT/100 (or /200 when NSS!=NSC) / NO_QTR; household religion joined from the household file. The run reproduces the round's published all-India LFPR/WPR/UR to 0.1. Pulled via the MoSPI NADA API; zip sha256 in sources/nada/plfs-2017-18/. NSO unit-data rider: religion is self-reported and the survey is designed for labour-force estimation, so religion figures are indicative (no sub-state estimates). Year=2017 is the start of the Jul-2017 to Jun-2018 reference period.",true
wpr-15plus,national,IN,2017,sikh,female,urban,15.5,population_age_15plus,1259,,,plfs-microdata,sources/nada/plfs-2017-18/CSV_PLFS_July2017_June2018.zip,canonicalize-wpr-15plus-v2.1.0-20260611T200615Z,"Computed from PLFS 2017-18 unit-level microdata (first-visit person file, usual status ps+ss, age 15+, urban, females): worker population ratio. Weight = MULT/100 (or /200 when NSS!=NSC) / NO_QTR; household religion joined from the household file. The run reproduces the round's published all-India LFPR/WPR/UR to 0.1. Pulled via the MoSPI NADA API; zip sha256 in sources/nada/plfs-2017-18/. NSO unit-data rider: religion is self-reported and the survey is designed for labour-force estimation, so religion figures are indicative (no sub-state estimates). Year=2017 is the start of the Jul-2017 to Jun-2018 reference period.",true
wpr-15plus,national,IN,2017,sikh,male,urban,67.2,population_age_15plus,1283,,,plfs-microdata,sources/nada/plfs-2017-18/CSV_PLFS_July2017_June2018.zip,canonicalize-wpr-15plus-v2.1.0-20260611T200615Z,"Computed from PLFS 2017-18 unit-level microdata (first-visit person file, usual status ps+ss, age 15+, urban, males): worker population ratio. Weight = MULT/100 (or /200 when NSS!=NSC) / NO_QTR; household religion joined from the household file. The run reproduces the round's published all-India LFPR/WPR/UR to 0.1. Pulled via the MoSPI NADA API; zip sha256 in sources/nada/plfs-2017-18/. NSO unit-data rider: religion is self-reported and the survey is designed for labour-force estimation, so religion figures are indicative (no sub-state estimates). Year=2017 is the start of the Jul-2017 to Jun-2018 reference period.",true
wpr-15plus,national,IN,2018,all,all,all,47.3,population_age_15plus,322010,,,plfs-microdata,sources/nada/plfs-2018-19/PLFS_2018_19_CSV.zip,canonicalize-wpr-15plus-v2.1.0-20260611T200615Z,"Computed from PLFS 2018-19 unit-level microdata (first-visit person file, usual status ps+ss, age 15+, rural+urban, both sexes): worker population ratio. Weight = MULT/100 (or /200 when NSS!=NSC) / NO_QTR; household religion joined from the household file. The run reproduces the round's published all-India LFPR/WPR/UR to 0.1. Pulled via the MoSPI NADA API; zip sha256 in sources/nada/plfs-2018-19/. NSO unit-data rider: religion is self-reported and the survey is designed for labour-force estimation, so religion figures are indicative (no sub-state estimates). Year=2018 is the start of the Jul-2018 to Jun-2019 reference period.",false
wpr-15plus,national,IN,2018,all,female,all,23.2,population_age_15plus,159234,,,plfs-microdata,sources/nada/plfs-2018-19/PLFS_2018_19_CSV.zip,canonicalize-wpr-15plus-v2.1.0-20260611T200615Z,"Computed from PLFS 2018-19 unit-level microdata (first-visit person file, usual status ps+ss, age 15+, rural+urban, females): worker population ratio. Weight = MULT/100 (or /200 when NSS!=NSC) / NO_QTR; household religion joined from the household file. The run reproduces the round's published all-India LFPR/WPR/UR to 0.1. Pulled via the MoSPI NADA API; zip sha256 in sources/nada/plfs-2018-19/. NSO unit-data rider: religion is self-reported and the survey is designed for labour-force estimation, so religion figures are indicative (no sub-state estimates). Year=2018 is the start of the Jul-2018 to Jun-2019 reference period.",false
wpr-15plus,national,IN,2018,all,male,all,71.0,population_age_15plus,162704,,,plfs-microdata,sources/nada/plfs-2018-19/PLFS_2018_19_CSV.zip,canonicalize-wpr-15plus-v2.1.0-20260611T200615Z,"Computed from PLFS 2018-19 unit-level microdata (first-visit person file, usual status ps+ss, age 15+, rural+urban, males): worker population ratio. Weight = MULT/100 (or /200 when NSS!=NSC) / NO_QTR; household religion joined from the household file. The run reproduces the round's published all-India LFPR/WPR/UR to 0.1. Pulled via the MoSPI NADA API; zip sha256 in sources/nada/plfs-2018-19/. NSO unit-data rider: religion is self-reported and the survey is designed for labour-force estimation, so religion figures are indicative (no sub-state estimates). Year=2018 is the start of the Jul-2018 to Jun-2019 reference period.",false
wpr-15plus,national,IN,2018,all,all,rural,48.9,population_age_15plus,179796,,,plfs-microdata,sources/nada/plfs-2018-19/PLFS_2018_19_CSV.zip,canonicalize-wpr-15plus-v2.1.0-20260611T200615Z,"Computed from PLFS 2018-19 unit-level microdata (first-visit person file, usual status ps+ss, age 15+, rural, both sexes): worker population ratio. Weight = MULT/100 (or /200 when NSS!=NSC) / NO_QTR; household religion joined from the household file. The run reproduces the round's published all-India LFPR/WPR/UR to 0.1. Pulled via the MoSPI NADA API; zip sha256 in sources/nada/plfs-2018-19/. NSO unit-data rider: religion is self-reported and the survey is designed for labour-force estimation, so religion figures are indicative (no sub-state estimates). Year=2018 is the start of the Jul-2018 to Jun-2019 reference period.",false
wpr-15plus,national,IN,2018,all,female,rural,25.5,population_age_15plus,88960,,,plfs-microdata,sources/nada/plfs-2018-19/PLFS_2018_19_CSV.zip,canonicalize-wpr-15plus-v2.1.0-20260611T200615Z,"Computed from PLFS 2018-19 unit-level microdata (first-visit person file, usual status ps+ss, age 15+, rural, females): worker population ratio. Weight = MULT/100 (or /200 when NSS!=NSC) / NO_QTR; household religion joined from the household file. The run reproduces the round's published all-India LFPR/WPR/UR to 0.1. Pulled via the MoSPI NADA API; zip sha256 in sources/nada/plfs-2018-19/. NSO unit-data rider: religion is self-reported and the survey is designed for labour-force estimation, so religion figures are indicative (no sub-state estimates). Year=2018 is the start of the Jul-2018 to Jun-2019 reference period.",false
wpr-15plus,national,IN,2018,all,male,rural,72.2,population_age_15plus,90800,,,plfs-microdata,sources/nada/plfs-2018-19/PLFS_2018_19_CSV.zip,canonicalize-wpr-15plus-v2.1.0-20260611T200615Z,"Computed from PLFS 2018-19 unit-level microdata (first-visit person file, usual status ps+ss, age 15+, rural, males): worker population ratio. Weight = MULT/100 (or /200 when NSS!=NSC) / NO_QTR; household religion joined from the household file. The run reproduces the round's published all-India LFPR/WPR/UR to 0.1. Pulled via the MoSPI NADA API; zip sha256 in sources/nada/plfs-2018-19/. NSO unit-data rider: religion is self-reported and the survey is designed for labour-force estimation, so religion figures are indicative (no sub-state estimates). Year=2018 is the start of the Jul-2018 to Jun-2019 reference period.",false
wpr-15plus,national,IN,2018,all,all,urban,43.8,population_age_15plus,142214,,,plfs-microdata,sources/nada/plfs-2018-19/PLFS_2018_19_CSV.zip,canonicalize-wpr-15plus-v2.1.0-20260611T200615Z,"Computed from PLFS 2018-19 unit-level microdata (first-visit person file, usual status ps+ss, age 15+, urban, both sexes): worker population ratio. Weight = MULT/100 (or /200 when NSS!=NSC) / NO_QTR; household religion joined from the household file. The run reproduces the round's published all-India LFPR/WPR/UR to 0.1. Pulled via the MoSPI NADA API; zip sha256 in sources/nada/plfs-2018-19/. NSO unit-data rider: religion is self-reported and the survey is designed for labour-force estimation, so religion figures are indicative (no sub-state estimates). Year=2018 is the start of the Jul-2018 to Jun-2019 reference period.",false
wpr-15plus,national,IN,2018,all,female,urban,18.4,population_age_15plus,70274,,,plfs-microdata,sources/nada/plfs-2018-19/PLFS_2018_19_CSV.zip,canonicalize-wpr-15plus-v2.1.0-20260611T200615Z,"Computed from PLFS 2018-19 unit-level microdata (first-visit person file, usual status ps+ss, age 15+, urban, females): worker population ratio. Weight = MULT/100 (or /200 when NSS!=NSC) / NO_QTR; household religion joined from the household file. The run reproduces the round's published all-India LFPR/WPR/UR to 0.1. Pulled via the MoSPI NADA API; zip sha256 in sources/nada/plfs-2018-19/. NSO unit-data rider: religion is self-reported and the survey is designed for labour-force estimation, so religion figures are indicative (no sub-state estimates). Year=2018 is the start of the Jul-2018 to Jun-2019 reference period.",false
wpr-15plus,national,IN,2018,all,male,urban,68.5,population_age_15plus,71904,,,plfs-microdata,sources/nada/plfs-2018-19/PLFS_2018_19_CSV.zip,canonicalize-wpr-15plus-v2.1.0-20260611T200615Z,"Computed from PLFS 2018-19 unit-level microdata (first-visit person file, usual status ps+ss, age 15+, urban, males): worker population ratio. Weight = MULT/100 (or /200 when NSS!=NSC) / NO_QTR; household religion joined from the household file. The run reproduces the round's published all-India LFPR/WPR/UR to 0.1. Pulled via the MoSPI NADA API; zip sha256 in sources/nada/plfs-2018-19/. NSO unit-data rider: religion is self-reported and the survey is designed for labour-force estimation, so religion figures are indicative (no sub-state estimates). Year=2018 is the start of the Jul-2018 to Jun-2019 reference period.",false
wpr-15plus,national,IN,2018,christian,all,all,48.9,population_age_15plus,22452,,,plfs-microdata,sources/nada/plfs-2018-19/PLFS_2018_19_CSV.zip,canonicalize-wpr-15plus-v2.1.0-20260611T200615Z,"Computed from PLFS 2018-19 unit-level microdata (first-visit person file, usual status ps+ss, age 15+, rural+urban, both sexes): worker population ratio. Weight = MULT/100 (or /200 when NSS!=NSC) / NO_QTR; household religion joined from the household file. The run reproduces the round's published all-India LFPR/WPR/UR to 0.1. Pulled via the MoSPI NADA API; zip sha256 in sources/nada/plfs-2018-19/. NSO unit-data rider: religion is self-reported and the survey is designed for labour-force estimation, so religion figures are indicative (no sub-state estimates). Year=2018 is the start of the Jul-2018 to Jun-2019 reference period.",false
wpr-15plus,national,IN,2018,christian,female,all,30.8,population_age_15plus,11407,,,plfs-microdata,sources/nada/plfs-2018-19/PLFS_2018_19_CSV.zip,canonicalize-wpr-15plus-v2.1.0-20260611T200615Z,"Computed from PLFS 2018-19 unit-level microdata (first-visit person file, usual status ps+ss, age 15+, rural+urban, females): worker population ratio. Weight = MULT/100 (or /200 when NSS!=NSC) / NO_QTR; household religion joined from the household file. The run reproduces the round's published all-India LFPR/WPR/UR to 0.1. Pulled via the MoSPI NADA API; zip sha256 in sources/nada/plfs-2018-19/. NSO unit-data rider: religion is self-reported and the survey is designed for labour-force estimation, so religion figures are indicative (no sub-state estimates). Year=2018 is the start of the Jul-2018 to Jun-2019 reference period.",false
wpr-15plus,national,IN,2018,christian,male,all,68.5,population_age_15plus,11037,,,plfs-microdata,sources/nada/plfs-2018-19/PLFS_2018_19_CSV.zip,canonicalize-wpr-15plus-v2.1.0-20260611T200615Z,"Computed from PLFS 2018-19 unit-level microdata (first-visit person file, usual status ps+ss, age 15+, rural+urban, males): worker population ratio. Weight = MULT/100 (or /200 when NSS!=NSC) / NO_QTR; household religion joined from the household file. The run reproduces the round's published all-India LFPR/WPR/UR to 0.1. Pulled via the MoSPI NADA API; zip sha256 in sources/nada/plfs-2018-19/. NSO unit-data rider: religion is self-reported and the survey is designed for labour-force estimation, so religion figures are indicative (no sub-state estimates). Year=2018 is the start of the Jul-2018 to Jun-2019 reference period.",false
wpr-15plus,national,IN,2018,christian,all,rural,52.1,population_age_15plus,12516,,,plfs-microdata,sources/nada/plfs-2018-19/PLFS_2018_19_CSV.zip,canonicalize-wpr-15plus-v2.1.0-20260611T200615Z,"Computed from PLFS 2018-19 unit-level microdata (first-visit person file, usual status ps+ss, age 15+, rural, both sexes): worker population ratio. Weight = MULT/100 (or /200 when NSS!=NSC) / NO_QTR; household religion joined from the household file. The run reproduces the round's published all-India LFPR/WPR/UR to 0.1. Pulled via the MoSPI NADA API; zip sha256 in sources/nada/plfs-2018-19/. NSO unit-data rider: religion is self-reported and the survey is designed for labour-force estimation, so religion figures are indicative (no sub-state estimates). Year=2018 is the start of the Jul-2018 to Jun-2019 reference period.",false
wpr-15plus,national,IN,2018,christian,female,rural,34.0,population_age_15plus,6238,,,plfs-microdata,sources/nada/plfs-2018-19/PLFS_2018_19_CSV.zip,canonicalize-wpr-15plus-v2.1.0-20260611T200615Z,"Computed from PLFS 2018-19 unit-level microdata (first-visit person file, usual status ps+ss, age 15+, rural, females): worker population ratio. Weight = MULT/100 (or /200 when NSS!=NSC) / NO_QTR; household religion joined from the household file. The run reproduces the round's published all-India LFPR/WPR/UR to 0.1. Pulled via the MoSPI NADA API; zip sha256 in sources/nada/plfs-2018-19/. NSO unit-data rider: religion is self-reported and the survey is designed for labour-force estimation, so religion figures are indicative (no sub-state estimates). Year=2018 is the start of the Jul-2018 to Jun-2019 reference period.",false
wpr-15plus,national,IN,2018,christian,male,rural,71.2,population_age_15plus,6274,,,plfs-microdata,sources/nada/plfs-2018-19/PLFS_2018_19_CSV.zip,canonicalize-wpr-15plus-v2.1.0-20260611T200615Z,"Computed from PLFS 2018-19 unit-level microdata (first-visit person file, usual status ps+ss, age 15+, rural, males): worker population ratio. Weight = MULT/100 (or /200 when NSS!=NSC) / NO_QTR; household religion joined from the household file. The run reproduces the round's published all-India LFPR/WPR/UR to 0.1. Pulled via the MoSPI NADA API; zip sha256 in sources/nada/plfs-2018-19/. NSO unit-data rider: religion is self-reported and the survey is designed for labour-force estimation, so religion figures are indicative (no sub-state estimates). Year=2018 is the start of the Jul-2018 to Jun-2019 reference period.",false
wpr-15plus,national,IN,2018,christian,all,urban,43.7,population_age_15plus,9936,,,plfs-microdata,sources/nada/plfs-2018-19/PLFS_2018_19_CSV.zip,canonicalize-wpr-15plus-v2.1.0-20260611T200615Z,"Computed from PLFS 2018-19 unit-level microdata (first-visit person file, usual status ps+ss, age 15+, urban, both sexes): worker population ratio. Weight = MULT/100 (or /200 when NSS!=NSC) / NO_QTR; household religion joined from the household file. The run reproduces the round's published all-India LFPR/WPR/UR to 0.1. Pulled via the MoSPI NADA API; zip sha256 in sources/nada/plfs-2018-19/. NSO unit-data rider: religion is self-reported and the survey is designed for labour-force estimation, so religion figures are indicative (no sub-state estimates). Year=2018 is the start of the Jul-2018 to Jun-2019 reference period.",false
wpr-15plus,national,IN,2018,christian,female,urban,25.9,population_age_15plus,5169,,,plfs-microdata,sources/nada/plfs-2018-19/PLFS_2018_19_CSV.zip,canonicalize-wpr-15plus-v2.1.0-20260611T200615Z,"Computed from PLFS 2018-19 unit-level microdata (first-visit person file, usual status ps+ss, age 15+, urban, females): worker population ratio. Weight = MULT/100 (or /200 when NSS!=NSC) / NO_QTR; household religion joined from the household file. The run reproduces the round's published all-India LFPR/WPR/UR to 0.1. Pulled via the MoSPI NADA API; zip sha256 in sources/nada/plfs-2018-19/. NSO unit-data rider: religion is self-reported and the survey is designed for labour-force estimation, so religion figures are indicative (no sub-state estimates). Year=2018 is the start of the Jul-2018 to Jun-2019 reference period.",false
wpr-15plus,national,IN,2018,christian,male,urban,64.0,population_age_15plus,4763,,,plfs-microdata,sources/nada/plfs-2018-19/PLFS_2018_19_CSV.zip,canonicalize-wpr-15plus-v2.1.0-20260611T200615Z,"Computed from PLFS 2018-19 unit-level microdata (first-visit person file, usual status ps+ss, age 15+, urban, males): worker population ratio. Weight = MULT/100 (or /200 when NSS!=NSC) / NO_QTR; household religion joined from the household file. The run reproduces the round's published all-India LFPR/WPR/UR to 0.1. Pulled via the MoSPI NADA API; zip sha256 in sources/nada/plfs-2018-19/. NSO unit-data rider: religion is self-reported and the survey is designed for labour-force estimation, so religion figures are indicative (no sub-state estimates). Year=2018 is the start of the Jul-2018 to Jun-2019 reference period.",false
wpr-15plus,national,IN,2018,hindu,all,all,47.9,population_age_15plus,239629,,,plfs-microdata,sources/nada/plfs-2018-19/PLFS_2018_19_CSV.zip,canonicalize-wpr-15plus-v2.1.0-20260611T200615Z,"Computed from PLFS 2018-19 unit-level microdata (first-visit person file, usual status ps+ss, age 15+, rural+urban, both sexes): worker population ratio. Weight = MULT/100 (or /200 when NSS!=NSC) / NO_QTR; household religion joined from the household file. The run reproduces the round's published all-India LFPR/WPR/UR to 0.1. Pulled via the MoSPI NADA API; zip sha256 in sources/nada/plfs-2018-19/. NSO unit-data rider: religion is self-reported and the survey is designed for labour-force estimation, so religion figures are indicative (no sub-state estimates). Year=2018 is the start of the Jul-2018 to Jun-2019 reference period.",false
wpr-15plus,national,IN,2018,hindu,female,all,24.4,population_age_15plus,118030,,,plfs-microdata,sources/nada/plfs-2018-19/PLFS_2018_19_CSV.zip,canonicalize-wpr-15plus-v2.1.0-20260611T200615Z,"Computed from PLFS 2018-19 unit-level microdata (first-visit person file, usual status ps+ss, age 15+, rural+urban, females): worker population ratio. Weight = MULT/100 (or /200 when NSS!=NSC) / NO_QTR; household religion joined from the household file. The run reproduces the round's published all-India LFPR/WPR/UR to 0.1. Pulled via the MoSPI NADA API; zip sha256 in sources/nada/plfs-2018-19/. NSO unit-data rider: religion is self-reported and the survey is designed for labour-force estimation, so religion figures are indicative (no sub-state estimates). Year=2018 is the start of the Jul-2018 to Jun-2019 reference period.",false
wpr-15plus,national,IN,2018,hindu,male,all,71.0,population_age_15plus,121551,,,plfs-microdata,sources/nada/plfs-2018-19/PLFS_2018_19_CSV.zip,canonicalize-wpr-15plus-v2.1.0-20260611T200615Z,"Computed from PLFS 2018-19 unit-level microdata (first-visit person file, usual status ps+ss, age 15+, rural+urban, males): worker population ratio. Weight = MULT/100 (or /200 when NSS!=NSC) / NO_QTR; household religion joined from the household file. The run reproduces the round's published all-India LFPR/WPR/UR to 0.1. Pulled via the MoSPI NADA API; zip sha256 in sources/nada/plfs-2018-19/. NSO unit-data rider: religion is self-reported and the survey is designed for labour-force estimation, so religion figures are indicative (no sub-state estimates). Year=2018 is the start of the Jul-2018 to Jun-2019 reference period.",false
wpr-15plus,national,IN,2018,hindu,all,rural,49.5,population_age_15plus,137171,,,plfs-microdata,sources/nada/plfs-2018-19/PLFS_2018_19_CSV.zip,canonicalize-wpr-15plus-v2.1.0-20260611T200615Z,"Computed from PLFS 2018-19 unit-level microdata (first-visit person file, usual status ps+ss, age 15+, rural, both sexes): worker population ratio. Weight = MULT/100 (or /200 when NSS!=NSC) / NO_QTR; household religion joined from the household file. The run reproduces the round's published all-India LFPR/WPR/UR to 0.1. Pulled via the MoSPI NADA API; zip sha256 in sources/nada/plfs-2018-19/. NSO unit-data rider: religion is self-reported and the survey is designed for labour-force estimation, so religion figures are indicative (no sub-state estimates). Year=2018 is the start of the Jul-2018 to Jun-2019 reference period.",false
wpr-15plus,national,IN,2018,hindu,female,rural,26.5,population_age_15plus,67800,,,plfs-microdata,sources/nada/plfs-2018-19/PLFS_2018_19_CSV.zip,canonicalize-wpr-15plus-v2.1.0-20260611T200615Z,"Computed from PLFS 2018-19 unit-level microdata (first-visit person file, usual status ps+ss, age 15+, rural, females): worker population ratio. Weight = MULT/100 (or /200 when NSS!=NSC) / NO_QTR; household religion joined from the household file. The run reproduces the round's published all-India LFPR/WPR/UR to 0.1. Pulled via the MoSPI NADA API; zip sha256 in sources/nada/plfs-2018-19/. NSO unit-data rider: religion is self-reported and the survey is designed for labour-force estimation, so religion figures are indicative (no sub-state estimates). Year=2018 is the start of the Jul-2018 to Jun-2019 reference period.",false
wpr-15plus,national,IN,2018,hindu,male,rural,72.2,population_age_15plus,69347,,,plfs-microdata,sources/nada/plfs-2018-19/PLFS_2018_19_CSV.zip,canonicalize-wpr-15plus-v2.1.0-20260611T200615Z,"Computed from PLFS 2018-19 unit-level microdata (first-visit person file, usual status ps+ss, age 15+, rural, males): worker population ratio. Weight = MULT/100 (or /200 when NSS!=NSC) / NO_QTR; household religion joined from the household file. The run reproduces the round's published all-India LFPR/WPR/UR to 0.1. Pulled via the MoSPI NADA API; zip sha256 in sources/nada/plfs-2018-19/. NSO unit-data rider: religion is self-reported and the survey is designed for labour-force estimation, so religion figures are indicative (no sub-state estimates). Year=2018 is the start of the Jul-2018 to Jun-2019 reference period.",false
wpr-15plus,national,IN,2018,hindu,all,urban,44.4,population_age_15plus,102458,,,plfs-microdata,sources/nada/plfs-2018-19/PLFS_2018_19_CSV.zip,canonicalize-wpr-15plus-v2.1.0-20260611T200615Z,"Computed from PLFS 2018-19 unit-level microdata (first-visit person file, usual status ps+ss, age 15+, urban, both sexes): worker population ratio. Weight = MULT/100 (or /200 when NSS!=NSC) / NO_QTR; household religion joined from the household file. The run reproduces the round's published all-India LFPR/WPR/UR to 0.1. Pulled via the MoSPI NADA API; zip sha256 in sources/nada/plfs-2018-19/. NSO unit-data rider: religion is self-reported and the survey is designed for labour-force estimation, so religion figures are indicative (no sub-state estimates). Year=2018 is the start of the Jul-2018 to Jun-2019 reference period.",false
wpr-15plus,national,IN,2018,hindu,female,urban,19.3,population_age_15plus,50230,,,plfs-microdata,sources/nada/plfs-2018-19/PLFS_2018_19_CSV.zip,canonicalize-wpr-15plus-v2.1.0-20260611T200615Z,"Computed from PLFS 2018-19 unit-level microdata (first-visit person file, usual status ps+ss, age 15+, urban, females): worker population ratio. Weight = MULT/100 (or /200 when NSS!=NSC) / NO_QTR; household religion joined from the household file. The run reproduces the round's published all-India LFPR/WPR/UR to 0.1. Pulled via the MoSPI NADA API; zip sha256 in sources/nada/plfs-2018-19/. NSO unit-data rider: religion is self-reported and the survey is designed for labour-force estimation, so religion figures are indicative (no sub-state estimates). Year=2018 is the start of the Jul-2018 to Jun-2019 reference period.",false
wpr-15plus,national,IN,2018,hindu,male,urban,68.5,population_age_15plus,52204,,,plfs-microdata,sources/nada/plfs-2018-19/PLFS_2018_19_CSV.zip,canonicalize-wpr-15plus-v2.1.0-20260611T200615Z,"Computed from PLFS 2018-19 unit-level microdata (first-visit person file, usual status ps+ss, age 15+, urban, males): worker population ratio. Weight = MULT/100 (or /200 when NSS!=NSC) / NO_QTR; household religion joined from the household file. The run reproduces the round's published all-India LFPR/WPR/UR to 0.1. Pulled via the MoSPI NADA API; zip sha256 in sources/nada/plfs-2018-19/. NSO unit-data rider: religion is self-reported and the survey is designed for labour-force estimation, so religion figures are indicative (no sub-state estimates). Year=2018 is the start of the Jul-2018 to Jun-2019 reference period.",false
wpr-15plus,national,IN,2018,muslim,all,all,43.1,population_age_15plus,45700,,,plfs-microdata,sources/nada/plfs-2018-19/PLFS_2018_19_CSV.zip,canonicalize-wpr-15plus-v2.1.0-20260611T200615Z,"Computed from PLFS 2018-19 unit-level microdata (first-visit person file, usual status ps+ss, age 15+, rural+urban, both sexes): worker population ratio. Weight = MULT/100 (or /200 when NSS!=NSC) / NO_QTR; household religion joined from the household file. The run reproduces the round's published all-India LFPR/WPR/UR to 0.1. Pulled via the MoSPI NADA API; zip sha256 in sources/nada/plfs-2018-19/. NSO unit-data rider: religion is self-reported and the survey is designed for labour-force estimation, so religion figures are indicative (no sub-state estimates). Year=2018 is the start of the Jul-2018 to Jun-2019 reference period.",false
wpr-15plus,national,IN,2018,muslim,female,all,13.9,population_age_15plus,22729,,,plfs-microdata,sources/nada/plfs-2018-19/PLFS_2018_19_CSV.zip,canonicalize-wpr-15plus-v2.1.0-20260611T200615Z,"Computed from PLFS 2018-19 unit-level microdata (first-visit person file, usual status ps+ss, age 15+, rural+urban, females): worker population ratio. Weight = MULT/100 (or /200 when NSS!=NSC) / NO_QTR; household religion joined from the household file. The run reproduces the round's published all-India LFPR/WPR/UR to 0.1. Pulled via the MoSPI NADA API; zip sha256 in sources/nada/plfs-2018-19/. NSO unit-data rider: religion is self-reported and the survey is designed for labour-force estimation, so religion figures are indicative (no sub-state estimates). Year=2018 is the start of the Jul-2018 to Jun-2019 reference period.",false
wpr-15plus,national,IN,2018,muslim,male,all,72.5,population_age_15plus,22960,,,plfs-microdata,sources/nada/plfs-2018-19/PLFS_2018_19_CSV.zip,canonicalize-wpr-15plus-v2.1.0-20260611T200615Z,"Computed from PLFS 2018-19 unit-level microdata (first-visit person file, usual status ps+ss, age 15+, rural+urban, males): worker population ratio. Weight = MULT/100 (or /200 when NSS!=NSC) / NO_QTR; household religion joined from the household file. The run reproduces the round's published all-India LFPR/WPR/UR to 0.1. Pulled via the MoSPI NADA API; zip sha256 in sources/nada/plfs-2018-19/. NSO unit-data rider: religion is self-reported and the survey is designed for labour-force estimation, so religion figures are indicative (no sub-state estimates). Year=2018 is the start of the Jul-2018 to Jun-2019 reference period.",false
wpr-15plus,national,IN,2018,muslim,all,rural,43.9,population_age_15plus,21755,,,plfs-microdata,sources/nada/plfs-2018-19/PLFS_2018_19_CSV.zip,canonicalize-wpr-15plus-v2.1.0-20260611T200615Z,"Computed from PLFS 2018-19 unit-level microdata (first-visit person file, usual status ps+ss, age 15+, rural, both sexes): worker population ratio. Weight = MULT/100 (or /200 when NSS!=NSC) / NO_QTR; household religion joined from the household file. The run reproduces the round's published all-India LFPR/WPR/UR to 0.1. Pulled via the MoSPI NADA API; zip sha256 in sources/nada/plfs-2018-19/. NSO unit-data rider: religion is self-reported and the survey is designed for labour-force estimation, so religion figures are indicative (no sub-state estimates). Year=2018 is the start of the Jul-2018 to Jun-2019 reference period.",false
wpr-15plus,national,IN,2018,muslim,female,rural,14.7,population_age_15plus,10829,,,plfs-microdata,sources/nada/plfs-2018-19/PLFS_2018_19_CSV.zip,canonicalize-wpr-15plus-v2.1.0-20260611T200615Z,"Computed from PLFS 2018-19 unit-level microdata (first-visit person file, usual status ps+ss, age 15+, rural, females): worker population ratio. Weight = MULT/100 (or /200 when NSS!=NSC) / NO_QTR; household religion joined from the household file. The run reproduces the round's published all-India LFPR/WPR/UR to 0.1. Pulled via the MoSPI NADA API; zip sha256 in sources/nada/plfs-2018-19/. NSO unit-data rider: religion is self-reported and the survey is designed for labour-force estimation, so religion figures are indicative (no sub-state estimates). Year=2018 is the start of the Jul-2018 to Jun-2019 reference period.",false
wpr-15plus,national,IN,2018,muslim,male,rural,73.8,population_age_15plus,10920,,,plfs-microdata,sources/nada/plfs-2018-19/PLFS_2018_19_CSV.zip,canonicalize-wpr-15plus-v2.1.0-20260611T200615Z,"Computed from PLFS 2018-19 unit-level microdata (first-visit person file, usual status ps+ss, age 15+, rural, males): worker population ratio. Weight = MULT/100 (or /200 when NSS!=NSC) / NO_QTR; household religion joined from the household file. The run reproduces the round's published all-India LFPR/WPR/UR to 0.1. Pulled via the MoSPI NADA API; zip sha256 in sources/nada/plfs-2018-19/. NSO unit-data rider: religion is self-reported and the survey is designed for labour-force estimation, so religion figures are indicative (no sub-state estimates). Year=2018 is the start of the Jul-2018 to Jun-2019 reference period.",false
wpr-15plus,national,IN,2018,muslim,all,urban,42.1,population_age_15plus,23945,,,plfs-microdata,sources/nada/plfs-2018-19/PLFS_2018_19_CSV.zip,canonicalize-wpr-15plus-v2.1.0-20260611T200615Z,"Computed from PLFS 2018-19 unit-level microdata (first-visit person file, usual status ps+ss, age 15+, urban, both sexes): worker population ratio. Weight = MULT/100 (or /200 when NSS!=NSC) / NO_QTR; household religion joined from the household file. The run reproduces the round's published all-India LFPR/WPR/UR to 0.1. Pulled via the MoSPI NADA API; zip sha256 in sources/nada/plfs-2018-19/. NSO unit-data rider: religion is self-reported and the survey is designed for labour-force estimation, so religion figures are indicative (no sub-state estimates). Year=2018 is the start of the Jul-2018 to Jun-2019 reference period.",false
wpr-15plus,national,IN,2018,muslim,female,urban,12.6,population_age_15plus,11900,,,plfs-microdata,sources/nada/plfs-2018-19/PLFS_2018_19_CSV.zip,canonicalize-wpr-15plus-v2.1.0-20260611T200615Z,"Computed from PLFS 2018-19 unit-level microdata (first-visit person file, usual status ps+ss, age 15+, urban, females): worker population ratio. Weight = MULT/100 (or /200 when NSS!=NSC) / NO_QTR; household religion joined from the household file. The run reproduces the round's published all-India LFPR/WPR/UR to 0.1. Pulled via the MoSPI NADA API; zip sha256 in sources/nada/plfs-2018-19/. NSO unit-data rider: religion is self-reported and the survey is designed for labour-force estimation, so religion figures are indicative (no sub-state estimates). Year=2018 is the start of the Jul-2018 to Jun-2019 reference period.",false
wpr-15plus,national,IN,2018,muslim,male,urban,70.8,population_age_15plus,12040,,,plfs-microdata,sources/nada/plfs-2018-19/PLFS_2018_19_CSV.zip,canonicalize-wpr-15plus-v2.1.0-20260611T200615Z,"Computed from PLFS 2018-19 unit-level microdata (first-visit person file, usual status ps+ss, age 15+, urban, males): worker population ratio. Weight = MULT/100 (or /200 when NSS!=NSC) / NO_QTR; household religion joined from the household file. The run reproduces the round's published all-India LFPR/WPR/UR to 0.1. Pulled via the MoSPI NADA API; zip sha256 in sources/nada/plfs-2018-19/. NSO unit-data rider: religion is self-reported and the survey is designed for labour-force estimation, so religion figures are indicative (no sub-state estimates). Year=2018 is the start of the Jul-2018 to Jun-2019 reference period.",false
wpr-15plus,national,IN,2018,sikh,all,all,42.5,population_age_15plus,7027,,,plfs-microdata,sources/nada/plfs-2018-19/PLFS_2018_19_CSV.zip,canonicalize-wpr-15plus-v2.1.0-20260611T200615Z,"Computed from PLFS 2018-19 unit-level microdata (first-visit person file, usual status ps+ss, age 15+, rural+urban, both sexes): worker population ratio. Weight = MULT/100 (or /200 when NSS!=NSC) / NO_QTR; household religion joined from the household file. The run reproduces the round's published all-India LFPR/WPR/UR to 0.1. Pulled via the MoSPI NADA API; zip sha256 in sources/nada/plfs-2018-19/. NSO unit-data rider: religion is self-reported and the survey is designed for labour-force estimation, so religion figures are indicative (no sub-state estimates). Year=2018 is the start of the Jul-2018 to Jun-2019 reference period.",false
wpr-15plus,national,IN,2018,sikh,female,all,17.1,population_age_15plus,3481,,,plfs-microdata,sources/nada/plfs-2018-19/PLFS_2018_19_CSV.zip,canonicalize-wpr-15plus-v2.1.0-20260611T200615Z,"Computed from PLFS 2018-19 unit-level microdata (first-visit person file, usual status ps+ss, age 15+, rural+urban, females): worker population ratio. Weight = MULT/100 (or /200 when NSS!=NSC) / NO_QTR; household religion joined from the household file. The run reproduces the round's published all-India LFPR/WPR/UR to 0.1. Pulled via the MoSPI NADA API; zip sha256 in sources/nada/plfs-2018-19/. NSO unit-data rider: religion is self-reported and the survey is designed for labour-force estimation, so religion figures are indicative (no sub-state estimates). Year=2018 is the start of the Jul-2018 to Jun-2019 reference period.",false
wpr-15plus,national,IN,2018,sikh,male,all,66.7,population_age_15plus,3544,,,plfs-microdata,sources/nada/plfs-2018-19/PLFS_2018_19_CSV.zip,canonicalize-wpr-15plus-v2.1.0-20260611T200615Z,"Computed from PLFS 2018-19 unit-level microdata (first-visit person file, usual status ps+ss, age 15+, rural+urban, males): worker population ratio. Weight = MULT/100 (or /200 when NSS!=NSC) / NO_QTR; household religion joined from the household file. The run reproduces the round's published all-India LFPR/WPR/UR to 0.1. Pulled via the MoSPI NADA API; zip sha256 in sources/nada/plfs-2018-19/. NSO unit-data rider: religion is self-reported and the survey is designed for labour-force estimation, so religion figures are indicative (no sub-state estimates). Year=2018 is the start of the Jul-2018 to Jun-2019 reference period.",false
wpr-15plus,national,IN,2018,sikh,all,rural,43.4,population_age_15plus,4309,,,plfs-microdata,sources/nada/plfs-2018-19/PLFS_2018_19_CSV.zip,canonicalize-wpr-15plus-v2.1.0-20260611T200615Z,"Computed from PLFS 2018-19 unit-level microdata (first-visit person file, usual status ps+ss, age 15+, rural, both sexes): worker population ratio. Weight = MULT/100 (or /200 when NSS!=NSC) / NO_QTR; household religion joined from the household file. The run reproduces the round's published all-India LFPR/WPR/UR to 0.1. Pulled via the MoSPI NADA API; zip sha256 in sources/nada/plfs-2018-19/. NSO unit-data rider: religion is self-reported and the survey is designed for labour-force estimation, so religion figures are indicative (no sub-state estimates). Year=2018 is the start of the Jul-2018 to Jun-2019 reference period.",false
wpr-15plus,national,IN,2018,sikh,female,rural,17.9,population_age_15plus,2121,,,plfs-microdata,sources/nada/plfs-2018-19/PLFS_2018_19_CSV.zip,canonicalize-wpr-15plus-v2.1.0-20260611T200615Z,"Computed from PLFS 2018-19 unit-level microdata (first-visit person file, usual status ps+ss, age 15+, rural, females): worker population ratio. Weight = MULT/100 (or /200 when NSS!=NSC) / NO_QTR; household religion joined from the household file. The run reproduces the round's published all-India LFPR/WPR/UR to 0.1. Pulled via the MoSPI NADA API; zip sha256 in sources/nada/plfs-2018-19/. NSO unit-data rider: religion is self-reported and the survey is designed for labour-force estimation, so religion figures are indicative (no sub-state estimates). Year=2018 is the start of the Jul-2018 to Jun-2019 reference period.",false
wpr-15plus,national,IN,2018,sikh,male,rural,67.7,population_age_15plus,2187,,,plfs-microdata,sources/nada/plfs-2018-19/PLFS_2018_19_CSV.zip,canonicalize-wpr-15plus-v2.1.0-20260611T200615Z,"Computed from PLFS 2018-19 unit-level microdata (first-visit person file, usual status ps+ss, age 15+, rural, males): worker population ratio. Weight = MULT/100 (or /200 when NSS!=NSC) / NO_QTR; household religion joined from the household file. The run reproduces the round's published all-India LFPR/WPR/UR to 0.1. Pulled via the MoSPI NADA API; zip sha256 in sources/nada/plfs-2018-19/. NSO unit-data rider: religion is self-reported and the survey is designed for labour-force estimation, so religion figures are indicative (no sub-state estimates). Year=2018 is the start of the Jul-2018 to Jun-2019 reference period.",false
wpr-15plus,national,IN,2018,sikh,all,urban,40.2,population_age_15plus,2718,,,plfs-microdata,sources/nada/plfs-2018-19/PLFS_2018_19_CSV.zip,canonicalize-wpr-15plus-v2.1.0-20260611T200615Z,"Computed from PLFS 2018-19 unit-level microdata (first-visit person file, usual status ps+ss, age 15+, urban, both sexes): worker population ratio. Weight = MULT/100 (or /200 when NSS!=NSC) / NO_QTR; household religion joined from the household file. The run reproduces the round's published all-India LFPR/WPR/UR to 0.1. Pulled via the MoSPI NADA API; zip sha256 in sources/nada/plfs-2018-19/. NSO unit-data rider: religion is self-reported and the survey is designed for labour-force estimation, so religion figures are indicative (no sub-state estimates). Year=2018 is the start of the Jul-2018 to Jun-2019 reference period.",false
wpr-15plus,national,IN,2018,sikh,female,urban,15.1,population_age_15plus,1360,,,plfs-microdata,sources/nada/plfs-2018-19/PLFS_2018_19_CSV.zip,canonicalize-wpr-15plus-v2.1.0-20260611T200615Z,"Computed from PLFS 2018-19 unit-level microdata (first-visit person file, usual status ps+ss, age 15+, urban, females): worker population ratio. Weight = MULT/100 (or /200 when NSS!=NSC) / NO_QTR; household religion joined from the household file. The run reproduces the round's published all-India LFPR/WPR/UR to 0.1. Pulled via the MoSPI NADA API; zip sha256 in sources/nada/plfs-2018-19/. NSO unit-data rider: religion is self-reported and the survey is designed for labour-force estimation, so religion figures are indicative (no sub-state estimates). Year=2018 is the start of the Jul-2018 to Jun-2019 reference period.",false
wpr-15plus,national,IN,2018,sikh,male,urban,64.1,population_age_15plus,1357,,,plfs-microdata,sources/nada/plfs-2018-19/PLFS_2018_19_CSV.zip,canonicalize-wpr-15plus-v2.1.0-20260611T200615Z,"Computed from PLFS 2018-19 unit-level microdata (first-visit person file, usual status ps+ss, age 15+, urban, males): worker population ratio. Weight = MULT/100 (or /200 when NSS!=NSC) / NO_QTR; household religion joined from the household file. The run reproduces the round's published all-India LFPR/WPR/UR to 0.1. Pulled via the MoSPI NADA API; zip sha256 in sources/nada/plfs-2018-19/. NSO unit-data rider: religion is self-reported and the survey is designed for labour-force estimation, so religion figures are indicative (no sub-state estimates). Year=2018 is the start of the Jul-2018 to Jun-2019 reference period.",false
wpr-15plus,national,IN,2019,all,all,all,50.9,population_age_15plus,320081,,,plfs-microdata,sources/nada/plfs-2019-20/CSV_PLFS_19_20.zip,canonicalize-wpr-15plus-v2.1.0-20260611T200615Z,"Computed from PLFS 2019-20 unit-level microdata (first-visit person file, usual status ps+ss, age 15+, rural+urban, both sexes): worker population ratio. Weight = MULT/100 (or /200 when NSS!=NSC) / NO_QTR; household religion joined from the household file. The run reproduces the round's published all-India LFPR/WPR/UR to 0.1. Pulled via the MoSPI NADA API; zip sha256 in sources/nada/plfs-2019-20/. NSO unit-data rider: religion is self-reported and the survey is designed for labour-force estimation, so religion figures are indicative (no sub-state estimates). Year=2019 is the start of the Jul-2019 to Jun-2020 reference period.",false
wpr-15plus,national,IN,2019,all,female,all,28.8,population_age_15plus,158647,,,plfs-microdata,sources/nada/plfs-2019-20/CSV_PLFS_19_20.zip,canonicalize-wpr-15plus-v2.1.0-20260611T200615Z,"Computed from PLFS 2019-20 unit-level microdata (first-visit person file, usual status ps+ss, age 15+, rural+urban, females): worker population ratio. Weight = MULT/100 (or /200 when NSS!=NSC) / NO_QTR; household religion joined from the household file. The run reproduces the round's published all-India LFPR/WPR/UR to 0.1. Pulled via the MoSPI NADA API; zip sha256 in sources/nada/plfs-2019-20/. NSO unit-data rider: religion is self-reported and the survey is designed for labour-force estimation, so religion figures are indicative (no sub-state estimates). Year=2019 is the start of the Jul-2019 to Jun-2020 reference period.",false
wpr-15plus,national,IN,2019,all,male,all,72.9,population_age_15plus,161379,,,plfs-microdata,sources/nada/plfs-2019-20/CSV_PLFS_19_20.zip,canonicalize-wpr-15plus-v2.1.0-20260611T200615Z,"Computed from PLFS 2019-20 unit-level microdata (first-visit person file, usual status ps+ss, age 15+, rural+urban, males): worker population ratio. Weight = MULT/100 (or /200 when NSS!=NSC) / NO_QTR; household religion joined from the household file. The run reproduces the round's published all-India LFPR/WPR/UR to 0.1. Pulled via the MoSPI NADA API; zip sha256 in sources/nada/plfs-2019-20/. NSO unit-data rider: religion is self-reported and the survey is designed for labour-force estimation, so religion figures are indicative (no sub-state estimates). Year=2019 is the start of the Jul-2019 to Jun-2020 reference period.",false
wpr-15plus,national,IN,2019,all,all,rural,53.3,population_age_15plus,179876,,,plfs-microdata,sources/nada/plfs-2019-20/CSV_PLFS_19_20.zip,canonicalize-wpr-15plus-v2.1.0-20260611T200615Z,"Computed from PLFS 2019-20 unit-level microdata (first-visit person file, usual status ps+ss, age 15+, rural, both sexes): worker population ratio. Weight = MULT/100 (or /200 when NSS!=NSC) / NO_QTR; household religion joined from the household file. The run reproduces the round's published all-India LFPR/WPR/UR to 0.1. Pulled via the MoSPI NADA API; zip sha256 in sources/nada/plfs-2019-20/. NSO unit-data rider: religion is self-reported and the survey is designed for labour-force estimation, so religion figures are indicative (no sub-state estimates). Year=2019 is the start of the Jul-2019 to Jun-2020 reference period.",false
wpr-15plus,national,IN,2019,all,female,rural,32.2,population_age_15plus,89138,,,plfs-microdata,sources/nada/plfs-2019-20/CSV_PLFS_19_20.zip,canonicalize-wpr-15plus-v2.1.0-20260611T200615Z,"Computed from PLFS 2019-20 unit-level microdata (first-visit person file, usual status ps+ss, age 15+, rural, females): worker population ratio. Weight = MULT/100 (or /200 when NSS!=NSC) / NO_QTR; household religion joined from the household file. The run reproduces the round's published all-India LFPR/WPR/UR to 0.1. Pulled via the MoSPI NADA API; zip sha256 in sources/nada/plfs-2019-20/. NSO unit-data rider: religion is self-reported and the survey is designed for labour-force estimation, so religion figures are indicative (no sub-state estimates). Year=2019 is the start of the Jul-2019 to Jun-2020 reference period.",false
wpr-15plus,national,IN,2019,all,male,rural,74.4,population_age_15plus,90702,,,plfs-microdata,sources/nada/plfs-2019-20/CSV_PLFS_19_20.zip,canonicalize-wpr-15plus-v2.1.0-20260611T200615Z,"Computed from PLFS 2019-20 unit-level microdata (first-visit person file, usual status ps+ss, age 15+, rural, males): worker population ratio. Weight = MULT/100 (or /200 when NSS!=NSC) / NO_QTR; household religion joined from the household file. The run reproduces the round's published all-India LFPR/WPR/UR to 0.1. Pulled via the MoSPI NADA API; zip sha256 in sources/nada/plfs-2019-20/. NSO unit-data rider: religion is self-reported and the survey is designed for labour-force estimation, so religion figures are indicative (no sub-state estimates). Year=2019 is the start of the Jul-2019 to Jun-2020 reference period.",false
wpr-15plus,national,IN,2019,all,all,urban,45.8,population_age_15plus,140205,,,plfs-microdata,sources/nada/plfs-2019-20/CSV_PLFS_19_20.zip,canonicalize-wpr-15plus-v2.1.0-20260611T200615Z,"Computed from PLFS 2019-20 unit-level microdata (first-visit person file, usual status ps+ss, age 15+, urban, both sexes): worker population ratio. Weight = MULT/100 (or /200 when NSS!=NSC) / NO_QTR; household religion joined from the household file. The run reproduces the round's published all-India LFPR/WPR/UR to 0.1. Pulled via the MoSPI NADA API; zip sha256 in sources/nada/plfs-2019-20/. NSO unit-data rider: religion is self-reported and the survey is designed for labour-force estimation, so religion figures are indicative (no sub-state estimates). Year=2019 is the start of the Jul-2019 to Jun-2020 reference period.",false
wpr-15plus,national,IN,2019,all,female,urban,21.3,population_age_15plus,69509,,,plfs-microdata,sources/nada/plfs-2019-20/CSV_PLFS_19_20.zip,canonicalize-wpr-15plus-v2.1.0-20260611T200615Z,"Computed from PLFS 2019-20 unit-level microdata (first-visit person file, usual status ps+ss, age 15+, urban, females): worker population ratio. Weight = MULT/100 (or /200 when NSS!=NSC) / NO_QTR; household religion joined from the household file. The run reproduces the round's published all-India LFPR/WPR/UR to 0.1. Pulled via the MoSPI NADA API; zip sha256 in sources/nada/plfs-2019-20/. NSO unit-data rider: religion is self-reported and the survey is designed for labour-force estimation, so religion figures are indicative (no sub-state estimates). Year=2019 is the start of the Jul-2019 to Jun-2020 reference period.",false
wpr-15plus,national,IN,2019,all,male,urban,69.9,population_age_15plus,70677,,,plfs-microdata,sources/nada/plfs-2019-20/CSV_PLFS_19_20.zip,canonicalize-wpr-15plus-v2.1.0-20260611T200615Z,"Computed from PLFS 2019-20 unit-level microdata (first-visit person file, usual status ps+ss, age 15+, urban, males): worker population ratio. Weight = MULT/100 (or /200 when NSS!=NSC) / NO_QTR; household religion joined from the household file. The run reproduces the round's published all-India LFPR/WPR/UR to 0.1. Pulled via the MoSPI NADA API; zip sha256 in sources/nada/plfs-2019-20/. NSO unit-data rider: religion is self-reported and the survey is designed for labour-force estimation, so religion figures are indicative (no sub-state estimates). Year=2019 is the start of the Jul-2019 to Jun-2020 reference period.",false
wpr-15plus,national,IN,2019,christian,all,all,52.9,population_age_15plus,22505,,,plfs-microdata,sources/nada/plfs-2019-20/CSV_PLFS_19_20.zip,canonicalize-wpr-15plus-v2.1.0-20260611T200615Z,"Computed from PLFS 2019-20 unit-level microdata (first-visit person file, usual status ps+ss, age 15+, rural+urban, both sexes): worker population ratio. Weight = MULT/100 (or /200 when NSS!=NSC) / NO_QTR; household religion joined from the household file. The run reproduces the round's published all-India LFPR/WPR/UR to 0.1. Pulled via the MoSPI NADA API; zip sha256 in sources/nada/plfs-2019-20/. NSO unit-data rider: religion is self-reported and the survey is designed for labour-force estimation, so religion figures are indicative (no sub-state estimates). Year=2019 is the start of the Jul-2019 to Jun-2020 reference period.",false
wpr-15plus,national,IN,2019,christian,female,all,36.6,population_age_15plus,11388,,,plfs-microdata,sources/nada/plfs-2019-20/CSV_PLFS_19_20.zip,canonicalize-wpr-15plus-v2.1.0-20260611T200615Z,"Computed from PLFS 2019-20 unit-level microdata (first-visit person file, usual status ps+ss, age 15+, rural+urban, females): worker population ratio. Weight = MULT/100 (or /200 when NSS!=NSC) / NO_QTR; household religion joined from the household file. The run reproduces the round's published all-India LFPR/WPR/UR to 0.1. Pulled via the MoSPI NADA API; zip sha256 in sources/nada/plfs-2019-20/. NSO unit-data rider: religion is self-reported and the survey is designed for labour-force estimation, so religion figures are indicative (no sub-state estimates). Year=2019 is the start of the Jul-2019 to Jun-2020 reference period.",false
wpr-15plus,national,IN,2019,christian,male,all,70.0,population_age_15plus,11113,,,plfs-microdata,sources/nada/plfs-2019-20/CSV_PLFS_19_20.zip,canonicalize-wpr-15plus-v2.1.0-20260611T200615Z,"Computed from PLFS 2019-20 unit-level microdata (first-visit person file, usual status ps+ss, age 15+, rural+urban, males): worker population ratio. Weight = MULT/100 (or /200 when NSS!=NSC) / NO_QTR; household religion joined from the household file. The run reproduces the round's published all-India LFPR/WPR/UR to 0.1. Pulled via the MoSPI NADA API; zip sha256 in sources/nada/plfs-2019-20/. NSO unit-data rider: religion is self-reported and the survey is designed for labour-force estimation, so religion figures are indicative (no sub-state estimates). Year=2019 is the start of the Jul-2019 to Jun-2020 reference period.",false
wpr-15plus,national,IN,2019,christian,all,rural,55.9,population_age_15plus,12627,,,plfs-microdata,sources/nada/plfs-2019-20/CSV_PLFS_19_20.zip,canonicalize-wpr-15plus-v2.1.0-20260611T200615Z,"Computed from PLFS 2019-20 unit-level microdata (first-visit person file, usual status ps+ss, age 15+, rural, both sexes): worker population ratio. Weight = MULT/100 (or /200 when NSS!=NSC) / NO_QTR; household religion joined from the household file. The run reproduces the round's published all-India LFPR/WPR/UR to 0.1. Pulled via the MoSPI NADA API; zip sha256 in sources/nada/plfs-2019-20/. NSO unit-data rider: religion is self-reported and the survey is designed for labour-force estimation, so religion figures are indicative (no sub-state estimates). Year=2019 is the start of the Jul-2019 to Jun-2020 reference period.",false
wpr-15plus,national,IN,2019,christian,female,rural,40.0,population_age_15plus,6306,,,plfs-microdata,sources/nada/plfs-2019-20/CSV_PLFS_19_20.zip,canonicalize-wpr-15plus-v2.1.0-20260611T200615Z,"Computed from PLFS 2019-20 unit-level microdata (first-visit person file, usual status ps+ss, age 15+, rural, females): worker population ratio. Weight = MULT/100 (or /200 when NSS!=NSC) / NO_QTR; household religion joined from the household file. The run reproduces the round's published all-India LFPR/WPR/UR to 0.1. Pulled via the MoSPI NADA API; zip sha256 in sources/nada/plfs-2019-20/. NSO unit-data rider: religion is self-reported and the survey is designed for labour-force estimation, so religion figures are indicative (no sub-state estimates). Year=2019 is the start of the Jul-2019 to Jun-2020 reference period.",false
wpr-15plus,national,IN,2019,christian,male,rural,72.6,population_age_15plus,6319,,,plfs-microdata,sources/nada/plfs-2019-20/CSV_PLFS_19_20.zip,canonicalize-wpr-15plus-v2.1.0-20260611T200615Z,"Computed from PLFS 2019-20 unit-level microdata (first-visit person file, usual status ps+ss, age 15+, rural, males): worker population ratio. Weight = MULT/100 (or /200 when NSS!=NSC) / NO_QTR; household religion joined from the household file. The run reproduces the round's published all-India LFPR/WPR/UR to 0.1. Pulled via the MoSPI NADA API; zip sha256 in sources/nada/plfs-2019-20/. NSO unit-data rider: religion is self-reported and the survey is designed for labour-force estimation, so religion figures are indicative (no sub-state estimates). Year=2019 is the start of the Jul-2019 to Jun-2020 reference period.",false
wpr-15plus,national,IN,2019,christian,all,urban,47.5,population_age_15plus,9878,,,plfs-microdata,sources/nada/plfs-2019-20/CSV_PLFS_19_20.zip,canonicalize-wpr-15plus-v2.1.0-20260611T200615Z,"Computed from PLFS 2019-20 unit-level microdata (first-visit person file, usual status ps+ss, age 15+, urban, both sexes): worker population ratio. Weight = MULT/100 (or /200 when NSS!=NSC) / NO_QTR; household religion joined from the household file. The run reproduces the round's published all-India LFPR/WPR/UR to 0.1. Pulled via the MoSPI NADA API; zip sha256 in sources/nada/plfs-2019-20/. NSO unit-data rider: religion is self-reported and the survey is designed for labour-force estimation, so religion figures are indicative (no sub-state estimates). Year=2019 is the start of the Jul-2019 to Jun-2020 reference period.",false
wpr-15plus,national,IN,2019,christian,female,urban,30.6,population_age_15plus,5082,,,plfs-microdata,sources/nada/plfs-2019-20/CSV_PLFS_19_20.zip,canonicalize-wpr-15plus-v2.1.0-20260611T200615Z,"Computed from PLFS 2019-20 unit-level microdata (first-visit person file, usual status ps+ss, age 15+, urban, females): worker population ratio. Weight = MULT/100 (or /200 when NSS!=NSC) / NO_QTR; household religion joined from the household file. The run reproduces the round's published all-India LFPR/WPR/UR to 0.1. Pulled via the MoSPI NADA API; zip sha256 in sources/nada/plfs-2019-20/. NSO unit-data rider: religion is self-reported and the survey is designed for labour-force estimation, so religion figures are indicative (no sub-state estimates). Year=2019 is the start of the Jul-2019 to Jun-2020 reference period.",false
wpr-15plus,national,IN,2019,christian,male,urban,65.4,population_age_15plus,4794,,,plfs-microdata,sources/nada/plfs-2019-20/CSV_PLFS_19_20.zip,canonicalize-wpr-15plus-v2.1.0-20260611T200615Z,"Computed from PLFS 2019-20 unit-level microdata (first-visit person file, usual status ps+ss, age 15+, urban, males): worker population ratio. Weight = MULT/100 (or /200 when NSS!=NSC) / NO_QTR; household religion joined from the household file. The run reproduces the round's published all-India LFPR/WPR/UR to 0.1. Pulled via the MoSPI NADA API; zip sha256 in sources/nada/plfs-2019-20/. NSO unit-data rider: religion is self-reported and the survey is designed for labour-force estimation, so religion figures are indicative (no sub-state estimates). Year=2019 is the start of the Jul-2019 to Jun-2020 reference period.",false
wpr-15plus,national,IN,2019,hindu,all,all,51.7,population_age_15plus,242343,,,plfs-microdata,sources/nada/plfs-2019-20/CSV_PLFS_19_20.zip,canonicalize-wpr-15plus-v2.1.0-20260611T200615Z,"Computed from PLFS 2019-20 unit-level microdata (first-visit person file, usual status ps+ss, age 15+, rural+urban, both sexes): worker population ratio. Weight = MULT/100 (or /200 when NSS!=NSC) / NO_QTR; household religion joined from the household file. The run reproduces the round's published all-India LFPR/WPR/UR to 0.1. Pulled via the MoSPI NADA API; zip sha256 in sources/nada/plfs-2019-20/. NSO unit-data rider: religion is self-reported and the survey is designed for labour-force estimation, so religion figures are indicative (no sub-state estimates). Year=2019 is the start of the Jul-2019 to Jun-2020 reference period.",false
wpr-15plus,national,IN,2019,hindu,female,all,30.1,population_age_15plus,119934,,,plfs-microdata,sources/nada/plfs-2019-20/CSV_PLFS_19_20.zip,canonicalize-wpr-15plus-v2.1.0-20260611T200615Z,"Computed from PLFS 2019-20 unit-level microdata (first-visit person file, usual status ps+ss, age 15+, rural+urban, females): worker population ratio. Weight = MULT/100 (or /200 when NSS!=NSC) / NO_QTR; household religion joined from the household file. The run reproduces the round's published all-India LFPR/WPR/UR to 0.1. Pulled via the MoSPI NADA API; zip sha256 in sources/nada/plfs-2019-20/. NSO unit-data rider: religion is self-reported and the survey is designed for labour-force estimation, so religion figures are indicative (no sub-state estimates). Year=2019 is the start of the Jul-2019 to Jun-2020 reference period.",false
wpr-15plus,national,IN,2019,hindu,male,all,73.0,population_age_15plus,122362,,,plfs-microdata,sources/nada/plfs-2019-20/CSV_PLFS_19_20.zip,canonicalize-wpr-15plus-v2.1.0-20260611T200615Z,"Computed from PLFS 2019-20 unit-level microdata (first-visit person file, usual status ps+ss, age 15+, rural+urban, males): worker population ratio. Weight = MULT/100 (or /200 when NSS!=NSC) / NO_QTR; household religion joined from the household file. The run reproduces the round's published all-India LFPR/WPR/UR to 0.1. Pulled via the MoSPI NADA API; zip sha256 in sources/nada/plfs-2019-20/. NSO unit-data rider: religion is self-reported and the survey is designed for labour-force estimation, so religion figures are indicative (no sub-state estimates). Year=2019 is the start of the Jul-2019 to Jun-2020 reference period.",false
wpr-15plus,national,IN,2019,hindu,all,rural,54.0,population_age_15plus,139123,,,plfs-microdata,sources/nada/plfs-2019-20/CSV_PLFS_19_20.zip,canonicalize-wpr-15plus-v2.1.0-20260611T200615Z,"Computed from PLFS 2019-20 unit-level microdata (first-visit person file, usual status ps+ss, age 15+, rural, both sexes): worker population ratio. Weight = MULT/100 (or /200 when NSS!=NSC) / NO_QTR; household religion joined from the household file. The run reproduces the round's published all-India LFPR/WPR/UR to 0.1. Pulled via the MoSPI NADA API; zip sha256 in sources/nada/plfs-2019-20/. NSO unit-data rider: religion is self-reported and the survey is designed for labour-force estimation, so religion figures are indicative (no sub-state estimates). Year=2019 is the start of the Jul-2019 to Jun-2020 reference period.",false
wpr-15plus,national,IN,2019,hindu,female,rural,33.5,population_age_15plus,69018,,,plfs-microdata,sources/nada/plfs-2019-20/CSV_PLFS_19_20.zip,canonicalize-wpr-15plus-v2.1.0-20260611T200615Z,"Computed from PLFS 2019-20 unit-level microdata (first-visit person file, usual status ps+ss, age 15+, rural, females): worker population ratio. Weight = MULT/100 (or /200 when NSS!=NSC) / NO_QTR; household religion joined from the household file. The run reproduces the round's published all-India LFPR/WPR/UR to 0.1. Pulled via the MoSPI NADA API; zip sha256 in sources/nada/plfs-2019-20/. NSO unit-data rider: religion is self-reported and the survey is designed for labour-force estimation, so religion figures are indicative (no sub-state estimates). Year=2019 is the start of the Jul-2019 to Jun-2020 reference period.",false
wpr-15plus,national,IN,2019,hindu,male,rural,74.5,population_age_15plus,70072,,,plfs-microdata,sources/nada/plfs-2019-20/CSV_PLFS_19_20.zip,canonicalize-wpr-15plus-v2.1.0-20260611T200615Z,"Computed from PLFS 2019-20 unit-level microdata (first-visit person file, usual status ps+ss, age 15+, rural, males): worker population ratio. Weight = MULT/100 (or /200 when NSS!=NSC) / NO_QTR; household religion joined from the household file. The run reproduces the round's published all-India LFPR/WPR/UR to 0.1. Pulled via the MoSPI NADA API; zip sha256 in sources/nada/plfs-2019-20/. NSO unit-data rider: religion is self-reported and the survey is designed for labour-force estimation, so religion figures are indicative (no sub-state estimates). Year=2019 is the start of the Jul-2019 to Jun-2020 reference period.",false
wpr-15plus,national,IN,2019,hindu,all,urban,46.4,population_age_15plus,103220,,,plfs-microdata,sources/nada/plfs-2019-20/CSV_PLFS_19_20.zip,canonicalize-wpr-15plus-v2.1.0-20260611T200615Z,"Computed from PLFS 2019-20 unit-level microdata (first-visit person file, usual status ps+ss, age 15+, urban, both sexes): worker population ratio. Weight = MULT/100 (or /200 when NSS!=NSC) / NO_QTR; household religion joined from the household file. The run reproduces the round's published all-India LFPR/WPR/UR to 0.1. Pulled via the MoSPI NADA API; zip sha256 in sources/nada/plfs-2019-20/. NSO unit-data rider: religion is self-reported and the survey is designed for labour-force estimation, so religion figures are indicative (no sub-state estimates). Year=2019 is the start of the Jul-2019 to Jun-2020 reference period.",false
wpr-15plus,national,IN,2019,hindu,female,urban,22.5,population_age_15plus,50916,,,plfs-microdata,sources/nada/plfs-2019-20/CSV_PLFS_19_20.zip,canonicalize-wpr-15plus-v2.1.0-20260611T200615Z,"Computed from PLFS 2019-20 unit-level microdata (first-visit person file, usual status ps+ss, age 15+, urban, females): worker population ratio. Weight = MULT/100 (or /200 when NSS!=NSC) / NO_QTR; household religion joined from the household file. The run reproduces the round's published all-India LFPR/WPR/UR to 0.1. Pulled via the MoSPI NADA API; zip sha256 in sources/nada/plfs-2019-20/. NSO unit-data rider: religion is self-reported and the survey is designed for labour-force estimation, so religion figures are indicative (no sub-state estimates). Year=2019 is the start of the Jul-2019 to Jun-2020 reference period.",false
wpr-15plus,national,IN,2019,hindu,male,urban,69.6,population_age_15plus,52290,,,plfs-microdata,sources/nada/plfs-2019-20/CSV_PLFS_19_20.zip,canonicalize-wpr-15plus-v2.1.0-20260611T200615Z,"Computed from PLFS 2019-20 unit-level microdata (first-visit person file, usual status ps+ss, age 15+, urban, males): worker population ratio. Weight = MULT/100 (or /200 when NSS!=NSC) / NO_QTR; household religion joined from the household file. The run reproduces the round's published all-India LFPR/WPR/UR to 0.1. Pulled via the MoSPI NADA API; zip sha256 in sources/nada/plfs-2019-20/. NSO unit-data rider: religion is self-reported and the survey is designed for labour-force estimation, so religion figures are indicative (no sub-state estimates). Year=2019 is the start of the Jul-2019 to Jun-2020 reference period.",false
wpr-15plus,national,IN,2019,muslim,all,all,45.1,population_age_15plus,41805,,,plfs-microdata,sources/nada/plfs-2019-20/CSV_PLFS_19_20.zip,canonicalize-wpr-15plus-v2.1.0-20260611T200615Z,"Computed from PLFS 2019-20 unit-level microdata (first-visit person file, usual status ps+ss, age 15+, rural+urban, both sexes): worker population ratio. Weight = MULT/100 (or /200 when NSS!=NSC) / NO_QTR; household religion joined from the household file. The run reproduces the round's published all-India LFPR/WPR/UR to 0.1. Pulled via the MoSPI NADA API; zip sha256 in sources/nada/plfs-2019-20/. NSO unit-data rider: religion is self-reported and the survey is designed for labour-force estimation, so religion figures are indicative (no sub-state estimates). Year=2019 is the start of the Jul-2019 to Jun-2020 reference period.",false
wpr-15plus,national,IN,2019,muslim,female,all,17.1,population_age_15plus,20747,,,plfs-microdata,sources/nada/plfs-2019-20/CSV_PLFS_19_20.zip,canonicalize-wpr-15plus-v2.1.0-20260611T200615Z,"Computed from PLFS 2019-20 unit-level microdata (first-visit person file, usual status ps+ss, age 15+, rural+urban, females): worker population ratio. Weight = MULT/100 (or /200 when NSS!=NSC) / NO_QTR; household religion joined from the household file. The run reproduces the round's published all-India LFPR/WPR/UR to 0.1. Pulled via the MoSPI NADA API; zip sha256 in sources/nada/plfs-2019-20/. NSO unit-data rider: religion is self-reported and the survey is designed for labour-force estimation, so religion figures are indicative (no sub-state estimates). Year=2019 is the start of the Jul-2019 to Jun-2020 reference period.",false
wpr-15plus,national,IN,2019,muslim,male,all,73.4,population_age_15plus,21056,,,plfs-microdata,sources/nada/plfs-2019-20/CSV_PLFS_19_20.zip,canonicalize-wpr-15plus-v2.1.0-20260611T200615Z,"Computed from PLFS 2019-20 unit-level microdata (first-visit person file, usual status ps+ss, age 15+, rural+urban, males): worker population ratio. Weight = MULT/100 (or /200 when NSS!=NSC) / NO_QTR; household religion joined from the household file. The run reproduces the round's published all-India LFPR/WPR/UR to 0.1. Pulled via the MoSPI NADA API; zip sha256 in sources/nada/plfs-2019-20/. NSO unit-data rider: religion is self-reported and the survey is designed for labour-force estimation, so religion figures are indicative (no sub-state estimates). Year=2019 is the start of the Jul-2019 to Jun-2020 reference period.",false
wpr-15plus,national,IN,2019,muslim,all,rural,46.8,population_age_15plus,20250,,,plfs-microdata,sources/nada/plfs-2019-20/CSV_PLFS_19_20.zip,canonicalize-wpr-15plus-v2.1.0-20260611T200615Z,"Computed from PLFS 2019-20 unit-level microdata (first-visit person file, usual status ps+ss, age 15+, rural, both sexes): worker population ratio. Weight = MULT/100 (or /200 when NSS!=NSC) / NO_QTR; household religion joined from the household file. The run reproduces the round's published all-India LFPR/WPR/UR to 0.1. Pulled via the MoSPI NADA API; zip sha256 in sources/nada/plfs-2019-20/. NSO unit-data rider: religion is self-reported and the survey is designed for labour-force estimation, so religion figures are indicative (no sub-state estimates). Year=2019 is the start of the Jul-2019 to Jun-2020 reference period.",false
wpr-15plus,national,IN,2019,muslim,female,rural,19.8,population_age_15plus,9981,,,plfs-microdata,sources/nada/plfs-2019-20/CSV_PLFS_19_20.zip,canonicalize-wpr-15plus-v2.1.0-20260611T200615Z,"Computed from PLFS 2019-20 unit-level microdata (first-visit person file, usual status ps+ss, age 15+, rural, females): worker population ratio. Weight = MULT/100 (or /200 when NSS!=NSC) / NO_QTR; household religion joined from the household file. The run reproduces the round's published all-India LFPR/WPR/UR to 0.1. Pulled via the MoSPI NADA API; zip sha256 in sources/nada/plfs-2019-20/. NSO unit-data rider: religion is self-reported and the survey is designed for labour-force estimation, so religion figures are indicative (no sub-state estimates). Year=2019 is the start of the Jul-2019 to Jun-2020 reference period.",false
wpr-15plus,national,IN,2019,muslim,male,rural,74.0,population_age_15plus,10268,,,plfs-microdata,sources/nada/plfs-2019-20/CSV_PLFS_19_20.zip,canonicalize-wpr-15plus-v2.1.0-20260611T200615Z,"Computed from PLFS 2019-20 unit-level microdata (first-visit person file, usual status ps+ss, age 15+, rural, males): worker population ratio. Weight = MULT/100 (or /200 when NSS!=NSC) / NO_QTR; household religion joined from the household file. The run reproduces the round's published all-India LFPR/WPR/UR to 0.1. Pulled via the MoSPI NADA API; zip sha256 in sources/nada/plfs-2019-20/. NSO unit-data rider: religion is self-reported and the survey is designed for labour-force estimation, so religion figures are indicative (no sub-state estimates). Year=2019 is the start of the Jul-2019 to Jun-2020 reference period.",false
wpr-15plus,national,IN,2019,muslim,all,urban,42.7,population_age_15plus,21555,,,plfs-microdata,sources/nada/plfs-2019-20/CSV_PLFS_19_20.zip,canonicalize-wpr-15plus-v2.1.0-20260611T200615Z,"Computed from PLFS 2019-20 unit-level microdata (first-visit person file, usual status ps+ss, age 15+, urban, both sexes): worker population ratio. Weight = MULT/100 (or /200 when NSS!=NSC) / NO_QTR; household religion joined from the household file. The run reproduces the round's published all-India LFPR/WPR/UR to 0.1. Pulled via the MoSPI NADA API; zip sha256 in sources/nada/plfs-2019-20/. NSO unit-data rider: religion is self-reported and the survey is designed for labour-force estimation, so religion figures are indicative (no sub-state estimates). Year=2019 is the start of the Jul-2019 to Jun-2020 reference period.",false
wpr-15plus,national,IN,2019,muslim,female,urban,13.1,population_age_15plus,10766,,,plfs-microdata,sources/nada/plfs-2019-20/CSV_PLFS_19_20.zip,canonicalize-wpr-15plus-v2.1.0-20260611T200615Z,"Computed from PLFS 2019-20 unit-level microdata (first-visit person file, usual status ps+ss, age 15+, urban, females): worker population ratio. Weight = MULT/100 (or /200 when NSS!=NSC) / NO_QTR; household religion joined from the household file. The run reproduces the round's published all-India LFPR/WPR/UR to 0.1. Pulled via the MoSPI NADA API; zip sha256 in sources/nada/plfs-2019-20/. NSO unit-data rider: religion is self-reported and the survey is designed for labour-force estimation, so religion figures are indicative (no sub-state estimates). Year=2019 is the start of the Jul-2019 to Jun-2020 reference period.",false
wpr-15plus,national,IN,2019,muslim,male,urban,72.4,population_age_15plus,10788,,,plfs-microdata,sources/nada/plfs-2019-20/CSV_PLFS_19_20.zip,canonicalize-wpr-15plus-v2.1.0-20260611T200615Z,"Computed from PLFS 2019-20 unit-level microdata (first-visit person file, usual status ps+ss, age 15+, urban, males): worker population ratio. Weight = MULT/100 (or /200 when NSS!=NSC) / NO_QTR; household religion joined from the household file. The run reproduces the round's published all-India LFPR/WPR/UR to 0.1. Pulled via the MoSPI NADA API; zip sha256 in sources/nada/plfs-2019-20/. NSO unit-data rider: religion is self-reported and the survey is designed for labour-force estimation, so religion figures are indicative (no sub-state estimates). Year=2019 is the start of the Jul-2019 to Jun-2020 reference period.",false
wpr-15plus,national,IN,2019,sikh,all,all,47.7,population_age_15plus,7086,,,plfs-microdata,sources/nada/plfs-2019-20/CSV_PLFS_19_20.zip,canonicalize-wpr-15plus-v2.1.0-20260611T200615Z,"Computed from PLFS 2019-20 unit-level microdata (first-visit person file, usual status ps+ss, age 15+, rural+urban, both sexes): worker population ratio. Weight = MULT/100 (or /200 when NSS!=NSC) / NO_QTR; household religion joined from the household file. The run reproduces the round's published all-India LFPR/WPR/UR to 0.1. Pulled via the MoSPI NADA API; zip sha256 in sources/nada/plfs-2019-20/. NSO unit-data rider: religion is self-reported and the survey is designed for labour-force estimation, so religion figures are indicative (no sub-state estimates). Year=2019 is the start of the Jul-2019 to Jun-2020 reference period.",false
wpr-15plus,national,IN,2019,sikh,female,all,23.3,population_age_15plus,3429,,,plfs-microdata,sources/nada/plfs-2019-20/CSV_PLFS_19_20.zip,canonicalize-wpr-15plus-v2.1.0-20260611T200615Z,"Computed from PLFS 2019-20 unit-level microdata (first-visit person file, usual status ps+ss, age 15+, rural+urban, females): worker population ratio. Weight = MULT/100 (or /200 when NSS!=NSC) / NO_QTR; household religion joined from the household file. The run reproduces the round's published all-India LFPR/WPR/UR to 0.1. Pulled via the MoSPI NADA API; zip sha256 in sources/nada/plfs-2019-20/. NSO unit-data rider: religion is self-reported and the survey is designed for labour-force estimation, so religion figures are indicative (no sub-state estimates). Year=2019 is the start of the Jul-2019 to Jun-2020 reference period.",false
wpr-15plus,national,IN,2019,sikh,male,all,70.6,population_age_15plus,3657,,,plfs-microdata,sources/nada/plfs-2019-20/CSV_PLFS_19_20.zip,canonicalize-wpr-15plus-v2.1.0-20260611T200615Z,"Computed from PLFS 2019-20 unit-level microdata (first-visit person file, usual status ps+ss, age 15+, rural+urban, males): worker population ratio. Weight = MULT/100 (or /200 when NSS!=NSC) / NO_QTR; household religion joined from the household file. The run reproduces the round's published all-India LFPR/WPR/UR to 0.1. Pulled via the MoSPI NADA API; zip sha256 in sources/nada/plfs-2019-20/. NSO unit-data rider: religion is self-reported and the survey is designed for labour-force estimation, so religion figures are indicative (no sub-state estimates). Year=2019 is the start of the Jul-2019 to Jun-2020 reference period.",false
wpr-15plus,national,IN,2019,sikh,all,rural,49.4,population_age_15plus,4485,,,plfs-microdata,sources/nada/plfs-2019-20/CSV_PLFS_19_20.zip,canonicalize-wpr-15plus-v2.1.0-20260611T200615Z,"Computed from PLFS 2019-20 unit-level microdata (first-visit person file, usual status ps+ss, age 15+, rural, both sexes): worker population ratio. Weight = MULT/100 (or /200 when NSS!=NSC) / NO_QTR; household religion joined from the household file. The run reproduces the round's published all-India LFPR/WPR/UR to 0.1. Pulled via the MoSPI NADA API; zip sha256 in sources/nada/plfs-2019-20/. NSO unit-data rider: religion is self-reported and the survey is designed for labour-force estimation, so religion figures are indicative (no sub-state estimates). Year=2019 is the start of the Jul-2019 to Jun-2020 reference period.",false
wpr-15plus,national,IN,2019,sikh,female,rural,25.2,population_age_15plus,2148,,,plfs-microdata,sources/nada/plfs-2019-20/CSV_PLFS_19_20.zip,canonicalize-wpr-15plus-v2.1.0-20260611T200615Z,"Computed from PLFS 2019-20 unit-level microdata (first-visit person file, usual status ps+ss, age 15+, rural, females): worker population ratio. Weight = MULT/100 (or /200 when NSS!=NSC) / NO_QTR; household religion joined from the household file. The run reproduces the round's published all-India LFPR/WPR/UR to 0.1. Pulled via the MoSPI NADA API; zip sha256 in sources/nada/plfs-2019-20/. NSO unit-data rider: religion is self-reported and the survey is designed for labour-force estimation, so religion figures are indicative (no sub-state estimates). Year=2019 is the start of the Jul-2019 to Jun-2020 reference period.",false
wpr-15plus,national,IN,2019,sikh,male,rural,71.7,population_age_15plus,2337,,,plfs-microdata,sources/nada/plfs-2019-20/CSV_PLFS_19_20.zip,canonicalize-wpr-15plus-v2.1.0-20260611T200615Z,"Computed from PLFS 2019-20 unit-level microdata (first-visit person file, usual status ps+ss, age 15+, rural, males): worker population ratio. Weight = MULT/100 (or /200 when NSS!=NSC) / NO_QTR; household religion joined from the household file. The run reproduces the round's published all-India LFPR/WPR/UR to 0.1. Pulled via the MoSPI NADA API; zip sha256 in sources/nada/plfs-2019-20/. NSO unit-data rider: religion is self-reported and the survey is designed for labour-force estimation, so religion figures are indicative (no sub-state estimates). Year=2019 is the start of the Jul-2019 to Jun-2020 reference period.",false
wpr-15plus,national,IN,2019,sikh,all,urban,42.3,population_age_15plus,2601,,,plfs-microdata,sources/nada/plfs-2019-20/CSV_PLFS_19_20.zip,canonicalize-wpr-15plus-v2.1.0-20260611T200615Z,"Computed from PLFS 2019-20 unit-level microdata (first-visit person file, usual status ps+ss, age 15+, urban, both sexes): worker population ratio. Weight = MULT/100 (or /200 when NSS!=NSC) / NO_QTR; household religion joined from the household file. The run reproduces the round's published all-India LFPR/WPR/UR to 0.1. Pulled via the MoSPI NADA API; zip sha256 in sources/nada/plfs-2019-20/. NSO unit-data rider: religion is self-reported and the survey is designed for labour-force estimation, so religion figures are indicative (no sub-state estimates). Year=2019 is the start of the Jul-2019 to Jun-2020 reference period.",false
wpr-15plus,national,IN,2019,sikh,female,urban,17.7,population_age_15plus,1281,,,plfs-microdata,sources/nada/plfs-2019-20/CSV_PLFS_19_20.zip,canonicalize-wpr-15plus-v2.1.0-20260611T200615Z,"Computed from PLFS 2019-20 unit-level microdata (first-visit person file, usual status ps+ss, age 15+, urban, females): worker population ratio. Weight = MULT/100 (or /200 when NSS!=NSC) / NO_QTR; household religion joined from the household file. The run reproduces the round's published all-India LFPR/WPR/UR to 0.1. Pulled via the MoSPI NADA API; zip sha256 in sources/nada/plfs-2019-20/. NSO unit-data rider: religion is self-reported and the survey is designed for labour-force estimation, so religion figures are indicative (no sub-state estimates). Year=2019 is the start of the Jul-2019 to Jun-2020 reference period.",false
wpr-15plus,national,IN,2019,sikh,male,urban,67.1,population_age_15plus,1320,,,plfs-microdata,sources/nada/plfs-2019-20/CSV_PLFS_19_20.zip,canonicalize-wpr-15plus-v2.1.0-20260611T200615Z,"Computed from PLFS 2019-20 unit-level microdata (first-visit person file, usual status ps+ss, age 15+, urban, males): worker population ratio. Weight = MULT/100 (or /200 when NSS!=NSC) / NO_QTR; household religion joined from the household file. The run reproduces the round's published all-India LFPR/WPR/UR to 0.1. Pulled via the MoSPI NADA API; zip sha256 in sources/nada/plfs-2019-20/. NSO unit-data rider: religion is self-reported and the survey is designed for labour-force estimation, so religion figures are indicative (no sub-state estimates). Year=2019 is the start of the Jul-2019 to Jun-2020 reference period.",false
wpr-15plus,national,IN,2020,all,all,all,52.6,population_age_15plus,316736,,,plfs-microdata,sources/nada/plfs-2020-21/CSV_Unit_level_data_PLFS_July2020_June2021.zip,canonicalize-wpr-15plus-v2.1.0-20260611T200615Z,"Computed from PLFS 2020-21 unit-level microdata (first-visit person file, usual status ps+ss, age 15+, rural+urban, both sexes): worker population ratio. Weight = MULT/100 (or /200 when NSS!=NSC) / NO_QTR; household religion joined from the household file. The run reproduces the round's published all-India LFPR/WPR/UR to 0.1. Pulled via the MoSPI NADA API; zip sha256 in sources/nada/plfs-2020-21/. NSO unit-data rider: religion is self-reported and the survey is designed for labour-force estimation, so religion figures are indicative (no sub-state estimates). Year=2020 is the start of the Jul-2020 to Jun-2021 reference period.",false
wpr-15plus,national,IN,2020,all,female,all,31.4,population_age_15plus,156831,,,plfs-microdata,sources/nada/plfs-2020-21/CSV_Unit_level_data_PLFS_July2020_June2021.zip,canonicalize-wpr-15plus-v2.1.0-20260611T200615Z,"Computed from PLFS 2020-21 unit-level microdata (first-visit person file, usual status ps+ss, age 15+, rural+urban, females): worker population ratio. Weight = MULT/100 (or /200 when NSS!=NSC) / NO_QTR; household religion joined from the household file. The run reproduces the round's published all-India LFPR/WPR/UR to 0.1. Pulled via the MoSPI NADA API; zip sha256 in sources/nada/plfs-2020-21/. NSO unit-data rider: religion is self-reported and the survey is designed for labour-force estimation, so religion figures are indicative (no sub-state estimates). Year=2020 is the start of the Jul-2020 to Jun-2021 reference period.",false
wpr-15plus,national,IN,2020,all,male,all,73.6,population_age_15plus,159828,,,plfs-microdata,sources/nada/plfs-2020-21/CSV_Unit_level_data_PLFS_July2020_June2021.zip,canonicalize-wpr-15plus-v2.1.0-20260611T200615Z,"Computed from PLFS 2020-21 unit-level microdata (first-visit person file, usual status ps+ss, age 15+, rural+urban, males): worker population ratio. Weight = MULT/100 (or /200 when NSS!=NSC) / NO_QTR; household religion joined from the household file. The run reproduces the round's published all-India LFPR/WPR/UR to 0.1. Pulled via the MoSPI NADA API; zip sha256 in sources/nada/plfs-2020-21/. NSO unit-data rider: religion is self-reported and the survey is designed for labour-force estimation, so religion figures are indicative (no sub-state estimates). Year=2020 is the start of the Jul-2020 to Jun-2021 reference period.",false
wpr-15plus,national,IN,2020,all,all,rural,55.5,population_age_15plus,178199,,,plfs-microdata,sources/nada/plfs-2020-21/CSV_Unit_level_data_PLFS_July2020_June2021.zip,canonicalize-wpr-15plus-v2.1.0-20260611T200615Z,"Computed from PLFS 2020-21 unit-level microdata (first-visit person file, usual status ps+ss, age 15+, rural, both sexes): worker population ratio. Weight = MULT/100 (or /200 when NSS!=NSC) / NO_QTR; household religion joined from the household file. The run reproduces the round's published all-India LFPR/WPR/UR to 0.1. Pulled via the MoSPI NADA API; zip sha256 in sources/nada/plfs-2020-21/. NSO unit-data rider: religion is self-reported and the survey is designed for labour-force estimation, so religion figures are indicative (no sub-state estimates). Year=2020 is the start of the Jul-2020 to Jun-2021 reference period.",false
wpr-15plus,national,IN,2020,all,female,rural,35.8,population_age_15plus,88234,,,plfs-microdata,sources/nada/plfs-2020-21/CSV_Unit_level_data_PLFS_July2020_June2021.zip,canonicalize-wpr-15plus-v2.1.0-20260611T200615Z,"Computed from PLFS 2020-21 unit-level microdata (first-visit person file, usual status ps+ss, age 15+, rural, females): worker population ratio. Weight = MULT/100 (or /200 when NSS!=NSC) / NO_QTR; household religion joined from the household file. The run reproduces the round's published all-India LFPR/WPR/UR to 0.1. Pulled via the MoSPI NADA API; zip sha256 in sources/nada/plfs-2020-21/. NSO unit-data rider: religion is self-reported and the survey is designed for labour-force estimation, so religion figures are indicative (no sub-state estimates). Year=2020 is the start of the Jul-2020 to Jun-2021 reference period.",false
wpr-15plus,national,IN,2020,all,male,rural,75.1,population_age_15plus,89924,,,plfs-microdata,sources/nada/plfs-2020-21/CSV_Unit_level_data_PLFS_July2020_June2021.zip,canonicalize-wpr-15plus-v2.1.0-20260611T200615Z,"Computed from PLFS 2020-21 unit-level microdata (first-visit person file, usual status ps+ss, age 15+, rural, males): worker population ratio. Weight = MULT/100 (or /200 when NSS!=NSC) / NO_QTR; household religion joined from the household file. The run reproduces the round's published all-India LFPR/WPR/UR to 0.1. Pulled via the MoSPI NADA API; zip sha256 in sources/nada/plfs-2020-21/. NSO unit-data rider: religion is self-reported and the survey is designed for labour-force estimation, so religion figures are indicative (no sub-state estimates). Year=2020 is the start of the Jul-2020 to Jun-2021 reference period.",false
wpr-15plus,national,IN,2020,all,all,urban,45.9,population_age_15plus,138537,,,plfs-microdata,sources/nada/plfs-2020-21/CSV_Unit_level_data_PLFS_July2020_June2021.zip,canonicalize-wpr-15plus-v2.1.0-20260611T200615Z,"Computed from PLFS 2020-21 unit-level microdata (first-visit person file, usual status ps+ss, age 15+, urban, both sexes): worker population ratio. Weight = MULT/100 (or /200 when NSS!=NSC) / NO_QTR; household religion joined from the household file. The run reproduces the round's published all-India LFPR/WPR/UR to 0.1. Pulled via the MoSPI NADA API; zip sha256 in sources/nada/plfs-2020-21/. NSO unit-data rider: religion is self-reported and the survey is designed for labour-force estimation, so religion figures are indicative (no sub-state estimates). Year=2020 is the start of the Jul-2020 to Jun-2021 reference period.",false
wpr-15plus,national,IN,2020,all,female,urban,21.2,population_age_15plus,68597,,,plfs-microdata,sources/nada/plfs-2020-21/CSV_Unit_level_data_PLFS_July2020_June2021.zip,canonicalize-wpr-15plus-v2.1.0-20260611T200615Z,"Computed from PLFS 2020-21 unit-level microdata (first-visit person file, usual status ps+ss, age 15+, urban, females): worker population ratio. Weight = MULT/100 (or /200 when NSS!=NSC) / NO_QTR; household religion joined from the household file. The run reproduces the round's published all-India LFPR/WPR/UR to 0.1. Pulled via the MoSPI NADA API; zip sha256 in sources/nada/plfs-2020-21/. NSO unit-data rider: religion is self-reported and the survey is designed for labour-force estimation, so religion figures are indicative (no sub-state estimates). Year=2020 is the start of the Jul-2020 to Jun-2021 reference period.",false
wpr-15plus,national,IN,2020,all,male,urban,70.0,population_age_15plus,69904,,,plfs-microdata,sources/nada/plfs-2020-21/CSV_Unit_level_data_PLFS_July2020_June2021.zip,canonicalize-wpr-15plus-v2.1.0-20260611T200615Z,"Computed from PLFS 2020-21 unit-level microdata (first-visit person file, usual status ps+ss, age 15+, urban, males): worker population ratio. Weight = MULT/100 (or /200 when NSS!=NSC) / NO_QTR; household religion joined from the household file. The run reproduces the round's published all-India LFPR/WPR/UR to 0.1. Pulled via the MoSPI NADA API; zip sha256 in sources/nada/plfs-2020-21/. NSO unit-data rider: religion is self-reported and the survey is designed for labour-force estimation, so religion figures are indicative (no sub-state estimates). Year=2020 is the start of the Jul-2020 to Jun-2021 reference period.",false
wpr-15plus,national,IN,2020,christian,all,all,52.6,population_age_15plus,22342,,,plfs-microdata,sources/nada/plfs-2020-21/CSV_Unit_level_data_PLFS_July2020_June2021.zip,canonicalize-wpr-15plus-v2.1.0-20260611T200615Z,"Computed from PLFS 2020-21 unit-level microdata (first-visit person file, usual status ps+ss, age 15+, rural+urban, both sexes): worker population ratio. Weight = MULT/100 (or /200 when NSS!=NSC) / NO_QTR; household religion joined from the household file. The run reproduces the round's published all-India LFPR/WPR/UR to 0.1. Pulled via the MoSPI NADA API; zip sha256 in sources/nada/plfs-2020-21/. NSO unit-data rider: religion is self-reported and the survey is designed for labour-force estimation, so religion figures are indicative (no sub-state estimates). Year=2020 is the start of the Jul-2020 to Jun-2021 reference period.",false
wpr-15plus,national,IN,2020,christian,female,all,36.7,population_age_15plus,11280,,,plfs-microdata,sources/nada/plfs-2020-21/CSV_Unit_level_data_PLFS_July2020_June2021.zip,canonicalize-wpr-15plus-v2.1.0-20260611T200615Z,"Computed from PLFS 2020-21 unit-level microdata (first-visit person file, usual status ps+ss, age 15+, rural+urban, females): worker population ratio. Weight = MULT/100 (or /200 when NSS!=NSC) / NO_QTR; household religion joined from the household file. The run reproduces the round's published all-India LFPR/WPR/UR to 0.1. Pulled via the MoSPI NADA API; zip sha256 in sources/nada/plfs-2020-21/. NSO unit-data rider: religion is self-reported and the survey is designed for labour-force estimation, so religion figures are indicative (no sub-state estimates). Year=2020 is the start of the Jul-2020 to Jun-2021 reference period.",false
wpr-15plus,national,IN,2020,christian,male,all,69.4,population_age_15plus,11058,,,plfs-microdata,sources/nada/plfs-2020-21/CSV_Unit_level_data_PLFS_July2020_June2021.zip,canonicalize-wpr-15plus-v2.1.0-20260611T200615Z,"Computed from PLFS 2020-21 unit-level microdata (first-visit person file, usual status ps+ss, age 15+, rural+urban, males): worker population ratio. Weight = MULT/100 (or /200 when NSS!=NSC) / NO_QTR; household religion joined from the household file. The run reproduces the round's published all-India LFPR/WPR/UR to 0.1. Pulled via the MoSPI NADA API; zip sha256 in sources/nada/plfs-2020-21/. NSO unit-data rider: religion is self-reported and the survey is designed for labour-force estimation, so religion figures are indicative (no sub-state estimates). Year=2020 is the start of the Jul-2020 to Jun-2021 reference period.",false
wpr-15plus,national,IN,2020,christian,all,rural,56.5,population_age_15plus,12437,,,plfs-microdata,sources/nada/plfs-2020-21/CSV_Unit_level_data_PLFS_July2020_June2021.zip,canonicalize-wpr-15plus-v2.1.0-20260611T200615Z,"Computed from PLFS 2020-21 unit-level microdata (first-visit person file, usual status ps+ss, age 15+, rural, both sexes): worker population ratio. Weight = MULT/100 (or /200 when NSS!=NSC) / NO_QTR; household religion joined from the household file. The run reproduces the round's published all-India LFPR/WPR/UR to 0.1. Pulled via the MoSPI NADA API; zip sha256 in sources/nada/plfs-2020-21/. NSO unit-data rider: religion is self-reported and the survey is designed for labour-force estimation, so religion figures are indicative (no sub-state estimates). Year=2020 is the start of the Jul-2020 to Jun-2021 reference period.",false
wpr-15plus,national,IN,2020,christian,female,rural,41.1,population_age_15plus,6185,,,plfs-microdata,sources/nada/plfs-2020-21/CSV_Unit_level_data_PLFS_July2020_June2021.zip,canonicalize-wpr-15plus-v2.1.0-20260611T200615Z,"Computed from PLFS 2020-21 unit-level microdata (first-visit person file, usual status ps+ss, age 15+, rural, females): worker population ratio. Weight = MULT/100 (or /200 when NSS!=NSC) / NO_QTR; household religion joined from the household file. The run reproduces the round's published all-India LFPR/WPR/UR to 0.1. Pulled via the MoSPI NADA API; zip sha256 in sources/nada/plfs-2020-21/. NSO unit-data rider: religion is self-reported and the survey is designed for labour-force estimation, so religion figures are indicative (no sub-state estimates). Year=2020 is the start of the Jul-2020 to Jun-2021 reference period.",false
wpr-15plus,national,IN,2020,christian,male,rural,72.8,population_age_15plus,6250,,,plfs-microdata,sources/nada/plfs-2020-21/CSV_Unit_level_data_PLFS_July2020_June2021.zip,canonicalize-wpr-15plus-v2.1.0-20260611T200615Z,"Computed from PLFS 2020-21 unit-level microdata (first-visit person file, usual status ps+ss, age 15+, rural, males): worker population ratio. Weight = MULT/100 (or /200 when NSS!=NSC) / NO_QTR; household religion joined from the household file. The run reproduces the round's published all-India LFPR/WPR/UR to 0.1. Pulled via the MoSPI NADA API; zip sha256 in sources/nada/plfs-2020-21/. NSO unit-data rider: religion is self-reported and the survey is designed for labour-force estimation, so religion figures are indicative (no sub-state estimates). Year=2020 is the start of the Jul-2020 to Jun-2021 reference period.",false
wpr-15plus,national,IN,2020,christian,all,urban,45.9,population_age_15plus,9905,,,plfs-microdata,sources/nada/plfs-2020-21/CSV_Unit_level_data_PLFS_July2020_June2021.zip,canonicalize-wpr-15plus-v2.1.0-20260611T200615Z,"Computed from PLFS 2020-21 unit-level microdata (first-visit person file, usual status ps+ss, age 15+, urban, both sexes): worker population ratio. Weight = MULT/100 (or /200 when NSS!=NSC) / NO_QTR; household religion joined from the household file. The run reproduces the round's published all-India LFPR/WPR/UR to 0.1. Pulled via the MoSPI NADA API; zip sha256 in sources/nada/plfs-2020-21/. NSO unit-data rider: religion is self-reported and the survey is designed for labour-force estimation, so religion figures are indicative (no sub-state estimates). Year=2020 is the start of the Jul-2020 to Jun-2021 reference period.",false
wpr-15plus,national,IN,2020,christian,female,urban,29.4,population_age_15plus,5095,,,plfs-microdata,sources/nada/plfs-2020-21/CSV_Unit_level_data_PLFS_July2020_June2021.zip,canonicalize-wpr-15plus-v2.1.0-20260611T200615Z,"Computed from PLFS 2020-21 unit-level microdata (first-visit person file, usual status ps+ss, age 15+, urban, females): worker population ratio. Weight = MULT/100 (or /200 when NSS!=NSC) / NO_QTR; household religion joined from the household file. The run reproduces the round's published all-India LFPR/WPR/UR to 0.1. Pulled via the MoSPI NADA API; zip sha256 in sources/nada/plfs-2020-21/. NSO unit-data rider: religion is self-reported and the survey is designed for labour-force estimation, so religion figures are indicative (no sub-state estimates). Year=2020 is the start of the Jul-2020 to Jun-2021 reference period.",false
wpr-15plus,national,IN,2020,christian,male,urban,63.7,population_age_15plus,4808,,,plfs-microdata,sources/nada/plfs-2020-21/CSV_Unit_level_data_PLFS_July2020_June2021.zip,canonicalize-wpr-15plus-v2.1.0-20260611T200615Z,"Computed from PLFS 2020-21 unit-level microdata (first-visit person file, usual status ps+ss, age 15+, urban, males): worker population ratio. Weight = MULT/100 (or /200 when NSS!=NSC) / NO_QTR; household religion joined from the household file. The run reproduces the round's published all-India LFPR/WPR/UR to 0.1. Pulled via the MoSPI NADA API; zip sha256 in sources/nada/plfs-2020-21/. NSO unit-data rider: religion is self-reported and the survey is designed for labour-force estimation, so religion figures are indicative (no sub-state estimates). Year=2020 is the start of the Jul-2020 to Jun-2021 reference period.",false
wpr-15plus,national,IN,2020,hindu,all,all,53.3,population_age_15plus,240963,,,plfs-microdata,sources/nada/plfs-2020-21/CSV_Unit_level_data_PLFS_July2020_June2021.zip,canonicalize-wpr-15plus-v2.1.0-20260611T200615Z,"Computed from PLFS 2020-21 unit-level microdata (first-visit person file, usual status ps+ss, age 15+, rural+urban, both sexes): worker population ratio. Weight = MULT/100 (or /200 when NSS!=NSC) / NO_QTR; household religion joined from the household file. The run reproduces the round's published all-India LFPR/WPR/UR to 0.1. Pulled via the MoSPI NADA API; zip sha256 in sources/nada/plfs-2020-21/. NSO unit-data rider: religion is self-reported and the survey is designed for labour-force estimation, so religion figures are indicative (no sub-state estimates). Year=2020 is the start of the Jul-2020 to Jun-2021 reference period.",false
wpr-15plus,national,IN,2020,hindu,female,all,32.8,population_age_15plus,119282,,,plfs-microdata,sources/nada/plfs-2020-21/CSV_Unit_level_data_PLFS_July2020_June2021.zip,canonicalize-wpr-15plus-v2.1.0-20260611T200615Z,"Computed from PLFS 2020-21 unit-level microdata (first-visit person file, usual status ps+ss, age 15+, rural+urban, females): worker population ratio. Weight = MULT/100 (or /200 when NSS!=NSC) / NO_QTR; household religion joined from the household file. The run reproduces the round's published all-India LFPR/WPR/UR to 0.1. Pulled via the MoSPI NADA API; zip sha256 in sources/nada/plfs-2020-21/. NSO unit-data rider: religion is self-reported and the survey is designed for labour-force estimation, so religion figures are indicative (no sub-state estimates). Year=2020 is the start of the Jul-2020 to Jun-2021 reference period.",false
wpr-15plus,national,IN,2020,hindu,male,all,73.6,population_age_15plus,121626,,,plfs-microdata,sources/nada/plfs-2020-21/CSV_Unit_level_data_PLFS_July2020_June2021.zip,canonicalize-wpr-15plus-v2.1.0-20260611T200615Z,"Computed from PLFS 2020-21 unit-level microdata (first-visit person file, usual status ps+ss, age 15+, rural+urban, males): worker population ratio. Weight = MULT/100 (or /200 when NSS!=NSC) / NO_QTR; household religion joined from the household file. The run reproduces the round's published all-India LFPR/WPR/UR to 0.1. Pulled via the MoSPI NADA API; zip sha256 in sources/nada/plfs-2020-21/. NSO unit-data rider: religion is self-reported and the survey is designed for labour-force estimation, so religion figures are indicative (no sub-state estimates). Year=2020 is the start of the Jul-2020 to Jun-2021 reference period.",false
wpr-15plus,national,IN,2020,hindu,all,rural,56.2,population_age_15plus,138041,,,plfs-microdata,sources/nada/plfs-2020-21/CSV_Unit_level_data_PLFS_July2020_June2021.zip,canonicalize-wpr-15plus-v2.1.0-20260611T200615Z,"Computed from PLFS 2020-21 unit-level microdata (first-visit person file, usual status ps+ss, age 15+, rural, both sexes): worker population ratio. Weight = MULT/100 (or /200 when NSS!=NSC) / NO_QTR; household religion joined from the household file. The run reproduces the round's published all-India LFPR/WPR/UR to 0.1. Pulled via the MoSPI NADA API; zip sha256 in sources/nada/plfs-2020-21/. NSO unit-data rider: religion is self-reported and the survey is designed for labour-force estimation, so religion figures are indicative (no sub-state estimates). Year=2020 is the start of the Jul-2020 to Jun-2021 reference period.",false
wpr-15plus,national,IN,2020,hindu,female,rural,37.2,population_age_15plus,68402,,,plfs-microdata,sources/nada/plfs-2020-21/CSV_Unit_level_data_PLFS_July2020_June2021.zip,canonicalize-wpr-15plus-v2.1.0-20260611T200615Z,"Computed from PLFS 2020-21 unit-level microdata (first-visit person file, usual status ps+ss, age 15+, rural, females): worker population ratio. Weight = MULT/100 (or /200 when NSS!=NSC) / NO_QTR; household religion joined from the household file. The run reproduces the round's published all-India LFPR/WPR/UR to 0.1. Pulled via the MoSPI NADA API; zip sha256 in sources/nada/plfs-2020-21/. NSO unit-data rider: religion is self-reported and the survey is designed for labour-force estimation, so religion figures are indicative (no sub-state estimates). Year=2020 is the start of the Jul-2020 to Jun-2021 reference period.",false
wpr-15plus,national,IN,2020,hindu,male,rural,75.1,population_age_15plus,69611,,,plfs-microdata,sources/nada/plfs-2020-21/CSV_Unit_level_data_PLFS_July2020_June2021.zip,canonicalize-wpr-15plus-v2.1.0-20260611T200615Z,"Computed from PLFS 2020-21 unit-level microdata (first-visit person file, usual status ps+ss, age 15+, rural, males): worker population ratio. Weight = MULT/100 (or /200 when NSS!=NSC) / NO_QTR; household religion joined from the household file. The run reproduces the round's published all-India LFPR/WPR/UR to 0.1. Pulled via the MoSPI NADA API; zip sha256 in sources/nada/plfs-2020-21/. NSO unit-data rider: religion is self-reported and the survey is designed for labour-force estimation, so religion figures are indicative (no sub-state estimates). Year=2020 is the start of the Jul-2020 to Jun-2021 reference period.",false
wpr-15plus,national,IN,2020,hindu,all,urban,46.2,population_age_15plus,102922,,,plfs-microdata,sources/nada/plfs-2020-21/CSV_Unit_level_data_PLFS_July2020_June2021.zip,canonicalize-wpr-15plus-v2.1.0-20260611T200615Z,"Computed from PLFS 2020-21 unit-level microdata (first-visit person file, usual status ps+ss, age 15+, urban, both sexes): worker population ratio. Weight = MULT/100 (or /200 when NSS!=NSC) / NO_QTR; household religion joined from the household file. The run reproduces the round's published all-India LFPR/WPR/UR to 0.1. Pulled via the MoSPI NADA API; zip sha256 in sources/nada/plfs-2020-21/. NSO unit-data rider: religion is self-reported and the survey is designed for labour-force estimation, so religion figures are indicative (no sub-state estimates). Year=2020 is the start of the Jul-2020 to Jun-2021 reference period.",false
wpr-15plus,national,IN,2020,hindu,female,urban,22.0,population_age_15plus,50880,,,plfs-microdata,sources/nada/plfs-2020-21/CSV_Unit_level_data_PLFS_July2020_June2021.zip,canonicalize-wpr-15plus-v2.1.0-20260611T200615Z,"Computed from PLFS 2020-21 unit-level microdata (first-visit person file, usual status ps+ss, age 15+, urban, females): worker population ratio. Weight = MULT/100 (or /200 when NSS!=NSC) / NO_QTR; household religion joined from the household file. The run reproduces the round's published all-India LFPR/WPR/UR to 0.1. Pulled via the MoSPI NADA API; zip sha256 in sources/nada/plfs-2020-21/. NSO unit-data rider: religion is self-reported and the survey is designed for labour-force estimation, so religion figures are indicative (no sub-state estimates). Year=2020 is the start of the Jul-2020 to Jun-2021 reference period.",false
wpr-15plus,national,IN,2020,hindu,male,urban,69.8,population_age_15plus,52015,,,plfs-microdata,sources/nada/plfs-2020-21/CSV_Unit_level_data_PLFS_July2020_June2021.zip,canonicalize-wpr-15plus-v2.1.0-20260611T200615Z,"Computed from PLFS 2020-21 unit-level microdata (first-visit person file, usual status ps+ss, age 15+, urban, males): worker population ratio. Weight = MULT/100 (or /200 when NSS!=NSC) / NO_QTR; household religion joined from the household file. The run reproduces the round's published all-India LFPR/WPR/UR to 0.1. Pulled via the MoSPI NADA API; zip sha256 in sources/nada/plfs-2020-21/. NSO unit-data rider: religion is self-reported and the survey is designed for labour-force estimation, so religion figures are indicative (no sub-state estimates). Year=2020 is the start of the Jul-2020 to Jun-2021 reference period.",false
wpr-15plus,national,IN,2020,muslim,all,all,47.7,population_age_15plus,40445,,,plfs-microdata,sources/nada/plfs-2020-21/CSV_Unit_level_data_PLFS_July2020_June2021.zip,canonicalize-wpr-15plus-v2.1.0-20260611T200615Z,"Computed from PLFS 2020-21 unit-level microdata (first-visit person file, usual status ps+ss, age 15+, rural+urban, both sexes): worker population ratio. Weight = MULT/100 (or /200 when NSS!=NSC) / NO_QTR; household religion joined from the household file. The run reproduces the round's published all-India LFPR/WPR/UR to 0.1. Pulled via the MoSPI NADA API; zip sha256 in sources/nada/plfs-2020-21/. NSO unit-data rider: religion is self-reported and the survey is designed for labour-force estimation, so religion figures are indicative (no sub-state estimates). Year=2020 is the start of the Jul-2020 to Jun-2021 reference period.",false
wpr-15plus,national,IN,2020,muslim,female,all,20.4,population_age_15plus,19862,,,plfs-microdata,sources/nada/plfs-2020-21/CSV_Unit_level_data_PLFS_July2020_June2021.zip,canonicalize-wpr-15plus-v2.1.0-20260611T200615Z,"Computed from PLFS 2020-21 unit-level microdata (first-visit person file, usual status ps+ss, age 15+, rural+urban, females): worker population ratio. Weight = MULT/100 (or /200 when NSS!=NSC) / NO_QTR; household religion joined from the household file. The run reproduces the round's published all-India LFPR/WPR/UR to 0.1. Pulled via the MoSPI NADA API; zip sha256 in sources/nada/plfs-2020-21/. NSO unit-data rider: religion is self-reported and the survey is designed for labour-force estimation, so religion figures are indicative (no sub-state estimates). Year=2020 is the start of the Jul-2020 to Jun-2021 reference period.",false
wpr-15plus,national,IN,2020,muslim,male,all,74.8,population_age_15plus,20570,,,plfs-microdata,sources/nada/plfs-2020-21/CSV_Unit_level_data_PLFS_July2020_June2021.zip,canonicalize-wpr-15plus-v2.1.0-20260611T200615Z,"Computed from PLFS 2020-21 unit-level microdata (first-visit person file, usual status ps+ss, age 15+, rural+urban, males): worker population ratio. Weight = MULT/100 (or /200 when NSS!=NSC) / NO_QTR; household religion joined from the household file. The run reproduces the round's published all-India LFPR/WPR/UR to 0.1. Pulled via the MoSPI NADA API; zip sha256 in sources/nada/plfs-2020-21/. NSO unit-data rider: religion is self-reported and the survey is designed for labour-force estimation, so religion figures are indicative (no sub-state estimates). Year=2020 is the start of the Jul-2020 to Jun-2021 reference period.",false
wpr-15plus,national,IN,2020,muslim,all,rural,49.4,population_age_15plus,20179,,,plfs-microdata,sources/nada/plfs-2020-21/CSV_Unit_level_data_PLFS_July2020_June2021.zip,canonicalize-wpr-15plus-v2.1.0-20260611T200615Z,"Computed from PLFS 2020-21 unit-level microdata (first-visit person file, usual status ps+ss, age 15+, rural, both sexes): worker population ratio. Weight = MULT/100 (or /200 when NSS!=NSC) / NO_QTR; household religion joined from the household file. The run reproduces the round's published all-India LFPR/WPR/UR to 0.1. Pulled via the MoSPI NADA API; zip sha256 in sources/nada/plfs-2020-21/. NSO unit-data rider: religion is self-reported and the survey is designed for labour-force estimation, so religion figures are indicative (no sub-state estimates). Year=2020 is the start of the Jul-2020 to Jun-2021 reference period.",false
wpr-15plus,national,IN,2020,muslim,female,rural,23.5,population_age_15plus,9935,,,plfs-microdata,sources/nada/plfs-2020-21/CSV_Unit_level_data_PLFS_July2020_June2021.zip,canonicalize-wpr-15plus-v2.1.0-20260611T200615Z,"Computed from PLFS 2020-21 unit-level microdata (first-visit person file, usual status ps+ss, age 15+, rural, females): worker population ratio. Weight = MULT/100 (or /200 when NSS!=NSC) / NO_QTR; household religion joined from the household file. The run reproduces the round's published all-India LFPR/WPR/UR to 0.1. Pulled via the MoSPI NADA API; zip sha256 in sources/nada/plfs-2020-21/. NSO unit-data rider: religion is self-reported and the survey is designed for labour-force estimation, so religion figures are indicative (no sub-state estimates). Year=2020 is the start of the Jul-2020 to Jun-2021 reference period.",false
wpr-15plus,national,IN,2020,muslim,male,rural,75.4,population_age_15plus,10237,,,plfs-microdata,sources/nada/plfs-2020-21/CSV_Unit_level_data_PLFS_July2020_June2021.zip,canonicalize-wpr-15plus-v2.1.0-20260611T200615Z,"Computed from PLFS 2020-21 unit-level microdata (first-visit person file, usual status ps+ss, age 15+, rural, males): worker population ratio. Weight = MULT/100 (or /200 when NSS!=NSC) / NO_QTR; household religion joined from the household file. The run reproduces the round's published all-India LFPR/WPR/UR to 0.1. Pulled via the MoSPI NADA API; zip sha256 in sources/nada/plfs-2020-21/. NSO unit-data rider: religion is self-reported and the survey is designed for labour-force estimation, so religion figures are indicative (no sub-state estimates). Year=2020 is the start of the Jul-2020 to Jun-2021 reference period.",false
wpr-15plus,national,IN,2020,muslim,all,urban,44.6,population_age_15plus,20266,,,plfs-microdata,sources/nada/plfs-2020-21/CSV_Unit_level_data_PLFS_July2020_June2021.zip,canonicalize-wpr-15plus-v2.1.0-20260611T200615Z,"Computed from PLFS 2020-21 unit-level microdata (first-visit person file, usual status ps+ss, age 15+, urban, both sexes): worker population ratio. Weight = MULT/100 (or /200 when NSS!=NSC) / NO_QTR; household religion joined from the household file. The run reproduces the round's published all-India LFPR/WPR/UR to 0.1. Pulled via the MoSPI NADA API; zip sha256 in sources/nada/plfs-2020-21/. NSO unit-data rider: religion is self-reported and the survey is designed for labour-force estimation, so religion figures are indicative (no sub-state estimates). Year=2020 is the start of the Jul-2020 to Jun-2021 reference period.",false
wpr-15plus,national,IN,2020,muslim,female,urban,14.8,population_age_15plus,9927,,,plfs-microdata,sources/nada/plfs-2020-21/CSV_Unit_level_data_PLFS_July2020_June2021.zip,canonicalize-wpr-15plus-v2.1.0-20260611T200615Z,"Computed from PLFS 2020-21 unit-level microdata (first-visit person file, usual status ps+ss, age 15+, urban, females): worker population ratio. Weight = MULT/100 (or /200 when NSS!=NSC) / NO_QTR; household religion joined from the household file. The run reproduces the round's published all-India LFPR/WPR/UR to 0.1. Pulled via the MoSPI NADA API; zip sha256 in sources/nada/plfs-2020-21/. NSO unit-data rider: religion is self-reported and the survey is designed for labour-force estimation, so religion figures are indicative (no sub-state estimates). Year=2020 is the start of the Jul-2020 to Jun-2021 reference period.",false
wpr-15plus,national,IN,2020,muslim,male,urban,73.7,population_age_15plus,10333,,,plfs-microdata,sources/nada/plfs-2020-21/CSV_Unit_level_data_PLFS_July2020_June2021.zip,canonicalize-wpr-15plus-v2.1.0-20260611T200615Z,"Computed from PLFS 2020-21 unit-level microdata (first-visit person file, usual status ps+ss, age 15+, urban, males): worker population ratio. Weight = MULT/100 (or /200 when NSS!=NSC) / NO_QTR; household religion joined from the household file. The run reproduces the round's published all-India LFPR/WPR/UR to 0.1. Pulled via the MoSPI NADA API; zip sha256 in sources/nada/plfs-2020-21/. NSO unit-data rider: religion is self-reported and the survey is designed for labour-force estimation, so religion figures are indicative (no sub-state estimates). Year=2020 is the start of the Jul-2020 to Jun-2021 reference period.",false
wpr-15plus,national,IN,2020,sikh,all,all,47.2,population_age_15plus,6632,,,plfs-microdata,sources/nada/plfs-2020-21/CSV_Unit_level_data_PLFS_July2020_June2021.zip,canonicalize-wpr-15plus-v2.1.0-20260611T200615Z,"Computed from PLFS 2020-21 unit-level microdata (first-visit person file, usual status ps+ss, age 15+, rural+urban, both sexes): worker population ratio. Weight = MULT/100 (or /200 when NSS!=NSC) / NO_QTR; household religion joined from the household file. The run reproduces the round's published all-India LFPR/WPR/UR to 0.1. Pulled via the MoSPI NADA API; zip sha256 in sources/nada/plfs-2020-21/. NSO unit-data rider: religion is self-reported and the survey is designed for labour-force estimation, so religion figures are indicative (no sub-state estimates). Year=2020 is the start of the Jul-2020 to Jun-2021 reference period.",false
wpr-15plus,national,IN,2020,sikh,female,all,22.4,population_age_15plus,3282,,,plfs-microdata,sources/nada/plfs-2020-21/CSV_Unit_level_data_PLFS_July2020_June2021.zip,canonicalize-wpr-15plus-v2.1.0-20260611T200615Z,"Computed from PLFS 2020-21 unit-level microdata (first-visit person file, usual status ps+ss, age 15+, rural+urban, females): worker population ratio. Weight = MULT/100 (or /200 when NSS!=NSC) / NO_QTR; household religion joined from the household file. The run reproduces the round's published all-India LFPR/WPR/UR to 0.1. Pulled via the MoSPI NADA API; zip sha256 in sources/nada/plfs-2020-21/. NSO unit-data rider: religion is self-reported and the survey is designed for labour-force estimation, so religion figures are indicative (no sub-state estimates). Year=2020 is the start of the Jul-2020 to Jun-2021 reference period.",false
wpr-15plus,national,IN,2020,sikh,male,all,71.8,population_age_15plus,3347,,,plfs-microdata,sources/nada/plfs-2020-21/CSV_Unit_level_data_PLFS_July2020_June2021.zip,canonicalize-wpr-15plus-v2.1.0-20260611T200615Z,"Computed from PLFS 2020-21 unit-level microdata (first-visit person file, usual status ps+ss, age 15+, rural+urban, males): worker population ratio. Weight = MULT/100 (or /200 when NSS!=NSC) / NO_QTR; household religion joined from the household file. The run reproduces the round's published all-India LFPR/WPR/UR to 0.1. Pulled via the MoSPI NADA API; zip sha256 in sources/nada/plfs-2020-21/. NSO unit-data rider: religion is self-reported and the survey is designed for labour-force estimation, so religion figures are indicative (no sub-state estimates). Year=2020 is the start of the Jul-2020 to Jun-2021 reference period.",false
wpr-15plus,national,IN,2020,sikh,all,rural,49.7,population_age_15plus,4046,,,plfs-microdata,sources/nada/plfs-2020-21/CSV_Unit_level_data_PLFS_July2020_June2021.zip,canonicalize-wpr-15plus-v2.1.0-20260611T200615Z,"Computed from PLFS 2020-21 unit-level microdata (first-visit person file, usual status ps+ss, age 15+, rural, both sexes): worker population ratio. Weight = MULT/100 (or /200 when NSS!=NSC) / NO_QTR; household religion joined from the household file. The run reproduces the round's published all-India LFPR/WPR/UR to 0.1. Pulled via the MoSPI NADA API; zip sha256 in sources/nada/plfs-2020-21/. NSO unit-data rider: religion is self-reported and the survey is designed for labour-force estimation, so religion figures are indicative (no sub-state estimates). Year=2020 is the start of the Jul-2020 to Jun-2021 reference period.",false
wpr-15plus,national,IN,2020,sikh,female,rural,24.6,population_age_15plus,1989,,,plfs-microdata,sources/nada/plfs-2020-21/CSV_Unit_level_data_PLFS_July2020_June2021.zip,canonicalize-wpr-15plus-v2.1.0-20260611T200615Z,"Computed from PLFS 2020-21 unit-level microdata (first-visit person file, usual status ps+ss, age 15+, rural, females): worker population ratio. Weight = MULT/100 (or /200 when NSS!=NSC) / NO_QTR; household religion joined from the household file. The run reproduces the round's published all-India LFPR/WPR/UR to 0.1. Pulled via the MoSPI NADA API; zip sha256 in sources/nada/plfs-2020-21/. NSO unit-data rider: religion is self-reported and the survey is designed for labour-force estimation, so religion figures are indicative (no sub-state estimates). Year=2020 is the start of the Jul-2020 to Jun-2021 reference period.",false
wpr-15plus,national,IN,2020,sikh,male,rural,74.8,population_age_15plus,2054,,,plfs-microdata,sources/nada/plfs-2020-21/CSV_Unit_level_data_PLFS_July2020_June2021.zip,canonicalize-wpr-15plus-v2.1.0-20260611T200615Z,"Computed from PLFS 2020-21 unit-level microdata (first-visit person file, usual status ps+ss, age 15+, rural, males): worker population ratio. Weight = MULT/100 (or /200 when NSS!=NSC) / NO_QTR; household religion joined from the household file. The run reproduces the round's published all-India LFPR/WPR/UR to 0.1. Pulled via the MoSPI NADA API; zip sha256 in sources/nada/plfs-2020-21/. NSO unit-data rider: religion is self-reported and the survey is designed for labour-force estimation, so religion figures are indicative (no sub-state estimates). Year=2020 is the start of the Jul-2020 to Jun-2021 reference period.",false
wpr-15plus,national,IN,2020,sikh,all,urban,41.1,population_age_15plus,2586,,,plfs-microdata,sources/nada/plfs-2020-21/CSV_Unit_level_data_PLFS_July2020_June2021.zip,canonicalize-wpr-15plus-v2.1.0-20260611T200615Z,"Computed from PLFS 2020-21 unit-level microdata (first-visit person file, usual status ps+ss, age 15+, urban, both sexes): worker population ratio. Weight = MULT/100 (or /200 when NSS!=NSC) / NO_QTR; household religion joined from the household file. The run reproduces the round's published all-India LFPR/WPR/UR to 0.1. Pulled via the MoSPI NADA API; zip sha256 in sources/nada/plfs-2020-21/. NSO unit-data rider: religion is self-reported and the survey is designed for labour-force estimation, so religion figures are indicative (no sub-state estimates). Year=2020 is the start of the Jul-2020 to Jun-2021 reference period.",false
wpr-15plus,national,IN,2020,sikh,female,urban,17.4,population_age_15plus,1293,,,plfs-microdata,sources/nada/plfs-2020-21/CSV_Unit_level_data_PLFS_July2020_June2021.zip,canonicalize-wpr-15plus-v2.1.0-20260611T200615Z,"Computed from PLFS 2020-21 unit-level microdata (first-visit person file, usual status ps+ss, age 15+, urban, females): worker population ratio. Weight = MULT/100 (or /200 when NSS!=NSC) / NO_QTR; household religion joined from the household file. The run reproduces the round's published all-India LFPR/WPR/UR to 0.1. Pulled via the MoSPI NADA API; zip sha256 in sources/nada/plfs-2020-21/. NSO unit-data rider: religion is self-reported and the survey is designed for labour-force estimation, so religion figures are indicative (no sub-state estimates). Year=2020 is the start of the Jul-2020 to Jun-2021 reference period.",false
wpr-15plus,national,IN,2020,sikh,male,urban,64.6,population_age_15plus,1293,,,plfs-microdata,sources/nada/plfs-2020-21/CSV_Unit_level_data_PLFS_July2020_June2021.zip,canonicalize-wpr-15plus-v2.1.0-20260611T200615Z,"Computed from PLFS 2020-21 unit-level microdata (first-visit person file, usual status ps+ss, age 15+, urban, males): worker population ratio. Weight = MULT/100 (or /200 when NSS!=NSC) / NO_QTR; household religion joined from the household file. The run reproduces the round's published all-India LFPR/WPR/UR to 0.1. Pulled via the MoSPI NADA API; zip sha256 in sources/nada/plfs-2020-21/. NSO unit-data rider: religion is self-reported and the survey is designed for labour-force estimation, so religion figures are indicative (no sub-state estimates). Year=2020 is the start of the Jul-2020 to Jun-2021 reference period.",false
wpr-15plus,national,IN,2021,all,all,all,53.0,population_age_15plus,327081,,,plfs-microdata,sources/nada/plfs-2021-22/PLFS_Data_2021-22_CSV.zip,canonicalize-wpr-15plus-v2.1.0-20260611T200615Z,"Computed from PLFS 2021-22 unit-level microdata (first-visit person file, usual status ps+ss, age 15+, rural+urban, both sexes): worker population ratio. Weight = MULT/100 (or /200 when NSS!=NSC) / NO_QTR; household religion joined from the household file. The run reproduces the round's published all-India LFPR/WPR/UR to 0.1. Pulled via the MoSPI NADA API; zip sha256 in sources/nada/plfs-2021-22/. NSO unit-data rider: religion is self-reported and the survey is designed for labour-force estimation, so religion figures are indicative (no sub-state estimates). Year=2021 is the start of the Jul-2021 to Jun-2022 reference period.",false
wpr-15plus,national,IN,2021,all,female,all,31.7,population_age_15plus,162015,,,plfs-microdata,sources/nada/plfs-2021-22/PLFS_Data_2021-22_CSV.zip,canonicalize-wpr-15plus-v2.1.0-20260611T200615Z,"Computed from PLFS 2021-22 unit-level microdata (first-visit person file, usual status ps+ss, age 15+, rural+urban, females): worker population ratio. Weight = MULT/100 (or /200 when NSS!=NSC) / NO_QTR; household religion joined from the household file. The run reproduces the round's published all-India LFPR/WPR/UR to 0.1. Pulled via the MoSPI NADA API; zip sha256 in sources/nada/plfs-2021-22/. NSO unit-data rider: religion is self-reported and the survey is designed for labour-force estimation, so religion figures are indicative (no sub-state estimates). Year=2021 is the start of the Jul-2021 to Jun-2022 reference period.",false
wpr-15plus,national,IN,2021,all,male,all,73.8,population_age_15plus,165045,,,plfs-microdata,sources/nada/plfs-2021-22/PLFS_Data_2021-22_CSV.zip,canonicalize-wpr-15plus-v2.1.0-20260611T200615Z,"Computed from PLFS 2021-22 unit-level microdata (first-visit person file, usual status ps+ss, age 15+, rural+urban, males): worker population ratio. Weight = MULT/100 (or /200 when NSS!=NSC) / NO_QTR; household religion joined from the household file. The run reproduces the round's published all-India LFPR/WPR/UR to 0.1. Pulled via the MoSPI NADA API; zip sha256 in sources/nada/plfs-2021-22/. NSO unit-data rider: religion is self-reported and the survey is designed for labour-force estimation, so religion figures are indicative (no sub-state estimates). Year=2021 is the start of the Jul-2021 to Jun-2022 reference period.",false
wpr-15plus,national,IN,2021,all,all,rural,55.6,population_age_15plus,185551,,,plfs-microdata,sources/nada/plfs-2021-22/PLFS_Data_2021-22_CSV.zip,canonicalize-wpr-15plus-v2.1.0-20260611T200615Z,"Computed from PLFS 2021-22 unit-level microdata (first-visit person file, usual status ps+ss, age 15+, rural, both sexes): worker population ratio. Weight = MULT/100 (or /200 when NSS!=NSC) / NO_QTR; household religion joined from the household file. The run reproduces the round's published all-India LFPR/WPR/UR to 0.1. Pulled via the MoSPI NADA API; zip sha256 in sources/nada/plfs-2021-22/. NSO unit-data rider: religion is self-reported and the survey is designed for labour-force estimation, so religion figures are indicative (no sub-state estimates). Year=2021 is the start of the Jul-2021 to Jun-2022 reference period.",false
wpr-15plus,national,IN,2021,all,female,rural,35.8,population_age_15plus,92089,,,plfs-microdata,sources/nada/plfs-2021-22/PLFS_Data_2021-22_CSV.zip,canonicalize-wpr-15plus-v2.1.0-20260611T200615Z,"Computed from PLFS 2021-22 unit-level microdata (first-visit person file, usual status ps+ss, age 15+, rural, females): worker population ratio. Weight = MULT/100 (or /200 when NSS!=NSC) / NO_QTR; household religion joined from the household file. The run reproduces the round's published all-India LFPR/WPR/UR to 0.1. Pulled via the MoSPI NADA API; zip sha256 in sources/nada/plfs-2021-22/. NSO unit-data rider: religion is self-reported and the survey is designed for labour-force estimation, so religion figures are indicative (no sub-state estimates). Year=2021 is the start of the Jul-2021 to Jun-2022 reference period.",false
wpr-15plus,national,IN,2021,all,male,rural,75.3,population_age_15plus,93454,,,plfs-microdata,sources/nada/plfs-2021-22/PLFS_Data_2021-22_CSV.zip,canonicalize-wpr-15plus-v2.1.0-20260611T200615Z,"Computed from PLFS 2021-22 unit-level microdata (first-visit person file, usual status ps+ss, age 15+, rural, males): worker population ratio. Weight = MULT/100 (or /200 when NSS!=NSC) / NO_QTR; household religion joined from the household file. The run reproduces the round's published all-India LFPR/WPR/UR to 0.1. Pulled via the MoSPI NADA API; zip sha256 in sources/nada/plfs-2021-22/. NSO unit-data rider: religion is self-reported and the survey is designed for labour-force estimation, so religion figures are indicative (no sub-state estimates). Year=2021 is the start of the Jul-2021 to Jun-2022 reference period.",false
wpr-15plus,national,IN,2021,all,all,urban,46.6,population_age_15plus,141530,,,plfs-microdata,sources/nada/plfs-2021-22/PLFS_Data_2021-22_CSV.zip,canonicalize-wpr-15plus-v2.1.0-20260611T200615Z,"Computed from PLFS 2021-22 unit-level microdata (first-visit person file, usual status ps+ss, age 15+, urban, both sexes): worker population ratio. Weight = MULT/100 (or /200 when NSS!=NSC) / NO_QTR; household religion joined from the household file. The run reproduces the round's published all-India LFPR/WPR/UR to 0.1. Pulled via the MoSPI NADA API; zip sha256 in sources/nada/plfs-2021-22/. NSO unit-data rider: religion is self-reported and the survey is designed for labour-force estimation, so religion figures are indicative (no sub-state estimates). Year=2021 is the start of the Jul-2021 to Jun-2022 reference period.",false
wpr-15plus,national,IN,2021,all,female,urban,21.9,population_age_15plus,69926,,,plfs-microdata,sources/nada/plfs-2021-22/PLFS_Data_2021-22_CSV.zip,canonicalize-wpr-15plus-v2.1.0-20260611T200615Z,"Computed from PLFS 2021-22 unit-level microdata (first-visit person file, usual status ps+ss, age 15+, urban, females): worker population ratio. Weight = MULT/100 (or /200 when NSS!=NSC) / NO_QTR; household religion joined from the household file. The run reproduces the round's published all-India LFPR/WPR/UR to 0.1. Pulled via the MoSPI NADA API; zip sha256 in sources/nada/plfs-2021-22/. NSO unit-data rider: religion is self-reported and the survey is designed for labour-force estimation, so religion figures are indicative (no sub-state estimates). Year=2021 is the start of the Jul-2021 to Jun-2022 reference period.",false
wpr-15plus,national,IN,2021,all,male,urban,70.4,population_age_15plus,71591,,,plfs-microdata,sources/nada/plfs-2021-22/PLFS_Data_2021-22_CSV.zip,canonicalize-wpr-15plus-v2.1.0-20260611T200615Z,"Computed from PLFS 2021-22 unit-level microdata (first-visit person file, usual status ps+ss, age 15+, urban, males): worker population ratio. Weight = MULT/100 (or /200 when NSS!=NSC) / NO_QTR; household religion joined from the household file. The run reproduces the round's published all-India LFPR/WPR/UR to 0.1. Pulled via the MoSPI NADA API; zip sha256 in sources/nada/plfs-2021-22/. NSO unit-data rider: religion is self-reported and the survey is designed for labour-force estimation, so religion figures are indicative (no sub-state estimates). Year=2021 is the start of the Jul-2021 to Jun-2022 reference period.",false
wpr-15plus,national,IN,2021,christian,all,all,55.5,population_age_15plus,22821,,,plfs-microdata,sources/nada/plfs-2021-22/PLFS_Data_2021-22_CSV.zip,canonicalize-wpr-15plus-v2.1.0-20260611T200615Z,"Computed from PLFS 2021-22 unit-level microdata (first-visit person file, usual status ps+ss, age 15+, rural+urban, both sexes): worker population ratio. Weight = MULT/100 (or /200 when NSS!=NSC) / NO_QTR; household religion joined from the household file. The run reproduces the round's published all-India LFPR/WPR/UR to 0.1. Pulled via the MoSPI NADA API; zip sha256 in sources/nada/plfs-2021-22/. NSO unit-data rider: religion is self-reported and the survey is designed for labour-force estimation, so religion figures are indicative (no sub-state estimates). Year=2021 is the start of the Jul-2021 to Jun-2022 reference period.",false
wpr-15plus,national,IN,2021,christian,female,all,41.6,population_age_15plus,11486,,,plfs-microdata,sources/nada/plfs-2021-22/PLFS_Data_2021-22_CSV.zip,canonicalize-wpr-15plus-v2.1.0-20260611T200615Z,"Computed from PLFS 2021-22 unit-level microdata (first-visit person file, usual status ps+ss, age 15+, rural+urban, females): worker population ratio. Weight = MULT/100 (or /200 when NSS!=NSC) / NO_QTR; household religion joined from the household file. The run reproduces the round's published all-India LFPR/WPR/UR to 0.1. Pulled via the MoSPI NADA API; zip sha256 in sources/nada/plfs-2021-22/. NSO unit-data rider: religion is self-reported and the survey is designed for labour-force estimation, so religion figures are indicative (no sub-state estimates). Year=2021 is the start of the Jul-2021 to Jun-2022 reference period.",false
wpr-15plus,national,IN,2021,christian,male,all,69.9,population_age_15plus,11334,,,plfs-microdata,sources/nada/plfs-2021-22/PLFS_Data_2021-22_CSV.zip,canonicalize-wpr-15plus-v2.1.0-20260611T200615Z,"Computed from PLFS 2021-22 unit-level microdata (first-visit person file, usual status ps+ss, age 15+, rural+urban, males): worker population ratio. Weight = MULT/100 (or /200 when NSS!=NSC) / NO_QTR; household religion joined from the household file. The run reproduces the round's published all-India LFPR/WPR/UR to 0.1. Pulled via the MoSPI NADA API; zip sha256 in sources/nada/plfs-2021-22/. NSO unit-data rider: religion is self-reported and the survey is designed for labour-force estimation, so religion figures are indicative (no sub-state estimates). Year=2021 is the start of the Jul-2021 to Jun-2022 reference period.",false
wpr-15plus,national,IN,2021,christian,all,rural,60.6,population_age_15plus,12782,,,plfs-microdata,sources/nada/plfs-2021-22/PLFS_Data_2021-22_CSV.zip,canonicalize-wpr-15plus-v2.1.0-20260611T200615Z,"Computed from PLFS 2021-22 unit-level microdata (first-visit person file, usual status ps+ss, age 15+, rural, both sexes): worker population ratio. Weight = MULT/100 (or /200 when NSS!=NSC) / NO_QTR; household religion joined from the household file. The run reproduces the round's published all-India LFPR/WPR/UR to 0.1. Pulled via the MoSPI NADA API; zip sha256 in sources/nada/plfs-2021-22/. NSO unit-data rider: religion is self-reported and the survey is designed for labour-force estimation, so religion figures are indicative (no sub-state estimates). Year=2021 is the start of the Jul-2021 to Jun-2022 reference period.",false
wpr-15plus,national,IN,2021,christian,female,rural,47.7,population_age_15plus,6348,,,plfs-microdata,sources/nada/plfs-2021-22/PLFS_Data_2021-22_CSV.zip,canonicalize-wpr-15plus-v2.1.0-20260611T200615Z,"Computed from PLFS 2021-22 unit-level microdata (first-visit person file, usual status ps+ss, age 15+, rural, females): worker population ratio. Weight = MULT/100 (or /200 when NSS!=NSC) / NO_QTR; household religion joined from the household file. The run reproduces the round's published all-India LFPR/WPR/UR to 0.1. Pulled via the MoSPI NADA API; zip sha256 in sources/nada/plfs-2021-22/. NSO unit-data rider: religion is self-reported and the survey is designed for labour-force estimation, so religion figures are indicative (no sub-state estimates). Year=2021 is the start of the Jul-2021 to Jun-2022 reference period.",false
wpr-15plus,national,IN,2021,christian,male,rural,73.7,population_age_15plus,6434,,,plfs-microdata,sources/nada/plfs-2021-22/PLFS_Data_2021-22_CSV.zip,canonicalize-wpr-15plus-v2.1.0-20260611T200615Z,"Computed from PLFS 2021-22 unit-level microdata (first-visit person file, usual status ps+ss, age 15+, rural, males): worker population ratio. Weight = MULT/100 (or /200 when NSS!=NSC) / NO_QTR; household religion joined from the household file. The run reproduces the round's published all-India LFPR/WPR/UR to 0.1. Pulled via the MoSPI NADA API; zip sha256 in sources/nada/plfs-2021-22/. NSO unit-data rider: religion is self-reported and the survey is designed for labour-force estimation, so religion figures are indicative (no sub-state estimates). Year=2021 is the start of the Jul-2021 to Jun-2022 reference period.",false
wpr-15plus,national,IN,2021,christian,all,urban,46.9,population_age_15plus,10039,,,plfs-microdata,sources/nada/plfs-2021-22/PLFS_Data_2021-22_CSV.zip,canonicalize-wpr-15plus-v2.1.0-20260611T200615Z,"Computed from PLFS 2021-22 unit-level microdata (first-visit person file, usual status ps+ss, age 15+, urban, both sexes): worker population ratio. Weight = MULT/100 (or /200 when NSS!=NSC) / NO_QTR; household religion joined from the household file. The run reproduces the round's published all-India LFPR/WPR/UR to 0.1. Pulled via the MoSPI NADA API; zip sha256 in sources/nada/plfs-2021-22/. NSO unit-data rider: religion is self-reported and the survey is designed for labour-force estimation, so religion figures are indicative (no sub-state estimates). Year=2021 is the start of the Jul-2021 to Jun-2022 reference period.",false
wpr-15plus,national,IN,2021,christian,female,urban,31.6,population_age_15plus,5138,,,plfs-microdata,sources/nada/plfs-2021-22/PLFS_Data_2021-22_CSV.zip,canonicalize-wpr-15plus-v2.1.0-20260611T200615Z,"Computed from PLFS 2021-22 unit-level microdata (first-visit person file, usual status ps+ss, age 15+, urban, females): worker population ratio. Weight = MULT/100 (or /200 when NSS!=NSC) / NO_QTR; household religion joined from the household file. The run reproduces the round's published all-India LFPR/WPR/UR to 0.1. Pulled via the MoSPI NADA API; zip sha256 in sources/nada/plfs-2021-22/. NSO unit-data rider: religion is self-reported and the survey is designed for labour-force estimation, so religion figures are indicative (no sub-state estimates). Year=2021 is the start of the Jul-2021 to Jun-2022 reference period.",false
wpr-15plus,national,IN,2021,christian,male,urban,63.4,population_age_15plus,4900,,,plfs-microdata,sources/nada/plfs-2021-22/PLFS_Data_2021-22_CSV.zip,canonicalize-wpr-15plus-v2.1.0-20260611T200615Z,"Computed from PLFS 2021-22 unit-level microdata (first-visit person file, usual status ps+ss, age 15+, urban, males): worker population ratio. Weight = MULT/100 (or /200 when NSS!=NSC) / NO_QTR; household religion joined from the household file. The run reproduces the round's published all-India LFPR/WPR/UR to 0.1. Pulled via the MoSPI NADA API; zip sha256 in sources/nada/plfs-2021-22/. NSO unit-data rider: religion is self-reported and the survey is designed for labour-force estimation, so religion figures are indicative (no sub-state estimates). Year=2021 is the start of the Jul-2021 to Jun-2022 reference period.",false
wpr-15plus,national,IN,2021,hindu,all,all,53.6,population_age_15plus,246124,,,plfs-microdata,sources/nada/plfs-2021-22/PLFS_Data_2021-22_CSV.zip,canonicalize-wpr-15plus-v2.1.0-20260611T200615Z,"Computed from PLFS 2021-22 unit-level microdata (first-visit person file, usual status ps+ss, age 15+, rural+urban, both sexes): worker population ratio. Weight = MULT/100 (or /200 when NSS!=NSC) / NO_QTR; household religion joined from the household file. The run reproduces the round's published all-India LFPR/WPR/UR to 0.1. Pulled via the MoSPI NADA API; zip sha256 in sources/nada/plfs-2021-22/. NSO unit-data rider: religion is self-reported and the survey is designed for labour-force estimation, so religion figures are indicative (no sub-state estimates). Year=2021 is the start of the Jul-2021 to Jun-2022 reference period.",false
wpr-15plus,national,IN,2021,hindu,female,all,33.2,population_age_15plus,121831,,,plfs-microdata,sources/nada/plfs-2021-22/PLFS_Data_2021-22_CSV.zip,canonicalize-wpr-15plus-v2.1.0-20260611T200615Z,"Computed from PLFS 2021-22 unit-level microdata (first-visit person file, usual status ps+ss, age 15+, rural+urban, females): worker population ratio. Weight = MULT/100 (or /200 when NSS!=NSC) / NO_QTR; household religion joined from the household file. The run reproduces the round's published all-India LFPR/WPR/UR to 0.1. Pulled via the MoSPI NADA API; zip sha256 in sources/nada/plfs-2021-22/. NSO unit-data rider: religion is self-reported and the survey is designed for labour-force estimation, so religion figures are indicative (no sub-state estimates). Year=2021 is the start of the Jul-2021 to Jun-2022 reference period.",false
wpr-15plus,national,IN,2021,hindu,male,all,73.8,population_age_15plus,124277,,,plfs-microdata,sources/nada/plfs-2021-22/PLFS_Data_2021-22_CSV.zip,canonicalize-wpr-15plus-v2.1.0-20260611T200615Z,"Computed from PLFS 2021-22 unit-level microdata (first-visit person file, usual status ps+ss, age 15+, rural+urban, males): worker population ratio. Weight = MULT/100 (or /200 when NSS!=NSC) / NO_QTR; household religion joined from the household file. The run reproduces the round's published all-India LFPR/WPR/UR to 0.1. Pulled via the MoSPI NADA API; zip sha256 in sources/nada/plfs-2021-22/. NSO unit-data rider: religion is self-reported and the survey is designed for labour-force estimation, so religion figures are indicative (no sub-state estimates). Year=2021 is the start of the Jul-2021 to Jun-2022 reference period.",false
wpr-15plus,national,IN,2021,hindu,all,rural,56.3,population_age_15plus,142096,,,plfs-microdata,sources/nada/plfs-2021-22/PLFS_Data_2021-22_CSV.zip,canonicalize-wpr-15plus-v2.1.0-20260611T200615Z,"Computed from PLFS 2021-22 unit-level microdata (first-visit person file, usual status ps+ss, age 15+, rural, both sexes): worker population ratio. Weight = MULT/100 (or /200 when NSS!=NSC) / NO_QTR; household religion joined from the household file. The run reproduces the round's published all-India LFPR/WPR/UR to 0.1. Pulled via the MoSPI NADA API; zip sha256 in sources/nada/plfs-2021-22/. NSO unit-data rider: religion is self-reported and the survey is designed for labour-force estimation, so religion figures are indicative (no sub-state estimates). Year=2021 is the start of the Jul-2021 to Jun-2022 reference period.",false
wpr-15plus,national,IN,2021,hindu,female,rural,37.3,population_age_15plus,70653,,,plfs-microdata,sources/nada/plfs-2021-22/PLFS_Data_2021-22_CSV.zip,canonicalize-wpr-15plus-v2.1.0-20260611T200615Z,"Computed from PLFS 2021-22 unit-level microdata (first-visit person file, usual status ps+ss, age 15+, rural, females): worker population ratio. Weight = MULT/100 (or /200 when NSS!=NSC) / NO_QTR; household religion joined from the household file. The run reproduces the round's published all-India LFPR/WPR/UR to 0.1. Pulled via the MoSPI NADA API; zip sha256 in sources/nada/plfs-2021-22/. NSO unit-data rider: religion is self-reported and the survey is designed for labour-force estimation, so religion figures are indicative (no sub-state estimates). Year=2021 is the start of the Jul-2021 to Jun-2022 reference period.",false
wpr-15plus,national,IN,2021,hindu,male,rural,75.3,population_age_15plus,71438,,,plfs-microdata,sources/nada/plfs-2021-22/PLFS_Data_2021-22_CSV.zip,canonicalize-wpr-15plus-v2.1.0-20260611T200615Z,"Computed from PLFS 2021-22 unit-level microdata (first-visit person file, usual status ps+ss, age 15+, rural, males): worker population ratio. Weight = MULT/100 (or /200 when NSS!=NSC) / NO_QTR; household religion joined from the household file. The run reproduces the round's published all-India LFPR/WPR/UR to 0.1. Pulled via the MoSPI NADA API; zip sha256 in sources/nada/plfs-2021-22/. NSO unit-data rider: religion is self-reported and the survey is designed for labour-force estimation, so religion figures are indicative (no sub-state estimates). Year=2021 is the start of the Jul-2021 to Jun-2022 reference period.",false
wpr-15plus,national,IN,2021,hindu,all,urban,46.9,population_age_15plus,104028,,,plfs-microdata,sources/nada/plfs-2021-22/PLFS_Data_2021-22_CSV.zip,canonicalize-wpr-15plus-v2.1.0-20260611T200615Z,"Computed from PLFS 2021-22 unit-level microdata (first-visit person file, usual status ps+ss, age 15+, urban, both sexes): worker population ratio. Weight = MULT/100 (or /200 when NSS!=NSC) / NO_QTR; household religion joined from the household file. The run reproduces the round's published all-India LFPR/WPR/UR to 0.1. Pulled via the MoSPI NADA API; zip sha256 in sources/nada/plfs-2021-22/. NSO unit-data rider: religion is self-reported and the survey is designed for labour-force estimation, so religion figures are indicative (no sub-state estimates). Year=2021 is the start of the Jul-2021 to Jun-2022 reference period.",false
wpr-15plus,national,IN,2021,hindu,female,urban,22.7,population_age_15plus,51178,,,plfs-microdata,sources/nada/plfs-2021-22/PLFS_Data_2021-22_CSV.zip,canonicalize-wpr-15plus-v2.1.0-20260611T200615Z,"Computed from PLFS 2021-22 unit-level microdata (first-visit person file, usual status ps+ss, age 15+, urban, females): worker population ratio. Weight = MULT/100 (or /200 when NSS!=NSC) / NO_QTR; household religion joined from the household file. The run reproduces the round's published all-India LFPR/WPR/UR to 0.1. Pulled via the MoSPI NADA API; zip sha256 in sources/nada/plfs-2021-22/. NSO unit-data rider: religion is self-reported and the survey is designed for labour-force estimation, so religion figures are indicative (no sub-state estimates). Year=2021 is the start of the Jul-2021 to Jun-2022 reference period.",false
wpr-15plus,national,IN,2021,hindu,male,urban,70.1,population_age_15plus,52839,,,plfs-microdata,sources/nada/plfs-2021-22/PLFS_Data_2021-22_CSV.zip,canonicalize-wpr-15plus-v2.1.0-20260611T200615Z,"Computed from PLFS 2021-22 unit-level microdata (first-visit person file, usual status ps+ss, age 15+, urban, males): worker population ratio. Weight = MULT/100 (or /200 when NSS!=NSC) / NO_QTR; household religion joined from the household file. The run reproduces the round's published all-India LFPR/WPR/UR to 0.1. Pulled via the MoSPI NADA API; zip sha256 in sources/nada/plfs-2021-22/. NSO unit-data rider: religion is self-reported and the survey is designed for labour-force estimation, so religion figures are indicative (no sub-state estimates). Year=2021 is the start of the Jul-2021 to Jun-2022 reference period.",false
wpr-15plus,national,IN,2021,muslim,all,all,47.9,population_age_15plus,44916,,,plfs-microdata,sources/nada/plfs-2021-22/PLFS_Data_2021-22_CSV.zip,canonicalize-wpr-15plus-v2.1.0-20260611T200615Z,"Computed from PLFS 2021-22 unit-level microdata (first-visit person file, usual status ps+ss, age 15+, rural+urban, both sexes): worker population ratio. Weight = MULT/100 (or /200 when NSS!=NSC) / NO_QTR; household religion joined from the household file. The run reproduces the round's published all-India LFPR/WPR/UR to 0.1. Pulled via the MoSPI NADA API; zip sha256 in sources/nada/plfs-2021-22/. NSO unit-data rider: religion is self-reported and the survey is designed for labour-force estimation, so religion figures are indicative (no sub-state estimates). Year=2021 is the start of the Jul-2021 to Jun-2022 reference period.",false
wpr-15plus,national,IN,2021,muslim,female,all,20.3,population_age_15plus,22243,,,plfs-microdata,sources/nada/plfs-2021-22/PLFS_Data_2021-22_CSV.zip,canonicalize-wpr-15plus-v2.1.0-20260611T200615Z,"Computed from PLFS 2021-22 unit-level microdata (first-visit person file, usual status ps+ss, age 15+, rural+urban, females): worker population ratio. Weight = MULT/100 (or /200 when NSS!=NSC) / NO_QTR; household religion joined from the household file. The run reproduces the round's published all-India LFPR/WPR/UR to 0.1. Pulled via the MoSPI NADA API; zip sha256 in sources/nada/plfs-2021-22/. NSO unit-data rider: religion is self-reported and the survey is designed for labour-force estimation, so religion figures are indicative (no sub-state estimates). Year=2021 is the start of the Jul-2021 to Jun-2022 reference period.",false
wpr-15plus,national,IN,2021,muslim,male,all,75.2,population_age_15plus,22670,,,plfs-microdata,sources/nada/plfs-2021-22/PLFS_Data_2021-22_CSV.zip,canonicalize-wpr-15plus-v2.1.0-20260611T200615Z,"Computed from PLFS 2021-22 unit-level microdata (first-visit person file, usual status ps+ss, age 15+, rural+urban, males): worker population ratio. Weight = MULT/100 (or /200 when NSS!=NSC) / NO_QTR; household religion joined from the household file. The run reproduces the round's published all-India LFPR/WPR/UR to 0.1. Pulled via the MoSPI NADA API; zip sha256 in sources/nada/plfs-2021-22/. NSO unit-data rider: religion is self-reported and the survey is designed for labour-force estimation, so religion figures are indicative (no sub-state estimates). Year=2021 is the start of the Jul-2021 to Jun-2022 reference period.",false
wpr-15plus,national,IN,2021,muslim,all,rural,49.4,population_age_15plus,22662,,,plfs-microdata,sources/nada/plfs-2021-22/PLFS_Data_2021-22_CSV.zip,canonicalize-wpr-15plus-v2.1.0-20260611T200615Z,"Computed from PLFS 2021-22 unit-level microdata (first-visit person file, usual status ps+ss, age 15+, rural, both sexes): worker population ratio. Weight = MULT/100 (or /200 when NSS!=NSC) / NO_QTR; household religion joined from the household file. The run reproduces the round's published all-India LFPR/WPR/UR to 0.1. Pulled via the MoSPI NADA API; zip sha256 in sources/nada/plfs-2021-22/. NSO unit-data rider: religion is self-reported and the survey is designed for labour-force estimation, so religion figures are indicative (no sub-state estimates). Year=2021 is the start of the Jul-2021 to Jun-2022 reference period.",false
wpr-15plus,national,IN,2021,muslim,female,rural,23.1,population_age_15plus,11205,,,plfs-microdata,sources/nada/plfs-2021-22/PLFS_Data_2021-22_CSV.zip,canonicalize-wpr-15plus-v2.1.0-20260611T200615Z,"Computed from PLFS 2021-22 unit-level microdata (first-visit person file, usual status ps+ss, age 15+, rural, females): worker population ratio. Weight = MULT/100 (or /200 when NSS!=NSC) / NO_QTR; household religion joined from the household file. The run reproduces the round's published all-India LFPR/WPR/UR to 0.1. Pulled via the MoSPI NADA API; zip sha256 in sources/nada/plfs-2021-22/. NSO unit-data rider: religion is self-reported and the survey is designed for labour-force estimation, so religion figures are indicative (no sub-state estimates). Year=2021 is the start of the Jul-2021 to Jun-2022 reference period.",false
wpr-15plus,national,IN,2021,muslim,male,rural,76.0,population_age_15plus,11455,,,plfs-microdata,sources/nada/plfs-2021-22/PLFS_Data_2021-22_CSV.zip,canonicalize-wpr-15plus-v2.1.0-20260611T200615Z,"Computed from PLFS 2021-22 unit-level microdata (first-visit person file, usual status ps+ss, age 15+, rural, males): worker population ratio. Weight = MULT/100 (or /200 when NSS!=NSC) / NO_QTR; household religion joined from the household file. The run reproduces the round's published all-India LFPR/WPR/UR to 0.1. Pulled via the MoSPI NADA API; zip sha256 in sources/nada/plfs-2021-22/. NSO unit-data rider: religion is self-reported and the survey is designed for labour-force estimation, so religion figures are indicative (no sub-state estimates). Year=2021 is the start of the Jul-2021 to Jun-2022 reference period.",false
wpr-15plus,national,IN,2021,muslim,all,urban,45.1,population_age_15plus,22254,,,plfs-microdata,sources/nada/plfs-2021-22/PLFS_Data_2021-22_CSV.zip,canonicalize-wpr-15plus-v2.1.0-20260611T200615Z,"Computed from PLFS 2021-22 unit-level microdata (first-visit person file, usual status ps+ss, age 15+, urban, both sexes): worker population ratio. Weight = MULT/100 (or /200 when NSS!=NSC) / NO_QTR; household religion joined from the household file. The run reproduces the round's published all-India LFPR/WPR/UR to 0.1. Pulled via the MoSPI NADA API; zip sha256 in sources/nada/plfs-2021-22/. NSO unit-data rider: religion is self-reported and the survey is designed for labour-force estimation, so religion figures are indicative (no sub-state estimates). Year=2021 is the start of the Jul-2021 to Jun-2022 reference period.",false
wpr-15plus,national,IN,2021,muslim,female,urban,15.2,population_age_15plus,11038,,,plfs-microdata,sources/nada/plfs-2021-22/PLFS_Data_2021-22_CSV.zip,canonicalize-wpr-15plus-v2.1.0-20260611T200615Z,"Computed from PLFS 2021-22 unit-level microdata (first-visit person file, usual status ps+ss, age 15+, urban, females): worker population ratio. Weight = MULT/100 (or /200 when NSS!=NSC) / NO_QTR; household religion joined from the household file. The run reproduces the round's published all-India LFPR/WPR/UR to 0.1. Pulled via the MoSPI NADA API; zip sha256 in sources/nada/plfs-2021-22/. NSO unit-data rider: religion is self-reported and the survey is designed for labour-force estimation, so religion figures are indicative (no sub-state estimates). Year=2021 is the start of the Jul-2021 to Jun-2022 reference period.",false
wpr-15plus,national,IN,2021,muslim,male,urban,73.8,population_age_15plus,11215,,,plfs-microdata,sources/nada/plfs-2021-22/PLFS_Data_2021-22_CSV.zip,canonicalize-wpr-15plus-v2.1.0-20260611T200615Z,"Computed from PLFS 2021-22 unit-level microdata (first-visit person file, usual status ps+ss, age 15+, urban, males): worker population ratio. Weight = MULT/100 (or /200 when NSS!=NSC) / NO_QTR; household religion joined from the household file. The run reproduces the round's published all-India LFPR/WPR/UR to 0.1. Pulled via the MoSPI NADA API; zip sha256 in sources/nada/plfs-2021-22/. NSO unit-data rider: religion is self-reported and the survey is designed for labour-force estimation, so religion figures are indicative (no sub-state estimates). Year=2021 is the start of the Jul-2021 to Jun-2022 reference period.",false
wpr-15plus,national,IN,2021,sikh,all,all,48.3,population_age_15plus,6358,,,plfs-microdata,sources/nada/plfs-2021-22/PLFS_Data_2021-22_CSV.zip,canonicalize-wpr-15plus-v2.1.0-20260611T200615Z,"Computed from PLFS 2021-22 unit-level microdata (first-visit person file, usual status ps+ss, age 15+, rural+urban, both sexes): worker population ratio. Weight = MULT/100 (or /200 when NSS!=NSC) / NO_QTR; household religion joined from the household file. The run reproduces the round's published all-India LFPR/WPR/UR to 0.1. Pulled via the MoSPI NADA API; zip sha256 in sources/nada/plfs-2021-22/. NSO unit-data rider: religion is self-reported and the survey is designed for labour-force estimation, so religion figures are indicative (no sub-state estimates). Year=2021 is the start of the Jul-2021 to Jun-2022 reference period.",false
wpr-15plus,national,IN,2021,sikh,female,all,22.2,population_age_15plus,3068,,,plfs-microdata,sources/nada/plfs-2021-22/PLFS_Data_2021-22_CSV.zip,canonicalize-wpr-15plus-v2.1.0-20260611T200615Z,"Computed from PLFS 2021-22 unit-level microdata (first-visit person file, usual status ps+ss, age 15+, rural+urban, females): worker population ratio. Weight = MULT/100 (or /200 when NSS!=NSC) / NO_QTR; household religion joined from the household file. The run reproduces the round's published all-India LFPR/WPR/UR to 0.1. Pulled via the MoSPI NADA API; zip sha256 in sources/nada/plfs-2021-22/. NSO unit-data rider: religion is self-reported and the survey is designed for labour-force estimation, so religion figures are indicative (no sub-state estimates). Year=2021 is the start of the Jul-2021 to Jun-2022 reference period.",false
wpr-15plus,national,IN,2021,sikh,male,all,72.4,population_age_15plus,3290,,,plfs-microdata,sources/nada/plfs-2021-22/PLFS_Data_2021-22_CSV.zip,canonicalize-wpr-15plus-v2.1.0-20260611T200615Z,"Computed from PLFS 2021-22 unit-level microdata (first-visit person file, usual status ps+ss, age 15+, rural+urban, males): worker population ratio. Weight = MULT/100 (or /200 when NSS!=NSC) / NO_QTR; household religion joined from the household file. The run reproduces the round's published all-India LFPR/WPR/UR to 0.1. Pulled via the MoSPI NADA API; zip sha256 in sources/nada/plfs-2021-22/. NSO unit-data rider: religion is self-reported and the survey is designed for labour-force estimation, so religion figures are indicative (no sub-state estimates). Year=2021 is the start of the Jul-2021 to Jun-2022 reference period.",false
wpr-15plus,national,IN,2021,sikh,all,rural,49.6,population_age_15plus,4104,,,plfs-microdata,sources/nada/plfs-2021-22/PLFS_Data_2021-22_CSV.zip,canonicalize-wpr-15plus-v2.1.0-20260611T200615Z,"Computed from PLFS 2021-22 unit-level microdata (first-visit person file, usual status ps+ss, age 15+, rural, both sexes): worker population ratio. Weight = MULT/100 (or /200 when NSS!=NSC) / NO_QTR; household religion joined from the household file. The run reproduces the round's published all-India LFPR/WPR/UR to 0.1. Pulled via the MoSPI NADA API; zip sha256 in sources/nada/plfs-2021-22/. NSO unit-data rider: religion is self-reported and the survey is designed for labour-force estimation, so religion figures are indicative (no sub-state estimates). Year=2021 is the start of the Jul-2021 to Jun-2022 reference period.",false
wpr-15plus,national,IN,2021,sikh,female,rural,23.4,population_age_15plus,1971,,,plfs-microdata,sources/nada/plfs-2021-22/PLFS_Data_2021-22_CSV.zip,canonicalize-wpr-15plus-v2.1.0-20260611T200615Z,"Computed from PLFS 2021-22 unit-level microdata (first-visit person file, usual status ps+ss, age 15+, rural, females): worker population ratio. Weight = MULT/100 (or /200 when NSS!=NSC) / NO_QTR; household religion joined from the household file. The run reproduces the round's published all-India LFPR/WPR/UR to 0.1. Pulled via the MoSPI NADA API; zip sha256 in sources/nada/plfs-2021-22/. NSO unit-data rider: religion is self-reported and the survey is designed for labour-force estimation, so religion figures are indicative (no sub-state estimates). Year=2021 is the start of the Jul-2021 to Jun-2022 reference period.",false
wpr-15plus,national,IN,2021,sikh,male,rural,73.6,population_age_15plus,2133,,,plfs-microdata,sources/nada/plfs-2021-22/PLFS_Data_2021-22_CSV.zip,canonicalize-wpr-15plus-v2.1.0-20260611T200615Z,"Computed from PLFS 2021-22 unit-level microdata (first-visit person file, usual status ps+ss, age 15+, rural, males): worker population ratio. Weight = MULT/100 (or /200 when NSS!=NSC) / NO_QTR; household religion joined from the household file. The run reproduces the round's published all-India LFPR/WPR/UR to 0.1. Pulled via the MoSPI NADA API; zip sha256 in sources/nada/plfs-2021-22/. NSO unit-data rider: religion is self-reported and the survey is designed for labour-force estimation, so religion figures are indicative (no sub-state estimates). Year=2021 is the start of the Jul-2021 to Jun-2022 reference period.",false
wpr-15plus,national,IN,2021,sikh,all,urban,43.8,population_age_15plus,2254,,,plfs-microdata,sources/nada/plfs-2021-22/PLFS_Data_2021-22_CSV.zip,canonicalize-wpr-15plus-v2.1.0-20260611T200615Z,"Computed from PLFS 2021-22 unit-level microdata (first-visit person file, usual status ps+ss, age 15+, urban, both sexes): worker population ratio. Weight = MULT/100 (or /200 when NSS!=NSC) / NO_QTR; household religion joined from the household file. The run reproduces the round's published all-India LFPR/WPR/UR to 0.1. Pulled via the MoSPI NADA API; zip sha256 in sources/nada/plfs-2021-22/. NSO unit-data rider: religion is self-reported and the survey is designed for labour-force estimation, so religion figures are indicative (no sub-state estimates). Year=2021 is the start of the Jul-2021 to Jun-2022 reference period.",false
wpr-15plus,national,IN,2021,sikh,female,urban,18.2,population_age_15plus,1097,,,plfs-microdata,sources/nada/plfs-2021-22/PLFS_Data_2021-22_CSV.zip,canonicalize-wpr-15plus-v2.1.0-20260611T200615Z,"Computed from PLFS 2021-22 unit-level microdata (first-visit person file, usual status ps+ss, age 15+, urban, females): worker population ratio. Weight = MULT/100 (or /200 when NSS!=NSC) / NO_QTR; household religion joined from the household file. The run reproduces the round's published all-India LFPR/WPR/UR to 0.1. Pulled via the MoSPI NADA API; zip sha256 in sources/nada/plfs-2021-22/. NSO unit-data rider: religion is self-reported and the survey is designed for labour-force estimation, so religion figures are indicative (no sub-state estimates). Year=2021 is the start of the Jul-2021 to Jun-2022 reference period.",false
wpr-15plus,national,IN,2021,sikh,male,urban,68.3,population_age_15plus,1157,,,plfs-microdata,sources/nada/plfs-2021-22/PLFS_Data_2021-22_CSV.zip,canonicalize-wpr-15plus-v2.1.0-20260611T200615Z,"Computed from PLFS 2021-22 unit-level microdata (first-visit person file, usual status ps+ss, age 15+, urban, males): worker population ratio. Weight = MULT/100 (or /200 when NSS!=NSC) / NO_QTR; household religion joined from the household file. The run reproduces the round's published all-India LFPR/WPR/UR to 0.1. Pulled via the MoSPI NADA API; zip sha256 in sources/nada/plfs-2021-22/. NSO unit-data rider: religion is self-reported and the survey is designed for labour-force estimation, so religion figures are indicative (no sub-state estimates). Year=2021 is the start of the Jul-2021 to Jun-2022 reference period.",false
wpr-15plus,national,IN,2022,all,all,all,56.0,population_age_15plus,320260,,,plfs-microdata,sources/nada/plfs-2022-23/Data_in_CSV.zip,canonicalize-wpr-15plus-v2.1.0-20260611T200615Z,"Computed from PLFS 2022-23 unit-level microdata (first-visit person file, usual status ps+ss, age 15+, rural+urban, both sexes): worker population ratio. Weight = MULT/100 (or /200 when NSS!=NSC) / NO_QTR; household religion joined from the household file. The run reproduces the round's published all-India LFPR/WPR/UR to 0.1. Pulled via the MoSPI NADA API; zip sha256 in sources/nada/plfs-2022-23/. NSO unit-data rider: religion is self-reported and the survey is designed for labour-force estimation, so religion figures are indicative (no sub-state estimates). Year=2022 is the start of the Jul-2022 to Jun-2023 reference period.",false
wpr-15plus,national,IN,2022,all,female,all,35.9,population_age_15plus,159128,,,plfs-microdata,sources/nada/plfs-2022-23/Data_in_CSV.zip,canonicalize-wpr-15plus-v2.1.0-20260611T200615Z,"Computed from PLFS 2022-23 unit-level microdata (first-visit person file, usual status ps+ss, age 15+, rural+urban, females): worker population ratio. Weight = MULT/100 (or /200 when NSS!=NSC) / NO_QTR; household religion joined from the household file. The run reproduces the round's published all-India LFPR/WPR/UR to 0.1. Pulled via the MoSPI NADA API; zip sha256 in sources/nada/plfs-2022-23/. NSO unit-data rider: religion is self-reported and the survey is designed for labour-force estimation, so religion figures are indicative (no sub-state estimates). Year=2022 is the start of the Jul-2022 to Jun-2023 reference period.",false
wpr-15plus,national,IN,2022,all,male,all,76.0,population_age_15plus,161117,,,plfs-microdata,sources/nada/plfs-2022-23/Data_in_CSV.zip,canonicalize-wpr-15plus-v2.1.0-20260611T200615Z,"Computed from PLFS 2022-23 unit-level microdata (first-visit person file, usual status ps+ss, age 15+, rural+urban, males): worker population ratio. Weight = MULT/100 (or /200 when NSS!=NSC) / NO_QTR; household religion joined from the household file. The run reproduces the round's published all-India LFPR/WPR/UR to 0.1. Pulled via the MoSPI NADA API; zip sha256 in sources/nada/plfs-2022-23/. NSO unit-data rider: religion is self-reported and the survey is designed for labour-force estimation, so religion figures are indicative (no sub-state estimates). Year=2022 is the start of the Jul-2022 to Jun-2023 reference period.",false
wpr-15plus,national,IN,2022,all,all,rural,59.4,population_age_15plus,181049,,,plfs-microdata,sources/nada/plfs-2022-23/Data_in_CSV.zip,canonicalize-wpr-15plus-v2.1.0-20260611T200615Z,"Computed from PLFS 2022-23 unit-level microdata (first-visit person file, usual status ps+ss, age 15+, rural, both sexes): worker population ratio. Weight = MULT/100 (or /200 when NSS!=NSC) / NO_QTR; household religion joined from the household file. The run reproduces the round's published all-India LFPR/WPR/UR to 0.1. Pulled via the MoSPI NADA API; zip sha256 in sources/nada/plfs-2022-23/. NSO unit-data rider: religion is self-reported and the survey is designed for labour-force estimation, so religion figures are indicative (no sub-state estimates). Year=2022 is the start of the Jul-2022 to Jun-2023 reference period.",false
wpr-15plus,national,IN,2022,all,female,rural,40.7,population_age_15plus,90349,,,plfs-microdata,sources/nada/plfs-2022-23/Data_in_CSV.zip,canonicalize-wpr-15plus-v2.1.0-20260611T200615Z,"Computed from PLFS 2022-23 unit-level microdata (first-visit person file, usual status ps+ss, age 15+, rural, females): worker population ratio. Weight = MULT/100 (or /200 when NSS!=NSC) / NO_QTR; household religion joined from the household file. The run reproduces the round's published all-India LFPR/WPR/UR to 0.1. Pulled via the MoSPI NADA API; zip sha256 in sources/nada/plfs-2022-23/. NSO unit-data rider: religion is self-reported and the survey is designed for labour-force estimation, so religion figures are indicative (no sub-state estimates). Year=2022 is the start of the Jul-2022 to Jun-2023 reference period.",false
wpr-15plus,national,IN,2022,all,male,rural,78.0,population_age_15plus,90689,,,plfs-microdata,sources/nada/plfs-2022-23/Data_in_CSV.zip,canonicalize-wpr-15plus-v2.1.0-20260611T200615Z,"Computed from PLFS 2022-23 unit-level microdata (first-visit person file, usual status ps+ss, age 15+, rural, males): worker population ratio. Weight = MULT/100 (or /200 when NSS!=NSC) / NO_QTR; household religion joined from the household file. The run reproduces the round's published all-India LFPR/WPR/UR to 0.1. Pulled via the MoSPI NADA API; zip sha256 in sources/nada/plfs-2022-23/. NSO unit-data rider: religion is self-reported and the survey is designed for labour-force estimation, so religion figures are indicative (no sub-state estimates). Year=2022 is the start of the Jul-2022 to Jun-2023 reference period.",false
wpr-15plus,national,IN,2022,all,all,urban,47.7,population_age_15plus,139211,,,plfs-microdata,sources/nada/plfs-2022-23/Data_in_CSV.zip,canonicalize-wpr-15plus-v2.1.0-20260611T200615Z,"Computed from PLFS 2022-23 unit-level microdata (first-visit person file, usual status ps+ss, age 15+, urban, both sexes): worker population ratio. Weight = MULT/100 (or /200 when NSS!=NSC) / NO_QTR; household religion joined from the household file. The run reproduces the round's published all-India LFPR/WPR/UR to 0.1. Pulled via the MoSPI NADA API; zip sha256 in sources/nada/plfs-2022-23/. NSO unit-data rider: religion is self-reported and the survey is designed for labour-force estimation, so religion figures are indicative (no sub-state estimates). Year=2022 is the start of the Jul-2022 to Jun-2023 reference period.",false
wpr-15plus,national,IN,2022,all,female,urban,23.5,population_age_15plus,68779,,,plfs-microdata,sources/nada/plfs-2022-23/Data_in_CSV.zip,canonicalize-wpr-15plus-v2.1.0-20260611T200615Z,"Computed from PLFS 2022-23 unit-level microdata (first-visit person file, usual status ps+ss, age 15+, urban, females): worker population ratio. Weight = MULT/100 (or /200 when NSS!=NSC) / NO_QTR; household religion joined from the household file. The run reproduces the round's published all-India LFPR/WPR/UR to 0.1. Pulled via the MoSPI NADA API; zip sha256 in sources/nada/plfs-2022-23/. NSO unit-data rider: religion is self-reported and the survey is designed for labour-force estimation, so religion figures are indicative (no sub-state estimates). Year=2022 is the start of the Jul-2022 to Jun-2023 reference period.",false
wpr-15plus,national,IN,2022,all,male,urban,71.0,population_age_15plus,70428,,,plfs-microdata,sources/nada/plfs-2022-23/Data_in_CSV.zip,canonicalize-wpr-15plus-v2.1.0-20260611T200615Z,"Computed from PLFS 2022-23 unit-level microdata (first-visit person file, usual status ps+ss, age 15+, urban, males): worker population ratio. Weight = MULT/100 (or /200 when NSS!=NSC) / NO_QTR; household religion joined from the household file. The run reproduces the round's published all-India LFPR/WPR/UR to 0.1. Pulled via the MoSPI NADA API; zip sha256 in sources/nada/plfs-2022-23/. NSO unit-data rider: religion is self-reported and the survey is designed for labour-force estimation, so religion figures are indicative (no sub-state estimates). Year=2022 is the start of the Jul-2022 to Jun-2023 reference period.",false
wpr-15plus,national,IN,2022,christian,all,all,58.0,population_age_15plus,22124,,,plfs-microdata,sources/nada/plfs-2022-23/Data_in_CSV.zip,canonicalize-wpr-15plus-v2.1.0-20260611T200615Z,"Computed from PLFS 2022-23 unit-level microdata (first-visit person file, usual status ps+ss, age 15+, rural+urban, both sexes): worker population ratio. Weight = MULT/100 (or /200 when NSS!=NSC) / NO_QTR; household religion joined from the household file. The run reproduces the round's published all-India LFPR/WPR/UR to 0.1. Pulled via the MoSPI NADA API; zip sha256 in sources/nada/plfs-2022-23/. NSO unit-data rider: religion is self-reported and the survey is designed for labour-force estimation, so religion figures are indicative (no sub-state estimates). Year=2022 is the start of the Jul-2022 to Jun-2023 reference period.",false
wpr-15plus,national,IN,2022,christian,female,all,43.7,population_age_15plus,11223,,,plfs-microdata,sources/nada/plfs-2022-23/Data_in_CSV.zip,canonicalize-wpr-15plus-v2.1.0-20260611T200615Z,"Computed from PLFS 2022-23 unit-level microdata (first-visit person file, usual status ps+ss, age 15+, rural+urban, females): worker population ratio. Weight = MULT/100 (or /200 when NSS!=NSC) / NO_QTR; household religion joined from the household file. The run reproduces the round's published all-India LFPR/WPR/UR to 0.1. Pulled via the MoSPI NADA API; zip sha256 in sources/nada/plfs-2022-23/. NSO unit-data rider: religion is self-reported and the survey is designed for labour-force estimation, so religion figures are indicative (no sub-state estimates). Year=2022 is the start of the Jul-2022 to Jun-2023 reference period.",false
wpr-15plus,national,IN,2022,christian,male,all,73.1,population_age_15plus,10900,,,plfs-microdata,sources/nada/plfs-2022-23/Data_in_CSV.zip,canonicalize-wpr-15plus-v2.1.0-20260611T200615Z,"Computed from PLFS 2022-23 unit-level microdata (first-visit person file, usual status ps+ss, age 15+, rural+urban, males): worker population ratio. Weight = MULT/100 (or /200 when NSS!=NSC) / NO_QTR; household religion joined from the household file. The run reproduces the round's published all-India LFPR/WPR/UR to 0.1. Pulled via the MoSPI NADA API; zip sha256 in sources/nada/plfs-2022-23/. NSO unit-data rider: religion is self-reported and the survey is designed for labour-force estimation, so religion figures are indicative (no sub-state estimates). Year=2022 is the start of the Jul-2022 to Jun-2023 reference period.",false
wpr-15plus,national,IN,2022,christian,all,rural,63.5,population_age_15plus,12383,,,plfs-microdata,sources/nada/plfs-2022-23/Data_in_CSV.zip,canonicalize-wpr-15plus-v2.1.0-20260611T200615Z,"Computed from PLFS 2022-23 unit-level microdata (first-visit person file, usual status ps+ss, age 15+, rural, both sexes): worker population ratio. Weight = MULT/100 (or /200 when NSS!=NSC) / NO_QTR; household religion joined from the household file. The run reproduces the round's published all-India LFPR/WPR/UR to 0.1. Pulled via the MoSPI NADA API; zip sha256 in sources/nada/plfs-2022-23/. NSO unit-data rider: religion is self-reported and the survey is designed for labour-force estimation, so religion figures are indicative (no sub-state estimates). Year=2022 is the start of the Jul-2022 to Jun-2023 reference period.",false
wpr-15plus,national,IN,2022,christian,female,rural,50.1,population_age_15plus,6212,,,plfs-microdata,sources/nada/plfs-2022-23/Data_in_CSV.zip,canonicalize-wpr-15plus-v2.1.0-20260611T200615Z,"Computed from PLFS 2022-23 unit-level microdata (first-visit person file, usual status ps+ss, age 15+, rural, females): worker population ratio. Weight = MULT/100 (or /200 when NSS!=NSC) / NO_QTR; household religion joined from the household file. The run reproduces the round's published all-India LFPR/WPR/UR to 0.1. Pulled via the MoSPI NADA API; zip sha256 in sources/nada/plfs-2022-23/. NSO unit-data rider: religion is self-reported and the survey is designed for labour-force estimation, so religion figures are indicative (no sub-state estimates). Year=2022 is the start of the Jul-2022 to Jun-2023 reference period.",false
wpr-15plus,national,IN,2022,christian,male,rural,77.6,population_age_15plus,6171,,,plfs-microdata,sources/nada/plfs-2022-23/Data_in_CSV.zip,canonicalize-wpr-15plus-v2.1.0-20260611T200615Z,"Computed from PLFS 2022-23 unit-level microdata (first-visit person file, usual status ps+ss, age 15+, rural, males): worker population ratio. Weight = MULT/100 (or /200 when NSS!=NSC) / NO_QTR; household religion joined from the household file. The run reproduces the round's published all-India LFPR/WPR/UR to 0.1. Pulled via the MoSPI NADA API; zip sha256 in sources/nada/plfs-2022-23/. NSO unit-data rider: religion is self-reported and the survey is designed for labour-force estimation, so religion figures are indicative (no sub-state estimates). Year=2022 is the start of the Jul-2022 to Jun-2023 reference period.",false
wpr-15plus,national,IN,2022,christian,all,urban,48.0,population_age_15plus,9741,,,plfs-microdata,sources/nada/plfs-2022-23/Data_in_CSV.zip,canonicalize-wpr-15plus-v2.1.0-20260611T200615Z,"Computed from PLFS 2022-23 unit-level microdata (first-visit person file, usual status ps+ss, age 15+, urban, both sexes): worker population ratio. Weight = MULT/100 (or /200 when NSS!=NSC) / NO_QTR; household religion joined from the household file. The run reproduces the round's published all-India LFPR/WPR/UR to 0.1. Pulled via the MoSPI NADA API; zip sha256 in sources/nada/plfs-2022-23/. NSO unit-data rider: religion is self-reported and the survey is designed for labour-force estimation, so religion figures are indicative (no sub-state estimates). Year=2022 is the start of the Jul-2022 to Jun-2023 reference period.",false
wpr-15plus,national,IN,2022,christian,female,urban,32.2,population_age_15plus,5011,,,plfs-microdata,sources/nada/plfs-2022-23/Data_in_CSV.zip,canonicalize-wpr-15plus-v2.1.0-20260611T200615Z,"Computed from PLFS 2022-23 unit-level microdata (first-visit person file, usual status ps+ss, age 15+, urban, females): worker population ratio. Weight = MULT/100 (or /200 when NSS!=NSC) / NO_QTR; household religion joined from the household file. The run reproduces the round's published all-India LFPR/WPR/UR to 0.1. Pulled via the MoSPI NADA API; zip sha256 in sources/nada/plfs-2022-23/. NSO unit-data rider: religion is self-reported and the survey is designed for labour-force estimation, so religion figures are indicative (no sub-state estimates). Year=2022 is the start of the Jul-2022 to Jun-2023 reference period.",false
wpr-15plus,national,IN,2022,christian,male,urban,65.0,population_age_15plus,4729,,,plfs-microdata,sources/nada/plfs-2022-23/Data_in_CSV.zip,canonicalize-wpr-15plus-v2.1.0-20260611T200615Z,"Computed from PLFS 2022-23 unit-level microdata (first-visit person file, usual status ps+ss, age 15+, urban, males): worker population ratio. Weight = MULT/100 (or /200 when NSS!=NSC) / NO_QTR; household religion joined from the household file. The run reproduces the round's published all-India LFPR/WPR/UR to 0.1. Pulled via the MoSPI NADA API; zip sha256 in sources/nada/plfs-2022-23/. NSO unit-data rider: religion is self-reported and the survey is designed for labour-force estimation, so religion figures are indicative (no sub-state estimates). Year=2022 is the start of the Jul-2022 to Jun-2023 reference period.",false
wpr-15plus,national,IN,2022,hindu,all,all,57.1,population_age_15plus,239010,,,plfs-microdata,sources/nada/plfs-2022-23/Data_in_CSV.zip,canonicalize-wpr-15plus-v2.1.0-20260611T200615Z,"Computed from PLFS 2022-23 unit-level microdata (first-visit person file, usual status ps+ss, age 15+, rural+urban, both sexes): worker population ratio. Weight = MULT/100 (or /200 when NSS!=NSC) / NO_QTR; household religion joined from the household file. The run reproduces the round's published all-India LFPR/WPR/UR to 0.1. Pulled via the MoSPI NADA API; zip sha256 in sources/nada/plfs-2022-23/. NSO unit-data rider: religion is self-reported and the survey is designed for labour-force estimation, so religion figures are indicative (no sub-state estimates). Year=2022 is the start of the Jul-2022 to Jun-2023 reference period.",false
wpr-15plus,national,IN,2022,hindu,female,all,38.8,population_age_15plus,118550,,,plfs-microdata,sources/nada/plfs-2022-23/Data_in_CSV.zip,canonicalize-wpr-15plus-v2.1.0-20260611T200615Z,"Computed from PLFS 2022-23 unit-level microdata (first-visit person file, usual status ps+ss, age 15+, rural+urban, females): worker population ratio. Weight = MULT/100 (or /200 when NSS!=NSC) / NO_QTR; household religion joined from the household file. The run reproduces the round's published all-India LFPR/WPR/UR to 0.1. Pulled via the MoSPI NADA API; zip sha256 in sources/nada/plfs-2022-23/. NSO unit-data rider: religion is self-reported and the survey is designed for labour-force estimation, so religion figures are indicative (no sub-state estimates). Year=2022 is the start of the Jul-2022 to Jun-2023 reference period.",false
wpr-15plus,national,IN,2022,hindu,male,all,75.1,population_age_15plus,120446,,,plfs-microdata,sources/nada/plfs-2022-23/Data_in_CSV.zip,canonicalize-wpr-15plus-v2.1.0-20260611T200615Z,"Computed from PLFS 2022-23 unit-level microdata (first-visit person file, usual status ps+ss, age 15+, rural+urban, males): worker population ratio. Weight = MULT/100 (or /200 when NSS!=NSC) / NO_QTR; household religion joined from the household file. The run reproduces the round's published all-India LFPR/WPR/UR to 0.1. Pulled via the MoSPI NADA API; zip sha256 in sources/nada/plfs-2022-23/. NSO unit-data rider: religion is self-reported and the survey is designed for labour-force estimation, so religion figures are indicative (no sub-state estimates). Year=2022 is the start of the Jul-2022 to Jun-2023 reference period.",false
wpr-15plus,national,IN,2022,hindu,all,rural,60.5,population_age_15plus,138019,,,plfs-microdata,sources/nada/plfs-2022-23/Data_in_CSV.zip,canonicalize-wpr-15plus-v2.1.0-20260611T200615Z,"Computed from PLFS 2022-23 unit-level microdata (first-visit person file, usual status ps+ss, age 15+, rural, both sexes): worker population ratio. Weight = MULT/100 (or /200 when NSS!=NSC) / NO_QTR; household religion joined from the household file. The run reproduces the round's published all-India LFPR/WPR/UR to 0.1. Pulled via the MoSPI NADA API; zip sha256 in sources/nada/plfs-2022-23/. NSO unit-data rider: religion is self-reported and the survey is designed for labour-force estimation, so religion figures are indicative (no sub-state estimates). Year=2022 is the start of the Jul-2022 to Jun-2023 reference period.",false
wpr-15plus,national,IN,2022,hindu,female,rural,44.2,population_age_15plus,68911,,,plfs-microdata,sources/nada/plfs-2022-23/Data_in_CSV.zip,canonicalize-wpr-15plus-v2.1.0-20260611T200615Z,"Computed from PLFS 2022-23 unit-level microdata (first-visit person file, usual status ps+ss, age 15+, rural, females): worker population ratio. Weight = MULT/100 (or /200 when NSS!=NSC) / NO_QTR; household religion joined from the household file. The run reproduces the round's published all-India LFPR/WPR/UR to 0.1. Pulled via the MoSPI NADA API; zip sha256 in sources/nada/plfs-2022-23/. NSO unit-data rider: religion is self-reported and the survey is designed for labour-force estimation, so religion figures are indicative (no sub-state estimates). Year=2022 is the start of the Jul-2022 to Jun-2023 reference period.",false
wpr-15plus,national,IN,2022,hindu,male,rural,76.8,population_age_15plus,69097,,,plfs-microdata,sources/nada/plfs-2022-23/Data_in_CSV.zip,canonicalize-wpr-15plus-v2.1.0-20260611T200615Z,"Computed from PLFS 2022-23 unit-level microdata (first-visit person file, usual status ps+ss, age 15+, rural, males): worker population ratio. Weight = MULT/100 (or /200 when NSS!=NSC) / NO_QTR; household religion joined from the household file. The run reproduces the round's published all-India LFPR/WPR/UR to 0.1. Pulled via the MoSPI NADA API; zip sha256 in sources/nada/plfs-2022-23/. NSO unit-data rider: religion is self-reported and the survey is designed for labour-force estimation, so religion figures are indicative (no sub-state estimates). Year=2022 is the start of the Jul-2022 to Jun-2023 reference period.",false
wpr-15plus,national,IN,2022,hindu,all,urban,48.2,population_age_15plus,100991,,,plfs-microdata,sources/nada/plfs-2022-23/Data_in_CSV.zip,canonicalize-wpr-15plus-v2.1.0-20260611T200615Z,"Computed from PLFS 2022-23 unit-level microdata (first-visit person file, usual status ps+ss, age 15+, urban, both sexes): worker population ratio. Weight = MULT/100 (or /200 when NSS!=NSC) / NO_QTR; household religion joined from the household file. The run reproduces the round's published all-India LFPR/WPR/UR to 0.1. Pulled via the MoSPI NADA API; zip sha256 in sources/nada/plfs-2022-23/. NSO unit-data rider: religion is self-reported and the survey is designed for labour-force estimation, so religion figures are indicative (no sub-state estimates). Year=2022 is the start of the Jul-2022 to Jun-2023 reference period.",false
wpr-15plus,national,IN,2022,hindu,female,urban,24.7,population_age_15plus,49639,,,plfs-microdata,sources/nada/plfs-2022-23/Data_in_CSV.zip,canonicalize-wpr-15plus-v2.1.0-20260611T200615Z,"Computed from PLFS 2022-23 unit-level microdata (first-visit person file, usual status ps+ss, age 15+, urban, females): worker population ratio. Weight = MULT/100 (or /200 when NSS!=NSC) / NO_QTR; household religion joined from the household file. The run reproduces the round's published all-India LFPR/WPR/UR to 0.1. Pulled via the MoSPI NADA API; zip sha256 in sources/nada/plfs-2022-23/. NSO unit-data rider: religion is self-reported and the survey is designed for labour-force estimation, so religion figures are indicative (no sub-state estimates). Year=2022 is the start of the Jul-2022 to Jun-2023 reference period.",false
wpr-15plus,national,IN,2022,hindu,male,urban,70.7,population_age_15plus,51349,,,plfs-microdata,sources/nada/plfs-2022-23/Data_in_CSV.zip,canonicalize-wpr-15plus-v2.1.0-20260611T200615Z,"Computed from PLFS 2022-23 unit-level microdata (first-visit person file, usual status ps+ss, age 15+, urban, males): worker population ratio. Weight = MULT/100 (or /200 when NSS!=NSC) / NO_QTR; household religion joined from the household file. The run reproduces the round's published all-India LFPR/WPR/UR to 0.1. Pulled via the MoSPI NADA API; zip sha256 in sources/nada/plfs-2022-23/. NSO unit-data rider: religion is self-reported and the survey is designed for labour-force estimation, so religion figures are indicative (no sub-state estimates). Year=2022 is the start of the Jul-2022 to Jun-2023 reference period.",false
wpr-15plus,national,IN,2022,muslim,all,all,50.7,population_age_15plus,45656,,,plfs-microdata,sources/nada/plfs-2022-23/Data_in_CSV.zip,canonicalize-wpr-15plus-v2.1.0-20260611T200615Z,"Computed from PLFS 2022-23 unit-level microdata (first-visit person file, usual status ps+ss, age 15+, rural+urban, both sexes): worker population ratio. Weight = MULT/100 (or /200 when NSS!=NSC) / NO_QTR; household religion joined from the household file. The run reproduces the round's published all-India LFPR/WPR/UR to 0.1. Pulled via the MoSPI NADA API; zip sha256 in sources/nada/plfs-2022-23/. NSO unit-data rider: religion is self-reported and the survey is designed for labour-force estimation, so religion figures are indicative (no sub-state estimates). Year=2022 is the start of the Jul-2022 to Jun-2023 reference period.",false
wpr-15plus,national,IN,2022,muslim,female,all,19.9,population_age_15plus,22694,,,plfs-microdata,sources/nada/plfs-2022-23/Data_in_CSV.zip,canonicalize-wpr-15plus-v2.1.0-20260611T200615Z,"Computed from PLFS 2022-23 unit-level microdata (first-visit person file, usual status ps+ss, age 15+, rural+urban, females): worker population ratio. Weight = MULT/100 (or /200 when NSS!=NSC) / NO_QTR; household religion joined from the household file. The run reproduces the round's published all-India LFPR/WPR/UR to 0.1. Pulled via the MoSPI NADA API; zip sha256 in sources/nada/plfs-2022-23/. NSO unit-data rider: religion is self-reported and the survey is designed for labour-force estimation, so religion figures are indicative (no sub-state estimates). Year=2022 is the start of the Jul-2022 to Jun-2023 reference period.",false
wpr-15plus,national,IN,2022,muslim,male,all,81.6,population_age_15plus,22962,,,plfs-microdata,sources/nada/plfs-2022-23/Data_in_CSV.zip,canonicalize-wpr-15plus-v2.1.0-20260611T200615Z,"Computed from PLFS 2022-23 unit-level microdata (first-visit person file, usual status ps+ss, age 15+, rural+urban, males): worker population ratio. Weight = MULT/100 (or /200 when NSS!=NSC) / NO_QTR; household religion joined from the household file. The run reproduces the round's published all-India LFPR/WPR/UR to 0.1. Pulled via the MoSPI NADA API; zip sha256 in sources/nada/plfs-2022-23/. NSO unit-data rider: religion is self-reported and the survey is designed for labour-force estimation, so religion figures are indicative (no sub-state estimates). Year=2022 is the start of the Jul-2022 to Jun-2023 reference period.",false
wpr-15plus,national,IN,2022,muslim,all,rural,52.9,population_age_15plus,22656,,,plfs-microdata,sources/nada/plfs-2022-23/Data_in_CSV.zip,canonicalize-wpr-15plus-v2.1.0-20260611T200615Z,"Computed from PLFS 2022-23 unit-level microdata (first-visit person file, usual status ps+ss, age 15+, rural, both sexes): worker population ratio. Weight = MULT/100 (or /200 when NSS!=NSC) / NO_QTR; household religion joined from the household file. The run reproduces the round's published all-India LFPR/WPR/UR to 0.1. Pulled via the MoSPI NADA API; zip sha256 in sources/nada/plfs-2022-23/. NSO unit-data rider: religion is self-reported and the survey is designed for labour-force estimation, so religion figures are indicative (no sub-state estimates). Year=2022 is the start of the Jul-2022 to Jun-2023 reference period.",false
wpr-15plus,national,IN,2022,muslim,female,rural,21.6,population_age_15plus,11307,,,plfs-microdata,sources/nada/plfs-2022-23/Data_in_CSV.zip,canonicalize-wpr-15plus-v2.1.0-20260611T200615Z,"Computed from PLFS 2022-23 unit-level microdata (first-visit person file, usual status ps+ss, age 15+, rural, females): worker population ratio. Weight = MULT/100 (or /200 when NSS!=NSC) / NO_QTR; household religion joined from the household file. The run reproduces the round's published all-India LFPR/WPR/UR to 0.1. Pulled via the MoSPI NADA API; zip sha256 in sources/nada/plfs-2022-23/. NSO unit-data rider: religion is self-reported and the survey is designed for labour-force estimation, so religion figures are indicative (no sub-state estimates). Year=2022 is the start of the Jul-2022 to Jun-2023 reference period.",false
wpr-15plus,national,IN,2022,muslim,male,rural,84.7,population_age_15plus,11349,,,plfs-microdata,sources/nada/plfs-2022-23/Data_in_CSV.zip,canonicalize-wpr-15plus-v2.1.0-20260611T200615Z,"Computed from PLFS 2022-23 unit-level microdata (first-visit person file, usual status ps+ss, age 15+, rural, males): worker population ratio. Weight = MULT/100 (or /200 when NSS!=NSC) / NO_QTR; household religion joined from the household file. The run reproduces the round's published all-India LFPR/WPR/UR to 0.1. Pulled via the MoSPI NADA API; zip sha256 in sources/nada/plfs-2022-23/. NSO unit-data rider: religion is self-reported and the survey is designed for labour-force estimation, so religion figures are indicative (no sub-state estimates). Year=2022 is the start of the Jul-2022 to Jun-2023 reference period.",false
wpr-15plus,national,IN,2022,muslim,all,urban,45.3,population_age_15plus,23000,,,plfs-microdata,sources/nada/plfs-2022-23/Data_in_CSV.zip,canonicalize-wpr-15plus-v2.1.0-20260611T200615Z,"Computed from PLFS 2022-23 unit-level microdata (first-visit person file, usual status ps+ss, age 15+, urban, both sexes): worker population ratio. Weight = MULT/100 (or /200 when NSS!=NSC) / NO_QTR; household religion joined from the household file. The run reproduces the round's published all-India LFPR/WPR/UR to 0.1. Pulled via the MoSPI NADA API; zip sha256 in sources/nada/plfs-2022-23/. NSO unit-data rider: religion is self-reported and the survey is designed for labour-force estimation, so religion figures are indicative (no sub-state estimates). Year=2022 is the start of the Jul-2022 to Jun-2023 reference period.",false
wpr-15plus,national,IN,2022,muslim,female,urban,15.8,population_age_15plus,11387,,,plfs-microdata,sources/nada/plfs-2022-23/Data_in_CSV.zip,canonicalize-wpr-15plus-v2.1.0-20260611T200615Z,"Computed from PLFS 2022-23 unit-level microdata (first-visit person file, usual status ps+ss, age 15+, urban, females): worker population ratio. Weight = MULT/100 (or /200 when NSS!=NSC) / NO_QTR; household religion joined from the household file. The run reproduces the round's published all-India LFPR/WPR/UR to 0.1. Pulled via the MoSPI NADA API; zip sha256 in sources/nada/plfs-2022-23/. NSO unit-data rider: religion is self-reported and the survey is designed for labour-force estimation, so religion figures are indicative (no sub-state estimates). Year=2022 is the start of the Jul-2022 to Jun-2023 reference period.",false
wpr-15plus,national,IN,2022,muslim,male,urban,74.0,population_age_15plus,11613,,,plfs-microdata,sources/nada/plfs-2022-23/Data_in_CSV.zip,canonicalize-wpr-15plus-v2.1.0-20260611T200615Z,"Computed from PLFS 2022-23 unit-level microdata (first-visit person file, usual status ps+ss, age 15+, urban, males): worker population ratio. Weight = MULT/100 (or /200 when NSS!=NSC) / NO_QTR; household religion joined from the household file. The run reproduces the round's published all-India LFPR/WPR/UR to 0.1. Pulled via the MoSPI NADA API; zip sha256 in sources/nada/plfs-2022-23/. NSO unit-data rider: religion is self-reported and the survey is designed for labour-force estimation, so religion figures are indicative (no sub-state estimates). Year=2022 is the start of the Jul-2022 to Jun-2023 reference period.",false
wpr-15plus,national,IN,2022,sikh,all,all,51.4,population_age_15plus,6861,,,plfs-microdata,sources/nada/plfs-2022-23/Data_in_CSV.zip,canonicalize-wpr-15plus-v2.1.0-20260611T200615Z,"Computed from PLFS 2022-23 unit-level microdata (first-visit person file, usual status ps+ss, age 15+, rural+urban, both sexes): worker population ratio. Weight = MULT/100 (or /200 when NSS!=NSC) / NO_QTR; household religion joined from the household file. The run reproduces the round's published all-India LFPR/WPR/UR to 0.1. Pulled via the MoSPI NADA API; zip sha256 in sources/nada/plfs-2022-23/. NSO unit-data rider: religion is self-reported and the survey is designed for labour-force estimation, so religion figures are indicative (no sub-state estimates). Year=2022 is the start of the Jul-2022 to Jun-2023 reference period.",false
wpr-15plus,national,IN,2022,sikh,female,all,27.6,population_age_15plus,3387,,,plfs-microdata,sources/nada/plfs-2022-23/Data_in_CSV.zip,canonicalize-wpr-15plus-v2.1.0-20260611T200615Z,"Computed from PLFS 2022-23 unit-level microdata (first-visit person file, usual status ps+ss, age 15+, rural+urban, females): worker population ratio. Weight = MULT/100 (or /200 when NSS!=NSC) / NO_QTR; household religion joined from the household file. The run reproduces the round's published all-India LFPR/WPR/UR to 0.1. Pulled via the MoSPI NADA API; zip sha256 in sources/nada/plfs-2022-23/. NSO unit-data rider: religion is self-reported and the survey is designed for labour-force estimation, so religion figures are indicative (no sub-state estimates). Year=2022 is the start of the Jul-2022 to Jun-2023 reference period.",false
wpr-15plus,national,IN,2022,sikh,male,all,74.6,population_age_15plus,3474,,,plfs-microdata,sources/nada/plfs-2022-23/Data_in_CSV.zip,canonicalize-wpr-15plus-v2.1.0-20260611T200615Z,"Computed from PLFS 2022-23 unit-level microdata (first-visit person file, usual status ps+ss, age 15+, rural+urban, males): worker population ratio. Weight = MULT/100 (or /200 when NSS!=NSC) / NO_QTR; household religion joined from the household file. The run reproduces the round's published all-India LFPR/WPR/UR to 0.1. Pulled via the MoSPI NADA API; zip sha256 in sources/nada/plfs-2022-23/. NSO unit-data rider: religion is self-reported and the survey is designed for labour-force estimation, so religion figures are indicative (no sub-state estimates). Year=2022 is the start of the Jul-2022 to Jun-2023 reference period.",false
wpr-15plus,national,IN,2022,sikh,all,rural,53.2,population_age_15plus,4432,,,plfs-microdata,sources/nada/plfs-2022-23/Data_in_CSV.zip,canonicalize-wpr-15plus-v2.1.0-20260611T200615Z,"Computed from PLFS 2022-23 unit-level microdata (first-visit person file, usual status ps+ss, age 15+, rural, both sexes): worker population ratio. Weight = MULT/100 (or /200 when NSS!=NSC) / NO_QTR; household religion joined from the household file. The run reproduces the round's published all-India LFPR/WPR/UR to 0.1. Pulled via the MoSPI NADA API; zip sha256 in sources/nada/plfs-2022-23/. NSO unit-data rider: religion is self-reported and the survey is designed for labour-force estimation, so religion figures are indicative (no sub-state estimates). Year=2022 is the start of the Jul-2022 to Jun-2023 reference period.",false
wpr-15plus,national,IN,2022,sikh,female,rural,30.6,population_age_15plus,2179,,,plfs-microdata,sources/nada/plfs-2022-23/Data_in_CSV.zip,canonicalize-wpr-15plus-v2.1.0-20260611T200615Z,"Computed from PLFS 2022-23 unit-level microdata (first-visit person file, usual status ps+ss, age 15+, rural, females): worker population ratio. Weight = MULT/100 (or /200 when NSS!=NSC) / NO_QTR; household religion joined from the household file. The run reproduces the round's published all-India LFPR/WPR/UR to 0.1. Pulled via the MoSPI NADA API; zip sha256 in sources/nada/plfs-2022-23/. NSO unit-data rider: religion is self-reported and the survey is designed for labour-force estimation, so religion figures are indicative (no sub-state estimates). Year=2022 is the start of the Jul-2022 to Jun-2023 reference period.",false
wpr-15plus,national,IN,2022,sikh,male,rural,75.3,population_age_15plus,2253,,,plfs-microdata,sources/nada/plfs-2022-23/Data_in_CSV.zip,canonicalize-wpr-15plus-v2.1.0-20260611T200615Z,"Computed from PLFS 2022-23 unit-level microdata (first-visit person file, usual status ps+ss, age 15+, rural, males): worker population ratio. Weight = MULT/100 (or /200 when NSS!=NSC) / NO_QTR; household religion joined from the household file. The run reproduces the round's published all-India LFPR/WPR/UR to 0.1. Pulled via the MoSPI NADA API; zip sha256 in sources/nada/plfs-2022-23/. NSO unit-data rider: religion is self-reported and the survey is designed for labour-force estimation, so religion figures are indicative (no sub-state estimates). Year=2022 is the start of the Jul-2022 to Jun-2023 reference period.",false
wpr-15plus,national,IN,2022,sikh,all,urban,45.8,population_age_15plus,2429,,,plfs-microdata,sources/nada/plfs-2022-23/Data_in_CSV.zip,canonicalize-wpr-15plus-v2.1.0-20260611T200615Z,"Computed from PLFS 2022-23 unit-level microdata (first-visit person file, usual status ps+ss, age 15+, urban, both sexes): worker population ratio. Weight = MULT/100 (or /200 when NSS!=NSC) / NO_QTR; household religion joined from the household file. The run reproduces the round's published all-India LFPR/WPR/UR to 0.1. Pulled via the MoSPI NADA API; zip sha256 in sources/nada/plfs-2022-23/. NSO unit-data rider: religion is self-reported and the survey is designed for labour-force estimation, so religion figures are indicative (no sub-state estimates). Year=2022 is the start of the Jul-2022 to Jun-2023 reference period.",false
wpr-15plus,national,IN,2022,sikh,female,urban,18.5,population_age_15plus,1208,,,plfs-microdata,sources/nada/plfs-2022-23/Data_in_CSV.zip,canonicalize-wpr-15plus-v2.1.0-20260611T200615Z,"Computed from PLFS 2022-23 unit-level microdata (first-visit person file, usual status ps+ss, age 15+, urban, females): worker population ratio. Weight = MULT/100 (or /200 when NSS!=NSC) / NO_QTR; household religion joined from the household file. The run reproduces the round's published all-India LFPR/WPR/UR to 0.1. Pulled via the MoSPI NADA API; zip sha256 in sources/nada/plfs-2022-23/. NSO unit-data rider: religion is self-reported and the survey is designed for labour-force estimation, so religion figures are indicative (no sub-state estimates). Year=2022 is the start of the Jul-2022 to Jun-2023 reference period.",false
wpr-15plus,national,IN,2022,sikh,male,urban,72.5,population_age_15plus,1221,,,plfs-microdata,sources/nada/plfs-2022-23/Data_in_CSV.zip,canonicalize-wpr-15plus-v2.1.0-20260611T200615Z,"Computed from PLFS 2022-23 unit-level microdata (first-visit person file, usual status ps+ss, age 15+, urban, males): worker population ratio. Weight = MULT/100 (or /200 when NSS!=NSC) / NO_QTR; household religion joined from the household file. The run reproduces the round's published all-India LFPR/WPR/UR to 0.1. Pulled via the MoSPI NADA API; zip sha256 in sources/nada/plfs-2022-23/. NSO unit-data rider: religion is self-reported and the survey is designed for labour-force estimation, so religion figures are indicative (no sub-state estimates). Year=2022 is the start of the Jul-2022 to Jun-2023 reference period.",false
wpr-15plus,national,IN,2004,all,all,all,62.2,population_age_15plus,407121,,,eus-microdata,sources/nada/eus-2004-05/Emp_Unemp_2004_2005_CSV.zip,canonicalize-wpr-15plus-v2.1.0-20260611T200615Z,"Computed from NSS 61st-round Employment & Unemployment Survey 2004-05 unit-level microdata (usual status ps+ss, age 15+, rural+urban, both sexes): worker population ratio. Weighted by the survey's combined multiplier; household religion joined from the household-characteristics block. The run reproduces the published all-ages by-religion LFPR/WPR/UR of NSS Reports 568/552 cell-for-cell at printed precision. Pulled via the MoSPI NADA API; zip sha256 in sources/nada/eus-2004-05/. EUS and PLFS designs are not strictly comparable (the break is flagged on the first PLFS round). NSO unit-data rider: religion is self-reported and the survey is designed for labour-force estimation, so religion figures are indicative (no sub-state estimates). Year=2004 is the start of the Jul-2004 to Jun-2005 reference period.",false
wpr-15plus,national,IN,2004,all,female,all,41.6,population_age_15plus,201174,,,eus-microdata,sources/nada/eus-2004-05/Emp_Unemp_2004_2005_CSV.zip,canonicalize-wpr-15plus-v2.1.0-20260611T200615Z,"Computed from NSS 61st-round Employment & Unemployment Survey 2004-05 unit-level microdata (usual status ps+ss, age 15+, rural+urban, females): worker population ratio. Weighted by the survey's combined multiplier; household religion joined from the household-characteristics block. The run reproduces the published all-ages by-religion LFPR/WPR/UR of NSS Reports 568/552 cell-for-cell at printed precision. Pulled via the MoSPI NADA API; zip sha256 in sources/nada/eus-2004-05/. EUS and PLFS designs are not strictly comparable (the break is flagged on the first PLFS round). NSO unit-data rider: religion is self-reported and the survey is designed for labour-force estimation, so religion figures are indicative (no sub-state estimates). Year=2004 is the start of the Jul-2004 to Jun-2005 reference period.",false
wpr-15plus,national,IN,2004,all,male,all,82.2,population_age_15plus,205946,,,eus-microdata,sources/nada/eus-2004-05/Emp_Unemp_2004_2005_CSV.zip,canonicalize-wpr-15plus-v2.1.0-20260611T200615Z,"Computed from NSS 61st-round Employment & Unemployment Survey 2004-05 unit-level microdata (usual status ps+ss, age 15+, rural+urban, males): worker population ratio. Weighted by the survey's combined multiplier; household religion joined from the household-characteristics block. The run reproduces the published all-ages by-religion LFPR/WPR/UR of NSS Reports 568/552 cell-for-cell at printed precision. Pulled via the MoSPI NADA API; zip sha256 in sources/nada/eus-2004-05/. EUS and PLFS designs are not strictly comparable (the break is flagged on the first PLFS round). NSO unit-data rider: religion is self-reported and the survey is designed for labour-force estimation, so religion figures are indicative (no sub-state estimates). Year=2004 is the start of the Jul-2004 to Jun-2005 reference period.",false
wpr-15plus,national,IN,2004,all,all,rural,66.6,population_age_15plus,263482,,,eus-microdata,sources/nada/eus-2004-05/Emp_Unemp_2004_2005_CSV.zip,canonicalize-wpr-15plus-v2.1.0-20260611T200615Z,"Computed from NSS 61st-round Employment & Unemployment Survey 2004-05 unit-level microdata (usual status ps+ss, age 15+, rural, both sexes): worker population ratio. Weighted by the survey's combined multiplier; household religion joined from the household-characteristics block. The run reproduces the published all-ages by-religion LFPR/WPR/UR of NSS Reports 568/552 cell-for-cell at printed precision. Pulled via the MoSPI NADA API; zip sha256 in sources/nada/eus-2004-05/. EUS and PLFS designs are not strictly comparable (the break is flagged on the first PLFS round). NSO unit-data rider: religion is self-reported and the survey is designed for labour-force estimation, so religion figures are indicative (no sub-state estimates). Year=2004 is the start of the Jul-2004 to Jun-2005 reference period.",false
wpr-15plus,national,IN,2004,all,female,rural,48.5,population_age_15plus,130869,,,eus-microdata,sources/nada/eus-2004-05/Emp_Unemp_2004_2005_CSV.zip,canonicalize-wpr-15plus-v2.1.0-20260611T200615Z,"Computed from NSS 61st-round Employment & Unemployment Survey 2004-05 unit-level microdata (usual status ps+ss, age 15+, rural, females): worker population ratio. Weighted by the survey's combined multiplier; household religion joined from the household-characteristics block. The run reproduces the published all-ages by-religion LFPR/WPR/UR of NSS Reports 568/552 cell-for-cell at printed precision. Pulled via the MoSPI NADA API; zip sha256 in sources/nada/eus-2004-05/. EUS and PLFS designs are not strictly comparable (the break is flagged on the first PLFS round). NSO unit-data rider: religion is self-reported and the survey is designed for labour-force estimation, so religion figures are indicative (no sub-state estimates). Year=2004 is the start of the Jul-2004 to Jun-2005 reference period.",false
wpr-15plus,national,IN,2004,all,male,rural,84.6,population_age_15plus,132613,,,eus-microdata,sources/nada/eus-2004-05/Emp_Unemp_2004_2005_CSV.zip,canonicalize-wpr-15plus-v2.1.0-20260611T200615Z,"Computed from NSS 61st-round Employment & Unemployment Survey 2004-05 unit-level microdata (usual status ps+ss, age 15+, rural, males): worker population ratio. Weighted by the survey's combined multiplier; household religion joined from the household-characteristics block. The run reproduces the published all-ages by-religion LFPR/WPR/UR of NSS Reports 568/552 cell-for-cell at printed precision. Pulled via the MoSPI NADA API; zip sha256 in sources/nada/eus-2004-05/. EUS and PLFS designs are not strictly comparable (the break is flagged on the first PLFS round). NSO unit-data rider: religion is self-reported and the survey is designed for labour-force estimation, so religion figures are indicative (no sub-state estimates). Year=2004 is the start of the Jul-2004 to Jun-2005 reference period.",false
wpr-15plus,national,IN,2004,all,all,urban,50.6,population_age_15plus,143639,,,eus-microdata,sources/nada/eus-2004-05/Emp_Unemp_2004_2005_CSV.zip,canonicalize-wpr-15plus-v2.1.0-20260611T200615Z,"Computed from NSS 61st-round Employment & Unemployment Survey 2004-05 unit-level microdata (usual status ps+ss, age 15+, urban, both sexes): worker population ratio. Weighted by the survey's combined multiplier; household religion joined from the household-characteristics block. The run reproduces the published all-ages by-religion LFPR/WPR/UR of NSS Reports 568/552 cell-for-cell at printed precision. Pulled via the MoSPI NADA API; zip sha256 in sources/nada/eus-2004-05/. EUS and PLFS designs are not strictly comparable (the break is flagged on the first PLFS round). NSO unit-data rider: religion is self-reported and the survey is designed for labour-force estimation, so religion figures are indicative (no sub-state estimates). Year=2004 is the start of the Jul-2004 to Jun-2005 reference period.",false
wpr-15plus,national,IN,2004,all,female,urban,22.7,population_age_15plus,70305,,,eus-microdata,sources/nada/eus-2004-05/Emp_Unemp_2004_2005_CSV.zip,canonicalize-wpr-15plus-v2.1.0-20260611T200615Z,"Computed from NSS 61st-round Employment & Unemployment Survey 2004-05 unit-level microdata (usual status ps+ss, age 15+, urban, females): worker population ratio. Weighted by the survey's combined multiplier; household religion joined from the household-characteristics block. The run reproduces the published all-ages by-religion LFPR/WPR/UR of NSS Reports 568/552 cell-for-cell at printed precision. Pulled via the MoSPI NADA API; zip sha256 in sources/nada/eus-2004-05/. EUS and PLFS designs are not strictly comparable (the break is flagged on the first PLFS round). NSO unit-data rider: religion is self-reported and the survey is designed for labour-force estimation, so religion figures are indicative (no sub-state estimates). Year=2004 is the start of the Jul-2004 to Jun-2005 reference period.",false
wpr-15plus,national,IN,2004,all,male,urban,76.3,population_age_15plus,73333,,,eus-microdata,sources/nada/eus-2004-05/Emp_Unemp_2004_2005_CSV.zip,canonicalize-wpr-15plus-v2.1.0-20260611T200615Z,"Computed from NSS 61st-round Employment & Unemployment Survey 2004-05 unit-level microdata (usual status ps+ss, age 15+, urban, males): worker population ratio. Weighted by the survey's combined multiplier; household religion joined from the household-characteristics block. The run reproduces the published all-ages by-religion LFPR/WPR/UR of NSS Reports 568/552 cell-for-cell at printed precision. Pulled via the MoSPI NADA API; zip sha256 in sources/nada/eus-2004-05/. EUS and PLFS designs are not strictly comparable (the break is flagged on the first PLFS round). NSO unit-data rider: religion is self-reported and the survey is designed for labour-force estimation, so religion figures are indicative (no sub-state estimates). Year=2004 is the start of the Jul-2004 to Jun-2005 reference period.",false
wpr-15plus,national,IN,2004,christian,all,all,60.4,population_age_15plus,27781,,,eus-microdata,sources/nada/eus-2004-05/Emp_Unemp_2004_2005_CSV.zip,canonicalize-wpr-15plus-v2.1.0-20260611T200615Z,"Computed from NSS 61st-round Employment & Unemployment Survey 2004-05 unit-level microdata (usual status ps+ss, age 15+, rural+urban, both sexes): worker population ratio. Weighted by the survey's combined multiplier; household religion joined from the household-characteristics block. The run reproduces the published all-ages by-religion LFPR/WPR/UR of NSS Reports 568/552 cell-for-cell at printed precision. Pulled via the MoSPI NADA API; zip sha256 in sources/nada/eus-2004-05/. EUS and PLFS designs are not strictly comparable (the break is flagged on the first PLFS round). NSO unit-data rider: religion is self-reported and the survey is designed for labour-force estimation, so religion figures are indicative (no sub-state estimates). Year=2004 is the start of the Jul-2004 to Jun-2005 reference period.",false
wpr-15plus,national,IN,2004,christian,female,all,44.0,population_age_15plus,13915,,,eus-microdata,sources/nada/eus-2004-05/Emp_Unemp_2004_2005_CSV.zip,canonicalize-wpr-15plus-v2.1.0-20260611T200615Z,"Computed from NSS 61st-round Employment & Unemployment Survey 2004-05 unit-level microdata (usual status ps+ss, age 15+, rural+urban, females): worker population ratio. Weighted by the survey's combined multiplier; household religion joined from the household-characteristics block. The run reproduces the published all-ages by-religion LFPR/WPR/UR of NSS Reports 568/552 cell-for-cell at printed precision. Pulled via the MoSPI NADA API; zip sha256 in sources/nada/eus-2004-05/. EUS and PLFS designs are not strictly comparable (the break is flagged on the first PLFS round). NSO unit-data rider: religion is self-reported and the survey is designed for labour-force estimation, so religion figures are indicative (no sub-state estimates). Year=2004 is the start of the Jul-2004 to Jun-2005 reference period.",false
wpr-15plus,national,IN,2004,christian,male,all,77.4,population_age_15plus,13866,,,eus-microdata,sources/nada/eus-2004-05/Emp_Unemp_2004_2005_CSV.zip,canonicalize-wpr-15plus-v2.1.0-20260611T200615Z,"Computed from NSS 61st-round Employment & Unemployment Survey 2004-05 unit-level microdata (usual status ps+ss, age 15+, rural+urban, males): worker population ratio. Weighted by the survey's combined multiplier; household religion joined from the household-characteristics block. The run reproduces the published all-ages by-religion LFPR/WPR/UR of NSS Reports 568/552 cell-for-cell at printed precision. Pulled via the MoSPI NADA API; zip sha256 in sources/nada/eus-2004-05/. EUS and PLFS designs are not strictly comparable (the break is flagged on the first PLFS round). NSO unit-data rider: religion is self-reported and the survey is designed for labour-force estimation, so religion figures are indicative (no sub-state estimates). Year=2004 is the start of the Jul-2004 to Jun-2005 reference period.",false
wpr-15plus,national,IN,2004,christian,all,rural,64.9,population_age_15plus,18759,,,eus-microdata,sources/nada/eus-2004-05/Emp_Unemp_2004_2005_CSV.zip,canonicalize-wpr-15plus-v2.1.0-20260611T200615Z,"Computed from NSS 61st-round Employment & Unemployment Survey 2004-05 unit-level microdata (usual status ps+ss, age 15+, rural, both sexes): worker population ratio. Weighted by the survey's combined multiplier; household religion joined from the household-characteristics block. The run reproduces the published all-ages by-religion LFPR/WPR/UR of NSS Reports 568/552 cell-for-cell at printed precision. Pulled via the MoSPI NADA API; zip sha256 in sources/nada/eus-2004-05/. EUS and PLFS designs are not strictly comparable (the break is flagged on the first PLFS round). NSO unit-data rider: religion is self-reported and the survey is designed for labour-force estimation, so religion figures are indicative (no sub-state estimates). Year=2004 is the start of the Jul-2004 to Jun-2005 reference period.",false
wpr-15plus,national,IN,2004,christian,female,rural,49.1,population_age_15plus,9307,,,eus-microdata,sources/nada/eus-2004-05/Emp_Unemp_2004_2005_CSV.zip,canonicalize-wpr-15plus-v2.1.0-20260611T200615Z,"Computed from NSS 61st-round Employment & Unemployment Survey 2004-05 unit-level microdata (usual status ps+ss, age 15+, rural, females): worker population ratio. Weighted by the survey's combined multiplier; household religion joined from the household-characteristics block. The run reproduces the published all-ages by-religion LFPR/WPR/UR of NSS Reports 568/552 cell-for-cell at printed precision. Pulled via the MoSPI NADA API; zip sha256 in sources/nada/eus-2004-05/. EUS and PLFS designs are not strictly comparable (the break is flagged on the first PLFS round). NSO unit-data rider: religion is self-reported and the survey is designed for labour-force estimation, so religion figures are indicative (no sub-state estimates). Year=2004 is the start of the Jul-2004 to Jun-2005 reference period.",false
wpr-15plus,national,IN,2004,christian,male,rural,81.4,population_age_15plus,9452,,,eus-microdata,sources/nada/eus-2004-05/Emp_Unemp_2004_2005_CSV.zip,canonicalize-wpr-15plus-v2.1.0-20260611T200615Z,"Computed from NSS 61st-round Employment & Unemployment Survey 2004-05 unit-level microdata (usual status ps+ss, age 15+, rural, males): worker population ratio. Weighted by the survey's combined multiplier; household religion joined from the household-characteristics block. The run reproduces the published all-ages by-religion LFPR/WPR/UR of NSS Reports 568/552 cell-for-cell at printed precision. Pulled via the MoSPI NADA API; zip sha256 in sources/nada/eus-2004-05/. EUS and PLFS designs are not strictly comparable (the break is flagged on the first PLFS round). NSO unit-data rider: religion is self-reported and the survey is designed for labour-force estimation, so religion figures are indicative (no sub-state estimates). Year=2004 is the start of the Jul-2004 to Jun-2005 reference period.",false
wpr-15plus,national,IN,2004,christian,all,urban,50.2,population_age_15plus,9022,,,eus-microdata,sources/nada/eus-2004-05/Emp_Unemp_2004_2005_CSV.zip,canonicalize-wpr-15plus-v2.1.0-20260611T200615Z,"Computed from NSS 61st-round Employment & Unemployment Survey 2004-05 unit-level microdata (usual status ps+ss, age 15+, urban, both sexes): worker population ratio. Weighted by the survey's combined multiplier; household religion joined from the household-characteristics block. The run reproduces the published all-ages by-religion LFPR/WPR/UR of NSS Reports 568/552 cell-for-cell at printed precision. Pulled via the MoSPI NADA API; zip sha256 in sources/nada/eus-2004-05/. EUS and PLFS designs are not strictly comparable (the break is flagged on the first PLFS round). NSO unit-data rider: religion is self-reported and the survey is designed for labour-force estimation, so religion figures are indicative (no sub-state estimates). Year=2004 is the start of the Jul-2004 to Jun-2005 reference period.",false
wpr-15plus,national,IN,2004,christian,female,urban,32.3,population_age_15plus,4608,,,eus-microdata,sources/nada/eus-2004-05/Emp_Unemp_2004_2005_CSV.zip,canonicalize-wpr-15plus-v2.1.0-20260611T200615Z,"Computed from NSS 61st-round Employment & Unemployment Survey 2004-05 unit-level microdata (usual status ps+ss, age 15+, urban, females): worker population ratio. Weighted by the survey's combined multiplier; household religion joined from the household-characteristics block. The run reproduces the published all-ages by-religion LFPR/WPR/UR of NSS Reports 568/552 cell-for-cell at printed precision. Pulled via the MoSPI NADA API; zip sha256 in sources/nada/eus-2004-05/. EUS and PLFS designs are not strictly comparable (the break is flagged on the first PLFS round). NSO unit-data rider: religion is self-reported and the survey is designed for labour-force estimation, so religion figures are indicative (no sub-state estimates). Year=2004 is the start of the Jul-2004 to Jun-2005 reference period.",false
wpr-15plus,national,IN,2004,christian,male,urban,68.3,population_age_15plus,4414,,,eus-microdata,sources/nada/eus-2004-05/Emp_Unemp_2004_2005_CSV.zip,canonicalize-wpr-15plus-v2.1.0-20260611T200615Z,"Computed from NSS 61st-round Employment & Unemployment Survey 2004-05 unit-level microdata (usual status ps+ss, age 15+, urban, males): worker population ratio. Weighted by the survey's combined multiplier; household religion joined from the household-characteristics block. The run reproduces the published all-ages by-religion LFPR/WPR/UR of NSS Reports 568/552 cell-for-cell at printed precision. Pulled via the MoSPI NADA API; zip sha256 in sources/nada/eus-2004-05/. EUS and PLFS designs are not strictly comparable (the break is flagged on the first PLFS round). NSO unit-data rider: religion is self-reported and the survey is designed for labour-force estimation, so religion figures are indicative (no sub-state estimates). Year=2004 is the start of the Jul-2004 to Jun-2005 reference period.",false
wpr-15plus,national,IN,2004,hindu,all,all,63.5,population_age_15plus,306694,,,eus-microdata,sources/nada/eus-2004-05/Emp_Unemp_2004_2005_CSV.zip,canonicalize-wpr-15plus-v2.1.0-20260611T200615Z,"Computed from NSS 61st-round Employment & Unemployment Survey 2004-05 unit-level microdata (usual status ps+ss, age 15+, rural+urban, both sexes): worker population ratio. Weighted by the survey's combined multiplier; household religion joined from the household-characteristics block. The run reproduces the published all-ages by-religion LFPR/WPR/UR of NSS Reports 568/552 cell-for-cell at printed precision. Pulled via the MoSPI NADA API; zip sha256 in sources/nada/eus-2004-05/. EUS and PLFS designs are not strictly comparable (the break is flagged on the first PLFS round). NSO unit-data rider: religion is self-reported and the survey is designed for labour-force estimation, so religion figures are indicative (no sub-state estimates). Year=2004 is the start of the Jul-2004 to Jun-2005 reference period.",false
wpr-15plus,national,IN,2004,hindu,female,all,43.9,population_age_15plus,151355,,,eus-microdata,sources/nada/eus-2004-05/Emp_Unemp_2004_2005_CSV.zip,canonicalize-wpr-15plus-v2.1.0-20260611T200615Z,"Computed from NSS 61st-round Employment & Unemployment Survey 2004-05 unit-level microdata (usual status ps+ss, age 15+, rural+urban, females): worker population ratio. Weighted by the survey's combined multiplier; household religion joined from the household-characteristics block. The run reproduces the published all-ages by-religion LFPR/WPR/UR of NSS Reports 568/552 cell-for-cell at printed precision. Pulled via the MoSPI NADA API; zip sha256 in sources/nada/eus-2004-05/. EUS and PLFS designs are not strictly comparable (the break is flagged on the first PLFS round). NSO unit-data rider: religion is self-reported and the survey is designed for labour-force estimation, so religion figures are indicative (no sub-state estimates). Year=2004 is the start of the Jul-2004 to Jun-2005 reference period.",false
wpr-15plus,national,IN,2004,hindu,male,all,82.5,population_age_15plus,155338,,,eus-microdata,sources/nada/eus-2004-05/Emp_Unemp_2004_2005_CSV.zip,canonicalize-wpr-15plus-v2.1.0-20260611T200615Z,"Computed from NSS 61st-round Employment & Unemployment Survey 2004-05 unit-level microdata (usual status ps+ss, age 15+, rural+urban, males): worker population ratio. Weighted by the survey's combined multiplier; household religion joined from the household-characteristics block. The run reproduces the published all-ages by-religion LFPR/WPR/UR of NSS Reports 568/552 cell-for-cell at printed precision. Pulled via the MoSPI NADA API; zip sha256 in sources/nada/eus-2004-05/. EUS and PLFS designs are not strictly comparable (the break is flagged on the first PLFS round). NSO unit-data rider: religion is self-reported and the survey is designed for labour-force estimation, so religion figures are indicative (no sub-state estimates). Year=2004 is the start of the Jul-2004 to Jun-2005 reference period.",false
wpr-15plus,national,IN,2004,hindu,all,rural,67.9,population_age_15plus,200000,,,eus-microdata,sources/nada/eus-2004-05/Emp_Unemp_2004_2005_CSV.zip,canonicalize-wpr-15plus-v2.1.0-20260611T200615Z,"Computed from NSS 61st-round Employment & Unemployment Survey 2004-05 unit-level microdata (usual status ps+ss, age 15+, rural, both sexes): worker population ratio. Weighted by the survey's combined multiplier; household religion joined from the household-characteristics block. The run reproduces the published all-ages by-religion LFPR/WPR/UR of NSS Reports 568/552 cell-for-cell at printed precision. Pulled via the MoSPI NADA API; zip sha256 in sources/nada/eus-2004-05/. EUS and PLFS designs are not strictly comparable (the break is flagged on the first PLFS round). NSO unit-data rider: religion is self-reported and the survey is designed for labour-force estimation, so religion figures are indicative (no sub-state estimates). Year=2004 is the start of the Jul-2004 to Jun-2005 reference period.",false
wpr-15plus,national,IN,2004,hindu,female,rural,50.8,population_age_15plus,99375,,,eus-microdata,sources/nada/eus-2004-05/Emp_Unemp_2004_2005_CSV.zip,canonicalize-wpr-15plus-v2.1.0-20260611T200615Z,"Computed from NSS 61st-round Employment & Unemployment Survey 2004-05 unit-level microdata (usual status ps+ss, age 15+, rural, females): worker population ratio. Weighted by the survey's combined multiplier; household religion joined from the household-characteristics block. The run reproduces the published all-ages by-religion LFPR/WPR/UR of NSS Reports 568/552 cell-for-cell at printed precision. Pulled via the MoSPI NADA API; zip sha256 in sources/nada/eus-2004-05/. EUS and PLFS designs are not strictly comparable (the break is flagged on the first PLFS round). NSO unit-data rider: religion is self-reported and the survey is designed for labour-force estimation, so religion figures are indicative (no sub-state estimates). Year=2004 is the start of the Jul-2004 to Jun-2005 reference period.",false
wpr-15plus,national,IN,2004,hindu,male,rural,84.8,population_age_15plus,100625,,,eus-microdata,sources/nada/eus-2004-05/Emp_Unemp_2004_2005_CSV.zip,canonicalize-wpr-15plus-v2.1.0-20260611T200615Z,"Computed from NSS 61st-round Employment & Unemployment Survey 2004-05 unit-level microdata (usual status ps+ss, age 15+, rural, males): worker population ratio. Weighted by the survey's combined multiplier; household religion joined from the household-characteristics block. The run reproduces the published all-ages by-religion LFPR/WPR/UR of NSS Reports 568/552 cell-for-cell at printed precision. Pulled via the MoSPI NADA API; zip sha256 in sources/nada/eus-2004-05/. EUS and PLFS designs are not strictly comparable (the break is flagged on the first PLFS round). NSO unit-data rider: religion is self-reported and the survey is designed for labour-force estimation, so religion figures are indicative (no sub-state estimates). Year=2004 is the start of the Jul-2004 to Jun-2005 reference period.",false
wpr-15plus,national,IN,2004,hindu,all,urban,51.0,population_age_15plus,106694,,,eus-microdata,sources/nada/eus-2004-05/Emp_Unemp_2004_2005_CSV.zip,canonicalize-wpr-15plus-v2.1.0-20260611T200615Z,"Computed from NSS 61st-round Employment & Unemployment Survey 2004-05 unit-level microdata (usual status ps+ss, age 15+, urban, both sexes): worker population ratio. Weighted by the survey's combined multiplier; household religion joined from the household-characteristics block. The run reproduces the published all-ages by-religion LFPR/WPR/UR of NSS Reports 568/552 cell-for-cell at printed precision. Pulled via the MoSPI NADA API; zip sha256 in sources/nada/eus-2004-05/. EUS and PLFS designs are not strictly comparable (the break is flagged on the first PLFS round). NSO unit-data rider: religion is self-reported and the survey is designed for labour-force estimation, so religion figures are indicative (no sub-state estimates). Year=2004 is the start of the Jul-2004 to Jun-2005 reference period.",false
wpr-15plus,national,IN,2004,hindu,female,urban,23.5,population_age_15plus,51980,,,eus-microdata,sources/nada/eus-2004-05/Emp_Unemp_2004_2005_CSV.zip,canonicalize-wpr-15plus-v2.1.0-20260611T200615Z,"Computed from NSS 61st-round Employment & Unemployment Survey 2004-05 unit-level microdata (usual status ps+ss, age 15+, urban, females): worker population ratio. Weighted by the survey's combined multiplier; household religion joined from the household-characteristics block. The run reproduces the published all-ages by-religion LFPR/WPR/UR of NSS Reports 568/552 cell-for-cell at printed precision. Pulled via the MoSPI NADA API; zip sha256 in sources/nada/eus-2004-05/. EUS and PLFS designs are not strictly comparable (the break is flagged on the first PLFS round). NSO unit-data rider: religion is self-reported and the survey is designed for labour-force estimation, so religion figures are indicative (no sub-state estimates). Year=2004 is the start of the Jul-2004 to Jun-2005 reference period.",false
wpr-15plus,national,IN,2004,hindu,male,urban,76.0,population_age_15plus,54713,,,eus-microdata,sources/nada/eus-2004-05/Emp_Unemp_2004_2005_CSV.zip,canonicalize-wpr-15plus-v2.1.0-20260611T200615Z,"Computed from NSS 61st-round Employment & Unemployment Survey 2004-05 unit-level microdata (usual status ps+ss, age 15+, urban, males): worker population ratio. Weighted by the survey's combined multiplier; household religion joined from the household-characteristics block. The run reproduces the published all-ages by-religion LFPR/WPR/UR of NSS Reports 568/552 cell-for-cell at printed precision. Pulled via the MoSPI NADA API; zip sha256 in sources/nada/eus-2004-05/. EUS and PLFS designs are not strictly comparable (the break is flagged on the first PLFS round). NSO unit-data rider: religion is self-reported and the survey is designed for labour-force estimation, so religion figures are indicative (no sub-state estimates). Year=2004 is the start of the Jul-2004 to Jun-2005 reference period.",false
wpr-15plus,national,IN,2004,muslim,all,all,53.6,population_age_15plus,50804,,,eus-microdata,sources/nada/eus-2004-05/Emp_Unemp_2004_2005_CSV.zip,canonicalize-wpr-15plus-v2.1.0-20260611T200615Z,"Computed from NSS 61st-round Employment & Unemployment Survey 2004-05 unit-level microdata (usual status ps+ss, age 15+, rural+urban, both sexes): worker population ratio. Weighted by the survey's combined multiplier; household religion joined from the household-characteristics block. The run reproduces the published all-ages by-religion LFPR/WPR/UR of NSS Reports 568/552 cell-for-cell at printed precision. Pulled via the MoSPI NADA API; zip sha256 in sources/nada/eus-2004-05/. EUS and PLFS designs are not strictly comparable (the break is flagged on the first PLFS round). NSO unit-data rider: religion is self-reported and the survey is designed for labour-force estimation, so religion figures are indicative (no sub-state estimates). Year=2004 is the start of the Jul-2004 to Jun-2005 reference period.",false
wpr-15plus,national,IN,2004,muslim,female,all,24.3,population_age_15plus,25184,,,eus-microdata,sources/nada/eus-2004-05/Emp_Unemp_2004_2005_CSV.zip,canonicalize-wpr-15plus-v2.1.0-20260611T200615Z,"Computed from NSS 61st-round Employment & Unemployment Survey 2004-05 unit-level microdata (usual status ps+ss, age 15+, rural+urban, females): worker population ratio. Weighted by the survey's combined multiplier; household religion joined from the household-characteristics block. The run reproduces the published all-ages by-religion LFPR/WPR/UR of NSS Reports 568/552 cell-for-cell at printed precision. Pulled via the MoSPI NADA API; zip sha256 in sources/nada/eus-2004-05/. EUS and PLFS designs are not strictly comparable (the break is flagged on the first PLFS round). NSO unit-data rider: religion is self-reported and the survey is designed for labour-force estimation, so religion figures are indicative (no sub-state estimates). Year=2004 is the start of the Jul-2004 to Jun-2005 reference period.",false
wpr-15plus,national,IN,2004,muslim,male,all,82.6,population_age_15plus,25620,,,eus-microdata,sources/nada/eus-2004-05/Emp_Unemp_2004_2005_CSV.zip,canonicalize-wpr-15plus-v2.1.0-20260611T200615Z,"Computed from NSS 61st-round Employment & Unemployment Survey 2004-05 unit-level microdata (usual status ps+ss, age 15+, rural+urban, males): worker population ratio. Weighted by the survey's combined multiplier; household religion joined from the household-characteristics block. The run reproduces the published all-ages by-religion LFPR/WPR/UR of NSS Reports 568/552 cell-for-cell at printed precision. Pulled via the MoSPI NADA API; zip sha256 in sources/nada/eus-2004-05/. EUS and PLFS designs are not strictly comparable (the break is flagged on the first PLFS round). NSO unit-data rider: religion is self-reported and the survey is designed for labour-force estimation, so religion figures are indicative (no sub-state estimates). Year=2004 is the start of the Jul-2004 to Jun-2005 reference period.",false
wpr-15plus,national,IN,2004,muslim,all,rural,55.7,population_age_15plus,28956,,,eus-microdata,sources/nada/eus-2004-05/Emp_Unemp_2004_2005_CSV.zip,canonicalize-wpr-15plus-v2.1.0-20260611T200615Z,"Computed from NSS 61st-round Employment & Unemployment Survey 2004-05 unit-level microdata (usual status ps+ss, age 15+, rural, both sexes): worker population ratio. Weighted by the survey's combined multiplier; household religion joined from the household-characteristics block. The run reproduces the published all-ages by-religion LFPR/WPR/UR of NSS Reports 568/552 cell-for-cell at printed precision. Pulled via the MoSPI NADA API; zip sha256 in sources/nada/eus-2004-05/. EUS and PLFS designs are not strictly comparable (the break is flagged on the first PLFS round). NSO unit-data rider: religion is self-reported and the survey is designed for labour-force estimation, so religion figures are indicative (no sub-state estimates). Year=2004 is the start of the Jul-2004 to Jun-2005 reference period.",false
wpr-15plus,national,IN,2004,muslim,female,rural,27.9,population_age_15plus,14441,,,eus-microdata,sources/nada/eus-2004-05/Emp_Unemp_2004_2005_CSV.zip,canonicalize-wpr-15plus-v2.1.0-20260611T200615Z,"Computed from NSS 61st-round Employment & Unemployment Survey 2004-05 unit-level microdata (usual status ps+ss, age 15+, rural, females): worker population ratio. Weighted by the survey's combined multiplier; household religion joined from the household-characteristics block. The run reproduces the published all-ages by-religion LFPR/WPR/UR of NSS Reports 568/552 cell-for-cell at printed precision. Pulled via the MoSPI NADA API; zip sha256 in sources/nada/eus-2004-05/. EUS and PLFS designs are not strictly comparable (the break is flagged on the first PLFS round). NSO unit-data rider: religion is self-reported and the survey is designed for labour-force estimation, so religion figures are indicative (no sub-state estimates). Year=2004 is the start of the Jul-2004 to Jun-2005 reference period.",false
wpr-15plus,national,IN,2004,muslim,male,rural,84.2,population_age_15plus,14515,,,eus-microdata,sources/nada/eus-2004-05/Emp_Unemp_2004_2005_CSV.zip,canonicalize-wpr-15plus-v2.1.0-20260611T200615Z,"Computed from NSS 61st-round Employment & Unemployment Survey 2004-05 unit-level microdata (usual status ps+ss, age 15+, rural, males): worker population ratio. Weighted by the survey's combined multiplier; household religion joined from the household-characteristics block. The run reproduces the published all-ages by-religion LFPR/WPR/UR of NSS Reports 568/552 cell-for-cell at printed precision. Pulled via the MoSPI NADA API; zip sha256 in sources/nada/eus-2004-05/. EUS and PLFS designs are not strictly comparable (the break is flagged on the first PLFS round). NSO unit-data rider: religion is self-reported and the survey is designed for labour-force estimation, so religion figures are indicative (no sub-state estimates). Year=2004 is the start of the Jul-2004 to Jun-2005 reference period.",false
wpr-15plus,national,IN,2004,muslim,all,urban,49.5,population_age_15plus,21848,,,eus-microdata,sources/nada/eus-2004-05/Emp_Unemp_2004_2005_CSV.zip,canonicalize-wpr-15plus-v2.1.0-20260611T200615Z,"Computed from NSS 61st-round Employment & Unemployment Survey 2004-05 unit-level microdata (usual status ps+ss, age 15+, urban, both sexes): worker population ratio. Weighted by the survey's combined multiplier; household religion joined from the household-characteristics block. The run reproduces the published all-ages by-religion LFPR/WPR/UR of NSS Reports 568/552 cell-for-cell at printed precision. Pulled via the MoSPI NADA API; zip sha256 in sources/nada/eus-2004-05/. EUS and PLFS designs are not strictly comparable (the break is flagged on the first PLFS round). NSO unit-data rider: religion is self-reported and the survey is designed for labour-force estimation, so religion figures are indicative (no sub-state estimates). Year=2004 is the start of the Jul-2004 to Jun-2005 reference period.",false
wpr-15plus,national,IN,2004,muslim,female,urban,17.1,population_age_15plus,10743,,,eus-microdata,sources/nada/eus-2004-05/Emp_Unemp_2004_2005_CSV.zip,canonicalize-wpr-15plus-v2.1.0-20260611T200615Z,"Computed from NSS 61st-round Employment & Unemployment Survey 2004-05 unit-level microdata (usual status ps+ss, age 15+, urban, females): worker population ratio. Weighted by the survey's combined multiplier; household religion joined from the household-characteristics block. The run reproduces the published all-ages by-religion LFPR/WPR/UR of NSS Reports 568/552 cell-for-cell at printed precision. Pulled via the MoSPI NADA API; zip sha256 in sources/nada/eus-2004-05/. EUS and PLFS designs are not strictly comparable (the break is flagged on the first PLFS round). NSO unit-data rider: religion is self-reported and the survey is designed for labour-force estimation, so religion figures are indicative (no sub-state estimates). Year=2004 is the start of the Jul-2004 to Jun-2005 reference period.",false
wpr-15plus,national,IN,2004,muslim,male,urban,79.7,population_age_15plus,11105,,,eus-microdata,sources/nada/eus-2004-05/Emp_Unemp_2004_2005_CSV.zip,canonicalize-wpr-15plus-v2.1.0-20260611T200615Z,"Computed from NSS 61st-round Employment & Unemployment Survey 2004-05 unit-level microdata (usual status ps+ss, age 15+, urban, males): worker population ratio. Weighted by the survey's combined multiplier; household religion joined from the household-characteristics block. The run reproduces the published all-ages by-religion LFPR/WPR/UR of NSS Reports 568/552 cell-for-cell at printed precision. Pulled via the MoSPI NADA API; zip sha256 in sources/nada/eus-2004-05/. EUS and PLFS designs are not strictly comparable (the break is flagged on the first PLFS round). NSO unit-data rider: religion is self-reported and the survey is designed for labour-force estimation, so religion figures are indicative (no sub-state estimates). Year=2004 is the start of the Jul-2004 to Jun-2005 reference period.",false
wpr-15plus,national,IN,2004,sikh,all,all,61.4,population_age_15plus,11465,,,eus-microdata,sources/nada/eus-2004-05/Emp_Unemp_2004_2005_CSV.zip,canonicalize-wpr-15plus-v2.1.0-20260611T200615Z,"Computed from NSS 61st-round Employment & Unemployment Survey 2004-05 unit-level microdata (usual status ps+ss, age 15+, rural+urban, both sexes): worker population ratio. Weighted by the survey's combined multiplier; household religion joined from the household-characteristics block. The run reproduces the published all-ages by-religion LFPR/WPR/UR of NSS Reports 568/552 cell-for-cell at printed precision. Pulled via the MoSPI NADA API; zip sha256 in sources/nada/eus-2004-05/. EUS and PLFS designs are not strictly comparable (the break is flagged on the first PLFS round). NSO unit-data rider: religion is self-reported and the survey is designed for labour-force estimation, so religion figures are indicative (no sub-state estimates). Year=2004 is the start of the Jul-2004 to Jun-2005 reference period.",false
wpr-15plus,national,IN,2004,sikh,female,all,42.6,population_age_15plus,5587,,,eus-microdata,sources/nada/eus-2004-05/Emp_Unemp_2004_2005_CSV.zip,canonicalize-wpr-15plus-v2.1.0-20260611T200615Z,"Computed from NSS 61st-round Employment & Unemployment Survey 2004-05 unit-level microdata (usual status ps+ss, age 15+, rural+urban, females): worker population ratio. Weighted by the survey's combined multiplier; household religion joined from the household-characteristics block. The run reproduces the published all-ages by-religion LFPR/WPR/UR of NSS Reports 568/552 cell-for-cell at printed precision. Pulled via the MoSPI NADA API; zip sha256 in sources/nada/eus-2004-05/. EUS and PLFS designs are not strictly comparable (the break is flagged on the first PLFS round). NSO unit-data rider: religion is self-reported and the survey is designed for labour-force estimation, so religion figures are indicative (no sub-state estimates). Year=2004 is the start of the Jul-2004 to Jun-2005 reference period.",false
wpr-15plus,national,IN,2004,sikh,male,all,79.6,population_age_15plus,5878,,,eus-microdata,sources/nada/eus-2004-05/Emp_Unemp_2004_2005_CSV.zip,canonicalize-wpr-15plus-v2.1.0-20260611T200615Z,"Computed from NSS 61st-round Employment & Unemployment Survey 2004-05 unit-level microdata (usual status ps+ss, age 15+, rural+urban, males): worker population ratio. Weighted by the survey's combined multiplier; household religion joined from the household-characteristics block. The run reproduces the published all-ages by-religion LFPR/WPR/UR of NSS Reports 568/552 cell-for-cell at printed precision. Pulled via the MoSPI NADA API; zip sha256 in sources/nada/eus-2004-05/. EUS and PLFS designs are not strictly comparable (the break is flagged on the first PLFS round). NSO unit-data rider: religion is self-reported and the survey is designed for labour-force estimation, so religion figures are indicative (no sub-state estimates). Year=2004 is the start of the Jul-2004 to Jun-2005 reference period.",false
wpr-15plus,national,IN,2004,sikh,all,rural,65.5,population_age_15plus,8616,,,eus-microdata,sources/nada/eus-2004-05/Emp_Unemp_2004_2005_CSV.zip,canonicalize-wpr-15plus-v2.1.0-20260611T200615Z,"Computed from NSS 61st-round Employment & Unemployment Survey 2004-05 unit-level microdata (usual status ps+ss, age 15+, rural, both sexes): worker population ratio. Weighted by the survey's combined multiplier; household religion joined from the household-characteristics block. The run reproduces the published all-ages by-religion LFPR/WPR/UR of NSS Reports 568/552 cell-for-cell at printed precision. Pulled via the MoSPI NADA API; zip sha256 in sources/nada/eus-2004-05/. EUS and PLFS designs are not strictly comparable (the break is flagged on the first PLFS round). NSO unit-data rider: religion is self-reported and the survey is designed for labour-force estimation, so religion figures are indicative (no sub-state estimates). Year=2004 is the start of the Jul-2004 to Jun-2005 reference period.",false
wpr-15plus,national,IN,2004,sikh,female,rural,49.0,population_age_15plus,4217,,,eus-microdata,sources/nada/eus-2004-05/Emp_Unemp_2004_2005_CSV.zip,canonicalize-wpr-15plus-v2.1.0-20260611T200615Z,"Computed from NSS 61st-round Employment & Unemployment Survey 2004-05 unit-level microdata (usual status ps+ss, age 15+, rural, females): worker population ratio. Weighted by the survey's combined multiplier; household religion joined from the household-characteristics block. The run reproduces the published all-ages by-religion LFPR/WPR/UR of NSS Reports 568/552 cell-for-cell at printed precision. Pulled via the MoSPI NADA API; zip sha256 in sources/nada/eus-2004-05/. EUS and PLFS designs are not strictly comparable (the break is flagged on the first PLFS round). NSO unit-data rider: religion is self-reported and the survey is designed for labour-force estimation, so religion figures are indicative (no sub-state estimates). Year=2004 is the start of the Jul-2004 to Jun-2005 reference period.",false
wpr-15plus,national,IN,2004,sikh,male,rural,81.7,population_age_15plus,4399,,,eus-microdata,sources/nada/eus-2004-05/Emp_Unemp_2004_2005_CSV.zip,canonicalize-wpr-15plus-v2.1.0-20260611T200615Z,"Computed from NSS 61st-round Employment & Unemployment Survey 2004-05 unit-level microdata (usual status ps+ss, age 15+, rural, males): worker population ratio. Weighted by the survey's combined multiplier; household religion joined from the household-characteristics block. The run reproduces the published all-ages by-religion LFPR/WPR/UR of NSS Reports 568/552 cell-for-cell at printed precision. Pulled via the MoSPI NADA API; zip sha256 in sources/nada/eus-2004-05/. EUS and PLFS designs are not strictly comparable (the break is flagged on the first PLFS round). NSO unit-data rider: religion is self-reported and the survey is designed for labour-force estimation, so religion figures are indicative (no sub-state estimates). Year=2004 is the start of the Jul-2004 to Jun-2005 reference period.",false
wpr-15plus,national,IN,2004,sikh,all,urban,47.3,population_age_15plus,2849,,,eus-microdata,sources/nada/eus-2004-05/Emp_Unemp_2004_2005_CSV.zip,canonicalize-wpr-15plus-v2.1.0-20260611T200615Z,"Computed from NSS 61st-round Employment & Unemployment Survey 2004-05 unit-level microdata (usual status ps+ss, age 15+, urban, both sexes): worker population ratio. Weighted by the survey's combined multiplier; household religion joined from the household-characteristics block. The run reproduces the published all-ages by-religion LFPR/WPR/UR of NSS Reports 568/552 cell-for-cell at printed precision. Pulled via the MoSPI NADA API; zip sha256 in sources/nada/eus-2004-05/. EUS and PLFS designs are not strictly comparable (the break is flagged on the first PLFS round). NSO unit-data rider: religion is self-reported and the survey is designed for labour-force estimation, so religion figures are indicative (no sub-state estimates). Year=2004 is the start of the Jul-2004 to Jun-2005 reference period.",false
wpr-15plus,national,IN,2004,sikh,female,urban,19.7,population_age_15plus,1370,,,eus-microdata,sources/nada/eus-2004-05/Emp_Unemp_2004_2005_CSV.zip,canonicalize-wpr-15plus-v2.1.0-20260611T200615Z,"Computed from NSS 61st-round Employment & Unemployment Survey 2004-05 unit-level microdata (usual status ps+ss, age 15+, urban, females): worker population ratio. Weighted by the survey's combined multiplier; household religion joined from the household-characteristics block. The run reproduces the published all-ages by-religion LFPR/WPR/UR of NSS Reports 568/552 cell-for-cell at printed precision. Pulled via the MoSPI NADA API; zip sha256 in sources/nada/eus-2004-05/. EUS and PLFS designs are not strictly comparable (the break is flagged on the first PLFS round). NSO unit-data rider: religion is self-reported and the survey is designed for labour-force estimation, so religion figures are indicative (no sub-state estimates). Year=2004 is the start of the Jul-2004 to Jun-2005 reference period.",false
wpr-15plus,national,IN,2004,sikh,male,urban,72.7,population_age_15plus,1479,,,eus-microdata,sources/nada/eus-2004-05/Emp_Unemp_2004_2005_CSV.zip,canonicalize-wpr-15plus-v2.1.0-20260611T200615Z,"Computed from NSS 61st-round Employment & Unemployment Survey 2004-05 unit-level microdata (usual status ps+ss, age 15+, urban, males): worker population ratio. Weighted by the survey's combined multiplier; household religion joined from the household-characteristics block. The run reproduces the published all-ages by-religion LFPR/WPR/UR of NSS Reports 568/552 cell-for-cell at printed precision. Pulled via the MoSPI NADA API; zip sha256 in sources/nada/eus-2004-05/. EUS and PLFS designs are not strictly comparable (the break is flagged on the first PLFS round). NSO unit-data rider: religion is self-reported and the survey is designed for labour-force estimation, so religion figures are indicative (no sub-state estimates). Year=2004 is the start of the Jul-2004 to Jun-2005 reference period.",false
wpr-15plus,national,IN,2009,all,all,all,55.9,population_age_15plus,325436,,,eus-microdata,sources/nada/eus-2009-10/Emp_Unemp_2009_2010_CSV.zip,canonicalize-wpr-15plus-v2.1.0-20260611T200615Z,"Computed from NSS 66th-round Employment & Unemployment Survey 2009-10 unit-level microdata (usual status ps+ss, age 15+, rural+urban, both sexes): worker population ratio. Weighted by the survey's combined multiplier; household religion joined from the household-characteristics block. The run reproduces the published all-ages by-religion LFPR/WPR/UR of NSS Reports 568/552 cell-for-cell at printed precision. Pulled via the MoSPI NADA API; zip sha256 in sources/nada/eus-2009-10/. EUS and PLFS designs are not strictly comparable (the break is flagged on the first PLFS round). NSO unit-data rider: religion is self-reported and the survey is designed for labour-force estimation, so religion figures are indicative (no sub-state estimates). Year=2009 is the start of the Jul-2009 to Jun-2010 reference period.",false
wpr-15plus,national,IN,2009,all,female,all,31.9,population_age_15plus,160337,,,eus-microdata,sources/nada/eus-2009-10/Emp_Unemp_2009_2010_CSV.zip,canonicalize-wpr-15plus-v2.1.0-20260611T200615Z,"Computed from NSS 66th-round Employment & Unemployment Survey 2009-10 unit-level microdata (usual status ps+ss, age 15+, rural+urban, females): worker population ratio. Weighted by the survey's combined multiplier; household religion joined from the household-characteristics block. The run reproduces the published all-ages by-religion LFPR/WPR/UR of NSS Reports 568/552 cell-for-cell at printed precision. Pulled via the MoSPI NADA API; zip sha256 in sources/nada/eus-2009-10/. EUS and PLFS designs are not strictly comparable (the break is flagged on the first PLFS round). NSO unit-data rider: religion is self-reported and the survey is designed for labour-force estimation, so religion figures are indicative (no sub-state estimates). Year=2009 is the start of the Jul-2009 to Jun-2010 reference period.",false
wpr-15plus,national,IN,2009,all,male,all,79.1,population_age_15plus,165099,,,eus-microdata,sources/nada/eus-2009-10/Emp_Unemp_2009_2010_CSV.zip,canonicalize-wpr-15plus-v2.1.0-20260611T200615Z,"Computed from NSS 66th-round Employment & Unemployment Survey 2009-10 unit-level microdata (usual status ps+ss, age 15+, rural+urban, males): worker population ratio. Weighted by the survey's combined multiplier; household religion joined from the household-characteristics block. The run reproduces the published all-ages by-religion LFPR/WPR/UR of NSS Reports 568/552 cell-for-cell at printed precision. Pulled via the MoSPI NADA API; zip sha256 in sources/nada/eus-2009-10/. EUS and PLFS designs are not strictly comparable (the break is flagged on the first PLFS round). NSO unit-data rider: religion is self-reported and the survey is designed for labour-force estimation, so religion figures are indicative (no sub-state estimates). Year=2009 is the start of the Jul-2009 to Jun-2010 reference period.",false
wpr-15plus,national,IN,2009,all,all,rural,59.5,population_age_15plus,194946,,,eus-microdata,sources/nada/eus-2009-10/Emp_Unemp_2009_2010_CSV.zip,canonicalize-wpr-15plus-v2.1.0-20260611T200615Z,"Computed from NSS 66th-round Employment & Unemployment Survey 2009-10 unit-level microdata (usual status ps+ss, age 15+, rural, both sexes): worker population ratio. Weighted by the survey's combined multiplier; household religion joined from the household-characteristics block. The run reproduces the published all-ages by-religion LFPR/WPR/UR of NSS Reports 568/552 cell-for-cell at printed precision. Pulled via the MoSPI NADA API; zip sha256 in sources/nada/eus-2009-10/. EUS and PLFS designs are not strictly comparable (the break is flagged on the first PLFS round). NSO unit-data rider: religion is self-reported and the survey is designed for labour-force estimation, so religion figures are indicative (no sub-state estimates). Year=2009 is the start of the Jul-2009 to Jun-2010 reference period.",false
wpr-15plus,national,IN,2009,all,female,rural,37.2,population_age_15plus,96550,,,eus-microdata,sources/nada/eus-2009-10/Emp_Unemp_2009_2010_CSV.zip,canonicalize-wpr-15plus-v2.1.0-20260611T200615Z,"Computed from NSS 66th-round Employment & Unemployment Survey 2009-10 unit-level microdata (usual status ps+ss, age 15+, rural, females): worker population ratio. Weighted by the survey's combined multiplier; household religion joined from the household-characteristics block. The run reproduces the published all-ages by-religion LFPR/WPR/UR of NSS Reports 568/552 cell-for-cell at printed precision. Pulled via the MoSPI NADA API; zip sha256 in sources/nada/eus-2009-10/. EUS and PLFS designs are not strictly comparable (the break is flagged on the first PLFS round). NSO unit-data rider: religion is self-reported and the survey is designed for labour-force estimation, so religion figures are indicative (no sub-state estimates). Year=2009 is the start of the Jul-2009 to Jun-2010 reference period.",false
wpr-15plus,national,IN,2009,all,male,rural,81.2,population_age_15plus,98396,,,eus-microdata,sources/nada/eus-2009-10/Emp_Unemp_2009_2010_CSV.zip,canonicalize-wpr-15plus-v2.1.0-20260611T200615Z,"Computed from NSS 66th-round Employment & Unemployment Survey 2009-10 unit-level microdata (usual status ps+ss, age 15+, rural, males): worker population ratio. Weighted by the survey's combined multiplier; household religion joined from the household-characteristics block. The run reproduces the published all-ages by-religion LFPR/WPR/UR of NSS Reports 568/552 cell-for-cell at printed precision. Pulled via the MoSPI NADA API; zip sha256 in sources/nada/eus-2009-10/. EUS and PLFS designs are not strictly comparable (the break is flagged on the first PLFS round). NSO unit-data rider: religion is self-reported and the survey is designed for labour-force estimation, so religion figures are indicative (no sub-state estimates). Year=2009 is the start of the Jul-2009 to Jun-2010 reference period.",false
wpr-15plus,national,IN,2009,all,all,urban,47.2,population_age_15plus,130490,,,eus-microdata,sources/nada/eus-2009-10/Emp_Unemp_2009_2010_CSV.zip,canonicalize-wpr-15plus-v2.1.0-20260611T200615Z,"Computed from NSS 66th-round Employment & Unemployment Survey 2009-10 unit-level microdata (usual status ps+ss, age 15+, urban, both sexes): worker population ratio. Weighted by the survey's combined multiplier; household religion joined from the household-characteristics block. The run reproduces the published all-ages by-religion LFPR/WPR/UR of NSS Reports 568/552 cell-for-cell at printed precision. Pulled via the MoSPI NADA API; zip sha256 in sources/nada/eus-2009-10/. EUS and PLFS designs are not strictly comparable (the break is flagged on the first PLFS round). NSO unit-data rider: religion is self-reported and the survey is designed for labour-force estimation, so religion figures are indicative (no sub-state estimates). Year=2009 is the start of the Jul-2009 to Jun-2010 reference period.",false
wpr-15plus,national,IN,2009,all,female,urban,18.3,population_age_15plus,63787,,,eus-microdata,sources/nada/eus-2009-10/Emp_Unemp_2009_2010_CSV.zip,canonicalize-wpr-15plus-v2.1.0-20260611T200615Z,"Computed from NSS 66th-round Employment & Unemployment Survey 2009-10 unit-level microdata (usual status ps+ss, age 15+, urban, females): worker population ratio. Weighted by the survey's combined multiplier; household religion joined from the household-characteristics block. The run reproduces the published all-ages by-religion LFPR/WPR/UR of NSS Reports 568/552 cell-for-cell at printed precision. Pulled via the MoSPI NADA API; zip sha256 in sources/nada/eus-2009-10/. EUS and PLFS designs are not strictly comparable (the break is flagged on the first PLFS round). NSO unit-data rider: religion is self-reported and the survey is designed for labour-force estimation, so religion figures are indicative (no sub-state estimates). Year=2009 is the start of the Jul-2009 to Jun-2010 reference period.",false
wpr-15plus,national,IN,2009,all,male,urban,74.0,population_age_15plus,66703,,,eus-microdata,sources/nada/eus-2009-10/Emp_Unemp_2009_2010_CSV.zip,canonicalize-wpr-15plus-v2.1.0-20260611T200615Z,"Computed from NSS 66th-round Employment & Unemployment Survey 2009-10 unit-level microdata (usual status ps+ss, age 15+, urban, males): worker population ratio. Weighted by the survey's combined multiplier; household religion joined from the household-characteristics block. The run reproduces the published all-ages by-religion LFPR/WPR/UR of NSS Reports 568/552 cell-for-cell at printed precision. Pulled via the MoSPI NADA API; zip sha256 in sources/nada/eus-2009-10/. EUS and PLFS designs are not strictly comparable (the break is flagged on the first PLFS round). NSO unit-data rider: religion is self-reported and the survey is designed for labour-force estimation, so religion figures are indicative (no sub-state estimates). Year=2009 is the start of the Jul-2009 to Jun-2010 reference period.",false
wpr-15plus,national,IN,2009,christian,all,all,56.5,population_age_15plus,22564,,,eus-microdata,sources/nada/eus-2009-10/Emp_Unemp_2009_2010_CSV.zip,canonicalize-wpr-15plus-v2.1.0-20260611T200615Z,"Computed from NSS 66th-round Employment & Unemployment Survey 2009-10 unit-level microdata (usual status ps+ss, age 15+, rural+urban, both sexes): worker population ratio. Weighted by the survey's combined multiplier; household religion joined from the household-characteristics block. The run reproduces the published all-ages by-religion LFPR/WPR/UR of NSS Reports 568/552 cell-for-cell at printed precision. Pulled via the MoSPI NADA API; zip sha256 in sources/nada/eus-2009-10/. EUS and PLFS designs are not strictly comparable (the break is flagged on the first PLFS round). NSO unit-data rider: religion is self-reported and the survey is designed for labour-force estimation, so religion figures are indicative (no sub-state estimates). Year=2009 is the start of the Jul-2009 to Jun-2010 reference period.",false
wpr-15plus,national,IN,2009,christian,female,all,38.3,population_age_15plus,11360,,,eus-microdata,sources/nada/eus-2009-10/Emp_Unemp_2009_2010_CSV.zip,canonicalize-wpr-15plus-v2.1.0-20260611T200615Z,"Computed from NSS 66th-round Employment & Unemployment Survey 2009-10 unit-level microdata (usual status ps+ss, age 15+, rural+urban, females): worker population ratio. Weighted by the survey's combined multiplier; household religion joined from the household-characteristics block. The run reproduces the published all-ages by-religion LFPR/WPR/UR of NSS Reports 568/552 cell-for-cell at printed precision. Pulled via the MoSPI NADA API; zip sha256 in sources/nada/eus-2009-10/. EUS and PLFS designs are not strictly comparable (the break is flagged on the first PLFS round). NSO unit-data rider: religion is self-reported and the survey is designed for labour-force estimation, so religion figures are indicative (no sub-state estimates). Year=2009 is the start of the Jul-2009 to Jun-2010 reference period.",false
wpr-15plus,national,IN,2009,christian,male,all,75.8,population_age_15plus,11204,,,eus-microdata,sources/nada/eus-2009-10/Emp_Unemp_2009_2010_CSV.zip,canonicalize-wpr-15plus-v2.1.0-20260611T200615Z,"Computed from NSS 66th-round Employment & Unemployment Survey 2009-10 unit-level microdata (usual status ps+ss, age 15+, rural+urban, males): worker population ratio. Weighted by the survey's combined multiplier; household religion joined from the household-characteristics block. The run reproduces the published all-ages by-religion LFPR/WPR/UR of NSS Reports 568/552 cell-for-cell at printed precision. Pulled via the MoSPI NADA API; zip sha256 in sources/nada/eus-2009-10/. EUS and PLFS designs are not strictly comparable (the break is flagged on the first PLFS round). NSO unit-data rider: religion is self-reported and the survey is designed for labour-force estimation, so religion figures are indicative (no sub-state estimates). Year=2009 is the start of the Jul-2009 to Jun-2010 reference period.",false
wpr-15plus,national,IN,2009,christian,all,rural,59.9,population_age_15plus,14393,,,eus-microdata,sources/nada/eus-2009-10/Emp_Unemp_2009_2010_CSV.zip,canonicalize-wpr-15plus-v2.1.0-20260611T200615Z,"Computed from NSS 66th-round Employment & Unemployment Survey 2009-10 unit-level microdata (usual status ps+ss, age 15+, rural, both sexes): worker population ratio. Weighted by the survey's combined multiplier; household religion joined from the household-characteristics block. The run reproduces the published all-ages by-religion LFPR/WPR/UR of NSS Reports 568/552 cell-for-cell at printed precision. Pulled via the MoSPI NADA API; zip sha256 in sources/nada/eus-2009-10/. EUS and PLFS designs are not strictly comparable (the break is flagged on the first PLFS round). NSO unit-data rider: religion is self-reported and the survey is designed for labour-force estimation, so religion figures are indicative (no sub-state estimates). Year=2009 is the start of the Jul-2009 to Jun-2010 reference period.",false
wpr-15plus,national,IN,2009,christian,female,rural,43.3,population_age_15plus,7165,,,eus-microdata,sources/nada/eus-2009-10/Emp_Unemp_2009_2010_CSV.zip,canonicalize-wpr-15plus-v2.1.0-20260611T200615Z,"Computed from NSS 66th-round Employment & Unemployment Survey 2009-10 unit-level microdata (usual status ps+ss, age 15+, rural, females): worker population ratio. Weighted by the survey's combined multiplier; household religion joined from the household-characteristics block. The run reproduces the published all-ages by-religion LFPR/WPR/UR of NSS Reports 568/552 cell-for-cell at printed precision. Pulled via the MoSPI NADA API; zip sha256 in sources/nada/eus-2009-10/. EUS and PLFS designs are not strictly comparable (the break is flagged on the first PLFS round). NSO unit-data rider: religion is self-reported and the survey is designed for labour-force estimation, so religion figures are indicative (no sub-state estimates). Year=2009 is the start of the Jul-2009 to Jun-2010 reference period.",false
wpr-15plus,national,IN,2009,christian,male,rural,77.6,population_age_15plus,7228,,,eus-microdata,sources/nada/eus-2009-10/Emp_Unemp_2009_2010_CSV.zip,canonicalize-wpr-15plus-v2.1.0-20260611T200615Z,"Computed from NSS 66th-round Employment & Unemployment Survey 2009-10 unit-level microdata (usual status ps+ss, age 15+, rural, males): worker population ratio. Weighted by the survey's combined multiplier; household religion joined from the household-characteristics block. The run reproduces the published all-ages by-religion LFPR/WPR/UR of NSS Reports 568/552 cell-for-cell at printed precision. Pulled via the MoSPI NADA API; zip sha256 in sources/nada/eus-2009-10/. EUS and PLFS designs are not strictly comparable (the break is flagged on the first PLFS round). NSO unit-data rider: religion is self-reported and the survey is designed for labour-force estimation, so religion figures are indicative (no sub-state estimates). Year=2009 is the start of the Jul-2009 to Jun-2010 reference period.",false
wpr-15plus,national,IN,2009,christian,all,urban,49.6,population_age_15plus,8171,,,eus-microdata,sources/nada/eus-2009-10/Emp_Unemp_2009_2010_CSV.zip,canonicalize-wpr-15plus-v2.1.0-20260611T200615Z,"Computed from NSS 66th-round Employment & Unemployment Survey 2009-10 unit-level microdata (usual status ps+ss, age 15+, urban, both sexes): worker population ratio. Weighted by the survey's combined multiplier; household religion joined from the household-characteristics block. The run reproduces the published all-ages by-religion LFPR/WPR/UR of NSS Reports 568/552 cell-for-cell at printed precision. Pulled via the MoSPI NADA API; zip sha256 in sources/nada/eus-2009-10/. EUS and PLFS designs are not strictly comparable (the break is flagged on the first PLFS round). NSO unit-data rider: religion is self-reported and the survey is designed for labour-force estimation, so religion figures are indicative (no sub-state estimates). Year=2009 is the start of the Jul-2009 to Jun-2010 reference period.",false
wpr-15plus,national,IN,2009,christian,female,urban,28.2,population_age_15plus,4195,,,eus-microdata,sources/nada/eus-2009-10/Emp_Unemp_2009_2010_CSV.zip,canonicalize-wpr-15plus-v2.1.0-20260611T200615Z,"Computed from NSS 66th-round Employment & Unemployment Survey 2009-10 unit-level microdata (usual status ps+ss, age 15+, urban, females): worker population ratio. Weighted by the survey's combined multiplier; household religion joined from the household-characteristics block. The run reproduces the published all-ages by-religion LFPR/WPR/UR of NSS Reports 568/552 cell-for-cell at printed precision. Pulled via the MoSPI NADA API; zip sha256 in sources/nada/eus-2009-10/. EUS and PLFS designs are not strictly comparable (the break is flagged on the first PLFS round). NSO unit-data rider: religion is self-reported and the survey is designed for labour-force estimation, so religion figures are indicative (no sub-state estimates). Year=2009 is the start of the Jul-2009 to Jun-2010 reference period.",false
wpr-15plus,national,IN,2009,christian,male,urban,72.2,population_age_15plus,3976,,,eus-microdata,sources/nada/eus-2009-10/Emp_Unemp_2009_2010_CSV.zip,canonicalize-wpr-15plus-v2.1.0-20260611T200615Z,"Computed from NSS 66th-round Employment & Unemployment Survey 2009-10 unit-level microdata (usual status ps+ss, age 15+, urban, males): worker population ratio. Weighted by the survey's combined multiplier; household religion joined from the household-characteristics block. The run reproduces the published all-ages by-religion LFPR/WPR/UR of NSS Reports 568/552 cell-for-cell at printed precision. Pulled via the MoSPI NADA API; zip sha256 in sources/nada/eus-2009-10/. EUS and PLFS designs are not strictly comparable (the break is flagged on the first PLFS round). NSO unit-data rider: religion is self-reported and the survey is designed for labour-force estimation, so religion figures are indicative (no sub-state estimates). Year=2009 is the start of the Jul-2009 to Jun-2010 reference period.",false
wpr-15plus,national,IN,2009,hindu,all,all,56.8,population_age_15plus,244839,,,eus-microdata,sources/nada/eus-2009-10/Emp_Unemp_2009_2010_CSV.zip,canonicalize-wpr-15plus-v2.1.0-20260611T200615Z,"Computed from NSS 66th-round Employment & Unemployment Survey 2009-10 unit-level microdata (usual status ps+ss, age 15+, rural+urban, both sexes): worker population ratio. Weighted by the survey's combined multiplier; household religion joined from the household-characteristics block. The run reproduces the published all-ages by-religion LFPR/WPR/UR of NSS Reports 568/552 cell-for-cell at printed precision. Pulled via the MoSPI NADA API; zip sha256 in sources/nada/eus-2009-10/. EUS and PLFS designs are not strictly comparable (the break is flagged on the first PLFS round). NSO unit-data rider: religion is self-reported and the survey is designed for labour-force estimation, so religion figures are indicative (no sub-state estimates). Year=2009 is the start of the Jul-2009 to Jun-2010 reference period.",false
wpr-15plus,national,IN,2009,hindu,female,all,33.6,population_age_15plus,120480,,,eus-microdata,sources/nada/eus-2009-10/Emp_Unemp_2009_2010_CSV.zip,canonicalize-wpr-15plus-v2.1.0-20260611T200615Z,"Computed from NSS 66th-round Employment & Unemployment Survey 2009-10 unit-level microdata (usual status ps+ss, age 15+, rural+urban, females): worker population ratio. Weighted by the survey's combined multiplier; household religion joined from the household-characteristics block. The run reproduces the published all-ages by-religion LFPR/WPR/UR of NSS Reports 568/552 cell-for-cell at printed precision. Pulled via the MoSPI NADA API; zip sha256 in sources/nada/eus-2009-10/. EUS and PLFS designs are not strictly comparable (the break is flagged on the first PLFS round). NSO unit-data rider: religion is self-reported and the survey is designed for labour-force estimation, so religion figures are indicative (no sub-state estimates). Year=2009 is the start of the Jul-2009 to Jun-2010 reference period.",false
wpr-15plus,national,IN,2009,hindu,male,all,79.2,population_age_15plus,124359,,,eus-microdata,sources/nada/eus-2009-10/Emp_Unemp_2009_2010_CSV.zip,canonicalize-wpr-15plus-v2.1.0-20260611T200615Z,"Computed from NSS 66th-round Employment & Unemployment Survey 2009-10 unit-level microdata (usual status ps+ss, age 15+, rural+urban, males): worker population ratio. Weighted by the survey's combined multiplier; household religion joined from the household-characteristics block. The run reproduces the published all-ages by-religion LFPR/WPR/UR of NSS Reports 568/552 cell-for-cell at printed precision. Pulled via the MoSPI NADA API; zip sha256 in sources/nada/eus-2009-10/. EUS and PLFS designs are not strictly comparable (the break is flagged on the first PLFS round). NSO unit-data rider: religion is self-reported and the survey is designed for labour-force estimation, so religion figures are indicative (no sub-state estimates). Year=2009 is the start of the Jul-2009 to Jun-2010 reference period.",false
wpr-15plus,national,IN,2009,hindu,all,rural,60.5,population_age_15plus,148872,,,eus-microdata,sources/nada/eus-2009-10/Emp_Unemp_2009_2010_CSV.zip,canonicalize-wpr-15plus-v2.1.0-20260611T200615Z,"Computed from NSS 66th-round Employment & Unemployment Survey 2009-10 unit-level microdata (usual status ps+ss, age 15+, rural, both sexes): worker population ratio. Weighted by the survey's combined multiplier; household religion joined from the household-characteristics block. The run reproduces the published all-ages by-religion LFPR/WPR/UR of NSS Reports 568/552 cell-for-cell at printed precision. Pulled via the MoSPI NADA API; zip sha256 in sources/nada/eus-2009-10/. EUS and PLFS designs are not strictly comparable (the break is flagged on the first PLFS round). NSO unit-data rider: religion is self-reported and the survey is designed for labour-force estimation, so religion figures are indicative (no sub-state estimates). Year=2009 is the start of the Jul-2009 to Jun-2010 reference period.",false
wpr-15plus,national,IN,2009,hindu,female,rural,39.2,population_age_15plus,73800,,,eus-microdata,sources/nada/eus-2009-10/Emp_Unemp_2009_2010_CSV.zip,canonicalize-wpr-15plus-v2.1.0-20260611T200615Z,"Computed from NSS 66th-round Employment & Unemployment Survey 2009-10 unit-level microdata (usual status ps+ss, age 15+, rural, females): worker population ratio. Weighted by the survey's combined multiplier; household religion joined from the household-characteristics block. The run reproduces the published all-ages by-religion LFPR/WPR/UR of NSS Reports 568/552 cell-for-cell at printed precision. Pulled via the MoSPI NADA API; zip sha256 in sources/nada/eus-2009-10/. EUS and PLFS designs are not strictly comparable (the break is flagged on the first PLFS round). NSO unit-data rider: religion is self-reported and the survey is designed for labour-force estimation, so religion figures are indicative (no sub-state estimates). Year=2009 is the start of the Jul-2009 to Jun-2010 reference period.",false
wpr-15plus,national,IN,2009,hindu,male,rural,81.3,population_age_15plus,75072,,,eus-microdata,sources/nada/eus-2009-10/Emp_Unemp_2009_2010_CSV.zip,canonicalize-wpr-15plus-v2.1.0-20260611T200615Z,"Computed from NSS 66th-round Employment & Unemployment Survey 2009-10 unit-level microdata (usual status ps+ss, age 15+, rural, males): worker population ratio. Weighted by the survey's combined multiplier; household religion joined from the household-characteristics block. The run reproduces the published all-ages by-religion LFPR/WPR/UR of NSS Reports 568/552 cell-for-cell at printed precision. Pulled via the MoSPI NADA API; zip sha256 in sources/nada/eus-2009-10/. EUS and PLFS designs are not strictly comparable (the break is flagged on the first PLFS round). NSO unit-data rider: religion is self-reported and the survey is designed for labour-force estimation, so religion figures are indicative (no sub-state estimates). Year=2009 is the start of the Jul-2009 to Jun-2010 reference period.",false
wpr-15plus,national,IN,2009,hindu,all,urban,47.4,population_age_15plus,95967,,,eus-microdata,sources/nada/eus-2009-10/Emp_Unemp_2009_2010_CSV.zip,canonicalize-wpr-15plus-v2.1.0-20260611T200615Z,"Computed from NSS 66th-round Employment & Unemployment Survey 2009-10 unit-level microdata (usual status ps+ss, age 15+, urban, both sexes): worker population ratio. Weighted by the survey's combined multiplier; household religion joined from the household-characteristics block. The run reproduces the published all-ages by-religion LFPR/WPR/UR of NSS Reports 568/552 cell-for-cell at printed precision. Pulled via the MoSPI NADA API; zip sha256 in sources/nada/eus-2009-10/. EUS and PLFS designs are not strictly comparable (the break is flagged on the first PLFS round). NSO unit-data rider: religion is self-reported and the survey is designed for labour-force estimation, so religion figures are indicative (no sub-state estimates). Year=2009 is the start of the Jul-2009 to Jun-2010 reference period.",false
wpr-15plus,national,IN,2009,hindu,female,urban,18.7,population_age_15plus,46680,,,eus-microdata,sources/nada/eus-2009-10/Emp_Unemp_2009_2010_CSV.zip,canonicalize-wpr-15plus-v2.1.0-20260611T200615Z,"Computed from NSS 66th-round Employment & Unemployment Survey 2009-10 unit-level microdata (usual status ps+ss, age 15+, urban, females): worker population ratio. Weighted by the survey's combined multiplier; household religion joined from the household-characteristics block. The run reproduces the published all-ages by-religion LFPR/WPR/UR of NSS Reports 568/552 cell-for-cell at printed precision. Pulled via the MoSPI NADA API; zip sha256 in sources/nada/eus-2009-10/. EUS and PLFS designs are not strictly comparable (the break is flagged on the first PLFS round). NSO unit-data rider: religion is self-reported and the survey is designed for labour-force estimation, so religion figures are indicative (no sub-state estimates). Year=2009 is the start of the Jul-2009 to Jun-2010 reference period.",false
wpr-15plus,national,IN,2009,hindu,male,urban,73.8,population_age_15plus,49287,,,eus-microdata,sources/nada/eus-2009-10/Emp_Unemp_2009_2010_CSV.zip,canonicalize-wpr-15plus-v2.1.0-20260611T200615Z,"Computed from NSS 66th-round Employment & Unemployment Survey 2009-10 unit-level microdata (usual status ps+ss, age 15+, urban, males): worker population ratio. Weighted by the survey's combined multiplier; household religion joined from the household-characteristics block. The run reproduces the published all-ages by-religion LFPR/WPR/UR of NSS Reports 568/552 cell-for-cell at printed precision. Pulled via the MoSPI NADA API; zip sha256 in sources/nada/eus-2009-10/. EUS and PLFS designs are not strictly comparable (the break is flagged on the first PLFS round). NSO unit-data rider: religion is self-reported and the survey is designed for labour-force estimation, so religion figures are indicative (no sub-state estimates). Year=2009 is the start of the Jul-2009 to Jun-2010 reference period.",false
wpr-15plus,national,IN,2009,muslim,all,all,49.7,population_age_15plus,42336,,,eus-microdata,sources/nada/eus-2009-10/Emp_Unemp_2009_2010_CSV.zip,canonicalize-wpr-15plus-v2.1.0-20260611T200615Z,"Computed from NSS 66th-round Employment & Unemployment Survey 2009-10 unit-level microdata (usual status ps+ss, age 15+, rural+urban, both sexes): worker population ratio. Weighted by the survey's combined multiplier; household religion joined from the household-characteristics block. The run reproduces the published all-ages by-religion LFPR/WPR/UR of NSS Reports 568/552 cell-for-cell at printed precision. Pulled via the MoSPI NADA API; zip sha256 in sources/nada/eus-2009-10/. EUS and PLFS designs are not strictly comparable (the break is flagged on the first PLFS round). NSO unit-data rider: religion is self-reported and the survey is designed for labour-force estimation, so religion figures are indicative (no sub-state estimates). Year=2009 is the start of the Jul-2009 to Jun-2010 reference period.",false
wpr-15plus,national,IN,2009,muslim,female,all,18.3,population_age_15plus,20820,,,eus-microdata,sources/nada/eus-2009-10/Emp_Unemp_2009_2010_CSV.zip,canonicalize-wpr-15plus-v2.1.0-20260611T200615Z,"Computed from NSS 66th-round Employment & Unemployment Survey 2009-10 unit-level microdata (usual status ps+ss, age 15+, rural+urban, females): worker population ratio. Weighted by the survey's combined multiplier; household religion joined from the household-characteristics block. The run reproduces the published all-ages by-religion LFPR/WPR/UR of NSS Reports 568/552 cell-for-cell at printed precision. Pulled via the MoSPI NADA API; zip sha256 in sources/nada/eus-2009-10/. EUS and PLFS designs are not strictly comparable (the break is flagged on the first PLFS round). NSO unit-data rider: religion is self-reported and the survey is designed for labour-force estimation, so religion figures are indicative (no sub-state estimates). Year=2009 is the start of the Jul-2009 to Jun-2010 reference period.",false
wpr-15plus,national,IN,2009,muslim,male,all,79.8,population_age_15plus,21516,,,eus-microdata,sources/nada/eus-2009-10/Emp_Unemp_2009_2010_CSV.zip,canonicalize-wpr-15plus-v2.1.0-20260611T200615Z,"Computed from NSS 66th-round Employment & Unemployment Survey 2009-10 unit-level microdata (usual status ps+ss, age 15+, rural+urban, males): worker population ratio. Weighted by the survey's combined multiplier; household religion joined from the household-characteristics block. The run reproduces the published all-ages by-religion LFPR/WPR/UR of NSS Reports 568/552 cell-for-cell at printed precision. Pulled via the MoSPI NADA API; zip sha256 in sources/nada/eus-2009-10/. EUS and PLFS designs are not strictly comparable (the break is flagged on the first PLFS round). NSO unit-data rider: religion is self-reported and the survey is designed for labour-force estimation, so religion figures are indicative (no sub-state estimates). Year=2009 is the start of the Jul-2009 to Jun-2010 reference period.",false
wpr-15plus,national,IN,2009,muslim,all,rural,51.8,population_age_15plus,21842,,,eus-microdata,sources/nada/eus-2009-10/Emp_Unemp_2009_2010_CSV.zip,canonicalize-wpr-15plus-v2.1.0-20260611T200615Z,"Computed from NSS 66th-round Employment & Unemployment Survey 2009-10 unit-level microdata (usual status ps+ss, age 15+, rural, both sexes): worker population ratio. Weighted by the survey's combined multiplier; household religion joined from the household-characteristics block. The run reproduces the published all-ages by-religion LFPR/WPR/UR of NSS Reports 568/552 cell-for-cell at printed precision. Pulled via the MoSPI NADA API; zip sha256 in sources/nada/eus-2009-10/. EUS and PLFS designs are not strictly comparable (the break is flagged on the first PLFS round). NSO unit-data rider: religion is self-reported and the survey is designed for labour-force estimation, so religion figures are indicative (no sub-state estimates). Year=2009 is the start of the Jul-2009 to Jun-2010 reference period.",false
wpr-15plus,national,IN,2009,muslim,female,rural,20.9,population_age_15plus,10794,,,eus-microdata,sources/nada/eus-2009-10/Emp_Unemp_2009_2010_CSV.zip,canonicalize-wpr-15plus-v2.1.0-20260611T200615Z,"Computed from NSS 66th-round Employment & Unemployment Survey 2009-10 unit-level microdata (usual status ps+ss, age 15+, rural, females): worker population ratio. Weighted by the survey's combined multiplier; household religion joined from the household-characteristics block. The run reproduces the published all-ages by-religion LFPR/WPR/UR of NSS Reports 568/552 cell-for-cell at printed precision. Pulled via the MoSPI NADA API; zip sha256 in sources/nada/eus-2009-10/. EUS and PLFS designs are not strictly comparable (the break is flagged on the first PLFS round). NSO unit-data rider: religion is self-reported and the survey is designed for labour-force estimation, so religion figures are indicative (no sub-state estimates). Year=2009 is the start of the Jul-2009 to Jun-2010 reference period.",false
wpr-15plus,national,IN,2009,muslim,male,rural,81.7,population_age_15plus,11048,,,eus-microdata,sources/nada/eus-2009-10/Emp_Unemp_2009_2010_CSV.zip,canonicalize-wpr-15plus-v2.1.0-20260611T200615Z,"Computed from NSS 66th-round Employment & Unemployment Survey 2009-10 unit-level microdata (usual status ps+ss, age 15+, rural, males): worker population ratio. Weighted by the survey's combined multiplier; household religion joined from the household-characteristics block. The run reproduces the published all-ages by-religion LFPR/WPR/UR of NSS Reports 568/552 cell-for-cell at printed precision. Pulled via the MoSPI NADA API; zip sha256 in sources/nada/eus-2009-10/. EUS and PLFS designs are not strictly comparable (the break is flagged on the first PLFS round). NSO unit-data rider: religion is self-reported and the survey is designed for labour-force estimation, so religion figures are indicative (no sub-state estimates). Year=2009 is the start of the Jul-2009 to Jun-2010 reference period.",false
wpr-15plus,national,IN,2009,muslim,all,urban,45.9,population_age_15plus,20494,,,eus-microdata,sources/nada/eus-2009-10/Emp_Unemp_2009_2010_CSV.zip,canonicalize-wpr-15plus-v2.1.0-20260611T200615Z,"Computed from NSS 66th-round Employment & Unemployment Survey 2009-10 unit-level microdata (usual status ps+ss, age 15+, urban, both sexes): worker population ratio. Weighted by the survey's combined multiplier; household religion joined from the household-characteristics block. The run reproduces the published all-ages by-religion LFPR/WPR/UR of NSS Reports 568/552 cell-for-cell at printed precision. Pulled via the MoSPI NADA API; zip sha256 in sources/nada/eus-2009-10/. EUS and PLFS designs are not strictly comparable (the break is flagged on the first PLFS round). NSO unit-data rider: religion is self-reported and the survey is designed for labour-force estimation, so religion figures are indicative (no sub-state estimates). Year=2009 is the start of the Jul-2009 to Jun-2010 reference period.",false
wpr-15plus,national,IN,2009,muslim,female,urban,13.4,population_age_15plus,10026,,,eus-microdata,sources/nada/eus-2009-10/Emp_Unemp_2009_2010_CSV.zip,canonicalize-wpr-15plus-v2.1.0-20260611T200615Z,"Computed from NSS 66th-round Employment & Unemployment Survey 2009-10 unit-level microdata (usual status ps+ss, age 15+, urban, females): worker population ratio. Weighted by the survey's combined multiplier; household religion joined from the household-characteristics block. The run reproduces the published all-ages by-religion LFPR/WPR/UR of NSS Reports 568/552 cell-for-cell at printed precision. Pulled via the MoSPI NADA API; zip sha256 in sources/nada/eus-2009-10/. EUS and PLFS designs are not strictly comparable (the break is flagged on the first PLFS round). NSO unit-data rider: religion is self-reported and the survey is designed for labour-force estimation, so religion figures are indicative (no sub-state estimates). Year=2009 is the start of the Jul-2009 to Jun-2010 reference period.",false
wpr-15plus,national,IN,2009,muslim,male,urban,76.3,population_age_15plus,10468,,,eus-microdata,sources/nada/eus-2009-10/Emp_Unemp_2009_2010_CSV.zip,canonicalize-wpr-15plus-v2.1.0-20260611T200615Z,"Computed from NSS 66th-round Employment & Unemployment Survey 2009-10 unit-level microdata (usual status ps+ss, age 15+, urban, males): worker population ratio. Weighted by the survey's combined multiplier; household religion joined from the household-characteristics block. The run reproduces the published all-ages by-religion LFPR/WPR/UR of NSS Reports 568/552 cell-for-cell at printed precision. Pulled via the MoSPI NADA API; zip sha256 in sources/nada/eus-2009-10/. EUS and PLFS designs are not strictly comparable (the break is flagged on the first PLFS round). NSO unit-data rider: religion is self-reported and the survey is designed for labour-force estimation, so religion figures are indicative (no sub-state estimates). Year=2009 is the start of the Jul-2009 to Jun-2010 reference period.",false
wpr-15plus,national,IN,2009,sikh,all,all,52.6,population_age_15plus,7782,,,eus-microdata,sources/nada/eus-2009-10/Emp_Unemp_2009_2010_CSV.zip,canonicalize-wpr-15plus-v2.1.0-20260611T200615Z,"Computed from NSS 66th-round Employment & Unemployment Survey 2009-10 unit-level microdata (usual status ps+ss, age 15+, rural+urban, both sexes): worker population ratio. Weighted by the survey's combined multiplier; household religion joined from the household-characteristics block. The run reproduces the published all-ages by-religion LFPR/WPR/UR of NSS Reports 568/552 cell-for-cell at printed precision. Pulled via the MoSPI NADA API; zip sha256 in sources/nada/eus-2009-10/. EUS and PLFS designs are not strictly comparable (the break is flagged on the first PLFS round). NSO unit-data rider: religion is self-reported and the survey is designed for labour-force estimation, so religion figures are indicative (no sub-state estimates). Year=2009 is the start of the Jul-2009 to Jun-2010 reference period.",false
wpr-15plus,national,IN,2009,sikh,female,all,30.3,population_age_15plus,3817,,,eus-microdata,sources/nada/eus-2009-10/Emp_Unemp_2009_2010_CSV.zip,canonicalize-wpr-15plus-v2.1.0-20260611T200615Z,"Computed from NSS 66th-round Employment & Unemployment Survey 2009-10 unit-level microdata (usual status ps+ss, age 15+, rural+urban, females): worker population ratio. Weighted by the survey's combined multiplier; household religion joined from the household-characteristics block. The run reproduces the published all-ages by-religion LFPR/WPR/UR of NSS Reports 568/552 cell-for-cell at printed precision. Pulled via the MoSPI NADA API; zip sha256 in sources/nada/eus-2009-10/. EUS and PLFS designs are not strictly comparable (the break is flagged on the first PLFS round). NSO unit-data rider: religion is self-reported and the survey is designed for labour-force estimation, so religion figures are indicative (no sub-state estimates). Year=2009 is the start of the Jul-2009 to Jun-2010 reference period.",false
wpr-15plus,national,IN,2009,sikh,male,all,74.3,population_age_15plus,3965,,,eus-microdata,sources/nada/eus-2009-10/Emp_Unemp_2009_2010_CSV.zip,canonicalize-wpr-15plus-v2.1.0-20260611T200615Z,"Computed from NSS 66th-round Employment & Unemployment Survey 2009-10 unit-level microdata (usual status ps+ss, age 15+, rural+urban, males): worker population ratio. Weighted by the survey's combined multiplier; household religion joined from the household-characteristics block. The run reproduces the published all-ages by-religion LFPR/WPR/UR of NSS Reports 568/552 cell-for-cell at printed precision. Pulled via the MoSPI NADA API; zip sha256 in sources/nada/eus-2009-10/. EUS and PLFS designs are not strictly comparable (the break is flagged on the first PLFS round). NSO unit-data rider: religion is self-reported and the survey is designed for labour-force estimation, so religion figures are indicative (no sub-state estimates). Year=2009 is the start of the Jul-2009 to Jun-2010 reference period.",false
wpr-15plus,national,IN,2009,sikh,all,rural,54.9,population_age_15plus,5111,,,eus-microdata,sources/nada/eus-2009-10/Emp_Unemp_2009_2010_CSV.zip,canonicalize-wpr-15plus-v2.1.0-20260611T200615Z,"Computed from NSS 66th-round Employment & Unemployment Survey 2009-10 unit-level microdata (usual status ps+ss, age 15+, rural, both sexes): worker population ratio. Weighted by the survey's combined multiplier; household religion joined from the household-characteristics block. The run reproduces the published all-ages by-religion LFPR/WPR/UR of NSS Reports 568/552 cell-for-cell at printed precision. Pulled via the MoSPI NADA API; zip sha256 in sources/nada/eus-2009-10/. EUS and PLFS designs are not strictly comparable (the break is flagged on the first PLFS round). NSO unit-data rider: religion is self-reported and the survey is designed for labour-force estimation, so religion figures are indicative (no sub-state estimates). Year=2009 is the start of the Jul-2009 to Jun-2010 reference period.",false
wpr-15plus,national,IN,2009,sikh,female,rural,34.1,population_age_15plus,2518,,,eus-microdata,sources/nada/eus-2009-10/Emp_Unemp_2009_2010_CSV.zip,canonicalize-wpr-15plus-v2.1.0-20260611T200615Z,"Computed from NSS 66th-round Employment & Unemployment Survey 2009-10 unit-level microdata (usual status ps+ss, age 15+, rural, females): worker population ratio. Weighted by the survey's combined multiplier; household religion joined from the household-characteristics block. The run reproduces the published all-ages by-religion LFPR/WPR/UR of NSS Reports 568/552 cell-for-cell at printed precision. Pulled via the MoSPI NADA API; zip sha256 in sources/nada/eus-2009-10/. EUS and PLFS designs are not strictly comparable (the break is flagged on the first PLFS round). NSO unit-data rider: religion is self-reported and the survey is designed for labour-force estimation, so religion figures are indicative (no sub-state estimates). Year=2009 is the start of the Jul-2009 to Jun-2010 reference period.",false
wpr-15plus,national,IN,2009,sikh,male,rural,75.5,population_age_15plus,2593,,,eus-microdata,sources/nada/eus-2009-10/Emp_Unemp_2009_2010_CSV.zip,canonicalize-wpr-15plus-v2.1.0-20260611T200615Z,"Computed from NSS 66th-round Employment & Unemployment Survey 2009-10 unit-level microdata (usual status ps+ss, age 15+, rural, males): worker population ratio. Weighted by the survey's combined multiplier; household religion joined from the household-characteristics block. The run reproduces the published all-ages by-religion LFPR/WPR/UR of NSS Reports 568/552 cell-for-cell at printed precision. Pulled via the MoSPI NADA API; zip sha256 in sources/nada/eus-2009-10/. EUS and PLFS designs are not strictly comparable (the break is flagged on the first PLFS round). NSO unit-data rider: religion is self-reported and the survey is designed for labour-force estimation, so religion figures are indicative (no sub-state estimates). Year=2009 is the start of the Jul-2009 to Jun-2010 reference period.",false
wpr-15plus,national,IN,2009,sikh,all,urban,45.5,population_age_15plus,2671,,,eus-microdata,sources/nada/eus-2009-10/Emp_Unemp_2009_2010_CSV.zip,canonicalize-wpr-15plus-v2.1.0-20260611T200615Z,"Computed from NSS 66th-round Employment & Unemployment Survey 2009-10 unit-level microdata (usual status ps+ss, age 15+, urban, both sexes): worker population ratio. Weighted by the survey's combined multiplier; household religion joined from the household-characteristics block. The run reproduces the published all-ages by-religion LFPR/WPR/UR of NSS Reports 568/552 cell-for-cell at printed precision. Pulled via the MoSPI NADA API; zip sha256 in sources/nada/eus-2009-10/. EUS and PLFS designs are not strictly comparable (the break is flagged on the first PLFS round). NSO unit-data rider: religion is self-reported and the survey is designed for labour-force estimation, so religion figures are indicative (no sub-state estimates). Year=2009 is the start of the Jul-2009 to Jun-2010 reference period.",false
wpr-15plus,national,IN,2009,sikh,female,urban,18.8,population_age_15plus,1299,,,eus-microdata,sources/nada/eus-2009-10/Emp_Unemp_2009_2010_CSV.zip,canonicalize-wpr-15plus-v2.1.0-20260611T200615Z,"Computed from NSS 66th-round Employment & Unemployment Survey 2009-10 unit-level microdata (usual status ps+ss, age 15+, urban, females): worker population ratio. Weighted by the survey's combined multiplier; household religion joined from the household-characteristics block. The run reproduces the published all-ages by-religion LFPR/WPR/UR of NSS Reports 568/552 cell-for-cell at printed precision. Pulled via the MoSPI NADA API; zip sha256 in sources/nada/eus-2009-10/. EUS and PLFS designs are not strictly comparable (the break is flagged on the first PLFS round). NSO unit-data rider: religion is self-reported and the survey is designed for labour-force estimation, so religion figures are indicative (no sub-state estimates). Year=2009 is the start of the Jul-2009 to Jun-2010 reference period.",false
wpr-15plus,national,IN,2009,sikh,male,urban,70.6,population_age_15plus,1372,,,eus-microdata,sources/nada/eus-2009-10/Emp_Unemp_2009_2010_CSV.zip,canonicalize-wpr-15plus-v2.1.0-20260611T200615Z,"Computed from NSS 66th-round Employment & Unemployment Survey 2009-10 unit-level microdata (usual status ps+ss, age 15+, urban, males): worker population ratio. Weighted by the survey's combined multiplier; household religion joined from the household-characteristics block. The run reproduces the published all-ages by-religion LFPR/WPR/UR of NSS Reports 568/552 cell-for-cell at printed precision. Pulled via the MoSPI NADA API; zip sha256 in sources/nada/eus-2009-10/. EUS and PLFS designs are not strictly comparable (the break is flagged on the first PLFS round). NSO unit-data rider: religion is self-reported and the survey is designed for labour-force estimation, so religion figures are indicative (no sub-state estimates). Year=2009 is the start of the Jul-2009 to Jun-2010 reference period.",false
wpr-15plus,national,IN,2011,all,all,all,54.7,population_age_15plus,326809,,,eus-microdata,sources/nada/eus-2011-12/U_M_2011_2012_CSV.zip,canonicalize-wpr-15plus-v2.1.0-20260611T200615Z,"Computed from NSS 68th-round Employment & Unemployment Survey 2011-12 unit-level microdata (usual status ps+ss, age 15+, rural+urban, both sexes): worker population ratio. Weighted by the survey's combined multiplier; household religion joined from the household-characteristics block. The run reproduces the published all-ages by-religion LFPR/WPR/UR of NSS Reports 568/552 cell-for-cell at printed precision. Pulled via the MoSPI NADA API; zip sha256 in sources/nada/eus-2011-12/. EUS and PLFS designs are not strictly comparable (the break is flagged on the first PLFS round). NSO unit-data rider: religion is self-reported and the survey is designed for labour-force estimation, so religion figures are indicative (no sub-state estimates). Year=2011 is the start of the Jul-2011 to Jun-2012 reference period.",false
wpr-15plus,national,IN,2011,all,female,all,30.5,population_age_15plus,161867,,,eus-microdata,sources/nada/eus-2011-12/U_M_2011_2012_CSV.zip,canonicalize-wpr-15plus-v2.1.0-20260611T200615Z,"Computed from NSS 68th-round Employment & Unemployment Survey 2011-12 unit-level microdata (usual status ps+ss, age 15+, rural+urban, females): worker population ratio. Weighted by the survey's combined multiplier; household religion joined from the household-characteristics block. The run reproduces the published all-ages by-religion LFPR/WPR/UR of NSS Reports 568/552 cell-for-cell at printed precision. Pulled via the MoSPI NADA API; zip sha256 in sources/nada/eus-2011-12/. EUS and PLFS designs are not strictly comparable (the break is flagged on the first PLFS round). NSO unit-data rider: religion is self-reported and the survey is designed for labour-force estimation, so religion figures are indicative (no sub-state estimates). Year=2011 is the start of the Jul-2011 to Jun-2012 reference period.",false
wpr-15plus,national,IN,2011,all,male,all,78.2,population_age_15plus,164942,,,eus-microdata,sources/nada/eus-2011-12/U_M_2011_2012_CSV.zip,canonicalize-wpr-15plus-v2.1.0-20260611T200615Z,"Computed from NSS 68th-round Employment & Unemployment Survey 2011-12 unit-level microdata (usual status ps+ss, age 15+, rural+urban, males): worker population ratio. Weighted by the survey's combined multiplier; household religion joined from the household-characteristics block. The run reproduces the published all-ages by-religion LFPR/WPR/UR of NSS Reports 568/552 cell-for-cell at printed precision. Pulled via the MoSPI NADA API; zip sha256 in sources/nada/eus-2011-12/. EUS and PLFS designs are not strictly comparable (the break is flagged on the first PLFS round). NSO unit-data rider: religion is self-reported and the survey is designed for labour-force estimation, so religion figures are indicative (no sub-state estimates). Year=2011 is the start of the Jul-2011 to Jun-2012 reference period.",false
wpr-15plus,national,IN,2011,all,all,rural,57.8,population_age_15plus,197161,,,eus-microdata,sources/nada/eus-2011-12/U_M_2011_2012_CSV.zip,canonicalize-wpr-15plus-v2.1.0-20260611T200615Z,"Computed from NSS 68th-round Employment & Unemployment Survey 2011-12 unit-level microdata (usual status ps+ss, age 15+, rural, both sexes): worker population ratio. Weighted by the survey's combined multiplier; household religion joined from the household-characteristics block. The run reproduces the published all-ages by-religion LFPR/WPR/UR of NSS Reports 568/552 cell-for-cell at printed precision. Pulled via the MoSPI NADA API; zip sha256 in sources/nada/eus-2011-12/. EUS and PLFS designs are not strictly comparable (the break is flagged on the first PLFS round). NSO unit-data rider: religion is self-reported and the survey is designed for labour-force estimation, so religion figures are indicative (no sub-state estimates). Year=2011 is the start of the Jul-2011 to Jun-2012 reference period.",false
wpr-15plus,national,IN,2011,all,female,rural,35.2,population_age_15plus,98121,,,eus-microdata,sources/nada/eus-2011-12/U_M_2011_2012_CSV.zip,canonicalize-wpr-15plus-v2.1.0-20260611T200615Z,"Computed from NSS 68th-round Employment & Unemployment Survey 2011-12 unit-level microdata (usual status ps+ss, age 15+, rural, females): worker population ratio. Weighted by the survey's combined multiplier; household religion joined from the household-characteristics block. The run reproduces the published all-ages by-religion LFPR/WPR/UR of NSS Reports 568/552 cell-for-cell at printed precision. Pulled via the MoSPI NADA API; zip sha256 in sources/nada/eus-2011-12/. EUS and PLFS designs are not strictly comparable (the break is flagged on the first PLFS round). NSO unit-data rider: religion is self-reported and the survey is designed for labour-force estimation, so religion figures are indicative (no sub-state estimates). Year=2011 is the start of the Jul-2011 to Jun-2012 reference period.",false
wpr-15plus,national,IN,2011,all,male,rural,80.0,population_age_15plus,99040,,,eus-microdata,sources/nada/eus-2011-12/U_M_2011_2012_CSV.zip,canonicalize-wpr-15plus-v2.1.0-20260611T200615Z,"Computed from NSS 68th-round Employment & Unemployment Survey 2011-12 unit-level microdata (usual status ps+ss, age 15+, rural, males): worker population ratio. Weighted by the survey's combined multiplier; household religion joined from the household-characteristics block. The run reproduces the published all-ages by-religion LFPR/WPR/UR of NSS Reports 568/552 cell-for-cell at printed precision. Pulled via the MoSPI NADA API; zip sha256 in sources/nada/eus-2011-12/. EUS and PLFS designs are not strictly comparable (the break is flagged on the first PLFS round). NSO unit-data rider: religion is self-reported and the survey is designed for labour-force estimation, so religion figures are indicative (no sub-state estimates). Year=2011 is the start of the Jul-2011 to Jun-2012 reference period.",false
wpr-15plus,national,IN,2011,all,all,urban,47.6,population_age_15plus,129648,,,eus-microdata,sources/nada/eus-2011-12/U_M_2011_2012_CSV.zip,canonicalize-wpr-15plus-v2.1.0-20260611T200615Z,"Computed from NSS 68th-round Employment & Unemployment Survey 2011-12 unit-level microdata (usual status ps+ss, age 15+, urban, both sexes): worker population ratio. Weighted by the survey's combined multiplier; household religion joined from the household-characteristics block. The run reproduces the published all-ages by-religion LFPR/WPR/UR of NSS Reports 568/552 cell-for-cell at printed precision. Pulled via the MoSPI NADA API; zip sha256 in sources/nada/eus-2011-12/. EUS and PLFS designs are not strictly comparable (the break is flagged on the first PLFS round). NSO unit-data rider: religion is self-reported and the survey is designed for labour-force estimation, so religion figures are indicative (no sub-state estimates). Year=2011 is the start of the Jul-2011 to Jun-2012 reference period.",false
wpr-15plus,national,IN,2011,all,female,urban,19.5,population_age_15plus,63746,,,eus-microdata,sources/nada/eus-2011-12/U_M_2011_2012_CSV.zip,canonicalize-wpr-15plus-v2.1.0-20260611T200615Z,"Computed from NSS 68th-round Employment & Unemployment Survey 2011-12 unit-level microdata (usual status ps+ss, age 15+, urban, females): worker population ratio. Weighted by the survey's combined multiplier; household religion joined from the household-characteristics block. The run reproduces the published all-ages by-religion LFPR/WPR/UR of NSS Reports 568/552 cell-for-cell at printed precision. Pulled via the MoSPI NADA API; zip sha256 in sources/nada/eus-2011-12/. EUS and PLFS designs are not strictly comparable (the break is flagged on the first PLFS round). NSO unit-data rider: religion is self-reported and the survey is designed for labour-force estimation, so religion figures are indicative (no sub-state estimates). Year=2011 is the start of the Jul-2011 to Jun-2012 reference period.",false
wpr-15plus,national,IN,2011,all,male,urban,74.1,population_age_15plus,65902,,,eus-microdata,sources/nada/eus-2011-12/U_M_2011_2012_CSV.zip,canonicalize-wpr-15plus-v2.1.0-20260611T200615Z,"Computed from NSS 68th-round Employment & Unemployment Survey 2011-12 unit-level microdata (usual status ps+ss, age 15+, urban, males): worker population ratio. Weighted by the survey's combined multiplier; household religion joined from the household-characteristics block. The run reproduces the published all-ages by-religion LFPR/WPR/UR of NSS Reports 568/552 cell-for-cell at printed precision. Pulled via the MoSPI NADA API; zip sha256 in sources/nada/eus-2011-12/. EUS and PLFS designs are not strictly comparable (the break is flagged on the first PLFS round). NSO unit-data rider: religion is self-reported and the survey is designed for labour-force estimation, so religion figures are indicative (no sub-state estimates). Year=2011 is the start of the Jul-2011 to Jun-2012 reference period.",false
wpr-15plus,national,IN,2011,christian,all,all,54.8,population_age_15plus,22428,,,eus-microdata,sources/nada/eus-2011-12/U_M_2011_2012_CSV.zip,canonicalize-wpr-15plus-v2.1.0-20260611T200615Z,"Computed from NSS 68th-round Employment & Unemployment Survey 2011-12 unit-level microdata (usual status ps+ss, age 15+, rural+urban, both sexes): worker population ratio. Weighted by the survey's combined multiplier; household religion joined from the household-characteristics block. The run reproduces the published all-ages by-religion LFPR/WPR/UR of NSS Reports 568/552 cell-for-cell at printed precision. Pulled via the MoSPI NADA API; zip sha256 in sources/nada/eus-2011-12/. EUS and PLFS designs are not strictly comparable (the break is flagged on the first PLFS round). NSO unit-data rider: religion is self-reported and the survey is designed for labour-force estimation, so religion figures are indicative (no sub-state estimates). Year=2011 is the start of the Jul-2011 to Jun-2012 reference period.",false
wpr-15plus,national,IN,2011,christian,female,all,36.0,population_age_15plus,11396,,,eus-microdata,sources/nada/eus-2011-12/U_M_2011_2012_CSV.zip,canonicalize-wpr-15plus-v2.1.0-20260611T200615Z,"Computed from NSS 68th-round Employment & Unemployment Survey 2011-12 unit-level microdata (usual status ps+ss, age 15+, rural+urban, females): worker population ratio. Weighted by the survey's combined multiplier; household religion joined from the household-characteristics block. The run reproduces the published all-ages by-religion LFPR/WPR/UR of NSS Reports 568/552 cell-for-cell at printed precision. Pulled via the MoSPI NADA API; zip sha256 in sources/nada/eus-2011-12/. EUS and PLFS designs are not strictly comparable (the break is flagged on the first PLFS round). NSO unit-data rider: religion is self-reported and the survey is designed for labour-force estimation, so religion figures are indicative (no sub-state estimates). Year=2011 is the start of the Jul-2011 to Jun-2012 reference period.",false
wpr-15plus,national,IN,2011,christian,male,all,75.0,population_age_15plus,11032,,,eus-microdata,sources/nada/eus-2011-12/U_M_2011_2012_CSV.zip,canonicalize-wpr-15plus-v2.1.0-20260611T200615Z,"Computed from NSS 68th-round Employment & Unemployment Survey 2011-12 unit-level microdata (usual status ps+ss, age 15+, rural+urban, males): worker population ratio. Weighted by the survey's combined multiplier; household religion joined from the household-characteristics block. The run reproduces the published all-ages by-religion LFPR/WPR/UR of NSS Reports 568/552 cell-for-cell at printed precision. Pulled via the MoSPI NADA API; zip sha256 in sources/nada/eus-2011-12/. EUS and PLFS designs are not strictly comparable (the break is flagged on the first PLFS round). NSO unit-data rider: religion is self-reported and the survey is designed for labour-force estimation, so religion figures are indicative (no sub-state estimates). Year=2011 is the start of the Jul-2011 to Jun-2012 reference period.",false
wpr-15plus,national,IN,2011,christian,all,rural,57.5,population_age_15plus,13986,,,eus-microdata,sources/nada/eus-2011-12/U_M_2011_2012_CSV.zip,canonicalize-wpr-15plus-v2.1.0-20260611T200615Z,"Computed from NSS 68th-round Employment & Unemployment Survey 2011-12 unit-level microdata (usual status ps+ss, age 15+, rural, both sexes): worker population ratio. Weighted by the survey's combined multiplier; household religion joined from the household-characteristics block. The run reproduces the published all-ages by-religion LFPR/WPR/UR of NSS Reports 568/552 cell-for-cell at printed precision. Pulled via the MoSPI NADA API; zip sha256 in sources/nada/eus-2011-12/. EUS and PLFS designs are not strictly comparable (the break is flagged on the first PLFS round). NSO unit-data rider: religion is self-reported and the survey is designed for labour-force estimation, so religion figures are indicative (no sub-state estimates). Year=2011 is the start of the Jul-2011 to Jun-2012 reference period.",false
wpr-15plus,national,IN,2011,christian,female,rural,38.7,population_age_15plus,7041,,,eus-microdata,sources/nada/eus-2011-12/U_M_2011_2012_CSV.zip,canonicalize-wpr-15plus-v2.1.0-20260611T200615Z,"Computed from NSS 68th-round Employment & Unemployment Survey 2011-12 unit-level microdata (usual status ps+ss, age 15+, rural, females): worker population ratio. Weighted by the survey's combined multiplier; household religion joined from the household-characteristics block. The run reproduces the published all-ages by-religion LFPR/WPR/UR of NSS Reports 568/552 cell-for-cell at printed precision. Pulled via the MoSPI NADA API; zip sha256 in sources/nada/eus-2011-12/. EUS and PLFS designs are not strictly comparable (the break is flagged on the first PLFS round). NSO unit-data rider: religion is self-reported and the survey is designed for labour-force estimation, so religion figures are indicative (no sub-state estimates). Year=2011 is the start of the Jul-2011 to Jun-2012 reference period.",false
wpr-15plus,national,IN,2011,christian,male,rural,77.5,population_age_15plus,6945,,,eus-microdata,sources/nada/eus-2011-12/U_M_2011_2012_CSV.zip,canonicalize-wpr-15plus-v2.1.0-20260611T200615Z,"Computed from NSS 68th-round Employment & Unemployment Survey 2011-12 unit-level microdata (usual status ps+ss, age 15+, rural, males): worker population ratio. Weighted by the survey's combined multiplier; household religion joined from the household-characteristics block. The run reproduces the published all-ages by-religion LFPR/WPR/UR of NSS Reports 568/552 cell-for-cell at printed precision. Pulled via the MoSPI NADA API; zip sha256 in sources/nada/eus-2011-12/. EUS and PLFS designs are not strictly comparable (the break is flagged on the first PLFS round). NSO unit-data rider: religion is self-reported and the survey is designed for labour-force estimation, so religion figures are indicative (no sub-state estimates). Year=2011 is the start of the Jul-2011 to Jun-2012 reference period.",false
wpr-15plus,national,IN,2011,christian,all,urban,50.1,population_age_15plus,8442,,,eus-microdata,sources/nada/eus-2011-12/U_M_2011_2012_CSV.zip,canonicalize-wpr-15plus-v2.1.0-20260611T200615Z,"Computed from NSS 68th-round Employment & Unemployment Survey 2011-12 unit-level microdata (usual status ps+ss, age 15+, urban, both sexes): worker population ratio. Weighted by the survey's combined multiplier; household religion joined from the household-characteristics block. The run reproduces the published all-ages by-religion LFPR/WPR/UR of NSS Reports 568/552 cell-for-cell at printed precision. Pulled via the MoSPI NADA API; zip sha256 in sources/nada/eus-2011-12/. EUS and PLFS designs are not strictly comparable (the break is flagged on the first PLFS round). NSO unit-data rider: religion is self-reported and the survey is designed for labour-force estimation, so religion figures are indicative (no sub-state estimates). Year=2011 is the start of the Jul-2011 to Jun-2012 reference period.",false
wpr-15plus,national,IN,2011,christian,female,urban,31.6,population_age_15plus,4355,,,eus-microdata,sources/nada/eus-2011-12/U_M_2011_2012_CSV.zip,canonicalize-wpr-15plus-v2.1.0-20260611T200615Z,"Computed from NSS 68th-round Employment & Unemployment Survey 2011-12 unit-level microdata (usual status ps+ss, age 15+, urban, females): worker population ratio. Weighted by the survey's combined multiplier; household religion joined from the household-characteristics block. The run reproduces the published all-ages by-religion LFPR/WPR/UR of NSS Reports 568/552 cell-for-cell at printed precision. Pulled via the MoSPI NADA API; zip sha256 in sources/nada/eus-2011-12/. EUS and PLFS designs are not strictly comparable (the break is flagged on the first PLFS round). NSO unit-data rider: religion is self-reported and the survey is designed for labour-force estimation, so religion figures are indicative (no sub-state estimates). Year=2011 is the start of the Jul-2011 to Jun-2012 reference period.",false
wpr-15plus,national,IN,2011,christian,male,urban,70.7,population_age_15plus,4087,,,eus-microdata,sources/nada/eus-2011-12/U_M_2011_2012_CSV.zip,canonicalize-wpr-15plus-v2.1.0-20260611T200615Z,"Computed from NSS 68th-round Employment & Unemployment Survey 2011-12 unit-level microdata (usual status ps+ss, age 15+, urban, males): worker population ratio. Weighted by the survey's combined multiplier; household religion joined from the household-characteristics block. The run reproduces the published all-ages by-religion LFPR/WPR/UR of NSS Reports 568/552 cell-for-cell at printed precision. Pulled via the MoSPI NADA API; zip sha256 in sources/nada/eus-2011-12/. EUS and PLFS designs are not strictly comparable (the break is flagged on the first PLFS round). NSO unit-data rider: religion is self-reported and the survey is designed for labour-force estimation, so religion figures are indicative (no sub-state estimates). Year=2011 is the start of the Jul-2011 to Jun-2012 reference period.",false
wpr-15plus,national,IN,2011,hindu,all,all,55.5,population_age_15plus,243325,,,eus-microdata,sources/nada/eus-2011-12/U_M_2011_2012_CSV.zip,canonicalize-wpr-15plus-v2.1.0-20260611T200615Z,"Computed from NSS 68th-round Employment & Unemployment Survey 2011-12 unit-level microdata (usual status ps+ss, age 15+, rural+urban, both sexes): worker population ratio. Weighted by the survey's combined multiplier; household religion joined from the household-characteristics block. The run reproduces the published all-ages by-religion LFPR/WPR/UR of NSS Reports 568/552 cell-for-cell at printed precision. Pulled via the MoSPI NADA API; zip sha256 in sources/nada/eus-2011-12/. EUS and PLFS designs are not strictly comparable (the break is flagged on the first PLFS round). NSO unit-data rider: religion is self-reported and the survey is designed for labour-force estimation, so religion figures are indicative (no sub-state estimates). Year=2011 is the start of the Jul-2011 to Jun-2012 reference period.",false
wpr-15plus,national,IN,2011,hindu,female,all,32.0,population_age_15plus,120234,,,eus-microdata,sources/nada/eus-2011-12/U_M_2011_2012_CSV.zip,canonicalize-wpr-15plus-v2.1.0-20260611T200615Z,"Computed from NSS 68th-round Employment & Unemployment Survey 2011-12 unit-level microdata (usual status ps+ss, age 15+, rural+urban, females): worker population ratio. Weighted by the survey's combined multiplier; household religion joined from the household-characteristics block. The run reproduces the published all-ages by-religion LFPR/WPR/UR of NSS Reports 568/552 cell-for-cell at printed precision. Pulled via the MoSPI NADA API; zip sha256 in sources/nada/eus-2011-12/. EUS and PLFS designs are not strictly comparable (the break is flagged on the first PLFS round). NSO unit-data rider: religion is self-reported and the survey is designed for labour-force estimation, so religion figures are indicative (no sub-state estimates). Year=2011 is the start of the Jul-2011 to Jun-2012 reference period.",false
wpr-15plus,national,IN,2011,hindu,male,all,78.2,population_age_15plus,123091,,,eus-microdata,sources/nada/eus-2011-12/U_M_2011_2012_CSV.zip,canonicalize-wpr-15plus-v2.1.0-20260611T200615Z,"Computed from NSS 68th-round Employment & Unemployment Survey 2011-12 unit-level microdata (usual status ps+ss, age 15+, rural+urban, males): worker population ratio. Weighted by the survey's combined multiplier; household religion joined from the household-characteristics block. The run reproduces the published all-ages by-religion LFPR/WPR/UR of NSS Reports 568/552 cell-for-cell at printed precision. Pulled via the MoSPI NADA API; zip sha256 in sources/nada/eus-2011-12/. EUS and PLFS designs are not strictly comparable (the break is flagged on the first PLFS round). NSO unit-data rider: religion is self-reported and the survey is designed for labour-force estimation, so religion figures are indicative (no sub-state estimates). Year=2011 is the start of the Jul-2011 to Jun-2012 reference period.",false
wpr-15plus,national,IN,2011,hindu,all,rural,58.6,population_age_15plus,148851,,,eus-microdata,sources/nada/eus-2011-12/U_M_2011_2012_CSV.zip,canonicalize-wpr-15plus-v2.1.0-20260611T200615Z,"Computed from NSS 68th-round Employment & Unemployment Survey 2011-12 unit-level microdata (usual status ps+ss, age 15+, rural, both sexes): worker population ratio. Weighted by the survey's combined multiplier; household religion joined from the household-characteristics block. The run reproduces the published all-ages by-religion LFPR/WPR/UR of NSS Reports 568/552 cell-for-cell at printed precision. Pulled via the MoSPI NADA API; zip sha256 in sources/nada/eus-2011-12/. EUS and PLFS designs are not strictly comparable (the break is flagged on the first PLFS round). NSO unit-data rider: religion is self-reported and the survey is designed for labour-force estimation, so religion figures are indicative (no sub-state estimates). Year=2011 is the start of the Jul-2011 to Jun-2012 reference period.",false
wpr-15plus,national,IN,2011,hindu,female,rural,36.7,population_age_15plus,74066,,,eus-microdata,sources/nada/eus-2011-12/U_M_2011_2012_CSV.zip,canonicalize-wpr-15plus-v2.1.0-20260611T200615Z,"Computed from NSS 68th-round Employment & Unemployment Survey 2011-12 unit-level microdata (usual status ps+ss, age 15+, rural, females): worker population ratio. Weighted by the survey's combined multiplier; household religion joined from the household-characteristics block. The run reproduces the published all-ages by-religion LFPR/WPR/UR of NSS Reports 568/552 cell-for-cell at printed precision. Pulled via the MoSPI NADA API; zip sha256 in sources/nada/eus-2011-12/. EUS and PLFS designs are not strictly comparable (the break is flagged on the first PLFS round). NSO unit-data rider: religion is self-reported and the survey is designed for labour-force estimation, so religion figures are indicative (no sub-state estimates). Year=2011 is the start of the Jul-2011 to Jun-2012 reference period.",false
wpr-15plus,national,IN,2011,hindu,male,rural,80.0,population_age_15plus,74785,,,eus-microdata,sources/nada/eus-2011-12/U_M_2011_2012_CSV.zip,canonicalize-wpr-15plus-v2.1.0-20260611T200615Z,"Computed from NSS 68th-round Employment & Unemployment Survey 2011-12 unit-level microdata (usual status ps+ss, age 15+, rural, males): worker population ratio. Weighted by the survey's combined multiplier; household religion joined from the household-characteristics block. The run reproduces the published all-ages by-religion LFPR/WPR/UR of NSS Reports 568/552 cell-for-cell at printed precision. Pulled via the MoSPI NADA API; zip sha256 in sources/nada/eus-2011-12/. EUS and PLFS designs are not strictly comparable (the break is flagged on the first PLFS round). NSO unit-data rider: religion is self-reported and the survey is designed for labour-force estimation, so religion figures are indicative (no sub-state estimates). Year=2011 is the start of the Jul-2011 to Jun-2012 reference period.",false
wpr-15plus,national,IN,2011,hindu,all,urban,47.7,population_age_15plus,94474,,,eus-microdata,sources/nada/eus-2011-12/U_M_2011_2012_CSV.zip,canonicalize-wpr-15plus-v2.1.0-20260611T200615Z,"Computed from NSS 68th-round Employment & Unemployment Survey 2011-12 unit-level microdata (usual status ps+ss, age 15+, urban, both sexes): worker population ratio. Weighted by the survey's combined multiplier; household religion joined from the household-characteristics block. The run reproduces the published all-ages by-religion LFPR/WPR/UR of NSS Reports 568/552 cell-for-cell at printed precision. Pulled via the MoSPI NADA API; zip sha256 in sources/nada/eus-2011-12/. EUS and PLFS designs are not strictly comparable (the break is flagged on the first PLFS round). NSO unit-data rider: religion is self-reported and the survey is designed for labour-force estimation, so religion figures are indicative (no sub-state estimates). Year=2011 is the start of the Jul-2011 to Jun-2012 reference period.",false
wpr-15plus,national,IN,2011,hindu,female,urban,20.1,population_age_15plus,46168,,,eus-microdata,sources/nada/eus-2011-12/U_M_2011_2012_CSV.zip,canonicalize-wpr-15plus-v2.1.0-20260611T200615Z,"Computed from NSS 68th-round Employment & Unemployment Survey 2011-12 unit-level microdata (usual status ps+ss, age 15+, urban, females): worker population ratio. Weighted by the survey's combined multiplier; household religion joined from the household-characteristics block. The run reproduces the published all-ages by-religion LFPR/WPR/UR of NSS Reports 568/552 cell-for-cell at printed precision. Pulled via the MoSPI NADA API; zip sha256 in sources/nada/eus-2011-12/. EUS and PLFS designs are not strictly comparable (the break is flagged on the first PLFS round). NSO unit-data rider: religion is self-reported and the survey is designed for labour-force estimation, so religion figures are indicative (no sub-state estimates). Year=2011 is the start of the Jul-2011 to Jun-2012 reference period.",false
wpr-15plus,national,IN,2011,hindu,male,urban,73.7,population_age_15plus,48306,,,eus-microdata,sources/nada/eus-2011-12/U_M_2011_2012_CSV.zip,canonicalize-wpr-15plus-v2.1.0-20260611T200615Z,"Computed from NSS 68th-round Employment & Unemployment Survey 2011-12 unit-level microdata (usual status ps+ss, age 15+, urban, males): worker population ratio. Weighted by the survey's combined multiplier; household religion joined from the household-characteristics block. The run reproduces the published all-ages by-religion LFPR/WPR/UR of NSS Reports 568/552 cell-for-cell at printed precision. Pulled via the MoSPI NADA API; zip sha256 in sources/nada/eus-2011-12/. EUS and PLFS designs are not strictly comparable (the break is flagged on the first PLFS round). NSO unit-data rider: religion is self-reported and the survey is designed for labour-force estimation, so religion figures are indicative (no sub-state estimates). Year=2011 is the start of the Jul-2011 to Jun-2012 reference period.",false
wpr-15plus,national,IN,2011,muslim,all,all,49.7,population_age_15plus,45963,,,eus-microdata,sources/nada/eus-2011-12/U_M_2011_2012_CSV.zip,canonicalize-wpr-15plus-v2.1.0-20260611T200615Z,"Computed from NSS 68th-round Employment & Unemployment Survey 2011-12 unit-level microdata (usual status ps+ss, age 15+, rural+urban, both sexes): worker population ratio. Weighted by the survey's combined multiplier; household religion joined from the household-characteristics block. The run reproduces the published all-ages by-religion LFPR/WPR/UR of NSS Reports 568/552 cell-for-cell at printed precision. Pulled via the MoSPI NADA API; zip sha256 in sources/nada/eus-2011-12/. EUS and PLFS designs are not strictly comparable (the break is flagged on the first PLFS round). NSO unit-data rider: religion is self-reported and the survey is designed for labour-force estimation, so religion figures are indicative (no sub-state estimates). Year=2011 is the start of the Jul-2011 to Jun-2012 reference period.",false
wpr-15plus,national,IN,2011,muslim,female,all,19.9,population_age_15plus,22800,,,eus-microdata,sources/nada/eus-2011-12/U_M_2011_2012_CSV.zip,canonicalize-wpr-15plus-v2.1.0-20260611T200615Z,"Computed from NSS 68th-round Employment & Unemployment Survey 2011-12 unit-level microdata (usual status ps+ss, age 15+, rural+urban, females): worker population ratio. Weighted by the survey's combined multiplier; household religion joined from the household-characteristics block. The run reproduces the published all-ages by-religion LFPR/WPR/UR of NSS Reports 568/552 cell-for-cell at printed precision. Pulled via the MoSPI NADA API; zip sha256 in sources/nada/eus-2011-12/. EUS and PLFS designs are not strictly comparable (the break is flagged on the first PLFS round). NSO unit-data rider: religion is self-reported and the survey is designed for labour-force estimation, so religion figures are indicative (no sub-state estimates). Year=2011 is the start of the Jul-2011 to Jun-2012 reference period.",false
wpr-15plus,national,IN,2011,muslim,male,all,79.2,population_age_15plus,23163,,,eus-microdata,sources/nada/eus-2011-12/U_M_2011_2012_CSV.zip,canonicalize-wpr-15plus-v2.1.0-20260611T200615Z,"Computed from NSS 68th-round Employment & Unemployment Survey 2011-12 unit-level microdata (usual status ps+ss, age 15+, rural+urban, males): worker population ratio. Weighted by the survey's combined multiplier; household religion joined from the household-characteristics block. The run reproduces the published all-ages by-religion LFPR/WPR/UR of NSS Reports 568/552 cell-for-cell at printed precision. Pulled via the MoSPI NADA API; zip sha256 in sources/nada/eus-2011-12/. EUS and PLFS designs are not strictly comparable (the break is flagged on the first PLFS round). NSO unit-data rider: religion is self-reported and the survey is designed for labour-force estimation, so religion figures are indicative (no sub-state estimates). Year=2011 is the start of the Jul-2011 to Jun-2012 reference period.",false
wpr-15plus,national,IN,2011,muslim,all,rural,51.4,population_age_15plus,24630,,,eus-microdata,sources/nada/eus-2011-12/U_M_2011_2012_CSV.zip,canonicalize-wpr-15plus-v2.1.0-20260611T200615Z,"Computed from NSS 68th-round Employment & Unemployment Survey 2011-12 unit-level microdata (usual status ps+ss, age 15+, rural, both sexes): worker population ratio. Weighted by the survey's combined multiplier; household religion joined from the household-characteristics block. The run reproduces the published all-ages by-religion LFPR/WPR/UR of NSS Reports 568/552 cell-for-cell at printed precision. Pulled via the MoSPI NADA API; zip sha256 in sources/nada/eus-2011-12/. EUS and PLFS designs are not strictly comparable (the break is flagged on the first PLFS round). NSO unit-data rider: religion is self-reported and the survey is designed for labour-force estimation, so religion figures are indicative (no sub-state estimates). Year=2011 is the start of the Jul-2011 to Jun-2012 reference period.",false
wpr-15plus,national,IN,2011,muslim,female,rural,22.9,population_age_15plus,12252,,,eus-microdata,sources/nada/eus-2011-12/U_M_2011_2012_CSV.zip,canonicalize-wpr-15plus-v2.1.0-20260611T200615Z,"Computed from NSS 68th-round Employment & Unemployment Survey 2011-12 unit-level microdata (usual status ps+ss, age 15+, rural, females): worker population ratio. Weighted by the survey's combined multiplier; household religion joined from the household-characteristics block. The run reproduces the published all-ages by-religion LFPR/WPR/UR of NSS Reports 568/552 cell-for-cell at printed precision. Pulled via the MoSPI NADA API; zip sha256 in sources/nada/eus-2011-12/. EUS and PLFS designs are not strictly comparable (the break is flagged on the first PLFS round). NSO unit-data rider: religion is self-reported and the survey is designed for labour-force estimation, so religion figures are indicative (no sub-state estimates). Year=2011 is the start of the Jul-2011 to Jun-2012 reference period.",false
wpr-15plus,national,IN,2011,muslim,male,rural,80.4,population_age_15plus,12378,,,eus-microdata,sources/nada/eus-2011-12/U_M_2011_2012_CSV.zip,canonicalize-wpr-15plus-v2.1.0-20260611T200615Z,"Computed from NSS 68th-round Employment & Unemployment Survey 2011-12 unit-level microdata (usual status ps+ss, age 15+, rural, males): worker population ratio. Weighted by the survey's combined multiplier; household religion joined from the household-characteristics block. The run reproduces the published all-ages by-religion LFPR/WPR/UR of NSS Reports 568/552 cell-for-cell at printed precision. Pulled via the MoSPI NADA API; zip sha256 in sources/nada/eus-2011-12/. EUS and PLFS designs are not strictly comparable (the break is flagged on the first PLFS round). NSO unit-data rider: religion is self-reported and the survey is designed for labour-force estimation, so religion figures are indicative (no sub-state estimates). Year=2011 is the start of the Jul-2011 to Jun-2012 reference period.",false
wpr-15plus,national,IN,2011,muslim,all,urban,47.0,population_age_15plus,21333,,,eus-microdata,sources/nada/eus-2011-12/U_M_2011_2012_CSV.zip,canonicalize-wpr-15plus-v2.1.0-20260611T200615Z,"Computed from NSS 68th-round Employment & Unemployment Survey 2011-12 unit-level microdata (usual status ps+ss, age 15+, urban, both sexes): worker population ratio. Weighted by the survey's combined multiplier; household religion joined from the household-characteristics block. The run reproduces the published all-ages by-religion LFPR/WPR/UR of NSS Reports 568/552 cell-for-cell at printed precision. Pulled via the MoSPI NADA API; zip sha256 in sources/nada/eus-2011-12/. EUS and PLFS designs are not strictly comparable (the break is flagged on the first PLFS round). NSO unit-data rider: religion is self-reported and the survey is designed for labour-force estimation, so religion figures are indicative (no sub-state estimates). Year=2011 is the start of the Jul-2011 to Jun-2012 reference period.",false
wpr-15plus,national,IN,2011,muslim,female,urban,14.8,population_age_15plus,10548,,,eus-microdata,sources/nada/eus-2011-12/U_M_2011_2012_CSV.zip,canonicalize-wpr-15plus-v2.1.0-20260611T200615Z,"Computed from NSS 68th-round Employment & Unemployment Survey 2011-12 unit-level microdata (usual status ps+ss, age 15+, urban, females): worker population ratio. Weighted by the survey's combined multiplier; household religion joined from the household-characteristics block. The run reproduces the published all-ages by-religion LFPR/WPR/UR of NSS Reports 568/552 cell-for-cell at printed precision. Pulled via the MoSPI NADA API; zip sha256 in sources/nada/eus-2011-12/. EUS and PLFS designs are not strictly comparable (the break is flagged on the first PLFS round). NSO unit-data rider: religion is self-reported and the survey is designed for labour-force estimation, so religion figures are indicative (no sub-state estimates). Year=2011 is the start of the Jul-2011 to Jun-2012 reference period.",false
wpr-15plus,national,IN,2011,muslim,male,urban,77.3,population_age_15plus,10785,,,eus-microdata,sources/nada/eus-2011-12/U_M_2011_2012_CSV.zip,canonicalize-wpr-15plus-v2.1.0-20260611T200615Z,"Computed from NSS 68th-round Employment & Unemployment Survey 2011-12 unit-level microdata (usual status ps+ss, age 15+, urban, males): worker population ratio. Weighted by the survey's combined multiplier; household religion joined from the household-characteristics block. The run reproduces the published all-ages by-religion LFPR/WPR/UR of NSS Reports 568/552 cell-for-cell at printed precision. Pulled via the MoSPI NADA API; zip sha256 in sources/nada/eus-2011-12/. EUS and PLFS designs are not strictly comparable (the break is flagged on the first PLFS round). NSO unit-data rider: religion is self-reported and the survey is designed for labour-force estimation, so religion figures are indicative (no sub-state estimates). Year=2011 is the start of the Jul-2011 to Jun-2012 reference period.",false
wpr-15plus,national,IN,2011,sikh,all,all,52.8,population_age_15plus,7638,,,eus-microdata,sources/nada/eus-2011-12/U_M_2011_2012_CSV.zip,canonicalize-wpr-15plus-v2.1.0-20260611T200615Z,"Computed from NSS 68th-round Employment & Unemployment Survey 2011-12 unit-level microdata (usual status ps+ss, age 15+, rural+urban, both sexes): worker population ratio. Weighted by the survey's combined multiplier; household religion joined from the household-characteristics block. The run reproduces the published all-ages by-religion LFPR/WPR/UR of NSS Reports 568/552 cell-for-cell at printed precision. Pulled via the MoSPI NADA API; zip sha256 in sources/nada/eus-2011-12/. EUS and PLFS designs are not strictly comparable (the break is flagged on the first PLFS round). NSO unit-data rider: religion is self-reported and the survey is designed for labour-force estimation, so religion figures are indicative (no sub-state estimates). Year=2011 is the start of the Jul-2011 to Jun-2012 reference period.",false
wpr-15plus,national,IN,2011,sikh,female,all,28.8,population_age_15plus,3729,,,eus-microdata,sources/nada/eus-2011-12/U_M_2011_2012_CSV.zip,canonicalize-wpr-15plus-v2.1.0-20260611T200615Z,"Computed from NSS 68th-round Employment & Unemployment Survey 2011-12 unit-level microdata (usual status ps+ss, age 15+, rural+urban, females): worker population ratio. Weighted by the survey's combined multiplier; household religion joined from the household-characteristics block. The run reproduces the published all-ages by-religion LFPR/WPR/UR of NSS Reports 568/552 cell-for-cell at printed precision. Pulled via the MoSPI NADA API; zip sha256 in sources/nada/eus-2011-12/. EUS and PLFS designs are not strictly comparable (the break is flagged on the first PLFS round). NSO unit-data rider: religion is self-reported and the survey is designed for labour-force estimation, so religion figures are indicative (no sub-state estimates). Year=2011 is the start of the Jul-2011 to Jun-2012 reference period.",false
wpr-15plus,national,IN,2011,sikh,male,all,75.8,population_age_15plus,3909,,,eus-microdata,sources/nada/eus-2011-12/U_M_2011_2012_CSV.zip,canonicalize-wpr-15plus-v2.1.0-20260611T200615Z,"Computed from NSS 68th-round Employment & Unemployment Survey 2011-12 unit-level microdata (usual status ps+ss, age 15+, rural+urban, males): worker population ratio. Weighted by the survey's combined multiplier; household religion joined from the household-characteristics block. The run reproduces the published all-ages by-religion LFPR/WPR/UR of NSS Reports 568/552 cell-for-cell at printed precision. Pulled via the MoSPI NADA API; zip sha256 in sources/nada/eus-2011-12/. EUS and PLFS designs are not strictly comparable (the break is flagged on the first PLFS round). NSO unit-data rider: religion is self-reported and the survey is designed for labour-force estimation, so religion figures are indicative (no sub-state estimates). Year=2011 is the start of the Jul-2011 to Jun-2012 reference period.",false
wpr-15plus,national,IN,2011,sikh,all,rural,56.1,population_age_15plus,5013,,,eus-microdata,sources/nada/eus-2011-12/U_M_2011_2012_CSV.zip,canonicalize-wpr-15plus-v2.1.0-20260611T200615Z,"Computed from NSS 68th-round Employment & Unemployment Survey 2011-12 unit-level microdata (usual status ps+ss, age 15+, rural, both sexes): worker population ratio. Weighted by the survey's combined multiplier; household religion joined from the household-characteristics block. The run reproduces the published all-ages by-religion LFPR/WPR/UR of NSS Reports 568/552 cell-for-cell at printed precision. Pulled via the MoSPI NADA API; zip sha256 in sources/nada/eus-2011-12/. EUS and PLFS designs are not strictly comparable (the break is flagged on the first PLFS round). NSO unit-data rider: religion is self-reported and the survey is designed for labour-force estimation, so religion figures are indicative (no sub-state estimates). Year=2011 is the start of the Jul-2011 to Jun-2012 reference period.",false
wpr-15plus,national,IN,2011,sikh,female,rural,33.5,population_age_15plus,2442,,,eus-microdata,sources/nada/eus-2011-12/U_M_2011_2012_CSV.zip,canonicalize-wpr-15plus-v2.1.0-20260611T200615Z,"Computed from NSS 68th-round Employment & Unemployment Survey 2011-12 unit-level microdata (usual status ps+ss, age 15+, rural, females): worker population ratio. Weighted by the survey's combined multiplier; household religion joined from the household-characteristics block. The run reproduces the published all-ages by-religion LFPR/WPR/UR of NSS Reports 568/552 cell-for-cell at printed precision. Pulled via the MoSPI NADA API; zip sha256 in sources/nada/eus-2011-12/. EUS and PLFS designs are not strictly comparable (the break is flagged on the first PLFS round). NSO unit-data rider: religion is self-reported and the survey is designed for labour-force estimation, so religion figures are indicative (no sub-state estimates). Year=2011 is the start of the Jul-2011 to Jun-2012 reference period.",false
wpr-15plus,national,IN,2011,sikh,male,rural,77.7,population_age_15plus,2571,,,eus-microdata,sources/nada/eus-2011-12/U_M_2011_2012_CSV.zip,canonicalize-wpr-15plus-v2.1.0-20260611T200615Z,"Computed from NSS 68th-round Employment & Unemployment Survey 2011-12 unit-level microdata (usual status ps+ss, age 15+, rural, males): worker population ratio. Weighted by the survey's combined multiplier; household religion joined from the household-characteristics block. The run reproduces the published all-ages by-religion LFPR/WPR/UR of NSS Reports 568/552 cell-for-cell at printed precision. Pulled via the MoSPI NADA API; zip sha256 in sources/nada/eus-2011-12/. EUS and PLFS designs are not strictly comparable (the break is flagged on the first PLFS round). NSO unit-data rider: religion is self-reported and the survey is designed for labour-force estimation, so religion figures are indicative (no sub-state estimates). Year=2011 is the start of the Jul-2011 to Jun-2012 reference period.",false
wpr-15plus,national,IN,2011,sikh,all,urban,43.6,population_age_15plus,2625,,,eus-microdata,sources/nada/eus-2011-12/U_M_2011_2012_CSV.zip,canonicalize-wpr-15plus-v2.1.0-20260611T200615Z,"Computed from NSS 68th-round Employment & Unemployment Survey 2011-12 unit-level microdata (usual status ps+ss, age 15+, urban, both sexes): worker population ratio. Weighted by the survey's combined multiplier; household religion joined from the household-characteristics block. The run reproduces the published all-ages by-religion LFPR/WPR/UR of NSS Reports 568/552 cell-for-cell at printed precision. Pulled via the MoSPI NADA API; zip sha256 in sources/nada/eus-2011-12/. EUS and PLFS designs are not strictly comparable (the break is flagged on the first PLFS round). NSO unit-data rider: religion is self-reported and the survey is designed for labour-force estimation, so religion figures are indicative (no sub-state estimates). Year=2011 is the start of the Jul-2011 to Jun-2012 reference period.",false
wpr-15plus,national,IN,2011,sikh,female,urban,15.5,population_age_15plus,1287,,,eus-microdata,sources/nada/eus-2011-12/U_M_2011_2012_CSV.zip,canonicalize-wpr-15plus-v2.1.0-20260611T200615Z,"Computed from NSS 68th-round Employment & Unemployment Survey 2011-12 unit-level microdata (usual status ps+ss, age 15+, urban, females): worker population ratio. Weighted by the survey's combined multiplier; household religion joined from the household-characteristics block. The run reproduces the published all-ages by-religion LFPR/WPR/UR of NSS Reports 568/552 cell-for-cell at printed precision. Pulled via the MoSPI NADA API; zip sha256 in sources/nada/eus-2011-12/. EUS and PLFS designs are not strictly comparable (the break is flagged on the first PLFS round). NSO unit-data rider: religion is self-reported and the survey is designed for labour-force estimation, so religion figures are indicative (no sub-state estimates). Year=2011 is the start of the Jul-2011 to Jun-2012 reference period.",false
wpr-15plus,national,IN,2011,sikh,male,urban,70.4,population_age_15plus,1338,,,eus-microdata,sources/nada/eus-2011-12/U_M_2011_2012_CSV.zip,canonicalize-wpr-15plus-v2.1.0-20260611T200615Z,"Computed from NSS 68th-round Employment & Unemployment Survey 2011-12 unit-level microdata (usual status ps+ss, age 15+, urban, males): worker population ratio. Weighted by the survey's combined multiplier; household religion joined from the household-characteristics block. The run reproduces the published all-ages by-religion LFPR/WPR/UR of NSS Reports 568/552 cell-for-cell at printed precision. Pulled via the MoSPI NADA API; zip sha256 in sources/nada/eus-2011-12/. EUS and PLFS designs are not strictly comparable (the break is flagged on the first PLFS round). NSO unit-data rider: religion is self-reported and the survey is designed for labour-force estimation, so religion figures are indicative (no sub-state estimates). Year=2011 is the start of the Jul-2011 to Jun-2012 reference period.",false
